/labmount/users/202535331/miniconda3/envs/pymarl/lib/python3.9/site-packages/sacred/dependencies.py:11: UserWarning: pkg_resources is deprecated as an API. See https://setuptools.pypa.io/en/latest/pkg_resources.html. The pkg_resources package is slated for removal as early as 2025-11-30. Refrain from using this package or pin to Setuptools<81.
  import pkg_resources
[DEBUG 14:36:12] git.cmd Popen(['git', 'version'], cwd=/labmount/users/202535331/MARL/pymarl-monotone-qmix, stdin=None, shell=False, universal_newlines=False)
[DEBUG 14:36:12] git.cmd Popen(['git', 'version'], cwd=/labmount/users/202535331/MARL/pymarl-monotone-qmix, stdin=None, shell=False, universal_newlines=False)
[DEBUG 14:36:12] git.util sys.platform='linux', git_executable='git'
[DEBUG 14:36:12] git.cmd Popen(['git', 'diff', '--cached', '--abbrev=40', '--full-index', '--raw'], cwd=/labmount/users/202535331/MARL/pymarl-monotone-qmix, stdin=None, shell=False, universal_newlines=False)
[DEBUG 14:36:12] git.cmd Popen(['git', 'diff', '--abbrev=40', '--full-index', '--raw'], cwd=/labmount/users/202535331/MARL/pymarl-monotone-qmix, stdin=None, shell=False, universal_newlines=False)
[DEBUG 14:36:12] git.cmd Popen(['git', 'cat-file', '--batch-check'], cwd=/labmount/users/202535331/MARL/pymarl-monotone-qmix, stdin=<valid stream>, shell=False, universal_newlines=False)
[DEBUG 14:36:12] git.util sys.platform='linux', git_executable='git'
[DEBUG 14:36:12] git.cmd Popen(['git', 'diff', '--cached', '--abbrev=40', '--full-index', '--raw'], cwd=/labmount/users/202535331/MARL/pymarl-monotone-qmix, stdin=None, shell=False, universal_newlines=False)
[DEBUG 14:36:12] git.cmd Popen(['git', 'diff', '--abbrev=40', '--full-index', '--raw'], cwd=/labmount/users/202535331/MARL/pymarl-monotone-qmix, stdin=None, shell=False, universal_newlines=False)
[DEBUG 14:36:12] git.cmd Popen(['git', 'cat-file', '--batch-check'], cwd=/labmount/users/202535331/MARL/pymarl-monotone-qmix, stdin=<valid stream>, shell=False, universal_newlines=False)
[DEBUG 14:36:12] git.util sys.platform='linux', git_executable='git'
[DEBUG 14:36:12] git.cmd Popen(['git', 'diff', '--cached', '--abbrev=40', '--full-index', '--raw'], cwd=/labmount/users/202535331/MARL/pymarl-monotone-qmix, stdin=None, shell=False, universal_newlines=False)
[DEBUG 14:36:12] git.cmd Popen(['git', 'diff', '--abbrev=40', '--full-index', '--raw'], cwd=/labmount/users/202535331/MARL/pymarl-monotone-qmix, stdin=None, shell=False, universal_newlines=False)
[DEBUG 14:36:12] git.cmd Popen(['git', 'cat-file', '--batch-check'], cwd=/labmount/users/202535331/MARL/pymarl-monotone-qmix, stdin=<valid stream>, shell=False, universal_newlines=False)
[INFO 14:36:12] root Saving to FileStorageObserver in /labmount/users/202535331/MARL/pymarl-monotone-qmix/results/sacred/kaleidoscope_pmix_kan.
[DEBUG 14:36:13] pymarl Using capture mode "fd"
[INFO 14:36:13] pymarl Running command 'my_main'
[INFO 14:36:13] pymarl Started run with ID "17"
[DEBUG 14:36:13] pymarl Starting Heartbeat
[DEBUG 14:36:13] my_main Started
[INFO 14:36:13] my_main Experiment Parameters:
[INFO 14:36:13] my_main 

{   'action_selector': 'epsilon_greedy',
    'agent': 'kaleidoscope_rnn_1r3',
    'agent_output_type': 'q',
    'batch_size': 32,
    'batch_size_run': 1,
    'buffer_cpu_only': True,
    'buffer_size': 5000,
    'checkpoint_path': '',
    'critic_lr': 0.0005,
    'double_q': True,
    'env': 'sc2',
    'env_args': {   'continuing_episode': False,
                    'debug': False,
                    'difficulty': '7',
                    'game_version': None,
                    'heuristic_ai': False,
                    'heuristic_rest': False,
                    'map_name': '3s_vs_5z',
                    'move_amount': 2,
                    'obs_all_health': True,
                    'obs_instead_of_state': False,
                    'obs_last_action': False,
                    'obs_own_health': True,
                    'obs_pathing_grid': False,
                    'obs_terrain_height': False,
                    'obs_timestep_number': False,
                    'replay_dir': '',
                    'replay_prefix': '',
                    'reward_death_value': 10,
                    'reward_defeat': 0,
                    'reward_negative_scale': 0.5,
                    'reward_only_positive': True,
                    'reward_scale': True,
                    'reward_scale_rate': 20,
                    'reward_sparse': False,
                    'reward_win': 200,
                    'seed': 1,
                    'state_last_action': True,
                    'state_timestep_number': False,
                    'step_mul': 8},
    'epsilon_anneal_time': 50000,
    'epsilon_finish': 0.05,
    'epsilon_start': 1.0,
    'evaluate': False,
    'gamma': 0.99,
    'grad_norm_clip': 10,
    'kaleidoscope_args': {   'deque_len': 100,
                             'div_coef': 5.0,
                             'reset_interval': 1000000,
                             'reset_ratio': 0.2,
                             'sparsity_layer_weights': [   1.0,
                                                           2.0,
                                                           4.0,
                                                           8.0],
                             'threshold_init_bias': 5.0,
                             'threshold_init_scale': 5.0,
                             'threshold_reset_bias': 5.0,
                             'threshold_reset_scale': 5.0},
    'label': 'default_label',
    'learner': 'kaleidoscope_q_learner',
    'learner_log_interval': 10000,
    'load_step': 0,
    'local_results_path': 'results',
    'log_interval': 10000,
    'lr': 0.0005,
    'mac': 'kaleidoscope_mac',
    'mixer': 'kaleidoscope_pmix_kan',
    'monokan_grid': 7,
    'monokan_grid_by_map': {   '1c3s5z': 7,
                               '27m_vs_30m': 7,
                               '2c_vs_64zg': 7,
                               '2s3z': 7,
                               '3s5z': 7,
                               '3s_vs_5z': 7,
                               '5m_vs_6m': 7,
                               'MMM2': 7,
                               'bane_vs_bane': 7},
    'monokan_grid_max': 1.0,
    'monokan_grid_min': -1.0,
    'monokan_hidden_dim': 32,
    'monokan_min_increment': 0.0001,
    'monokan_noise_scale': 0.02,
    'monokan_q_temperature': 1.0,
    'monokan_state_activation': 'silu',
    'monokan_state_embed_dim': 32,
    'monokan_state_embed_dim_by_map': {   '1c3s5z': 32,
                                          '27m_vs_30m': 64,
                                          '2c_vs_64zg': 64,
                                          '2s3z': 32,
                                          '3s5z': 32,
                                          '3s_vs_5z': 32,
                                          '5m_vs_6m': 32,
                                          'MMM2': 32,
                                          'bane_vs_bane': 64},
    'monokan_state_encoder_depth': 1,
    'monokan_state_value_activation': 'relu',
    'monokan_state_value_dim': 32,
    'name': 'kaleidoscope_pmix_kan_3s_vs_5z_seed1',
    'obs_agent_id': True,
    'obs_last_action': True,
    'optim_alpha': 0.99,
    'optim_eps': 1e-05,
    'repeat_id': 1,
    'rnn_hidden_dim': 64,
    'runner': 'episode',
    'runner_log_interval': 10000,
    'save_model': True,
    'save_model_interval': 2000000,
    'save_replay': False,
    'seed': 1,
    't_max': 2050000,
    'target_update_interval': 200,
    'test_greedy': True,
    'test_interval': 10000,
    'test_nepisode': 32,
    'use_cuda': True,
    'use_tensorboard': True}

[INFO 14:36:14] my_main Beginning training for 2050000 timesteps
[INFO 14:36:14] absl Launching SC2: /labmount/users/202535331/MARL/pymarl-monotone-qmix/3rdparty/StarCraftII/Versions/Base75689/SC2_x64 -listen 127.0.0.1 -port 42889 -dataDir /labmount/users/202535331/MARL/pymarl-monotone-qmix/3rdparty/StarCraftII/ -tempDir /tmp/sc-b_z7mt77/
[INFO 14:36:14] absl Connecting to: ws://127.0.0.1:42889/sc2api, attempt: 0, running: True
Version: B75689 (SC2.4.10)
Build: Aug 12 2019 17:16:57
Command Line: '"/labmount/users/202535331/MARL/pymarl-monotone-qmix/3rdparty/StarCraftII/Versions/Base75689/SC2_x64" -listen 127.0.0.1 -port 42889 -dataDir /labmount/users/202535331/MARL/pymarl-monotone-qmix/3rdparty/StarCraftII/ -tempDir /tmp/sc-b_z7mt77/'
Starting up...
Startup Phase 1 complete
[INFO 14:36:15] absl Connecting to: ws://127.0.0.1:42889/sc2api, attempt: 1, running: True
Startup Phase 2 complete
Creating stub renderer...
Listening on: 127.0.0.1:42889
Startup Phase 3 complete. Ready for commands.
[INFO 14:36:16] absl Connecting to: ws://127.0.0.1:42889/sc2api, attempt: 2, running: True
ConnectHandler: Request from 127.0.0.1:43196 accepted
ReadyHandler: 127.0.0.1:43196 ready
Requesting to join a single player game
Configuring interface options
Configure: raw interface enabled
Configure: feature layer interface disabled
Configure: score interface disabled
Configure: render interface disabled
Launching next game.
Next launch phase started: 2
Next launch phase started: 3
Next launch phase started: 4
Next launch phase started: 5
Next launch phase started: 6
Next launch phase started: 7
Next launch phase started: 8
Game has started.
Using default stable ids, none found at: /labmount/users/202535331/MARL/pymarl-monotone-qmix/3rdparty/StarCraftII/stableid.json
Successfully loaded stable ids: GameData\stableid.json
Sending ResponseJoinGame
[INFO 14:36:20] my_main t_env: 41 / 2050000
[INFO 14:36:20] my_main Estimated time left: 19 minutes, 37 seconds. Time passed: 5 seconds
[INFO 14:36:24] my_main Saving models to results/models/kaleidoscope_pmix_kan_3s_vs_5z_seed1__2026-09-27_14-36-13/41
[INFO 14:38:59] my_main Updated target network
[INFO 14:39:07] my_main Recent Stats | t_env:      10012 | Episode:      210
battle_won_mean:           0.0000	dead_allies_mean:          3.0000	dead_enemies_mean:         0.0000	div_coef:                1708.6836
div_loss:                 -0.0001	ep_length_mean:           41.0000	epsilon:                   1.0000	grad_norm:                 0.4565
loss:                     -0.0951	loss_td:                   0.0238	q_taken_mean:              0.0152	return_mean:               3.8875
return_std:                0.0000	target_mean:               0.0461	td_error_abs:              0.1037	test_battle_won_mean:      0.0000
test_dead_allies_mean:     3.0000	test_dead_enemies_mean:    0.6250	test_ep_length_mean:      30.7500	test_return_mean:          3.7825
test_return_std:           0.2543	
[INFO 14:39:08] my_main t_env: 10047 / 2050000
[INFO 14:39:08] my_main Estimated time left: 9 hours, 31 minutes, 31 seconds. Time passed: 2 minutes, 53 seconds
[INFO 14:42:00] my_main Updated target network
[INFO 14:42:52] my_main Recent Stats | t_env:      20029 | Episode:      460
battle_won_mean:           0.0000	dead_allies_mean:          2.9976	dead_enemies_mean:         0.0024	div_coef:                1339.7065
div_loss:                 -0.0001	ep_length_mean:           44.3238	epsilon:                   0.8098	grad_norm:                 0.2509
loss:                     -0.0719	loss_td:                   0.0191	q_taken_mean:              0.0440	return_mean:               3.5722
return_std:                0.3563	target_mean:               0.0609	td_error_abs:              0.0951	test_battle_won_mean:      0.0000
test_dead_allies_mean:     2.9219	test_dead_enemies_mean:    0.5312	test_ep_length_mean:      47.5938	test_return_mean:          3.7411
test_return_std:           0.2613	
[INFO 14:42:53] my_main t_env: 20063 / 2050000
[INFO 14:42:53] my_main Estimated time left: 12 hours, 41 minutes, 2 seconds. Time passed: 6 minutes, 39 seconds
[INFO 14:45:00] my_main Updated target network
[INFO 14:46:37] my_main Recent Stats | t_env:      30035 | Episode:      715
battle_won_mean:           0.0000	dead_allies_mean:          2.9917	dead_enemies_mean:         0.0029	div_coef:                1286.8743
div_loss:                 -0.0001	ep_length_mean:           42.9039	epsilon:                   0.6194	grad_norm:                 0.1802
loss:                     -0.0692	loss_td:                   0.0175	q_taken_mean:              0.0662	return_mean:               3.5930
return_std:                0.4122	target_mean:               0.0782	td_error_abs:              0.0924	test_battle_won_mean:      0.0000
test_dead_allies_mean:     2.9479	test_dead_enemies_mean:    0.4167	test_ep_length_mean:      40.5208	test_return_mean:          3.7612
test_return_std:           0.2352	
[INFO 14:46:37] my_main t_env: 30077 / 2050000
[INFO 14:46:37] my_main Estimated time left: 12 hours, 33 minutes, 59 seconds. Time passed: 10 minutes, 23 seconds
[INFO 14:47:44] my_main Updated target network
[INFO 14:50:16] my_main Updated target network
[INFO 14:50:52] my_main Recent Stats | t_env:      40051 | Episode:     1046
battle_won_mean:           0.0000	dead_allies_mean:          2.9850	dead_enemies_mean:         0.0022	div_coef:                1276.0495
div_loss:                 -0.0001	ep_length_mean:           41.9956	epsilon:                   0.4293	grad_norm:                 0.1811
loss:                     -0.0659	loss_td:                   0.0174	q_taken_mean:              0.0878	return_mean:               3.6412
return_std:                0.4213	target_mean:               0.0994	td_error_abs:              0.0934	test_battle_won_mean:      0.0000
test_dead_allies_mean:     2.9609	test_dead_enemies_mean:    0.3125	test_ep_length_mean:      36.9766	test_return_mean:          3.7846
test_return_std:           0.2291	
[INFO 14:50:52] my_main t_env: 40082 / 2050000
[INFO 14:50:52] my_main Estimated time left: 14 hours, 12 minutes, 31 seconds. Time passed: 14 minutes, 38 seconds
[INFO 14:52:55] my_main Updated target network
[INFO 14:55:16] my_main Updated target network
[INFO 14:55:21] my_main Recent Stats | t_env:      50057 | Episode:     1408
battle_won_mean:           0.0000	dead_allies_mean:          2.9868	dead_enemies_mean:         0.0024	div_coef:                1279.4360
div_loss:                 -0.0001	ep_length_mean:           39.6418	epsilon:                   0.2390	grad_norm:                 0.2088
loss:                     -0.0646	loss_td:                   0.0167	q_taken_mean:              0.1245	return_mean:               3.6759
return_std:                0.4074	target_mean:               0.1305	td_error_abs:              0.0932	test_battle_won_mean:      0.0000
test_dead_allies_mean:     2.9688	test_dead_enemies_mean:    0.2500	test_ep_length_mean:      34.8250	test_return_mean:          3.8328
test_return_std:           0.2339	
[INFO 14:55:22] my_main t_env: 50085 / 2050000
[INFO 14:55:22] my_main Estimated time left: 14 hours, 58 minutes, 29 seconds. Time passed: 19 minutes, 7 seconds
[INFO 14:57:34] my_main Updated target network
RequestQuit command received.
DataHandler: unable to parse websocket frame.
Closing Application...
CloseHandler: 127.0.0.1:43196 disconnected
ResponseThread: No connection, dropping the response.
[INFO 14:58:05] absl Shutdown gracefully.
[INFO 14:58:05] absl Shutdown with return code: -15
[INFO 14:58:05] absl Launching SC2: /labmount/users/202535331/MARL/pymarl-monotone-qmix/3rdparty/StarCraftII/Versions/Base75689/SC2_x64 -listen 127.0.0.1 -port 37841 -dataDir /labmount/users/202535331/MARL/pymarl-monotone-qmix/3rdparty/StarCraftII/ -tempDir /tmp/sc-0j2ktzal/
[INFO 14:58:05] absl Connecting to: ws://127.0.0.1:37841/sc2api, attempt: 0, running: True
Version: B75689 (SC2.4.10)
Build: Aug 12 2019 17:16:57
Command Line: '"/labmount/users/202535331/MARL/pymarl-monotone-qmix/3rdparty/StarCraftII/Versions/Base75689/SC2_x64" -listen 127.0.0.1 -port 37841 -dataDir /labmount/users/202535331/MARL/pymarl-monotone-qmix/3rdparty/StarCraftII/ -tempDir /tmp/sc-0j2ktzal/'
Starting up...
Startup Phase 1 complete
[INFO 14:58:06] absl Connecting to: ws://127.0.0.1:37841/sc2api, attempt: 1, running: True
Startup Phase 2 complete
Creating stub renderer...
Listening on: 127.0.0.1:37841
Startup Phase 3 complete. Ready for commands.
[INFO 14:58:07] absl Connecting to: ws://127.0.0.1:37841/sc2api, attempt: 2, running: True
ConnectHandler: Request from 127.0.0.1:47324 accepted
ReadyHandler: 127.0.0.1:47324 ready
Requesting to join a single player game
Configuring interface options
Configure: raw interface enabled
Configure: feature layer interface disabled
Configure: score interface disabled
Configure: render interface disabled
Launching next game.
Next launch phase started: 2
Next launch phase started: 3
Next launch phase started: 4
Next launch phase started: 5
Next launch phase started: 6
Next launch phase started: 7
Next launch phase started: 8
Game has started.
Using default stable ids, none found at: /labmount/users/202535331/MARL/pymarl-monotone-qmix/3rdparty/StarCraftII/stableid.json
Successfully loaded stable ids: GameData\stableid.json
Sending ResponseJoinGame
[INFO 14:58:36] my_main Recent Stats | t_env:      60063 | Episode:     1694
battle_won_mean:           0.0000	dead_allies_mean:          2.9868	dead_enemies_mean:         0.0024	div_coef:                1145.2744
div_loss:                 -0.0001	ep_length_mean:           36.9683	epsilon:                   0.0500	grad_norm:                 0.1569
loss:                     -0.0555	loss_td:                   0.0144	q_taken_mean:              0.1970	return_mean:               3.6469
return_std:                0.4745	target_mean:               0.1950	td_error_abs:              0.0898	test_battle_won_mean:      0.0000
test_dead_allies_mean:     2.9688	test_dead_enemies_mean:    0.1250	test_ep_length_mean:      34.2375	test_return_mean:          3.8376
test_return_std:           0.2459	
[INFO 14:58:37] my_main t_env: 60096 / 2050000
[INFO 14:58:37] my_main Estimated time left: 10 hours, 47 minutes, 20 seconds. Time passed: 22 minutes, 23 seconds
[INFO 14:59:50] my_main Updated target network
[INFO 15:01:48] my_main Updated target network
[INFO 15:01:53] my_main Recent Stats | t_env:      70086 | Episode:     2010
battle_won_mean:           0.0000	dead_allies_mean:          2.9856	dead_enemies_mean:         0.0217	div_coef:                1143.4610
div_loss:                 -0.0001	ep_length_mean:           34.4395	epsilon:                   0.0500	grad_norm:                 0.1902
loss:                     -0.0543	loss_td:                   0.0139	q_taken_mean:              0.2645	return_mean:               3.9633
return_std:                0.4328	target_mean:               0.2600	td_error_abs:              0.0892	test_battle_won_mean:      0.0000
test_dead_allies_mean:     3.0000	test_dead_enemies_mean:    0.0750	test_ep_length_mean:      28.6250	test_return_mean:          4.1006
test_return_std:           0.2554	
[INFO 15:01:53] my_main t_env: 70121 / 2050000
[INFO 15:01:53] my_main Estimated time left: 10 hours, 44 minutes, 28 seconds. Time passed: 25 minutes, 39 seconds
[INFO 15:03:49] my_main Updated target network
[INFO 15:04:41] my_main t_env: 80132 / 2050000
[INFO 15:04:41] my_main Estimated time left: 9 hours, 11 minutes, 48 seconds. Time passed: 28 minutes, 27 seconds
[INFO 15:04:49] my_main Recent Stats | t_env:      80132 | Episode:     2278
battle_won_mean:           0.0000	dead_allies_mean:          2.9967	dead_enemies_mean:         0.1738	div_coef:                1103.0706
div_loss:                 -0.0001	ep_length_mean:           32.4163	epsilon:                   0.0500	grad_norm:                 0.2827
loss:                     -0.0493	loss_td:                   0.0140	q_taken_mean:              0.3287	return_mean:               4.3853
return_std:                0.5088	target_mean:               0.3281	td_error_abs:              0.0908	test_battle_won_mean:      0.0000
test_dead_allies_mean:     3.0000	test_dead_enemies_mean:    0.3312	test_ep_length_mean:      35.4875	test_return_mean:          4.8624
test_return_std:           0.3140	
[INFO 15:06:16] my_main Updated target network
[INFO 15:07:15] my_main t_env: 90148 / 2050000
[INFO 15:07:15] my_main Estimated time left: 8 hours, 22 minutes, 5 seconds. Time passed: 31 minutes, 1 seconds
[INFO 15:07:22] my_main Recent Stats | t_env:      90148 | Episode:     2491
battle_won_mean:           0.0000	dead_allies_mean:          2.9979	dead_enemies_mean:         0.3365	div_coef:                1038.5147
div_loss:                 -0.0001	ep_length_mean:           35.7757	epsilon:                   0.0500	grad_norm:                 0.2990
loss:                     -0.0455	loss_td:                   0.0125	q_taken_mean:              0.3979	return_mean:               4.8686
return_std:                0.5580	target_mean:               0.3929	td_error_abs:              0.0871	test_battle_won_mean:      0.0000
test_dead_allies_mean:     3.0000	test_dead_enemies_mean:    0.4938	test_ep_length_mean:      39.6375	test_return_mean:          5.3205
test_return_std:           0.3844	
[INFO 15:08:32] my_main Updated target network
[INFO 15:09:36] my_main t_env: 100150 / 2050000
[INFO 15:09:36] my_main Estimated time left: 7 hours, 39 minutes, 3 seconds. Time passed: 33 minutes, 22 seconds
[INFO 15:09:45] my_main Recent Stats | t_env:     100150 | Episode:     2708
battle_won_mean:           0.0000	dead_allies_mean:          2.9979	dead_enemies_mean:         0.4693	div_coef:                982.6713
div_loss:                 -0.0001	ep_length_mean:           39.4676	epsilon:                   0.0500	grad_norm:                 0.2418
loss:                     -0.0411	loss_td:                   0.0116	q_taken_mean:              0.4407	return_mean:               5.3463
return_std:                0.6128	target_mean:               0.4393	td_error_abs:              0.0827	test_battle_won_mean:      0.0000
test_dead_allies_mean:     3.0000	test_dead_enemies_mean:    0.6062	test_ep_length_mean:      44.0812	test_return_mean:          5.8520
test_return_std:           0.4166	
[INFO 15:10:47] my_main Updated target network
[INFO 15:12:02] my_main t_env: 110176 / 2050000
[INFO 15:12:02] my_main Estimated time left: 7 hours, 47 minutes, 53 seconds. Time passed: 35 minutes, 47 seconds
[INFO 15:12:10] my_main Recent Stats | t_env:     110176 | Episode:     2916
battle_won_mean:           0.0000	dead_allies_mean:          3.0000	dead_enemies_mean:         0.5942	div_coef:                979.3091
div_loss:                 -0.0001	ep_length_mean:           42.1073	epsilon:                   0.0500	grad_norm:                 0.2129
loss:                     -0.0398	loss_td:                   0.0109	q_taken_mean:              0.4689	return_mean:               5.6399
return_std:                0.6302	target_mean:               0.4687	td_error_abs:              0.0788	test_battle_won_mean:      0.0000
test_dead_allies_mean:     3.0000	test_dead_enemies_mean:    0.7688	test_ep_length_mean:      47.1250	test_return_mean:          6.1825
test_return_std:           0.4388	
[INFO 15:13:01] my_main Updated target network
RequestQuit command received.
Closing Application...
DataHandler: unable to parse websocket frame.
CloseHandler: 127.0.0.1:47324 disconnected
[INFO 15:13:10] absl Shutdown gracefully.
[INFO 15:13:10] absl Shutdown with return code: -15
[INFO 15:13:10] absl Launching SC2: /labmount/users/202535331/MARL/pymarl-monotone-qmix/3rdparty/StarCraftII/Versions/Base75689/SC2_x64 -listen 127.0.0.1 -port 36719 -dataDir /labmount/users/202535331/MARL/pymarl-monotone-qmix/3rdparty/StarCraftII/ -tempDir /tmp/sc-afy6602s/
[INFO 15:13:10] absl Connecting to: ws://127.0.0.1:36719/sc2api, attempt: 0, running: True
Version: B75689 (SC2.4.10)
Build: Aug 12 2019 17:16:57
Command Line: '"/labmount/users/202535331/MARL/pymarl-monotone-qmix/3rdparty/StarCraftII/Versions/Base75689/SC2_x64" -listen 127.0.0.1 -port 36719 -dataDir /labmount/users/202535331/MARL/pymarl-monotone-qmix/3rdparty/StarCraftII/ -tempDir /tmp/sc-afy6602s/'
Starting up...
Startup Phase 1 complete
[INFO 15:13:11] absl Connecting to: ws://127.0.0.1:36719/sc2api, attempt: 1, running: True
Startup Phase 2 complete
Creating stub renderer...
Listening on: 127.0.0.1:36719
Startup Phase 3 complete. Ready for commands.
[INFO 15:13:12] absl Connecting to: ws://127.0.0.1:36719/sc2api, attempt: 2, running: True
ConnectHandler: Request from 127.0.0.1:44982 accepted
ReadyHandler: 127.0.0.1:44982 ready
Requesting to join a single player game
Configuring interface options
Configure: raw interface enabled
Configure: feature layer interface disabled
Configure: score interface disabled
Configure: render interface disabled
Launching next game.
Next launch phase started: 2
Next launch phase started: 3
Next launch phase started: 4
Next launch phase started: 5
Next launch phase started: 6
Next launch phase started: 7
Next launch phase started: 8
Game has started.
Using default stable ids, none found at: /labmount/users/202535331/MARL/pymarl-monotone-qmix/3rdparty/StarCraftII/stableid.json
Successfully loaded stable ids: GameData\stableid.json
Sending ResponseJoinGame
[INFO 15:14:21] my_main t_env: 120176 / 2050000
[INFO 15:14:21] my_main Estimated time left: 7 hours, 28 minutes, 46 seconds. Time passed: 38 minutes, 7 seconds
[INFO 15:14:30] my_main Recent Stats | t_env:     120176 | Episode:     3117
battle_won_mean:           0.0000	dead_allies_mean:          2.9970	dead_enemies_mean:         0.7201	div_coef:                969.3670
div_loss:                 -0.0001	ep_length_mean:           45.7126	epsilon:                   0.0500	grad_norm:                 0.1873
loss:                     -0.0389	loss_td:                   0.0103	q_taken_mean:              0.4938	return_mean:               6.0656
return_std:                0.6258	target_mean:               0.4963	td_error_abs:              0.0757	test_battle_won_mean:      0.0000
test_dead_allies_mean:     3.0000	test_dead_enemies_mean:    0.8125	test_ep_length_mean:      50.5000	test_return_mean:          6.6572
test_return_std:           0.4570	
[INFO 15:15:25] my_main Updated target network
[INFO 15:16:43] my_main t_env: 130190 / 2050000
[INFO 15:16:43] my_main Estimated time left: 7 hours, 33 minutes, 9 seconds. Time passed: 40 minutes, 28 seconds
[INFO 15:16:52] my_main Recent Stats | t_env:     130190 | Episode:     3316
battle_won_mean:           0.0000	dead_allies_mean:          2.9970	dead_enemies_mean:         0.7653	div_coef:                982.3402
div_loss:                 -0.0000	ep_length_mean:           48.2781	epsilon:                   0.0500	grad_norm:                 0.1381
loss:                     -0.0382	loss_td:                   0.0093	q_taken_mean:              0.5152	return_mean:               6.3540
return_std:                0.5859	target_mean:               0.5155	td_error_abs:              0.0714	test_battle_won_mean:      0.0000
test_dead_allies_mean:     3.0000	test_dead_enemies_mean:    0.8063	test_ep_length_mean:      50.7500	test_return_mean:          6.6887
test_return_std:           0.4937	
[INFO 15:17:46] my_main Updated target network
[INFO 15:18:57] my_main t_env: 140199 / 2050000
[INFO 15:18:57] my_main Estimated time left: 7 hours, 5 minutes, 59 seconds. Time passed: 42 minutes, 42 seconds
[INFO 15:19:06] my_main Recent Stats | t_env:     140199 | Episode:     3517
battle_won_mean:           0.0000	dead_allies_mean:          2.9970	dead_enemies_mean:         0.7801	div_coef:                1003.4698
div_loss:                 -0.0000	ep_length_mean:           48.8326	epsilon:                   0.0500	grad_norm:                 0.1034
loss:                     -0.0384	loss_td:                   0.0091	q_taken_mean:              0.5380	return_mean:               6.4223
return_std:                0.5780	target_mean:               0.5398	td_error_abs:              0.0696	test_battle_won_mean:      0.0000
test_dead_allies_mean:     3.0000	test_dead_enemies_mean:    0.8562	test_ep_length_mean:      52.0375	test_return_mean:          6.8264
test_return_std:           0.4602	
[INFO 15:20:00] my_main Updated target network
[INFO 15:21:16] my_main t_env: 150211 / 2050000
[INFO 15:21:16] my_main Estimated time left: 7 hours, 20 minutes, 28 seconds. Time passed: 45 minutes, 2 seconds
[INFO 15:21:25] my_main Recent Stats | t_env:     150211 | Episode:     3716
battle_won_mean:           0.0000	dead_allies_mean:          2.9970	dead_enemies_mean:         0.8252	div_coef:                981.0803
div_loss:                 -0.0000	ep_length_mean:           49.6765	epsilon:                   0.0500	grad_norm:                 0.1720
loss:                     -0.0375	loss_td:                   0.0091	q_taken_mean:              0.5665	return_mean:               6.5357
return_std:                0.5745	target_mean:               0.5651	td_error_abs:              0.0699	test_battle_won_mean:      0.0000
test_dead_allies_mean:     3.0000	test_dead_enemies_mean:    0.9437	test_ep_length_mean:      52.7313	test_return_mean:          6.9678
test_return_std:           0.4465	
[INFO 15:22:20] my_main Updated target network
[INFO 15:23:34] my_main t_env: 160251 / 2050000
[INFO 15:23:34] my_main Estimated time left: 7 hours, 11 minutes, 52 seconds. Time passed: 47 minutes, 19 seconds
[INFO 15:23:43] my_main Recent Stats | t_env:     160251 | Episode:     3914
battle_won_mean:           0.0000	dead_allies_mean:          2.9970	dead_enemies_mean:         0.8477	div_coef:                987.0624
div_loss:                 -0.0000	ep_length_mean:           50.1775	epsilon:                   0.0500	grad_norm:                 0.2009
loss:                     -0.0354	loss_td:                   0.0095	q_taken_mean:              0.5818	return_mean:               6.6301
return_std:                0.5722	target_mean:               0.5792	td_error_abs:              0.0707	test_battle_won_mean:      0.0000
test_dead_allies_mean:     3.0000	test_dead_enemies_mean:    0.9500	test_ep_length_mean:      53.1562	test_return_mean:          7.0577
test_return_std:           0.4792	
[INFO 15:24:41] my_main Updated target network
[INFO 15:25:55] my_main t_env: 170269 / 2050000
[INFO 15:25:55] my_main Estimated time left: 7 hours, 20 minutes, 10 seconds. Time passed: 49 minutes, 40 seconds
RequestQuit command received.
Closing Application...
DataHandler: unable to parse websocket frame.
CloseHandler: 127.0.0.1:44982 disconnected
ResponseThread: No connection, dropping the response.
[INFO 15:26:03] absl Shutdown gracefully.
[INFO 15:26:03] absl Shutdown with return code: -15
[INFO 15:26:03] absl Launching SC2: /labmount/users/202535331/MARL/pymarl-monotone-qmix/3rdparty/StarCraftII/Versions/Base75689/SC2_x64 -listen 127.0.0.1 -port 43569 -dataDir /labmount/users/202535331/MARL/pymarl-monotone-qmix/3rdparty/StarCraftII/ -tempDir /tmp/sc-_5t872mk/
[INFO 15:26:03] absl Connecting to: ws://127.0.0.1:43569/sc2api, attempt: 0, running: True
Version: B75689 (SC2.4.10)
Build: Aug 12 2019 17:16:57
Command Line: '"/labmount/users/202535331/MARL/pymarl-monotone-qmix/3rdparty/StarCraftII/Versions/Base75689/SC2_x64" -listen 127.0.0.1 -port 43569 -dataDir /labmount/users/202535331/MARL/pymarl-monotone-qmix/3rdparty/StarCraftII/ -tempDir /tmp/sc-_5t872mk/'
Starting up...
Startup Phase 1 complete
[INFO 15:26:04] absl Connecting to: ws://127.0.0.1:43569/sc2api, attempt: 1, running: True
Startup Phase 2 complete
Creating stub renderer...
Listening on: 127.0.0.1:43569
Startup Phase 3 complete. Ready for commands.
[INFO 15:26:05] absl Connecting to: ws://127.0.0.1:43569/sc2api, attempt: 2, running: True
ConnectHandler: Request from 127.0.0.1:57348 accepted
ReadyHandler: 127.0.0.1:57348 ready
Requesting to join a single player game
Configuring interface options
Configure: raw interface enabled
Configure: feature layer interface disabled
Configure: score interface disabled
Configure: render interface disabled
Launching next game.
Next launch phase started: 2
Next launch phase started: 3
Next launch phase started: 4
Next launch phase started: 5
Next launch phase started: 6
Next launch phase started: 7
Next launch phase started: 8
Game has started.
Using default stable ids, none found at: /labmount/users/202535331/MARL/pymarl-monotone-qmix/3rdparty/StarCraftII/stableid.json
Successfully loaded stable ids: GameData\stableid.json
Sending ResponseJoinGame
[INFO 15:26:09] my_main Recent Stats | t_env:     170269 | Episode:     4113
battle_won_mean:           0.0000	dead_allies_mean:          3.0000	dead_enemies_mean:         0.8031	div_coef:                1023.9431
div_loss:                 -0.0000	ep_length_mean:           50.2956	epsilon:                   0.0500	grad_norm:                 0.2058
loss:                     -0.0348	loss_td:                   0.0094	q_taken_mean:              0.6070	return_mean:               6.6858
return_std:                0.5769	target_mean:               0.6046	td_error_abs:              0.0699	test_battle_won_mean:      0.0000
test_dead_allies_mean:     2.9813	test_dead_enemies_mean:    0.9875	test_ep_length_mean:      52.9438	test_return_mean:          7.0540
test_return_std:           0.5775	
[INFO 15:27:06] my_main Updated target network
[INFO 15:28:20] my_main t_env: 180308 / 2050000
[INFO 15:28:20] my_main Estimated time left: 7 hours, 32 minutes, 6 seconds. Time passed: 52 minutes, 6 seconds
[INFO 15:28:29] my_main Recent Stats | t_env:     180308 | Episode:     4313
battle_won_mean:           0.0000	dead_allies_mean:          3.0000	dead_enemies_mean:         0.7392	div_coef:                1008.0501
div_loss:                 -0.0000	ep_length_mean:           50.2703	epsilon:                   0.0500	grad_norm:                 0.1911
loss:                     -0.0351	loss_td:                   0.0090	q_taken_mean:              0.6317	return_mean:               6.7283
return_std:                0.5748	target_mean:               0.6286	td_error_abs:              0.0684	test_battle_won_mean:      0.0000
test_dead_allies_mean:     2.9813	test_dead_enemies_mean:    0.9625	test_ep_length_mean:      52.9312	test_return_mean:          7.1072
test_return_std:           0.5701	
[INFO 15:29:26] my_main Updated target network
[INFO 15:30:40] my_main t_env: 190332 / 2050000
[INFO 15:30:40] my_main Estimated time left: 7 hours, 11 minutes, 10 seconds. Time passed: 54 minutes, 25 seconds
[INFO 15:30:48] my_main Recent Stats | t_env:     190332 | Episode:     4516
battle_won_mean:           0.0000	dead_allies_mean:          3.0000	dead_enemies_mean:         0.6754	div_coef:                1003.1018
div_loss:                 -0.0000	ep_length_mean:           50.1869	epsilon:                   0.0500	grad_norm:                 0.3337
loss:                     -0.0332	loss_td:                   0.0105	q_taken_mean:              0.6386	return_mean:               6.7666
return_std:                0.5813	target_mean:               0.6425	td_error_abs:              0.0763	test_battle_won_mean:      0.0000
test_dead_allies_mean:     2.9813	test_dead_enemies_mean:    0.9000	test_ep_length_mean:      51.5125	test_return_mean:          7.1381
test_return_std:           0.5762	
[INFO 15:31:39] my_main Updated target network
[INFO 15:32:58] my_main t_env: 200370 / 2050000
[INFO 15:32:58] my_main Estimated time left: 7 hours, 3 minutes, 40 seconds. Time passed: 56 minutes, 43 seconds
[INFO 15:33:07] my_main Recent Stats | t_env:     200370 | Episode:     4719
battle_won_mean:           0.0000	dead_allies_mean:          3.0000	dead_enemies_mean:         0.5901	div_coef:                1033.9866
div_loss:                 -0.0000	ep_length_mean:           50.0143	epsilon:                   0.0500	grad_norm:                 0.3127
loss:                     -0.0340	loss_td:                   0.0105	q_taken_mean:              0.6524	return_mean:               6.7883
return_std:                0.5762	target_mean:               0.6613	td_error_abs:              0.0759	test_battle_won_mean:      0.0000
test_dead_allies_mean:     2.9813	test_dead_enemies_mean:    0.9000	test_ep_length_mean:      51.3312	test_return_mean:          7.1523
test_return_std:           0.5912	
[INFO 15:33:56] my_main Updated target network
[INFO 15:35:07] my_main t_env: 210410 / 2050000
[INFO 15:35:07] my_main Estimated time left: 6 hours, 34 minutes, 24 seconds. Time passed: 58 minutes, 52 seconds
[INFO 15:35:15] my_main Recent Stats | t_env:     210410 | Episode:     4915
battle_won_mean:           0.0000	dead_allies_mean:          2.9990	dead_enemies_mean:         0.5276	div_coef:                1015.6639
div_loss:                 -0.0000	ep_length_mean:           50.1178	epsilon:                   0.0500	grad_norm:                 0.3322
loss:                     -0.0349	loss_td:                   0.0101	q_taken_mean:              0.6692	return_mean:               6.8097
return_std:                0.5795	target_mean:               0.6820	td_error_abs:              0.0758	test_battle_won_mean:      0.0000
test_dead_allies_mean:     2.9813	test_dead_enemies_mean:    0.9250	test_ep_length_mean:      50.6250	test_return_mean:          7.2050
test_return_std:           0.5962	
[INFO 15:36:09] my_main Updated target network
[INFO 15:37:18] my_main t_env: 220426 / 2050000
[INFO 15:37:18] my_main Estimated time left: 6 hours, 40 minutes, 37 seconds. Time passed: 1 hours, 1 minutes, 4 seconds
[INFO 15:37:27] my_main Recent Stats | t_env:     220426 | Episode:     5115
battle_won_mean:           0.0000	dead_allies_mean:          2.9990	dead_enemies_mean:         0.5230	div_coef:                963.4497
div_loss:                 -0.0000	ep_length_mean:           50.0654	epsilon:                   0.0500	grad_norm:                 0.3681
loss:                     -0.0351	loss_td:                   0.0103	q_taken_mean:              0.6865	return_mean:               6.8380
return_std:                0.5964	target_mean:               0.6963	td_error_abs:              0.0765	test_battle_won_mean:      0.0000
test_dead_allies_mean:     3.0000	test_dead_enemies_mean:    0.9000	test_ep_length_mean:      50.7062	test_return_mean:          7.2583
test_return_std:           0.4810	
[INFO 15:38:23] my_main Updated target network
RequestQuit command received.
Closing Application...
DataHandler: unable to parse websocket frame.
CloseHandler: 127.0.0.1:57348 disconnected
[INFO 15:38:55] absl Shutdown gracefully.
[INFO 15:38:55] absl Shutdown with return code: -15
[INFO 15:38:55] absl Launching SC2: /labmount/users/202535331/MARL/pymarl-monotone-qmix/3rdparty/StarCraftII/Versions/Base75689/SC2_x64 -listen 127.0.0.1 -port 33185 -dataDir /labmount/users/202535331/MARL/pymarl-monotone-qmix/3rdparty/StarCraftII/ -tempDir /tmp/sc-0gn6r3md/
[INFO 15:38:55] absl Connecting to: ws://127.0.0.1:33185/sc2api, attempt: 0, running: True
Version: B75689 (SC2.4.10)
Build: Aug 12 2019 17:16:57
Command Line: '"/labmount/users/202535331/MARL/pymarl-monotone-qmix/3rdparty/StarCraftII/Versions/Base75689/SC2_x64" -listen 127.0.0.1 -port 33185 -dataDir /labmount/users/202535331/MARL/pymarl-monotone-qmix/3rdparty/StarCraftII/ -tempDir /tmp/sc-0gn6r3md/'
Starting up...
Startup Phase 1 complete
[INFO 15:38:56] absl Connecting to: ws://127.0.0.1:33185/sc2api, attempt: 1, running: True
Startup Phase 2 complete
Creating stub renderer...
Listening on: 127.0.0.1:33185
Startup Phase 3 complete. Ready for commands.
[INFO 15:38:57] absl Connecting to: ws://127.0.0.1:33185/sc2api, attempt: 2, running: True
ConnectHandler: Request from 127.0.0.1:49718 accepted
ReadyHandler: 127.0.0.1:49718 ready
Requesting to join a single player game
Configuring interface options
Configure: raw interface enabled
Configure: feature layer interface disabled
Configure: score interface disabled
Configure: render interface disabled
Launching next game.
Next launch phase started: 2
Next launch phase started: 3
Next launch phase started: 4
Next launch phase started: 5
Next launch phase started: 6
Next launch phase started: 7
Next launch phase started: 8
Game has started.
Using default stable ids, none found at: /labmount/users/202535331/MARL/pymarl-monotone-qmix/3rdparty/StarCraftII/stableid.json
Successfully loaded stable ids: GameData\stableid.json
Sending ResponseJoinGame
[INFO 15:39:40] my_main t_env: 230472 / 2050000
[INFO 15:39:40] my_main Estimated time left: 7 hours, 9 minutes, 3 seconds. Time passed: 1 hours, 3 minutes, 26 seconds
[INFO 15:39:50] my_main Recent Stats | t_env:     230472 | Episode:     5319
battle_won_mean:           0.0000	dead_allies_mean:          2.9960	dead_enemies_mean:         0.5024	div_coef:                943.2102
div_loss:                 -0.0000	ep_length_mean:           49.8754	epsilon:                   0.0500	grad_norm:                 0.4061
loss:                     -0.0347	loss_td:                   0.0105	q_taken_mean:              0.6954	return_mean:               6.8341
return_std:                0.6094	target_mean:               0.7012	td_error_abs:              0.0769	test_battle_won_mean:      0.0000
test_dead_allies_mean:     3.0000	test_dead_enemies_mean:    0.8750	test_ep_length_mean:      50.7437	test_return_mean:          7.3189
test_return_std:           0.4722	
[INFO 15:40:35] my_main Updated target network
[INFO 15:41:45] my_main t_env: 240508 / 2050000
[INFO 15:41:45] my_main Estimated time left: 6 hours, 14 minutes, 6 seconds. Time passed: 1 hours, 5 minutes, 31 seconds
[INFO 15:41:53] my_main Recent Stats | t_env:     240508 | Episode:     5521
battle_won_mean:           0.0000	dead_allies_mean:          2.9960	dead_enemies_mean:         0.4940	div_coef:                924.1591
div_loss:                 -0.0000	ep_length_mean:           49.9362	epsilon:                   0.0500	grad_norm:                 0.3357
loss:                     -0.0359	loss_td:                   0.0092	q_taken_mean:              0.7165	return_mean:               6.8651
return_std:                0.6341	target_mean:               0.7127	td_error_abs:              0.0706	test_battle_won_mean:      0.0000
test_dead_allies_mean:     3.0000	test_dead_enemies_mean:    1.0000	test_ep_length_mean:      51.4062	test_return_mean:          7.4074
test_return_std:           0.5315	
[INFO 15:42:38] my_main Updated target network
[INFO 15:43:44] my_main t_env: 250546 / 2050000
[INFO 15:43:44] my_main Estimated time left: 5 hours, 55 minutes, 57 seconds. Time passed: 1 hours, 7 minutes, 30 seconds
[INFO 15:43:53] my_main Recent Stats | t_env:     250546 | Episode:     5726
battle_won_mean:           0.0000	dead_allies_mean:          2.9960	dead_enemies_mean:         0.5419	div_coef:                881.9444
div_loss:                 -0.0001	ep_length_mean:           49.8397	epsilon:                   0.0500	grad_norm:                 0.3322
loss:                     -0.0358	loss_td:                   0.0090	q_taken_mean:              0.7337	return_mean:               6.8826
return_std:                0.6663	target_mean:               0.7261	td_error_abs:              0.0698	test_battle_won_mean:      0.0000
test_dead_allies_mean:     3.0000	test_dead_enemies_mean:    1.0688	test_ep_length_mean:      50.9312	test_return_mean:          7.4840
test_return_std:           0.5521	
[INFO 15:44:37] my_main Updated target network
[INFO 15:45:38] my_main t_env: 260579 / 2050000
[INFO 15:45:38] my_main Estimated time left: 5 hours, 38 minutes, 19 seconds. Time passed: 1 hours, 9 minutes, 24 seconds
[INFO 15:45:47] my_main Recent Stats | t_env:     260579 | Episode:     5916
battle_won_mean:           0.0000	dead_allies_mean:          2.9928	dead_enemies_mean:         0.5242	div_coef:                879.2599
div_loss:                 -0.0001	ep_length_mean:           50.1559	epsilon:                   0.0500	grad_norm:                 0.3052
loss:                     -0.0356	loss_td:                   0.0086	q_taken_mean:              0.7525	return_mean:               6.8721
return_std:                0.7111	target_mean:               0.7437	td_error_abs:              0.0675	test_battle_won_mean:      0.0000
test_dead_allies_mean:     2.9937	test_dead_enemies_mean:    0.9313	test_ep_length_mean:      51.9375	test_return_mean:          7.4201
test_return_std:           0.5680	
[INFO 15:46:36] my_main Updated target network
[INFO 15:47:38] my_main t_env: 270587 / 2050000
[INFO 15:47:38] my_main Estimated time left: 5 hours, 56 minutes, 37 seconds. Time passed: 1 hours, 11 minutes, 24 seconds
[INFO 15:47:47] my_main Recent Stats | t_env:     270587 | Episode:     6108
battle_won_mean:           0.0000	dead_allies_mean:          2.9887	dead_enemies_mean:         0.4808	div_coef:                871.9031
div_loss:                 -0.0000	ep_length_mean:           50.5649	epsilon:                   0.0500	grad_norm:                 0.3103
loss:                     -0.0349	loss_td:                   0.0085	q_taken_mean:              0.7612	return_mean:               6.8732
return_std:                0.7553	target_mean:               0.7569	td_error_abs:              0.0676	test_battle_won_mean:      0.0000
test_dead_allies_mean:     2.9875	test_dead_enemies_mean:    0.8375	test_ep_length_mean:      52.0562	test_return_mean:          7.3499
test_return_std:           0.5883	
[INFO 15:48:40] my_main Updated target network
[INFO 15:49:34] my_main t_env: 280602 / 2050000
[INFO 15:49:34] my_main Estimated time left: 5 hours, 40 minutes, 19 seconds. Time passed: 1 hours, 13 minutes, 19 seconds
[INFO 15:49:43] my_main Recent Stats | t_env:     280602 | Episode:     6288
battle_won_mean:           0.0000	dead_allies_mean:          2.9838	dead_enemies_mean:         0.4550	div_coef:                858.9809
div_loss:                 -0.0001	ep_length_mean:           51.8436	epsilon:                   0.0500	grad_norm:                 0.3425
loss:                     -0.0347	loss_td:                   0.0089	q_taken_mean:              0.7870	return_mean:               6.8802
return_std:                0.8064	target_mean:               0.7815	td_error_abs:              0.0692	test_battle_won_mean:      0.0000
test_dead_allies_mean:     2.9813	test_dead_enemies_mean:    0.7500	test_ep_length_mean:      52.2313	test_return_mean:          7.2560
test_return_std:           0.5964	
RequestQuit command received.
DataHandler: unable to parse websocket frame.
Closing Application...
CloseHandler: 127.0.0.1:49718 disconnected
ResponseThread: No connection, dropping the response.
[INFO 15:50:06] absl Shutdown gracefully.
[INFO 15:50:06] absl Shutdown with return code: -15
[INFO 15:50:06] absl Launching SC2: /labmount/users/202535331/MARL/pymarl-monotone-qmix/3rdparty/StarCraftII/Versions/Base75689/SC2_x64 -listen 127.0.0.1 -port 40051 -dataDir /labmount/users/202535331/MARL/pymarl-monotone-qmix/3rdparty/StarCraftII/ -tempDir /tmp/sc-7a3q8p92/
[INFO 15:50:06] absl Connecting to: ws://127.0.0.1:40051/sc2api, attempt: 0, running: True
Version: B75689 (SC2.4.10)
Build: Aug 12 2019 17:16:57
Command Line: '"/labmount/users/202535331/MARL/pymarl-monotone-qmix/3rdparty/StarCraftII/Versions/Base75689/SC2_x64" -listen 127.0.0.1 -port 40051 -dataDir /labmount/users/202535331/MARL/pymarl-monotone-qmix/3rdparty/StarCraftII/ -tempDir /tmp/sc-7a3q8p92/'
Starting up...
Startup Phase 1 complete
[INFO 15:50:07] absl Connecting to: ws://127.0.0.1:40051/sc2api, attempt: 1, running: True
Startup Phase 2 complete
Creating stub renderer...
Listening on: 127.0.0.1:40051
Startup Phase 3 complete. Ready for commands.
[INFO 15:50:08] absl Connecting to: ws://127.0.0.1:40051/sc2api, attempt: 2, running: True
ConnectHandler: Request from 127.0.0.1:55062 accepted
ReadyHandler: 127.0.0.1:55062 ready
Requesting to join a single player game
Configuring interface options
Configure: raw interface enabled
Configure: feature layer interface disabled
Configure: score interface disabled
Configure: render interface disabled
Launching next game.
Next launch phase started: 2
Next launch phase started: 3
Next launch phase started: 4
Next launch phase started: 5
Next launch phase started: 6
Next launch phase started: 7
Next launch phase started: 8
Game has started.
Using default stable ids, none found at: /labmount/users/202535331/MARL/pymarl-monotone-qmix/3rdparty/StarCraftII/stableid.json
Successfully loaded stable ids: GameData\stableid.json
Sending ResponseJoinGame
[INFO 15:51:08] my_main Updated target network
[INFO 15:51:57] my_main t_env: 290843 / 2050000
[INFO 15:51:57] my_main Estimated time left: 6 hours, 48 minutes, 50 seconds. Time passed: 1 hours, 15 minutes, 42 seconds
[INFO 15:52:06] my_main Recent Stats | t_env:     290843 | Episode:     6482
battle_won_mean:           0.0000	dead_allies_mean:          2.9735	dead_enemies_mean:         0.4119	div_coef:                852.8792
div_loss:                 -0.0001	ep_length_mean:           52.4647	epsilon:                   0.0500	grad_norm:                 0.2934
loss:                     -0.0352	loss_td:                   0.0082	q_taken_mean:              0.7896	return_mean:               6.8340
return_std:                0.8230	target_mean:               0.7889	td_error_abs:              0.0660	test_battle_won_mean:      0.0000
test_dead_allies_mean:     2.9625	test_dead_enemies_mean:    0.5563	test_ep_length_mean:      53.7687	test_return_mean:          7.0446
test_return_std:           0.6674	
[INFO 15:53:28] my_main Updated target network
[INFO 15:54:21] my_main t_env: 300851 / 2050000
[INFO 15:54:21] my_main Estimated time left: 7 hours, 1 minutes, 30 seconds. Time passed: 1 hours, 18 minutes, 7 seconds
[INFO 15:54:32] my_main Recent Stats | t_env:     300851 | Episode:     6674
battle_won_mean:           0.0000	dead_allies_mean:          2.9673	dead_enemies_mean:         0.3277	div_coef:                841.6308
div_loss:                 -0.0001	ep_length_mean:           53.0966	epsilon:                   0.0500	grad_norm:                 0.2828
loss:                     -0.0354	loss_td:                   0.0080	q_taken_mean:              0.7981	return_mean:               6.7645
return_std:                0.8743	target_mean:               0.7978	td_error_abs:              0.0648	test_battle_won_mean:      0.0000
test_dead_allies_mean:     2.9438	test_dead_enemies_mean:    0.3750	test_ep_length_mean:      56.8438	test_return_mean:          6.9254
test_return_std:           0.7147	
[INFO 15:55:52] my_main Updated target network
[INFO 15:56:39] my_main t_env: 311096 / 2050000
[INFO 15:56:39] my_main Estimated time left: 6 hours, 29 minutes, 43 seconds. Time passed: 1 hours, 20 minutes, 25 seconds
[INFO 15:56:50] my_main Recent Stats | t_env:     311096 | Episode:     6863
battle_won_mean:           0.0000	dead_allies_mean:          2.9599	dead_enemies_mean:         0.3006	div_coef:                801.9507
div_loss:                 -0.0001	ep_length_mean:           53.3768	epsilon:                   0.0500	grad_norm:                 0.2698
loss:                     -0.0355	loss_td:                   0.0081	q_taken_mean:              0.8093	return_mean:               6.7354
return_std:                0.8667	target_mean:               0.8072	td_error_abs:              0.0647	test_battle_won_mean:      0.0000
test_dead_allies_mean:     2.9312	test_dead_enemies_mean:    0.3250	test_ep_length_mean:      59.0000	test_return_mean:          6.9567
test_return_std:           0.7352	
[INFO 15:58:27] my_main Updated target network
[INFO 15:59:14] my_main t_env: 321101 / 2050000
[INFO 15:59:14] my_main Estimated time left: 7 hours, 25 minutes, 11 seconds. Time passed: 1 hours, 22 minutes, 59 seconds
[INFO 15:59:22] my_main Recent Stats | t_env:     321101 | Episode:     7061
battle_won_mean:           0.0000	dead_allies_mean:          2.9600	dead_enemies_mean:         0.3239	div_coef:                790.1991
div_loss:                 -0.0001	ep_length_mean:           53.0578	epsilon:                   0.0500	grad_norm:                 0.2162
loss:                     -0.0366	loss_td:                   0.0077	q_taken_mean:              0.8215	return_mean:               6.7194
return_std:                0.8340	target_mean:               0.8169	td_error_abs:              0.0623	test_battle_won_mean:      0.0000
test_dead_allies_mean:     2.9375	test_dead_enemies_mean:    0.4125	test_ep_length_mean:      57.8687	test_return_mean:          7.0577
test_return_std:           0.7483	
[INFO 16:00:59] my_main Updated target network
[INFO 16:01:49] my_main t_env: 331106 / 2050000
[INFO 16:01:49] my_main Estimated time left: 7 hours, 23 minutes, 55 seconds. Time passed: 1 hours, 25 minutes, 34 seconds
[INFO 16:01:57] my_main Recent Stats | t_env:     331106 | Episode:     7277
battle_won_mean:           0.0000	dead_allies_mean:          2.9678	dead_enemies_mean:         0.3508	div_coef:                781.1381
div_loss:                 -0.0001	ep_length_mean:           51.1940	epsilon:                   0.0500	grad_norm:                 0.1761
loss:                     -0.0379	loss_td:                   0.0072	q_taken_mean:              0.8284	return_mean:               6.7229
return_std:                0.8012	target_mean:               0.8298	td_error_abs:              0.0608	test_battle_won_mean:      0.0000
test_dead_allies_mean:     2.9438	test_dead_enemies_mean:    0.4437	test_ep_length_mean:      56.6063	test_return_mean:          7.0470
test_return_std:           0.7620	
[INFO 16:03:22] my_main Updated target network
RequestQuit command received.
DataHandler: unable to parse websocket frame.
Closing Application...
CloseHandler: 127.0.0.1:55062 disconnected
ResponseThread: No connection, dropping the response.
[INFO 16:03:48] absl Shutdown gracefully.
[INFO 16:03:48] absl Shutdown with return code: -15
[INFO 16:03:48] absl Launching SC2: /labmount/users/202535331/MARL/pymarl-monotone-qmix/3rdparty/StarCraftII/Versions/Base75689/SC2_x64 -listen 127.0.0.1 -port 40143 -dataDir /labmount/users/202535331/MARL/pymarl-monotone-qmix/3rdparty/StarCraftII/ -tempDir /tmp/sc-w3d23x8z/
[INFO 16:03:48] absl Connecting to: ws://127.0.0.1:40143/sc2api, attempt: 0, running: True
Version: B75689 (SC2.4.10)
Build: Aug 12 2019 17:16:57
Command Line: '"/labmount/users/202535331/MARL/pymarl-monotone-qmix/3rdparty/StarCraftII/Versions/Base75689/SC2_x64" -listen 127.0.0.1 -port 40143 -dataDir /labmount/users/202535331/MARL/pymarl-monotone-qmix/3rdparty/StarCraftII/ -tempDir /tmp/sc-w3d23x8z/'
Starting up...
Startup Phase 1 complete
[INFO 16:03:49] absl Connecting to: ws://127.0.0.1:40143/sc2api, attempt: 1, running: True
Startup Phase 2 complete
Creating stub renderer...
Listening on: 127.0.0.1:40143
Startup Phase 3 complete. Ready for commands.
[INFO 16:03:50] absl Connecting to: ws://127.0.0.1:40143/sc2api, attempt: 2, running: True
ConnectHandler: Request from 127.0.0.1:46182 accepted
ReadyHandler: 127.0.0.1:46182 ready
Requesting to join a single player game
Configuring interface options
Configure: raw interface enabled
Configure: feature layer interface disabled
Configure: score interface disabled
Configure: render interface disabled
Launching next game.
Next launch phase started: 2
Next launch phase started: 3
Next launch phase started: 4
Next launch phase started: 5
Next launch phase started: 6
Next launch phase started: 7
Next launch phase started: 8
Game has started.
Using default stable ids, none found at: /labmount/users/202535331/MARL/pymarl-monotone-qmix/3rdparty/StarCraftII/stableid.json
Successfully loaded stable ids: GameData\stableid.json
Sending ResponseJoinGame
[INFO 16:04:38] my_main t_env: 341148 / 2050000
[INFO 16:04:38] my_main Estimated time left: 7 hours, 59 minutes, 23 seconds. Time passed: 1 hours, 28 minutes, 23 seconds
[INFO 16:04:46] my_main Recent Stats | t_env:     341148 | Episode:     7496
battle_won_mean:           0.0000	dead_allies_mean:          2.9753	dead_enemies_mean:         0.3454	div_coef:                744.6496
div_loss:                 -0.0001	ep_length_mean:           49.8070	epsilon:                   0.0500	grad_norm:                 0.1912
loss:                     -0.0376	loss_td:                   0.0075	q_taken_mean:              0.8400	return_mean:               6.7519
return_std:                0.7788	target_mean:               0.8380	td_error_abs:              0.0612	test_battle_won_mean:      0.0000
test_dead_allies_mean:     2.9625	test_dead_enemies_mean:    0.4313	test_ep_length_mean:      54.5750	test_return_mean:          7.2017
test_return_std:           0.6565	
[INFO 16:06:00] my_main Updated target network
[INFO 16:07:15] my_main t_env: 351190 / 2050000
[INFO 16:07:15] my_main Estimated time left: 7 hours, 24 minutes, 23 seconds. Time passed: 1 hours, 31 minutes, 1 seconds
[INFO 16:07:24] my_main Recent Stats | t_env:     351190 | Episode:     7707
battle_won_mean:           0.0000	dead_allies_mean:          2.9816	dead_enemies_mean:         0.3555	div_coef:                736.5848
div_loss:                 -0.0001	ep_length_mean:           48.9005	epsilon:                   0.0500	grad_norm:                 0.2302
loss:                     -0.0369	loss_td:                   0.0078	q_taken_mean:              0.8620	return_mean:               6.8330
return_std:                0.7531	target_mean:               0.8587	td_error_abs:              0.0632	test_battle_won_mean:      0.0000
test_dead_allies_mean:     2.9813	test_dead_enemies_mean:    0.4437	test_ep_length_mean:      51.5875	test_return_mean:          7.2946
test_return_std:           0.6669	
[INFO 16:08:36] my_main Updated target network
[INFO 16:09:54] my_main t_env: 361219 / 2050000
[INFO 16:09:54] my_main Estimated time left: 7 hours, 25 minutes, 31 seconds. Time passed: 1 hours, 33 minutes, 40 seconds
[INFO 16:10:03] my_main Recent Stats | t_env:     361219 | Episode:     7910
battle_won_mean:           0.0000	dead_allies_mean:          2.9912	dead_enemies_mean:         0.4036	div_coef:                735.4644
div_loss:                 -0.0001	ep_length_mean:           47.9400	epsilon:                   0.0500	grad_norm:                 0.2216
loss:                     -0.0364	loss_td:                   0.0080	q_taken_mean:              0.8852	return_mean:               6.8675
return_std:                0.7520	target_mean:               0.8822	td_error_abs:              0.0638	test_battle_won_mean:      0.0000
test_dead_allies_mean:     3.0000	test_dead_enemies_mean:    0.5750	test_ep_length_mean:      48.5187	test_return_mean:          7.2984
test_return_std:           0.6331	
[INFO 16:11:16] my_main Updated target network
[INFO 16:12:44] my_main t_env: 371231 / 2050000
[INFO 16:12:44] my_main Estimated time left: 7 hours, 54 minutes, 26 seconds. Time passed: 1 hours, 36 minutes, 30 seconds
[INFO 16:12:52] my_main Recent Stats | t_env:     371231 | Episode:     8114
battle_won_mean:           0.0000	dead_allies_mean:          2.9953	dead_enemies_mean:         0.5009	div_coef:                739.5178
div_loss:                 -0.0001	ep_length_mean:           47.6496	epsilon:                   0.0500	grad_norm:                 0.2504
loss:                     -0.0363	loss_td:                   0.0084	q_taken_mean:              0.9083	return_mean:               6.8504
return_std:                0.7400	target_mean:               0.9042	td_error_abs:              0.0648	test_battle_won_mean:      0.0000
test_dead_allies_mean:     3.0000	test_dead_enemies_mean:    0.6625	test_ep_length_mean:      49.3312	test_return_mean:          7.2984
test_return_std:           0.6409	
[INFO 16:13:56] my_main Updated target network
[INFO 16:15:21] my_main t_env: 381231 / 2050000
[INFO 16:15:21] my_main Estimated time left: 7 hours, 17 minutes, 11 seconds. Time passed: 1 hours, 39 minutes, 7 seconds
[INFO 16:15:30] my_main Recent Stats | t_env:     381231 | Episode:     8313
battle_won_mean:           0.0000	dead_allies_mean:          2.9943	dead_enemies_mean:         0.6185	div_coef:                741.0629
div_loss:                 -0.0001	ep_length_mean:           48.4360	epsilon:                   0.0500	grad_norm:                 0.2421
loss:                     -0.0349	loss_td:                   0.0084	q_taken_mean:              0.9199	return_mean:               6.8697
return_std:                0.7463	target_mean:               0.9155	td_error_abs:              0.0648	test_battle_won_mean:      0.0000
test_dead_allies_mean:     3.0000	test_dead_enemies_mean:    0.8187	test_ep_length_mean:      49.9875	test_return_mean:          7.4417
test_return_std:           0.6644	
[INFO 16:16:30] my_main Updated target network
[INFO 16:17:59] my_main t_env: 391241 / 2050000
[INFO 16:17:59] my_main Estimated time left: 7 hours, 15 minutes, 30 seconds. Time passed: 1 hours, 41 minutes, 44 seconds
[INFO 16:18:07] my_main Recent Stats | t_env:     391241 | Episode:     8519
battle_won_mean:           0.0000	dead_allies_mean:          2.9970	dead_enemies_mean:         0.7552	div_coef:                753.3108
div_loss:                 -0.0001	ep_length_mean:           48.9837	epsilon:                   0.0500	grad_norm:                 0.2385
loss:                     -0.0347	loss_td:                   0.0085	q_taken_mean:              0.9399	return_mean:               6.9023
return_std:                0.7455	target_mean:               0.9357	td_error_abs:              0.0649	test_battle_won_mean:      0.0000
test_dead_allies_mean:     3.0000	test_dead_enemies_mean:    1.0063	test_ep_length_mean:      50.6187	test_return_mean:          7.4780
test_return_std:           0.6549	
RequestQuit command received.
DataHandler: unable to parse websocket frame.
Closing Application...
CloseHandler: 127.0.0.1:46182 disconnected
ResponseThread: No connection, dropping the response.
[INFO 16:18:47] absl Shutdown gracefully.
[INFO 16:18:47] absl Shutdown with return code: -15
[INFO 16:18:47] absl Launching SC2: /labmount/users/202535331/MARL/pymarl-monotone-qmix/3rdparty/StarCraftII/Versions/Base75689/SC2_x64 -listen 127.0.0.1 -port 46597 -dataDir /labmount/users/202535331/MARL/pymarl-monotone-qmix/3rdparty/StarCraftII/ -tempDir /tmp/sc-o6wujndw/
[INFO 16:18:48] absl Connecting to: ws://127.0.0.1:46597/sc2api, attempt: 0, running: True
Version: B75689 (SC2.4.10)
Build: Aug 12 2019 17:16:57
Command Line: '"/labmount/users/202535331/MARL/pymarl-monotone-qmix/3rdparty/StarCraftII/Versions/Base75689/SC2_x64" -listen 127.0.0.1 -port 46597 -dataDir /labmount/users/202535331/MARL/pymarl-monotone-qmix/3rdparty/StarCraftII/ -tempDir /tmp/sc-o6wujndw/'
Starting up...
Startup Phase 1 complete
[INFO 16:18:49] absl Connecting to: ws://127.0.0.1:46597/sc2api, attempt: 1, running: True
Startup Phase 2 complete
Creating stub renderer...
Listening on: 127.0.0.1:46597
Startup Phase 3 complete. Ready for commands.
[INFO 16:18:50] absl Connecting to: ws://127.0.0.1:46597/sc2api, attempt: 2, running: True
ConnectHandler: Request from 127.0.0.1:55156 accepted
ReadyHandler: 127.0.0.1:55156 ready
Requesting to join a single player game
Configuring interface options
Configure: raw interface enabled
Configure: feature layer interface disabled
Configure: score interface disabled
Configure: render interface disabled
Launching next game.
Next launch phase started: 2
Next launch phase started: 3
Next launch phase started: 4
Next launch phase started: 5
Next launch phase started: 6
Next launch phase started: 7
Next launch phase started: 8
Game has started.
Using default stable ids, none found at: /labmount/users/202535331/MARL/pymarl-monotone-qmix/3rdparty/StarCraftII/stableid.json
Successfully loaded stable ids: GameData\stableid.json
Sending ResponseJoinGame
[INFO 16:19:11] my_main Updated target network
[INFO 16:20:42] my_main t_env: 401284 / 2050000
[INFO 16:20:42] my_main Estimated time left: 7 hours, 27 minutes, 4 seconds. Time passed: 1 hours, 44 minutes, 28 seconds
[INFO 16:20:51] my_main Recent Stats | t_env:     401284 | Episode:     8716
battle_won_mean:           0.0000	dead_allies_mean:          2.9930	dead_enemies_mean:         0.8726	div_coef:                748.0539
div_loss:                 -0.0001	ep_length_mean:           49.6611	epsilon:                   0.0500	grad_norm:                 0.2062
loss:                     -0.0349	loss_td:                   0.0083	q_taken_mean:              0.9517	return_mean:               6.9219
return_std:                0.7103	target_mean:               0.9486	td_error_abs:              0.0645	test_battle_won_mean:      0.0000
test_dead_allies_mean:     2.9937	test_dead_enemies_mean:    1.1125	test_ep_length_mean:      51.5875	test_return_mean:          7.4767
test_return_std:           0.6070	
[INFO 16:21:53] my_main Updated target network
[INFO 16:23:19] my_main t_env: 411324 / 2050000
[INFO 16:23:19] my_main Estimated time left: 7 hours, 6 minutes, 7 seconds. Time passed: 1 hours, 47 minutes, 4 seconds
[INFO 16:23:28] my_main Recent Stats | t_env:     411324 | Episode:     8918
battle_won_mean:           0.0000	dead_allies_mean:          2.9930	dead_enemies_mean:         0.9484	div_coef:                742.3020
div_loss:                 -0.0001	ep_length_mean:           49.7209	epsilon:                   0.0500	grad_norm:                 0.3112
loss:                     -0.0348	loss_td:                   0.0091	q_taken_mean:              0.9592	return_mean:               6.9583
return_std:                0.6878	target_mean:               0.9602	td_error_abs:              0.0687	test_battle_won_mean:      0.0000
test_dead_allies_mean:     2.9875	test_dead_enemies_mean:    1.2063	test_ep_length_mean:      52.5000	test_return_mean:          7.5636
test_return_std:           0.5596	
[INFO 16:24:34] my_main Updated target network
[INFO 16:26:05] my_main t_env: 421336 / 2050000
[INFO 16:26:05] my_main Estimated time left: 7 hours, 29 minutes, 52 seconds. Time passed: 1 hours, 49 minutes, 50 seconds
[INFO 16:26:13] my_main Recent Stats | t_env:     421336 | Episode:     9124
battle_won_mean:           0.0000	dead_allies_mean:          2.9910	dead_enemies_mean:         0.9106	div_coef:                729.1753
div_loss:                 -0.0001	ep_length_mean:           49.6256	epsilon:                   0.0500	grad_norm:                 0.2866
loss:                     -0.0354	loss_td:                   0.0089	q_taken_mean:              0.9591	return_mean:               7.0263
return_std:                0.6913	target_mean:               0.9619	td_error_abs:              0.0682	test_battle_won_mean:      0.0000
test_dead_allies_mean:     2.9875	test_dead_enemies_mean:    1.2125	test_ep_length_mean:      51.6000	test_return_mean:          7.5298
test_return_std:           0.5500	
[INFO 16:27:06] my_main Updated target network
[INFO 16:28:47] my_main t_env: 431361 / 2050000
[INFO 16:28:47] my_main Estimated time left: 7 hours, 16 minutes, 57 seconds. Time passed: 1 hours, 52 minutes, 33 seconds
[INFO 16:28:55] my_main Recent Stats | t_env:     431361 | Episode:     9338
battle_won_mean:           0.0000	dead_allies_mean:          2.9920	dead_enemies_mean:         0.8471	div_coef:                719.9415
div_loss:                 -0.0001	ep_length_mean:           48.9445	epsilon:                   0.0500	grad_norm:                 0.2567
loss:                     -0.0363	loss_td:                   0.0089	q_taken_mean:              0.9722	return_mean:               7.0653
return_std:                0.6614	target_mean:               0.9740	td_error_abs:              0.0677	test_battle_won_mean:      0.0000
test_dead_allies_mean:     2.9875	test_dead_enemies_mean:    1.2000	test_ep_length_mean:      51.3563	test_return_mean:          7.5260
test_return_std:           0.5183	
[INFO 16:29:42] my_main Updated target network
[INFO 16:31:22] my_main t_env: 441397 / 2050000
[INFO 16:31:22] my_main Estimated time left: 6 hours, 53 minutes, 13 seconds. Time passed: 1 hours, 55 minutes, 7 seconds
[INFO 16:31:30] my_main Recent Stats | t_env:     441397 | Episode:     9546
battle_won_mean:           0.0000	dead_allies_mean:          2.9911	dead_enemies_mean:         0.8048	div_coef:                706.3666
div_loss:                 -0.0001	ep_length_mean:           48.8761	epsilon:                   0.0500	grad_norm:                 0.3342
loss:                     -0.0359	loss_td:                   0.0099	q_taken_mean:              0.9980	return_mean:               7.0891
return_std:                0.6690	target_mean:               0.9971	td_error_abs:              0.0724	test_battle_won_mean:      0.0000
test_dead_allies_mean:     2.9875	test_dead_enemies_mean:    1.1438	test_ep_length_mean:      50.6812	test_return_mean:          7.4825
test_return_std:           0.5068	
[INFO 16:32:16] my_main Updated target network
RequestQuit command received.
DataHandler: unable to parse websocket frame.
Closing Application...
CloseHandler: 127.0.0.1:55156 disconnected
ResponseThread: No connection, dropping the response.
[INFO 16:34:00] absl Shutdown gracefully.
[INFO 16:34:00] absl Shutdown with return code: -15
[INFO 16:34:00] absl Launching SC2: /labmount/users/202535331/MARL/pymarl-monotone-qmix/3rdparty/StarCraftII/Versions/Base75689/SC2_x64 -listen 127.0.0.1 -port 45337 -dataDir /labmount/users/202535331/MARL/pymarl-monotone-qmix/3rdparty/StarCraftII/ -tempDir /tmp/sc-5wb_bsps/
[INFO 16:34:00] absl Connecting to: ws://127.0.0.1:45337/sc2api, attempt: 0, running: True
Version: B75689 (SC2.4.10)
Build: Aug 12 2019 17:16:57
Command Line: '"/labmount/users/202535331/MARL/pymarl-monotone-qmix/3rdparty/StarCraftII/Versions/Base75689/SC2_x64" -listen 127.0.0.1 -port 45337 -dataDir /labmount/users/202535331/MARL/pymarl-monotone-qmix/3rdparty/StarCraftII/ -tempDir /tmp/sc-5wb_bsps/'
Starting up...
Startup Phase 1 complete
[INFO 16:34:01] absl Connecting to: ws://127.0.0.1:45337/sc2api, attempt: 1, running: True
Startup Phase 2 complete
Creating stub renderer...
Listening on: 127.0.0.1:45337
Startup Phase 3 complete. Ready for commands.
[INFO 16:34:02] absl Connecting to: ws://127.0.0.1:45337/sc2api, attempt: 2, running: True
ConnectHandler: Request from 127.0.0.1:38134 accepted
ReadyHandler: 127.0.0.1:38134 ready
Requesting to join a single player game
Configuring interface options
Configure: raw interface enabled
Configure: feature layer interface disabled
Configure: score interface disabled
Configure: render interface disabled
Launching next game.
Next launch phase started: 2
Next launch phase started: 3
Next launch phase started: 4
Next launch phase started: 5
Next launch phase started: 6
Next launch phase started: 7
Next launch phase started: 8
Game has started.
Using default stable ids, none found at: /labmount/users/202535331/MARL/pymarl-monotone-qmix/3rdparty/StarCraftII/stableid.json
Successfully loaded stable ids: GameData\stableid.json
Sending ResponseJoinGame
[INFO 16:34:08] my_main t_env: 451440 / 2050000
[INFO 16:34:08] my_main Estimated time left: 7 hours, 21 minutes, 8 seconds. Time passed: 1 hours, 57 minutes, 54 seconds
[INFO 16:34:16] my_main Recent Stats | t_env:     451440 | Episode:     9758
battle_won_mean:           0.0000	dead_allies_mean:          2.9923	dead_enemies_mean:         0.7758	div_coef:                699.3744
div_loss:                 -0.0001	ep_length_mean:           48.1547	epsilon:                   0.0500	grad_norm:                 0.3516
loss:                     -0.0358	loss_td:                   0.0098	q_taken_mean:              1.0001	return_mean:               7.1010
return_std:                0.6684	target_mean:               0.9987	td_error_abs:              0.0721	test_battle_won_mean:      0.0000
test_dead_allies_mean:     2.9937	test_dead_enemies_mean:    1.1687	test_ep_length_mean:      49.5438	test_return_mean:          7.5353
test_return_std:           0.4778	
[INFO 16:34:51] my_main Updated target network
[INFO 16:36:52] my_main t_env: 461476 / 2050000
[INFO 16:36:52] my_main Estimated time left: 7 hours, 12 minutes, 13 seconds. Time passed: 2 hours, 38 seconds
[INFO 16:37:00] my_main Recent Stats | t_env:     461476 | Episode:     9967
battle_won_mean:           0.0000	dead_allies_mean:          2.9933	dead_enemies_mean:         0.6873	div_coef:                707.1431
div_loss:                 -0.0001	ep_length_mean:           47.8179	epsilon:                   0.0500	grad_norm:                 0.3460
loss:                     -0.0360	loss_td:                   0.0098	q_taken_mean:              1.0117	return_mean:               7.1177
return_std:                0.6500	target_mean:               1.0030	td_error_abs:              0.0718	test_battle_won_mean:      0.0000
test_dead_allies_mean:     3.0000	test_dead_enemies_mean:    1.0813	test_ep_length_mean:      48.4312	test_return_mean:          7.5358
test_return_std:           0.4920	
[INFO 16:37:24] my_main Updated target network
[INFO 16:39:28] my_main t_env: 471519 / 2050000
[INFO 16:39:28] my_main Estimated time left: 6 hours, 47 minutes, 52 seconds. Time passed: 2 hours, 3 minutes, 13 seconds
[INFO 16:39:36] my_main Recent Stats | t_env:     471519 | Episode:    10173
battle_won_mean:           0.0000	dead_allies_mean:          2.9953	dead_enemies_mean:         0.6378	div_coef:                707.6258
div_loss:                 -0.0001	ep_length_mean:           47.8480	epsilon:                   0.0500	grad_norm:                 0.3409
loss:                     -0.0360	loss_td:                   0.0099	q_taken_mean:              1.0275	return_mean:               7.1381
return_std:                0.6604	target_mean:               1.0185	td_error_abs:              0.0724	test_battle_won_mean:      0.0000
test_dead_allies_mean:     2.9875	test_dead_enemies_mean:    0.9125	test_ep_length_mean:      49.6187	test_return_mean:          7.5150
test_return_std:           0.5004	
[INFO 16:39:56] my_main Updated target network
[INFO 16:42:09] my_main t_env: 481557 / 2050000
[INFO 16:42:09] my_main Estimated time left: 6 hours, 59 minutes, 45 seconds. Time passed: 2 hours, 5 minutes, 54 seconds
[INFO 16:42:17] my_main Recent Stats | t_env:     481557 | Episode:    10380
battle_won_mean:           0.0000	dead_allies_mean:          2.9943	dead_enemies_mean:         0.6125	div_coef:                708.8704
div_loss:                 -0.0001	ep_length_mean:           48.1774	epsilon:                   0.0500	grad_norm:                 0.4467
loss:                     -0.0360	loss_td:                   0.0104	q_taken_mean:              1.0416	return_mean:               7.1411
return_std:                0.6679	target_mean:               1.0275	td_error_abs:              0.0757	test_battle_won_mean:      0.0000
test_dead_allies_mean:     2.9875	test_dead_enemies_mean:    0.8375	test_ep_length_mean:      49.1812	test_return_mean:          7.4727
test_return_std:           0.4716	
[INFO 16:42:34] my_main Updated target network
[INFO 16:44:56] my_main t_env: 491560 / 2050000
[INFO 16:44:56] my_main Estimated time left: 7 hours, 14 minutes, 53 seconds. Time passed: 2 hours, 8 minutes, 42 seconds
[INFO 16:45:05] my_main Recent Stats | t_env:     491560 | Episode:    10592
battle_won_mean:           0.0000	dead_allies_mean:          2.9952	dead_enemies_mean:         0.5813	div_coef:                705.2287
div_loss:                 -0.0001	ep_length_mean:           47.9642	epsilon:                   0.0500	grad_norm:                 0.3803
loss:                     -0.0377	loss_td:                   0.0098	q_taken_mean:              1.0385	return_mean:               7.1416
return_std:                0.6571	target_mean:               1.0309	td_error_abs:              0.0733	test_battle_won_mean:      0.0000
test_dead_allies_mean:     2.9875	test_dead_enemies_mean:    0.8500	test_ep_length_mean:      49.6375	test_return_mean:          7.5606
test_return_std:           0.4852	
[INFO 16:45:11] my_main Updated target network
[INFO 16:47:45] my_main Updated target network
[INFO 16:47:49] my_main t_env: 501604 / 2050000
[INFO 16:47:49] my_main Estimated time left: 7 hours, 22 minutes, 21 seconds. Time passed: 2 hours, 11 minutes, 34 seconds
[INFO 16:47:58] my_main Recent Stats | t_env:     501604 | Episode:    10804
battle_won_mean:           0.0000	dead_allies_mean:          2.9981	dead_enemies_mean:         0.5322	div_coef:                691.5411
div_loss:                 -0.0001	ep_length_mean:           47.9651	epsilon:                   0.0500	grad_norm:                 0.3226
loss:                     -0.0376	loss_td:                   0.0098	q_taken_mean:              1.0399	return_mean:               7.1542
return_std:                0.6641	target_mean:               1.0342	td_error_abs:              0.0729	test_battle_won_mean:      0.0000
test_dead_allies_mean:     2.9750	test_dead_enemies_mean:    0.7688	test_ep_length_mean:      51.3438	test_return_mean:          7.5237
test_return_std:           0.5887	
RequestQuit command received.
Closing Application...
DataHandler: unable to parse websocket frame.
CloseHandler: 127.0.0.1:38134 disconnected
[INFO 16:49:17] absl Shutdown gracefully.
[INFO 16:49:17] absl Shutdown with return code: -15
[INFO 16:49:17] absl Launching SC2: /labmount/users/202535331/MARL/pymarl-monotone-qmix/3rdparty/StarCraftII/Versions/Base75689/SC2_x64 -listen 127.0.0.1 -port 34125 -dataDir /labmount/users/202535331/MARL/pymarl-monotone-qmix/3rdparty/StarCraftII/ -tempDir /tmp/sc-c57qw19f/
[INFO 16:49:17] absl Connecting to: ws://127.0.0.1:34125/sc2api, attempt: 0, running: True
Version: B75689 (SC2.4.10)
Build: Aug 12 2019 17:16:57
Command Line: '"/labmount/users/202535331/MARL/pymarl-monotone-qmix/3rdparty/StarCraftII/Versions/Base75689/SC2_x64" -listen 127.0.0.1 -port 34125 -dataDir /labmount/users/202535331/MARL/pymarl-monotone-qmix/3rdparty/StarCraftII/ -tempDir /tmp/sc-c57qw19f/'
Starting up...
Startup Phase 1 complete
[INFO 16:49:18] absl Connecting to: ws://127.0.0.1:34125/sc2api, attempt: 1, running: True
Startup Phase 2 complete
Creating stub renderer...
Listening on: 127.0.0.1:34125
Startup Phase 3 complete. Ready for commands.
[INFO 16:49:19] absl Connecting to: ws://127.0.0.1:34125/sc2api, attempt: 2, running: True
ConnectHandler: Request from 127.0.0.1:58344 accepted
ReadyHandler: 127.0.0.1:58344 ready
Requesting to join a single player game
Configuring interface options
Configure: raw interface enabled
Configure: feature layer interface disabled
Configure: score interface disabled
Configure: render interface disabled
Launching next game.
Next launch phase started: 2
Next launch phase started: 3
Next launch phase started: 4
Next launch phase started: 5
Next launch phase started: 6
Next launch phase started: 7
Next launch phase started: 8
Game has started.
Using default stable ids, none found at: /labmount/users/202535331/MARL/pymarl-monotone-qmix/3rdparty/StarCraftII/stableid.json
Successfully loaded stable ids: GameData\stableid.json
Sending ResponseJoinGame
[INFO 16:50:37] my_main Updated target network
[INFO 16:50:45] my_main t_env: 511606 / 2050000
[INFO 16:50:45] my_main Estimated time left: 7 hours, 32 minutes, 26 seconds. Time passed: 2 hours, 14 minutes, 31 seconds
[INFO 16:50:53] my_main Recent Stats | t_env:     511606 | Episode:    11013
battle_won_mean:           0.0000	dead_allies_mean:          2.9962	dead_enemies_mean:         0.5332	div_coef:                670.7182
div_loss:                 -0.0001	ep_length_mean:           47.9326	epsilon:                   0.0500	grad_norm:                 0.2291
loss:                     -0.0386	loss_td:                   0.0091	q_taken_mean:              1.0384	return_mean:               7.1629
return_std:                0.6858	target_mean:               1.0358	td_error_abs:              0.0695	test_battle_won_mean:      0.0000
test_dead_allies_mean:     2.9750	test_dead_enemies_mean:    0.7937	test_ep_length_mean:      51.1938	test_return_mean:          7.5188
test_return_std:           0.6414	
[INFO 16:53:03] my_main Updated target network
[INFO 16:53:14] my_main t_env: 521624 / 2050000
[INFO 16:53:14] my_main Estimated time left: 6 hours, 19 minutes, 20 seconds. Time passed: 2 hours, 17 minutes, 0 seconds
[INFO 16:53:23] my_main Recent Stats | t_env:     521624 | Episode:    11219
battle_won_mean:           0.0000	dead_allies_mean:          2.9952	dead_enemies_mean:         0.5303	div_coef:                666.6541
div_loss:                 -0.0001	ep_length_mean:           47.9083	epsilon:                   0.0500	grad_norm:                 0.3888
loss:                     -0.0373	loss_td:                   0.0106	q_taken_mean:              1.0318	return_mean:               7.1617
return_std:                0.6903	target_mean:               1.0341	td_error_abs:              0.0766	test_battle_won_mean:      0.0000
test_dead_allies_mean:     2.9813	test_dead_enemies_mean:    0.8438	test_ep_length_mean:      51.6250	test_return_mean:          7.5791
test_return_std:           0.6317	
[INFO 16:55:34] my_main Updated target network
[INFO 16:55:53] my_main t_env: 531656 / 2050000
[INFO 16:55:53] my_main Estimated time left: 6 hours, 41 minutes, 39 seconds. Time passed: 2 hours, 19 minutes, 39 seconds
[INFO 16:56:02] my_main Recent Stats | t_env:     531656 | Episode:    11427
battle_won_mean:           0.0000	dead_allies_mean:          2.9962	dead_enemies_mean:         0.5269	div_coef:                664.6429
div_loss:                 -0.0001	ep_length_mean:           47.8559	epsilon:                   0.0500	grad_norm:                 0.3146
loss:                     -0.0379	loss_td:                   0.0100	q_taken_mean:              1.0235	return_mean:               7.1586
return_std:                0.7220	target_mean:               1.0320	td_error_abs:              0.0738	test_battle_won_mean:      0.0000
test_dead_allies_mean:     2.9813	test_dead_enemies_mean:    0.8688	test_ep_length_mean:      52.1063	test_return_mean:          7.5919
test_return_std:           0.6527	
[INFO 16:57:55] my_main Updated target network
[INFO 16:58:09] my_main t_env: 541698 / 2050000
[INFO 16:58:09] my_main Estimated time left: 5 hours, 40 minutes, 39 seconds. Time passed: 2 hours, 21 minutes, 55 seconds
[INFO 16:58:18] my_main Recent Stats | t_env:     541698 | Episode:    11623
battle_won_mean:           0.0000	dead_allies_mean:          2.9931	dead_enemies_mean:         0.5775	div_coef:                659.5025
div_loss:                 -0.0001	ep_length_mean:           48.6661	epsilon:                   0.0500	grad_norm:                 0.4478
loss:                     -0.0349	loss_td:                   0.0115	q_taken_mean:              1.0128	return_mean:               7.1862
return_std:                0.7408	target_mean:               1.0253	td_error_abs:              0.0804	test_battle_won_mean:      0.0000
test_dead_allies_mean:     2.9813	test_dead_enemies_mean:    0.9625	test_ep_length_mean:      52.4750	test_return_mean:          7.6570
test_return_std:           0.6689	
[INFO 17:00:09] my_main Updated target network
[INFO 17:00:21] my_main t_env: 551718 / 2050000
[INFO 17:00:21] my_main Estimated time left: 5 hours, 28 minutes, 32 seconds. Time passed: 2 hours, 24 minutes, 7 seconds
[INFO 17:00:29] my_main Recent Stats | t_env:     551718 | Episode:    11820
battle_won_mean:           0.0000	dead_allies_mean:          2.9921	dead_enemies_mean:         0.6932	div_coef:                678.0629
div_loss:                 -0.0001	ep_length_mean:           49.3632	epsilon:                   0.0500	grad_norm:                 0.4495
loss:                     -0.0357	loss_td:                   0.0115	q_taken_mean:              1.0230	return_mean:               7.2347
return_std:                0.7484	target_mean:               1.0354	td_error_abs:              0.0803	test_battle_won_mean:      0.0000
test_dead_allies_mean:     2.9937	test_dead_enemies_mean:    1.0375	test_ep_length_mean:      50.5562	test_return_mean:          7.6577
test_return_std:           0.5703	
[INFO 17:02:24] my_main Updated target network
[INFO 17:02:39] my_main t_env: 561759 / 2050000
[INFO 17:02:39] my_main Estimated time left: 5 hours, 39 minutes, 27 seconds. Time passed: 2 hours, 26 minutes, 24 seconds
[INFO 17:02:47] my_main Recent Stats | t_env:     561759 | Episode:    12024
battle_won_mean:           0.0000	dead_allies_mean:          2.9950	dead_enemies_mean:         0.7966	div_coef:                690.6781
div_loss:                 -0.0001	ep_length_mean:           49.6360	epsilon:                   0.0500	grad_norm:                 0.4595
loss:                     -0.0361	loss_td:                   0.0113	q_taken_mean:              1.0255	return_mean:               7.2630
return_std:                0.7551	target_mean:               1.0391	td_error_abs:              0.0797	test_battle_won_mean:      0.0000
test_dead_allies_mean:     2.9937	test_dead_enemies_mean:    1.0125	test_ep_length_mean:      50.1750	test_return_mean:          7.5876
test_return_std:           0.5594	
RequestQuit command received.
Closing Application...
DataHandler: unable to parse websocket frame.
CloseHandler: 127.0.0.1:58344 disconnected
[INFO 17:02:53] absl Shutdown gracefully.
[INFO 17:02:53] absl Shutdown with return code: -15
[INFO 17:02:53] absl Launching SC2: /labmount/users/202535331/MARL/pymarl-monotone-qmix/3rdparty/StarCraftII/Versions/Base75689/SC2_x64 -listen 127.0.0.1 -port 37621 -dataDir /labmount/users/202535331/MARL/pymarl-monotone-qmix/3rdparty/StarCraftII/ -tempDir /tmp/sc-xxuibp3i/
[INFO 17:02:53] absl Connecting to: ws://127.0.0.1:37621/sc2api, attempt: 0, running: True
Version: B75689 (SC2.4.10)
Build: Aug 12 2019 17:16:57
Command Line: '"/labmount/users/202535331/MARL/pymarl-monotone-qmix/3rdparty/StarCraftII/Versions/Base75689/SC2_x64" -listen 127.0.0.1 -port 37621 -dataDir /labmount/users/202535331/MARL/pymarl-monotone-qmix/3rdparty/StarCraftII/ -tempDir /tmp/sc-xxuibp3i/'
Starting up...
Startup Phase 1 complete
[INFO 17:02:54] absl Connecting to: ws://127.0.0.1:37621/sc2api, attempt: 1, running: True
Startup Phase 2 complete
Creating stub renderer...
Listening on: 127.0.0.1:37621
Startup Phase 3 complete. Ready for commands.
[INFO 17:02:55] absl Connecting to: ws://127.0.0.1:37621/sc2api, attempt: 2, running: True
ConnectHandler: Request from 127.0.0.1:43204 accepted
ReadyHandler: 127.0.0.1:43204 ready
Requesting to join a single player game
Configuring interface options
Configure: raw interface enabled
Configure: feature layer interface disabled
Configure: score interface disabled
Configure: render interface disabled
Launching next game.
Next launch phase started: 2
Next launch phase started: 3
Next launch phase started: 4
Next launch phase started: 5
Next launch phase started: 6
Next launch phase started: 7
Next launch phase started: 8
Game has started.
Using default stable ids, none found at: /labmount/users/202535331/MARL/pymarl-monotone-qmix/3rdparty/StarCraftII/stableid.json
Successfully loaded stable ids: GameData\stableid.json
Sending ResponseJoinGame
[INFO 17:04:35] my_main Updated target network
[INFO 17:04:50] my_main t_env: 571787 / 2050000
[INFO 17:04:50] my_main Estimated time left: 5 hours, 23 minutes, 10 seconds. Time passed: 2 hours, 28 minutes, 36 seconds
[INFO 17:04:59] my_main Recent Stats | t_env:     571787 | Episode:    12223
battle_won_mean:           0.0000	dead_allies_mean:          2.9929	dead_enemies_mean:         0.8914	div_coef:                693.0505
div_loss:                 -0.0001	ep_length_mean:           49.9882	epsilon:                   0.0500	grad_norm:                 0.3189
loss:                     -0.0372	loss_td:                   0.0098	q_taken_mean:              1.0393	return_mean:               7.2871
return_std:                0.7552	target_mean:               1.0469	td_error_abs:              0.0721	test_battle_won_mean:      0.0000
test_dead_allies_mean:     3.0000	test_dead_enemies_mean:    1.0875	test_ep_length_mean:      49.1313	test_return_mean:          7.5423
test_return_std:           0.6030	
[INFO 17:06:55] my_main t_env: 581809 / 2050000
[INFO 17:06:55] my_main Estimated time left: 5 hours, 5 minutes, 35 seconds. Time passed: 2 hours, 30 minutes, 41 seconds
[INFO 17:07:04] my_main Recent Stats | t_env:     581809 | Episode:    12400
battle_won_mean:           0.0000	dead_allies_mean:          2.9827	dead_enemies_mean:         0.9871	div_coef:                684.9345
div_loss:                 -0.0001	ep_length_mean:           51.6663	epsilon:                   0.0500	grad_norm:                 0.3617
loss:                     -0.0359	loss_td:                   0.0103	q_taken_mean:              1.0441	return_mean:               7.3374
return_std:                0.7549	target_mean:               1.0530	td_error_abs:              0.0747	test_battle_won_mean:      0.0000
test_dead_allies_mean:     3.0000	test_dead_enemies_mean:    1.2063	test_ep_length_mean:      49.7875	test_return_mean:          7.6859
test_return_std:           0.6743	
[INFO 17:07:05] my_main Updated target network
[INFO 17:09:08] my_main t_env: 591819 / 2050000
[INFO 17:09:08] my_main Estimated time left: 5 hours, 22 minutes, 18 seconds. Time passed: 2 hours, 32 minutes, 54 seconds
[INFO 17:09:17] my_main Recent Stats | t_env:     591819 | Episode:    12589
battle_won_mean:           0.0000	dead_allies_mean:          2.9826	dead_enemies_mean:         1.0337	div_coef:                688.3053
div_loss:                 -0.0001	ep_length_mean:           52.0120	epsilon:                   0.0500	grad_norm:                 0.2340
loss:                     -0.0375	loss_td:                   0.0086	q_taken_mean:              1.0333	return_mean:               7.3517
return_std:                0.7407	target_mean:               1.0386	td_error_abs:              0.0674	test_battle_won_mean:      0.0000
test_dead_allies_mean:     2.9937	test_dead_enemies_mean:    1.1375	test_ep_length_mean:      50.5812	test_return_mean:          7.6002
test_return_std:           0.6454	
[INFO 17:09:25] my_main Updated target network
[INFO 17:11:16] my_main t_env: 601862 / 2050000
[INFO 17:11:16] my_main Estimated time left: 5 hours, 7 minutes, 54 seconds. Time passed: 2 hours, 35 minutes, 2 seconds
[INFO 17:11:25] my_main Recent Stats | t_env:     601862 | Episode:    12769
battle_won_mean:           0.0000	dead_allies_mean:          2.9803	dead_enemies_mean:         1.0446	div_coef:                669.7181
div_loss:                 -0.0001	ep_length_mean:           52.9983	epsilon:                   0.0500	grad_norm:                 0.2483
loss:                     -0.0367	loss_td:                   0.0085	q_taken_mean:              1.0303	return_mean:               7.4114
return_std:                0.7649	target_mean:               1.0351	td_error_abs:              0.0666	test_battle_won_mean:      0.0000
test_dead_allies_mean:     2.9937	test_dead_enemies_mean:    1.2250	test_ep_length_mean:      51.5000	test_return_mean:          7.6983
test_return_std:           0.6857	
[INFO 17:11:45] my_main Updated target network
[INFO 17:13:31] my_main t_env: 611888 / 2050000
[INFO 17:13:31] my_main Estimated time left: 5 hours, 20 minutes, 46 seconds. Time passed: 2 hours, 37 minutes, 16 seconds
[INFO 17:13:39] my_main Recent Stats | t_env:     611888 | Episode:    12966
battle_won_mean:           0.0000	dead_allies_mean:          2.9803	dead_enemies_mean:         1.0628	div_coef:                662.0379
div_loss:                 -0.0001	ep_length_mean:           53.3328	epsilon:                   0.0500	grad_norm:                 0.2304
loss:                     -0.0359	loss_td:                   0.0086	q_taken_mean:              1.0296	return_mean:               7.4475
return_std:                0.7876	target_mean:               1.0340	td_error_abs:              0.0668	test_battle_won_mean:      0.0000
test_dead_allies_mean:     2.9937	test_dead_enemies_mean:    1.2500	test_ep_length_mean:      52.5375	test_return_mean:          7.8122
test_return_std:           0.7024	
[INFO 17:14:01] my_main Updated target network
RequestQuit command received.
Closing Application...
DataHandler: unable to parse websocket frame.
CloseHandler: 127.0.0.1:43204 disconnected
[INFO 17:15:04] absl Shutdown gracefully.
[INFO 17:15:04] absl Shutdown with return code: -15
[INFO 17:15:04] absl Launching SC2: /labmount/users/202535331/MARL/pymarl-monotone-qmix/3rdparty/StarCraftII/Versions/Base75689/SC2_x64 -listen 127.0.0.1 -port 36305 -dataDir /labmount/users/202535331/MARL/pymarl-monotone-qmix/3rdparty/StarCraftII/ -tempDir /tmp/sc-s5lubbsb/
[INFO 17:15:04] absl Connecting to: ws://127.0.0.1:36305/sc2api, attempt: 0, running: True
Version: B75689 (SC2.4.10)
Build: Aug 12 2019 17:16:57
Command Line: '"/labmount/users/202535331/MARL/pymarl-monotone-qmix/3rdparty/StarCraftII/Versions/Base75689/SC2_x64" -listen 127.0.0.1 -port 36305 -dataDir /labmount/users/202535331/MARL/pymarl-monotone-qmix/3rdparty/StarCraftII/ -tempDir /tmp/sc-s5lubbsb/'
Starting up...
Startup Phase 1 complete
[INFO 17:15:05] absl Connecting to: ws://127.0.0.1:36305/sc2api, attempt: 1, running: True
Startup Phase 2 complete
Creating stub renderer...
Listening on: 127.0.0.1:36305
Startup Phase 3 complete. Ready for commands.
[INFO 17:15:06] absl Connecting to: ws://127.0.0.1:36305/sc2api, attempt: 2, running: True
ConnectHandler: Request from 127.0.0.1:34498 accepted
ReadyHandler: 127.0.0.1:34498 ready
Requesting to join a single player game
Configuring interface options
Configure: raw interface enabled
Configure: feature layer interface disabled
Configure: score interface disabled
Configure: render interface disabled
Launching next game.
Next launch phase started: 2
Next launch phase started: 3
Next launch phase started: 4
Next launch phase started: 5
Next launch phase started: 6
Next launch phase started: 7
Next launch phase started: 8
Game has started.
Using default stable ids, none found at: /labmount/users/202535331/MARL/pymarl-monotone-qmix/3rdparty/StarCraftII/stableid.json
Successfully loaded stable ids: GameData\stableid.json
Sending ResponseJoinGame
[INFO 17:15:46] my_main t_env: 621907 / 2050000
[INFO 17:15:46] my_main Estimated time left: 5 hours, 21 minutes, 12 seconds. Time passed: 2 hours, 39 minutes, 31 seconds
[INFO 17:15:56] my_main Recent Stats | t_env:     621907 | Episode:    13155
battle_won_mean:           0.0000	dead_allies_mean:          2.9791	dead_enemies_mean:         1.0825	div_coef:                654.2772
div_loss:                 -0.0001	ep_length_mean:           53.8566	epsilon:                   0.0500	grad_norm:                 0.2631
loss:                     -0.0354	loss_td:                   0.0088	q_taken_mean:              1.0217	return_mean:               7.5046
return_std:                0.8122	target_mean:               1.0249	td_error_abs:              0.0678	test_battle_won_mean:      0.0000
test_dead_allies_mean:     2.9875	test_dead_enemies_mean:    1.3313	test_ep_length_mean:      55.2188	test_return_mean:          8.0807
test_return_std:           0.7034	
[INFO 17:16:34] my_main Updated target network
[INFO 17:17:51] my_main t_env: 631937 / 2050000
[INFO 17:17:51] my_main Estimated time left: 4 hours, 54 minutes, 40 seconds. Time passed: 2 hours, 41 minutes, 36 seconds
[INFO 17:18:01] my_main Recent Stats | t_env:     631937 | Episode:    13311
battle_won_mean:           0.0000	dead_allies_mean:          2.9777	dead_enemies_mean:         1.1137	div_coef:                648.7267
div_loss:                 -0.0001	ep_length_mean:           55.3913	epsilon:                   0.0500	grad_norm:                 0.1845
loss:                     -0.0362	loss_td:                   0.0080	q_taken_mean:              1.0122	return_mean:               7.5691
return_std:                0.8703	target_mean:               1.0130	td_error_abs:              0.0635	test_battle_won_mean:      0.0000
test_dead_allies_mean:     2.9813	test_dead_enemies_mean:    1.3875	test_ep_length_mean:      57.2375	test_return_mean:          8.0821
test_return_std:           0.7025	
[INFO 17:19:09] my_main Updated target network
[INFO 17:20:02] my_main t_env: 641939 / 2050000
[INFO 17:20:02] my_main Estimated time left: 5 hours, 8 minutes, 22 seconds. Time passed: 2 hours, 43 minutes, 48 seconds
[INFO 17:20:13] my_main Recent Stats | t_env:     641939 | Episode:    13473
battle_won_mean:           0.0000	dead_allies_mean:          2.9723	dead_enemies_mean:         1.1500	div_coef:                634.4279
div_loss:                 -0.0001	ep_length_mean:           57.1468	epsilon:                   0.0500	grad_norm:                 0.2001
loss:                     -0.0362	loss_td:                   0.0081	q_taken_mean:              1.0387	return_mean:               7.6732
return_std:                0.9463	target_mean:               1.0396	td_error_abs:              0.0640	test_battle_won_mean:      0.0000
test_dead_allies_mean:     2.9813	test_dead_enemies_mean:    1.4062	test_ep_length_mean:      59.6750	test_return_mean:          8.1986
test_return_std:           0.8787	
[INFO 17:21:54] my_main Updated target network
[INFO 17:22:19] my_main t_env: 651997 / 2050000
[INFO 17:22:19] my_main Estimated time left: 5 hours, 16 minutes, 28 seconds. Time passed: 2 hours, 46 minutes, 4 seconds
[INFO 17:22:31] my_main Recent Stats | t_env:     651997 | Episode:    13630
battle_won_mean:           0.0000	dead_allies_mean:          2.9692	dead_enemies_mean:         1.1267	div_coef:                624.7052
div_loss:                 -0.0001	ep_length_mean:           58.8007	epsilon:                   0.0500	grad_norm:                 0.2984
loss:                     -0.0361	loss_td:                   0.0089	q_taken_mean:              1.0384	return_mean:               7.7323
return_std:                1.0184	target_mean:               1.0438	td_error_abs:              0.0686	test_battle_won_mean:      0.0000
test_dead_allies_mean:     2.9688	test_dead_enemies_mean:    1.3125	test_ep_length_mean:      64.1125	test_return_mean:          8.3261
test_return_std:           0.9917	
[INFO 17:24:34] my_main t_env: 662018 / 2050000
[INFO 17:24:34] my_main Estimated time left: 5 hours, 12 minutes, 12 seconds. Time passed: 2 hours, 48 minutes, 20 seconds
[INFO 17:24:45] my_main Recent Stats | t_env:     662018 | Episode:    13775
battle_won_mean:           0.0000	dead_allies_mean:          2.9582	dead_enemies_mean:         1.1305	div_coef:                605.8471
div_loss:                 -0.0001	ep_length_mean:           62.4440	epsilon:                   0.0500	grad_norm:                 0.3579
loss:                     -0.0362	loss_td:                   0.0090	q_taken_mean:              1.0386	return_mean:               7.8656
return_std:                1.1120	target_mean:               1.0458	td_error_abs:              0.0701	test_battle_won_mean:      0.0000
test_dead_allies_mean:     2.9562	test_dead_enemies_mean:    1.3938	test_ep_length_mean:      67.0938	test_return_mean:          8.4485
test_return_std:           1.1014	
[INFO 17:25:10] my_main Updated target network
[INFO 17:27:09] my_main t_env: 672227 / 2050000
[INFO 17:27:09] my_main Estimated time left: 5 hours, 49 minutes, 31 seconds. Time passed: 2 hours, 50 minutes, 55 seconds
RequestQuit command received.
DataHandler: unable to parse websocket frame.
Closing Application...
CloseHandler: 127.0.0.1:34498 disconnected
[INFO 17:27:17] absl Shutdown gracefully.
[INFO 17:27:17] absl Shutdown with return code: -15
[INFO 17:27:17] absl Launching SC2: /labmount/users/202535331/MARL/pymarl-monotone-qmix/3rdparty/StarCraftII/Versions/Base75689/SC2_x64 -listen 127.0.0.1 -port 44277 -dataDir /labmount/users/202535331/MARL/pymarl-monotone-qmix/3rdparty/StarCraftII/ -tempDir /tmp/sc-v8on7oca/
[INFO 17:27:17] absl Connecting to: ws://127.0.0.1:44277/sc2api, attempt: 0, running: True
Version: B75689 (SC2.4.10)
Build: Aug 12 2019 17:16:57
Command Line: '"/labmount/users/202535331/MARL/pymarl-monotone-qmix/3rdparty/StarCraftII/Versions/Base75689/SC2_x64" -listen 127.0.0.1 -port 44277 -dataDir /labmount/users/202535331/MARL/pymarl-monotone-qmix/3rdparty/StarCraftII/ -tempDir /tmp/sc-v8on7oca/'
Starting up...
Startup Phase 1 complete
[INFO 17:27:18] absl Connecting to: ws://127.0.0.1:44277/sc2api, attempt: 1, running: True
Startup Phase 2 complete
Creating stub renderer...
Listening on: 127.0.0.1:44277
Startup Phase 3 complete. Ready for commands.
[INFO 17:27:19] absl Connecting to: ws://127.0.0.1:44277/sc2api, attempt: 2, running: True
ConnectHandler: Request from 127.0.0.1:34854 accepted
ReadyHandler: 127.0.0.1:34854 ready
Requesting to join a single player game
Configuring interface options
Configure: raw interface enabled
Configure: feature layer interface disabled
Configure: score interface disabled
Configure: render interface disabled
Launching next game.
Next launch phase started: 2
Next launch phase started: 3
Next launch phase started: 4
Next launch phase started: 5
Next launch phase started: 6
Next launch phase started: 7
Next launch phase started: 8
Game has started.
Using default stable ids, none found at: /labmount/users/202535331/MARL/pymarl-monotone-qmix/3rdparty/StarCraftII/stableid.json
Successfully loaded stable ids: GameData\stableid.json
Sending ResponseJoinGame
[INFO 17:27:27] my_main Recent Stats | t_env:     672227 | Episode:    13946
battle_won_mean:           0.0000	dead_allies_mean:          2.9589	dead_enemies_mean:         1.1410	div_coef:                581.9317
div_loss:                 -0.0001	ep_length_mean:           63.7823	epsilon:                   0.0500	grad_norm:                 0.3183
loss:                     -0.0360	loss_td:                   0.0089	q_taken_mean:              1.0384	return_mean:               7.8920
return_std:                1.1827	target_mean:               1.0468	td_error_abs:              0.0691	test_battle_won_mean:      0.0000
test_dead_allies_mean:     2.9312	test_dead_enemies_mean:    1.4250	test_ep_length_mean:      69.0000	test_return_mean:          8.5012
test_return_std:           1.2357	
[INFO 17:28:19] my_main Updated target network
[INFO 17:29:35] my_main t_env: 682241 / 2050000
[INFO 17:29:35] my_main Estimated time left: 5 hours, 31 minutes, 30 seconds. Time passed: 2 hours, 53 minutes, 21 seconds
[INFO 17:29:48] my_main Recent Stats | t_env:     682241 | Episode:    14078
battle_won_mean:           0.0000	dead_allies_mean:          2.9553	dead_enemies_mean:         1.1321	div_coef:                569.5793
div_loss:                 -0.0001	ep_length_mean:           66.0960	epsilon:                   0.0500	grad_norm:                 0.4647
loss:                     -0.0349	loss_td:                   0.0103	q_taken_mean:              1.0500	return_mean:               8.0018
return_std:                1.2193	target_mean:               1.0631	td_error_abs:              0.0767	test_battle_won_mean:      0.0000
test_dead_allies_mean:     2.9062	test_dead_enemies_mean:    1.3813	test_ep_length_mean:      75.3875	test_return_mean:          8.7361
test_return_std:           1.3728	
[INFO 17:31:40] my_main t_env: 692290 / 2050000
[INFO 17:31:40] my_main Estimated time left: 4 hours, 42 minutes, 17 seconds. Time passed: 2 hours, 55 minutes, 26 seconds
[INFO 17:31:55] my_main Recent Stats | t_env:     692290 | Episode:    14185
battle_won_mean:           0.0000	dead_allies_mean:          2.9359	dead_enemies_mean:         1.1283	div_coef:                564.4578
div_loss:                 -0.0001	ep_length_mean:           72.5311	epsilon:                   0.0500	grad_norm:                 0.4029
loss:                     -0.0354	loss_td:                   0.0099	q_taken_mean:              1.0456	return_mean:               8.1548
return_std:                1.3160	target_mean:               1.0568	td_error_abs:              0.0747	test_battle_won_mean:      0.0000
test_dead_allies_mean:     2.9000	test_dead_enemies_mean:    1.4375	test_ep_length_mean:      79.7375	test_return_mean:          9.1587
test_return_std:           1.3801	
[INFO 17:32:14] my_main Updated target network
[INFO 17:34:04] my_main t_env: 702357 / 2050000
[INFO 17:34:04] my_main Estimated time left: 5 hours, 20 minutes, 26 seconds. Time passed: 2 hours, 57 minutes, 50 seconds
[INFO 17:34:18] my_main Recent Stats | t_env:     702357 | Episode:    14295
battle_won_mean:           0.0000	dead_allies_mean:          2.9132	dead_enemies_mean:         1.1648	div_coef:                555.1660
div_loss:                 -0.0001	ep_length_mean:           78.0220	epsilon:                   0.0500	grad_norm:                 0.2954
loss:                     -0.0361	loss_td:                   0.0093	q_taken_mean:              1.0145	return_mean:               8.2732
return_std:                1.3536	target_mean:               1.0225	td_error_abs:              0.0698	test_battle_won_mean:      0.0000
test_dead_allies_mean:     2.9000	test_dead_enemies_mean:    1.5250	test_ep_length_mean:      80.8187	test_return_mean:          9.3480
test_return_std:           1.4021	
[INFO 17:36:17] my_main Updated target network
[INFO 17:36:23] my_main t_env: 712385 / 2050000
[INFO 17:36:23] my_main Estimated time left: 5 hours, 7 minutes, 59 seconds. Time passed: 3 hours, 8 seconds
[INFO 17:36:40] my_main Recent Stats | t_env:     712385 | Episode:    14405
battle_won_mean:           0.0000	dead_allies_mean:          2.8969	dead_enemies_mean:         1.1900	div_coef:                543.0662
div_loss:                 -0.0001	ep_length_mean:           82.4326	epsilon:                   0.0500	grad_norm:                 0.2444
loss:                     -0.0360	loss_td:                   0.0091	q_taken_mean:              0.9978	return_mean:               8.3931
return_std:                1.3831	target_mean:               1.0032	td_error_abs:              0.0672	test_battle_won_mean:      0.0000
test_dead_allies_mean:     2.8687	test_dead_enemies_mean:    1.5375	test_ep_length_mean:      89.6500	test_return_mean:          9.6312
test_return_std:           1.3623	
[INFO 17:39:02] my_main t_env: 722416 / 2050000
[INFO 17:39:02] my_main Estimated time left: 5 hours, 51 minutes, 35 seconds. Time passed: 3 hours, 2 minutes, 48 seconds
RequestQuit command received.
DataHandler: unable to parse websocket frame.
Closing Application...
CloseHandler: 127.0.0.1:34854 disconnected
ResponseThread: No connection, dropping the response.
[INFO 17:39:14] absl Shutdown gracefully.
[INFO 17:39:14] absl Shutdown with return code: -15
[INFO 17:39:14] absl Launching SC2: /labmount/users/202535331/MARL/pymarl-monotone-qmix/3rdparty/StarCraftII/Versions/Base75689/SC2_x64 -listen 127.0.0.1 -port 33249 -dataDir /labmount/users/202535331/MARL/pymarl-monotone-qmix/3rdparty/StarCraftII/ -tempDir /tmp/sc-_6kb9zgk/
[INFO 17:39:14] absl Connecting to: ws://127.0.0.1:33249/sc2api, attempt: 0, running: True
Version: B75689 (SC2.4.10)
Build: Aug 12 2019 17:16:57
Command Line: '"/labmount/users/202535331/MARL/pymarl-monotone-qmix/3rdparty/StarCraftII/Versions/Base75689/SC2_x64" -listen 127.0.0.1 -port 33249 -dataDir /labmount/users/202535331/MARL/pymarl-monotone-qmix/3rdparty/StarCraftII/ -tempDir /tmp/sc-_6kb9zgk/'
Starting up...
Startup Phase 1 complete
[INFO 17:39:15] absl Connecting to: ws://127.0.0.1:33249/sc2api, attempt: 1, running: True
Startup Phase 2 complete
Creating stub renderer...
Listening on: 127.0.0.1:33249
Startup Phase 3 complete. Ready for commands.
[INFO 17:39:16] absl Connecting to: ws://127.0.0.1:33249/sc2api, attempt: 2, running: True
ConnectHandler: Request from 127.0.0.1:42046 accepted
ReadyHandler: 127.0.0.1:42046 ready
Requesting to join a single player game
Configuring interface options
Configure: raw interface enabled
Configure: feature layer interface disabled
Configure: score interface disabled
Configure: render interface disabled
Launching next game.
Next launch phase started: 2
Next launch phase started: 3
Next launch phase started: 4
Next launch phase started: 5
Next launch phase started: 6
Next launch phase started: 7
Next launch phase started: 8
Game has started.
Using default stable ids, none found at: /labmount/users/202535331/MARL/pymarl-monotone-qmix/3rdparty/StarCraftII/stableid.json
Successfully loaded stable ids: GameData\stableid.json
Sending ResponseJoinGame
[INFO 17:39:20] my_main Recent Stats | t_env:     722416 | Episode:    14530
battle_won_mean:           0.0000	dead_allies_mean:          2.8892	dead_enemies_mean:         1.1978	div_coef:                535.3078
div_loss:                 -0.0001	ep_length_mean:           86.5419	epsilon:                   0.0500	grad_norm:                 0.3012
loss:                     -0.0359	loss_td:                   0.0093	q_taken_mean:              0.9802	return_mean:               8.6600
return_std:                1.3778	target_mean:               0.9888	td_error_abs:              0.0691	test_battle_won_mean:      0.0000
test_dead_allies_mean:     2.8750	test_dead_enemies_mean:    1.5188	test_ep_length_mean:      90.4000	test_return_mean:          9.7889
test_return_std:           1.3373	
[INFO 17:40:41] my_main Updated target network
[INFO 17:41:39] my_main t_env: 732600 / 2050000
[INFO 17:41:39] my_main Estimated time left: 5 hours, 39 minutes, 9 seconds. Time passed: 3 hours, 5 minutes, 25 seconds
[INFO 17:41:52] my_main Recent Stats | t_env:     732600 | Episode:    14655
battle_won_mean:           0.0000	dead_allies_mean:          2.8916	dead_enemies_mean:         1.2216	div_coef:                523.2356
div_loss:                 -0.0001	ep_length_mean:           87.6635	epsilon:                   0.0500	grad_norm:                 0.1415
loss:                     -0.0362	loss_td:                   0.0086	q_taken_mean:              0.9646	return_mean:               8.8088
return_std:                1.4418	target_mean:               0.9675	td_error_abs:              0.0609	test_battle_won_mean:      0.0000
test_dead_allies_mean:     2.9000	test_dead_enemies_mean:    1.4563	test_ep_length_mean:      86.7375	test_return_mean:          9.7638
test_return_std:           1.3602	
[INFO 17:44:12] my_main t_env: 742679 / 2050000
[INFO 17:44:12] my_main Estimated time left: 5 hours, 29 minutes, 29 seconds. Time passed: 3 hours, 7 minutes, 57 seconds
[INFO 17:44:23] my_main Recent Stats | t_env:     742679 | Episode:    14773
battle_won_mean:           0.0000	dead_allies_mean:          2.8993	dead_enemies_mean:         1.1949	div_coef:                512.2249
div_loss:                 -0.0001	ep_length_mean:           85.9634	epsilon:                   0.0500	grad_norm:                 0.1517
loss:                     -0.0357	loss_td:                   0.0089	q_taken_mean:              0.9622	return_mean:               8.8401
return_std:                1.3937	target_mean:               0.9634	td_error_abs:              0.0605	test_battle_won_mean:      0.0000
test_dead_allies_mean:     2.9062	test_dead_enemies_mean:    1.3438	test_ep_length_mean:      83.4313	test_return_mean:          9.5043
test_return_std:           1.3717	
[INFO 17:44:57] my_main Updated target network
[INFO 17:46:44] my_main t_env: 752736 / 2050000
[INFO 17:46:44] my_main Estimated time left: 5 hours, 28 minutes, 10 seconds. Time passed: 3 hours, 10 minutes, 30 seconds
[INFO 17:46:57] my_main Recent Stats | t_env:     752736 | Episode:    14887
battle_won_mean:           0.0000	dead_allies_mean:          2.9073	dead_enemies_mean:         1.2020	div_coef:                512.4808
div_loss:                 -0.0001	ep_length_mean:           85.3036	epsilon:                   0.0500	grad_norm:                 0.2452
loss:                     -0.0353	loss_td:                   0.0098	q_taken_mean:              0.9762	return_mean:               8.9288
return_std:                1.3849	target_mean:               0.9730	td_error_abs:              0.0648	test_battle_won_mean:      0.0000
test_dead_allies_mean:     2.9125	test_dead_enemies_mean:    1.3062	test_ep_length_mean:      82.5687	test_return_mean:          9.4533
test_return_std:           1.3160	
[INFO 17:49:17] my_main Updated target network
[INFO 17:49:20] my_main t_env: 762781 / 2050000
[INFO 17:49:20] my_main Estimated time left: 5 hours, 31 minutes, 31 seconds. Time passed: 3 hours, 13 minutes, 5 seconds
[INFO 17:49:35] my_main Recent Stats | t_env:     762781 | Episode:    15003
battle_won_mean:           0.0000	dead_allies_mean:          2.9156	dead_enemies_mean:         1.1944	div_coef:                510.7350
div_loss:                 -0.0001	ep_length_mean:           84.3899	epsilon:                   0.0500	grad_norm:                 0.2885
loss:                     -0.0356	loss_td:                   0.0101	q_taken_mean:              0.9746	return_mean:               8.9992
return_std:                1.3706	target_mean:               0.9740	td_error_abs:              0.0667	test_battle_won_mean:      0.0000
test_dead_allies_mean:     2.9062	test_dead_enemies_mean:    1.3313	test_ep_length_mean:      80.7750	test_return_mean:          9.5969
test_return_std:           1.4863	
[INFO 17:51:56] my_main t_env: 772810 / 2050000
[INFO 17:51:56] my_main Estimated time left: 5 hours, 32 minutes, 36 seconds. Time passed: 3 hours, 15 minutes, 42 seconds
[INFO 17:52:09] my_main Recent Stats | t_env:     772810 | Episode:    15117
battle_won_mean:           0.0000	dead_allies_mean:          2.9040	dead_enemies_mean:         1.2042	div_coef:                512.9925
div_loss:                 -0.0001	ep_length_mean:           85.9350	epsilon:                   0.0500	grad_norm:                 0.2272
loss:                     -0.0364	loss_td:                   0.0102	q_taken_mean:              0.9792	return_mean:               8.9979
return_std:                1.4359	target_mean:               0.9759	td_error_abs:              0.0650	test_battle_won_mean:      0.0000
test_dead_allies_mean:     2.9250	test_dead_enemies_mean:    1.4125	test_ep_length_mean:      81.8063	test_return_mean:          9.7571
test_return_std:           1.4827	
RequestQuit command received.
Closing Application...
DataHandler: unable to parse websocket frame.
CloseHandler: 127.0.0.1:42046 disconnected
[INFO 17:52:35] absl Shutdown gracefully.
[INFO 17:52:35] absl Shutdown with return code: -15
[INFO 17:52:35] absl Launching SC2: /labmount/users/202535331/MARL/pymarl-monotone-qmix/3rdparty/StarCraftII/Versions/Base75689/SC2_x64 -listen 127.0.0.1 -port 34933 -dataDir /labmount/users/202535331/MARL/pymarl-monotone-qmix/3rdparty/StarCraftII/ -tempDir /tmp/sc-b5v70z6f/
[INFO 17:52:35] absl Connecting to: ws://127.0.0.1:34933/sc2api, attempt: 0, running: True
Version: B75689 (SC2.4.10)
Build: Aug 12 2019 17:16:57
Command Line: '"/labmount/users/202535331/MARL/pymarl-monotone-qmix/3rdparty/StarCraftII/Versions/Base75689/SC2_x64" -listen 127.0.0.1 -port 34933 -dataDir /labmount/users/202535331/MARL/pymarl-monotone-qmix/3rdparty/StarCraftII/ -tempDir /tmp/sc-b5v70z6f/'
Starting up...
Startup Phase 1 complete
[INFO 17:52:36] absl Connecting to: ws://127.0.0.1:34933/sc2api, attempt: 1, running: True
Startup Phase 2 complete
Creating stub renderer...
Listening on: 127.0.0.1:34933
Startup Phase 3 complete. Ready for commands.
[INFO 17:52:37] absl Connecting to: ws://127.0.0.1:34933/sc2api, attempt: 2, running: True
ConnectHandler: Request from 127.0.0.1:60282 accepted
ReadyHandler: 127.0.0.1:60282 ready
Requesting to join a single player game
Configuring interface options
Configure: raw interface enabled
Configure: feature layer interface disabled
Configure: score interface disabled
Configure: render interface disabled
Launching next game.
Next launch phase started: 2
Next launch phase started: 3
Next launch phase started: 4
Next launch phase started: 5
Next launch phase started: 6
Next launch phase started: 7
Next launch phase started: 8
Game has started.
Using default stable ids, none found at: /labmount/users/202535331/MARL/pymarl-monotone-qmix/3rdparty/StarCraftII/stableid.json
Successfully loaded stable ids: GameData\stableid.json
Sending ResponseJoinGame
[INFO 17:54:05] my_main Updated target network
[INFO 17:54:45] my_main t_env: 782815 / 2050000
[INFO 17:54:45] my_main Estimated time left: 5 hours, 56 minutes, 46 seconds. Time passed: 3 hours, 18 minutes, 31 seconds
[INFO 17:55:03] my_main Recent Stats | t_env:     782815 | Episode:    15233
battle_won_mean:           0.0000	dead_allies_mean:          2.8944	dead_enemies_mean:         1.1805	div_coef:                506.4697
div_loss:                 -0.0001	ep_length_mean:           86.8906	epsilon:                   0.0500	grad_norm:                 0.2548
loss:                     -0.0373	loss_td:                   0.0099	q_taken_mean:              0.9809	return_mean:               9.0743
return_std:                1.4140	target_mean:               0.9766	td_error_abs:              0.0663	test_battle_won_mean:      0.0000
test_dead_allies_mean:     2.8813	test_dead_enemies_mean:    1.4688	test_ep_length_mean:      89.0938	test_return_mean:         10.0483
test_return_std:           1.3848	
[INFO 17:57:38] my_main t_env: 792865 / 2050000
[INFO 17:57:38] my_main Estimated time left: 5 hours, 59 minutes, 36 seconds. Time passed: 3 hours, 21 minutes, 23 seconds
[INFO 17:57:54] my_main Recent Stats | t_env:     792865 | Episode:    15355
battle_won_mean:           0.0000	dead_allies_mean:          2.9066	dead_enemies_mean:         1.2076	div_coef:                506.6760
div_loss:                 -0.0001	ep_length_mean:           86.2830	epsilon:                   0.0500	grad_norm:                 0.2476
loss:                     -0.0383	loss_td:                   0.0098	q_taken_mean:              0.9608	return_mean:               9.2428
return_std:                1.4304	target_mean:               0.9566	td_error_abs:              0.0659	test_battle_won_mean:      0.0000
test_dead_allies_mean:     2.8687	test_dead_enemies_mean:    1.5688	test_ep_length_mean:      94.0312	test_return_mean:         10.4549
test_return_std:           1.3889	
[INFO 17:58:57] my_main Updated target network
[INFO 18:00:10] my_main t_env: 802914 / 2050000
[INFO 18:00:10] my_main Estimated time left: 5 hours, 14 minutes, 6 seconds. Time passed: 3 hours, 23 minutes, 55 seconds
[INFO 18:00:28] my_main Recent Stats | t_env:     802914 | Episode:    15457
battle_won_mean:           0.0000	dead_allies_mean:          2.9002	dead_enemies_mean:         1.2118	div_coef:                500.5053
div_loss:                 -0.0001	ep_length_mean:           88.3430	epsilon:                   0.0500	grad_norm:                 0.1457
loss:                     -0.0393	loss_td:                   0.0086	q_taken_mean:              0.9566	return_mean:               9.4416
return_std:                1.4900	target_mean:               0.9563	td_error_abs:              0.0605	test_battle_won_mean:      0.0000
test_dead_allies_mean:     2.8375	test_dead_enemies_mean:    1.6375	test_ep_length_mean:     102.7188	test_return_mean:         10.8692
test_return_std:           1.5082	
[INFO 18:02:47] my_main t_env: 812948 / 2050000
[INFO 18:02:47] my_main Estimated time left: 5 hours, 22 minutes, 52 seconds. Time passed: 3 hours, 26 minutes, 32 seconds
[INFO 18:03:03] my_main Recent Stats | t_env:     812948 | Episode:    15552
battle_won_mean:           0.0000	dead_allies_mean:          2.8918	dead_enemies_mean:         1.1869	div_coef:                500.8588
div_loss:                 -0.0001	ep_length_mean:           92.1483	epsilon:                   0.0500	grad_norm:                 0.1800
loss:                     -0.0397	loss_td:                   0.0089	q_taken_mean:              0.9603	return_mean:               9.6218
return_std:                1.5620	target_mean:               0.9612	td_error_abs:              0.0628	test_battle_won_mean:      0.0000
test_dead_allies_mean:     2.8687	test_dead_enemies_mean:    1.6500	test_ep_length_mean:     101.6375	test_return_mean:         11.0768
test_return_std:           1.4649	
[INFO 18:04:11] my_main Updated target network
[INFO 18:05:23] my_main t_env: 823001 / 2050000
[INFO 18:05:23] my_main Estimated time left: 5 hours, 18 minutes, 13 seconds. Time passed: 3 hours, 29 minutes, 9 seconds
RequestQuit command received.
DataHandler: unable to parse websocket frame.
Closing Application...
CloseHandler: 127.0.0.1:60282 disconnected
[INFO 18:05:38] absl Shutdown gracefully.
[INFO 18:05:38] absl Shutdown with return code: -15
[INFO 18:05:38] absl Launching SC2: /labmount/users/202535331/MARL/pymarl-monotone-qmix/3rdparty/StarCraftII/Versions/Base75689/SC2_x64 -listen 127.0.0.1 -port 41195 -dataDir /labmount/users/202535331/MARL/pymarl-monotone-qmix/3rdparty/StarCraftII/ -tempDir /tmp/sc-dij4lzek/
[INFO 18:05:38] absl Connecting to: ws://127.0.0.1:41195/sc2api, attempt: 0, running: True
Version: B75689 (SC2.4.10)
Build: Aug 12 2019 17:16:57
Command Line: '"/labmount/users/202535331/MARL/pymarl-monotone-qmix/3rdparty/StarCraftII/Versions/Base75689/SC2_x64" -listen 127.0.0.1 -port 41195 -dataDir /labmount/users/202535331/MARL/pymarl-monotone-qmix/3rdparty/StarCraftII/ -tempDir /tmp/sc-dij4lzek/'
Starting up...
Startup Phase 1 complete
[INFO 18:05:39] absl Connecting to: ws://127.0.0.1:41195/sc2api, attempt: 1, running: True
Startup Phase 2 complete
Creating stub renderer...
Listening on: 127.0.0.1:41195
Startup Phase 3 complete. Ready for commands.
[INFO 18:05:40] absl Connecting to: ws://127.0.0.1:41195/sc2api, attempt: 2, running: True
ConnectHandler: Request from 127.0.0.1:43076 accepted
ReadyHandler: 127.0.0.1:43076 ready
Requesting to join a single player game
Configuring interface options
Configure: raw interface enabled
Configure: feature layer interface disabled
Configure: score interface disabled
Configure: render interface disabled
Launching next game.
Next launch phase started: 2
Next launch phase started: 3
Next launch phase started: 4
Next launch phase started: 5
Next launch phase started: 6
Next launch phase started: 7
Next launch phase started: 8
Game has started.
Using default stable ids, none found at: /labmount/users/202535331/MARL/pymarl-monotone-qmix/3rdparty/StarCraftII/stableid.json
Successfully loaded stable ids: GameData\stableid.json
Sending ResponseJoinGame
[INFO 18:05:43] my_main Recent Stats | t_env:     823001 | Episode:    15654
battle_won_mean:           0.0000	dead_allies_mean:          2.8871	dead_enemies_mean:         1.1797	div_coef:                503.5723
div_loss:                 -0.0001	ep_length_mean:           94.2653	epsilon:                   0.0500	grad_norm:                 0.2283
loss:                     -0.0395	loss_td:                   0.0098	q_taken_mean:              0.9645	return_mean:               9.8140
return_std:                1.5317	target_mean:               0.9673	td_error_abs:              0.0659	test_battle_won_mean:      0.0000
test_dead_allies_mean:     2.8375	test_dead_enemies_mean:    1.6062	test_ep_length_mean:     105.1125	test_return_mean:         11.2223
test_return_std:           1.6679	
[INFO 18:07:54] my_main t_env: 833037 / 2050000
[INFO 18:07:54] my_main Estimated time left: 5 hours, 4 minutes, 43 seconds. Time passed: 3 hours, 31 minutes, 40 seconds
[INFO 18:08:11] my_main Recent Stats | t_env:     833037 | Episode:    15744
battle_won_mean:           0.0000	dead_allies_mean:          2.8651	dead_enemies_mean:         1.1827	div_coef:                507.6812
div_loss:                 -0.0001	ep_length_mean:           99.3175	epsilon:                   0.0500	grad_norm:                 0.2522
loss:                     -0.0395	loss_td:                   0.0100	q_taken_mean:              0.9570	return_mean:               9.9121
return_std:                1.5507	target_mean:               0.9591	td_error_abs:              0.0667	test_battle_won_mean:      0.0000
test_dead_allies_mean:     2.8312	test_dead_enemies_mean:    1.6062	test_ep_length_mean:     106.6750	test_return_mean:         11.2757
test_return_std:           1.7086	
[INFO 18:09:33] my_main Updated target network
[INFO 18:10:41] my_main t_env: 843100 / 2050000
[INFO 18:10:41] my_main Estimated time left: 5 hours, 33 minutes, 26 seconds. Time passed: 3 hours, 34 minutes, 26 seconds
[INFO 18:10:57] my_main Recent Stats | t_env:     843100 | Episode:    15848
battle_won_mean:           0.0000	dead_allies_mean:          2.8502	dead_enemies_mean:         1.1280	div_coef:                515.8870
div_loss:                 -0.0001	ep_length_mean:          102.1940	epsilon:                   0.0500	grad_norm:                 0.2492
loss:                     -0.0401	loss_td:                   0.0100	q_taken_mean:              0.9385	return_mean:               9.9852
return_std:                1.6239	target_mean:               0.9424	td_error_abs:              0.0666	test_battle_won_mean:      0.0000
test_dead_allies_mean:     2.8125	test_dead_enemies_mean:    1.5875	test_ep_length_mean:     109.5375	test_return_mean:         11.2820
test_return_std:           1.7505	
[INFO 18:13:19] my_main t_env: 853236 / 2050000
[INFO 18:13:19] my_main Estimated time left: 5 hours, 11 minutes, 14 seconds. Time passed: 3 hours, 37 minutes, 5 seconds
[INFO 18:13:37] my_main Recent Stats | t_env:     853236 | Episode:    15951
battle_won_mean:           0.0000	dead_allies_mean:          2.8602	dead_enemies_mean:         1.0401	div_coef:                529.3316
div_loss:                 -0.0001	ep_length_mean:          102.1717	epsilon:                   0.0500	grad_norm:                 0.3118
loss:                     -0.0404	loss_td:                   0.0108	q_taken_mean:              0.9465	return_mean:              10.0573
return_std:                1.7049	target_mean:               0.9482	td_error_abs:              0.0704	test_battle_won_mean:      0.0000
test_dead_allies_mean:     2.8062	test_dead_enemies_mean:    1.5312	test_ep_length_mean:     108.5187	test_return_mean:         11.2359
test_return_std:           1.7777	
[INFO 18:14:53] my_main Updated target network
[INFO 18:15:38] my_main t_env: 863296 / 2050000
[INFO 18:15:38] my_main Estimated time left: 4 hours, 33 minutes, 10 seconds. Time passed: 3 hours, 39 minutes, 24 seconds
[INFO 18:15:55] my_main Recent Stats | t_env:     863296 | Episode:    16032
battle_won_mean:           0.0000	dead_allies_mean:          2.8332	dead_enemies_mean:         0.9982	div_coef:                541.3683
div_loss:                 -0.0001	ep_length_mean:          105.8870	epsilon:                   0.0500	grad_norm:                 0.2717
loss:                     -0.0411	loss_td:                   0.0110	q_taken_mean:              0.9437	return_mean:              10.1375
return_std:                1.6786	target_mean:               0.9441	td_error_abs:              0.0693	test_battle_won_mean:      0.0000
test_dead_allies_mean:     2.7938	test_dead_enemies_mean:    1.4688	test_ep_length_mean:     110.9750	test_return_mean:         11.2498
test_return_std:           1.7193	
[INFO 18:18:17] my_main t_env: 873333 / 2050000
[INFO 18:18:17] my_main Estimated time left: 5 hours, 11 minutes, 19 seconds. Time passed: 3 hours, 42 minutes, 3 seconds
RequestQuit command received.
DataHandler: unable to parse websocket frame.
Closing Application...
CloseHandler: 127.0.0.1:43076 disconnected
ResponseThread: No connection, dropping the response.
[INFO 18:18:20] absl Shutdown gracefully.
[INFO 18:18:20] absl Shutdown with return code: -15
[INFO 18:18:20] absl Launching SC2: /labmount/users/202535331/MARL/pymarl-monotone-qmix/3rdparty/StarCraftII/Versions/Base75689/SC2_x64 -listen 127.0.0.1 -port 38711 -dataDir /labmount/users/202535331/MARL/pymarl-monotone-qmix/3rdparty/StarCraftII/ -tempDir /tmp/sc-jnc5jlbo/
[INFO 18:18:20] absl Connecting to: ws://127.0.0.1:38711/sc2api, attempt: 0, running: True
Version: B75689 (SC2.4.10)
Build: Aug 12 2019 17:16:57
Command Line: '"/labmount/users/202535331/MARL/pymarl-monotone-qmix/3rdparty/StarCraftII/Versions/Base75689/SC2_x64" -listen 127.0.0.1 -port 38711 -dataDir /labmount/users/202535331/MARL/pymarl-monotone-qmix/3rdparty/StarCraftII/ -tempDir /tmp/sc-jnc5jlbo/'
Starting up...
Startup Phase 1 complete
[INFO 18:18:21] absl Connecting to: ws://127.0.0.1:38711/sc2api, attempt: 1, running: True
Startup Phase 2 complete
Creating stub renderer...
Listening on: 127.0.0.1:38711
Startup Phase 3 complete. Ready for commands.
[INFO 18:18:22] absl Connecting to: ws://127.0.0.1:38711/sc2api, attempt: 2, running: True
ConnectHandler: Request from 127.0.0.1:48732 accepted
ReadyHandler: 127.0.0.1:48732 ready
Requesting to join a single player game
Configuring interface options
Configure: raw interface enabled
Configure: feature layer interface disabled
Configure: score interface disabled
Configure: render interface disabled
Launching next game.
Next launch phase started: 2
Next launch phase started: 3
Next launch phase started: 4
Next launch phase started: 5
Next launch phase started: 6
Next launch phase started: 7
Next launch phase started: 8
Game has started.
Using default stable ids, none found at: /labmount/users/202535331/MARL/pymarl-monotone-qmix/3rdparty/StarCraftII/stableid.json
Successfully loaded stable ids: GameData\stableid.json
Sending ResponseJoinGame
[INFO 18:18:42] my_main Recent Stats | t_env:     873333 | Episode:    16133
battle_won_mean:           0.0000	dead_allies_mean:          2.8429	dead_enemies_mean:         0.9728	div_coef:                555.4887
div_loss:                 -0.0001	ep_length_mean:          106.0505	epsilon:                   0.0500	grad_norm:                 0.3138
loss:                     -0.0424	loss_td:                   0.0109	q_taken_mean:              0.9356	return_mean:              10.2306
return_std:                1.7839	target_mean:               0.9305	td_error_abs:              0.0701	test_battle_won_mean:      0.0000
test_dead_allies_mean:     2.7563	test_dead_enemies_mean:    1.4000	test_ep_length_mean:     115.8312	test_return_mean:         11.2533
test_return_std:           1.5542	
[INFO 18:20:23] my_main Updated target network
[INFO 18:20:55] my_main t_env: 883496 / 2050000
[INFO 18:20:55] my_main Estimated time left: 5 hours, 56 seconds. Time passed: 3 hours, 44 minutes, 40 seconds
[INFO 18:21:10] my_main Recent Stats | t_env:     883496 | Episode:    16222
battle_won_mean:           0.0000	dead_allies_mean:          2.8491	dead_enemies_mean:         0.9394	div_coef:                566.0431
div_loss:                 -0.0001	ep_length_mean:          106.5864	epsilon:                   0.0500	grad_norm:                 0.3717
loss:                     -0.0424	loss_td:                   0.0118	q_taken_mean:              0.9308	return_mean:              10.4226
return_std:                1.8347	target_mean:               0.9319	td_error_abs:              0.0751	test_battle_won_mean:      0.0000
test_dead_allies_mean:     2.7875	test_dead_enemies_mean:    1.3313	test_ep_length_mean:     111.2313	test_return_mean:         11.2754
test_return_std:           1.6755	
[INFO 18:23:24] my_main t_env: 893528 / 2050000
[INFO 18:23:24] my_main Estimated time left: 4 hours, 47 minutes, 45 seconds. Time passed: 3 hours, 47 minutes, 10 seconds
[INFO 18:23:40] my_main Recent Stats | t_env:     893528 | Episode:    16312
battle_won_mean:           0.0000	dead_allies_mean:          2.8344	dead_enemies_mean:         0.9366	div_coef:                574.3252
div_loss:                 -0.0001	ep_length_mean:          109.5278	epsilon:                   0.0500	grad_norm:                 0.3850
loss:                     -0.0434	loss_td:                   0.0119	q_taken_mean:              0.9304	return_mean:              10.5710
return_std:                1.9361	target_mean:               0.9292	td_error_abs:              0.0764	test_battle_won_mean:      0.0000
test_dead_allies_mean:     2.7938	test_dead_enemies_mean:    1.3438	test_ep_length_mean:     109.6875	test_return_mean:         11.3966
test_return_std:           1.6736	
[INFO 18:25:49] my_main t_env: 903592 / 2050000
[INFO 18:25:49] my_main Estimated time left: 4 hours, 33 minutes, 51 seconds. Time passed: 3 hours, 49 minutes, 34 seconds
[INFO 18:26:08] my_main Recent Stats | t_env:     903592 | Episode:    16396
battle_won_mean:           0.0000	dead_allies_mean:          2.8162	dead_enemies_mean:         0.9962	div_coef:                576.0459
div_loss:                 -0.0001	ep_length_mean:          113.8082	epsilon:                   0.0500	grad_norm:                 0.3413
loss:                     -0.0440	loss_td:                   0.0120	q_taken_mean:              0.9324	return_mean:              10.7103
return_std:                1.9050	target_mean:               0.9343	td_error_abs:              0.0757	test_battle_won_mean:      0.0000
test_dead_allies_mean:     2.7812	test_dead_enemies_mean:    1.2937	test_ep_length_mean:     112.2375	test_return_mean:         11.5219
test_return_std:           1.7539	
[INFO 18:26:15] my_main Updated target network
[INFO 18:28:29] my_main t_env: 913614 / 2050000
[INFO 18:28:29] my_main Estimated time left: 5 hours, 2 minutes, 9 seconds. Time passed: 3 hours, 52 minutes, 14 seconds
[INFO 18:28:46] my_main Recent Stats | t_env:     913614 | Episode:    16491
battle_won_mean:           0.0000	dead_allies_mean:          2.8368	dead_enemies_mean:         0.9812	div_coef:                576.2359
div_loss:                 -0.0001	ep_length_mean:          110.0676	epsilon:                   0.0500	grad_norm:                 0.3360
loss:                     -0.0439	loss_td:                   0.0122	q_taken_mean:              0.9352	return_mean:              10.7062
return_std:                1.9419	target_mean:               0.9337	td_error_abs:              0.0764	test_battle_won_mean:      0.0000
test_dead_allies_mean:     2.7812	test_dead_enemies_mean:    1.3062	test_ep_length_mean:     113.0438	test_return_mean:         11.5549
test_return_std:           1.9413	
RequestQuit command received.
Closing Application...
DataHandler: unable to parse websocket frame.
CloseHandler: 127.0.0.1:48732 disconnected
[INFO 18:30:39] absl Shutdown gracefully.
[INFO 18:30:39] absl Shutdown with return code: -15
[INFO 18:30:39] absl Launching SC2: /labmount/users/202535331/MARL/pymarl-monotone-qmix/3rdparty/StarCraftII/Versions/Base75689/SC2_x64 -listen 127.0.0.1 -port 39507 -dataDir /labmount/users/202535331/MARL/pymarl-monotone-qmix/3rdparty/StarCraftII/ -tempDir /tmp/sc-5g4jw48v/
[INFO 18:30:39] absl Connecting to: ws://127.0.0.1:39507/sc2api, attempt: 0, running: True
Version: B75689 (SC2.4.10)
Build: Aug 12 2019 17:16:57
Command Line: '"/labmount/users/202535331/MARL/pymarl-monotone-qmix/3rdparty/StarCraftII/Versions/Base75689/SC2_x64" -listen 127.0.0.1 -port 39507 -dataDir /labmount/users/202535331/MARL/pymarl-monotone-qmix/3rdparty/StarCraftII/ -tempDir /tmp/sc-5g4jw48v/'
Starting up...
Startup Phase 1 complete
[INFO 18:30:40] absl Connecting to: ws://127.0.0.1:39507/sc2api, attempt: 1, running: True
Startup Phase 2 complete
Creating stub renderer...
Listening on: 127.0.0.1:39507
Startup Phase 3 complete. Ready for commands.
[INFO 18:30:41] absl Connecting to: ws://127.0.0.1:39507/sc2api, attempt: 2, running: True
ConnectHandler: Request from 127.0.0.1:45638 accepted
ReadyHandler: 127.0.0.1:45638 ready
Requesting to join a single player game
Configuring interface options
Configure: raw interface enabled
Configure: feature layer interface disabled
Configure: score interface disabled
Configure: render interface disabled
Launching next game.
Next launch phase started: 2
Next launch phase started: 3
Next launch phase started: 4
Next launch phase started: 5
Next launch phase started: 6
Next launch phase started: 7
Next launch phase started: 8
Game has started.
Using default stable ids, none found at: /labmount/users/202535331/MARL/pymarl-monotone-qmix/3rdparty/StarCraftII/stableid.json
Successfully loaded stable ids: GameData\stableid.json
Sending ResponseJoinGame
[INFO 18:31:23] my_main t_env: 923807 / 2050000
[INFO 18:31:23] my_main Estimated time left: 5 hours, 20 minutes, 58 seconds. Time passed: 3 hours, 55 minutes, 8 seconds
[INFO 18:31:44] my_main Recent Stats | t_env:     923807 | Episode:    16594
battle_won_mean:           0.0000	dead_allies_mean:          2.8197	dead_enemies_mean:         0.9501	div_coef:                578.2149
div_loss:                 -0.0001	ep_length_mean:          109.9846	epsilon:                   0.0500	grad_norm:                 0.2918
loss:                     -0.0449	loss_td:                   0.0122	q_taken_mean:              0.9299	return_mean:              10.7008
return_std:                1.9779	target_mean:               0.9298	td_error_abs:              0.0757	test_battle_won_mean:      0.0000
test_dead_allies_mean:     2.7750	test_dead_enemies_mean:    1.3375	test_ep_length_mean:     116.9875	test_return_mean:         11.8679
test_return_std:           2.1623	
[INFO 18:31:53] my_main Updated target network
[INFO 18:34:14] my_main t_env: 933882 / 2050000
[INFO 18:34:14] my_main Estimated time left: 5 hours, 15 minutes, 52 seconds. Time passed: 3 hours, 58 minutes, 0 seconds
[INFO 18:34:32] my_main Recent Stats | t_env:     933882 | Episode:    16699
battle_won_mean:           0.0000	dead_allies_mean:          2.8407	dead_enemies_mean:         0.9393	div_coef:                579.9575
div_loss:                 -0.0001	ep_length_mean:          106.3369	epsilon:                   0.0500	grad_norm:                 0.1795
loss:                     -0.0470	loss_td:                   0.0112	q_taken_mean:              0.9268	return_mean:              10.6420
return_std:                2.0023	target_mean:               0.9227	td_error_abs:              0.0695	test_battle_won_mean:      0.0000
test_dead_allies_mean:     2.7500	test_dead_enemies_mean:    1.3125	test_ep_length_mean:     121.7438	test_return_mean:         12.0717
test_return_std:           2.3119	
[INFO 18:36:50] my_main t_env: 943921 / 2050000
[INFO 18:36:50] my_main Estimated time left: 4 hours, 46 minutes, 31 seconds. Time passed: 4 hours, 36 seconds
[INFO 18:37:04] my_main Recent Stats | t_env:     943921 | Episode:    16790
battle_won_mean:           0.0000	dead_allies_mean:          2.8455	dead_enemies_mean:         0.9284	div_coef:                578.2463
div_loss:                 -0.0001	ep_length_mean:          106.1073	epsilon:                   0.0500	grad_norm:                 0.2076
loss:                     -0.0473	loss_td:                   0.0113	q_taken_mean:              0.9245	return_mean:              10.6686
return_std:                1.9656	target_mean:               0.9196	td_error_abs:              0.0691	test_battle_won_mean:      0.0000
test_dead_allies_mean:     2.7750	test_dead_enemies_mean:    1.3562	test_ep_length_mean:     119.5750	test_return_mean:         12.0858
test_return_std:           2.3270	
[INFO 18:37:20] my_main Updated target network
[INFO 18:39:36] my_main t_env: 954074 / 2050000
[INFO 18:39:36] my_main Estimated time left: 4 hours, 58 minutes, 29 seconds. Time passed: 4 hours, 3 minutes, 21 seconds
[INFO 18:39:51] my_main Recent Stats | t_env:     954074 | Episode:    16892
battle_won_mean:           0.0000	dead_allies_mean:          2.8558	dead_enemies_mean:         0.8351	div_coef:                580.3427
div_loss:                 -0.0001	ep_length_mean:          102.0532	epsilon:                   0.0500	grad_norm:                 0.2005
loss:                     -0.0476	loss_td:                   0.0115	q_taken_mean:              0.8923	return_mean:              10.6198
return_std:                2.0570	target_mean:               0.8866	td_error_abs:              0.0690	test_battle_won_mean:      0.0000
test_dead_allies_mean:     2.8250	test_dead_enemies_mean:    1.2937	test_ep_length_mean:     113.1750	test_return_mean:         12.0413
test_return_std:           2.3116	
[INFO 18:42:19] my_main t_env: 964107 / 2050000
[INFO 18:42:19] my_main Estimated time left: 4 hours, 54 minutes, 54 seconds. Time passed: 4 hours, 6 minutes, 5 seconds
[INFO 18:42:39] my_main Recent Stats | t_env:     964107 | Episode:    16992
battle_won_mean:           0.0000	dead_allies_mean:          2.8734	dead_enemies_mean:         0.7832	div_coef:                588.9063
div_loss:                 -0.0001	ep_length_mean:          101.0203	epsilon:                   0.0500	grad_norm:                 0.1814
loss:                     -0.0487	loss_td:                   0.0116	q_taken_mean:              0.8885	return_mean:              10.6590
return_std:                2.1364	target_mean:               0.8834	td_error_abs:              0.0684	test_battle_won_mean:      0.0000
test_dead_allies_mean:     2.8188	test_dead_enemies_mean:    1.2000	test_ep_length_mean:     116.1125	test_return_mean:         12.1919
test_return_std:           2.3886	
[INFO 18:42:54] my_main Updated target network
RequestQuit command received.
DataHandler: unable to parse websocket frame.
Closing Application...
CloseHandler: 127.0.0.1:45638 disconnected
ResponseThread: No connection, dropping the response.
[INFO 18:43:28] absl Shutdown gracefully.
[INFO 18:43:28] absl Shutdown with return code: -15
[INFO 18:43:28] absl Launching SC2: /labmount/users/202535331/MARL/pymarl-monotone-qmix/3rdparty/StarCraftII/Versions/Base75689/SC2_x64 -listen 127.0.0.1 -port 37887 -dataDir /labmount/users/202535331/MARL/pymarl-monotone-qmix/3rdparty/StarCraftII/ -tempDir /tmp/sc-jaxeshw5/
[INFO 18:43:28] absl Connecting to: ws://127.0.0.1:37887/sc2api, attempt: 0, running: True
Version: B75689 (SC2.4.10)
Build: Aug 12 2019 17:16:57
Command Line: '"/labmount/users/202535331/MARL/pymarl-monotone-qmix/3rdparty/StarCraftII/Versions/Base75689/SC2_x64" -listen 127.0.0.1 -port 37887 -dataDir /labmount/users/202535331/MARL/pymarl-monotone-qmix/3rdparty/StarCraftII/ -tempDir /tmp/sc-jaxeshw5/'
Starting up...
Startup Phase 1 complete
[INFO 18:43:29] absl Connecting to: ws://127.0.0.1:37887/sc2api, attempt: 1, running: True
Startup Phase 2 complete
Creating stub renderer...
Listening on: 127.0.0.1:37887
Startup Phase 3 complete. Ready for commands.
[INFO 18:43:30] absl Connecting to: ws://127.0.0.1:37887/sc2api, attempt: 2, running: True
ConnectHandler: Request from 127.0.0.1:56052 accepted
ReadyHandler: 127.0.0.1:56052 ready
Requesting to join a single player game
Configuring interface options
Configure: raw interface enabled
Configure: feature layer interface disabled
Configure: score interface disabled
Configure: render interface disabled
Launching next game.
Next launch phase started: 2
Next launch phase started: 3
Next launch phase started: 4
Next launch phase started: 5
Next launch phase started: 6
Next launch phase started: 7
Next launch phase started: 8
Game has started.
Using default stable ids, none found at: /labmount/users/202535331/MARL/pymarl-monotone-qmix/3rdparty/StarCraftII/stableid.json
Successfully loaded stable ids: GameData\stableid.json
Sending ResponseJoinGame
[INFO 18:44:58] my_main t_env: 974217 / 2050000
[INFO 18:44:58] my_main Estimated time left: 4 hours, 41 minutes, 7 seconds. Time passed: 4 hours, 8 minutes, 43 seconds
[INFO 18:45:18] my_main Recent Stats | t_env:     974217 | Episode:    17078
battle_won_mean:           0.0000	dead_allies_mean:          2.8572	dead_enemies_mean:         0.7503	div_coef:                591.2521
div_loss:                 -0.0001	ep_length_mean:          104.7397	epsilon:                   0.0500	grad_norm:                 0.1635
loss:                     -0.0484	loss_td:                   0.0120	q_taken_mean:              0.8949	return_mean:              10.8379
return_std:                2.2385	target_mean:               0.8904	td_error_abs:              0.0693	test_battle_won_mean:      0.0000
test_dead_allies_mean:     2.8563	test_dead_enemies_mean:    1.1500	test_ep_length_mean:     113.5125	test_return_mean:         12.1303
test_return_std:           2.3600	
[INFO 18:47:27] my_main t_env: 984239 / 2050000
[INFO 18:47:27] my_main Estimated time left: 4 hours, 23 minutes, 47 seconds. Time passed: 4 hours, 11 minutes, 12 seconds
[INFO 18:47:45] my_main Recent Stats | t_env:     984239 | Episode:    17160
battle_won_mean:           0.0000	dead_allies_mean:          2.8305	dead_enemies_mean:         0.7339	div_coef:                602.9887
div_loss:                 -0.0001	ep_length_mean:          109.9931	epsilon:                   0.0500	grad_norm:                 0.1728
loss:                     -0.0488	loss_td:                   0.0124	q_taken_mean:              0.9156	return_mean:              11.0071
return_std:                2.3162	target_mean:               0.9101	td_error_abs:              0.0717	test_battle_won_mean:      0.0000
test_dead_allies_mean:     2.8500	test_dead_enemies_mean:    1.1812	test_ep_length_mean:     113.5500	test_return_mean:         12.1084
test_return_std:           2.1729	
[INFO 18:48:48] my_main Updated target network
[INFO 18:50:03] my_main t_env: 994276 / 2050000
[INFO 18:50:03] my_main Estimated time left: 4 hours, 33 minutes, 19 seconds. Time passed: 4 hours, 13 minutes, 48 seconds
[INFO 18:50:22] my_main Recent Stats | t_env:     994276 | Episode:    17247
battle_won_mean:           0.0023	dead_allies_mean:          2.8198	dead_enemies_mean:         0.7331	div_coef:                613.5882
div_loss:                 -0.0001	ep_length_mean:          111.0029	epsilon:                   0.0500	grad_norm:                 0.1547
loss:                     -0.0492	loss_td:                   0.0128	q_taken_mean:              0.9351	return_mean:              11.1100
return_std:                2.4531	target_mean:               0.9300	td_error_abs:              0.0739	test_battle_won_mean:      0.0125
test_dead_allies_mean:     2.7875	test_dead_enemies_mean:    1.1438	test_ep_length_mean:     121.0812	test_return_mean:         12.3680
test_return_std:           2.5440	
[INFO 18:52:26] my_main t_env: 1004311 / 2050000
[INFO 18:52:26] my_main Estimated time left: 4 hours, 8 minutes, 39 seconds. Time passed: 4 hours, 16 minutes, 11 seconds
[INFO 18:52:46] my_main Recent Stats | t_env:    1004311 | Episode:    17322
battle_won_mean:           0.0023	dead_allies_mean:          2.7866	dead_enemies_mean:         0.7764	div_coef:                629.7818
div_loss:                 -0.0001	ep_length_mean:          117.8551	epsilon:                   0.0500	grad_norm:                 0.2077
loss:                     -0.0506	loss_td:                   0.0131	q_taken_mean:              0.9803	return_mean:              11.2322
return_std:                2.4628	target_mean:               0.9726	td_error_abs:              0.0769	test_battle_won_mean:      0.0125
test_dead_allies_mean:     2.7313	test_dead_enemies_mean:    1.3125	test_ep_length_mean:     128.9750	test_return_mean:         12.4982
test_return_std:           2.6319	
[INFO 18:54:52] my_main t_env: 1014344 / 2050000
[INFO 18:54:52] my_main Estimated time left: 4 hours, 11 minutes, 34 seconds. Time passed: 4 hours, 18 minutes, 38 seconds
RequestQuit command received.
Closing Application...
DataHandler: unable to parse websocket frame.
CloseHandler: 127.0.0.1:56052 disconnected
[INFO 18:55:04] absl Shutdown gracefully.
[INFO 18:55:04] absl Shutdown with return code: -15
[INFO 18:55:04] absl Launching SC2: /labmount/users/202535331/MARL/pymarl-monotone-qmix/3rdparty/StarCraftII/Versions/Base75689/SC2_x64 -listen 127.0.0.1 -port 37059 -dataDir /labmount/users/202535331/MARL/pymarl-monotone-qmix/3rdparty/StarCraftII/ -tempDir /tmp/sc-jfzryf7e/
[INFO 18:55:04] absl Connecting to: ws://127.0.0.1:37059/sc2api, attempt: 0, running: True
Version: B75689 (SC2.4.10)
Build: Aug 12 2019 17:16:57
Command Line: '"/labmount/users/202535331/MARL/pymarl-monotone-qmix/3rdparty/StarCraftII/Versions/Base75689/SC2_x64" -listen 127.0.0.1 -port 37059 -dataDir /labmount/users/202535331/MARL/pymarl-monotone-qmix/3rdparty/StarCraftII/ -tempDir /tmp/sc-jfzryf7e/'
Starting up...
Startup Phase 1 complete
[INFO 18:55:05] absl Connecting to: ws://127.0.0.1:37059/sc2api, attempt: 1, running: True
Startup Phase 2 complete
Creating stub renderer...
Listening on: 127.0.0.1:37059
Startup Phase 3 complete. Ready for commands.
[INFO 18:55:06] absl Connecting to: ws://127.0.0.1:37059/sc2api, attempt: 2, running: True
ConnectHandler: Request from 127.0.0.1:45410 accepted
ReadyHandler: 127.0.0.1:45410 ready
Requesting to join a single player game
Configuring interface options
Configure: raw interface enabled
Configure: feature layer interface disabled
Configure: score interface disabled
Configure: render interface disabled
Launching next game.
Next launch phase started: 2
Next launch phase started: 3
Next launch phase started: 4
Next launch phase started: 5
Next launch phase started: 6
Next launch phase started: 7
Next launch phase started: 8
Game has started.
Using default stable ids, none found at: /labmount/users/202535331/MARL/pymarl-monotone-qmix/3rdparty/StarCraftII/stableid.json
Successfully loaded stable ids: GameData\stableid.json
Sending ResponseJoinGame
[INFO 18:55:16] my_main Recent Stats | t_env:    1014344 | Episode:    17399
battle_won_mean:           0.0023	dead_allies_mean:          2.7428	dead_enemies_mean:         0.9042	div_coef:                638.3285
div_loss:                 -0.0001	ep_length_mean:          123.8488	epsilon:                   0.0500	grad_norm:                 0.2575
loss:                     -0.0506	loss_td:                   0.0129	q_taken_mean:              0.9376	return_mean:              11.5058
return_std:                2.5888	target_mean:               0.9340	td_error_abs:              0.0775	test_battle_won_mean:      0.0125
test_dead_allies_mean:     2.7062	test_dead_enemies_mean:    1.3500	test_ep_length_mean:     126.8000	test_return_mean:         12.3459
test_return_std:           2.5919	
[INFO 18:55:19] my_main Updated target network
[INFO 18:57:21] my_main t_env: 1024560 / 2050000
[INFO 18:57:21] my_main Estimated time left: 4 hours, 8 minutes, 44 seconds. Time passed: 4 hours, 21 minutes, 6 seconds
[INFO 18:57:44] my_main Recent Stats | t_env:    1024560 | Episode:    17474
battle_won_mean:           0.0050	dead_allies_mean:          2.7220	dead_enemies_mean:         0.9650	div_coef:                651.2047
div_loss:                 -0.0001	ep_length_mean:          127.5799	epsilon:                   0.0500	grad_norm:                 0.2353
loss:                     -0.0513	loss_td:                   0.0121	q_taken_mean:              0.9210	return_mean:              11.6111
return_std:                2.6915	target_mean:               0.9182	td_error_abs:              0.0748	test_battle_won_mean:      0.0125
test_dead_allies_mean:     2.6625	test_dead_enemies_mean:    1.4500	test_ep_length_mean:     130.8688	test_return_mean:         12.6612
test_return_std:           2.8990	
[INFO 18:59:54] my_main t_env: 1034754 / 2050000
[INFO 18:59:54] my_main Estimated time left: 4 hours, 14 minutes, 6 seconds. Time passed: 4 hours, 23 minutes, 39 seconds
[INFO 19:00:15] my_main Recent Stats | t_env:    1034754 | Episode:    17554
battle_won_mean:           0.0050	dead_allies_mean:          2.7034	dead_enemies_mean:         0.9742	div_coef:                663.5459
div_loss:                 -0.0001	ep_length_mean:          128.6210	epsilon:                   0.0500	grad_norm:                 0.3158
loss:                     -0.0515	loss_td:                   0.0126	q_taken_mean:              0.8980	return_mean:              11.6703
return_std:                2.8473	target_mean:               0.8923	td_error_abs:              0.0760	test_battle_won_mean:      0.0125
test_dead_allies_mean:     2.6562	test_dead_enemies_mean:    1.4250	test_ep_length_mean:     133.5687	test_return_mean:         12.7908
test_return_std:           2.9940	
[INFO 19:01:34] my_main Updated target network
[INFO 19:02:10] my_main t_env: 1044787 / 2050000
[INFO 19:02:10] my_main Estimated time left: 3 hours, 47 minutes, 18 seconds. Time passed: 4 hours, 25 minutes, 56 seconds
[INFO 19:02:33] my_main Recent Stats | t_env:    1044787 | Episode:    17622
battle_won_mean:           0.0027	dead_allies_mean:          2.6706	dead_enemies_mean:         0.9838	div_coef:                675.4033
div_loss:                 -0.0001	ep_length_mean:          135.0562	epsilon:                   0.0500	grad_norm:                 0.2750
loss:                     -0.0523	loss_td:                   0.0126	q_taken_mean:              0.9196	return_mean:              11.8145
return_std:                2.8812	target_mean:               0.9157	td_error_abs:              0.0760	test_battle_won_mean:      0.0000
test_dead_allies_mean:     2.6437	test_dead_enemies_mean:    1.4062	test_ep_length_mean:     136.8313	test_return_mean:         12.7487
test_return_std:           2.8048	
[INFO 19:04:39] my_main t_env: 1054860 / 2050000
[INFO 19:04:39] my_main Estimated time left: 4 hours, 5 minutes, 29 seconds. Time passed: 4 hours, 28 minutes, 25 seconds
[INFO 19:05:01] my_main Recent Stats | t_env:    1054860 | Episode:    17698
battle_won_mean:           0.0027	dead_allies_mean:          2.6635	dead_enemies_mean:         1.0130	div_coef:                680.0643
div_loss:                 -0.0001	ep_length_mean:          134.8041	epsilon:                   0.0500	grad_norm:                 0.2667
loss:                     -0.0531	loss_td:                   0.0123	q_taken_mean:              0.8765	return_mean:              11.8801
return_std:                2.9701	target_mean:               0.8775	td_error_abs:              0.0754	test_battle_won_mean:      0.0187
test_dead_allies_mean:     2.6000	test_dead_enemies_mean:    1.4000	test_ep_length_mean:     138.3000	test_return_mean:         13.1122
test_return_std:           3.1408	
RequestQuit command received.
DataHandler: unable to parse websocket frame.
Closing Application...
CloseHandler: 127.0.0.1:45410 disconnected
ResponseThread: No connection, dropping the response.
[INFO 19:06:10] absl Shutdown gracefully.
[INFO 19:06:10] absl Shutdown with return code: -15
[INFO 19:06:10] absl Launching SC2: /labmount/users/202535331/MARL/pymarl-monotone-qmix/3rdparty/StarCraftII/Versions/Base75689/SC2_x64 -listen 127.0.0.1 -port 41289 -dataDir /labmount/users/202535331/MARL/pymarl-monotone-qmix/3rdparty/StarCraftII/ -tempDir /tmp/sc-2jwflagy/
[INFO 19:06:10] absl Connecting to: ws://127.0.0.1:41289/sc2api, attempt: 0, running: True
Version: B75689 (SC2.4.10)
Build: Aug 12 2019 17:16:57
Command Line: '"/labmount/users/202535331/MARL/pymarl-monotone-qmix/3rdparty/StarCraftII/Versions/Base75689/SC2_x64" -listen 127.0.0.1 -port 41289 -dataDir /labmount/users/202535331/MARL/pymarl-monotone-qmix/3rdparty/StarCraftII/ -tempDir /tmp/sc-2jwflagy/'
Starting up...
Startup Phase 1 complete
[INFO 19:06:11] absl Connecting to: ws://127.0.0.1:41289/sc2api, attempt: 1, running: True
Startup Phase 2 complete
Creating stub renderer...
Listening on: 127.0.0.1:41289
Startup Phase 3 complete. Ready for commands.
[INFO 19:06:12] absl Connecting to: ws://127.0.0.1:41289/sc2api, attempt: 2, running: True
ConnectHandler: Request from 127.0.0.1:43708 accepted
ReadyHandler: 127.0.0.1:43708 ready
Requesting to join a single player game
Configuring interface options
Configure: raw interface enabled
Configure: feature layer interface disabled
Configure: score interface disabled
Configure: render interface disabled
Launching next game.
Next launch phase started: 2
Next launch phase started: 3
Next launch phase started: 4
Next launch phase started: 5
Next launch phase started: 6
Next launch phase started: 7
Next launch phase started: 8
Game has started.
Using default stable ids, none found at: /labmount/users/202535331/MARL/pymarl-monotone-qmix/3rdparty/StarCraftII/stableid.json
Successfully loaded stable ids: GameData\stableid.json
Sending ResponseJoinGame
[INFO 19:07:19] my_main t_env: 1064906 / 2050000
[INFO 19:07:19] my_main Estimated time left: 4 hours, 21 minutes, 59 seconds. Time passed: 4 hours, 31 minutes, 5 seconds
[INFO 19:07:40] my_main Recent Stats | t_env:    1064906 | Episode:    17780
battle_won_mean:           0.0027	dead_allies_mean:          2.6793	dead_enemies_mean:         0.9890	div_coef:                682.7306
div_loss:                 -0.0001	ep_length_mean:          133.2468	epsilon:                   0.0500	grad_norm:                 0.2334
loss:                     -0.0543	loss_td:                   0.0122	q_taken_mean:              0.9050	return_mean:              11.8569
return_std:                3.0572	target_mean:               0.9014	td_error_abs:              0.0742	test_battle_won_mean:      0.0187
test_dead_allies_mean:     2.6063	test_dead_enemies_mean:    1.4062	test_ep_length_mean:     141.0250	test_return_mean:         13.1698
test_return_std:           3.1837	
[INFO 19:08:17] my_main Updated target network
[INFO 19:09:42] my_main t_env: 1075005 / 2050000
[INFO 19:09:42] my_main Estimated time left: 3 hours, 49 minutes, 38 seconds. Time passed: 4 hours, 33 minutes, 28 seconds
[INFO 19:10:07] my_main Recent Stats | t_env:    1075005 | Episode:    17851
battle_won_mean:           0.0056	dead_allies_mean:          2.6894	dead_enemies_mean:         1.0370	div_coef:                677.9743
div_loss:                 -0.0001	ep_length_mean:          134.4520	epsilon:                   0.0500	grad_norm:                 0.2786
loss:                     -0.0545	loss_td:                   0.0129	q_taken_mean:              0.9067	return_mean:              12.0251
return_std:                3.1708	target_mean:               0.9014	td_error_abs:              0.0763	test_battle_won_mean:      0.0563
test_dead_allies_mean:     2.5500	test_dead_enemies_mean:    1.5000	test_ep_length_mean:     143.0188	test_return_mean:         13.3829
test_return_std:           3.4246	
[INFO 19:12:07] my_main t_env: 1085170 / 2050000
[INFO 19:12:07] my_main Estimated time left: 3 hours, 49 minutes, 19 seconds. Time passed: 4 hours, 35 minutes, 53 seconds
[INFO 19:12:30] my_main Recent Stats | t_env:    1085170 | Episode:    17921
battle_won_mean:           0.0085	dead_allies_mean:          2.6690	dead_enemies_mean:         1.0624	div_coef:                679.6140
div_loss:                 -0.0001	ep_length_mean:          138.0099	epsilon:                   0.0500	grad_norm:                 0.2132
loss:                     -0.0559	loss_td:                   0.0129	q_taken_mean:              0.8948	return_mean:              12.0729
return_std:                3.2246	target_mean:               0.8942	td_error_abs:              0.0748	test_battle_won_mean:      0.0750
test_dead_allies_mean:     2.5250	test_dead_enemies_mean:    1.6062	test_ep_length_mean:     145.2063	test_return_mean:         13.6802
test_return_std:           3.7991	
[INFO 19:14:27] my_main t_env: 1095408 / 2050000
[INFO 19:14:27] my_main Estimated time left: 3 hours, 37 minutes, 41 seconds. Time passed: 4 hours, 38 minutes, 13 seconds
[INFO 19:14:53] my_main Recent Stats | t_env:    1095408 | Episode:    17987
battle_won_mean:           0.0115	dead_allies_mean:          2.6667	dead_enemies_mean:         1.1682	div_coef:                675.5938
div_loss:                 -0.0001	ep_length_mean:          139.5253	epsilon:                   0.0500	grad_norm:                 0.2282
loss:                     -0.0568	loss_td:                   0.0128	q_taken_mean:              0.8678	return_mean:              12.3684
return_std:                3.3573	target_mean:               0.8663	td_error_abs:              0.0745	test_battle_won_mean:      0.0875
test_dead_allies_mean:     2.4937	test_dead_enemies_mean:    1.6938	test_ep_length_mean:     148.5563	test_return_mean:         14.2880
test_return_std:           3.9930	
[INFO 19:15:19] my_main Updated target network
[INFO 19:16:49] my_main t_env: 1105564 / 2050000
[INFO 19:16:49] my_main Estimated time left: 3 hours, 40 minutes, 16 seconds. Time passed: 4 hours, 40 minutes, 35 seconds
RequestQuit command received.
Closing Application...
DataHandler: unable to parse websocket frame.
CloseHandler: 127.0.0.1:43708 disconnected
[INFO 19:16:53] absl Shutdown gracefully.
[INFO 19:16:53] absl Shutdown with return code: -15
[INFO 19:16:53] absl Launching SC2: /labmount/users/202535331/MARL/pymarl-monotone-qmix/3rdparty/StarCraftII/Versions/Base75689/SC2_x64 -listen 127.0.0.1 -port 43223 -dataDir /labmount/users/202535331/MARL/pymarl-monotone-qmix/3rdparty/StarCraftII/ -tempDir /tmp/sc-3feop11y/
[INFO 19:16:53] absl Connecting to: ws://127.0.0.1:43223/sc2api, attempt: 0, running: True
Version: B75689 (SC2.4.10)
Build: Aug 12 2019 17:16:57
Command Line: '"/labmount/users/202535331/MARL/pymarl-monotone-qmix/3rdparty/StarCraftII/Versions/Base75689/SC2_x64" -listen 127.0.0.1 -port 43223 -dataDir /labmount/users/202535331/MARL/pymarl-monotone-qmix/3rdparty/StarCraftII/ -tempDir /tmp/sc-3feop11y/'
Starting up...
Startup Phase 1 complete
[INFO 19:16:54] absl Connecting to: ws://127.0.0.1:43223/sc2api, attempt: 1, running: True
Startup Phase 2 complete
Creating stub renderer...
Listening on: 127.0.0.1:43223
Startup Phase 3 complete. Ready for commands.
[INFO 19:16:55] absl Connecting to: ws://127.0.0.1:43223/sc2api, attempt: 2, running: True
ConnectHandler: Request from 127.0.0.1:38906 accepted
ReadyHandler: 127.0.0.1:38906 ready
Requesting to join a single player game
Configuring interface options
Configure: raw interface enabled
Configure: feature layer interface disabled
Configure: score interface disabled
Configure: render interface disabled
Launching next game.
Next launch phase started: 2
Next launch phase started: 3
Next launch phase started: 4
Next launch phase started: 5
Next launch phase started: 6
Next launch phase started: 7
Next launch phase started: 8
Game has started.
Using default stable ids, none found at: /labmount/users/202535331/MARL/pymarl-monotone-qmix/3rdparty/StarCraftII/stableid.json
Successfully loaded stable ids: GameData\stableid.json
Sending ResponseJoinGame
[INFO 19:17:21] my_main Recent Stats | t_env:    1105564 | Episode:    18052
battle_won_mean:           0.0146	dead_allies_mean:          2.6432	dead_enemies_mean:         1.2249	div_coef:                666.2776
div_loss:                 -0.0001	ep_length_mean:          144.2667	epsilon:                   0.0500	grad_norm:                 0.2120
loss:                     -0.0565	loss_td:                   0.0130	q_taken_mean:              0.8710	return_mean:              12.6072
return_std:                3.4799	target_mean:               0.8654	td_error_abs:              0.0726	test_battle_won_mean:      0.0688
test_dead_allies_mean:     2.4562	test_dead_enemies_mean:    1.6438	test_ep_length_mean:     153.3938	test_return_mean:         13.9960
test_return_std:           3.7507	
[INFO 19:19:19] my_main t_env: 1115597 / 2050000
[INFO 19:19:19] my_main Estimated time left: 3 hours, 52 minutes, 15 seconds. Time passed: 4 hours, 43 minutes, 4 seconds
[INFO 19:19:40] my_main Recent Stats | t_env:    1115597 | Episode:    18119
battle_won_mean:           0.0176	dead_allies_mean:          2.5886	dead_enemies_mean:         1.2629	div_coef:                665.4332
div_loss:                 -0.0001	ep_length_mean:          149.7135	epsilon:                   0.0500	grad_norm:                 0.2478
loss:                     -0.0566	loss_td:                   0.0135	q_taken_mean:              0.8673	return_mean:              12.7248
return_std:                3.4891	target_mean:               0.8663	td_error_abs:              0.0751	test_battle_won_mean:      0.0813
test_dead_allies_mean:     2.4500	test_dead_enemies_mean:    1.6938	test_ep_length_mean:     153.6375	test_return_mean:         14.1750
test_return_std:           3.8949	
[INFO 19:21:40] my_main t_env: 1125613 / 2050000
[INFO 19:21:40] my_main Estimated time left: 3 hours, 36 minutes, 43 seconds. Time passed: 4 hours, 45 minutes, 25 seconds
[INFO 19:22:10] my_main Recent Stats | t_env:    1125613 | Episode:    18186
battle_won_mean:           0.0179	dead_allies_mean:          2.5611	dead_enemies_mean:         1.2241	div_coef:                671.8061
div_loss:                 -0.0001	ep_length_mean:          151.1641	epsilon:                   0.0500	grad_norm:                 0.2203
loss:                     -0.0579	loss_td:                   0.0131	q_taken_mean:              0.8823	return_mean:              12.6138
return_std:                3.4400	target_mean:               0.8826	td_error_abs:              0.0738	test_battle_won_mean:      0.0750
test_dead_allies_mean:     2.4438	test_dead_enemies_mean:    1.7563	test_ep_length_mean:     160.8313	test_return_mean:         14.4649
test_return_std:           3.6698	
[INFO 19:22:35] my_main Updated target network
[INFO 19:24:14] my_main t_env: 1135648 / 2050000
[INFO 19:24:14] my_main Estimated time left: 3 hours, 54 minutes, 34 seconds. Time passed: 4 hours, 48 minutes, 0 seconds
[INFO 19:24:40] my_main Recent Stats | t_env:    1135648 | Episode:    18258
battle_won_mean:           0.0234	dead_allies_mean:          2.5661	dead_enemies_mean:         1.2657	div_coef:                667.6562
div_loss:                 -0.0001	ep_length_mean:          149.9962	epsilon:                   0.0500	grad_norm:                 0.2578
loss:                     -0.0576	loss_td:                   0.0131	q_taken_mean:              0.8695	return_mean:              12.7688
return_std:                3.5222	target_mean:               0.8714	td_error_abs:              0.0754	test_battle_won_mean:      0.0750
test_dead_allies_mean:     2.4125	test_dead_enemies_mean:    1.8687	test_ep_length_mean:     163.8500	test_return_mean:         14.5672
test_return_std:           3.7387	
[INFO 19:26:33] my_main t_env: 1145697 / 2050000
[INFO 19:26:33] my_main Estimated time left: 3 hours, 28 minutes, 12 seconds. Time passed: 4 hours, 50 minutes, 19 seconds
RequestQuit command received.
Closing Application...
DataHandler: unable to parse websocket frame.
CloseHandler: 127.0.0.1:38906 disconnected
[INFO 19:26:58] absl Shutdown gracefully.
[INFO 19:26:58] absl Shutdown with return code: -15
[INFO 19:26:58] absl Launching SC2: /labmount/users/202535331/MARL/pymarl-monotone-qmix/3rdparty/StarCraftII/Versions/Base75689/SC2_x64 -listen 127.0.0.1 -port 43161 -dataDir /labmount/users/202535331/MARL/pymarl-monotone-qmix/3rdparty/StarCraftII/ -tempDir /tmp/sc-tukqtt03/
[INFO 19:26:58] absl Connecting to: ws://127.0.0.1:43161/sc2api, attempt: 0, running: True
Version: B75689 (SC2.4.10)
Build: Aug 12 2019 17:16:57
Command Line: '"/labmount/users/202535331/MARL/pymarl-monotone-qmix/3rdparty/StarCraftII/Versions/Base75689/SC2_x64" -listen 127.0.0.1 -port 43161 -dataDir /labmount/users/202535331/MARL/pymarl-monotone-qmix/3rdparty/StarCraftII/ -tempDir /tmp/sc-tukqtt03/'
Starting up...
Startup Phase 1 complete
[INFO 19:26:59] absl Connecting to: ws://127.0.0.1:43161/sc2api, attempt: 1, running: True
Startup Phase 2 complete
Creating stub renderer...
Listening on: 127.0.0.1:43161
Startup Phase 3 complete. Ready for commands.
[INFO 19:27:00] absl Connecting to: ws://127.0.0.1:43161/sc2api, attempt: 2, running: True
ConnectHandler: Request from 127.0.0.1:37116 accepted
ReadyHandler: 127.0.0.1:37116 ready
Requesting to join a single player game
Configuring interface options
Configure: raw interface enabled
Configure: feature layer interface disabled
Configure: score interface disabled
Configure: render interface disabled
Launching next game.
Next launch phase started: 2
Next launch phase started: 3
Next launch phase started: 4
Next launch phase started: 5
Next launch phase started: 6
Next launch phase started: 7
Next launch phase started: 8
Game has started.
Using default stable ids, none found at: /labmount/users/202535331/MARL/pymarl-monotone-qmix/3rdparty/StarCraftII/stableid.json
Successfully loaded stable ids: GameData\stableid.json
Sending ResponseJoinGame
[INFO 19:27:03] my_main Recent Stats | t_env:    1145697 | Episode:    18322
battle_won_mean:           0.0297	dead_allies_mean:          2.5449	dead_enemies_mean:         1.2844	div_coef:                669.7340
div_loss:                 -0.0001	ep_length_mean:          150.3751	epsilon:                   0.0500	grad_norm:                 0.2435
loss:                     -0.0577	loss_td:                   0.0131	q_taken_mean:              0.8724	return_mean:              12.7528
return_std:                3.5797	target_mean:               0.8751	td_error_abs:              0.0752	test_battle_won_mean:      0.0813
test_dead_allies_mean:     2.3625	test_dead_enemies_mean:    1.8438	test_ep_length_mean:     162.5188	test_return_mean:         14.2453
test_return_std:           3.9209	
[INFO 19:28:56] my_main t_env: 1155730 / 2050000
[INFO 19:28:56] my_main Estimated time left: 3 hours, 32 minutes, 40 seconds. Time passed: 4 hours, 52 minutes, 42 seconds
[INFO 19:29:24] my_main Recent Stats | t_env:    1155730 | Episode:    18387
battle_won_mean:           0.0359	dead_allies_mean:          2.5542	dead_enemies_mean:         1.2844	div_coef:                680.2841
div_loss:                 -0.0001	ep_length_mean:          149.9967	epsilon:                   0.0500	grad_norm:                 0.2740
loss:                     -0.0580	loss_td:                   0.0133	q_taken_mean:              0.8791	return_mean:              12.8302
return_std:                3.6828	target_mean:               0.8807	td_error_abs:              0.0768	test_battle_won_mean:      0.1250
test_dead_allies_mean:     2.3500	test_dead_enemies_mean:    2.0562	test_ep_length_mean:     164.7438	test_return_mean:         14.9998
test_return_std:           4.1721	
[INFO 19:29:47] my_main Updated target network
[INFO 19:31:15] my_main t_env: 1165731 / 2050000
[INFO 19:31:15] my_main Estimated time left: 3 hours, 24 minutes, 47 seconds. Time passed: 4 hours, 55 minutes, 1 seconds
[INFO 19:31:41] my_main Recent Stats | t_env:    1165731 | Episode:    18449
battle_won_mean:           0.0394	dead_allies_mean:          2.5559	dead_enemies_mean:         1.3011	div_coef:                682.1644
div_loss:                 -0.0001	ep_length_mean:          152.3087	epsilon:                   0.0500	grad_norm:                 0.2357
loss:                     -0.0578	loss_td:                   0.0134	q_taken_mean:              0.8801	return_mean:              12.9640
return_std:                3.8141	target_mean:               0.8773	td_error_abs:              0.0749	test_battle_won_mean:      0.1375
test_dead_allies_mean:     2.2250	test_dead_enemies_mean:    2.1750	test_ep_length_mean:     171.7562	test_return_mean:         15.3872
test_return_std:           4.3146	
[INFO 19:33:35] my_main t_env: 1175742 / 2050000
[INFO 19:33:35] my_main Estimated time left: 3 hours, 23 minutes, 49 seconds. Time passed: 4 hours, 57 minutes, 21 seconds
[INFO 19:34:04] my_main Recent Stats | t_env:    1175742 | Episode:    18513
battle_won_mean:           0.0365	dead_allies_mean:          2.5548	dead_enemies_mean:         1.3455	div_coef:                683.9741
div_loss:                 -0.0001	ep_length_mean:          153.6946	epsilon:                   0.0500	grad_norm:                 0.2539
loss:                     -0.0577	loss_td:                   0.0138	q_taken_mean:              0.8514	return_mean:              13.1760
return_std:                3.9574	target_mean:               0.8479	td_error_abs:              0.0754	test_battle_won_mean:      0.1500
test_dead_allies_mean:     2.1750	test_dead_enemies_mean:    2.1625	test_ep_length_mean:     169.0938	test_return_mean:         15.2157
test_return_std:           4.5535	
[INFO 19:35:59] my_main t_env: 1185776 / 2050000
[INFO 19:35:59] my_main Estimated time left: 3 hours, 26 minutes, 34 seconds. Time passed: 4 hours, 59 minutes, 45 seconds
[INFO 19:36:24] my_main Recent Stats | t_env:    1185776 | Episode:    18577
battle_won_mean:           0.0344	dead_allies_mean:          2.5264	dead_enemies_mean:         1.3948	div_coef:                687.4846
div_loss:                 -0.0001	ep_length_mean:          157.1758	epsilon:                   0.0500	grad_norm:                 0.2121
loss:                     -0.0580	loss_td:                   0.0138	q_taken_mean:              0.8819	return_mean:              13.3554
return_std:                4.0110	target_mean:               0.8767	td_error_abs:              0.0748	test_battle_won_mean:      0.1875
test_dead_allies_mean:     2.1625	test_dead_enemies_mean:    2.1875	test_ep_length_mean:     167.2438	test_return_mean:         15.5476
test_return_std:           4.6645	
[INFO 19:37:06] my_main Updated target network
RequestQuit command received.
DataHandler: unable to parse websocket frame.
Closing Application...
CloseHandler: 127.0.0.1:37116 disconnected
ResponseThread: No connection, dropping the response.
[INFO 19:37:08] absl Shutdown gracefully.
[INFO 19:37:08] absl Shutdown with return code: -15
[INFO 19:37:08] absl Launching SC2: /labmount/users/202535331/MARL/pymarl-monotone-qmix/3rdparty/StarCraftII/Versions/Base75689/SC2_x64 -listen 127.0.0.1 -port 46797 -dataDir /labmount/users/202535331/MARL/pymarl-monotone-qmix/3rdparty/StarCraftII/ -tempDir /tmp/sc-wvupq3y5/
[INFO 19:37:08] absl Connecting to: ws://127.0.0.1:46797/sc2api, attempt: 0, running: True
Version: B75689 (SC2.4.10)
Build: Aug 12 2019 17:16:57
Command Line: '"/labmount/users/202535331/MARL/pymarl-monotone-qmix/3rdparty/StarCraftII/Versions/Base75689/SC2_x64" -listen 127.0.0.1 -port 46797 -dataDir /labmount/users/202535331/MARL/pymarl-monotone-qmix/3rdparty/StarCraftII/ -tempDir /tmp/sc-wvupq3y5/'
Starting up...
Startup Phase 1 complete
[INFO 19:37:09] absl Connecting to: ws://127.0.0.1:46797/sc2api, attempt: 1, running: True
Startup Phase 2 complete
Creating stub renderer...
Listening on: 127.0.0.1:46797
Startup Phase 3 complete. Ready for commands.
[INFO 19:37:10] absl Connecting to: ws://127.0.0.1:46797/sc2api, attempt: 2, running: True
ConnectHandler: Request from 127.0.0.1:46958 accepted
ReadyHandler: 127.0.0.1:46958 ready
Requesting to join a single player game
Configuring interface options
Configure: raw interface enabled
Configure: feature layer interface disabled
Configure: score interface disabled
Configure: render interface disabled
Launching next game.
Next launch phase started: 2
Next launch phase started: 3
Next launch phase started: 4
Next launch phase started: 5
Next launch phase started: 6
Next launch phase started: 7
Next launch phase started: 8
Game has started.
Using default stable ids, none found at: /labmount/users/202535331/MARL/pymarl-monotone-qmix/3rdparty/StarCraftII/stableid.json
Successfully loaded stable ids: GameData\stableid.json
Sending ResponseJoinGame
[INFO 19:38:31] my_main t_env: 1195988 / 2050000
[INFO 19:38:31] my_main Estimated time left: 3 hours, 31 minutes, 52 seconds. Time passed: 5 hours, 2 minutes, 17 seconds
[INFO 19:39:03] my_main Recent Stats | t_env:    1195988 | Episode:    18647
battle_won_mean:           0.0365	dead_allies_mean:          2.5292	dead_enemies_mean:         1.3563	div_coef:                693.1029
div_loss:                 -0.0001	ep_length_mean:          154.9498	epsilon:                   0.0500	grad_norm:                 0.2439
loss:                     -0.0573	loss_td:                   0.0148	q_taken_mean:              0.8957	return_mean:              13.1562
return_std:                4.1254	target_mean:               0.8891	td_error_abs:              0.0765	test_battle_won_mean:      0.2125
test_dead_allies_mean:     2.1000	test_dead_enemies_mean:    2.3312	test_ep_length_mean:     177.2125	test_return_mean:         15.8855
test_return_std:           4.6557	
[INFO 19:40:59] my_main t_env: 1206036 / 2050000
[INFO 19:40:59] my_main Estimated time left: 3 hours, 27 minutes, 1 seconds. Time passed: 5 hours, 4 minutes, 45 seconds
[INFO 19:41:22] my_main Recent Stats | t_env:    1206036 | Episode:    18714
battle_won_mean:           0.0302	dead_allies_mean:          2.5316	dead_enemies_mean:         1.3215	div_coef:                706.0435
div_loss:                 -0.0001	ep_length_mean:          154.0731	epsilon:                   0.0500	grad_norm:                 0.2181
loss:                     -0.0580	loss_td:                   0.0155	q_taken_mean:              0.9209	return_mean:              12.9701
return_std:                4.0029	target_mean:               0.9189	td_error_abs:              0.0783	test_battle_won_mean:      0.1938
test_dead_allies_mean:     2.1187	test_dead_enemies_mean:    2.2000	test_ep_length_mean:     170.5500	test_return_mean:         15.3668
test_return_std:           4.6661	
[INFO 19:43:17] my_main t_env: 1216046 / 2050000
[INFO 19:43:17] my_main Estimated time left: 3 hours, 11 minutes, 40 seconds. Time passed: 5 hours, 7 minutes, 3 seconds
[INFO 19:43:42] my_main Recent Stats | t_env:    1216046 | Episode:    18778
battle_won_mean:           0.0269	dead_allies_mean:          2.5502	dead_enemies_mean:         1.3164	div_coef:                724.3413
div_loss:                 -0.0001	ep_length_mean:          153.0930	epsilon:                   0.0500	grad_norm:                 0.2383
loss:                     -0.0598	loss_td:                   0.0156	q_taken_mean:              0.9294	return_mean:              12.8730
return_std:                3.9246	target_mean:               0.9266	td_error_abs:              0.0793	test_battle_won_mean:      0.2000
test_dead_allies_mean:     2.1750	test_dead_enemies_mean:    2.2750	test_ep_length_mean:     169.3375	test_return_mean:         15.3921
test_return_std:           4.7652	
[INFO 19:44:24] my_main Updated target network
[INFO 19:45:47] my_main t_env: 1226209 / 2050000
[INFO 19:45:47] my_main Estimated time left: 3 hours, 22 minutes, 45 seconds. Time passed: 5 hours, 9 minutes, 33 seconds
[INFO 19:46:13] my_main Recent Stats | t_env:    1226209 | Episode:    18849
battle_won_mean:           0.0266	dead_allies_mean:          2.5789	dead_enemies_mean:         1.3446	div_coef:                734.6589
div_loss:                 -0.0001	ep_length_mean:          150.4368	epsilon:                   0.0500	grad_norm:                 0.2055
loss:                     -0.0598	loss_td:                   0.0159	q_taken_mean:              0.9390	return_mean:              12.7058
return_std:                3.8081	target_mean:               0.9392	td_error_abs:              0.0782	test_battle_won_mean:      0.2000
test_dead_allies_mean:     2.2000	test_dead_enemies_mean:    2.2875	test_ep_length_mean:     167.2625	test_return_mean:         15.2957
test_return_std:           4.6842	
RequestQuit command received.
Closing Application...
DataHandler: unable to parse websocket frame.
CloseHandler: 127.0.0.1:46958 disconnected
[INFO 19:47:39] absl Shutdown gracefully.
[INFO 19:47:39] absl Shutdown with return code: -15
[INFO 19:47:39] absl Launching SC2: /labmount/users/202535331/MARL/pymarl-monotone-qmix/3rdparty/StarCraftII/Versions/Base75689/SC2_x64 -listen 127.0.0.1 -port 33335 -dataDir /labmount/users/202535331/MARL/pymarl-monotone-qmix/3rdparty/StarCraftII/ -tempDir /tmp/sc-5zwg6w21/
[INFO 19:47:39] absl Connecting to: ws://127.0.0.1:33335/sc2api, attempt: 0, running: True
Version: B75689 (SC2.4.10)
Build: Aug 12 2019 17:16:57
Command Line: '"/labmount/users/202535331/MARL/pymarl-monotone-qmix/3rdparty/StarCraftII/Versions/Base75689/SC2_x64" -listen 127.0.0.1 -port 33335 -dataDir /labmount/users/202535331/MARL/pymarl-monotone-qmix/3rdparty/StarCraftII/ -tempDir /tmp/sc-5zwg6w21/'
Starting up...
Startup Phase 1 complete
[INFO 19:47:40] absl Connecting to: ws://127.0.0.1:33335/sc2api, attempt: 1, running: True
Startup Phase 2 complete
Creating stub renderer...
Listening on: 127.0.0.1:33335
Startup Phase 3 complete. Ready for commands.
[INFO 19:47:41] absl Connecting to: ws://127.0.0.1:33335/sc2api, attempt: 2, running: True
ConnectHandler: Request from 127.0.0.1:36742 accepted
ReadyHandler: 127.0.0.1:36742 ready
Requesting to join a single player game
Configuring interface options
Configure: raw interface enabled
Configure: feature layer interface disabled
Configure: score interface disabled
Configure: render interface disabled
Launching next game.
Next launch phase started: 2
Next launch phase started: 3
Next launch phase started: 4
Next launch phase started: 5
Next launch phase started: 6
Next launch phase started: 7
Next launch phase started: 8
Game has started.
Using default stable ids, none found at: /labmount/users/202535331/MARL/pymarl-monotone-qmix/3rdparty/StarCraftII/stableid.json
Successfully loaded stable ids: GameData\stableid.json
Sending ResponseJoinGame
[INFO 19:48:31] my_main t_env: 1236431 / 2050000
[INFO 19:48:31] my_main Estimated time left: 3 hours, 37 minutes, 55 seconds. Time passed: 5 hours, 12 minutes, 17 seconds
[INFO 19:48:59] my_main Recent Stats | t_env:    1236431 | Episode:    18926
battle_won_mean:           0.0256	dead_allies_mean:          2.6046	dead_enemies_mean:         1.3054	div_coef:                756.4470
div_loss:                 -0.0001	ep_length_mean:          145.6312	epsilon:                   0.0500	grad_norm:                 0.2975
loss:                     -0.0598	loss_td:                   0.0175	q_taken_mean:              0.9743	return_mean:              12.3978
return_std:                3.8616	target_mean:               0.9689	td_error_abs:              0.0840	test_battle_won_mean:      0.1750
test_dead_allies_mean:     2.1313	test_dead_enemies_mean:    2.3188	test_ep_length_mean:     174.4187	test_return_mean:         15.1430
test_return_std:           4.5003	
[INFO 19:51:05] my_main t_env: 1246472 / 2050000
[INFO 19:51:05] my_main Estimated time left: 3 hours, 24 minutes, 54 seconds. Time passed: 5 hours, 14 minutes, 51 seconds
[INFO 19:51:32] my_main Recent Stats | t_env:    1246472 | Episode:    18998
battle_won_mean:           0.0169	dead_allies_mean:          2.6295	dead_enemies_mean:         1.2811	div_coef:                770.7143
div_loss:                 -0.0001	ep_length_mean:          144.3458	epsilon:                   0.0500	grad_norm:                 0.3092
loss:                     -0.0614	loss_td:                   0.0170	q_taken_mean:              0.9417	return_mean:              12.2423
return_std:                3.6758	target_mean:               0.9398	td_error_abs:              0.0834	test_battle_won_mean:      0.1375
test_dead_allies_mean:     2.2375	test_dead_enemies_mean:    2.1812	test_ep_length_mean:     168.6813	test_return_mean:         14.6421
test_return_std:           4.3673	
[INFO 19:51:37] my_main Updated target network
[INFO 19:53:36] my_main t_env: 1256633 / 2050000
[INFO 19:53:36] my_main Estimated time left: 3 hours, 16 minutes, 56 seconds. Time passed: 5 hours, 17 minutes, 22 seconds
[INFO 19:54:04] my_main Recent Stats | t_env:    1256633 | Episode:    19069
battle_won_mean:           0.0195	dead_allies_mean:          2.6311	dead_enemies_mean:         1.2737	div_coef:                780.1687
div_loss:                 -0.0001	ep_length_mean:          142.9743	epsilon:                   0.0500	grad_norm:                 0.3043
loss:                     -0.0620	loss_td:                   0.0167	q_taken_mean:              0.9345	return_mean:              12.1993
return_std:                3.8070	target_mean:               0.9290	td_error_abs:              0.0814	test_battle_won_mean:      0.1562
test_dead_allies_mean:     2.1812	test_dead_enemies_mean:    2.3062	test_ep_length_mean:     174.5437	test_return_mean:         15.0393
test_return_std:           4.3162	
[INFO 19:56:08] my_main t_env: 1266780 / 2050000
[INFO 19:56:08] my_main Estimated time left: 3 hours, 15 minutes, 23 seconds. Time passed: 5 hours, 19 minutes, 54 seconds
[INFO 19:56:40] my_main Recent Stats | t_env:    1266780 | Episode:    19141
battle_won_mean:           0.0220	dead_allies_mean:          2.6565	dead_enemies_mean:         1.2949	div_coef:                787.5605
div_loss:                 -0.0001	ep_length_mean:          139.8791	epsilon:                   0.0500	grad_norm:                 0.2788
loss:                     -0.0629	loss_td:                   0.0166	q_taken_mean:              0.9316	return_mean:              12.2869
return_std:                3.8425	target_mean:               0.9300	td_error_abs:              0.0805	test_battle_won_mean:      0.1562
test_dead_allies_mean:     2.1375	test_dead_enemies_mean:    2.3813	test_ep_length_mean:     182.7312	test_return_mean:         15.3489
test_return_std:           4.1284	
RequestQuit command received.
DataHandler: unable to parse websocket frame.
Closing Application...
CloseHandler: 127.0.0.1:36742 disconnected
ResponseThread: No connection, dropping the response.
[INFO 19:58:16] absl Shutdown gracefully.
[INFO 19:58:16] absl Shutdown with return code: -15
[INFO 19:58:16] absl Launching SC2: /labmount/users/202535331/MARL/pymarl-monotone-qmix/3rdparty/StarCraftII/Versions/Base75689/SC2_x64 -listen 127.0.0.1 -port 38253 -dataDir /labmount/users/202535331/MARL/pymarl-monotone-qmix/3rdparty/StarCraftII/ -tempDir /tmp/sc-h1w4cfam/
[INFO 19:58:16] absl Connecting to: ws://127.0.0.1:38253/sc2api, attempt: 0, running: True
Version: B75689 (SC2.4.10)
Build: Aug 12 2019 17:16:57
Command Line: '"/labmount/users/202535331/MARL/pymarl-monotone-qmix/3rdparty/StarCraftII/Versions/Base75689/SC2_x64" -listen 127.0.0.1 -port 38253 -dataDir /labmount/users/202535331/MARL/pymarl-monotone-qmix/3rdparty/StarCraftII/ -tempDir /tmp/sc-h1w4cfam/'
Starting up...
Startup Phase 1 complete
[INFO 19:58:17] absl Connecting to: ws://127.0.0.1:38253/sc2api, attempt: 1, running: True
Startup Phase 2 complete
Creating stub renderer...
Listening on: 127.0.0.1:38253
Startup Phase 3 complete. Ready for commands.
[INFO 19:58:18] absl Connecting to: ws://127.0.0.1:38253/sc2api, attempt: 2, running: True
ConnectHandler: Request from 127.0.0.1:57906 accepted
ReadyHandler: 127.0.0.1:57906 ready
Requesting to join a single player game
Configuring interface options
Configure: raw interface enabled
Configure: feature layer interface disabled
Configure: score interface disabled
Configure: render interface disabled
Launching next game.
Next launch phase started: 2
Next launch phase started: 3
Next launch phase started: 4
Next launch phase started: 5
Next launch phase started: 6
Next launch phase started: 7
Next launch phase started: 8
Game has started.
Using default stable ids, none found at: /labmount/users/202535331/MARL/pymarl-monotone-qmix/3rdparty/StarCraftII/stableid.json
Successfully loaded stable ids: GameData\stableid.json
Sending ResponseJoinGame
[INFO 19:58:30] my_main Updated target network
[INFO 19:58:51] my_main t_env: 1276959 / 2050000
[INFO 19:58:51] my_main Estimated time left: 3 hours, 25 minutes, 20 seconds. Time passed: 5 hours, 22 minutes, 36 seconds
[INFO 19:59:22] my_main Recent Stats | t_env:    1276959 | Episode:    19212
battle_won_mean:           0.0304	dead_allies_mean:          2.6283	dead_enemies_mean:         1.3118	div_coef:                798.9723
div_loss:                 -0.0001	ep_length_mean:          139.9242	epsilon:                   0.0500	grad_norm:                 0.2839
loss:                     -0.0641	loss_td:                   0.0166	q_taken_mean:              0.9411	return_mean:              12.4246
return_std:                3.9993	target_mean:               0.9397	td_error_abs:              0.0810	test_battle_won_mean:      0.1625
test_dead_allies_mean:     2.0875	test_dead_enemies_mean:    2.4562	test_ep_length_mean:     187.6562	test_return_mean:         15.9015
test_return_std:           3.9216	
[INFO 20:01:14] my_main t_env: 1287117 / 2050000
[INFO 20:01:14] my_main Estimated time left: 2 hours, 59 minutes, 54 seconds. Time passed: 5 hours, 25 minutes, 0 seconds
[INFO 20:01:43] my_main Recent Stats | t_env:    1287117 | Episode:    19272
battle_won_mean:           0.0519	dead_allies_mean:          2.5821	dead_enemies_mean:         1.4673	div_coef:                803.0029
div_loss:                 -0.0001	ep_length_mean:          147.2336	epsilon:                   0.0500	grad_norm:                 0.2062
loss:                     -0.0657	loss_td:                   0.0156	q_taken_mean:              0.9237	return_mean:              12.9392
return_std:                4.0760	target_mean:               0.9282	td_error_abs:              0.0764	test_battle_won_mean:      0.2188
test_dead_allies_mean:     2.0688	test_dead_enemies_mean:    2.6313	test_ep_length_mean:     186.1500	test_return_mean:         16.4553
test_return_std:           3.8612	
[INFO 20:03:29] my_main t_env: 1297346 / 2050000
[INFO 20:03:29] my_main Estimated time left: 2 hours, 45 minutes, 21 seconds. Time passed: 5 hours, 27 minutes, 15 seconds
[INFO 20:03:59] my_main Recent Stats | t_env:    1297346 | Episode:    19326
battle_won_mean:           0.0825	dead_allies_mean:          2.4729	dead_enemies_mean:         1.6886	div_coef:                816.5592
div_loss:                 -0.0001	ep_length_mean:          157.2271	epsilon:                   0.0500	grad_norm:                 0.1843
loss:                     -0.0673	loss_td:                   0.0156	q_taken_mean:              0.9660	return_mean:              13.8436
return_std:                4.2592	target_mean:               0.9673	td_error_abs:              0.0764	test_battle_won_mean:      0.2812
test_dead_allies_mean:     1.9625	test_dead_enemies_mean:    2.9250	test_ep_length_mean:     188.2688	test_return_mean:         17.3428
test_return_std:           4.0024	
[INFO 20:05:47] my_main t_env: 1307524 / 2050000
[INFO 20:05:47] my_main Estimated time left: 2 hours, 47 minutes, 58 seconds. Time passed: 5 hours, 29 minutes, 33 seconds
[INFO 20:06:13] my_main Recent Stats | t_env:    1307524 | Episode:    19380
battle_won_mean:           0.1102	dead_allies_mean:          2.3452	dead_enemies_mean:         1.9920	div_coef:                830.6346
div_loss:                 -0.0001	ep_length_mean:          166.3008	epsilon:                   0.0500	grad_norm:                 0.2309
loss:                     -0.0683	loss_td:                   0.0165	q_taken_mean:              0.9669	return_mean:              14.6743
return_std:                4.2846	target_mean:               0.9669	td_error_abs:              0.0775	test_battle_won_mean:      0.3000
test_dead_allies_mean:     1.9312	test_dead_enemies_mean:    3.0063	test_ep_length_mean:     186.7312	test_return_mean:         17.4463
test_return_std:           4.2481	
[INFO 20:06:52] my_main Updated target network
RequestQuit command received.
DataHandler: unable to parse websocket frame.
Closing Application...
CloseHandler: 127.0.0.1:57906 disconnected
ResponseThread: No connection, dropping the response.
[INFO 20:07:51] absl Shutdown gracefully.
[INFO 20:07:51] absl Shutdown with return code: -15
[INFO 20:07:51] absl Launching SC2: /labmount/users/202535331/MARL/pymarl-monotone-qmix/3rdparty/StarCraftII/Versions/Base75689/SC2_x64 -listen 127.0.0.1 -port 40611 -dataDir /labmount/users/202535331/MARL/pymarl-monotone-qmix/3rdparty/StarCraftII/ -tempDir /tmp/sc-_i_ad6y0/
[INFO 20:07:51] absl Connecting to: ws://127.0.0.1:40611/sc2api, attempt: 0, running: True
Version: B75689 (SC2.4.10)
Build: Aug 12 2019 17:16:57
Command Line: '"/labmount/users/202535331/MARL/pymarl-monotone-qmix/3rdparty/StarCraftII/Versions/Base75689/SC2_x64" -listen 127.0.0.1 -port 40611 -dataDir /labmount/users/202535331/MARL/pymarl-monotone-qmix/3rdparty/StarCraftII/ -tempDir /tmp/sc-_i_ad6y0/'
Starting up...
Startup Phase 1 complete
[INFO 20:07:52] absl Connecting to: ws://127.0.0.1:40611/sc2api, attempt: 1, running: True
Startup Phase 2 complete
Creating stub renderer...
Listening on: 127.0.0.1:40611
Startup Phase 3 complete. Ready for commands.
[INFO 20:07:53] absl Connecting to: ws://127.0.0.1:40611/sc2api, attempt: 2, running: True
ConnectHandler: Request from 127.0.0.1:35344 accepted
ReadyHandler: 127.0.0.1:35344 ready
Requesting to join a single player game
Configuring interface options
Configure: raw interface enabled
Configure: feature layer interface disabled
Configure: score interface disabled
Configure: render interface disabled
Launching next game.
Next launch phase started: 2
Next launch phase started: 3
Next launch phase started: 4
Next launch phase started: 5
Next launch phase started: 6
Next launch phase started: 7
Next launch phase started: 8
Game has started.
Using default stable ids, none found at: /labmount/users/202535331/MARL/pymarl-monotone-qmix/3rdparty/StarCraftII/stableid.json
Successfully loaded stable ids: GameData\stableid.json
Sending ResponseJoinGame
[INFO 20:08:08] my_main t_env: 1317656 / 2050000
[INFO 20:08:08] my_main Estimated time left: 2 hours, 49 minutes, 26 seconds. Time passed: 5 hours, 31 minutes, 54 seconds
[INFO 20:08:34] my_main Recent Stats | t_env:    1317656 | Episode:    19436
battle_won_mean:           0.1225	dead_allies_mean:          2.2373	dead_enemies_mean:         2.1614	div_coef:                843.3021
div_loss:                 -0.0001	ep_length_mean:          174.3004	epsilon:                   0.0500	grad_norm:                 0.2321
loss:                     -0.0697	loss_td:                   0.0176	q_taken_mean:              0.9916	return_mean:              15.0622
return_std:                4.3386	target_mean:               0.9888	td_error_abs:              0.0795	test_battle_won_mean:      0.3563
test_dead_allies_mean:     1.8250	test_dead_enemies_mean:    3.0625	test_ep_length_mean:     179.8688	test_return_mean:         17.5502
test_return_std:           4.5500	
[INFO 20:10:45] my_main t_env: 1327775 / 2050000
[INFO 20:10:45] my_main Estimated time left: 3 hours, 6 minutes, 21 seconds. Time passed: 5 hours, 34 minutes, 30 seconds
[INFO 20:11:14] my_main Recent Stats | t_env:    1327775 | Episode:    19511
battle_won_mean:           0.1299	dead_allies_mean:          2.2608	dead_enemies_mean:         2.1853	div_coef:                854.6441
div_loss:                 -0.0001	ep_length_mean:          172.6112	epsilon:                   0.0500	grad_norm:                 0.2804
loss:                     -0.0708	loss_td:                   0.0182	q_taken_mean:              1.0155	return_mean:              15.2011
return_std:                4.3051	target_mean:               1.0087	td_error_abs:              0.0827	test_battle_won_mean:      0.4125
test_dead_allies_mean:     1.7437	test_dead_enemies_mean:    3.2625	test_ep_length_mean:     176.6625	test_return_mean:         17.9050
test_return_std:           4.5264	
[INFO 20:13:05] my_main t_env: 1337819 / 2050000
[INFO 20:13:05] my_main Estimated time left: 2 hours, 46 minutes, 23 seconds. Time passed: 5 hours, 36 minutes, 51 seconds
[INFO 20:13:34] my_main Recent Stats | t_env:    1337819 | Episode:    19570
battle_won_mean:           0.1269	dead_allies_mean:          2.2417	dead_enemies_mean:         2.2160	div_coef:                859.0150
div_loss:                 -0.0001	ep_length_mean:          172.7987	epsilon:                   0.0500	grad_norm:                 0.2547
loss:                     -0.0716	loss_td:                   0.0183	q_taken_mean:              1.0082	return_mean:              15.3858
return_std:                4.2332	target_mean:               1.0006	td_error_abs:              0.0818	test_battle_won_mean:      0.4125
test_dead_allies_mean:     1.7125	test_dead_enemies_mean:    3.2437	test_ep_length_mean:     176.8375	test_return_mean:         17.9342
test_return_std:           4.5658	
[INFO 20:14:33] my_main Updated target network
[INFO 20:15:24] my_main t_env: 1347875 / 2050000
[INFO 20:15:24] my_main Estimated time left: 2 hours, 41 minutes, 8 seconds. Time passed: 5 hours, 39 minutes, 9 seconds
[INFO 20:15:55] my_main Recent Stats | t_env:    1347875 | Episode:    19628
battle_won_mean:           0.1074	dead_allies_mean:          2.3163	dead_enemies_mean:         2.0902	div_coef:                859.3917
div_loss:                 -0.0001	ep_length_mean:          169.5893	epsilon:                   0.0500	grad_norm:                 0.2762
loss:                     -0.0705	loss_td:                   0.0197	q_taken_mean:              1.0035	return_mean:              15.0765
return_std:                4.1184	target_mean:               0.9950	td_error_abs:              0.0829	test_battle_won_mean:      0.4000
test_dead_allies_mean:     1.7312	test_dead_enemies_mean:    3.1750	test_ep_length_mean:     178.7125	test_return_mean:         17.8983
test_return_std:           4.4839	
[INFO 20:17:48] my_main t_env: 1357949 / 2050000
[INFO 20:17:48] my_main Estimated time left: 2 hours, 44 minutes, 32 seconds. Time passed: 5 hours, 41 minutes, 33 seconds
RequestQuit command received.
Closing Application...
DataHandler: unable to parse websocket frame.
CloseHandler: 127.0.0.1:35344 disconnected
ResponseThread: No connection, dropping the response.
[INFO 20:17:52] absl Shutdown gracefully.
[INFO 20:17:52] absl Shutdown with return code: -15
[INFO 20:17:52] absl Launching SC2: /labmount/users/202535331/MARL/pymarl-monotone-qmix/3rdparty/StarCraftII/Versions/Base75689/SC2_x64 -listen 127.0.0.1 -port 36769 -dataDir /labmount/users/202535331/MARL/pymarl-monotone-qmix/3rdparty/StarCraftII/ -tempDir /tmp/sc-ebzbsal6/
[INFO 20:17:52] absl Connecting to: ws://127.0.0.1:36769/sc2api, attempt: 0, running: True
Version: B75689 (SC2.4.10)
Build: Aug 12 2019 17:16:57
Command Line: '"/labmount/users/202535331/MARL/pymarl-monotone-qmix/3rdparty/StarCraftII/Versions/Base75689/SC2_x64" -listen 127.0.0.1 -port 36769 -dataDir /labmount/users/202535331/MARL/pymarl-monotone-qmix/3rdparty/StarCraftII/ -tempDir /tmp/sc-ebzbsal6/'
Starting up...
Startup Phase 1 complete
[INFO 20:17:53] absl Connecting to: ws://127.0.0.1:36769/sc2api, attempt: 1, running: True
Startup Phase 2 complete
Creating stub renderer...
Listening on: 127.0.0.1:36769
Startup Phase 3 complete. Ready for commands.
[INFO 20:17:54] absl Connecting to: ws://127.0.0.1:36769/sc2api, attempt: 2, running: True
ConnectHandler: Request from 127.0.0.1:34690 accepted
ReadyHandler: 127.0.0.1:34690 ready
Requesting to join a single player game
Configuring interface options
Configure: raw interface enabled
Configure: feature layer interface disabled
Configure: score interface disabled
Configure: render interface disabled
Launching next game.
Next launch phase started: 2
Next launch phase started: 3
Next launch phase started: 4
Next launch phase started: 5
Next launch phase started: 6
Next launch phase started: 7
Next launch phase started: 8
Game has started.
Using default stable ids, none found at: /labmount/users/202535331/MARL/pymarl-monotone-qmix/3rdparty/StarCraftII/stableid.json
Successfully loaded stable ids: GameData\stableid.json
Sending ResponseJoinGame
[INFO 20:18:17] my_main Recent Stats | t_env:    1357949 | Episode:    19689
battle_won_mean:           0.0970	dead_allies_mean:          2.4052	dead_enemies_mean:         1.9577	div_coef:                862.0049
div_loss:                 -0.0001	ep_length_mean:          164.9225	epsilon:                   0.0500	grad_norm:                 0.2372
loss:                     -0.0726	loss_td:                   0.0193	q_taken_mean:              1.0212	return_mean:              14.6036
return_std:                4.1554	target_mean:               1.0137	td_error_abs:              0.0834	test_battle_won_mean:      0.3937
test_dead_allies_mean:     1.7688	test_dead_enemies_mean:    3.1125	test_ep_length_mean:     176.0125	test_return_mean:         17.7371
test_return_std:           4.4961	
[INFO 20:20:19] my_main t_env: 1368093 / 2050000
[INFO 20:20:19] my_main Estimated time left: 2 hours, 50 minutes, 5 seconds. Time passed: 5 hours, 44 minutes, 5 seconds
[INFO 20:20:45] my_main Recent Stats | t_env:    1368093 | Episode:    19757
battle_won_mean:           0.1027	dead_allies_mean:          2.4336	dead_enemies_mean:         1.8695	div_coef:                871.1437
div_loss:                 -0.0001	ep_length_mean:          158.5721	epsilon:                   0.0500	grad_norm:                 0.2601
loss:                     -0.0743	loss_td:                   0.0188	q_taken_mean:              1.0142	return_mean:              14.3206
return_std:                4.2338	target_mean:               1.0057	td_error_abs:              0.0826	test_battle_won_mean:      0.3937
test_dead_allies_mean:     1.7312	test_dead_enemies_mean:    3.1562	test_ep_length_mean:     176.0750	test_return_mean:         17.8272
test_return_std:           4.2848	
[INFO 20:22:09] my_main Updated target network
[INFO 20:22:40] my_main t_env: 1378222 / 2050000
[INFO 20:22:40] my_main Estimated time left: 2 hours, 35 minutes, 42 seconds. Time passed: 5 hours, 46 minutes, 26 seconds
[INFO 20:23:11] my_main Recent Stats | t_env:    1378222 | Episode:    19817
battle_won_mean:           0.1107	dead_allies_mean:          2.4069	dead_enemies_mean:         1.9842	div_coef:                881.1835
div_loss:                 -0.0001	ep_length_mean:          165.3515	epsilon:                   0.0500	grad_norm:                 0.2893
loss:                     -0.0758	loss_td:                   0.0186	q_taken_mean:              1.0009	return_mean:              14.6855
return_std:                4.2543	target_mean:               0.9991	td_error_abs:              0.0848	test_battle_won_mean:      0.3688
test_dead_allies_mean:     1.7688	test_dead_enemies_mean:    3.0938	test_ep_length_mean:     179.2688	test_return_mean:         17.7819
test_return_std:           4.2139	
[INFO 20:24:59] my_main t_env: 1388292 / 2050000
[INFO 20:24:59] my_main Estimated time left: 2 hours, 32 minutes, 28 seconds. Time passed: 5 hours, 48 minutes, 45 seconds
[INFO 20:25:30] my_main Recent Stats | t_env:    1388292 | Episode:    19875
battle_won_mean:           0.1111	dead_allies_mean:          2.4320	dead_enemies_mean:         1.9573	div_coef:                891.6839
div_loss:                 -0.0001	ep_length_mean:          166.0281	epsilon:                   0.0500	grad_norm:                 0.3281
loss:                     -0.0774	loss_td:                   0.0187	q_taken_mean:              0.9966	return_mean:              14.5664
return_std:                4.3275	target_mean:               0.9963	td_error_abs:              0.0850	test_battle_won_mean:      0.3750
test_dead_allies_mean:     1.7250	test_dead_enemies_mean:    3.1812	test_ep_length_mean:     181.1500	test_return_mean:         17.8625
test_return_std:           4.2985	
[INFO 20:27:29] my_main t_env: 1398491 / 2050000
[INFO 20:27:29] my_main Estimated time left: 2 hours, 38 minutes, 53 seconds. Time passed: 5 hours, 51 minutes, 14 seconds
RequestQuit command received.
Closing Application...
DataHandler: unable to parse websocket frame.
CloseHandler: 127.0.0.1:34690 disconnected
[INFO 20:27:44] absl Shutdown gracefully.
[INFO 20:27:44] absl Shutdown with return code: -15
[INFO 20:27:44] absl Launching SC2: /labmount/users/202535331/MARL/pymarl-monotone-qmix/3rdparty/StarCraftII/Versions/Base75689/SC2_x64 -listen 127.0.0.1 -port 41373 -dataDir /labmount/users/202535331/MARL/pymarl-monotone-qmix/3rdparty/StarCraftII/ -tempDir /tmp/sc-evg_g_ge/
[INFO 20:27:44] absl Connecting to: ws://127.0.0.1:41373/sc2api, attempt: 0, running: True
Version: B75689 (SC2.4.10)
Build: Aug 12 2019 17:16:57
Command Line: '"/labmount/users/202535331/MARL/pymarl-monotone-qmix/3rdparty/StarCraftII/Versions/Base75689/SC2_x64" -listen 127.0.0.1 -port 41373 -dataDir /labmount/users/202535331/MARL/pymarl-monotone-qmix/3rdparty/StarCraftII/ -tempDir /tmp/sc-evg_g_ge/'
Starting up...
Startup Phase 1 complete
[INFO 20:27:45] absl Connecting to: ws://127.0.0.1:41373/sc2api, attempt: 1, running: True
Startup Phase 2 complete
Creating stub renderer...
Listening on: 127.0.0.1:41373
Startup Phase 3 complete. Ready for commands.
[INFO 20:27:46] absl Connecting to: ws://127.0.0.1:41373/sc2api, attempt: 2, running: True
ConnectHandler: Request from 127.0.0.1:55952 accepted
ReadyHandler: 127.0.0.1:55952 ready
Requesting to join a single player game
Configuring interface options
Configure: raw interface enabled
Configure: feature layer interface disabled
Configure: score interface disabled
Configure: render interface disabled
Launching next game.
Next launch phase started: 2
Next launch phase started: 3
Next launch phase started: 4
Next launch phase started: 5
Next launch phase started: 6
Next launch phase started: 7
Next launch phase started: 8
Game has started.
Using default stable ids, none found at: /labmount/users/202535331/MARL/pymarl-monotone-qmix/3rdparty/StarCraftII/stableid.json
Successfully loaded stable ids: GameData\stableid.json
Sending ResponseJoinGame
[INFO 20:28:01] my_main Recent Stats | t_env:    1398491 | Episode:    19940
battle_won_mean:           0.1527	dead_allies_mean:          2.3666	dead_enemies_mean:         2.1105	div_coef:                896.9406
div_loss:                 -0.0001	ep_length_mean:          162.7338	epsilon:                   0.0500	grad_norm:                 0.4470
loss:                     -0.0767	loss_td:                   0.0205	q_taken_mean:              1.0170	return_mean:              14.8334
return_std:                4.5180	target_mean:               1.0125	td_error_abs:              0.0935	test_battle_won_mean:      0.4313
test_dead_allies_mean:     1.6062	test_dead_enemies_mean:    3.3125	test_ep_length_mean:     175.2375	test_return_mean:         17.9700
test_return_std:           4.5513	
[INFO 20:29:55] my_main t_env: 1408616 / 2050000
[INFO 20:29:55] my_main Estimated time left: 2 hours, 34 minutes, 33 seconds. Time passed: 5 hours, 53 minutes, 41 seconds
[INFO 20:30:26] my_main Recent Stats | t_env:    1408616 | Episode:    20000
battle_won_mean:           0.1764	dead_allies_mean:          2.3346	dead_enemies_mean:         2.2338	div_coef:                903.8924
div_loss:                 -0.0001	ep_length_mean:          163.4543	epsilon:                   0.0500	grad_norm:                 0.4140
loss:                     -0.0782	loss_td:                   0.0199	q_taken_mean:              0.9830	return_mean:              15.2844
return_std:                4.4757	target_mean:               0.9814	td_error_abs:              0.0899	test_battle_won_mean:      0.4688
test_dead_allies_mean:     1.5063	test_dead_enemies_mean:    3.5375	test_ep_length_mean:     183.7750	test_return_mean:         18.7591
test_return_std:           4.1880	
[INFO 20:30:29] my_main Updated target network
[INFO 20:32:14] my_main t_env: 1418624 / 2050000
[INFO 20:32:14] my_main Estimated time left: 2 hours, 25 minutes, 57 seconds. Time passed: 5 hours, 56 minutes, 0 seconds
[INFO 20:32:42] my_main Recent Stats | t_env:    1418624 | Episode:    20055
battle_won_mean:           0.2329	dead_allies_mean:          2.2379	dead_enemies_mean:         2.5375	div_coef:                895.5172
div_loss:                 -0.0001	ep_length_mean:          170.0117	epsilon:                   0.0500	grad_norm:                 0.4367
loss:                     -0.0772	loss_td:                   0.0203	q_taken_mean:              0.9740	return_mean:              16.1687
return_std:                4.4455	target_mean:               0.9715	td_error_abs:              0.0908	test_battle_won_mean:      0.5062
test_dead_allies_mean:     1.4688	test_dead_enemies_mean:    3.6562	test_ep_length_mean:     184.3125	test_return_mean:         19.1840
test_return_std:           4.1518	
[INFO 20:34:29] my_main t_env: 1428674 / 2050000
[INFO 20:34:29] my_main Estimated time left: 2 hours, 19 minutes, 5 seconds. Time passed: 5 hours, 58 minutes, 15 seconds
[INFO 20:34:58] my_main Recent Stats | t_env:    1428674 | Episode:    20109
battle_won_mean:           0.2654	dead_allies_mean:          2.1127	dead_enemies_mean:         2.6641	div_coef:                896.3667
div_loss:                 -0.0001	ep_length_mean:          173.4706	epsilon:                   0.0500	grad_norm:                 0.3513
loss:                     -0.0782	loss_td:                   0.0203	q_taken_mean:              0.9932	return_mean:              16.5155
return_std:                4.4711	target_mean:               0.9860	td_error_abs:              0.0870	test_battle_won_mean:      0.5312
test_dead_allies_mean:     1.3875	test_dead_enemies_mean:    3.6938	test_ep_length_mean:     181.4250	test_return_mean:         19.1101
test_return_std:           4.4036	
[INFO 20:36:44] my_main t_env: 1438811 / 2050000
[INFO 20:36:44] my_main Estimated time left: 2 hours, 15 minutes, 32 seconds. Time passed: 6 hours, 29 seconds
RequestQuit command received.
Closing Application...
DataHandler: unable to parse websocket frame.
CloseHandler: 127.0.0.1:55952 disconnected
[INFO 20:37:10] absl Shutdown gracefully.
[INFO 20:37:10] absl Shutdown with return code: -15
[INFO 20:37:10] absl Launching SC2: /labmount/users/202535331/MARL/pymarl-monotone-qmix/3rdparty/StarCraftII/Versions/Base75689/SC2_x64 -listen 127.0.0.1 -port 41841 -dataDir /labmount/users/202535331/MARL/pymarl-monotone-qmix/3rdparty/StarCraftII/ -tempDir /tmp/sc-yd15jc16/
[INFO 20:37:10] absl Connecting to: ws://127.0.0.1:41841/sc2api, attempt: 0, running: True
Version: B75689 (SC2.4.10)
Build: Aug 12 2019 17:16:57
Command Line: '"/labmount/users/202535331/MARL/pymarl-monotone-qmix/3rdparty/StarCraftII/Versions/Base75689/SC2_x64" -listen 127.0.0.1 -port 41841 -dataDir /labmount/users/202535331/MARL/pymarl-monotone-qmix/3rdparty/StarCraftII/ -tempDir /tmp/sc-yd15jc16/'
Starting up...
Startup Phase 1 complete
[INFO 20:37:11] absl Connecting to: ws://127.0.0.1:41841/sc2api, attempt: 1, running: True
Startup Phase 2 complete
Creating stub renderer...
Listening on: 127.0.0.1:41841
Startup Phase 3 complete. Ready for commands.
[INFO 20:37:12] absl Connecting to: ws://127.0.0.1:41841/sc2api, attempt: 2, running: True
ConnectHandler: Request from 127.0.0.1:42280 accepted
ReadyHandler: 127.0.0.1:42280 ready
Requesting to join a single player game
Configuring interface options
Configure: raw interface enabled
Configure: feature layer interface disabled
Configure: score interface disabled
Configure: render interface disabled
Launching next game.
Next launch phase started: 2
Next launch phase started: 3
Next launch phase started: 4
Next launch phase started: 5
Next launch phase started: 6
Next launch phase started: 7
Next launch phase started: 8
Game has started.
Using default stable ids, none found at: /labmount/users/202535331/MARL/pymarl-monotone-qmix/3rdparty/StarCraftII/stableid.json
Successfully loaded stable ids: GameData\stableid.json
Sending ResponseJoinGame
[INFO 20:37:19] my_main Recent Stats | t_env:    1438811 | Episode:    20161
battle_won_mean:           0.2952	dead_allies_mean:          2.0026	dead_enemies_mean:         2.7657	div_coef:                904.5277
div_loss:                 -0.0001	ep_length_mean:          177.7349	epsilon:                   0.0500	grad_norm:                 0.3101
loss:                     -0.0795	loss_td:                   0.0204	q_taken_mean:              0.9973	return_mean:              16.8979
return_std:                4.4309	target_mean:               0.9885	td_error_abs:              0.0858	test_battle_won_mean:      0.5000
test_dead_allies_mean:     1.4000	test_dead_enemies_mean:    3.5938	test_ep_length_mean:     181.6062	test_return_mean:         19.1054
test_return_std:           4.5487	
[INFO 20:38:38] my_main Updated target network
[INFO 20:39:09] my_main t_env: 1448846 / 2050000
[INFO 20:39:09] my_main Estimated time left: 2 hours, 25 minutes, 11 seconds. Time passed: 6 hours, 2 minutes, 55 seconds
[INFO 20:39:37] my_main Recent Stats | t_env:    1448846 | Episode:    20217
battle_won_mean:           0.3005	dead_allies_mean:          1.9857	dead_enemies_mean:         2.8535	div_coef:                920.7034
div_loss:                 -0.0001	ep_length_mean:          182.1927	epsilon:                   0.0500	grad_norm:                 0.2064
loss:                     -0.0835	loss_td:                   0.0181	q_taken_mean:              0.9824	return_mean:              17.2127
return_std:                4.3547	target_mean:               0.9823	td_error_abs:              0.0791	test_battle_won_mean:      0.4750
test_dead_allies_mean:     1.4688	test_dead_enemies_mean:    3.5688	test_ep_length_mean:     183.1312	test_return_mean:         19.1229
test_return_std:           4.3369	
[INFO 20:41:32] my_main t_env: 1458967 / 2050000
[INFO 20:41:32] my_main Estimated time left: 2 hours, 18 minutes, 42 seconds. Time passed: 6 hours, 5 minutes, 17 seconds
[INFO 20:41:56] my_main Recent Stats | t_env:    1458967 | Episode:    20277
battle_won_mean:           0.3138	dead_allies_mean:          1.9723	dead_enemies_mean:         2.9001	div_coef:                938.9182
div_loss:                 -0.0001	ep_length_mean:          182.1794	epsilon:                   0.0500	grad_norm:                 0.2815
loss:                     -0.0821	loss_td:                   0.0196	q_taken_mean:              1.0113	return_mean:              17.3617
return_std:                4.4285	target_mean:               1.0068	td_error_abs:              0.0843	test_battle_won_mean:      0.5312
test_dead_allies_mean:     1.3938	test_dead_enemies_mean:    3.6938	test_ep_length_mean:     173.5062	test_return_mean:         19.1318
test_return_std:           4.3975	
[INFO 20:43:40] my_main t_env: 1468994 / 2050000
[INFO 20:43:40] my_main Estimated time left: 2 hours, 3 minutes, 58 seconds. Time passed: 6 hours, 7 minutes, 26 seconds
[INFO 20:44:07] my_main Recent Stats | t_env:    1468994 | Episode:    20330
battle_won_mean:           0.2678	dead_allies_mean:          2.0165	dead_enemies_mean:         2.7215	div_coef:                974.2717
div_loss:                 -0.0001	ep_length_mean:          183.6244	epsilon:                   0.0500	grad_norm:                 0.2104
loss:                     -0.0834	loss_td:                   0.0204	q_taken_mean:              1.0445	return_mean:              17.0548
return_std:                4.3690	target_mean:               1.0430	td_error_abs:              0.0839	test_battle_won_mean:      0.5375
test_dead_allies_mean:     1.3500	test_dead_enemies_mean:    3.7375	test_ep_length_mean:     172.1438	test_return_mean:         19.0432
test_return_std:           4.2494	
[INFO 20:45:51] my_main t_env: 1478996 / 2050000
[INFO 20:45:51] my_main Estimated time left: 2 hours, 4 minutes, 59 seconds. Time passed: 6 hours, 9 minutes, 37 seconds
[INFO 20:46:20] my_main Recent Stats | t_env:    1478996 | Episode:    20383
battle_won_mean:           0.2538	dead_allies_mean:          2.0464	dead_enemies_mean:         2.7284	div_coef:                1003.0186
div_loss:                 -0.0001	ep_length_mean:          184.1455	epsilon:                   0.0500	grad_norm:                 0.2212
loss:                     -0.0853	loss_td:                   0.0201	q_taken_mean:              1.0271	return_mean:              16.9471
return_std:                4.2875	target_mean:               1.0250	td_error_abs:              0.0827	test_battle_won_mean:      0.5938
test_dead_allies_mean:     1.2750	test_dead_enemies_mean:    3.8875	test_ep_length_mean:     170.1438	test_return_mean:         19.3986
test_return_std:           3.8166	
[INFO 20:46:54] my_main Updated target network
RequestQuit command received.
Closing Application...
DataHandler: unable to parse websocket frame.
CloseHandler: 127.0.0.1:42280 disconnected
[INFO 20:46:57] absl Shutdown gracefully.
[INFO 20:46:57] absl Shutdown with return code: -15
[INFO 20:46:57] absl Launching SC2: /labmount/users/202535331/MARL/pymarl-monotone-qmix/3rdparty/StarCraftII/Versions/Base75689/SC2_x64 -listen 127.0.0.1 -port 46535 -dataDir /labmount/users/202535331/MARL/pymarl-monotone-qmix/3rdparty/StarCraftII/ -tempDir /tmp/sc-v4pvy17v/
[INFO 20:46:57] absl Connecting to: ws://127.0.0.1:46535/sc2api, attempt: 0, running: True
Version: B75689 (SC2.4.10)
Build: Aug 12 2019 17:16:57
Command Line: '"/labmount/users/202535331/MARL/pymarl-monotone-qmix/3rdparty/StarCraftII/Versions/Base75689/SC2_x64" -listen 127.0.0.1 -port 46535 -dataDir /labmount/users/202535331/MARL/pymarl-monotone-qmix/3rdparty/StarCraftII/ -tempDir /tmp/sc-v4pvy17v/'
Starting up...
Startup Phase 1 complete
[INFO 20:46:58] absl Connecting to: ws://127.0.0.1:46535/sc2api, attempt: 1, running: True
Startup Phase 2 complete
Creating stub renderer...
Listening on: 127.0.0.1:46535
Startup Phase 3 complete. Ready for commands.
[INFO 20:46:59] absl Connecting to: ws://127.0.0.1:46535/sc2api, attempt: 2, running: True
ConnectHandler: Request from 127.0.0.1:55536 accepted
ReadyHandler: 127.0.0.1:55536 ready
Requesting to join a single player game
Configuring interface options
Configure: raw interface enabled
Configure: feature layer interface disabled
Configure: score interface disabled
Configure: render interface disabled
Launching next game.
Next launch phase started: 2
Next launch phase started: 3
Next launch phase started: 4
Next launch phase started: 5
Next launch phase started: 6
Next launch phase started: 7
Next launch phase started: 8
Game has started.
Using default stable ids, none found at: /labmount/users/202535331/MARL/pymarl-monotone-qmix/3rdparty/StarCraftII/stableid.json
Successfully loaded stable ids: GameData\stableid.json
Sending ResponseJoinGame
[INFO 20:48:20] my_main t_env: 1489211 / 2050000
[INFO 20:48:20] my_main Estimated time left: 2 hours, 16 minutes, 8 seconds. Time passed: 6 hours, 12 minutes, 6 seconds
[INFO 20:48:46] my_main Recent Stats | t_env:    1489211 | Episode:    20444
battle_won_mean:           0.2491	dead_allies_mean:          2.1198	dead_enemies_mean:         2.7114	div_coef:                1024.3664
div_loss:                 -0.0001	ep_length_mean:          178.6489	epsilon:                   0.0500	grad_norm:                 0.2221
loss:                     -0.0868	loss_td:                   0.0198	q_taken_mean:              1.0314	return_mean:              16.7149
return_std:                4.3126	target_mean:               1.0283	td_error_abs:              0.0827	test_battle_won_mean:      0.6375
test_dead_allies_mean:     1.2563	test_dead_enemies_mean:    3.9875	test_ep_length_mean:     165.4250	test_return_mean:         19.3591
test_return_std:           3.6177	
[INFO 20:50:42] my_main t_env: 1499240 / 2050000
[INFO 20:50:42] my_main Estimated time left: 2 hours, 9 minutes, 30 seconds. Time passed: 6 hours, 14 minutes, 27 seconds
[INFO 20:51:10] my_main Recent Stats | t_env:    1499240 | Episode:    20508
battle_won_mean:           0.2322	dead_allies_mean:          2.1559	dead_enemies_mean:         2.6252	div_coef:                1043.7059
div_loss:                 -0.0001	ep_length_mean:          174.1502	epsilon:                   0.0500	grad_norm:                 0.2110
loss:                     -0.0878	loss_td:                   0.0205	q_taken_mean:              1.0256	return_mean:              16.3983
return_std:                4.3166	target_mean:               1.0179	td_error_abs:              0.0809	test_battle_won_mean:      0.6687
test_dead_allies_mean:     1.2188	test_dead_enemies_mean:    4.0938	test_ep_length_mean:     164.9000	test_return_mean:         19.6371
test_return_std:           3.4971	
[INFO 20:52:57] my_main t_env: 1509242 / 2050000
[INFO 20:52:57] my_main Estimated time left: 2 hours, 1 minutes, 26 seconds. Time passed: 6 hours, 16 minutes, 42 seconds
[INFO 20:53:20] my_main Recent Stats | t_env:    1509242 | Episode:    20564
battle_won_mean:           0.2222	dead_allies_mean:          2.1445	dead_enemies_mean:         2.5440	div_coef:                1061.7275
div_loss:                 -0.0001	ep_length_mean:          176.1350	epsilon:                   0.0500	grad_norm:                 0.1676
loss:                     -0.0894	loss_td:                   0.0202	q_taken_mean:              1.0212	return_mean:              16.2599
return_std:                4.2631	target_mean:               1.0151	td_error_abs:              0.0791	test_battle_won_mean:      0.6500
test_dead_allies_mean:     1.2750	test_dead_enemies_mean:    4.0500	test_ep_length_mean:     166.2750	test_return_mean:         19.5792
test_return_std:           3.5631	
[INFO 20:54:29] my_main Updated target network
[INFO 20:55:13] my_main t_env: 1519292 / 2050000
[INFO 20:55:13] my_main Estimated time left: 2 hours, 15 seconds. Time passed: 6 hours, 18 minutes, 59 seconds
[INFO 20:55:39] my_main Recent Stats | t_env:    1519292 | Episode:    20624
battle_won_mean:           0.2415	dead_allies_mean:          2.1394	dead_enemies_mean:         2.5839	div_coef:                1079.5191
div_loss:                 -0.0001	ep_length_mean:          171.7973	epsilon:                   0.0500	grad_norm:                 0.2617
loss:                     -0.0894	loss_td:                   0.0209	q_taken_mean:              1.0298	return_mean:              16.1776
return_std:                4.4029	target_mean:               1.0201	td_error_abs:              0.0829	test_battle_won_mean:      0.6375
test_dead_allies_mean:     1.3062	test_dead_enemies_mean:    4.0375	test_ep_length_mean:     166.7375	test_return_mean:         19.6740
test_return_std:           3.5431	
RequestQuit command received.
DataHandler: unable to parse websocket frame.
Closing Application...
CloseHandler: 127.0.0.1:55536 disconnected
[INFO 20:57:04] absl Shutdown gracefully.
[INFO 20:57:04] absl Shutdown with return code: -15
[INFO 20:57:04] absl Launching SC2: /labmount/users/202535331/MARL/pymarl-monotone-qmix/3rdparty/StarCraftII/Versions/Base75689/SC2_x64 -listen 127.0.0.1 -port 34451 -dataDir /labmount/users/202535331/MARL/pymarl-monotone-qmix/3rdparty/StarCraftII/ -tempDir /tmp/sc-dmqyz_x3/
[INFO 20:57:04] absl Connecting to: ws://127.0.0.1:34451/sc2api, attempt: 0, running: True
Version: B75689 (SC2.4.10)
Build: Aug 12 2019 17:16:57
Command Line: '"/labmount/users/202535331/MARL/pymarl-monotone-qmix/3rdparty/StarCraftII/Versions/Base75689/SC2_x64" -listen 127.0.0.1 -port 34451 -dataDir /labmount/users/202535331/MARL/pymarl-monotone-qmix/3rdparty/StarCraftII/ -tempDir /tmp/sc-dmqyz_x3/'
Starting up...
Startup Phase 1 complete
[INFO 20:57:05] absl Connecting to: ws://127.0.0.1:34451/sc2api, attempt: 1, running: True
Startup Phase 2 complete
Creating stub renderer...
Listening on: 127.0.0.1:34451
Startup Phase 3 complete. Ready for commands.
[INFO 20:57:06] absl Connecting to: ws://127.0.0.1:34451/sc2api, attempt: 2, running: True
ConnectHandler: Request from 127.0.0.1:47118 accepted
ReadyHandler: 127.0.0.1:47118 ready
Requesting to join a single player game
Configuring interface options
Configure: raw interface enabled
Configure: feature layer interface disabled
Configure: score interface disabled
Configure: render interface disabled
Launching next game.
Next launch phase started: 2
Next launch phase started: 3
Next launch phase started: 4
Next launch phase started: 5
Next launch phase started: 6
Next launch phase started: 7
Next launch phase started: 8
Game has started.
Using default stable ids, none found at: /labmount/users/202535331/MARL/pymarl-monotone-qmix/3rdparty/StarCraftII/stableid.json
Successfully loaded stable ids: GameData\stableid.json
Sending ResponseJoinGame
[INFO 20:57:41] my_main t_env: 1529408 / 2050000
[INFO 20:57:41] my_main Estimated time left: 2 hours, 7 minutes, 7 seconds. Time passed: 6 hours, 21 minutes, 27 seconds
[INFO 20:58:10] my_main Recent Stats | t_env:    1529408 | Episode:    20687
battle_won_mean:           0.2280	dead_allies_mean:          2.1979	dead_enemies_mean:         2.4452	div_coef:                1093.3064
div_loss:                 -0.0001	ep_length_mean:          166.1681	epsilon:                   0.0500	grad_norm:                 0.3475
loss:                     -0.0880	loss_td:                   0.0229	q_taken_mean:              1.0646	return_mean:              15.9863
return_std:                4.4686	target_mean:               1.0517	td_error_abs:              0.0886	test_battle_won_mean:      0.5875
test_dead_allies_mean:     1.3938	test_dead_enemies_mean:    3.8937	test_ep_length_mean:     169.9250	test_return_mean:         19.6271
test_return_std:           3.8518	
[INFO 21:00:02] my_main t_env: 1539444 / 2050000
[INFO 21:00:02] my_main Estimated time left: 1 hours, 58 minutes, 59 seconds. Time passed: 6 hours, 23 minutes, 47 seconds
[INFO 21:00:31] my_main Recent Stats | t_env:    1539444 | Episode:    20746
battle_won_mean:           0.2195	dead_allies_mean:          2.2061	dead_enemies_mean:         2.3977	div_coef:                1112.7484
div_loss:                 -0.0001	ep_length_mean:          166.6967	epsilon:                   0.0500	grad_norm:                 0.3614
loss:                     -0.0876	loss_td:                   0.0237	q_taken_mean:              1.0730	return_mean:              16.0283
return_std:                4.4046	target_mean:               1.0595	td_error_abs:              0.0890	test_battle_won_mean:      0.5625
test_dead_allies_mean:     1.4125	test_dead_enemies_mean:    3.8375	test_ep_length_mean:     174.8313	test_return_mean:         19.7854
test_return_std:           3.7034	
[INFO 21:02:18] my_main Updated target network
[INFO 21:02:20] my_main t_env: 1549591 / 2050000
[INFO 21:02:20] my_main Estimated time left: 1 hours, 53 minutes, 48 seconds. Time passed: 6 hours, 26 minutes, 6 seconds
[INFO 21:02:52] my_main Recent Stats | t_env:    1549591 | Episode:    20802
battle_won_mean:           0.2258	dead_allies_mean:          2.2057	dead_enemies_mean:         2.4231	div_coef:                1132.4385
div_loss:                 -0.0001	ep_length_mean:          171.5953	epsilon:                   0.0500	grad_norm:                 0.4232
loss:                     -0.0875	loss_td:                   0.0245	q_taken_mean:              1.0799	return_mean:              16.2440
return_std:                4.3415	target_mean:               1.0728	td_error_abs:              0.0951	test_battle_won_mean:      0.5125
test_dead_allies_mean:     1.4438	test_dead_enemies_mean:    3.6187	test_ep_length_mean:     182.0875	test_return_mean:         19.5542
test_return_std:           3.8522	
[INFO 21:04:36] my_main t_env: 1559653 / 2050000
[INFO 21:04:36] my_main Estimated time left: 1 hours, 50 minutes, 35 seconds. Time passed: 6 hours, 28 minutes, 22 seconds
[INFO 21:05:08] my_main Recent Stats | t_env:    1559653 | Episode:    20856
battle_won_mean:           0.2313	dead_allies_mean:          2.1993	dead_enemies_mean:         2.5003	div_coef:                1152.7506
div_loss:                 -0.0001	ep_length_mean:          173.1406	epsilon:                   0.0500	grad_norm:                 0.4639
loss:                     -0.0889	loss_td:                   0.0250	q_taken_mean:              1.0940	return_mean:              16.4525
return_std:                4.3659	target_mean:               1.0854	td_error_abs:              0.0972	test_battle_won_mean:      0.4688
test_dead_allies_mean:     1.4062	test_dead_enemies_mean:    3.4438	test_ep_length_mean:     190.8625	test_return_mean:         19.5647
test_return_std:           3.8252	
RequestQuit command received.
DataHandler: unable to parse websocket frame.
Closing Application...
CloseHandler: 127.0.0.1:47118 disconnected
[INFO 21:06:23] absl Shutdown gracefully.
[INFO 21:06:23] absl Shutdown with return code: -15
[INFO 21:06:23] absl Launching SC2: /labmount/users/202535331/MARL/pymarl-monotone-qmix/3rdparty/StarCraftII/Versions/Base75689/SC2_x64 -listen 127.0.0.1 -port 45679 -dataDir /labmount/users/202535331/MARL/pymarl-monotone-qmix/3rdparty/StarCraftII/ -tempDir /tmp/sc-oy98gkuv/
[INFO 21:06:23] absl Connecting to: ws://127.0.0.1:45679/sc2api, attempt: 0, running: True
Version: B75689 (SC2.4.10)
Build: Aug 12 2019 17:16:57
Command Line: '"/labmount/users/202535331/MARL/pymarl-monotone-qmix/3rdparty/StarCraftII/Versions/Base75689/SC2_x64" -listen 127.0.0.1 -port 45679 -dataDir /labmount/users/202535331/MARL/pymarl-monotone-qmix/3rdparty/StarCraftII/ -tempDir /tmp/sc-oy98gkuv/'
Starting up...
Startup Phase 1 complete
[INFO 21:06:24] absl Connecting to: ws://127.0.0.1:45679/sc2api, attempt: 1, running: True
Startup Phase 2 complete
Creating stub renderer...
Listening on: 127.0.0.1:45679
Startup Phase 3 complete. Ready for commands.
[INFO 21:06:25] absl Connecting to: ws://127.0.0.1:45679/sc2api, attempt: 2, running: True
ConnectHandler: Request from 127.0.0.1:54674 accepted
ReadyHandler: 127.0.0.1:54674 ready
Requesting to join a single player game
Configuring interface options
Configure: raw interface enabled
Configure: feature layer interface disabled
Configure: score interface disabled
Configure: render interface disabled
Launching next game.
Next launch phase started: 2
Next launch phase started: 3
Next launch phase started: 4
Next launch phase started: 5
Next launch phase started: 6
Next launch phase started: 7
Next launch phase started: 8
Game has started.
Using default stable ids, none found at: /labmount/users/202535331/MARL/pymarl-monotone-qmix/3rdparty/StarCraftII/stableid.json
Successfully loaded stable ids: GameData\stableid.json
Sending ResponseJoinGame
[INFO 21:07:00] my_main t_env: 1569742 / 2050000
[INFO 21:07:00] my_main Estimated time left: 1 hours, 53 minutes, 38 seconds. Time passed: 6 hours, 30 minutes, 45 seconds
[INFO 21:07:30] my_main Recent Stats | t_env:    1569742 | Episode:    20911
battle_won_mean:           0.2253	dead_allies_mean:          2.1966	dead_enemies_mean:         2.5009	div_coef:                1160.9583
div_loss:                 -0.0001	ep_length_mean:          176.3278	epsilon:                   0.0500	grad_norm:                 0.5827
loss:                     -0.0873	loss_td:                   0.0282	q_taken_mean:              1.0594	return_mean:              16.6253
return_std:                4.3285	target_mean:               1.0634	td_error_abs:              0.1083	test_battle_won_mean:      0.4313
test_dead_allies_mean:     1.3938	test_dead_enemies_mean:    3.2750	test_ep_length_mean:     195.3438	test_return_mean:         19.4904
test_return_std:           3.9287	
[INFO 21:09:16] my_main t_env: 1579810 / 2050000
[INFO 21:09:16] my_main Estimated time left: 1 hours, 46 minutes, 11 seconds. Time passed: 6 hours, 33 minutes, 2 seconds
[INFO 21:09:46] my_main Recent Stats | t_env:    1579810 | Episode:    20966
battle_won_mean:           0.2299	dead_allies_mean:          2.1740	dead_enemies_mean:         2.5860	div_coef:                1171.4028
div_loss:                 -0.0001	ep_length_mean:          180.8245	epsilon:                   0.0500	grad_norm:                 0.4862
loss:                     -0.0901	loss_td:                   0.0272	q_taken_mean:              1.0449	return_mean:              16.8919
return_std:                4.2719	target_mean:               1.0540	td_error_abs:              0.1039	test_battle_won_mean:      0.4313
test_dead_allies_mean:     1.3938	test_dead_enemies_mean:    3.3062	test_ep_length_mean:     194.8375	test_return_mean:         19.3213
test_return_std:           3.9216	
[INFO 21:10:55] my_main Updated target network
[INFO 21:11:30] my_main t_env: 1589817 / 2050000
[INFO 21:11:30] my_main Estimated time left: 1 hours, 42 minutes, 29 seconds. Time passed: 6 hours, 35 minutes, 15 seconds
[INFO 21:11:57] my_main Recent Stats | t_env:    1589817 | Episode:    21019
battle_won_mean:           0.2307	dead_allies_mean:          2.1647	dead_enemies_mean:         2.6370	div_coef:                1169.1516
div_loss:                 -0.0001	ep_length_mean:          184.5664	epsilon:                   0.0500	grad_norm:                 0.4668
loss:                     -0.0909	loss_td:                   0.0272	q_taken_mean:              1.0578	return_mean:              17.2293
return_std:                4.2779	target_mean:               1.0678	td_error_abs:              0.1046	test_battle_won_mean:      0.4625
test_dead_allies_mean:     1.3562	test_dead_enemies_mean:    3.3750	test_ep_length_mean:     188.9938	test_return_mean:         19.3355
test_return_std:           3.9905	
[INFO 21:13:43] my_main t_env: 1599828 / 2050000
[INFO 21:13:43] my_main Estimated time left: 1 hours, 39 minutes, 44 seconds. Time passed: 6 hours, 37 minutes, 28 seconds
[INFO 21:14:10] my_main Recent Stats | t_env:    1599828 | Episode:    21074
battle_won_mean:           0.2425	dead_allies_mean:          2.1328	dead_enemies_mean:         2.6830	div_coef:                1174.3646
div_loss:                 -0.0001	ep_length_mean:          184.7307	epsilon:                   0.0500	grad_norm:                 0.4446
loss:                     -0.0925	loss_td:                   0.0267	q_taken_mean:              1.0639	return_mean:              17.3389
return_std:                4.2829	target_mean:               1.0729	td_error_abs:              0.1020	test_battle_won_mean:      0.5188
test_dead_allies_mean:     1.2688	test_dead_enemies_mean:    3.6063	test_ep_length_mean:     181.0188	test_return_mean:         19.5443
test_return_std:           3.8002	
RequestQuit command received.
DataHandler: unable to parse websocket frame.
Closing Application...
CloseHandler: 127.0.0.1:54674 disconnected
ResponseThread: No connection, dropping the response.
[INFO 21:15:46] absl Shutdown gracefully.
[INFO 21:15:46] absl Shutdown with return code: -15
[INFO 21:15:46] absl Launching SC2: /labmount/users/202535331/MARL/pymarl-monotone-qmix/3rdparty/StarCraftII/Versions/Base75689/SC2_x64 -listen 127.0.0.1 -port 35111 -dataDir /labmount/users/202535331/MARL/pymarl-monotone-qmix/3rdparty/StarCraftII/ -tempDir /tmp/sc-rep1vdhs/
[INFO 21:15:46] absl Connecting to: ws://127.0.0.1:35111/sc2api, attempt: 0, running: True
Version: B75689 (SC2.4.10)
Build: Aug 12 2019 17:16:57
Command Line: '"/labmount/users/202535331/MARL/pymarl-monotone-qmix/3rdparty/StarCraftII/Versions/Base75689/SC2_x64" -listen 127.0.0.1 -port 35111 -dataDir /labmount/users/202535331/MARL/pymarl-monotone-qmix/3rdparty/StarCraftII/ -tempDir /tmp/sc-rep1vdhs/'
Starting up...
Startup Phase 1 complete
[INFO 21:15:47] absl Connecting to: ws://127.0.0.1:35111/sc2api, attempt: 1, running: True
Startup Phase 2 complete
Creating stub renderer...
Listening on: 127.0.0.1:35111
Startup Phase 3 complete. Ready for commands.
[INFO 21:15:48] absl Connecting to: ws://127.0.0.1:35111/sc2api, attempt: 2, running: True
ConnectHandler: Request from 127.0.0.1:46440 accepted
ReadyHandler: 127.0.0.1:46440 ready
Requesting to join a single player game
Configuring interface options
Configure: raw interface enabled
Configure: feature layer interface disabled
Configure: score interface disabled
Configure: render interface disabled
Launching next game.
Next launch phase started: 2
Next launch phase started: 3
Next launch phase started: 4
Next launch phase started: 5
Next launch phase started: 6
Next launch phase started: 7
Next launch phase started: 8
Game has started.
Using default stable ids, none found at: /labmount/users/202535331/MARL/pymarl-monotone-qmix/3rdparty/StarCraftII/stableid.json
Successfully loaded stable ids: GameData\stableid.json
Sending ResponseJoinGame
[INFO 21:15:57] my_main t_env: 1609958 / 2050000
[INFO 21:15:57] my_main Estimated time left: 1 hours, 36 minutes, 49 seconds. Time passed: 6 hours, 39 minutes, 42 seconds
[INFO 21:16:23] my_main Recent Stats | t_env:    1609958 | Episode:    21125
battle_won_mean:           0.2458	dead_allies_mean:          2.0871	dead_enemies_mean:         2.7080	div_coef:                1180.4743
div_loss:                 -0.0001	ep_length_mean:          187.1896	epsilon:                   0.0500	grad_norm:                 0.3827
loss:                     -0.0948	loss_td:                   0.0259	q_taken_mean:              1.0577	return_mean:              17.3741
return_std:                4.2494	target_mean:               1.0692	td_error_abs:              0.0982	test_battle_won_mean:      0.6000
test_dead_allies_mean:     1.1687	test_dead_enemies_mean:    3.9000	test_ep_length_mean:     173.6562	test_return_mean:         19.8960
test_return_std:           3.4504	
[INFO 21:18:14] my_main t_env: 1620010 / 2050000
[INFO 21:18:14] my_main Estimated time left: 1 hours, 38 minutes, 7 seconds. Time passed: 6 hours, 42 minutes, 0 seconds
[INFO 21:18:44] my_main Recent Stats | t_env:    1620010 | Episode:    21184
battle_won_mean:           0.2697	dead_allies_mean:          2.1069	dead_enemies_mean:         2.7943	div_coef:                1183.5541
div_loss:                 -0.0001	ep_length_mean:          184.5769	epsilon:                   0.0500	grad_norm:                 0.2176
loss:                     -0.0991	loss_td:                   0.0228	q_taken_mean:              1.0813	return_mean:              17.5056
return_std:                4.2929	target_mean:               1.0819	td_error_abs:              0.0854	test_battle_won_mean:      0.6438
test_dead_allies_mean:     1.2250	test_dead_enemies_mean:    4.0687	test_ep_length_mean:     172.5750	test_return_mean:         20.0958
test_return_std:           3.4576	
[INFO 21:19:18] my_main Updated target network
[INFO 21:20:32] my_main t_env: 1630155 / 2050000
[INFO 21:20:32] my_main Estimated time left: 1 hours, 35 minutes, 4 seconds. Time passed: 6 hours, 44 minutes, 18 seconds
[INFO 21:21:00] my_main Recent Stats | t_env:    1630155 | Episode:    21240
battle_won_mean:           0.3083	dead_allies_mean:          2.0311	dead_enemies_mean:         2.8957	div_coef:                1177.3357
div_loss:                 -0.0001	ep_length_mean:          184.1981	epsilon:                   0.0500	grad_norm:                 0.2130
loss:                     -0.0997	loss_td:                   0.0225	q_taken_mean:              1.0837	return_mean:              17.7104
return_std:                4.2999	target_mean:               1.0842	td_error_abs:              0.0849	test_battle_won_mean:      0.6937
test_dead_allies_mean:     1.1375	test_dead_enemies_mean:    4.1625	test_ep_length_mean:     170.0625	test_return_mean:         20.3997
test_return_std:           3.3254	
[INFO 21:22:50] my_main t_env: 1640189 / 2050000
[INFO 21:22:50] my_main Estimated time left: 1 hours, 33 minutes, 53 seconds. Time passed: 6 hours, 46 minutes, 36 seconds
[INFO 21:23:17] my_main Recent Stats | t_env:    1640189 | Episode:    21297
battle_won_mean:           0.3335	dead_allies_mean:          1.9966	dead_enemies_mean:         2.9974	div_coef:                1180.5191
div_loss:                 -0.0001	ep_length_mean:          181.6429	epsilon:                   0.0500	grad_norm:                 0.2189
loss:                     -0.0998	loss_td:                   0.0233	q_taken_mean:              1.0860	return_mean:              17.7539
return_std:                4.2337	target_mean:               1.0863	td_error_abs:              0.0870	test_battle_won_mean:      0.7562
test_dead_allies_mean:     1.0375	test_dead_enemies_mean:    4.3250	test_ep_length_mean:     169.5000	test_return_mean:         20.7724
test_return_std:           3.1400	
[INFO 21:25:09] my_main t_env: 1650316 / 2050000
[INFO 21:25:09] my_main Estimated time left: 1 hours, 31 minutes, 35 seconds. Time passed: 6 hours, 48 minutes, 55 seconds
RequestQuit command received.
DataHandler: unable to parse websocket frame.
Closing Application...
CloseHandler: 127.0.0.1:46440 disconnected
[INFO 21:25:25] absl Shutdown gracefully.
[INFO 21:25:25] absl Shutdown with return code: -15
[INFO 21:25:25] absl Launching SC2: /labmount/users/202535331/MARL/pymarl-monotone-qmix/3rdparty/StarCraftII/Versions/Base75689/SC2_x64 -listen 127.0.0.1 -port 39975 -dataDir /labmount/users/202535331/MARL/pymarl-monotone-qmix/3rdparty/StarCraftII/ -tempDir /tmp/sc-ano4whko/
[INFO 21:25:25] absl Connecting to: ws://127.0.0.1:39975/sc2api, attempt: 0, running: True
Version: B75689 (SC2.4.10)
Build: Aug 12 2019 17:16:57
Command Line: '"/labmount/users/202535331/MARL/pymarl-monotone-qmix/3rdparty/StarCraftII/Versions/Base75689/SC2_x64" -listen 127.0.0.1 -port 39975 -dataDir /labmount/users/202535331/MARL/pymarl-monotone-qmix/3rdparty/StarCraftII/ -tempDir /tmp/sc-ano4whko/'
Starting up...
Startup Phase 1 complete
[INFO 21:25:26] absl Connecting to: ws://127.0.0.1:39975/sc2api, attempt: 1, running: True
Startup Phase 2 complete
Creating stub renderer...
Listening on: 127.0.0.1:39975
Startup Phase 3 complete. Ready for commands.
[INFO 21:25:27] absl Connecting to: ws://127.0.0.1:39975/sc2api, attempt: 2, running: True
ConnectHandler: Request from 127.0.0.1:38448 accepted
ReadyHandler: 127.0.0.1:38448 ready
Requesting to join a single player game
Configuring interface options
Configure: raw interface enabled
Configure: feature layer interface disabled
Configure: score interface disabled
Configure: render interface disabled
Launching next game.
Next launch phase started: 2
Next launch phase started: 3
Next launch phase started: 4
Next launch phase started: 5
Next launch phase started: 6
Next launch phase started: 7
Next launch phase started: 8
Game has started.
Using default stable ids, none found at: /labmount/users/202535331/MARL/pymarl-monotone-qmix/3rdparty/StarCraftII/stableid.json
Successfully loaded stable ids: GameData\stableid.json
Sending ResponseJoinGame
[INFO 21:25:42] my_main Recent Stats | t_env:    1650316 | Episode:    21356
battle_won_mean:           0.3293	dead_allies_mean:          2.0261	dead_enemies_mean:         2.9991	div_coef:                1185.1827
div_loss:                 -0.0001	ep_length_mean:          179.5680	epsilon:                   0.0500	grad_norm:                 0.2014
loss:                     -0.1016	loss_td:                   0.0234	q_taken_mean:              1.0811	return_mean:              17.7295
return_std:                4.2128	target_mean:               1.0808	td_error_abs:              0.0849	test_battle_won_mean:      0.7500
test_dead_allies_mean:     0.9688	test_dead_enemies_mean:    4.2812	test_ep_length_mean:     169.4062	test_return_mean:         20.8092
test_return_std:           3.3811	
[INFO 21:27:12] my_main Updated target network
[INFO 21:27:31] my_main t_env: 1660557 / 2050000
[INFO 21:27:31] my_main Estimated time left: 1 hours, 30 minutes, 10 seconds. Time passed: 6 hours, 51 minutes, 17 seconds
[INFO 21:27:55] my_main Recent Stats | t_env:    1660557 | Episode:    21412
battle_won_mean:           0.3169	dead_allies_mean:          2.1068	dead_enemies_mean:         2.9326	div_coef:                1173.8464
div_loss:                 -0.0001	ep_length_mean:          176.4176	epsilon:                   0.0500	grad_norm:                 0.2584
loss:                     -0.0993	loss_td:                   0.0253	q_taken_mean:              1.0909	return_mean:              17.6124
return_std:                4.1934	target_mean:               1.0948	td_error_abs:              0.0906	test_battle_won_mean:      0.7438
test_dead_allies_mean:     1.0562	test_dead_enemies_mean:    4.2625	test_ep_length_mean:     167.5813	test_return_mean:         20.7616
test_return_std:           3.5183	
[INFO 21:29:47] my_main t_env: 1670640 / 2050000
[INFO 21:29:47] my_main Estimated time left: 1 hours, 25 minutes, 12 seconds. Time passed: 6 hours, 53 minutes, 33 seconds
[INFO 21:30:16] my_main Recent Stats | t_env:    1670640 | Episode:    21470
battle_won_mean:           0.2802	dead_allies_mean:          2.1348	dead_enemies_mean:         2.7984	div_coef:                1175.4549
div_loss:                 -0.0001	ep_length_mean:          177.1119	epsilon:                   0.0500	grad_norm:                 0.2870
loss:                     -0.0991	loss_td:                   0.0258	q_taken_mean:              1.0867	return_mean:              17.3806
return_std:                4.1743	target_mean:               1.0963	td_error_abs:              0.0922	test_battle_won_mean:      0.7375
test_dead_allies_mean:     1.1062	test_dead_enemies_mean:    4.2250	test_ep_length_mean:     168.1000	test_return_mean:         20.7283
test_return_std:           3.6097	
[INFO 21:32:07] my_main t_env: 1680738 / 2050000
[INFO 21:32:07] my_main Estimated time left: 1 hours, 25 minutes, 5 seconds. Time passed: 6 hours, 55 minutes, 53 seconds
[INFO 21:32:35] my_main Recent Stats | t_env:    1680738 | Episode:    21527
battle_won_mean:           0.2403	dead_allies_mean:          2.2230	dead_enemies_mean:         2.6612	div_coef:                1194.9400
div_loss:                 -0.0001	ep_length_mean:          176.3114	epsilon:                   0.0500	grad_norm:                 0.3405
loss:                     -0.1000	loss_td:                   0.0261	q_taken_mean:              1.0857	return_mean:              17.0477
return_std:                4.2026	target_mean:               1.0920	td_error_abs:              0.0947	test_battle_won_mean:      0.7000
test_dead_allies_mean:     1.2688	test_dead_enemies_mean:    4.1625	test_ep_length_mean:     167.8688	test_return_mean:         20.5241
test_return_std:           3.6834	
[INFO 21:34:28] my_main t_env: 1690795 / 2050000
[INFO 21:34:28] my_main Estimated time left: 1 hours, 24 minutes, 9 seconds. Time passed: 6 hours, 58 minutes, 14 seconds
[INFO 21:34:57] my_main Recent Stats | t_env:    1690795 | Episode:    21588
battle_won_mean:           0.2195	dead_allies_mean:          2.2685	dead_enemies_mean:         2.5331	div_coef:                1204.8511
div_loss:                 -0.0001	ep_length_mean:          174.0781	epsilon:                   0.0500	grad_norm:                 0.4594
loss:                     -0.0999	loss_td:                   0.0270	q_taken_mean:              1.0714	return_mean:              16.6729
return_std:                4.3489	target_mean:               1.0836	td_error_abs:              0.0995	test_battle_won_mean:      0.6375
test_dead_allies_mean:     1.4250	test_dead_enemies_mean:    4.0125	test_ep_length_mean:     170.8313	test_return_mean:         20.2081
test_return_std:           3.8011	
RequestQuit command received.
DataHandler: unable to parse websocket frame.
Closing Application...
CloseHandler: 127.0.0.1:38448 disconnected
ResponseThread: No connection, dropping the response.
[INFO 21:35:04] absl Shutdown gracefully.
[INFO 21:35:04] absl Shutdown with return code: -15
[INFO 21:35:04] absl Launching SC2: /labmount/users/202535331/MARL/pymarl-monotone-qmix/3rdparty/StarCraftII/Versions/Base75689/SC2_x64 -listen 127.0.0.1 -port 33093 -dataDir /labmount/users/202535331/MARL/pymarl-monotone-qmix/3rdparty/StarCraftII/ -tempDir /tmp/sc-aydfwmyv/
[INFO 21:35:04] absl Connecting to: ws://127.0.0.1:33093/sc2api, attempt: 0, running: True
Version: B75689 (SC2.4.10)
Build: Aug 12 2019 17:16:57
Command Line: '"/labmount/users/202535331/MARL/pymarl-monotone-qmix/3rdparty/StarCraftII/Versions/Base75689/SC2_x64" -listen 127.0.0.1 -port 33093 -dataDir /labmount/users/202535331/MARL/pymarl-monotone-qmix/3rdparty/StarCraftII/ -tempDir /tmp/sc-aydfwmyv/'
Starting up...
Startup Phase 1 complete
[INFO 21:35:05] absl Connecting to: ws://127.0.0.1:33093/sc2api, attempt: 1, running: True
Startup Phase 2 complete
Creating stub renderer...
Listening on: 127.0.0.1:33093
Startup Phase 3 complete. Ready for commands.
[INFO 21:35:06] absl Connecting to: ws://127.0.0.1:33093/sc2api, attempt: 2, running: True
ConnectHandler: Request from 127.0.0.1:40320 accepted
ReadyHandler: 127.0.0.1:40320 ready
Requesting to join a single player game
Configuring interface options
Configure: raw interface enabled
Configure: feature layer interface disabled
Configure: score interface disabled
Configure: render interface disabled
Launching next game.
Next launch phase started: 2
Next launch phase started: 3
Next launch phase started: 4
Next launch phase started: 5
Next launch phase started: 6
Next launch phase started: 7
Next launch phase started: 8
Game has started.
Using default stable ids, none found at: /labmount/users/202535331/MARL/pymarl-monotone-qmix/3rdparty/StarCraftII/stableid.json
Successfully loaded stable ids: GameData\stableid.json
Sending ResponseJoinGame
[INFO 21:35:26] my_main Updated target network
[INFO 21:36:51] my_main t_env: 1700801 / 2050000
[INFO 21:36:51] my_main Estimated time left: 1 hours, 23 minutes, 6 seconds. Time passed: 7 hours, 37 seconds
[INFO 21:37:18] my_main Recent Stats | t_env:    1700801 | Episode:    21645
battle_won_mean:           0.2040	dead_allies_mean:          2.2700	dead_enemies_mean:         2.5147	div_coef:                1214.6514
div_loss:                 -0.0001	ep_length_mean:          174.8581	epsilon:                   0.0500	grad_norm:                 0.4171
loss:                     -0.0998	loss_td:                   0.0270	q_taken_mean:              1.0909	return_mean:              16.6237
return_std:                4.3446	target_mean:               1.0991	td_error_abs:              0.0981	test_battle_won_mean:      0.6188
test_dead_allies_mean:     1.5688	test_dead_enemies_mean:    4.0125	test_ep_length_mean:     170.6750	test_return_mean:         20.0988
test_return_std:           3.6276	
[INFO 21:39:06] my_main t_env: 1710940 / 2050000
[INFO 21:39:06] my_main Estimated time left: 1 hours, 15 minutes, 17 seconds. Time passed: 7 hours, 2 minutes, 52 seconds
[INFO 21:39:33] my_main Recent Stats | t_env:    1710940 | Episode:    21703
battle_won_mean:           0.2196	dead_allies_mean:          2.2267	dead_enemies_mean:         2.6037	div_coef:                1232.6901
div_loss:                 -0.0001	ep_length_mean:          173.2452	epsilon:                   0.0500	grad_norm:                 0.3940
loss:                     -0.1025	loss_td:                   0.0261	q_taken_mean:              1.0959	return_mean:              16.7334
return_std:                4.4072	target_mean:               1.0984	td_error_abs:              0.0957	test_battle_won_mean:      0.5938
test_dead_allies_mean:     1.6375	test_dead_enemies_mean:    3.9688	test_ep_length_mean:     174.2937	test_return_mean:         20.0589
test_return_std:           3.5602	
[INFO 21:41:20] my_main t_env: 1720973 / 2050000
[INFO 21:41:20] my_main Estimated time left: 1 hours, 13 minutes, 2 seconds. Time passed: 7 hours, 5 minutes, 6 seconds
[INFO 21:41:50] my_main Recent Stats | t_env:    1720973 | Episode:    21764
battle_won_mean:           0.2409	dead_allies_mean:          2.2535	dead_enemies_mean:         2.6916	div_coef:                1236.7250
div_loss:                 -0.0001	ep_length_mean:          171.3713	epsilon:                   0.0500	grad_norm:                 0.3109
loss:                     -0.1045	loss_td:                   0.0249	q_taken_mean:              1.1006	return_mean:              16.8731
return_std:                4.4271	target_mean:               1.0999	td_error_abs:              0.0920	test_battle_won_mean:      0.6062
test_dead_allies_mean:     1.5562	test_dead_enemies_mean:    4.0563	test_ep_length_mean:     175.7500	test_return_mean:         20.2061
test_return_std:           3.3346	
[INFO 21:42:57] my_main Updated target network
[INFO 21:43:32] my_main t_env: 1731015 / 2050000
[INFO 21:43:32] my_main Estimated time left: 1 hours, 9 minutes, 54 seconds. Time passed: 7 hours, 7 minutes, 18 seconds
[INFO 21:43:58] my_main Recent Stats | t_env:    1731015 | Episode:    21820
battle_won_mean:           0.2701	dead_allies_mean:          2.2224	dead_enemies_mean:         2.8181	div_coef:                1230.4476
div_loss:                 -0.0001	ep_length_mean:          171.8040	epsilon:                   0.0500	grad_norm:                 0.3452
loss:                     -0.1037	loss_td:                   0.0257	q_taken_mean:              1.0999	return_mean:              17.1617
return_std:                4.4152	target_mean:               1.1056	td_error_abs:              0.0947	test_battle_won_mean:      0.6438
test_dead_allies_mean:     1.3938	test_dead_enemies_mean:    4.1500	test_ep_length_mean:     173.6875	test_return_mean:         20.3701
test_return_std:           3.0370	
RequestQuit command received.
Closing Application...
DataHandler: unable to parse websocket frame.
CloseHandler: 127.0.0.1:40320 disconnected
[INFO 21:44:35] absl Shutdown gracefully.
[INFO 21:44:35] absl Shutdown with return code: -15
[INFO 21:44:35] absl Launching SC2: /labmount/users/202535331/MARL/pymarl-monotone-qmix/3rdparty/StarCraftII/Versions/Base75689/SC2_x64 -listen 127.0.0.1 -port 41933 -dataDir /labmount/users/202535331/MARL/pymarl-monotone-qmix/3rdparty/StarCraftII/ -tempDir /tmp/sc-09uc_olm/
[INFO 21:44:35] absl Connecting to: ws://127.0.0.1:41933/sc2api, attempt: 0, running: True
Version: B75689 (SC2.4.10)
Build: Aug 12 2019 17:16:57
Command Line: '"/labmount/users/202535331/MARL/pymarl-monotone-qmix/3rdparty/StarCraftII/Versions/Base75689/SC2_x64" -listen 127.0.0.1 -port 41933 -dataDir /labmount/users/202535331/MARL/pymarl-monotone-qmix/3rdparty/StarCraftII/ -tempDir /tmp/sc-09uc_olm/'
Starting up...
Startup Phase 1 complete
[INFO 21:44:36] absl Connecting to: ws://127.0.0.1:41933/sc2api, attempt: 1, running: True
Startup Phase 2 complete
Creating stub renderer...
Listening on: 127.0.0.1:41933
Startup Phase 3 complete. Ready for commands.
[INFO 21:44:37] absl Connecting to: ws://127.0.0.1:41933/sc2api, attempt: 2, running: True
ConnectHandler: Request from 127.0.0.1:44060 accepted
ReadyHandler: 127.0.0.1:44060 ready
Requesting to join a single player game
Configuring interface options
Configure: raw interface enabled
Configure: feature layer interface disabled
Configure: score interface disabled
Configure: render interface disabled
Launching next game.
Next launch phase started: 2
Next launch phase started: 3
Next launch phase started: 4
Next launch phase started: 5
Next launch phase started: 6
Next launch phase started: 7
Next launch phase started: 8
Game has started.
Using default stable ids, none found at: /labmount/users/202535331/MARL/pymarl-monotone-qmix/3rdparty/StarCraftII/stableid.json
Successfully loaded stable ids: GameData\stableid.json
Sending ResponseJoinGame
[INFO 21:45:46] my_main t_env: 1741146 / 2050000
[INFO 21:45:46] my_main Estimated time left: 1 hours, 7 minutes, 50 seconds. Time passed: 7 hours, 9 minutes, 31 seconds
[INFO 21:46:10] my_main Recent Stats | t_env:    1741146 | Episode:    21875
battle_won_mean:           0.2751	dead_allies_mean:          2.1663	dead_enemies_mean:         2.8482	div_coef:                1242.1789
div_loss:                 -0.0001	ep_length_mean:          175.6702	epsilon:                   0.0500	grad_norm:                 0.2324
loss:                     -0.1051	loss_td:                   0.0262	q_taken_mean:              1.1358	return_mean:              17.3934
return_std:                4.2635	target_mean:               1.1371	td_error_abs:              0.0910	test_battle_won_mean:      0.6750
test_dead_allies_mean:     1.2437	test_dead_enemies_mean:    4.2375	test_ep_length_mean:     169.8187	test_return_mean:         20.3924
test_return_std:           3.0302	
[INFO 21:47:53] my_main t_env: 1751151 / 2050000
[INFO 21:47:53] my_main Estimated time left: 1 hours, 3 minutes, 19 seconds. Time passed: 7 hours, 11 minutes, 38 seconds
[INFO 21:48:18] my_main Recent Stats | t_env:    1751151 | Episode:    21931
battle_won_mean:           0.2901	dead_allies_mean:          2.1671	dead_enemies_mean:         2.8796	div_coef:                1243.2893
div_loss:                 -0.0001	ep_length_mean:          176.2936	epsilon:                   0.0500	grad_norm:                 0.2925
loss:                     -0.1065	loss_td:                   0.0262	q_taken_mean:              1.1345	return_mean:              17.4382
return_std:                4.3261	target_mean:               1.1334	td_error_abs:              0.0931	test_battle_won_mean:      0.7188
test_dead_allies_mean:     1.1313	test_dead_enemies_mean:    4.3187	test_ep_length_mean:     168.1687	test_return_mean:         20.6130
test_return_std:           3.0387	
[INFO 21:50:10] my_main t_env: 1761267 / 2050000
[INFO 21:50:10] my_main Estimated time left: 1 hours, 5 minutes, 24 seconds. Time passed: 7 hours, 13 minutes, 56 seconds
[INFO 21:50:34] my_main Recent Stats | t_env:    1761267 | Episode:    21993
battle_won_mean:           0.2829	dead_allies_mean:          2.1985	dead_enemies_mean:         2.7888	div_coef:                1241.9794
div_loss:                 -0.0001	ep_length_mean:          173.9638	epsilon:                   0.0500	grad_norm:                 0.2900
loss:                     -0.1064	loss_td:                   0.0261	q_taken_mean:              1.1258	return_mean:              17.2766
return_std:                4.3738	target_mean:               1.1249	td_error_abs:              0.0915	test_battle_won_mean:      0.7312
test_dead_allies_mean:     1.0625	test_dead_enemies_mean:    4.2938	test_ep_length_mean:     165.5312	test_return_mean:         20.5594
test_return_std:           3.1366	
[INFO 21:50:48] my_main Updated target network
[INFO 21:52:18] my_main t_env: 1771472 / 2050000
[INFO 21:52:18] my_main Estimated time left: 58 minutes, 6 seconds. Time passed: 7 hours, 16 minutes, 4 seconds
[INFO 21:52:41] my_main Recent Stats | t_env:    1771472 | Episode:    22047
battle_won_mean:           0.2938	dead_allies_mean:          2.1091	dead_enemies_mean:         2.8364	div_coef:                1247.3717
div_loss:                 -0.0001	ep_length_mean:          178.8650	epsilon:                   0.0500	grad_norm:                 0.3173
loss:                     -0.1053	loss_td:                   0.0276	q_taken_mean:              1.1355	return_mean:              17.3956
return_std:                4.2287	target_mean:               1.1355	td_error_abs:              0.0934	test_battle_won_mean:      0.7562
test_dead_allies_mean:     1.0688	test_dead_enemies_mean:    4.3187	test_ep_length_mean:     156.8438	test_return_mean:         20.4466
test_return_std:           3.1920	
RequestQuit command received.
DataHandler: unable to parse websocket frame.
Closing Application...
CloseHandler: 127.0.0.1:44060 disconnected
ResponseThread: No connection, dropping the response.
[INFO 21:54:09] absl Shutdown gracefully.
[INFO 21:54:09] absl Shutdown with return code: -15
[INFO 21:54:09] absl Launching SC2: /labmount/users/202535331/MARL/pymarl-monotone-qmix/3rdparty/StarCraftII/Versions/Base75689/SC2_x64 -listen 127.0.0.1 -port 36917 -dataDir /labmount/users/202535331/MARL/pymarl-monotone-qmix/3rdparty/StarCraftII/ -tempDir /tmp/sc-oynu8fzz/
[INFO 21:54:09] absl Connecting to: ws://127.0.0.1:36917/sc2api, attempt: 0, running: True
Version: B75689 (SC2.4.10)
Build: Aug 12 2019 17:16:57
Command Line: '"/labmount/users/202535331/MARL/pymarl-monotone-qmix/3rdparty/StarCraftII/Versions/Base75689/SC2_x64" -listen 127.0.0.1 -port 36917 -dataDir /labmount/users/202535331/MARL/pymarl-monotone-qmix/3rdparty/StarCraftII/ -tempDir /tmp/sc-oynu8fzz/'
Starting up...
Startup Phase 1 complete
[INFO 21:54:10] absl Connecting to: ws://127.0.0.1:36917/sc2api, attempt: 1, running: True
Startup Phase 2 complete
Creating stub renderer...
Listening on: 127.0.0.1:36917
Startup Phase 3 complete. Ready for commands.
[INFO 21:54:11] absl Connecting to: ws://127.0.0.1:36917/sc2api, attempt: 2, running: True
ConnectHandler: Request from 127.0.0.1:51454 accepted
ReadyHandler: 127.0.0.1:51454 ready
Requesting to join a single player game
Configuring interface options
Configure: raw interface enabled
Configure: feature layer interface disabled
Configure: score interface disabled
Configure: render interface disabled
Launching next game.
Next launch phase started: 2
Next launch phase started: 3
Next launch phase started: 4
Next launch phase started: 5
Next launch phase started: 6
Next launch phase started: 7
Next launch phase started: 8
Game has started.
Using default stable ids, none found at: /labmount/users/202535331/MARL/pymarl-monotone-qmix/3rdparty/StarCraftII/stableid.json
Successfully loaded stable ids: GameData\stableid.json
Sending ResponseJoinGame
[INFO 21:54:29] my_main t_env: 1781483 / 2050000
[INFO 21:54:29] my_main Estimated time left: 58 minutes, 32 seconds. Time passed: 7 hours, 18 minutes, 15 seconds
[INFO 21:54:55] my_main Recent Stats | t_env:    1781483 | Episode:    22102
battle_won_mean:           0.2768	dead_allies_mean:          2.0878	dead_enemies_mean:         2.7602	div_coef:                1262.7772
div_loss:                 -0.0001	ep_length_mean:          179.4043	epsilon:                   0.0500	grad_norm:                 0.2411
loss:                     -0.1069	loss_td:                   0.0274	q_taken_mean:              1.1444	return_mean:              17.3466
return_std:                4.1683	target_mean:               1.1397	td_error_abs:              0.0897	test_battle_won_mean:      0.7562
test_dead_allies_mean:     1.0813	test_dead_enemies_mean:    4.2938	test_ep_length_mean:     156.4125	test_return_mean:         20.3693
test_return_std:           3.4091	
[INFO 21:56:46] my_main t_env: 1791606 / 2050000
[INFO 21:56:46] my_main Estimated time left: 58 minutes, 28 seconds. Time passed: 7 hours, 20 minutes, 32 seconds
[INFO 21:57:13] my_main Recent Stats | t_env:    1791606 | Episode:    22160
battle_won_mean:           0.3087	dead_allies_mean:          2.0880	dead_enemies_mean:         2.9065	div_coef:                1272.4324
div_loss:                 -0.0001	ep_length_mean:          177.4712	epsilon:                   0.0500	grad_norm:                 0.2374
loss:                     -0.1090	loss_td:                   0.0265	q_taken_mean:              1.1256	return_mean:              17.6304
return_std:                4.1784	target_mean:               1.1195	td_error_abs:              0.0871	test_battle_won_mean:      0.7562
test_dead_allies_mean:     1.1062	test_dead_enemies_mean:    4.2750	test_ep_length_mean:     158.6312	test_return_mean:         20.5540
test_return_std:           3.4240	
[INFO 21:58:32] my_main Updated target network
[INFO 21:59:04] my_main t_env: 1801853 / 2050000
[INFO 21:59:04] my_main Estimated time left: 55 minutes, 22 seconds. Time passed: 7 hours, 22 minutes, 49 seconds
[INFO 21:59:30] my_main Recent Stats | t_env:    1801853 | Episode:    22218
battle_won_mean:           0.3136	dead_allies_mean:          2.0588	dead_enemies_mean:         2.8586	div_coef:                1278.2793
div_loss:                 -0.0001	ep_length_mean:          177.0736	epsilon:                   0.0500	grad_norm:                 0.1653
loss:                     -0.1087	loss_td:                   0.0267	q_taken_mean:              1.1486	return_mean:              17.6609
return_std:                4.2825	target_mean:               1.1466	td_error_abs:              0.0877	test_battle_won_mean:      0.7500
test_dead_allies_mean:     1.1187	test_dead_enemies_mean:    4.2938	test_ep_length_mean:     159.1125	test_return_mean:         20.5526
test_return_std:           3.3368	
[INFO 22:01:20] my_main t_env: 1811975 / 2050000
[INFO 22:01:20] my_main Estimated time left: 53 minutes, 36 seconds. Time passed: 7 hours, 25 minutes, 6 seconds
[INFO 22:01:47] my_main Recent Stats | t_env:    1811975 | Episode:    22276
battle_won_mean:           0.3657	dead_allies_mean:          1.9550	dead_enemies_mean:         3.0597	div_coef:                1290.1011
div_loss:                 -0.0001	ep_length_mean:          179.3448	epsilon:                   0.0500	grad_norm:                 0.1183
loss:                     -0.1100	loss_td:                   0.0264	q_taken_mean:              1.1583	return_mean:              18.2404
return_std:                4.1880	target_mean:               1.1593	td_error_abs:              0.0883	test_battle_won_mean:      0.7500
test_dead_allies_mean:     1.1187	test_dead_enemies_mean:    4.3563	test_ep_length_mean:     160.9688	test_return_mean:         20.5863
test_return_std:           3.2124	
[INFO 22:03:34] my_main t_env: 1822128 / 2050000
[INFO 22:03:34] my_main Estimated time left: 50 minutes, 2 seconds. Time passed: 7 hours, 27 minutes, 20 seconds
RequestQuit command received.
DataHandler: unable to parse websocket frame.
CloseHandler: 127.0.0.1:51454 disconnected
Closing Application...
ResponseThread: No connection, dropping the response.
[INFO 22:03:48] absl Shutdown gracefully.
[INFO 22:03:48] absl Shutdown with return code: -15
[INFO 22:03:48] absl Launching SC2: /labmount/users/202535331/MARL/pymarl-monotone-qmix/3rdparty/StarCraftII/Versions/Base75689/SC2_x64 -listen 127.0.0.1 -port 33583 -dataDir /labmount/users/202535331/MARL/pymarl-monotone-qmix/3rdparty/StarCraftII/ -tempDir /tmp/sc-25wxys5d/
[INFO 22:03:48] absl Connecting to: ws://127.0.0.1:33583/sc2api, attempt: 0, running: True
Version: B75689 (SC2.4.10)
Build: Aug 12 2019 17:16:57
Command Line: '"/labmount/users/202535331/MARL/pymarl-monotone-qmix/3rdparty/StarCraftII/Versions/Base75689/SC2_x64" -listen 127.0.0.1 -port 33583 -dataDir /labmount/users/202535331/MARL/pymarl-monotone-qmix/3rdparty/StarCraftII/ -tempDir /tmp/sc-25wxys5d/'
Starting up...
Startup Phase 1 complete
[INFO 22:03:49] absl Connecting to: ws://127.0.0.1:33583/sc2api, attempt: 1, running: True
Startup Phase 2 complete
Creating stub renderer...
Listening on: 127.0.0.1:33583
Startup Phase 3 complete. Ready for commands.
[INFO 22:03:50] absl Connecting to: ws://127.0.0.1:33583/sc2api, attempt: 2, running: True
ConnectHandler: Request from 127.0.0.1:44906 accepted
ReadyHandler: 127.0.0.1:44906 ready
Requesting to join a single player game
Configuring interface options
Configure: raw interface enabled
Configure: feature layer interface disabled
Configure: score interface disabled
Configure: render interface disabled
Launching next game.
Next launch phase started: 2
Next launch phase started: 3
Next launch phase started: 4
Next launch phase started: 5
Next launch phase started: 6
Next launch phase started: 7
Next launch phase started: 8
Game has started.
Using default stable ids, none found at: /labmount/users/202535331/MARL/pymarl-monotone-qmix/3rdparty/StarCraftII/stableid.json
Successfully loaded stable ids: GameData\stableid.json
Sending ResponseJoinGame
[INFO 22:04:05] my_main Recent Stats | t_env:    1822128 | Episode:    22331
battle_won_mean:           0.3645	dead_allies_mean:          1.9734	dead_enemies_mean:         3.0703	div_coef:                1309.0703
div_loss:                 -0.0001	ep_length_mean:          178.4685	epsilon:                   0.0500	grad_norm:                 0.2038
loss:                     -0.1117	loss_td:                   0.0262	q_taken_mean:              1.1638	return_mean:              18.3362
return_std:                4.2412	target_mean:               1.1590	td_error_abs:              0.0907	test_battle_won_mean:      0.7188
test_dead_allies_mean:     1.1750	test_dead_enemies_mean:    4.2313	test_ep_length_mean:     162.0375	test_return_mean:         20.4514
test_return_std:           3.3430	
[INFO 22:05:53] my_main t_env: 1832245 / 2050000
[INFO 22:05:53] my_main Estimated time left: 49 minutes, 39 seconds. Time passed: 7 hours, 29 minutes, 38 seconds
[INFO 22:06:19] my_main Recent Stats | t_env:    1832245 | Episode:    22389
battle_won_mean:           0.3689	dead_allies_mean:          2.0006	dead_enemies_mean:         3.0806	div_coef:                1321.8028
div_loss:                 -0.0001	ep_length_mean:          176.9510	epsilon:                   0.0500	grad_norm:                 0.1946
loss:                     -0.1120	loss_td:                   0.0267	q_taken_mean:              1.1630	return_mean:              18.2641
return_std:                4.2377	target_mean:               1.1586	td_error_abs:              0.0909	test_battle_won_mean:      0.7250
test_dead_allies_mean:     1.1875	test_dead_enemies_mean:    4.2875	test_ep_length_mean:     163.1188	test_return_mean:         20.6722
test_return_std:           2.9852	
[INFO 22:06:42] my_main Updated target network
[INFO 22:08:07] my_main t_env: 1842362 / 2050000
[INFO 22:08:07] my_main Estimated time left: 46 minutes, 5 seconds. Time passed: 7 hours, 31 minutes, 53 seconds
[INFO 22:08:33] my_main Recent Stats | t_env:    1842362 | Episode:    22447
battle_won_mean:           0.3413	dead_allies_mean:          2.0109	dead_enemies_mean:         2.9565	div_coef:                1325.2207
div_loss:                 -0.0001	ep_length_mean:          176.9303	epsilon:                   0.0500	grad_norm:                 0.2515
loss:                     -0.1112	loss_td:                   0.0266	q_taken_mean:              1.1632	return_mean:              18.0561
return_std:                4.2702	target_mean:               1.1621	td_error_abs:              0.0936	test_battle_won_mean:      0.7500
test_dead_allies_mean:     1.1750	test_dead_enemies_mean:    4.4000	test_ep_length_mean:     162.4313	test_return_mean:         20.8426
test_return_std:           2.6694	
[INFO 22:10:25] my_main t_env: 1852482 / 2050000
[INFO 22:10:25] my_main Estimated time left: 44 minutes, 41 seconds. Time passed: 7 hours, 34 minutes, 10 seconds
[INFO 22:10:50] my_main Recent Stats | t_env:    1852482 | Episode:    22508
battle_won_mean:           0.3645	dead_allies_mean:          1.9806	dead_enemies_mean:         3.0381	div_coef:                1336.3039
div_loss:                 -0.0001	ep_length_mean:          174.7762	epsilon:                   0.0500	grad_norm:                 0.2624
loss:                     -0.1118	loss_td:                   0.0262	q_taken_mean:              1.1407	return_mean:              18.1250
return_std:                4.1543	target_mean:               1.1379	td_error_abs:              0.0917	test_battle_won_mean:      0.7812
test_dead_allies_mean:     1.1625	test_dead_enemies_mean:    4.5000	test_ep_length_mean:     162.6687	test_return_mean:         21.0114
test_return_std:           2.3683	
[INFO 22:12:36] my_main t_env: 1862684 / 2050000
[INFO 22:12:36] my_main Estimated time left: 40 minutes, 9 seconds. Time passed: 7 hours, 36 minutes, 22 seconds
[INFO 22:13:02] my_main Recent Stats | t_env:    1862684 | Episode:    22563
battle_won_mean:           0.3558	dead_allies_mean:          1.9919	dead_enemies_mean:         3.0445	div_coef:                1344.8026
div_loss:                 -0.0001	ep_length_mean:          176.9709	epsilon:                   0.0500	grad_norm:                 0.3893
loss:                     -0.1110	loss_td:                   0.0280	q_taken_mean:              1.1335	return_mean:              18.1065
return_std:                4.1101	target_mean:               1.1353	td_error_abs:              0.0987	test_battle_won_mean:      0.7937
test_dead_allies_mean:     1.1187	test_dead_enemies_mean:    4.5125	test_ep_length_mean:     162.6125	test_return_mean:         21.1923
test_return_std:           2.1078	
RequestQuit command received.
DataHandler: unable to parse websocket frame.
Closing Application...
CloseHandler: 127.0.0.1:44906 disconnected
ResponseThread: No connection, dropping the response.
[INFO 22:13:17] absl Shutdown gracefully.
[INFO 22:13:17] absl Shutdown with return code: -15
[INFO 22:13:17] absl Launching SC2: /labmount/users/202535331/MARL/pymarl-monotone-qmix/3rdparty/StarCraftII/Versions/Base75689/SC2_x64 -listen 127.0.0.1 -port 37591 -dataDir /labmount/users/202535331/MARL/pymarl-monotone-qmix/3rdparty/StarCraftII/ -tempDir /tmp/sc-yxb0k9sp/
[INFO 22:13:17] absl Connecting to: ws://127.0.0.1:37591/sc2api, attempt: 0, running: True
Version: B75689 (SC2.4.10)
Build: Aug 12 2019 17:16:57
Command Line: '"/labmount/users/202535331/MARL/pymarl-monotone-qmix/3rdparty/StarCraftII/Versions/Base75689/SC2_x64" -listen 127.0.0.1 -port 37591 -dataDir /labmount/users/202535331/MARL/pymarl-monotone-qmix/3rdparty/StarCraftII/ -tempDir /tmp/sc-yxb0k9sp/'
Starting up...
Startup Phase 1 complete
[INFO 22:13:18] absl Connecting to: ws://127.0.0.1:37591/sc2api, attempt: 1, running: True
Startup Phase 2 complete
Creating stub renderer...
Listening on: 127.0.0.1:37591
Startup Phase 3 complete. Ready for commands.
[INFO 22:13:19] absl Connecting to: ws://127.0.0.1:37591/sc2api, attempt: 2, running: True
ConnectHandler: Request from 127.0.0.1:38514 accepted
ReadyHandler: 127.0.0.1:38514 ready
Requesting to join a single player game
Configuring interface options
Configure: raw interface enabled
Configure: feature layer interface disabled
Configure: score interface disabled
Configure: render interface disabled
Launching next game.
Next launch phase started: 2
Next launch phase started: 3
Next launch phase started: 4
Next launch phase started: 5
Next launch phase started: 6
Next launch phase started: 7
Next launch phase started: 8
Game has started.
Using default stable ids, none found at: /labmount/users/202535331/MARL/pymarl-monotone-qmix/3rdparty/StarCraftII/stableid.json
Successfully loaded stable ids: GameData\stableid.json
Sending ResponseJoinGame
[INFO 22:14:21] my_main Updated target network
[INFO 22:14:54] my_main t_env: 1872741 / 2050000
[INFO 22:14:54] my_main Estimated time left: 40 minutes, 40 seconds. Time passed: 7 hours, 38 minutes, 40 seconds
[INFO 22:15:18] my_main Recent Stats | t_env:    1872741 | Episode:    22619
battle_won_mean:           0.3582	dead_allies_mean:          2.0131	dead_enemies_mean:         3.0440	div_coef:                1345.1641
div_loss:                 -0.0001	ep_length_mean:          175.9688	epsilon:                   0.0500	grad_norm:                 0.3614
loss:                     -0.1106	loss_td:                   0.0282	q_taken_mean:              1.1390	return_mean:              18.0914
return_std:                4.0687	target_mean:               1.1416	td_error_abs:              0.0981	test_battle_won_mean:      0.8375
test_dead_allies_mean:     0.9875	test_dead_enemies_mean:    4.6562	test_ep_length_mean:     161.5625	test_return_mean:         21.3559
test_return_std:           1.8087	
[INFO 22:17:09] my_main t_env: 1882836 / 2050000
[INFO 22:17:09] my_main Estimated time left: 37 minutes, 14 seconds. Time passed: 7 hours, 40 minutes, 55 seconds
[INFO 22:17:34] my_main Recent Stats | t_env:    1882836 | Episode:    22680
battle_won_mean:           0.3622	dead_allies_mean:          2.0344	dead_enemies_mean:         3.0008	div_coef:                1347.6986
div_loss:                 -0.0001	ep_length_mean:          174.1809	epsilon:                   0.0500	grad_norm:                 0.3705
loss:                     -0.1108	loss_td:                   0.0285	q_taken_mean:              1.1491	return_mean:              18.0036
return_std:                4.1663	target_mean:               1.1535	td_error_abs:              0.0977	test_battle_won_mean:      0.8500
test_dead_allies_mean:     0.9563	test_dead_enemies_mean:    4.6625	test_ep_length_mean:     158.4125	test_return_mean:         21.2671
test_return_std:           1.7833	
[INFO 22:19:23] my_main t_env: 1893037 / 2050000
[INFO 22:19:23] my_main Estimated time left: 34 minutes, 21 seconds. Time passed: 7 hours, 43 minutes, 9 seconds
[INFO 22:19:50] my_main Recent Stats | t_env:    1893037 | Episode:    22737
battle_won_mean:           0.3702	dead_allies_mean:          2.0380	dead_enemies_mean:         3.0592	div_coef:                1358.1422
div_loss:                 -0.0001	ep_length_mean:          175.0877	epsilon:                   0.0500	grad_norm:                 0.3799
loss:                     -0.1115	loss_td:                   0.0291	q_taken_mean:              1.1742	return_mean:              18.1416
return_std:                4.1167	target_mean:               1.1725	td_error_abs:              0.0995	test_battle_won_mean:      0.8375
test_dead_allies_mean:     0.9375	test_dead_enemies_mean:    4.6188	test_ep_length_mean:     160.9750	test_return_mean:         21.1991
test_return_std:           1.8761	
[INFO 22:21:39] my_main t_env: 1903082 / 2050000
[INFO 22:21:39] my_main Estimated time left: 33 minutes, 6 seconds. Time passed: 7 hours, 45 minutes, 25 seconds
[INFO 22:22:04] my_main Recent Stats | t_env:    1903082 | Episode:    22793
battle_won_mean:           0.3492	dead_allies_mean:          2.0654	dead_enemies_mean:         3.0648	div_coef:                1364.1906
div_loss:                 -0.0001	ep_length_mean:          177.7824	epsilon:                   0.0500	grad_norm:                 0.3747
loss:                     -0.1124	loss_td:                   0.0300	q_taken_mean:              1.1806	return_mean:              18.1521
return_std:                4.0312	target_mean:               1.1792	td_error_abs:              0.0998	test_battle_won_mean:      0.7562
test_dead_allies_mean:     1.1250	test_dead_enemies_mean:    4.3688	test_ep_length_mean:     162.4875	test_return_mean:         20.6049
test_return_std:           2.2841	
[INFO 22:22:18] my_main Updated target network
RequestQuit command received.
Closing Application...
DataHandler: unable to parse websocket frame.
CloseHandler: 127.0.0.1:38514 disconnected
[INFO 22:23:15] absl Shutdown gracefully.
[INFO 22:23:15] absl Shutdown with return code: -15
[INFO 22:23:15] absl Launching SC2: /labmount/users/202535331/MARL/pymarl-monotone-qmix/3rdparty/StarCraftII/Versions/Base75689/SC2_x64 -listen 127.0.0.1 -port 43307 -dataDir /labmount/users/202535331/MARL/pymarl-monotone-qmix/3rdparty/StarCraftII/ -tempDir /tmp/sc-qmuxpli2/
[INFO 22:23:15] absl Connecting to: ws://127.0.0.1:43307/sc2api, attempt: 0, running: True
Version: B75689 (SC2.4.10)
Build: Aug 12 2019 17:16:57
Command Line: '"/labmount/users/202535331/MARL/pymarl-monotone-qmix/3rdparty/StarCraftII/Versions/Base75689/SC2_x64" -listen 127.0.0.1 -port 43307 -dataDir /labmount/users/202535331/MARL/pymarl-monotone-qmix/3rdparty/StarCraftII/ -tempDir /tmp/sc-qmuxpli2/'
Starting up...
Startup Phase 1 complete
[INFO 22:23:16] absl Connecting to: ws://127.0.0.1:43307/sc2api, attempt: 1, running: True
Startup Phase 2 complete
Creating stub renderer...
Listening on: 127.0.0.1:43307
Startup Phase 3 complete. Ready for commands.
[INFO 22:23:17] absl Connecting to: ws://127.0.0.1:43307/sc2api, attempt: 2, running: True
ConnectHandler: Request from 127.0.0.1:33122 accepted
ReadyHandler: 127.0.0.1:33122 ready
Requesting to join a single player game
Configuring interface options
Configure: raw interface enabled
Configure: feature layer interface disabled
Configure: score interface disabled
Configure: render interface disabled
Launching next game.
Next launch phase started: 2
Next launch phase started: 3
Next launch phase started: 4
Next launch phase started: 5
Next launch phase started: 6
Next launch phase started: 7
Next launch phase started: 8
Game has started.
Using default stable ids, none found at: /labmount/users/202535331/MARL/pymarl-monotone-qmix/3rdparty/StarCraftII/stableid.json
Successfully loaded stable ids: GameData\stableid.json
Sending ResponseJoinGame
[INFO 22:24:07] my_main t_env: 1913097 / 2050000
[INFO 22:24:07] my_main Estimated time left: 33 minutes, 45 seconds. Time passed: 7 hours, 47 minutes, 53 seconds
[INFO 22:24:32] my_main Recent Stats | t_env:    1913097 | Episode:    22857
battle_won_mean:           0.3323	dead_allies_mean:          2.1252	dead_enemies_mean:         2.9412	div_coef:                1366.2483
div_loss:                 -0.0001	ep_length_mean:          171.9811	epsilon:                   0.0500	grad_norm:                 0.2639
loss:                     -0.1137	loss_td:                   0.0291	q_taken_mean:              1.2067	return_mean:              17.7750
return_std:                4.2665	target_mean:               1.2011	td_error_abs:              0.0947	test_battle_won_mean:      0.7562
test_dead_allies_mean:     1.1125	test_dead_enemies_mean:    4.3375	test_ep_length_mean:     161.5500	test_return_mean:         20.4570
test_return_std:           2.7699	
[INFO 22:26:19] my_main t_env: 1923297 / 2050000
[INFO 22:26:19] my_main Estimated time left: 27 minutes, 13 seconds. Time passed: 7 hours, 50 minutes, 4 seconds
[INFO 22:26:44] my_main Recent Stats | t_env:    1923297 | Episode:    22912
battle_won_mean:           0.3190	dead_allies_mean:          2.1149	dead_enemies_mean:         2.8871	div_coef:                1375.9697
div_loss:                 -0.0001	ep_length_mean:          173.1541	epsilon:                   0.0500	grad_norm:                 0.2873
loss:                     -0.1143	loss_td:                   0.0294	q_taken_mean:              1.2107	return_mean:              17.7538
return_std:                4.1944	target_mean:               1.2044	td_error_abs:              0.0963	test_battle_won_mean:      0.7625
test_dead_allies_mean:     1.1062	test_dead_enemies_mean:    4.3875	test_ep_length_mean:     162.6500	test_return_mean:         20.6296
test_return_std:           2.5740	
[INFO 22:28:36] my_main t_env: 1933344 / 2050000
[INFO 22:28:36] my_main Estimated time left: 26 minutes, 37 seconds. Time passed: 7 hours, 52 minutes, 22 seconds
[INFO 22:29:01] my_main Recent Stats | t_env:    1933344 | Episode:    22973
battle_won_mean:           0.3616	dead_allies_mean:          2.0067	dead_enemies_mean:         3.0838	div_coef:                1385.8660
div_loss:                 -0.0001	ep_length_mean:          172.9968	epsilon:                   0.0500	grad_norm:                 0.3297
loss:                     -0.1145	loss_td:                   0.0296	q_taken_mean:              1.2058	return_mean:              18.0761
return_std:                4.2380	target_mean:               1.1957	td_error_abs:              0.0977	test_battle_won_mean:      0.7562
test_dead_allies_mean:     1.1750	test_dead_enemies_mean:    4.3750	test_ep_length_mean:     163.2812	test_return_mean:         20.5270
test_return_std:           2.8957	
[INFO 22:29:55] my_main Updated target network
[INFO 22:30:50] my_main t_env: 1943463 / 2050000
[INFO 22:30:50] my_main Estimated time left: 23 minutes, 28 seconds. Time passed: 7 hours, 54 minutes, 36 seconds
[INFO 22:31:16] my_main Recent Stats | t_env:    1943463 | Episode:    23032
battle_won_mean:           0.3798	dead_allies_mean:          2.0029	dead_enemies_mean:         3.0978	div_coef:                1391.9138
div_loss:                 -0.0001	ep_length_mean:          171.5055	epsilon:                   0.0500	grad_norm:                 0.3315
loss:                     -0.1144	loss_td:                   0.0298	q_taken_mean:              1.1738	return_mean:              18.0569
return_std:                4.3828	target_mean:               1.1701	td_error_abs:              0.0966	test_battle_won_mean:      0.7375
test_dead_allies_mean:     1.2563	test_dead_enemies_mean:    4.3563	test_ep_length_mean:     160.0875	test_return_mean:         20.3766
test_return_std:           3.0263	
[INFO 22:33:10] my_main t_env: 1953691 / 2050000
[INFO 22:33:10] my_main Estimated time left: 21 minutes, 52 seconds. Time passed: 7 hours, 56 minutes, 55 seconds
RequestQuit command received.
Closing Application...
DataHandler: unable to parse websocket frame.
CloseHandler: 127.0.0.1:33122 disconnected
[INFO 22:33:13] absl Shutdown gracefully.
[INFO 22:33:13] absl Shutdown with return code: -15
[INFO 22:33:13] absl Launching SC2: /labmount/users/202535331/MARL/pymarl-monotone-qmix/3rdparty/StarCraftII/Versions/Base75689/SC2_x64 -listen 127.0.0.1 -port 42295 -dataDir /labmount/users/202535331/MARL/pymarl-monotone-qmix/3rdparty/StarCraftII/ -tempDir /tmp/sc-vervx3ig/
[INFO 22:33:13] absl Connecting to: ws://127.0.0.1:42295/sc2api, attempt: 0, running: True
Version: B75689 (SC2.4.10)
Build: Aug 12 2019 17:16:57
Command Line: '"/labmount/users/202535331/MARL/pymarl-monotone-qmix/3rdparty/StarCraftII/Versions/Base75689/SC2_x64" -listen 127.0.0.1 -port 42295 -dataDir /labmount/users/202535331/MARL/pymarl-monotone-qmix/3rdparty/StarCraftII/ -tempDir /tmp/sc-vervx3ig/'
Starting up...
Startup Phase 1 complete
[INFO 22:33:14] absl Connecting to: ws://127.0.0.1:42295/sc2api, attempt: 1, running: True
Startup Phase 2 complete
Creating stub renderer...
Listening on: 127.0.0.1:42295
Startup Phase 3 complete. Ready for commands.
[INFO 22:33:15] absl Connecting to: ws://127.0.0.1:42295/sc2api, attempt: 2, running: True
ConnectHandler: Request from 127.0.0.1:35828 accepted
ReadyHandler: 127.0.0.1:35828 ready
Requesting to join a single player game
Configuring interface options
Configure: raw interface enabled
Configure: feature layer interface disabled
Configure: score interface disabled
Configure: render interface disabled
Launching next game.
Next launch phase started: 2
Next launch phase started: 3
Next launch phase started: 4
Next launch phase started: 5
Next launch phase started: 6
Next launch phase started: 7
Next launch phase started: 8
Game has started.
Using default stable ids, none found at: /labmount/users/202535331/MARL/pymarl-monotone-qmix/3rdparty/StarCraftII/stableid.json
Successfully loaded stable ids: GameData\stableid.json
Sending ResponseJoinGame
[INFO 22:33:38] my_main Recent Stats | t_env:    1953691 | Episode:    23094
battle_won_mean:           0.3800	dead_allies_mean:          2.0499	dead_enemies_mean:         3.0435	div_coef:                1408.2375
div_loss:                 -0.0001	ep_length_mean:          168.6240	epsilon:                   0.0500	grad_norm:                 0.3261
loss:                     -0.1148	loss_td:                   0.0299	q_taken_mean:              1.1942	return_mean:              17.9190
return_std:                4.5561	target_mean:               1.1908	td_error_abs:              0.0979	test_battle_won_mean:      0.7937
test_dead_allies_mean:     1.1438	test_dead_enemies_mean:    4.4750	test_ep_length_mean:     153.4875	test_return_mean:         20.6968
test_return_std:           2.8724	
[INFO 22:35:32] my_main t_env: 1963861 / 2050000
[INFO 22:35:32] my_main Estimated time left: 20 minutes, 3 seconds. Time passed: 7 hours, 59 minutes, 17 seconds
[INFO 22:35:55] my_main Recent Stats | t_env:    1963861 | Episode:    23159
battle_won_mean:           0.3634	dead_allies_mean:          2.0836	dead_enemies_mean:         3.0312	div_coef:                1425.2417
div_loss:                 -0.0001	ep_length_mean:          168.6194	epsilon:                   0.0500	grad_norm:                 0.3321
loss:                     -0.1156	loss_td:                   0.0301	q_taken_mean:              1.1979	return_mean:              17.9078
return_std:                4.3524	target_mean:               1.1922	td_error_abs:              0.0965	test_battle_won_mean:      0.7937
test_dead_allies_mean:     1.2375	test_dead_enemies_mean:    4.4875	test_ep_length_mean:     151.5875	test_return_mean:         20.7108
test_return_std:           2.6421	
[INFO 22:37:12] my_main Updated target network
[INFO 22:37:45] my_main t_env: 1973988 / 2050000
[INFO 22:37:45] my_main Estimated time left: 16 minutes, 43 seconds. Time passed: 8 hours, 1 minutes, 31 seconds
[INFO 22:38:11] my_main Recent Stats | t_env:    1973988 | Episode:    23220
battle_won_mean:           0.3744	dead_allies_mean:          2.1241	dead_enemies_mean:         3.0373	div_coef:                1434.8392
div_loss:                 -0.0001	ep_length_mean:          164.7318	epsilon:                   0.0500	grad_norm:                 0.2477
loss:                     -0.1180	loss_td:                   0.0289	q_taken_mean:              1.2047	return_mean:              17.8259
return_std:                4.5441	target_mean:               1.2043	td_error_abs:              0.0933	test_battle_won_mean:      0.7438
test_dead_allies_mean:     1.4125	test_dead_enemies_mean:    4.3312	test_ep_length_mean:     153.8688	test_return_mean:         20.4709
test_return_std:           2.8974	
[INFO 22:40:01] my_main t_env: 1984152 / 2050000
[INFO 22:40:01] my_main Estimated time left: 14 minutes, 41 seconds. Time passed: 8 hours, 3 minutes, 47 seconds
[INFO 22:40:26] my_main Recent Stats | t_env:    1984152 | Episode:    23282
battle_won_mean:           0.3277	dead_allies_mean:          2.2410	dead_enemies_mean:         2.8228	div_coef:                1441.0150
div_loss:                 -0.0001	ep_length_mean:          164.5779	epsilon:                   0.0500	grad_norm:                 0.2747
loss:                     -0.1188	loss_td:                   0.0294	q_taken_mean:              1.2376	return_mean:              17.4738
return_std:                4.5933	target_mean:               1.2364	td_error_abs:              0.0956	test_battle_won_mean:      0.7125
test_dead_allies_mean:     1.4375	test_dead_enemies_mean:    4.2438	test_ep_length_mean:     155.8187	test_return_mean:         20.4120
test_return_std:           2.8981	
[INFO 22:42:12] my_main t_env: 1994265 / 2050000
[INFO 22:42:12] my_main Estimated time left: 11 minutes, 58 seconds. Time passed: 8 hours, 5 minutes, 57 seconds
[INFO 22:42:35] my_main Recent Stats | t_env:    1994265 | Episode:    23341
battle_won_mean:           0.3345	dead_allies_mean:          2.2444	dead_enemies_mean:         2.8838	div_coef:                1448.3792
div_loss:                 -0.0001	ep_length_mean:          164.5576	epsilon:                   0.0500	grad_norm:                 0.2037
loss:                     -0.1211	loss_td:                   0.0284	q_taken_mean:              1.2677	return_mean:              17.5829
return_std:                4.4660	target_mean:               1.2628	td_error_abs:              0.0936	test_battle_won_mean:      0.7375
test_dead_allies_mean:     1.4000	test_dead_enemies_mean:    4.2750	test_ep_length_mean:     154.4437	test_return_mean:         20.4592
test_return_std:           2.7368	
RequestQuit command received.
Closing Application...
DataHandler: unable to parse websocket frame.
CloseHandler: 127.0.0.1:35828 disconnected
[INFO 22:42:42] absl Shutdown gracefully.
[INFO 22:42:42] absl Shutdown with return code: -15
[INFO 22:42:42] absl Launching SC2: /labmount/users/202535331/MARL/pymarl-monotone-qmix/3rdparty/StarCraftII/Versions/Base75689/SC2_x64 -listen 127.0.0.1 -port 34829 -dataDir /labmount/users/202535331/MARL/pymarl-monotone-qmix/3rdparty/StarCraftII/ -tempDir /tmp/sc-87r0b7ol/
[INFO 22:42:42] absl Connecting to: ws://127.0.0.1:34829/sc2api, attempt: 0, running: True
Version: B75689 (SC2.4.10)
Build: Aug 12 2019 17:16:57
Command Line: '"/labmount/users/202535331/MARL/pymarl-monotone-qmix/3rdparty/StarCraftII/Versions/Base75689/SC2_x64" -listen 127.0.0.1 -port 34829 -dataDir /labmount/users/202535331/MARL/pymarl-monotone-qmix/3rdparty/StarCraftII/ -tempDir /tmp/sc-87r0b7ol/'
Starting up...
Startup Phase 1 complete
[INFO 22:42:43] absl Connecting to: ws://127.0.0.1:34829/sc2api, attempt: 1, running: True
Startup Phase 2 complete
Creating stub renderer...
Listening on: 127.0.0.1:34829
Startup Phase 3 complete. Ready for commands.
[INFO 22:42:44] absl Connecting to: ws://127.0.0.1:34829/sc2api, attempt: 2, running: True
ConnectHandler: Request from 127.0.0.1:41758 accepted
ReadyHandler: 127.0.0.1:41758 ready
Requesting to join a single player game
Configuring interface options
Configure: raw interface enabled
Configure: feature layer interface disabled
Configure: score interface disabled
Configure: render interface disabled
Launching next game.
Next launch phase started: 2
Next launch phase started: 3
Next launch phase started: 4
Next launch phase started: 5
Next launch phase started: 6
Next launch phase started: 7
Next launch phase started: 8
Game has started.
Using default stable ids, none found at: /labmount/users/202535331/MARL/pymarl-monotone-qmix/3rdparty/StarCraftII/stableid.json
Successfully loaded stable ids: GameData\stableid.json
Sending ResponseJoinGame
[INFO 22:43:48] my_main Saving models to results/models/kaleidoscope_pmix_kan_3s_vs_5z_seed1__2026-09-27_14-36-13/2000135
[INFO 22:44:33] my_main t_env: 2004274 / 2050000
[INFO 22:44:33] my_main Estimated time left: 10 minutes, 43 seconds. Time passed: 8 hours, 8 minutes, 18 seconds
[INFO 22:44:56] my_main Recent Stats | t_env:    2004274 | Episode:    23400
battle_won_mean:           0.3276	dead_allies_mean:          2.2509	dead_enemies_mean:         2.8418	div_coef:                1441.8931
div_loss:                 -0.0001	ep_length_mean:          165.4929	epsilon:                   0.0500	grad_norm:                 0.2135
loss:                     -0.1202	loss_td:                   0.0284	q_taken_mean:              1.2585	return_mean:              17.5885
return_std:                4.4023	target_mean:               1.2554	td_error_abs:              0.0925	test_battle_won_mean:      0.7625
test_dead_allies_mean:     1.3375	test_dead_enemies_mean:    4.3812	test_ep_length_mean:     157.5500	test_return_mean:         20.7636
test_return_std:           2.5350	
[INFO 22:44:58] my_main Updated target network
[INFO 22:46:48] my_main t_env: 2014382 / 2050000
[INFO 22:46:48] my_main Estimated time left: 7 minutes, 57 seconds. Time passed: 8 hours, 10 minutes, 34 seconds
[INFO 22:47:10] my_main Recent Stats | t_env:    2014382 | Episode:    23462
battle_won_mean:           0.3178	dead_allies_mean:          2.2725	dead_enemies_mean:         2.7477	div_coef:                1444.9372
div_loss:                 -0.0001	ep_length_mean:          166.8070	epsilon:                   0.0500	grad_norm:                 0.2975
loss:                     -0.1186	loss_td:                   0.0293	q_taken_mean:              1.2383	return_mean:              17.5039
return_std:                4.4522	target_mean:               1.2408	td_error_abs:              0.0971	test_battle_won_mean:      0.7500
test_dead_allies_mean:     1.3062	test_dead_enemies_mean:    4.3125	test_ep_length_mean:     156.6875	test_return_mean:         20.6913
test_return_std:           2.7945	
[INFO 22:49:01] my_main t_env: 2024498 / 2050000
[INFO 22:49:01] my_main Estimated time left: 5 minutes, 33 seconds. Time passed: 8 hours, 12 minutes, 46 seconds
[INFO 22:49:25] my_main Recent Stats | t_env:    2024498 | Episode:    23523
battle_won_mean:           0.3407	dead_allies_mean:          2.1938	dead_enemies_mean:         2.8264	div_coef:                1453.1634
div_loss:                 -0.0001	ep_length_mean:          166.7709	epsilon:                   0.0500	grad_norm:                 0.2987
loss:                     -0.1176	loss_td:                   0.0304	q_taken_mean:              1.2460	return_mean:              17.7113
return_std:                4.3053	target_mean:               1.2464	td_error_abs:              0.0977	test_battle_won_mean:      0.7875
test_dead_allies_mean:     1.1812	test_dead_enemies_mean:    4.4313	test_ep_length_mean:     156.5188	test_return_mean:         20.9411
test_return_std:           2.5496	
[INFO 22:51:12] my_main t_env: 2034719 / 2050000
[INFO 22:51:12] my_main Estimated time left: 3 minutes, 16 seconds. Time passed: 8 hours, 14 minutes, 58 seconds
[INFO 22:51:38] my_main Recent Stats | t_env:    2034719 | Episode:    23581
battle_won_mean:           0.3684	dead_allies_mean:          2.1224	dead_enemies_mean:         2.9977	div_coef:                1462.9300
div_loss:                 -0.0001	ep_length_mean:          169.2287	epsilon:                   0.0500	grad_norm:                 0.2607
loss:                     -0.1184	loss_td:                   0.0303	q_taken_mean:              1.2471	return_mean:              18.0770
return_std:                4.2283	target_mean:               1.2535	td_error_abs:              0.0968	test_battle_won_mean:      0.8250
test_dead_allies_mean:     1.1438	test_dead_enemies_mean:    4.5438	test_ep_length_mean:     156.9125	test_return_mean:         21.2515
test_return_std:           2.2128	
[INFO 22:52:14] my_main Updated target network
RequestQuit command received.
Closing Application...
DataHandler: unable to parse websocket frame.
CloseHandler: 127.0.0.1:41758 disconnected
[INFO 22:52:33] absl Shutdown gracefully.
[INFO 22:52:33] absl Shutdown with return code: -15
[INFO 22:52:33] absl Launching SC2: /labmount/users/202535331/MARL/pymarl-monotone-qmix/3rdparty/StarCraftII/Versions/Base75689/SC2_x64 -listen 127.0.0.1 -port 36973 -dataDir /labmount/users/202535331/MARL/pymarl-monotone-qmix/3rdparty/StarCraftII/ -tempDir /tmp/sc-nsr_7cx4/
[INFO 22:52:33] absl Connecting to: ws://127.0.0.1:36973/sc2api, attempt: 0, running: True
Version: B75689 (SC2.4.10)
Build: Aug 12 2019 17:16:57
Command Line: '"/labmount/users/202535331/MARL/pymarl-monotone-qmix/3rdparty/StarCraftII/Versions/Base75689/SC2_x64" -listen 127.0.0.1 -port 36973 -dataDir /labmount/users/202535331/MARL/pymarl-monotone-qmix/3rdparty/StarCraftII/ -tempDir /tmp/sc-nsr_7cx4/'
Starting up...
Startup Phase 1 complete
[INFO 22:52:34] absl Connecting to: ws://127.0.0.1:36973/sc2api, attempt: 1, running: True
Startup Phase 2 complete
Creating stub renderer...
Listening on: 127.0.0.1:36973
Startup Phase 3 complete. Ready for commands.
[INFO 22:52:35] absl Connecting to: ws://127.0.0.1:36973/sc2api, attempt: 2, running: True
ConnectHandler: Request from 127.0.0.1:44446 accepted
ReadyHandler: 127.0.0.1:44446 ready
Requesting to join a single player game
Configuring interface options
Configure: raw interface enabled
Configure: feature layer interface disabled
Configure: score interface disabled
Configure: render interface disabled
Launching next game.
Next launch phase started: 2
Next launch phase started: 3
Next launch phase started: 4
Next launch phase started: 5
Next launch phase started: 6
Next launch phase started: 7
Next launch phase started: 8
Game has started.
Using default stable ids, none found at: /labmount/users/202535331/MARL/pymarl-monotone-qmix/3rdparty/StarCraftII/stableid.json
Successfully loaded stable ids: GameData\stableid.json
Sending ResponseJoinGame
[INFO 22:53:28] my_main t_env: 2044789 / 2050000
[INFO 22:53:28] my_main Estimated time left: 1 minutes, 10 seconds. Time passed: 8 hours, 17 minutes, 14 seconds
[INFO 22:53:51] my_main Recent Stats | t_env:    2044789 | Episode:    23640
battle_won_mean:           0.3752	dead_allies_mean:          2.0817	dead_enemies_mean:         2.9841	div_coef:                1467.9030
div_loss:                 -0.0001	ep_length_mean:          169.0829	epsilon:                   0.0500	grad_norm:                 0.3278
loss:                     -0.1183	loss_td:                   0.0307	q_taken_mean:              1.2457	return_mean:              18.2054
return_std:                4.1520	target_mean:               1.2494	td_error_abs:              0.0991	test_battle_won_mean:      0.8375
test_dead_allies_mean:     1.1187	test_dead_enemies_mean:    4.5438	test_ep_length_mean:     156.2250	test_return_mean:         21.4007
test_return_std:           2.1692	
RequestQuit command received.
DataHandler: unable to parse websocket frame.
Closing Application...
CloseHandler: 127.0.0.1:44446 disconnected
ResponseThread: No connection, dropping the response.
[INFO 22:54:47] absl Shutdown gracefully.
[INFO 22:54:47] absl Shutdown with return code: -15
[INFO 22:54:47] my_main Finished Training
