/data/workspace/mzn/miniconda3/envs/pymarl/lib/python3.9/site-packages/sacred/dependencies.py:11: UserWarning: pkg_resources is deprecated as an API. See https://setuptools.pypa.io/en/latest/pkg_resources.html. The pkg_resources package is slated for removal as early as 2025-11-30. Refrain from using this package or pin to Setuptools<81.
  import pkg_resources
[DEBUG 10:45:38] git.cmd Popen(['git', 'version'], cwd=/data/workspace/wxr/pymarl-monotone-qmix, stdin=None, shell=False, universal_newlines=False)
[DEBUG 10:45:38] git.cmd Popen(['git', 'version'], cwd=/data/workspace/wxr/pymarl-monotone-qmix, stdin=None, shell=False, universal_newlines=False)
[DEBUG 10:45:38] git.util sys.platform='linux', git_executable='git'
[DEBUG 10:45:38] git.cmd Popen(['git', 'diff', '--cached', '--abbrev=40', '--full-index', '--raw'], cwd=/data/workspace/wxr/pymarl-monotone-qmix, stdin=None, shell=False, universal_newlines=False)
[DEBUG 10:45:38] git.cmd Popen(['git', 'diff', '--abbrev=40', '--full-index', '--raw'], cwd=/data/workspace/wxr/pymarl-monotone-qmix, stdin=None, shell=False, universal_newlines=False)
[DEBUG 10:45:38] git.cmd Popen(['git', 'cat-file', '--batch-check'], cwd=/data/workspace/wxr/pymarl-monotone-qmix, stdin=<valid stream>, shell=False, universal_newlines=False)
[DEBUG 10:45:38] git.util sys.platform='linux', git_executable='git'
[DEBUG 10:45:38] git.cmd Popen(['git', 'diff', '--cached', '--abbrev=40', '--full-index', '--raw'], cwd=/data/workspace/wxr/pymarl-monotone-qmix, stdin=None, shell=False, universal_newlines=False)
[DEBUG 10:45:38] git.cmd Popen(['git', 'diff', '--abbrev=40', '--full-index', '--raw'], cwd=/data/workspace/wxr/pymarl-monotone-qmix, stdin=None, shell=False, universal_newlines=False)
[DEBUG 10:45:38] git.cmd Popen(['git', 'cat-file', '--batch-check'], cwd=/data/workspace/wxr/pymarl-monotone-qmix, stdin=<valid stream>, shell=False, universal_newlines=False)
[DEBUG 10:45:38] git.util sys.platform='linux', git_executable='git'
[DEBUG 10:45:38] git.cmd Popen(['git', 'diff', '--cached', '--abbrev=40', '--full-index', '--raw'], cwd=/data/workspace/wxr/pymarl-monotone-qmix, stdin=None, shell=False, universal_newlines=False)
[DEBUG 10:45:38] git.cmd Popen(['git', 'diff', '--abbrev=40', '--full-index', '--raw'], cwd=/data/workspace/wxr/pymarl-monotone-qmix, stdin=None, shell=False, universal_newlines=False)
[DEBUG 10:45:38] git.cmd Popen(['git', 'cat-file', '--batch-check'], cwd=/data/workspace/wxr/pymarl-monotone-qmix, stdin=<valid stream>, shell=False, universal_newlines=False)
[INFO 10:45:38] root Saving to FileStorageObserver in /data/workspace/wxr/pymarl-monotone-qmix/results/sacred/amco.
[DEBUG 10:45:40] pymarl Using capture mode "fd"
[INFO 10:45:41] pymarl Running command 'my_main'
[INFO 10:45:41] pymarl Started run with ID "1"
[DEBUG 10:45:41] pymarl Starting Heartbeat
[DEBUG 10:45:41] my_main Started
[INFO 10:45:41] my_main Experiment Parameters:
[INFO 10:45:41] my_main 

{   'action_selector': 'epsilon_greedy',
    'agent': 'rnn',
    'agent_output_type': 'q',
    'amco_mono_activation': 'centered_softplus',
    'amco_mono_depth': 4,
    'amco_mono_hidden_dim': 96,
    'amco_mono_softplus_beta': 2.0,
    'amco_state_activation': 'silu',
    'amco_state_embed_dim': 104,
    'amco_state_encoder_depth': 2,
    'amco_state_input_scale': 0.3,
    'amco_state_value_activation': 'relu',
    'amco_state_value_dim': 32,
    'batch_size': 32,
    'batch_size_run': 1,
    'buffer_cpu_only': True,
    'buffer_size': 5000,
    'checkpoint_path': '',
    'credit_near_zero_threshold': 0.0001,
    'critic_lr': 0.0005,
    'double_q': True,
    'env': 'sc2',
    'env_args': {   'continuing_episode': False,
                    'debug': False,
                    'difficulty': '7',
                    'game_version': None,
                    'heuristic_ai': False,
                    'heuristic_rest': False,
                    'map_name': 'MMM2',
                    'move_amount': 2,
                    'obs_all_health': True,
                    'obs_instead_of_state': False,
                    'obs_last_action': False,
                    'obs_own_health': True,
                    'obs_pathing_grid': False,
                    'obs_terrain_height': False,
                    'obs_timestep_number': False,
                    'replay_dir': '',
                    'replay_prefix': '',
                    'reward_death_value': 10,
                    'reward_defeat': 0,
                    'reward_negative_scale': 0.5,
                    'reward_only_positive': True,
                    'reward_scale': True,
                    'reward_scale_rate': 20,
                    'reward_sparse': False,
                    'reward_win': 200,
                    'seed': 141,
                    'state_last_action': True,
                    'state_timestep_number': False,
                    'step_mul': 8},
    'epsilon_anneal_time': 50000,
    'epsilon_finish': 0.05,
    'epsilon_start': 1.0,
    'evaluate': False,
    'gamma': 0.99,
    'grad_norm_clip': 10,
    'label': 'default_label',
    'learner': 'q_learner',
    'learner_log_interval': 10000,
    'load_step': 0,
    'local_results_path': 'results',
    'log_interval': 10000,
    'lr': 0.0005,
    'mac': 'basic_mac',
    'mixer': 'amco',
    'mixer_diagnostics': True,
    'name': 'amco_centered_softplus_b20_scale030_remaining_MMM2_seed141',
    'obs_agent_id': True,
    'obs_last_action': True,
    'optim_alpha': 0.99,
    'optim_eps': 1e-05,
    'repeat_id': 1,
    'rnn_hidden_dim': 64,
    'runner': 'episode',
    'runner_log_interval': 10000,
    'save_model': False,
    'save_model_interval': 2000000,
    'save_replay': False,
    'seed': 141,
    't_max': 2050000,
    'target_update_interval': 200,
    'test_greedy': True,
    'test_interval': 10000,
    'test_nepisode': 32,
    'use_cuda': True,
    'use_tensorboard': True}

[INFO 10:45:44] my_main Beginning training for 2050000 timesteps
[INFO 10:45:44] absl Launching SC2: /data/workspace/wxr/pymarl-monotone-qmix/3rdparty/StarCraftII/Versions/Base75689/SC2_x64 -listen 127.0.0.1 -port 38053 -dataDir /data/workspace/wxr/pymarl-monotone-qmix/3rdparty/StarCraftII/ -tempDir /tmp/sc-rkaakrpz/
[INFO 10:45:44] absl Connecting to: ws://127.0.0.1:38053/sc2api, attempt: 0, running: True
Version: B75689 (SC2.4.10)
Build: Aug 12 2019 17:16:57
Command Line: '"/data/workspace/wxr/pymarl-monotone-qmix/3rdparty/StarCraftII/Versions/Base75689/SC2_x64" -listen 127.0.0.1 -port 38053 -dataDir /data/workspace/wxr/pymarl-monotone-qmix/3rdparty/StarCraftII/ -tempDir /tmp/sc-rkaakrpz/'
Starting up...
Startup Phase 1 complete
[INFO 10:45:45] absl Connecting to: ws://127.0.0.1:38053/sc2api, attempt: 1, running: True
Startup Phase 2 complete
Creating stub renderer...
Listening on: 127.0.0.1:38053
Startup Phase 3 complete. Ready for commands.
[INFO 10:45:46] absl Connecting to: ws://127.0.0.1:38053/sc2api, attempt: 2, running: True
ConnectHandler: Request from 127.0.0.1:60260 accepted
ReadyHandler: 127.0.0.1:60260 ready
Requesting to join a single player game
Configuring interface options
Configure: raw interface enabled
Configure: feature layer interface disabled
Configure: score interface disabled
Configure: render interface disabled
Launching next game.
Next launch phase started: 2
Next launch phase started: 3
Next launch phase started: 4
Next launch phase started: 5
Next launch phase started: 6
Next launch phase started: 7
Next launch phase started: 8
Game has started.
Using default stable ids, none found at: /data/workspace/wxr/pymarl-monotone-qmix/3rdparty/StarCraftII/stableid.json
Successfully loaded stable ids: GameData\stableid.json
Sending ResponseJoinGame
[INFO 10:45:50] my_main t_env: 36 / 2050000
[INFO 10:45:50] my_main Estimated time left: 21 minutes, 56 seconds. Time passed: 6 seconds
/data/workspace/mzn/miniconda3/envs/pymarl/lib/python3.9/site-packages/torch/autograd/graph.py:829: UserWarning: Attempting to run cuBLAS, but there was no current CUDA context! Attempting to set the primary context... (Triggered internally at /pytorch/aten/src/ATen/cuda/CublasHandlePool.cpp:179.)
  return Variable._execution_engine.run_backward(  # Calls into the C++ engine to run the backward pass
[INFO 10:49:41] my_main Updated target network
[INFO 10:51:03] my_main Recent Stats | t_env:      10020 | Episode:      252
amco_input_q_weight_grad_norm:  0.8656	amco_input_q_weight_grad_rms:  0.0279	amco_input_state_to_q_grad_rms_ratio:  0.2656	amco_input_state_weight_grad_norm:  0.7415
amco_input_state_weight_grad_rms:  0.0074	amco_layer_0_activation_slope_mean:  0.4752	amco_layer_0_activation_slope_p10:  0.4501	amco_layer_0_nonpositive_frac:  0.7656
amco_layer_0_preactivation_mean: -0.0499	amco_layer_0_preactivation_std:  0.0402	amco_layer_1_activation_slope_mean:  0.4434	amco_layer_1_activation_slope_p10:  0.4071
amco_layer_1_nonpositive_frac:  0.7787	amco_layer_1_preactivation_mean: -0.1166	amco_layer_1_preactivation_std:  0.0564	amco_layer_2_activation_slope_mean:  0.3771
amco_layer_2_activation_slope_p10:  0.3413	amco_layer_2_nonpositive_frac:  0.7847	amco_layer_2_preactivation_mean: -0.2803	amco_layer_2_preactivation_std:  0.0669
amco_mixing_output_rms:    1.1746	amco_pre_activation_nonpositive_frac:  0.7763	amco_q_term_rms:           0.0930	amco_state_credit_delta:   0.0001
amco_state_credit_share_delta:  0.0000	amco_state_encoder_grad_norm:  1.2607	amco_state_encoder_grad_rms:  0.0060	amco_state_term_rms:       0.0185
amco_state_to_q_ratio:     0.1986	amco_state_value_rms:      0.4679	amco_v_to_m_ratio:         0.3984	battle_won_mean:           0.0000
credit_entropy:            0.9992	credit_grad_agent_0:       2.1952	credit_grad_agent_1:       2.2733	credit_grad_agent_2:       2.3279
credit_grad_agent_3:       2.5124	credit_grad_agent_4:       2.1618	credit_grad_agent_5:       2.2824	credit_grad_agent_6:       2.2230
credit_grad_agent_7:       2.2002	credit_grad_agent_8:       2.4405	credit_grad_agent_9:       2.0107	credit_grad_cv:            0.0644
credit_grad_max:           2.6214	credit_grad_mean:          2.2627	credit_grad_median:        2.2492	credit_grad_min:           1.8302
credit_grad_near_zero_frac:  0.0000	credit_grad_negative_frac:  0.0000	credit_grad_p10:           2.0579	credit_grad_p90:           2.4829
credit_grad_std:           0.1457	credit_max_share:          0.1110	dead_allies_mean:         10.0000	dead_enemies_mean:         0.0000
ep_length_mean:           36.0000	epsilon:                   1.0000	grad_norm:                71.4453	loss:                      6.5809
q_taken_mean:             -0.1103	return_mean:               1.1640	return_std:                0.0000	target_mean:               0.0977
td_error_abs:              2.0874	test_battle_won_mean:      0.0000	test_dead_allies_mean:     9.4688	test_dead_enemies_mean:    0.3438
test_ep_length_mean:      84.5000	test_return_mean:          2.0919	test_return_std:           0.6387	
[INFO 10:51:04] my_main t_env: 10068 / 2050000
[INFO 10:51:04] my_main Estimated time left: 17 hours, 45 minutes, 20 seconds. Time passed: 5 minutes, 20 seconds
[INFO 10:55:11] my_main Updated target network
[INFO 10:56:50] my_main Recent Stats | t_env:      20038 | Episode:      486
amco_input_q_weight_grad_norm:  0.4345	amco_input_q_weight_grad_rms:  0.0140	amco_input_state_to_q_grad_rms_ratio:  0.4216	amco_input_state_weight_grad_norm:  0.3739
amco_input_state_weight_grad_rms:  0.0037	amco_layer_0_activation_slope_mean:  0.5029	amco_layer_0_activation_slope_p10:  0.4730	amco_layer_0_nonpositive_frac:  0.6220
amco_layer_0_preactivation_mean:  0.0075	amco_layer_0_preactivation_std:  0.0486	amco_layer_1_activation_slope_mean:  0.4955	amco_layer_1_activation_slope_p10:  0.4587
amco_layer_1_nonpositive_frac:  0.6202	amco_layer_1_preactivation_mean: -0.0054	amco_layer_1_preactivation_std:  0.0587	amco_layer_2_activation_slope_mean:  0.4758
amco_layer_2_activation_slope_p10:  0.4394	amco_layer_2_nonpositive_frac:  0.6234	amco_layer_2_preactivation_mean: -0.0411	amco_layer_2_preactivation_std:  0.0708
amco_mixing_output_rms:    0.9644	amco_pre_activation_nonpositive_frac:  0.6218	amco_q_term_rms:           0.1297	amco_state_credit_delta:   0.0016
amco_state_credit_share_delta:  0.0000	amco_state_encoder_grad_norm:  0.6363	amco_state_encoder_grad_rms:  0.0030	amco_state_term_rms:       0.0430
amco_state_to_q_ratio:     0.3022	amco_state_value_rms:      0.4227	amco_v_to_m_ratio:         0.4495	battle_won_mean:           0.0000
credit_entropy:            0.9988	credit_grad_agent_0:       1.3378	credit_grad_agent_1:       1.4035	credit_grad_agent_2:       1.4096
credit_grad_agent_3:       1.5363	credit_grad_agent_4:       1.3279	credit_grad_agent_5:       1.4104	credit_grad_agent_6:       1.3849
credit_grad_agent_7:       1.3723	credit_grad_agent_8:       1.5066	credit_grad_agent_9:       1.2174	credit_grad_cv:            0.0928
credit_grad_max:           1.6320	credit_grad_mean:          1.3907	credit_grad_median:        1.3849	credit_grad_min:           1.0936
credit_grad_near_zero_frac:  0.0000	credit_grad_negative_frac:  0.0000	credit_grad_p10:           1.2463	credit_grad_p90:           1.5415
credit_grad_std:           0.1043	credit_max_share:          0.1107	dead_allies_mean:          9.9504	dead_enemies_mean:         0.0000
ep_length_mean:           37.9048	epsilon:                   0.8096	grad_norm:                35.8092	loss:                      3.3201
q_taken_mean:             -0.0449	return_mean:               1.5525	return_std:                0.2118	target_mean:               0.0585
td_error_abs:              1.1285	test_battle_won_mean:      0.0000	test_dead_allies_mean:     8.9844	test_dead_enemies_mean:    0.4375
test_ep_length_mean:      95.4688	test_return_mean:          2.3378	test_return_std:           0.8545	
[INFO 10:56:52] my_main t_env: 20081 / 2050000
[INFO 10:56:52] my_main Estimated time left: 19 hours, 32 minutes, 40 seconds. Time passed: 11 minutes, 7 seconds
[INFO 11:00:03] my_main Updated target network
[INFO 11:02:43] my_main Recent Stats | t_env:      30044 | Episode:      747
amco_input_q_weight_grad_norm:  0.2930	amco_input_q_weight_grad_rms:  0.0095	amco_input_state_to_q_grad_rms_ratio:  0.4550	amco_input_state_weight_grad_norm:  0.2549
amco_input_state_weight_grad_rms:  0.0026	amco_layer_0_activation_slope_mean:  0.5135	amco_layer_0_activation_slope_p10:  0.4829	amco_layer_0_nonpositive_frac:  0.5702
amco_layer_0_preactivation_mean:  0.0294	amco_layer_0_preactivation_std:  0.0497	amco_layer_1_activation_slope_mean:  0.5142	amco_layer_1_activation_slope_p10:  0.4771
amco_layer_1_nonpositive_frac:  0.5627	amco_layer_1_preactivation_mean:  0.0341	amco_layer_1_preactivation_std:  0.0595	amco_layer_2_activation_slope_mean:  0.5106
amco_layer_2_activation_slope_p10:  0.4733	amco_layer_2_nonpositive_frac:  0.5630	amco_layer_2_preactivation_mean:  0.0406	amco_layer_2_preactivation_std:  0.0723
amco_mixing_output_rms:    0.8699	amco_pre_activation_nonpositive_frac:  0.5653	amco_q_term_rms:           0.1453	amco_state_credit_delta:   0.0021
amco_state_credit_share_delta:  0.0000	amco_state_encoder_grad_norm:  0.4366	amco_state_encoder_grad_rms:  0.0021	amco_state_term_rms:       0.0431
amco_state_to_q_ratio:     0.2834	amco_state_value_rms:      0.4367	amco_v_to_m_ratio:         0.5272	battle_won_mean:           0.0000
credit_entropy:            0.9988	credit_grad_agent_0:       1.0377	credit_grad_agent_1:       1.0946	credit_grad_agent_2:       1.0818
credit_grad_agent_3:       1.1863	credit_grad_agent_4:       1.0287	credit_grad_agent_5:       1.0980	credit_grad_agent_6:       1.0808
credit_grad_agent_7:       1.0725	credit_grad_agent_8:       1.1677	credit_grad_agent_9:       0.9341	credit_grad_cv:            0.1084
credit_grad_max:           1.2753	credit_grad_mean:          1.0782	credit_grad_median:        1.0757	credit_grad_min:           0.8266
credit_grad_near_zero_frac:  0.0000	credit_grad_negative_frac:  0.0000	credit_grad_p10:           0.9538	credit_grad_p90:           1.2064
credit_grad_std:           0.0906	credit_max_share:          0.1099	dead_allies_mean:          9.9213	dead_enemies_mean:         0.0043
ep_length_mean:           39.5334	epsilon:                   0.6193	grad_norm:                24.1404	loss:                      2.2274
q_taken_mean:             -0.0189	return_mean:               1.7646	return_std:                0.2875	target_mean:               0.0524
td_error_abs:              0.8015	test_battle_won_mean:      0.0000	test_dead_allies_mean:     8.7812	test_dead_enemies_mean:    0.3958
test_ep_length_mean:     112.1562	test_return_mean:          2.4952	test_return_std:           0.8318	
[INFO 11:02:44] my_main t_env: 30085 / 2050000
[INFO 11:02:44] my_main Estimated time left: 19 hours, 47 minutes, 8 seconds. Time passed: 17 minutes, 0 seconds
[INFO 11:04:09] my_main Updated target network
[INFO 11:07:29] my_main Updated target network
[INFO 11:08:29] my_main Recent Stats | t_env:      40058 | Episode:     1062
amco_input_q_weight_grad_norm:  0.2215	amco_input_q_weight_grad_rms:  0.0071	amco_input_state_to_q_grad_rms_ratio:  0.3770	amco_input_state_weight_grad_norm:  0.1920
amco_input_state_weight_grad_rms:  0.0019	amco_layer_0_activation_slope_mean:  0.5158	amco_layer_0_activation_slope_p10:  0.4850	amco_layer_0_nonpositive_frac:  0.5522
amco_layer_0_preactivation_mean:  0.0340	amco_layer_0_preactivation_std:  0.0496	amco_layer_1_activation_slope_mean:  0.5188	amco_layer_1_activation_slope_p10:  0.4814
amco_layer_1_nonpositive_frac:  0.5419	amco_layer_1_preactivation_mean:  0.0432	amco_layer_1_preactivation_std:  0.0596	amco_layer_2_activation_slope_mean:  0.5204
amco_layer_2_activation_slope_p10:  0.4818	amco_layer_2_nonpositive_frac:  0.5410	amco_layer_2_preactivation_mean:  0.0602	amco_layer_2_preactivation_std:  0.0741
amco_mixing_output_rms:    0.7755	amco_pre_activation_nonpositive_frac:  0.5450	amco_q_term_rms:           0.1510	amco_state_credit_delta:   0.0023
amco_state_credit_share_delta:  0.0000	amco_state_encoder_grad_norm:  0.3290	amco_state_encoder_grad_rms:  0.0016	amco_state_term_rms:       0.0388
amco_state_to_q_ratio:     0.2509	amco_state_value_rms:      0.4586	amco_v_to_m_ratio:         0.6615	battle_won_mean:           0.0000
credit_entropy:            0.9987	credit_grad_agent_0:       0.8767	credit_grad_agent_1:       0.9216	credit_grad_agent_2:       0.8952
credit_grad_agent_3:       0.9855	credit_grad_agent_4:       0.8566	credit_grad_agent_5:       0.9178	credit_grad_agent_6:       0.9034
credit_grad_agent_7:       0.8981	credit_grad_agent_8:       0.9701	credit_grad_agent_9:       0.7737	credit_grad_cv:            0.1250
credit_grad_max:           1.0762	credit_grad_mean:          0.8999	credit_grad_median:        0.8996	credit_grad_min:           0.6726
credit_grad_near_zero_frac:  0.0000	credit_grad_negative_frac:  0.0000	credit_grad_p10:           0.7859	credit_grad_p90:           1.0157
credit_grad_std:           0.0839	credit_max_share:          0.1100	dead_allies_mean:          9.8414	dead_enemies_mean:         0.0137
ep_length_mean:           39.2324	epsilon:                   0.4292	grad_norm:                18.1702	loss:                      1.6770
q_taken_mean:             -0.0081	return_mean:               1.8908	return_std:                0.3321	target_mean:               0.0457
td_error_abs:              0.6297	test_battle_won_mean:      0.0000	test_dead_allies_mean:     8.9609	test_dead_enemies_mean:    0.4141
test_ep_length_mean:      95.4766	test_return_mean:          2.5862	test_return_std:           0.7680	
[INFO 11:08:30] my_main t_env: 40104 / 2050000
[INFO 11:08:30] my_main Estimated time left: 19 hours, 16 minutes, 17 seconds. Time passed: 22 minutes, 46 seconds
[INFO 11:10:39] my_main Updated target network
[INFO 11:13:41] my_main Updated target network
[INFO 11:14:27] my_main Recent Stats | t_env:      50080 | Episode:     1452
amco_input_q_weight_grad_norm:  0.1775	amco_input_q_weight_grad_rms:  0.0057	amco_input_state_to_q_grad_rms_ratio:  0.3224	amco_input_state_weight_grad_norm:  0.1537
amco_input_state_weight_grad_rms:  0.0015	amco_layer_0_activation_slope_mean:  0.5189	amco_layer_0_activation_slope_p10:  0.4878	amco_layer_0_nonpositive_frac:  0.5317
amco_layer_0_preactivation_mean:  0.0404	amco_layer_0_preactivation_std:  0.0501	amco_layer_1_activation_slope_mean:  0.5234	amco_layer_1_activation_slope_p10:  0.4858
amco_layer_1_nonpositive_frac:  0.5189	amco_layer_1_preactivation_mean:  0.0522	amco_layer_1_preactivation_std:  0.0596	amco_layer_2_activation_slope_mean:  0.5276
amco_layer_2_activation_slope_p10:  0.4863	amco_layer_2_nonpositive_frac:  0.5185	amco_layer_2_preactivation_mean:  0.0740	amco_layer_2_preactivation_std:  0.0785
amco_mixing_output_rms:    0.7071	amco_pre_activation_nonpositive_frac:  0.5230	amco_q_term_rms:           0.1574	amco_state_credit_delta:   0.0022
amco_state_credit_share_delta:  0.0000	amco_state_encoder_grad_norm:  0.2634	amco_state_encoder_grad_rms:  0.0012	amco_state_term_rms:       0.0351
amco_state_to_q_ratio:     0.2227	amco_state_value_rms:      0.4903	amco_v_to_m_ratio:         0.8139	battle_won_mean:           0.0000
credit_entropy:            0.9982	credit_grad_agent_0:       0.7750	credit_grad_agent_1:       0.8053	credit_grad_agent_2:       0.7676
credit_grad_agent_3:       0.8492	credit_grad_agent_4:       0.7386	credit_grad_agent_5:       0.7933	credit_grad_agent_6:       0.7790
credit_grad_agent_7:       0.7783	credit_grad_agent_8:       0.8340	credit_grad_agent_9:       0.6656	credit_grad_cv:            0.1477
credit_grad_max:           0.9547	credit_grad_mean:          0.7786	credit_grad_median:        0.7781	credit_grad_min:           0.5667
credit_grad_near_zero_frac:  0.0000	credit_grad_negative_frac:  0.0000	credit_grad_p10:           0.6690	credit_grad_p90:           0.8883
credit_grad_std:           0.0811	credit_max_share:          0.1131	dead_allies_mean:          9.7136	dead_enemies_mean:         0.0566
ep_length_mean:           37.7271	epsilon:                   0.2384	grad_norm:                14.5564	loss:                      1.3445
q_taken_mean:              0.0029	return_mean:               1.9994	return_std:                0.3941	target_mean:               0.0463
td_error_abs:              0.5206	test_battle_won_mean:      0.0000	test_dead_allies_mean:     8.9688	test_dead_enemies_mean:    0.4813
test_ep_length_mean:      81.3812	test_return_mean:          2.5856	test_return_std:           0.7633	
[INFO 11:14:29] my_main t_env: 50133 / 2050000
[INFO 11:14:29] my_main Estimated time left: 19 hours, 52 minutes, 24 seconds. Time passed: 28 minutes, 45 seconds
RequestQuit command received.
Closing Application...
DataHandler: unable to parse websocket frame.
CloseHandler: 127.0.0.1:60260 disconnected
[INFO 11:15:19] absl Shutdown gracefully.
[INFO 11:15:19] absl Shutdown with return code: -15
[INFO 11:15:19] absl Launching SC2: /data/workspace/wxr/pymarl-monotone-qmix/3rdparty/StarCraftII/Versions/Base75689/SC2_x64 -listen 127.0.0.1 -port 38693 -dataDir /data/workspace/wxr/pymarl-monotone-qmix/3rdparty/StarCraftII/ -tempDir /tmp/sc-rbw65q_s/
[INFO 11:15:20] absl Connecting to: ws://127.0.0.1:38693/sc2api, attempt: 0, running: True
Version: B75689 (SC2.4.10)
Build: Aug 12 2019 17:16:57
Command Line: '"/data/workspace/wxr/pymarl-monotone-qmix/3rdparty/StarCraftII/Versions/Base75689/SC2_x64" -listen 127.0.0.1 -port 38693 -dataDir /data/workspace/wxr/pymarl-monotone-qmix/3rdparty/StarCraftII/ -tempDir /tmp/sc-rbw65q_s/'
Starting up...
Startup Phase 1 complete
[INFO 11:15:21] absl Connecting to: ws://127.0.0.1:38693/sc2api, attempt: 1, running: True
Startup Phase 2 complete
Creating stub renderer...
[INFO 11:15:22] absl Connecting to: ws://127.0.0.1:38693/sc2api, attempt: 2, running: True
Listening on: 127.0.0.1:38693
Startup Phase 3 complete. Ready for commands.
[INFO 11:15:23] absl Connecting to: ws://127.0.0.1:38693/sc2api, attempt: 3, running: True
ConnectHandler: Request from 127.0.0.1:36844 accepted
ReadyHandler: 127.0.0.1:36844 ready
Requesting to join a single player game
Configuring interface options
Configure: raw interface enabled
Configure: feature layer interface disabled
Configure: score interface disabled
Configure: render interface disabled
Launching next game.
Next launch phase started: 2
Next launch phase started: 3
Next launch phase started: 4
Next launch phase started: 5
Next launch phase started: 6
Next launch phase started: 7
Next launch phase started: 8
Game has started.
Using default stable ids, none found at: /data/workspace/wxr/pymarl-monotone-qmix/3rdparty/StarCraftII/stableid.json
Successfully loaded stable ids: GameData\stableid.json
Sending ResponseJoinGame
[INFO 11:17:13] my_main Updated target network
[INFO 11:20:03] my_main Updated target network
[INFO 11:20:11] my_main Recent Stats | t_env:      60111 | Episode:     1812
amco_input_q_weight_grad_norm:  0.0048	amco_input_q_weight_grad_rms:  0.0002	amco_input_state_to_q_grad_rms_ratio:  0.2788	amco_input_state_weight_grad_norm:  0.0055
amco_input_state_weight_grad_rms:  0.0001	amco_layer_0_activation_slope_mean:  0.5353	amco_layer_0_activation_slope_p10:  0.5023	amco_layer_0_nonpositive_frac:  0.4422
amco_layer_0_preactivation_mean:  0.0743	amco_layer_0_preactivation_std:  0.0534	amco_layer_1_activation_slope_mean:  0.5489	amco_layer_1_activation_slope_p10:  0.5108
amco_layer_1_nonpositive_frac:  0.4209	amco_layer_1_preactivation_mean:  0.1055	amco_layer_1_preactivation_std:  0.0604	amco_layer_2_activation_slope_mean:  0.5692
amco_layer_2_activation_slope_p10:  0.5190	amco_layer_2_nonpositive_frac:  0.4245	amco_layer_2_preactivation_mean:  0.1686	amco_layer_2_preactivation_std:  0.0923
amco_mixing_output_rms:    0.5626	amco_pre_activation_nonpositive_frac:  0.4292	amco_q_term_rms:           0.1809	amco_state_credit_delta:   0.0023
amco_state_credit_share_delta:  0.0000	amco_state_encoder_grad_norm:  0.0114	amco_state_encoder_grad_rms:  0.0001	amco_state_term_rms:       0.0350
amco_state_to_q_ratio:     0.2003	amco_state_value_rms:      0.5567	amco_v_to_m_ratio:         1.0880	battle_won_mean:           0.0000
credit_entropy:            0.9971	credit_grad_agent_0:       0.4054	credit_grad_agent_1:       0.4094	credit_grad_agent_2:       0.3442
credit_grad_agent_3:       0.3996	credit_grad_agent_4:       0.3504	credit_grad_agent_5:       0.3841	credit_grad_agent_6:       0.3783
credit_grad_agent_7:       0.3857	credit_grad_agent_8:       0.3912	credit_grad_agent_9:       0.3015	credit_grad_cv:            0.1936
credit_grad_max:           0.5264	credit_grad_mean:          0.3750	credit_grad_median:        0.3760	credit_grad_min:           0.2224
credit_grad_near_zero_frac:  0.0000	credit_grad_negative_frac:  0.0000	credit_grad_p10:           0.2890	credit_grad_p90:           0.4596
credit_grad_std:           0.0664	credit_max_share:          0.1192	dead_allies_mean:          9.5290	dead_enemies_mean:         0.2212
ep_length_mean:           35.6701	epsilon:                   0.0500	grad_norm:                 0.2852	loss:                      0.0307
q_taken_mean:              0.0419	return_mean:               2.3754	return_std:                0.5822	target_mean:               0.0438
td_error_abs:              0.1190	test_battle_won_mean:      0.0000	test_dead_allies_mean:     8.9062	test_dead_enemies_mean:    0.8313
test_ep_length_mean:      70.0625	test_return_mean:          3.0759	test_return_std:           0.9226	
[INFO 11:20:12] my_main t_env: 60139 / 2050000
[INFO 11:20:12] my_main Estimated time left: 18 hours, 58 minutes, 2 seconds. Time passed: 34 minutes, 28 seconds
[INFO 11:23:26] my_main Updated target network
[INFO 11:26:03] my_main Recent Stats | t_env:      70128 | Episode:     2166
amco_input_q_weight_grad_norm:  0.0045	amco_input_q_weight_grad_rms:  0.0001	amco_input_state_to_q_grad_rms_ratio:  0.1690	amco_input_state_weight_grad_norm:  0.0042
amco_input_state_weight_grad_rms:  0.0000	amco_layer_0_activation_slope_mean:  0.5439	amco_layer_0_activation_slope_p10:  0.5104	amco_layer_0_nonpositive_frac:  0.3941
amco_layer_0_preactivation_mean:  0.0924	amco_layer_0_preactivation_std:  0.0545	amco_layer_1_activation_slope_mean:  0.5576	amco_layer_1_activation_slope_p10:  0.5191
amco_layer_1_nonpositive_frac:  0.3695	amco_layer_1_preactivation_mean:  0.1235	amco_layer_1_preactivation_std:  0.0608	amco_layer_2_activation_slope_mean:  0.5741
amco_layer_2_activation_slope_p10:  0.5101	amco_layer_2_nonpositive_frac:  0.3856	amco_layer_2_preactivation_mean:  0.1754	amco_layer_2_preactivation_std:  0.1125
amco_mixing_output_rms:    0.5157	amco_pre_activation_nonpositive_frac:  0.3831	amco_q_term_rms:           0.1971	amco_state_credit_delta:   0.0018
amco_state_credit_share_delta:  0.0000	amco_state_encoder_grad_norm:  0.0090	amco_state_encoder_grad_rms:  0.0000	amco_state_term_rms:       0.0251
amco_state_to_q_ratio:     0.1338	amco_state_value_rms:      0.6845	amco_v_to_m_ratio:         1.3793	battle_won_mean:           0.0000
credit_entropy:            0.9954	credit_grad_agent_0:       0.3804	credit_grad_agent_1:       0.3608	credit_grad_agent_2:       0.2859
credit_grad_agent_3:       0.3395	credit_grad_agent_4:       0.2940	credit_grad_agent_5:       0.3198	credit_grad_agent_6:       0.3095
credit_grad_agent_7:       0.3194	credit_grad_agent_8:       0.3184	credit_grad_agent_9:       0.2512	credit_grad_cv:            0.2320
credit_grad_max:           0.4960	credit_grad_mean:          0.3179	credit_grad_median:        0.3169	credit_grad_min:           0.1711
credit_grad_near_zero_frac:  0.0000	credit_grad_negative_frac:  0.0000	credit_grad_p10:           0.2314	credit_grad_p90:           0.4065
credit_grad_std:           0.0684	credit_max_share:          0.1276	dead_allies_mean:          9.3962	dead_enemies_mean:         0.6095
ep_length_mean:           33.2826	epsilon:                   0.0500	grad_norm:                 0.2663	loss:                      0.0217
q_taken_mean:              0.0609	return_mean:               2.9193	return_std:                0.7247	target_mean:               0.0632
td_error_abs:              0.1018	test_battle_won_mean:      0.0000	test_dead_allies_mean:     9.0188	test_dead_enemies_mean:    1.1375
test_ep_length_mean:      54.1250	test_return_mean:          3.5775	test_return_std:           0.8324	
[INFO 11:26:04] my_main t_env: 70157 / 2050000
[INFO 11:26:04] my_main Estimated time left: 19 hours, 17 minutes, 23 seconds. Time passed: 40 minutes, 19 seconds
[INFO 11:26:49] my_main Updated target network
[INFO 11:29:54] my_main Updated target network
[INFO 11:31:34] my_main Recent Stats | t_env:      80142 | Episode:     2510
amco_input_q_weight_grad_norm:  0.0053	amco_input_q_weight_grad_rms:  0.0002	amco_input_state_to_q_grad_rms_ratio:  0.0661	amco_input_state_weight_grad_norm:  0.0009
amco_input_state_weight_grad_rms:  0.0000	amco_layer_0_activation_slope_mean:  0.5529	amco_layer_0_activation_slope_p10:  0.5179	amco_layer_0_nonpositive_frac:  0.3500
amco_layer_0_preactivation_mean:  0.1124	amco_layer_0_preactivation_std:  0.0579	amco_layer_1_activation_slope_mean:  0.5668	amco_layer_1_activation_slope_p10:  0.5280
amco_layer_1_nonpositive_frac:  0.3249	amco_layer_1_preactivation_mean:  0.1440	amco_layer_1_preactivation_std:  0.0618	amco_layer_2_activation_slope_mean:  0.5777
amco_layer_2_activation_slope_p10:  0.4978	amco_layer_2_nonpositive_frac:  0.3597	amco_layer_2_preactivation_mean:  0.1825	amco_layer_2_preactivation_std:  0.1374
amco_mixing_output_rms:    0.4949	amco_pre_activation_nonpositive_frac:  0.3449	amco_q_term_rms:           0.2200	amco_state_credit_delta:   0.0012
amco_state_credit_share_delta:  0.0000	amco_state_encoder_grad_norm:  0.0016	amco_state_encoder_grad_rms:  0.0000	amco_state_term_rms:       0.0201
amco_state_to_q_ratio:     0.0971	amco_state_value_rms:      0.8308	amco_v_to_m_ratio:         1.6573	battle_won_mean:           0.0000
credit_entropy:            0.9935	credit_grad_agent_0:       0.3600	credit_grad_agent_1:       0.3217	credit_grad_agent_2:       0.2391
credit_grad_agent_3:       0.2915	credit_grad_agent_4:       0.2489	credit_grad_agent_5:       0.2660	credit_grad_agent_6:       0.2534
credit_grad_agent_7:       0.2633	credit_grad_agent_8:       0.2592	credit_grad_agent_9:       0.2085	credit_grad_cv:            0.2681
credit_grad_max:           0.4744	credit_grad_mean:          0.2712	credit_grad_median:        0.2676	credit_grad_min:           0.1314
credit_grad_near_zero_frac:  0.0000	credit_grad_negative_frac:  0.0000	credit_grad_p10:           0.1849	credit_grad_p90:           0.3633
credit_grad_std:           0.0698	credit_max_share:          0.1366	dead_allies_mean:          9.2784	dead_enemies_mean:         1.1369
ep_length_mean:           30.3844	epsilon:                   0.0500	grad_norm:                 0.2247	loss:                      0.0174
q_taken_mean:              0.0807	return_mean:               3.5946	return_std:                0.8572	target_mean:               0.0827
td_error_abs:              0.0923	test_battle_won_mean:      0.0000	test_dead_allies_mean:     9.3187	test_dead_enemies_mean:    1.8313
test_ep_length_mean:      31.2437	test_return_mean:          4.4041	test_return_std:           0.9126	
[INFO 11:31:35] my_main t_env: 80165 / 2050000
[INFO 11:31:35] my_main Estimated time left: 18 hours, 5 minutes, 40 seconds. Time passed: 45 minutes, 50 seconds
[INFO 11:33:18] my_main Updated target network
[INFO 11:36:21] my_main Updated target network
[INFO 11:37:06] my_main Recent Stats | t_env:      90159 | Episode:     2845
amco_input_q_weight_grad_norm:  0.0041	amco_input_q_weight_grad_rms:  0.0001	amco_input_state_to_q_grad_rms_ratio:  0.0435	amco_input_state_weight_grad_norm:  0.0003
amco_input_state_weight_grad_rms:  0.0000	amco_layer_0_activation_slope_mean:  0.5655	amco_layer_0_activation_slope_p10:  0.5288	amco_layer_0_nonpositive_frac:  0.2964
amco_layer_0_preactivation_mean:  0.1400	amco_layer_0_preactivation_std:  0.0622	amco_layer_1_activation_slope_mean:  0.5813	amco_layer_1_activation_slope_p10:  0.5421
amco_layer_1_nonpositive_frac:  0.2657	amco_layer_1_preactivation_mean:  0.1764	amco_layer_1_preactivation_std:  0.0637	amco_layer_2_activation_slope_mean:  0.5885
amco_layer_2_activation_slope_p10:  0.4929	amco_layer_2_nonpositive_frac:  0.3207	amco_layer_2_preactivation_mean:  0.2085	amco_layer_2_preactivation_std:  0.1624
amco_mixing_output_rms:    0.5167	amco_pre_activation_nonpositive_frac:  0.2943	amco_q_term_rms:           0.2459	amco_state_credit_delta:   0.0007
amco_state_credit_share_delta:  0.0000	amco_state_encoder_grad_norm:  0.0004	amco_state_encoder_grad_rms:  0.0000	amco_state_term_rms:       0.0185
amco_state_to_q_ratio:     0.0786	amco_state_value_rms:      1.0221	amco_v_to_m_ratio:         1.9371	battle_won_mean:           0.0000
credit_entropy:            0.9917	credit_grad_agent_0:       0.3447	credit_grad_agent_1:       0.2955	credit_grad_agent_2:       0.2105
credit_grad_agent_3:       0.2614	credit_grad_agent_4:       0.2209	credit_grad_agent_5:       0.2306	credit_grad_agent_6:       0.2156
credit_grad_agent_7:       0.2234	credit_grad_agent_8:       0.2193	credit_grad_agent_9:       0.1789	credit_grad_cv:            0.2904
credit_grad_max:           0.4597	credit_grad_mean:          0.2401	credit_grad_median:        0.2340	credit_grad_min:           0.1090
credit_grad_near_zero_frac:  0.0000	credit_grad_negative_frac:  0.0000	credit_grad_p10:           0.1566	credit_grad_p90:           0.3342
credit_grad_std:           0.0690	credit_max_share:          0.1448	dead_allies_mean:          9.2214	dead_enemies_mean:         1.7098
ep_length_mean:           28.5371	epsilon:                   0.0500	grad_norm:                 0.1859	loss:                      0.0159
q_taken_mean:              0.1094	return_mean:               4.3430	return_std:                1.0042	target_mean:               0.1109
td_error_abs:              0.0879	test_battle_won_mean:      0.0000	test_dead_allies_mean:     9.2375	test_dead_enemies_mean:    2.2625
test_ep_length_mean:      27.4000	test_return_mean:          4.9372	test_return_std:           0.9926	
[INFO 11:37:07] my_main t_env: 90194 / 2050000
[INFO 11:37:07] my_main Estimated time left: 18 hours, 3 minutes, 6 seconds. Time passed: 51 minutes, 23 seconds
[INFO 11:39:44] my_main Updated target network
[INFO 11:42:24] my_main Recent Stats | t_env:     100167 | Episode:     3164
amco_input_q_weight_grad_norm:  0.0051	amco_input_q_weight_grad_rms:  0.0002	amco_input_state_to_q_grad_rms_ratio:  0.0253	amco_input_state_weight_grad_norm:  0.0002
amco_input_state_weight_grad_rms:  0.0000	amco_layer_0_activation_slope_mean:  0.5722	amco_layer_0_activation_slope_p10:  0.5347	amco_layer_0_nonpositive_frac:  0.2664
amco_layer_0_preactivation_mean:  0.1547	amco_layer_0_preactivation_std:  0.0645	amco_layer_1_activation_slope_mean:  0.5894	amco_layer_1_activation_slope_p10:  0.5497
amco_layer_1_nonpositive_frac:  0.2286	amco_layer_1_preactivation_mean:  0.1940	amco_layer_1_preactivation_std:  0.0650	amco_layer_2_activation_slope_mean:  0.5932
amco_layer_2_activation_slope_p10:  0.4863	amco_layer_2_nonpositive_frac:  0.3036	amco_layer_2_preactivation_mean:  0.2194	amco_layer_2_preactivation_std:  0.1779
amco_mixing_output_rms:    0.5324	amco_pre_activation_nonpositive_frac:  0.2662	amco_q_term_rms:           0.2586	amco_state_credit_delta:   0.0003
amco_state_credit_share_delta:  0.0000	amco_state_encoder_grad_norm:  0.0003	amco_state_encoder_grad_rms:  0.0000	amco_state_term_rms:       0.0181
amco_state_to_q_ratio:     0.0713	amco_state_value_rms:      1.2291	amco_v_to_m_ratio:         2.2976	battle_won_mean:           0.0000
credit_entropy:            0.9900	credit_grad_agent_0:       0.3314	credit_grad_agent_1:       0.2803	credit_grad_agent_2:       0.1982
credit_grad_agent_3:       0.2446	credit_grad_agent_4:       0.2062	credit_grad_agent_5:       0.2109	credit_grad_agent_6:       0.1944
credit_grad_agent_7:       0.1956	credit_grad_agent_8:       0.1945	credit_grad_agent_9:       0.1595	credit_grad_cv:            0.2971
credit_grad_max:           0.4429	credit_grad_mean:          0.2216	credit_grad_median:        0.2139	credit_grad_min:           0.0996
credit_grad_near_zero_frac:  0.0000	credit_grad_negative_frac:  0.0000	credit_grad_p10:           0.1442	credit_grad_p90:           0.3159
credit_grad_std:           0.0660	credit_max_share:          0.1497	dead_allies_mean:          9.2806	dead_enemies_mean:         2.2654
ep_length_mean:           28.1834	epsilon:                   0.0500	grad_norm:                 0.2484	loss:                      0.0165
q_taken_mean:              0.1351	return_mean:               5.0820	return_std:                1.1126	target_mean:               0.1371
td_error_abs:              0.0901	test_battle_won_mean:      0.0000	test_dead_allies_mean:     9.3250	test_dead_enemies_mean:    2.8875
test_ep_length_mean:      28.8375	test_return_mean:          5.8134	test_return_std:           1.0612	
[INFO 11:42:25] my_main t_env: 100194 / 2050000
[INFO 11:42:25] my_main Estimated time left: 17 hours, 13 minutes, 32 seconds. Time passed: 56 minutes, 41 seconds
[INFO 11:43:14] my_main Updated target network
[INFO 11:46:24] my_main Updated target network
[INFO 11:47:33] my_main Recent Stats | t_env:     110181 | Episode:     3475
amco_input_q_weight_grad_norm:  0.0072	amco_input_q_weight_grad_rms:  0.0002	amco_input_state_to_q_grad_rms_ratio:  0.0175	amco_input_state_weight_grad_norm:  0.0002
amco_input_state_weight_grad_rms:  0.0000	amco_layer_0_activation_slope_mean:  0.5704	amco_layer_0_activation_slope_p10:  0.5325	amco_layer_0_nonpositive_frac:  0.2877
amco_layer_0_preactivation_mean:  0.1516	amco_layer_0_preactivation_std:  0.0656	amco_layer_1_activation_slope_mean:  0.5875	amco_layer_1_activation_slope_p10:  0.5473
amco_layer_1_nonpositive_frac:  0.2426	amco_layer_1_preactivation_mean:  0.1910	amco_layer_1_preactivation_std:  0.0661	amco_layer_2_activation_slope_mean:  0.5882
amco_layer_2_activation_slope_p10:  0.4788	amco_layer_2_nonpositive_frac:  0.3226	amco_layer_2_preactivation_mean:  0.2091	amco_layer_2_preactivation_std:  0.1810
amco_mixing_output_rms:    0.5360	amco_pre_activation_nonpositive_frac:  0.2843	amco_q_term_rms:           0.2652	amco_state_credit_delta:   0.0001
amco_state_credit_share_delta:  0.0000	amco_state_encoder_grad_norm:  0.0003	amco_state_encoder_grad_rms:  0.0000	amco_state_term_rms:       0.0181
amco_state_to_q_ratio:     0.0688	amco_state_value_rms:      1.4216	amco_v_to_m_ratio:         2.6931	battle_won_mean:           0.0006
credit_entropy:            0.9889	credit_grad_agent_0:       0.3189	credit_grad_agent_1:       0.2721	credit_grad_agent_2:       0.1945
credit_grad_agent_3:       0.2331	credit_grad_agent_4:       0.1989	credit_grad_agent_5:       0.2019	credit_grad_agent_6:       0.1834
credit_grad_agent_7:       0.1771	credit_grad_agent_8:       0.1796	credit_grad_agent_9:       0.1469	credit_grad_cv:            0.2931
credit_grad_max:           0.4151	credit_grad_mean:          0.2106	credit_grad_median:        0.2028	credit_grad_min:           0.0957
credit_grad_near_zero_frac:  0.0000	credit_grad_negative_frac:  0.0000	credit_grad_p10:           0.1387	credit_grad_p90:           0.3030
credit_grad_std:           0.0620	credit_max_share:          0.1513	dead_allies_mean:          9.4007	dead_enemies_mean:         2.7541
ep_length_mean:           29.3099	epsilon:                   0.0500	grad_norm:                 0.4054	loss:                      0.0191
q_taken_mean:              0.1536	return_mean:               5.7816	return_std:                1.2032	target_mean:               0.1571
td_error_abs:              0.0986	test_battle_won_mean:      0.0000	test_dead_allies_mean:     9.4062	test_dead_enemies_mean:    3.1125
test_ep_length_mean:      29.4375	test_return_mean:          6.1475	test_return_std:           0.9436	
[INFO 11:47:34] my_main t_env: 110213 / 2050000
[INFO 11:47:34] my_main Estimated time left: 16 hours, 36 minutes, 51 seconds. Time passed: 1 hours, 1 minutes, 50 seconds
RequestQuit command received.
Closing Application...
DataHandler: unable to parse websocket frame.
CloseHandler: 127.0.0.1:36844 disconnected
[INFO 11:47:56] absl Shutdown gracefully.
[INFO 11:47:56] absl Shutdown with return code: -15
[INFO 11:47:56] absl Launching SC2: /data/workspace/wxr/pymarl-monotone-qmix/3rdparty/StarCraftII/Versions/Base75689/SC2_x64 -listen 127.0.0.1 -port 37521 -dataDir /data/workspace/wxr/pymarl-monotone-qmix/3rdparty/StarCraftII/ -tempDir /tmp/sc-lvfbansx/
[INFO 11:47:56] absl Connecting to: ws://127.0.0.1:37521/sc2api, attempt: 0, running: True
Version: B75689 (SC2.4.10)
Build: Aug 12 2019 17:16:57
Command Line: '"/data/workspace/wxr/pymarl-monotone-qmix/3rdparty/StarCraftII/Versions/Base75689/SC2_x64" -listen 127.0.0.1 -port 37521 -dataDir /data/workspace/wxr/pymarl-monotone-qmix/3rdparty/StarCraftII/ -tempDir /tmp/sc-lvfbansx/'
Starting up...
Startup Phase 1 complete
[INFO 11:47:57] absl Connecting to: ws://127.0.0.1:37521/sc2api, attempt: 1, running: True
Startup Phase 2 complete
Creating stub renderer...
Listening on: 127.0.0.1:37521
Startup Phase 3 complete. Ready for commands.
[INFO 11:47:58] absl Connecting to: ws://127.0.0.1:37521/sc2api, attempt: 2, running: True
ConnectHandler: Request from 127.0.0.1:33644 accepted
ReadyHandler: 127.0.0.1:33644 ready
Requesting to join a single player game
Configuring interface options
Configure: raw interface enabled
Configure: feature layer interface disabled
Configure: score interface disabled
Configure: render interface disabled
Launching next game.
Next launch phase started: 2
Next launch phase started: 3
Next launch phase started: 4
Next launch phase started: 5
Next launch phase started: 6
Next launch phase started: 7
Next launch phase started: 8
Game has started.
Using default stable ids, none found at: /data/workspace/wxr/pymarl-monotone-qmix/3rdparty/StarCraftII/stableid.json
Successfully loaded stable ids: GameData\stableid.json
Sending ResponseJoinGame
[INFO 11:49:54] my_main Updated target network
[INFO 11:52:53] my_main Recent Stats | t_env:     120202 | Episode:     3788
amco_input_q_weight_grad_norm:  0.0079	amco_input_q_weight_grad_rms:  0.0003	amco_input_state_to_q_grad_rms_ratio:  0.0139	amco_input_state_weight_grad_norm:  0.0002
amco_input_state_weight_grad_rms:  0.0000	amco_layer_0_activation_slope_mean:  0.5641	amco_layer_0_activation_slope_p10:  0.5260	amco_layer_0_nonpositive_frac:  0.3294
amco_layer_0_preactivation_mean:  0.1393	amco_layer_0_preactivation_std:  0.0664	amco_layer_1_activation_slope_mean:  0.5807	amco_layer_1_activation_slope_p10:  0.5400
amco_layer_1_nonpositive_frac:  0.2828	amco_layer_1_preactivation_mean:  0.1774	amco_layer_1_preactivation_std:  0.0671	amco_layer_2_activation_slope_mean:  0.5800
amco_layer_2_activation_slope_p10:  0.4742	amco_layer_2_nonpositive_frac:  0.3573	amco_layer_2_preactivation_mean:  0.1905	amco_layer_2_preactivation_std:  0.1758
amco_mixing_output_rms:    0.5307	amco_pre_activation_nonpositive_frac:  0.3231	amco_q_term_rms:           0.2670	amco_state_credit_delta:   0.0001
amco_state_credit_share_delta:  0.0000	amco_state_encoder_grad_norm:  0.0003	amco_state_encoder_grad_rms:  0.0000	amco_state_term_rms:       0.0181
amco_state_to_q_ratio:     0.0682	amco_state_value_rms:      1.6051	amco_v_to_m_ratio:         3.0868	battle_won_mean:           0.0013
credit_entropy:            0.9883	credit_grad_agent_0:       0.3047	credit_grad_agent_1:       0.2657	credit_grad_agent_2:       0.1949
credit_grad_agent_3:       0.2224	credit_grad_agent_4:       0.1944	credit_grad_agent_5:       0.1975	credit_grad_agent_6:       0.1757
credit_grad_agent_7:       0.1627	credit_grad_agent_8:       0.1681	credit_grad_agent_9:       0.1384	credit_grad_cv:            0.2855
credit_grad_max:           0.3850	credit_grad_mean:          0.2025	credit_grad_median:        0.1949	credit_grad_min:           0.0939
credit_grad_near_zero_frac:  0.0000	credit_grad_negative_frac:  0.0000	credit_grad_p10:           0.1356	credit_grad_p90:           0.2921
credit_grad_std:           0.0580	credit_max_share:          0.1504	dead_allies_mean:          9.5154	dead_enemies_mean:         3.1182
ep_length_mean:           30.1786	epsilon:                   0.0500	grad_norm:                 0.4470	loss:                      0.0201
q_taken_mean:              0.1686	return_mean:               6.2763	return_std:                1.2805	target_mean:               0.1715
td_error_abs:              0.1015	test_battle_won_mean:      0.0000	test_dead_allies_mean:     9.5375	test_dead_enemies_mean:    3.3438
test_ep_length_mean:      30.4312	test_return_mean:          6.4793	test_return_std:           1.0107	
[INFO 11:52:54] my_main t_env: 120234 / 2050000
[INFO 11:52:54] my_main Estimated time left: 17 hours, 6 minutes, 10 seconds. Time passed: 1 hours, 7 minutes, 10 seconds
[INFO 11:53:26] my_main Updated target network
[INFO 11:56:22] my_main Updated target network
[INFO 11:57:53] my_main Recent Stats | t_env:     130229 | Episode:     4098
amco_input_q_weight_grad_norm:  0.0055	amco_input_q_weight_grad_rms:  0.0002	amco_input_state_to_q_grad_rms_ratio:  0.0147	amco_input_state_weight_grad_norm:  0.0002
amco_input_state_weight_grad_rms:  0.0000	amco_layer_0_activation_slope_mean:  0.5523	amco_layer_0_activation_slope_p10:  0.5144	amco_layer_0_nonpositive_frac:  0.3869
amco_layer_0_preactivation_mean:  0.1143	amco_layer_0_preactivation_std:  0.0657	amco_layer_1_activation_slope_mean:  0.5679	amco_layer_1_activation_slope_p10:  0.5268
amco_layer_1_nonpositive_frac:  0.3381	amco_layer_1_preactivation_mean:  0.1500	amco_layer_1_preactivation_std:  0.0673	amco_layer_2_activation_slope_mean:  0.5675
amco_layer_2_activation_slope_p10:  0.4691	amco_layer_2_nonpositive_frac:  0.3996	amco_layer_2_preactivation_mean:  0.1609	amco_layer_2_preactivation_std:  0.1636
amco_mixing_output_rms:    0.5074	amco_pre_activation_nonpositive_frac:  0.3749	amco_q_term_rms:           0.2566	amco_state_credit_delta:   0.0001
amco_state_credit_share_delta:  0.0000	amco_state_encoder_grad_norm:  0.0003	amco_state_encoder_grad_rms:  0.0000	amco_state_term_rms:       0.0181
amco_state_to_q_ratio:     0.0708	amco_state_value_rms:      1.7855	amco_v_to_m_ratio:         3.5834	battle_won_mean:           0.0013
credit_entropy:            0.9879	credit_grad_agent_0:       0.2968	credit_grad_agent_1:       0.2637	credit_grad_agent_2:       0.1996
credit_grad_agent_3:       0.2157	credit_grad_agent_4:       0.1925	credit_grad_agent_5:       0.1978	credit_grad_agent_6:       0.1710
credit_grad_agent_7:       0.1535	credit_grad_agent_8:       0.1596	credit_grad_agent_9:       0.1358	credit_grad_cv:            0.2765
credit_grad_max:           0.3624	credit_grad_mean:          0.1986	credit_grad_median:        0.1913	credit_grad_min:           0.0945
credit_grad_near_zero_frac:  0.0000	credit_grad_negative_frac:  0.0000	credit_grad_p10:           0.1363	credit_grad_p90:           0.2866
credit_grad_std:           0.0549	credit_max_share:          0.1494	dead_allies_mean:          9.6075	dead_enemies_mean:         3.2899
ep_length_mean:           30.9219	epsilon:                   0.0500	grad_norm:                 0.3685	loss:                      0.0203
q_taken_mean:              0.1819	return_mean:               6.5604	return_std:                1.3465	target_mean:               0.1840
td_error_abs:              0.1021	test_battle_won_mean:      0.0063	test_dead_allies_mean:     9.5437	test_dead_enemies_mean:    3.7250
test_ep_length_mean:      31.5625	test_return_mean:          6.9469	test_return_std:           1.2096	
[INFO 11:57:54] my_main t_env: 130258 / 2050000
[INFO 11:57:54] my_main Estimated time left: 15 hours, 59 minutes, 19 seconds. Time passed: 1 hours, 12 minutes, 10 seconds
[INFO 11:59:35] my_main Updated target network
[INFO 12:02:37] my_main Recent Stats | t_env:     140235 | Episode:     4389
amco_input_q_weight_grad_norm:  0.0065	amco_input_q_weight_grad_rms:  0.0002	amco_input_state_to_q_grad_rms_ratio:  0.0134	amco_input_state_weight_grad_norm:  0.0003
amco_input_state_weight_grad_rms:  0.0000	amco_layer_0_activation_slope_mean:  0.5345	amco_layer_0_activation_slope_p10:  0.4975	amco_layer_0_nonpositive_frac:  0.4645
amco_layer_0_preactivation_mean:  0.0762	amco_layer_0_preactivation_std:  0.0633	amco_layer_1_activation_slope_mean:  0.5484	amco_layer_1_activation_slope_p10:  0.5071
amco_layer_1_nonpositive_frac:  0.4174	amco_layer_1_preactivation_mean:  0.1074	amco_layer_1_preactivation_std:  0.0664	amco_layer_2_activation_slope_mean:  0.5496
amco_layer_2_activation_slope_p10:  0.4616	amco_layer_2_nonpositive_frac:  0.4590	amco_layer_2_preactivation_mean:  0.1181	amco_layer_2_preactivation_std:  0.1451
amco_mixing_output_rms:    0.4590	amco_pre_activation_nonpositive_frac:  0.4469	amco_q_term_rms:           0.2373	amco_state_credit_delta:   0.0001
amco_state_credit_share_delta:  0.0000	amco_state_encoder_grad_norm:  0.0003	amco_state_encoder_grad_rms:  0.0000	amco_state_term_rms:       0.0180
amco_state_to_q_ratio:     0.0765	amco_state_value_rms:      1.9238	amco_v_to_m_ratio:         4.2999	battle_won_mean:           0.0013
credit_entropy:            0.9875	credit_grad_agent_0:       0.2875	credit_grad_agent_1:       0.2604	credit_grad_agent_2:       0.2006
credit_grad_agent_3:       0.2073	credit_grad_agent_4:       0.1874	credit_grad_agent_5:       0.1950	credit_grad_agent_6:       0.1654
credit_grad_agent_7:       0.1445	credit_grad_agent_8:       0.1506	credit_grad_agent_9:       0.1349	credit_grad_cv:            0.2720
credit_grad_max:           0.3398	credit_grad_mean:          0.1934	credit_grad_median:        0.1866	credit_grad_min:           0.0933
credit_grad_near_zero_frac:  0.0000	credit_grad_negative_frac:  0.0000	credit_grad_p10:           0.1346	credit_grad_p90:           0.2806
credit_grad_std:           0.0526	credit_max_share:          0.1487	dead_allies_mean:          9.7003	dead_enemies_mean:         3.3988
ep_length_mean:           31.5704	epsilon:                   0.0500	grad_norm:                 0.5050	loss:                      0.0215
q_taken_mean:              0.1883	return_mean:               6.7563	return_std:                1.3806	target_mean:               0.1917
td_error_abs:              0.1072	test_battle_won_mean:      0.0063	test_dead_allies_mean:     9.6625	test_dead_enemies_mean:    4.0312
test_ep_length_mean:      32.6500	test_return_mean:          7.2290	test_return_std:           1.2395	
[INFO 12:02:37] my_main t_env: 140268 / 2050000
[INFO 12:02:37] my_main Estimated time left: 14 hours, 59 minutes, 25 seconds. Time passed: 1 hours, 16 minutes, 53 seconds
[INFO 12:03:01] my_main Updated target network
[INFO 12:06:03] my_main Updated target network
[INFO 12:07:03] my_main Recent Stats | t_env:     150237 | Episode:     4671
amco_input_q_weight_grad_norm:  0.0068	amco_input_q_weight_grad_rms:  0.0002	amco_input_state_to_q_grad_rms_ratio:  0.0127	amco_input_state_weight_grad_norm:  0.0003
amco_input_state_weight_grad_rms:  0.0000	amco_layer_0_activation_slope_mean:  0.5258	amco_layer_0_activation_slope_p10:  0.4885	amco_layer_0_nonpositive_frac:  0.5032
amco_layer_0_preactivation_mean:  0.0579	amco_layer_0_preactivation_std:  0.0635	amco_layer_1_activation_slope_mean:  0.5396	amco_layer_1_activation_slope_p10:  0.4980
amco_layer_1_nonpositive_frac:  0.4611	amco_layer_1_preactivation_mean:  0.0889	amco_layer_1_preactivation_std:  0.0670	amco_layer_2_activation_slope_mean:  0.5426
amco_layer_2_activation_slope_p10:  0.4598	amco_layer_2_nonpositive_frac:  0.4860	amco_layer_2_preactivation_mean:  0.1026	amco_layer_2_preactivation_std:  0.1382
amco_mixing_output_rms:    0.4538	amco_pre_activation_nonpositive_frac:  0.4834	amco_q_term_rms:           0.2330	amco_state_credit_delta:   0.0001
amco_state_credit_share_delta:  0.0000	amco_state_encoder_grad_norm:  0.0003	amco_state_encoder_grad_rms:  0.0000	amco_state_term_rms:       0.0180
amco_state_to_q_ratio:     0.0778	amco_state_value_rms:      2.0786	amco_v_to_m_ratio:         4.6533	battle_won_mean:           0.0013
credit_entropy:            0.9872	credit_grad_agent_0:       0.2881	credit_grad_agent_1:       0.2650	credit_grad_agent_2:       0.2057
credit_grad_agent_3:       0.2056	credit_grad_agent_4:       0.1880	credit_grad_agent_5:       0.1978	credit_grad_agent_6:       0.1648
credit_grad_agent_7:       0.1418	credit_grad_agent_8:       0.1473	credit_grad_agent_9:       0.1420	credit_grad_cv:            0.2697
credit_grad_max:           0.3287	credit_grad_mean:          0.1946	credit_grad_median:        0.1881	credit_grad_min:           0.0953
credit_grad_near_zero_frac:  0.0000	credit_grad_negative_frac:  0.0000	credit_grad_p10:           0.1366	credit_grad_p90:           0.2840
credit_grad_std:           0.0525	credit_max_share:          0.1480	dead_allies_mean:          9.7655	dead_enemies_mean:         3.6217
ep_length_mean:           32.4627	epsilon:                   0.0500	grad_norm:                 0.5563	loss:                      0.0234
q_taken_mean:              0.2000	return_mean:               7.0394	return_std:                1.4550	target_mean:               0.2017
td_error_abs:              0.1122	test_battle_won_mean:      0.0063	test_dead_allies_mean:     9.7375	test_dead_enemies_mean:    4.1312
test_ep_length_mean:      32.8125	test_return_mean:          7.3880	test_return_std:           1.3000	
[INFO 12:07:04] my_main t_env: 150271 / 2050000
[INFO 12:07:04] my_main Estimated time left: 14 hours, 4 minutes, 3 seconds. Time passed: 1 hours, 21 minutes, 20 seconds
[INFO 12:09:03] my_main Updated target network
[INFO 12:11:20] my_main t_env: 160279 / 2050000
[INFO 12:11:20] my_main Estimated time left: 13 hours, 24 minutes, 20 seconds. Time passed: 1 hours, 25 minutes, 35 seconds
[INFO 12:11:36] my_main Recent Stats | t_env:     160279 | Episode:     4953
amco_input_q_weight_grad_norm:  0.0048	amco_input_q_weight_grad_rms:  0.0002	amco_input_state_to_q_grad_rms_ratio:  0.0162	amco_input_state_weight_grad_norm:  0.0002
amco_input_state_weight_grad_rms:  0.0000	amco_layer_0_activation_slope_mean:  0.5173	amco_layer_0_activation_slope_p10:  0.4799	amco_layer_0_nonpositive_frac:  0.5317
amco_layer_0_preactivation_mean:  0.0396	amco_layer_0_preactivation_std:  0.0634	amco_layer_1_activation_slope_mean:  0.5310	amco_layer_1_activation_slope_p10:  0.4891
amco_layer_1_nonpositive_frac:  0.4962	amco_layer_1_preactivation_mean:  0.0706	amco_layer_1_preactivation_std:  0.0675	amco_layer_2_activation_slope_mean:  0.5360
amco_layer_2_activation_slope_p10:  0.4566	amco_layer_2_nonpositive_frac:  0.5114	amco_layer_2_preactivation_mean:  0.0880	amco_layer_2_preactivation_std:  0.1335
amco_mixing_output_rms:    0.4498	amco_pre_activation_nonpositive_frac:  0.5131	amco_q_term_rms:           0.2275	amco_state_credit_delta:   0.0001
amco_state_credit_share_delta:  0.0001	amco_state_encoder_grad_norm:  0.0002	amco_state_encoder_grad_rms:  0.0000	amco_state_term_rms:       0.0179
amco_state_to_q_ratio:     0.0794	amco_state_value_rms:      2.2304	amco_v_to_m_ratio:         5.0233	battle_won_mean:           0.0007
credit_entropy:            0.9873	credit_grad_agent_0:       0.2910	credit_grad_agent_1:       0.2731	credit_grad_agent_2:       0.2114
credit_grad_agent_3:       0.2067	credit_grad_agent_4:       0.1898	credit_grad_agent_5:       0.2023	credit_grad_agent_6:       0.1658
credit_grad_agent_7:       0.1416	credit_grad_agent_8:       0.1474	credit_grad_agent_9:       0.1541	credit_grad_cv:            0.2647
credit_grad_max:           0.3233	credit_grad_mean:          0.1983	credit_grad_median:        0.1913	credit_grad_min:           0.0989
credit_grad_near_zero_frac:  0.0000	credit_grad_negative_frac:  0.0000	credit_grad_p10:           0.1404	credit_grad_p90:           0.2898
credit_grad_std:           0.0524	credit_max_share:          0.1468	dead_allies_mean:          9.8077	dead_enemies_mean:         3.9923
ep_length_mean:           33.9675	epsilon:                   0.0500	grad_norm:                 0.4207	loss:                      0.0231
q_taken_mean:              0.2118	return_mean:               7.4458	return_std:                1.4529	target_mean:               0.2122
td_error_abs:              0.1095	test_battle_won_mean:      0.0063	test_dead_allies_mean:     9.8562	test_dead_enemies_mean:    4.9062
test_ep_length_mean:      35.0938	test_return_mean:          8.2017	test_return_std:           1.4469	
[INFO 12:12:15] my_main Updated target network
[INFO 12:15:06] my_main Updated target network
RequestQuit command received.
Closing Application...
DataHandler: unable to parse websocket frame.
CloseHandler: 127.0.0.1:33644 disconnected
[INFO 12:15:25] absl Shutdown gracefully.
[INFO 12:15:25] absl Shutdown with return code: -15
[INFO 12:15:25] absl Launching SC2: /data/workspace/wxr/pymarl-monotone-qmix/3rdparty/StarCraftII/Versions/Base75689/SC2_x64 -listen 127.0.0.1 -port 33511 -dataDir /data/workspace/wxr/pymarl-monotone-qmix/3rdparty/StarCraftII/ -tempDir /tmp/sc-kxzv_cv8/
[INFO 12:15:25] absl Connecting to: ws://127.0.0.1:33511/sc2api, attempt: 0, running: True
Version: B75689 (SC2.4.10)
Build: Aug 12 2019 17:16:57
Command Line: '"/data/workspace/wxr/pymarl-monotone-qmix/3rdparty/StarCraftII/Versions/Base75689/SC2_x64" -listen 127.0.0.1 -port 33511 -dataDir /data/workspace/wxr/pymarl-monotone-qmix/3rdparty/StarCraftII/ -tempDir /tmp/sc-kxzv_cv8/'
Starting up...
Startup Phase 1 complete
[INFO 12:15:26] absl Connecting to: ws://127.0.0.1:33511/sc2api, attempt: 1, running: True
Startup Phase 2 complete
Creating stub renderer...
Listening on: 127.0.0.1:33511
Startup Phase 3 complete. Ready for commands.
[INFO 12:15:27] absl Connecting to: ws://127.0.0.1:33511/sc2api, attempt: 2, running: True
ConnectHandler: Request from 127.0.0.1:40792 accepted
ReadyHandler: 127.0.0.1:40792 ready
Requesting to join a single player game
Configuring interface options
Configure: raw interface enabled
Configure: feature layer interface disabled
Configure: score interface disabled
Configure: render interface disabled
Launching next game.
Next launch phase started: 2
Next launch phase started: 3
Next launch phase started: 4
Next launch phase started: 5
Next launch phase started: 6
Next launch phase started: 7
Next launch phase started: 8
Game has started.
Using default stable ids, none found at: /data/workspace/wxr/pymarl-monotone-qmix/3rdparty/StarCraftII/stableid.json
Successfully loaded stable ids: GameData\stableid.json
Sending ResponseJoinGame
[INFO 12:15:41] my_main t_env: 170299 / 2050000
[INFO 12:15:41] my_main Estimated time left: 13 hours, 37 minutes, 28 seconds. Time passed: 1 hours, 29 minutes, 57 seconds
[INFO 12:16:04] my_main Recent Stats | t_env:     170299 | Episode:     5235
amco_input_q_weight_grad_norm:  0.0039	amco_input_q_weight_grad_rms:  0.0001	amco_input_state_to_q_grad_rms_ratio:  0.0290	amco_input_state_weight_grad_norm:  0.0002
amco_input_state_weight_grad_rms:  0.0000	amco_layer_0_activation_slope_mean:  0.5101	amco_layer_0_activation_slope_p10:  0.4729	amco_layer_0_nonpositive_frac:  0.5515
amco_layer_0_preactivation_mean:  0.0237	amco_layer_0_preactivation_std:  0.0625	amco_layer_1_activation_slope_mean:  0.5238	amco_layer_1_activation_slope_p10:  0.4815
amco_layer_1_nonpositive_frac:  0.5178	amco_layer_1_preactivation_mean:  0.0546	amco_layer_1_preactivation_std:  0.0681	amco_layer_2_activation_slope_mean:  0.5308
amco_layer_2_activation_slope_p10:  0.4533	amco_layer_2_nonpositive_frac:  0.5261	amco_layer_2_preactivation_mean:  0.0756	amco_layer_2_preactivation_std:  0.1299
amco_mixing_output_rms:    0.4441	amco_pre_activation_nonpositive_frac:  0.5318	amco_q_term_rms:           0.2190	amco_state_credit_delta:   0.0001
amco_state_credit_share_delta:  0.0001	amco_state_encoder_grad_norm:  0.0002	amco_state_encoder_grad_rms:  0.0000	amco_state_term_rms:       0.0179
amco_state_to_q_ratio:     0.0820	amco_state_value_rms:      2.3777	amco_v_to_m_ratio:         5.3888	battle_won_mean:           0.0007
credit_entropy:            0.9876	credit_grad_agent_0:       0.2945	credit_grad_agent_1:       0.2806	credit_grad_agent_2:       0.2168
credit_grad_agent_3:       0.2073	credit_grad_agent_4:       0.1917	credit_grad_agent_5:       0.2065	credit_grad_agent_6:       0.1670
credit_grad_agent_7:       0.1424	credit_grad_agent_8:       0.1497	credit_grad_agent_9:       0.1688	credit_grad_cv:            0.2570
credit_grad_max:           0.3185	credit_grad_mean:          0.2025	credit_grad_median:        0.1959	credit_grad_min:           0.1037
credit_grad_near_zero_frac:  0.0000	credit_grad_negative_frac:  0.0000	credit_grad_p10:           0.1444	credit_grad_p90:           0.2951
credit_grad_std:           0.0520	credit_max_share:          0.1455	dead_allies_mean:          9.8338	dead_enemies_mean:         4.2290
ep_length_mean:           34.6707	epsilon:                   0.0500	grad_norm:                 0.3770	loss:                      0.0243
q_taken_mean:              0.2242	return_mean:               7.6598	return_std:                1.4562	target_mean:               0.2250
td_error_abs:              0.1126	test_battle_won_mean:      0.0000	test_dead_allies_mean:     9.8500	test_dead_enemies_mean:    4.7875
test_ep_length_mean:      36.9000	test_return_mean:          7.9803	test_return_std:           1.2893	
[INFO 12:18:43] my_main Updated target network
[INFO 12:20:24] my_main t_env: 180345 / 2050000
[INFO 12:20:24] my_main Estimated time left: 14 hours, 36 minutes, 54 seconds. Time passed: 1 hours, 34 minutes, 40 seconds
[INFO 12:20:43] my_main Recent Stats | t_env:     180345 | Episode:     5502
amco_input_q_weight_grad_norm:  0.0038	amco_input_q_weight_grad_rms:  0.0001	amco_input_state_to_q_grad_rms_ratio:  0.0369	amco_input_state_weight_grad_norm:  0.0003
amco_input_state_weight_grad_rms:  0.0000	amco_layer_0_activation_slope_mean:  0.5081	amco_layer_0_activation_slope_p10:  0.4705	amco_layer_0_nonpositive_frac:  0.5484
amco_layer_0_preactivation_mean:  0.0191	amco_layer_0_preactivation_std:  0.0629	amco_layer_1_activation_slope_mean:  0.5226	amco_layer_1_activation_slope_p10:  0.4796
amco_layer_1_nonpositive_frac:  0.5163	amco_layer_1_preactivation_mean:  0.0516	amco_layer_1_preactivation_std:  0.0698	amco_layer_2_activation_slope_mean:  0.5316
amco_layer_2_activation_slope_p10:  0.4534	amco_layer_2_nonpositive_frac:  0.5210	amco_layer_2_preactivation_mean:  0.0769	amco_layer_2_preactivation_std:  0.1315
amco_mixing_output_rms:    0.4604	amco_pre_activation_nonpositive_frac:  0.5286	amco_q_term_rms:           0.2184	amco_state_credit_delta:   0.0001
amco_state_credit_share_delta:  0.0001	amco_state_encoder_grad_norm:  0.0002	amco_state_encoder_grad_rms:  0.0000	amco_state_term_rms:       0.0178
amco_state_to_q_ratio:     0.0819	amco_state_value_rms:      2.5267	amco_v_to_m_ratio:         5.5268	battle_won_mean:           0.0015
credit_entropy:            0.9880	credit_grad_agent_0:       0.2986	credit_grad_agent_1:       0.2905	credit_grad_agent_2:       0.2221
credit_grad_agent_3:       0.2089	credit_grad_agent_4:       0.1949	credit_grad_agent_5:       0.2102	credit_grad_agent_6:       0.1710
credit_grad_agent_7:       0.1435	credit_grad_agent_8:       0.1564	credit_grad_agent_9:       0.1866	credit_grad_cv:            0.2480
credit_grad_max:           0.3180	credit_grad_mean:          0.2083	credit_grad_median:        0.2017	credit_grad_min:           0.1090
credit_grad_near_zero_frac:  0.0000	credit_grad_negative_frac:  0.0000	credit_grad_p10:           0.1485	credit_grad_p90:           0.3017
credit_grad_std:           0.0515	credit_max_share:          0.1439	dead_allies_mean:          9.8641	dead_enemies_mean:         4.5094
ep_length_mean:           35.7287	epsilon:                   0.0500	grad_norm:                 0.3954	loss:                      0.0258
q_taken_mean:              0.2382	return_mean:               7.9419	return_std:                1.5213	target_mean:               0.2382
td_error_abs:              0.1163	test_battle_won_mean:      0.0000	test_dead_allies_mean:     9.9000	test_dead_enemies_mean:    5.0563
test_ep_length_mean:      40.2500	test_return_mean:          8.4955	test_return_std:           1.3496	
[INFO 12:22:14] my_main Updated target network
[INFO 12:24:29] my_main t_env: 190374 / 2050000
[INFO 12:24:29] my_main Estimated time left: 12 hours, 38 minutes, 47 seconds. Time passed: 1 hours, 38 minutes, 45 seconds
[INFO 12:24:49] my_main Recent Stats | t_env:     190374 | Episode:     5760
amco_input_q_weight_grad_norm:  0.0032	amco_input_q_weight_grad_rms:  0.0001	amco_input_state_to_q_grad_rms_ratio:  0.0404	amco_input_state_weight_grad_norm:  0.0003
amco_input_state_weight_grad_rms:  0.0000	amco_layer_0_activation_slope_mean:  0.5106	amco_layer_0_activation_slope_p10:  0.4725	amco_layer_0_nonpositive_frac:  0.5293
amco_layer_0_preactivation_mean:  0.0242	amco_layer_0_preactivation_std:  0.0640	amco_layer_1_activation_slope_mean:  0.5261	amco_layer_1_activation_slope_p10:  0.4825
amco_layer_1_nonpositive_frac:  0.4983	amco_layer_1_preactivation_mean:  0.0595	amco_layer_1_preactivation_std:  0.0717	amco_layer_2_activation_slope_mean:  0.5366
amco_layer_2_activation_slope_p10:  0.4561	amco_layer_2_nonpositive_frac:  0.5036	amco_layer_2_preactivation_mean:  0.0886	amco_layer_2_preactivation_std:  0.1368
amco_mixing_output_rms:    0.4891	amco_pre_activation_nonpositive_frac:  0.5104	amco_q_term_rms:           0.2216	amco_state_credit_delta:   0.0001
amco_state_credit_share_delta:  0.0001	amco_state_encoder_grad_norm:  0.0002	amco_state_encoder_grad_rms:  0.0000	amco_state_term_rms:       0.0178
amco_state_to_q_ratio:     0.0804	amco_state_value_rms:      2.6839	amco_v_to_m_ratio:         5.4943	battle_won_mean:           0.0015
credit_entropy:            0.9885	credit_grad_agent_0:       0.3061	credit_grad_agent_1:       0.3022	credit_grad_agent_2:       0.2288
credit_grad_agent_3:       0.2133	credit_grad_agent_4:       0.2010	credit_grad_agent_5:       0.2170	credit_grad_agent_6:       0.1763
credit_grad_agent_7:       0.1466	credit_grad_agent_8:       0.1653	credit_grad_agent_9:       0.2041	credit_grad_cv:            0.2419
credit_grad_max:           0.3252	credit_grad_mean:          0.2161	credit_grad_median:        0.2091	credit_grad_min:           0.1142
credit_grad_near_zero_frac:  0.0000	credit_grad_negative_frac:  0.0000	credit_grad_p10:           0.1523	credit_grad_p90:           0.3111
credit_grad_std:           0.0522	credit_max_share:          0.1426	dead_allies_mean:          9.8930	dead_enemies_mean:         4.6900
ep_length_mean:           36.6234	epsilon:                   0.0500	grad_norm:                 0.3512	loss:                      0.0271
q_taken_mean:              0.2541	return_mean:               8.1684	return_std:                1.5018	target_mean:               0.2521
td_error_abs:              0.1184	test_battle_won_mean:      0.0000	test_dead_allies_mean:     9.9187	test_dead_enemies_mean:    5.3750
test_ep_length_mean:      43.0500	test_return_mean:          8.8985	test_return_std:           1.4153	
[INFO 12:25:31] my_main Updated target network
[INFO 12:28:04] my_main t_env: 200411 / 2050000
[INFO 12:28:04] my_main Estimated time left: 10 hours, 58 minutes, 21 seconds. Time passed: 1 hours, 42 minutes, 19 seconds
[INFO 12:28:27] my_main Recent Stats | t_env:     200411 | Episode:     5976
amco_input_q_weight_grad_norm:  0.0030	amco_input_q_weight_grad_rms:  0.0001	amco_input_state_to_q_grad_rms_ratio:  0.0414	amco_input_state_weight_grad_norm:  0.0003
amco_input_state_weight_grad_rms:  0.0000	amco_layer_0_activation_slope_mean:  0.5053	amco_layer_0_activation_slope_p10:  0.4669	amco_layer_0_nonpositive_frac:  0.5447
amco_layer_0_preactivation_mean:  0.0130	amco_layer_0_preactivation_std:  0.0642	amco_layer_1_activation_slope_mean:  0.5206	amco_layer_1_activation_slope_p10:  0.4763
amco_layer_1_nonpositive_frac:  0.5144	amco_layer_1_preactivation_mean:  0.0478	amco_layer_1_preactivation_std:  0.0727	amco_layer_2_activation_slope_mean:  0.5328
amco_layer_2_activation_slope_p10:  0.4523	amco_layer_2_nonpositive_frac:  0.5164	amco_layer_2_preactivation_mean:  0.0805	amco_layer_2_preactivation_std:  0.1373
amco_mixing_output_rms:    0.4934	amco_pre_activation_nonpositive_frac:  0.5252	amco_q_term_rms:           0.2208	amco_state_credit_delta:   0.0001
amco_state_credit_share_delta:  0.0001	amco_state_encoder_grad_norm:  0.0001	amco_state_encoder_grad_rms:  0.0000	amco_state_term_rms:       0.0177
amco_state_to_q_ratio:     0.0803	amco_state_value_rms:      2.8134	amco_v_to_m_ratio:         5.7068	battle_won_mean:           0.0015
credit_entropy:            0.9887	credit_grad_agent_0:       0.3106	credit_grad_agent_1:       0.3129	credit_grad_agent_2:       0.2332
credit_grad_agent_3:       0.2164	credit_grad_agent_4:       0.2056	credit_grad_agent_5:       0.2203	credit_grad_agent_6:       0.1820
credit_grad_agent_7:       0.1476	credit_grad_agent_8:       0.1726	credit_grad_agent_9:       0.2191	credit_grad_cv:            0.2378
credit_grad_max:           0.3310	credit_grad_mean:          0.2220	credit_grad_median:        0.2150	credit_grad_min:           0.1175
credit_grad_near_zero_frac:  0.0000	credit_grad_negative_frac:  0.0000	credit_grad_p10:           0.1541	credit_grad_p90:           0.3177
credit_grad_std:           0.0528	credit_max_share:          0.1419	dead_allies_mean:          9.9169	dead_enemies_mean:         4.8666
ep_length_mean:           38.8225	epsilon:                   0.0500	grad_norm:                 0.3566	loss:                      0.0284
q_taken_mean:              0.2637	return_mean:               8.3992	return_std:                1.5493	target_mean:               0.2619
td_error_abs:              0.1209	test_battle_won_mean:      0.0000	test_dead_allies_mean:     9.8938	test_dead_enemies_mean:    5.6562
test_ep_length_mean:      49.0250	test_return_mean:          9.1751	test_return_std:           1.4154	
[INFO 12:28:47] my_main Updated target network
[INFO 12:31:27] my_main t_env: 210563 / 2050000
[INFO 12:31:27] my_main Estimated time left: 10 hours, 14 minutes, 44 seconds. Time passed: 1 hours, 45 minutes, 43 seconds
[INFO 12:31:46] my_main Recent Stats | t_env:     210563 | Episode:     6169
amco_input_q_weight_grad_norm:  0.0037	amco_input_q_weight_grad_rms:  0.0001	amco_input_state_to_q_grad_rms_ratio:  0.0418	amco_input_state_weight_grad_norm:  0.0003
amco_input_state_weight_grad_rms:  0.0000	amco_layer_0_activation_slope_mean:  0.5017	amco_layer_0_activation_slope_p10:  0.4630	amco_layer_0_nonpositive_frac:  0.5525
amco_layer_0_preactivation_mean:  0.0053	amco_layer_0_preactivation_std:  0.0646	amco_layer_1_activation_slope_mean:  0.5169	amco_layer_1_activation_slope_p10:  0.4721
amco_layer_1_nonpositive_frac:  0.5222	amco_layer_1_preactivation_mean:  0.0400	amco_layer_1_preactivation_std:  0.0734	amco_layer_2_activation_slope_mean:  0.5307
amco_layer_2_activation_slope_p10:  0.4499	amco_layer_2_nonpositive_frac:  0.5244	amco_layer_2_preactivation_mean:  0.0760	amco_layer_2_preactivation_std:  0.1386
amco_mixing_output_rms:    0.4960	amco_pre_activation_nonpositive_frac:  0.5331	amco_q_term_rms:           0.2196	amco_state_credit_delta:   0.0001
amco_state_credit_share_delta:  0.0001	amco_state_encoder_grad_norm:  0.0002	amco_state_encoder_grad_rms:  0.0000	amco_state_term_rms:       0.0177
amco_state_to_q_ratio:     0.0806	amco_state_value_rms:      2.9632	amco_v_to_m_ratio:         5.9982	battle_won_mean:           0.0007
credit_entropy:            0.9886	credit_grad_agent_0:       0.3136	credit_grad_agent_1:       0.3216	credit_grad_agent_2:       0.2364
credit_grad_agent_3:       0.2178	credit_grad_agent_4:       0.2085	credit_grad_agent_5:       0.2209	credit_grad_agent_6:       0.1872
credit_grad_agent_7:       0.1475	credit_grad_agent_8:       0.1782	credit_grad_agent_9:       0.2319	credit_grad_cv:            0.2372
credit_grad_max:           0.3388	credit_grad_mean:          0.2264	credit_grad_median:        0.2191	credit_grad_min:           0.1185
credit_grad_near_zero_frac:  0.0000	credit_grad_negative_frac:  0.0000	credit_grad_p10:           0.1540	credit_grad_p90:           0.3220
credit_grad_std:           0.0537	credit_max_share:          0.1425	dead_allies_mean:          9.9238	dead_enemies_mean:         5.0113
ep_length_mean:           42.2196	epsilon:                   0.0500	grad_norm:                 0.5981	loss:                      0.0322
q_taken_mean:              0.2762	return_mean:               8.6123	return_std:                1.4976	target_mean:               0.2757
td_error_abs:              0.1318	test_battle_won_mean:      0.0000	test_dead_allies_mean:     9.8812	test_dead_enemies_mean:    5.7000
test_ep_length_mean:      51.1938	test_return_mean:          9.2545	test_return_std:           1.3529	
[INFO 12:32:22] my_main Updated target network
[INFO 12:34:46] my_main t_env: 220605 / 2050000
[INFO 12:34:46] my_main Estimated time left: 10 hours, 4 minutes, 38 seconds. Time passed: 1 hours, 49 minutes, 2 seconds
[INFO 12:35:11] my_main Recent Stats | t_env:     220605 | Episode:     6349
amco_input_q_weight_grad_norm:  0.0048	amco_input_q_weight_grad_rms:  0.0002	amco_input_state_to_q_grad_rms_ratio:  0.0312	amco_input_state_weight_grad_norm:  0.0004
amco_input_state_weight_grad_rms:  0.0000	amco_layer_0_activation_slope_mean:  0.4934	amco_layer_0_activation_slope_p10:  0.4545	amco_layer_0_nonpositive_frac:  0.5836
amco_layer_0_preactivation_mean: -0.0118	amco_layer_0_preactivation_std:  0.0648	amco_layer_1_activation_slope_mean:  0.5076	amco_layer_1_activation_slope_p10:  0.4625
amco_layer_1_nonpositive_frac:  0.5538	amco_layer_1_preactivation_mean:  0.0208	amco_layer_1_preactivation_std:  0.0739	amco_layer_2_activation_slope_mean:  0.5234
amco_layer_2_activation_slope_p10:  0.4432	amco_layer_2_nonpositive_frac:  0.5559	amco_layer_2_preactivation_mean:  0.0605	amco_layer_2_preactivation_std:  0.1385
amco_mixing_output_rms:    0.4899	amco_pre_activation_nonpositive_frac:  0.5644	amco_q_term_rms:           0.2212	amco_state_credit_delta:   0.0001
amco_state_credit_share_delta:  0.0001	amco_state_encoder_grad_norm:  0.0003	amco_state_encoder_grad_rms:  0.0000	amco_state_term_rms:       0.0176
amco_state_to_q_ratio:     0.0798	amco_state_value_rms:      3.0319	amco_v_to_m_ratio:         6.2377	battle_won_mean:           0.0007
credit_entropy:            0.9884	credit_grad_agent_0:       0.3153	credit_grad_agent_1:       0.3297	credit_grad_agent_2:       0.2377
credit_grad_agent_3:       0.2189	credit_grad_agent_4:       0.2089	credit_grad_agent_5:       0.2197	credit_grad_agent_6:       0.1927
credit_grad_agent_7:       0.1475	credit_grad_agent_8:       0.1825	credit_grad_agent_9:       0.2420	credit_grad_cv:            0.2384
credit_grad_max:           0.3468	credit_grad_mean:          0.2295	credit_grad_median:        0.2200	credit_grad_min:           0.1185
credit_grad_near_zero_frac:  0.0000	credit_grad_negative_frac:  0.0000	credit_grad_p10:           0.1541	credit_grad_p90:           0.3254
credit_grad_std:           0.0547	credit_max_share:          0.1437	dead_allies_mean:          9.9241	dead_enemies_mean:         5.1219
ep_length_mean:           46.2710	epsilon:                   0.0500	grad_norm:                 0.8929	loss:                      0.0356
q_taken_mean:              0.2745	return_mean:               8.8180	return_std:                1.5266	target_mean:               0.2761
td_error_abs:              0.1386	test_battle_won_mean:      0.0000	test_dead_allies_mean:     9.8625	test_dead_enemies_mean:    5.8688
test_ep_length_mean:      55.1500	test_return_mean:          9.5361	test_return_std:           1.3435	
[INFO 12:36:06] my_main Updated target network
DataHandler: unable to parse websocket frame.
CloseHandler: 127.0.0.1:40792 disconnected
[INFO 12:36:30] absl Shutdown gracefully.
[INFO 12:36:30] absl Shutdown with return code: -15
[INFO 12:36:30] absl Launching SC2: /data/workspace/wxr/pymarl-monotone-qmix/3rdparty/StarCraftII/Versions/Base75689/SC2_x64 -listen 127.0.0.1 -port 33621 -dataDir /data/workspace/wxr/pymarl-monotone-qmix/3rdparty/StarCraftII/ -tempDir /tmp/sc-hi88cor3/
[INFO 12:36:31] absl Connecting to: ws://127.0.0.1:33621/sc2api, attempt: 0, running: True
Version: B75689 (SC2.4.10)
Build: Aug 12 2019 17:16:57
Command Line: '"/data/workspace/wxr/pymarl-monotone-qmix/3rdparty/StarCraftII/Versions/Base75689/SC2_x64" -listen 127.0.0.1 -port 33621 -dataDir /data/workspace/wxr/pymarl-monotone-qmix/3rdparty/StarCraftII/ -tempDir /tmp/sc-hi88cor3/'
Starting up...
Startup Phase 1 complete
[INFO 12:36:32] absl Connecting to: ws://127.0.0.1:33621/sc2api, attempt: 1, running: True
Startup Phase 2 complete
Creating stub renderer...
Listening on: 127.0.0.1:33621
Startup Phase 3 complete. Ready for commands.
[INFO 12:36:33] absl Connecting to: ws://127.0.0.1:33621/sc2api, attempt: 2, running: True
ConnectHandler: Request from 127.0.0.1:47918 accepted
ReadyHandler: 127.0.0.1:47918 ready
Requesting to join a single player game
Configuring interface options
Configure: raw interface enabled
Configure: feature layer interface disabled
Configure: score interface disabled
Configure: render interface disabled
Launching next game.
Next launch phase started: 2
Next launch phase started: 3
Next launch phase started: 4
Next launch phase started: 5
Next launch phase started: 6
Next launch phase started: 7
Next launch phase started: 8
Game has started.
Using default stable ids, none found at: /data/workspace/wxr/pymarl-monotone-qmix/3rdparty/StarCraftII/stableid.json
Successfully loaded stable ids: GameData\stableid.json
Sending ResponseJoinGame
[INFO 12:38:17] my_main t_env: 230634 / 2050000
[INFO 12:38:17] my_main Estimated time left: 10 hours, 36 minutes, 16 seconds. Time passed: 1 hours, 52 minutes, 33 seconds
[INFO 12:38:42] my_main Recent Stats | t_env:     230634 | Episode:     6528
amco_input_q_weight_grad_norm:  0.0047	amco_input_q_weight_grad_rms:  0.0002	amco_input_state_to_q_grad_rms_ratio:  0.0239	amco_input_state_weight_grad_norm:  0.0003
amco_input_state_weight_grad_rms:  0.0000	amco_layer_0_activation_slope_mean:  0.4879	amco_layer_0_activation_slope_p10:  0.4493	amco_layer_0_nonpositive_frac:  0.6053
amco_layer_0_preactivation_mean: -0.0230	amco_layer_0_preactivation_std:  0.0641	amco_layer_1_activation_slope_mean:  0.5014	amco_layer_1_activation_slope_p10:  0.4561
amco_layer_1_nonpositive_frac:  0.5753	amco_layer_1_preactivation_mean:  0.0080	amco_layer_1_preactivation_std:  0.0740	amco_layer_2_activation_slope_mean:  0.5185
amco_layer_2_activation_slope_p10:  0.4386	amco_layer_2_nonpositive_frac:  0.5783	amco_layer_2_preactivation_mean:  0.0501	amco_layer_2_preactivation_std:  0.1387
amco_mixing_output_rms:    0.4837	amco_pre_activation_nonpositive_frac:  0.5863	amco_q_term_rms:           0.2180	amco_state_credit_delta:   0.0001
amco_state_credit_share_delta:  0.0001	amco_state_encoder_grad_norm:  0.0003	amco_state_encoder_grad_rms:  0.0000	amco_state_term_rms:       0.0176
amco_state_to_q_ratio:     0.0806	amco_state_value_rms:      3.1159	amco_v_to_m_ratio:         6.4660	battle_won_mean:           0.0000
credit_entropy:            0.9879	credit_grad_agent_0:       0.3181	credit_grad_agent_1:       0.3395	credit_grad_agent_2:       0.2398
credit_grad_agent_3:       0.2203	credit_grad_agent_4:       0.2102	credit_grad_agent_5:       0.2201	credit_grad_agent_6:       0.1965
credit_grad_agent_7:       0.1478	credit_grad_agent_8:       0.1839	credit_grad_agent_9:       0.2529	credit_grad_cv:            0.2435
credit_grad_max:           0.3573	credit_grad_mean:          0.2329	credit_grad_median:        0.2210	credit_grad_min:           0.1188
credit_grad_near_zero_frac:  0.0000	credit_grad_negative_frac:  0.0000	credit_grad_p10:           0.1545	credit_grad_p90:           0.3296
credit_grad_std:           0.0568	credit_max_share:          0.1457	dead_allies_mean:          9.9041	dead_enemies_mean:         5.2003
ep_length_mean:           49.9515	epsilon:                   0.0500	grad_norm:                 0.8460	loss:                      0.0364
q_taken_mean:              0.2772	return_mean:               8.9235	return_std:                1.4870	target_mean:               0.2793
td_error_abs:              0.1393	test_battle_won_mean:      0.0000	test_dead_allies_mean:     9.8438	test_dead_enemies_mean:    5.8563
test_ep_length_mean:      58.4813	test_return_mean:          9.4996	test_return_std:           1.3399	
[INFO 12:39:56] my_main Updated target network
[INFO 12:41:44] my_main t_env: 240668 / 2050000
[INFO 12:41:44] my_main Estimated time left: 10 hours, 21 minutes, 47 seconds. Time passed: 1 hours, 55 minutes, 59 seconds
[INFO 12:42:05] my_main Recent Stats | t_env:     240668 | Episode:     6706
amco_input_q_weight_grad_norm:  0.0052	amco_input_q_weight_grad_rms:  0.0002	amco_input_state_to_q_grad_rms_ratio:  0.0185	amco_input_state_weight_grad_norm:  0.0003
amco_input_state_weight_grad_rms:  0.0000	amco_layer_0_activation_slope_mean:  0.4871	amco_layer_0_activation_slope_p10:  0.4479	amco_layer_0_nonpositive_frac:  0.6111
amco_layer_0_preactivation_mean: -0.0243	amco_layer_0_preactivation_std:  0.0652	amco_layer_1_activation_slope_mean:  0.5010	amco_layer_1_activation_slope_p10:  0.4549
amco_layer_1_nonpositive_frac:  0.5823	amco_layer_1_preactivation_mean:  0.0082	amco_layer_1_preactivation_std:  0.0761	amco_layer_2_activation_slope_mean:  0.5186
amco_layer_2_activation_slope_p10:  0.4357	amco_layer_2_nonpositive_frac:  0.5867	amco_layer_2_preactivation_mean:  0.0529	amco_layer_2_preactivation_std:  0.1463
amco_mixing_output_rms:    0.5080	amco_pre_activation_nonpositive_frac:  0.5934	amco_q_term_rms:           0.2231	amco_state_credit_delta:   0.0002
amco_state_credit_share_delta:  0.0001	amco_state_encoder_grad_norm:  0.0003	amco_state_encoder_grad_rms:  0.0000	amco_state_term_rms:       0.0175
amco_state_to_q_ratio:     0.0786	amco_state_value_rms:      3.2636	amco_v_to_m_ratio:         6.4736	battle_won_mean:           0.0000
credit_entropy:            0.9871	credit_grad_agent_0:       0.3242	credit_grad_agent_1:       0.3538	credit_grad_agent_2:       0.2463
credit_grad_agent_3:       0.2242	credit_grad_agent_4:       0.2124	credit_grad_agent_5:       0.2228	credit_grad_agent_6:       0.2023
credit_grad_agent_7:       0.1495	credit_grad_agent_8:       0.1870	credit_grad_agent_9:       0.2673	credit_grad_cv:            0.2507
credit_grad_max:           0.3739	credit_grad_mean:          0.2390	credit_grad_median:        0.2245	credit_grad_min:           0.1205
credit_grad_near_zero_frac:  0.0000	credit_grad_negative_frac:  0.0000	credit_grad_p10:           0.1569	credit_grad_p90:           0.3381
credit_grad_std:           0.0600	credit_max_share:          0.1479	dead_allies_mean:          9.8844	dead_enemies_mean:         5.1743
ep_length_mean:           53.4512	epsilon:                   0.0500	grad_norm:                 0.8045	loss:                      0.0382
q_taken_mean:              0.2905	return_mean:               8.9256	return_std:                1.5047	target_mean:               0.2931
td_error_abs:              0.1422	test_battle_won_mean:      0.0000	test_dead_allies_mean:     9.8438	test_dead_enemies_mean:    5.6875
test_ep_length_mean:      60.1938	test_return_mean:          9.3702	test_return_std:           1.2152	
[INFO 12:43:41] my_main Updated target network
[INFO 12:44:58] my_main t_env: 250711 / 2050000
[INFO 12:44:58] my_main Estimated time left: 9 hours, 40 minutes, 23 seconds. Time passed: 1 hours, 59 minutes, 14 seconds
[INFO 12:45:27] my_main Recent Stats | t_env:     250711 | Episode:     6873
amco_input_q_weight_grad_norm:  0.0042	amco_input_q_weight_grad_rms:  0.0001	amco_input_state_to_q_grad_rms_ratio:  0.0207	amco_input_state_weight_grad_norm:  0.0003
amco_input_state_weight_grad_rms:  0.0000	amco_layer_0_activation_slope_mean:  0.4824	amco_layer_0_activation_slope_p10:  0.4433	amco_layer_0_nonpositive_frac:  0.6334
amco_layer_0_preactivation_mean: -0.0339	amco_layer_0_preactivation_std:  0.0649	amco_layer_1_activation_slope_mean:  0.4957	amco_layer_1_activation_slope_p10:  0.4493
amco_layer_1_nonpositive_frac:  0.6053	amco_layer_1_preactivation_mean: -0.0026	amco_layer_1_preactivation_std:  0.0764	amco_layer_2_activation_slope_mean:  0.5146
amco_layer_2_activation_slope_p10:  0.4321	amco_layer_2_nonpositive_frac:  0.6110	amco_layer_2_preactivation_mean:  0.0447	amco_layer_2_preactivation_std:  0.1463
amco_mixing_output_rms:    0.5033	amco_pre_activation_nonpositive_frac:  0.6166	amco_q_term_rms:           0.2221	amco_state_credit_delta:   0.0002
amco_state_credit_share_delta:  0.0001	amco_state_encoder_grad_norm:  0.0002	amco_state_encoder_grad_rms:  0.0000	amco_state_term_rms:       0.0175
amco_state_to_q_ratio:     0.0789	amco_state_value_rms:      3.3266	amco_v_to_m_ratio:         6.6633	battle_won_mean:           0.0000
credit_entropy:            0.9864	credit_grad_agent_0:       0.3248	credit_grad_agent_1:       0.3615	credit_grad_agent_2:       0.2490
credit_grad_agent_3:       0.2238	credit_grad_agent_4:       0.2102	credit_grad_agent_5:       0.2226	credit_grad_agent_6:       0.2030
credit_grad_agent_7:       0.1494	credit_grad_agent_8:       0.1874	credit_grad_agent_9:       0.2782	credit_grad_cv:            0.2575
credit_grad_max:           0.3834	credit_grad_mean:          0.2410	credit_grad_median:        0.2237	credit_grad_min:           0.1207
credit_grad_near_zero_frac:  0.0000	credit_grad_negative_frac:  0.0000	credit_grad_p10:           0.1571	credit_grad_p90:           0.3403
credit_grad_std:           0.0622	credit_max_share:          0.1499	dead_allies_mean:          9.8722	dead_enemies_mean:         5.1146
ep_length_mean:           56.1853	epsilon:                   0.0500	grad_norm:                 0.6931	loss:                      0.0374
q_taken_mean:              0.2907	return_mean:               8.8818	return_std:                1.4977	target_mean:               0.2942
td_error_abs:              0.1386	test_battle_won_mean:      0.0000	test_dead_allies_mean:     9.8063	test_dead_enemies_mean:    5.5062
test_ep_length_mean:      64.3750	test_return_mean:          9.3390	test_return_std:           1.2750	
[INFO 12:47:42] my_main Updated target network
[INFO 12:48:10] my_main t_env: 260738 / 2050000
[INFO 12:48:10] my_main Estimated time left: 9 hours, 32 minutes, 7 seconds. Time passed: 2 hours, 2 minutes, 26 seconds
[INFO 12:48:33] my_main Recent Stats | t_env:     260738 | Episode:     7029
amco_input_q_weight_grad_norm:  0.0046	amco_input_q_weight_grad_rms:  0.0001	amco_input_state_to_q_grad_rms_ratio:  0.0169	amco_input_state_weight_grad_norm:  0.0002
amco_input_state_weight_grad_rms:  0.0000	amco_layer_0_activation_slope_mean:  0.4810	amco_layer_0_activation_slope_p10:  0.4420	amco_layer_0_nonpositive_frac:  0.6406
amco_layer_0_preactivation_mean: -0.0367	amco_layer_0_preactivation_std:  0.0650	amco_layer_1_activation_slope_mean:  0.4943	amco_layer_1_activation_slope_p10:  0.4476
amco_layer_1_nonpositive_frac:  0.6122	amco_layer_1_preactivation_mean: -0.0052	amco_layer_1_preactivation_std:  0.0772	amco_layer_2_activation_slope_mean:  0.5143
amco_layer_2_activation_slope_p10:  0.4316	amco_layer_2_nonpositive_frac:  0.6154	amco_layer_2_preactivation_mean:  0.0445	amco_layer_2_preactivation_std:  0.1478
amco_mixing_output_rms:    0.5103	amco_pre_activation_nonpositive_frac:  0.6228	amco_q_term_rms:           0.2225	amco_state_credit_delta:   0.0002
amco_state_credit_share_delta:  0.0001	amco_state_encoder_grad_norm:  0.0002	amco_state_encoder_grad_rms:  0.0000	amco_state_term_rms:       0.0174
amco_state_to_q_ratio:     0.0786	amco_state_value_rms:      3.4313	amco_v_to_m_ratio:         6.7736	battle_won_mean:           0.0000
credit_entropy:            0.9855	credit_grad_agent_0:       0.3263	credit_grad_agent_1:       0.3720	credit_grad_agent_2:       0.2515
credit_grad_agent_3:       0.2231	credit_grad_agent_4:       0.2093	credit_grad_agent_5:       0.2236	credit_grad_agent_6:       0.2050
credit_grad_agent_7:       0.1511	credit_grad_agent_8:       0.1869	credit_grad_agent_9:       0.2900	credit_grad_cv:            0.2664
credit_grad_max:           0.3960	credit_grad_mean:          0.2439	credit_grad_median:        0.2239	credit_grad_min:           0.1234
credit_grad_near_zero_frac:  0.0000	credit_grad_negative_frac:  0.0000	credit_grad_p10:           0.1592	credit_grad_p90:           0.3434
credit_grad_std:           0.0651	credit_max_share:          0.1525	dead_allies_mean:          9.8568	dead_enemies_mean:         4.9978
ep_length_mean:           58.5202	epsilon:                   0.0500	grad_norm:                 0.5562	loss:                      0.0361
q_taken_mean:              0.2986	return_mean:               8.8060	return_std:                1.4829	target_mean:               0.3012
td_error_abs:              0.1345	test_battle_won_mean:      0.0000	test_dead_allies_mean:     9.7875	test_dead_enemies_mean:    5.3937
test_ep_length_mean:      67.4062	test_return_mean:          9.2523	test_return_std:           1.2836	
[INFO 12:51:23] my_main Updated target network
[INFO 12:51:31] my_main t_env: 270742 / 2050000
[INFO 12:51:31] my_main Estimated time left: 9 hours, 53 minutes, 48 seconds. Time passed: 2 hours, 5 minutes, 47 seconds
[INFO 12:51:52] my_main Recent Stats | t_env:     270742 | Episode:     7209
amco_input_q_weight_grad_norm:  0.0058	amco_input_q_weight_grad_rms:  0.0002	amco_input_state_to_q_grad_rms_ratio:  0.0164	amco_input_state_weight_grad_norm:  0.0003
amco_input_state_weight_grad_rms:  0.0000	amco_layer_0_activation_slope_mean:  0.4798	amco_layer_0_activation_slope_p10:  0.4408	amco_layer_0_nonpositive_frac:  0.6421
amco_layer_0_preactivation_mean: -0.0394	amco_layer_0_preactivation_std:  0.0648	amco_layer_1_activation_slope_mean:  0.4930	amco_layer_1_activation_slope_p10:  0.4460
amco_layer_1_nonpositive_frac:  0.6142	amco_layer_1_preactivation_mean: -0.0081	amco_layer_1_preactivation_std:  0.0773	amco_layer_2_activation_slope_mean:  0.5144
amco_layer_2_activation_slope_p10:  0.4323	amco_layer_2_nonpositive_frac:  0.6160	amco_layer_2_preactivation_mean:  0.0441	amco_layer_2_preactivation_std:  0.1470
amco_mixing_output_rms:    0.5053	amco_pre_activation_nonpositive_frac:  0.6241	amco_q_term_rms:           0.2193	amco_state_credit_delta:   0.0002
amco_state_credit_share_delta:  0.0001	amco_state_encoder_grad_norm:  0.0003	amco_state_encoder_grad_rms:  0.0000	amco_state_term_rms:       0.0174
amco_state_to_q_ratio:     0.0797	amco_state_value_rms:      3.5322	amco_v_to_m_ratio:         7.1064	battle_won_mean:           0.0000
credit_entropy:            0.9844	credit_grad_agent_0:       0.3265	credit_grad_agent_1:       0.3794	credit_grad_agent_2:       0.2528
credit_grad_agent_3:       0.2207	credit_grad_agent_4:       0.2090	credit_grad_agent_5:       0.2241	credit_grad_agent_6:       0.2041
credit_grad_agent_7:       0.1518	credit_grad_agent_8:       0.1834	credit_grad_agent_9:       0.3004	credit_grad_cv:            0.2770
credit_grad_max:           0.4060	credit_grad_mean:          0.2452	credit_grad_median:        0.2236	credit_grad_min:           0.1262
credit_grad_near_zero_frac:  0.0000	credit_grad_negative_frac:  0.0000	credit_grad_p10:           0.1602	credit_grad_p90:           0.3454
credit_grad_std:           0.0679	credit_max_share:          0.1548	dead_allies_mean:          9.8623	dead_enemies_mean:         4.9322
ep_length_mean:           58.4780	epsilon:                   0.0500	grad_norm:                 0.7004	loss:                      0.0392
q_taken_mean:              0.3076	return_mean:               8.7342	return_std:                1.4416	target_mean:               0.3107
td_error_abs:              0.1404	test_battle_won_mean:      0.0000	test_dead_allies_mean:     9.8063	test_dead_enemies_mean:    5.1875
test_ep_length_mean:      65.7562	test_return_mean:          9.0703	test_return_std:           1.2584	
RequestQuit command received.
Closing Application...
DataHandler: unable to parse websocket frame.
CloseHandler: 127.0.0.1:47918 disconnected
ResponseThread: No connection, dropping the response.
[INFO 12:54:11] absl Shutdown gracefully.
[INFO 12:54:11] absl Shutdown with return code: -15
[INFO 12:54:11] absl Launching SC2: /data/workspace/wxr/pymarl-monotone-qmix/3rdparty/StarCraftII/Versions/Base75689/SC2_x64 -listen 127.0.0.1 -port 41065 -dataDir /data/workspace/wxr/pymarl-monotone-qmix/3rdparty/StarCraftII/ -tempDir /tmp/sc-jr0oa01v/
Version: B75689 (SC2.4.10)
Build: Aug 12 2019 17:16:57
Command Line: '"/data/workspace/wxr/pymarl-monotone-qmix/3rdparty/StarCraftII/Versions/Base75689/SC2_x64" -listen 127.0.0.1 -port 41065 -dataDir /data/workspace/wxr/pymarl-monotone-qmix/3rdparty/StarCraftII/ -tempDir /tmp/sc-jr0oa01v/'
[INFO 12:54:12] absl Connecting to: ws://127.0.0.1:41065/sc2api, attempt: 0, running: True
Starting up...
Startup Phase 1 complete
[INFO 12:54:13] absl Connecting to: ws://127.0.0.1:41065/sc2api, attempt: 1, running: True
Startup Phase 2 complete
Creating stub renderer...
Listening on: 127.0.0.1:41065
Startup Phase 3 complete. Ready for commands.
[INFO 12:54:14] absl Connecting to: ws://127.0.0.1:41065/sc2api, attempt: 2, running: True
ConnectHandler: Request from 127.0.0.1:43264 accepted
ReadyHandler: 127.0.0.1:43264 ready
Requesting to join a single player game
Configuring interface options
Configure: raw interface enabled
Configure: feature layer interface disabled
Configure: score interface disabled
Configure: render interface disabled
Launching next game.
Next launch phase started: 2
Next launch phase started: 3
Next launch phase started: 4
Next launch phase started: 5
Next launch phase started: 6
Next launch phase started: 7
Next launch phase started: 8
Game has started.
Using default stable ids, none found at: /data/workspace/wxr/pymarl-monotone-qmix/3rdparty/StarCraftII/stableid.json
Successfully loaded stable ids: GameData\stableid.json
Sending ResponseJoinGame
[INFO 12:54:38] my_main t_env: 280758 / 2050000
[INFO 12:54:38] my_main Estimated time left: 9 hours, 12 minutes, 12 seconds. Time passed: 2 hours, 8 minutes, 54 seconds
[INFO 12:55:06] my_main Recent Stats | t_env:     280758 | Episode:     7351
amco_input_q_weight_grad_norm:  0.0061	amco_input_q_weight_grad_rms:  0.0002	amco_input_state_to_q_grad_rms_ratio:  0.0161	amco_input_state_weight_grad_norm:  0.0003
amco_input_state_weight_grad_rms:  0.0000	amco_layer_0_activation_slope_mean:  0.4756	amco_layer_0_activation_slope_p10:  0.4369	amco_layer_0_nonpositive_frac:  0.6554
amco_layer_0_preactivation_mean: -0.0482	amco_layer_0_preactivation_std:  0.0643	amco_layer_1_activation_slope_mean:  0.4886	amco_layer_1_activation_slope_p10:  0.4415
amco_layer_1_nonpositive_frac:  0.6255	amco_layer_1_preactivation_mean: -0.0180	amco_layer_1_preactivation_std:  0.0769	amco_layer_2_activation_slope_mean:  0.5118
amco_layer_2_activation_slope_p10:  0.4317	amco_layer_2_nonpositive_frac:  0.6191	amco_layer_2_preactivation_mean:  0.0368	amco_layer_2_preactivation_std:  0.1434
amco_mixing_output_rms:    0.4872	amco_pre_activation_nonpositive_frac:  0.6333	amco_q_term_rms:           0.2159	amco_state_credit_delta:   0.0002
amco_state_credit_share_delta:  0.0001	amco_state_encoder_grad_norm:  0.0003	amco_state_encoder_grad_rms:  0.0000	amco_state_term_rms:       0.0174
amco_state_to_q_ratio:     0.0810	amco_state_value_rms:      3.5747	amco_v_to_m_ratio:         7.4821	battle_won_mean:           0.0000
credit_entropy:            0.9832	credit_grad_agent_0:       0.3206	credit_grad_agent_1:       0.3812	credit_grad_agent_2:       0.2487
credit_grad_agent_3:       0.2147	credit_grad_agent_4:       0.2052	credit_grad_agent_5:       0.2203	credit_grad_agent_6:       0.1999
credit_grad_agent_7:       0.1502	credit_grad_agent_8:       0.1775	credit_grad_agent_9:       0.3063	credit_grad_cv:            0.2881
credit_grad_max:           0.4101	credit_grad_mean:          0.2425	credit_grad_median:        0.2198	credit_grad_min:           0.1258
credit_grad_near_zero_frac:  0.0000	credit_grad_negative_frac:  0.0000	credit_grad_p10:           0.1585	credit_grad_p90:           0.3443
credit_grad_std:           0.0697	credit_max_share:          0.1573	dead_allies_mean:          9.8409	dead_enemies_mean:         4.8281
ep_length_mean:           61.3794	epsilon:                   0.0500	grad_norm:                 0.7463	loss:                      0.0379
q_taken_mean:              0.3072	return_mean:               8.6919	return_std:                1.4255	target_mean:               0.3105
td_error_abs:              0.1376	test_battle_won_mean:      0.0000	test_dead_allies_mean:     9.7937	test_dead_enemies_mean:    5.1875
test_ep_length_mean:      67.1437	test_return_mean:          9.0421	test_return_std:           1.1989	
[INFO 12:56:07] my_main Updated target network
[INFO 12:57:56] my_main t_env: 290789 / 2050000
[INFO 12:57:56] my_main Estimated time left: 9 hours, 36 minutes, 39 seconds. Time passed: 2 hours, 12 minutes, 11 seconds
[INFO 12:58:22] my_main Recent Stats | t_env:     290789 | Episode:     7503
amco_input_q_weight_grad_norm:  0.0058	amco_input_q_weight_grad_rms:  0.0002	amco_input_state_to_q_grad_rms_ratio:  0.0202	amco_input_state_weight_grad_norm:  0.0003
amco_input_state_weight_grad_rms:  0.0000	amco_layer_0_activation_slope_mean:  0.4647	amco_layer_0_activation_slope_p10:  0.4264	amco_layer_0_nonpositive_frac:  0.6919
amco_layer_0_preactivation_mean: -0.0713	amco_layer_0_preactivation_std:  0.0633	amco_layer_1_activation_slope_mean:  0.4760	amco_layer_1_activation_slope_p10:  0.4288
amco_layer_1_nonpositive_frac:  0.6634	amco_layer_1_preactivation_mean: -0.0457	amco_layer_1_preactivation_std:  0.0757	amco_layer_2_activation_slope_mean:  0.5020
amco_layer_2_activation_slope_p10:  0.4253	amco_layer_2_nonpositive_frac:  0.6489	amco_layer_2_preactivation_mean:  0.0129	amco_layer_2_preactivation_std:  0.1362
amco_mixing_output_rms:    0.4495	amco_pre_activation_nonpositive_frac:  0.6681	amco_q_term_rms:           0.2119	amco_state_credit_delta:   0.0002
amco_state_credit_share_delta:  0.0001	amco_state_encoder_grad_norm:  0.0003	amco_state_encoder_grad_rms:  0.0000	amco_state_term_rms:       0.0174
amco_state_to_q_ratio:     0.0823	amco_state_value_rms:      3.4854	amco_v_to_m_ratio:         7.7896	battle_won_mean:           0.0013
credit_entropy:            0.9823	credit_grad_agent_0:       0.3135	credit_grad_agent_1:       0.3799	credit_grad_agent_2:       0.2417
credit_grad_agent_3:       0.2064	credit_grad_agent_4:       0.2022	credit_grad_agent_5:       0.2162	credit_grad_agent_6:       0.1948
credit_grad_agent_7:       0.1493	credit_grad_agent_8:       0.1722	credit_grad_agent_9:       0.3107	credit_grad_cv:            0.2972
credit_grad_max:           0.4130	credit_grad_mean:          0.2387	credit_grad_median:        0.2150	credit_grad_min:           0.1257
credit_grad_near_zero_frac:  0.0000	credit_grad_negative_frac:  0.0000	credit_grad_p10:           0.1569	credit_grad_p90:           0.3431
credit_grad_std:           0.0709	credit_max_share:          0.1592	dead_allies_mean:          9.8260	dead_enemies_mean:         4.8534
ep_length_mean:           63.3040	epsilon:                   0.0500	grad_norm:                 0.8657	loss:                      0.0355
q_taken_mean:              0.2868	return_mean:               8.7465	return_std:                1.4283	target_mean:               0.2893
td_error_abs:              0.1311	test_battle_won_mean:      0.0063	test_dead_allies_mean:     9.7562	test_dead_enemies_mean:    5.3312
test_ep_length_mean:      70.0187	test_return_mean:          9.1861	test_return_std:           1.4052	
[INFO 13:00:07] my_main Updated target network
[INFO 13:01:18] my_main t_env: 300822 / 2050000
[INFO 13:01:18] my_main Estimated time left: 9 hours, 48 minutes, 32 seconds. Time passed: 2 hours, 15 minutes, 34 seconds
[INFO 13:01:40] my_main Recent Stats | t_env:     300822 | Episode:     7668
amco_input_q_weight_grad_norm:  0.0060	amco_input_q_weight_grad_rms:  0.0002	amco_input_state_to_q_grad_rms_ratio:  0.0192	amco_input_state_weight_grad_norm:  0.0003
amco_input_state_weight_grad_rms:  0.0000	amco_layer_0_activation_slope_mean:  0.4659	amco_layer_0_activation_slope_p10:  0.4277	amco_layer_0_nonpositive_frac:  0.6840
amco_layer_0_preactivation_mean: -0.0688	amco_layer_0_preactivation_std:  0.0631	amco_layer_1_activation_slope_mean:  0.4776	amco_layer_1_activation_slope_p10:  0.4301
amco_layer_1_nonpositive_frac:  0.6549	amco_layer_1_preactivation_mean: -0.0424	amco_layer_1_preactivation_std:  0.0765	amco_layer_2_activation_slope_mean:  0.5042
amco_layer_2_activation_slope_p10:  0.4268	amco_layer_2_nonpositive_frac:  0.6349	amco_layer_2_preactivation_mean:  0.0173	amco_layer_2_preactivation_std:  0.1383
amco_mixing_output_rms:    0.4572	amco_pre_activation_nonpositive_frac:  0.6579	amco_q_term_rms:           0.2104	amco_state_credit_delta:   0.0002
amco_state_credit_share_delta:  0.0001	amco_state_encoder_grad_norm:  0.0003	amco_state_encoder_grad_rms:  0.0000	amco_state_term_rms:       0.0174
amco_state_to_q_ratio:     0.0826	amco_state_value_rms:      3.6176	amco_v_to_m_ratio:         7.9396	battle_won_mean:           0.0013
credit_entropy:            0.9815	credit_grad_agent_0:       0.3125	credit_grad_agent_1:       0.3881	credit_grad_agent_2:       0.2399
credit_grad_agent_3:       0.2046	credit_grad_agent_4:       0.2044	credit_grad_agent_5:       0.2184	credit_grad_agent_6:       0.1948
credit_grad_agent_7:       0.1529	credit_grad_agent_8:       0.1696	credit_grad_agent_9:       0.3236	credit_grad_cv:            0.3061
credit_grad_max:           0.4239	credit_grad_mean:          0.2409	credit_grad_median:        0.2161	credit_grad_min:           0.1289
credit_grad_near_zero_frac:  0.0000	credit_grad_negative_frac:  0.0000	credit_grad_p10:           0.1595	credit_grad_p90:           0.3521
credit_grad_std:           0.0737	credit_max_share:          0.1611	dead_allies_mean:          9.8232	dead_enemies_mean:         4.9719
ep_length_mean:           63.4376	epsilon:                   0.0500	grad_norm:                 0.8721	loss:                      0.0365
q_taken_mean:              0.3020	return_mean:               8.8081	return_std:                1.3780	target_mean:               0.3046
td_error_abs:              0.1348	test_battle_won_mean:      0.0063	test_dead_allies_mean:     9.8063	test_dead_enemies_mean:    5.5062
test_ep_length_mean:      64.7812	test_return_mean:          9.2501	test_return_std:           1.3521	
[INFO 13:04:12] my_main Updated target network
[INFO 13:04:24] my_main t_env: 310841 / 2050000
[INFO 13:04:24] my_main Estimated time left: 8 hours, 57 minutes, 6 seconds. Time passed: 2 hours, 18 minutes, 40 seconds
[INFO 13:04:54] my_main Recent Stats | t_env:     310841 | Episode:     7812
amco_input_q_weight_grad_norm:  0.0053	amco_input_q_weight_grad_rms:  0.0002	amco_input_state_to_q_grad_rms_ratio:  0.0207	amco_input_state_weight_grad_norm:  0.0003
amco_input_state_weight_grad_rms:  0.0000	amco_layer_0_activation_slope_mean:  0.4640	amco_layer_0_activation_slope_p10:  0.4255	amco_layer_0_nonpositive_frac:  0.6901
amco_layer_0_preactivation_mean: -0.0728	amco_layer_0_preactivation_std:  0.0635	amco_layer_1_activation_slope_mean:  0.4756	amco_layer_1_activation_slope_p10:  0.4277
amco_layer_1_nonpositive_frac:  0.6627	amco_layer_1_preactivation_mean: -0.0468	amco_layer_1_preactivation_std:  0.0772	amco_layer_2_activation_slope_mean:  0.5030
amco_layer_2_activation_slope_p10:  0.4250	amco_layer_2_nonpositive_frac:  0.6385	amco_layer_2_preactivation_mean:  0.0144	amco_layer_2_preactivation_std:  0.1401
amco_mixing_output_rms:    0.4592	amco_pre_activation_nonpositive_frac:  0.6637	amco_q_term_rms:           0.2102	amco_state_credit_delta:   0.0002
amco_state_credit_share_delta:  0.0001	amco_state_encoder_grad_norm:  0.0003	amco_state_encoder_grad_rms:  0.0000	amco_state_term_rms:       0.0173
amco_state_to_q_ratio:     0.0825	amco_state_value_rms:      3.6095	amco_v_to_m_ratio:         7.8935	battle_won_mean:           0.0013
credit_entropy:            0.9809	credit_grad_agent_0:       0.3122	credit_grad_agent_1:       0.3926	credit_grad_agent_2:       0.2400
credit_grad_agent_3:       0.2039	credit_grad_agent_4:       0.2084	credit_grad_agent_5:       0.2204	credit_grad_agent_6:       0.1945
credit_grad_agent_7:       0.1562	credit_grad_agent_8:       0.1694	credit_grad_agent_9:       0.3375	credit_grad_cv:            0.3120
credit_grad_max:           0.4325	credit_grad_mean:          0.2435	credit_grad_median:        0.2178	credit_grad_min:           0.1305
credit_grad_near_zero_frac:  0.0000	credit_grad_negative_frac:  0.0000	credit_grad_p10:           0.1620	credit_grad_p90:           0.3630
credit_grad_std:           0.0760	credit_max_share:          0.1612	dead_allies_mean:          9.8136	dead_enemies_mean:         5.1161
ep_length_mean:           64.4978	epsilon:                   0.0500	grad_norm:                 0.9159	loss:                      0.0360
q_taken_mean:              0.2963	return_mean:               8.8824	return_std:                1.3821	target_mean:               0.2971
td_error_abs:              0.1313	test_battle_won_mean:      0.0063	test_dead_allies_mean:     9.7875	test_dead_enemies_mean:    5.7625
test_ep_length_mean:      68.1562	test_return_mean:          9.5196	test_return_std:           1.3742	
[INFO 13:07:56] my_main t_env: 320868 / 2050000
[INFO 13:07:56] my_main Estimated time left: 10 hours, 10 minutes, 19 seconds. Time passed: 2 hours, 22 minutes, 12 seconds
[INFO 13:08:23] my_main Recent Stats | t_env:     320868 | Episode:     7977
amco_input_q_weight_grad_norm:  0.0052	amco_input_q_weight_grad_rms:  0.0002	amco_input_state_to_q_grad_rms_ratio:  0.0189	amco_input_state_weight_grad_norm:  0.0003
amco_input_state_weight_grad_rms:  0.0000	amco_layer_0_activation_slope_mean:  0.4654	amco_layer_0_activation_slope_p10:  0.4267	amco_layer_0_nonpositive_frac:  0.6857
amco_layer_0_preactivation_mean: -0.0700	amco_layer_0_preactivation_std:  0.0637	amco_layer_1_activation_slope_mean:  0.4773	amco_layer_1_activation_slope_p10:  0.4290
amco_layer_1_nonpositive_frac:  0.6590	amco_layer_1_preactivation_mean: -0.0432	amco_layer_1_preactivation_std:  0.0781	amco_layer_2_activation_slope_mean:  0.5048
amco_layer_2_activation_slope_p10:  0.4256	amco_layer_2_nonpositive_frac:  0.6248	amco_layer_2_preactivation_mean:  0.0185	amco_layer_2_preactivation_std:  0.1430
amco_mixing_output_rms:    0.4694	amco_pre_activation_nonpositive_frac:  0.6565	amco_q_term_rms:           0.2095	amco_state_credit_delta:   0.0002
amco_state_credit_share_delta:  0.0001	amco_state_encoder_grad_norm:  0.0002	amco_state_encoder_grad_rms:  0.0000	amco_state_term_rms:       0.0173
amco_state_to_q_ratio:     0.0827	amco_state_value_rms:      3.6457	amco_v_to_m_ratio:         7.7804	battle_won_mean:           0.0013
credit_entropy:            0.9802	credit_grad_agent_0:       0.3111	credit_grad_agent_1:       0.4011	credit_grad_agent_2:       0.2403
credit_grad_agent_3:       0.2043	credit_grad_agent_4:       0.2113	credit_grad_agent_5:       0.2235	credit_grad_agent_6:       0.1968
credit_grad_agent_7:       0.1600	credit_grad_agent_8:       0.1702	credit_grad_agent_9:       0.3518	credit_grad_cv:            0.3186
credit_grad_max:           0.4434	credit_grad_mean:          0.2470	credit_grad_median:        0.2199	credit_grad_min:           0.1315
credit_grad_near_zero_frac:  0.0000	credit_grad_negative_frac:  0.0000	credit_grad_p10:           0.1645	credit_grad_p90:           0.3764
credit_grad_std:           0.0788	credit_max_share:          0.1623	dead_allies_mean:          9.8044	dead_enemies_mean:         5.2092
ep_length_mean:           65.5362	epsilon:                   0.0500	grad_norm:                 0.8094	loss:                      0.0340
q_taken_mean:              0.2987	return_mean:               8.9787	return_std:                1.3882	target_mean:               0.2988
td_error_abs:              0.1266	test_battle_won_mean:      0.0063	test_dead_allies_mean:     9.7625	test_dead_enemies_mean:    6.0125
test_ep_length_mean:      72.2375	test_return_mean:          9.7360	test_return_std:           1.4722	
[INFO 13:08:53] my_main Updated target network
[INFO 13:11:11] my_main t_env: 331047 / 2050000
[INFO 13:11:11] my_main Estimated time left: 9 hours, 9 minutes, 16 seconds. Time passed: 2 hours, 25 minutes, 27 seconds
RequestQuit command received.
Closing Application...
DataHandler: unable to parse websocket frame.
CloseHandler: 127.0.0.1:43264 disconnected
[INFO 13:11:37] absl Shutdown gracefully.
[INFO 13:11:37] absl Shutdown with return code: -15
[INFO 13:11:37] absl Launching SC2: /data/workspace/wxr/pymarl-monotone-qmix/3rdparty/StarCraftII/Versions/Base75689/SC2_x64 -listen 127.0.0.1 -port 32847 -dataDir /data/workspace/wxr/pymarl-monotone-qmix/3rdparty/StarCraftII/ -tempDir /tmp/sc-wr7aohn0/
[INFO 13:11:38] absl Connecting to: ws://127.0.0.1:32847/sc2api, attempt: 0, running: True
Version: B75689 (SC2.4.10)
Build: Aug 12 2019 17:16:57
Command Line: '"/data/workspace/wxr/pymarl-monotone-qmix/3rdparty/StarCraftII/Versions/Base75689/SC2_x64" -listen 127.0.0.1 -port 32847 -dataDir /data/workspace/wxr/pymarl-monotone-qmix/3rdparty/StarCraftII/ -tempDir /tmp/sc-wr7aohn0/'
Starting up...
Startup Phase 1 complete
[INFO 13:11:39] absl Connecting to: ws://127.0.0.1:32847/sc2api, attempt: 1, running: True
Startup Phase 2 complete
Creating stub renderer...
Listening on: 127.0.0.1:32847
Startup Phase 3 complete. Ready for commands.
[INFO 13:11:40] absl Connecting to: ws://127.0.0.1:32847/sc2api, attempt: 2, running: True
ConnectHandler: Request from 127.0.0.1:33840 accepted
ReadyHandler: 127.0.0.1:33840 ready
Requesting to join a single player game
Configuring interface options
Configure: raw interface enabled
Configure: feature layer interface disabled
Configure: score interface disabled
Configure: render interface disabled
Launching next game.
Next launch phase started: 2
Next launch phase started: 3
Next launch phase started: 4
Next launch phase started: 5
Next launch phase started: 6
Next launch phase started: 7
Next launch phase started: 8
Game has started.
Using default stable ids, none found at: /data/workspace/wxr/pymarl-monotone-qmix/3rdparty/StarCraftII/stableid.json
Successfully loaded stable ids: GameData\stableid.json
Sending ResponseJoinGame
[INFO 13:11:45] my_main Recent Stats | t_env:     331047 | Episode:     8116
amco_input_q_weight_grad_norm:  0.0069	amco_input_q_weight_grad_rms:  0.0002	amco_input_state_to_q_grad_rms_ratio:  0.0186	amco_input_state_weight_grad_norm:  0.0003
amco_input_state_weight_grad_rms:  0.0000	amco_layer_0_activation_slope_mean:  0.4643	amco_layer_0_activation_slope_p10:  0.4251	amco_layer_0_nonpositive_frac:  0.6903
amco_layer_0_preactivation_mean: -0.0722	amco_layer_0_preactivation_std:  0.0644	amco_layer_1_activation_slope_mean:  0.4755	amco_layer_1_activation_slope_p10:  0.4268
amco_layer_1_nonpositive_frac:  0.6674	amco_layer_1_preactivation_mean: -0.0467	amco_layer_1_preactivation_std:  0.0796	amco_layer_2_activation_slope_mean:  0.5033
amco_layer_2_activation_slope_p10:  0.4218	amco_layer_2_nonpositive_frac:  0.6328	amco_layer_2_preactivation_mean:  0.0160	amco_layer_2_preactivation_std:  0.1484
amco_mixing_output_rms:    0.4846	amco_pre_activation_nonpositive_frac:  0.6635	amco_q_term_rms:           0.2116	amco_state_credit_delta:   0.0002
amco_state_credit_share_delta:  0.0001	amco_state_encoder_grad_norm:  0.0002	amco_state_encoder_grad_rms:  0.0000	amco_state_term_rms:       0.0173
amco_state_to_q_ratio:     0.0817	amco_state_value_rms:      3.6701	amco_v_to_m_ratio:         7.5769	battle_won_mean:           0.0013
credit_entropy:            0.9798	credit_grad_agent_0:       0.3147	credit_grad_agent_1:       0.4144	credit_grad_agent_2:       0.2457
credit_grad_agent_3:       0.2091	credit_grad_agent_4:       0.2189	credit_grad_agent_5:       0.2302	credit_grad_agent_6:       0.2034
credit_grad_agent_7:       0.1666	credit_grad_agent_8:       0.1752	credit_grad_agent_9:       0.3740	credit_grad_cv:            0.3233
credit_grad_max:           0.4610	credit_grad_mean:          0.2552	credit_grad_median:        0.2262	credit_grad_min:           0.1356
credit_grad_near_zero_frac:  0.0000	credit_grad_negative_frac:  0.0000	credit_grad_p10:           0.1703	credit_grad_p90:           0.3949
credit_grad_std:           0.0826	credit_max_share:          0.1623	dead_allies_mean:          9.8148	dead_enemies_mean:         5.4022
ep_length_mean:           66.0752	epsilon:                   0.0500	grad_norm:                 0.8146	loss:                      0.0346
q_taken_mean:              0.2988	return_mean:               9.1183	return_std:                1.4171	target_mean:               0.2991
td_error_abs:              0.1286	test_battle_won_mean:      0.0125	test_dead_allies_mean:     9.6750	test_dead_enemies_mean:    6.0500
test_ep_length_mean:      71.9188	test_return_mean:          9.8839	test_return_std:           1.6993	
[INFO 13:13:31] my_main Updated target network
[INFO 13:14:31] my_main t_env: 341056 / 2050000
[INFO 13:14:31] my_main Estimated time left: 9 hours, 28 minutes, 13 seconds. Time passed: 2 hours, 28 minutes, 47 seconds
[INFO 13:14:55] my_main Recent Stats | t_env:     341056 | Episode:     8253
amco_input_q_weight_grad_norm:  0.0072	amco_input_q_weight_grad_rms:  0.0002	amco_input_state_to_q_grad_rms_ratio:  0.0175	amco_input_state_weight_grad_norm:  0.0003
amco_input_state_weight_grad_rms:  0.0000	amco_layer_0_activation_slope_mean:  0.4689	amco_layer_0_activation_slope_p10:  0.4298	amco_layer_0_nonpositive_frac:  0.6753
amco_layer_0_preactivation_mean: -0.0626	amco_layer_0_preactivation_std:  0.0643	amco_layer_1_activation_slope_mean:  0.4810	amco_layer_1_activation_slope_p10:  0.4320
amco_layer_1_nonpositive_frac:  0.6520	amco_layer_1_preactivation_mean: -0.0352	amco_layer_1_preactivation_std:  0.0803	amco_layer_2_activation_slope_mean:  0.5081
amco_layer_2_activation_slope_p10:  0.4260	amco_layer_2_nonpositive_frac:  0.6141	amco_layer_2_preactivation_mean:  0.0267	amco_layer_2_preactivation_std:  0.1504
amco_mixing_output_rms:    0.5018	amco_pre_activation_nonpositive_frac:  0.6471	amco_q_term_rms:           0.2081	amco_state_credit_delta:   0.0002
amco_state_credit_share_delta:  0.0001	amco_state_encoder_grad_norm:  0.0003	amco_state_encoder_grad_rms:  0.0000	amco_state_term_rms:       0.0172
amco_state_to_q_ratio:     0.0828	amco_state_value_rms:      3.8068	amco_v_to_m_ratio:         7.5923	battle_won_mean:           0.0000
credit_entropy:            0.9792	credit_grad_agent_0:       0.3146	credit_grad_agent_1:       0.4242	credit_grad_agent_2:       0.2501
credit_grad_agent_3:       0.2124	credit_grad_agent_4:       0.2253	credit_grad_agent_5:       0.2348	credit_grad_agent_6:       0.2085
credit_grad_agent_7:       0.1710	credit_grad_agent_8:       0.1780	credit_grad_agent_9:       0.3943	credit_grad_cv:            0.3285
credit_grad_max:           0.4711	credit_grad_mean:          0.2613	credit_grad_median:        0.2305	credit_grad_min:           0.1374
credit_grad_near_zero_frac:  0.0000	credit_grad_negative_frac:  0.0000	credit_grad_p10:           0.1743	credit_grad_p90:           0.4099
credit_grad_std:           0.0859	credit_max_share:          0.1623	dead_allies_mean:          9.8103	dead_enemies_mean:         5.4523
ep_length_mean:           67.4882	epsilon:                   0.0500	grad_norm:                 0.8742	loss:                      0.0361
q_taken_mean:              0.3151	return_mean:               9.1978	return_std:                1.3861	target_mean:               0.3149
td_error_abs:              0.1333	test_battle_won_mean:      0.0063	test_dead_allies_mean:     9.6937	test_dead_enemies_mean:    6.1188
test_ep_length_mean:      71.2062	test_return_mean:          9.9612	test_return_std:           1.6112	
[INFO 13:17:29] my_main Updated target network
[INFO 13:17:53] my_main t_env: 351154 / 2050000
[INFO 13:17:53] my_main Estimated time left: 9 hours, 25 minutes, 16 seconds. Time passed: 2 hours, 32 minutes, 8 seconds
[INFO 13:18:19] my_main Recent Stats | t_env:     351154 | Episode:     8423
amco_input_q_weight_grad_norm:  0.0081	amco_input_q_weight_grad_rms:  0.0003	amco_input_state_to_q_grad_rms_ratio:  0.0155	amco_input_state_weight_grad_norm:  0.0004
amco_input_state_weight_grad_rms:  0.0000	amco_layer_0_activation_slope_mean:  0.4674	amco_layer_0_activation_slope_p10:  0.4280	amco_layer_0_nonpositive_frac:  0.6830
amco_layer_0_preactivation_mean: -0.0658	amco_layer_0_preactivation_std:  0.0648	amco_layer_1_activation_slope_mean:  0.4793	amco_layer_1_activation_slope_p10:  0.4298
amco_layer_1_nonpositive_frac:  0.6614	amco_layer_1_preactivation_mean: -0.0385	amco_layer_1_preactivation_std:  0.0816	amco_layer_2_activation_slope_mean:  0.5066
amco_layer_2_activation_slope_p10:  0.4235	amco_layer_2_nonpositive_frac:  0.6220	amco_layer_2_preactivation_mean:  0.0242	amco_layer_2_preactivation_std:  0.1531
amco_mixing_output_rms:    0.5096	amco_pre_activation_nonpositive_frac:  0.6555	amco_q_term_rms:           0.2095	amco_state_credit_delta:   0.0002
amco_state_credit_share_delta:  0.0001	amco_state_encoder_grad_norm:  0.0004	amco_state_encoder_grad_rms:  0.0000	amco_state_term_rms:       0.0173
amco_state_to_q_ratio:     0.0824	amco_state_value_rms:      3.7171	amco_v_to_m_ratio:         7.3254	battle_won_mean:           0.0000
credit_entropy:            0.9788	credit_grad_agent_0:       0.3102	credit_grad_agent_1:       0.4287	credit_grad_agent_2:       0.2533
credit_grad_agent_3:       0.2142	credit_grad_agent_4:       0.2301	credit_grad_agent_5:       0.2367	credit_grad_agent_6:       0.2120
credit_grad_agent_7:       0.1747	credit_grad_agent_8:       0.1817	credit_grad_agent_9:       0.4127	credit_grad_cv:            0.3324
credit_grad_max:           0.4816	credit_grad_mean:          0.2654	credit_grad_median:        0.2332	credit_grad_min:           0.1382
credit_grad_near_zero_frac:  0.0000	credit_grad_negative_frac:  0.0000	credit_grad_p10:           0.1776	credit_grad_p90:           0.4207
credit_grad_std:           0.0883	credit_max_share:          0.1627	dead_allies_mean:          9.8135	dead_enemies_mean:         5.4331
ep_length_mean:           67.2069	epsilon:                   0.0500	grad_norm:                 1.0156	loss:                      0.0352
q_taken_mean:              0.2988	return_mean:               9.2527	return_std:                1.4187	target_mean:               0.2975
td_error_abs:              0.1291	test_battle_won_mean:      0.0063	test_dead_allies_mean:     9.6625	test_dead_enemies_mean:    6.1188
test_ep_length_mean:      74.0563	test_return_mean:         10.1425	test_return_std:           1.7317	
[INFO 13:21:18] my_main t_env: 361250 / 2050000
[INFO 13:21:18] my_main Estimated time left: 9 hours, 31 minutes, 18 seconds. Time passed: 2 hours, 35 minutes, 33 seconds
[INFO 13:21:35] my_main Recent Stats | t_env:     361250 | Episode:     8590
amco_input_q_weight_grad_norm:  0.0078	amco_input_q_weight_grad_rms:  0.0003	amco_input_state_to_q_grad_rms_ratio:  0.0153	amco_input_state_weight_grad_norm:  0.0003
amco_input_state_weight_grad_rms:  0.0000	amco_layer_0_activation_slope_mean:  0.4645	amco_layer_0_activation_slope_p10:  0.4253	amco_layer_0_nonpositive_frac:  0.6963
amco_layer_0_preactivation_mean: -0.0717	amco_layer_0_preactivation_std:  0.0644	amco_layer_1_activation_slope_mean:  0.4759	amco_layer_1_activation_slope_p10:  0.4263
amco_layer_1_nonpositive_frac:  0.6757	amco_layer_1_preactivation_mean: -0.0457	amco_layer_1_preactivation_std:  0.0819	amco_layer_2_activation_slope_mean:  0.5038
amco_layer_2_activation_slope_p10:  0.4209	amco_layer_2_nonpositive_frac:  0.6349	amco_layer_2_preactivation_mean:  0.0179	amco_layer_2_preactivation_std:  0.1525
amco_mixing_output_rms:    0.4997	amco_pre_activation_nonpositive_frac:  0.6690	amco_q_term_rms:           0.2087	amco_state_credit_delta:   0.0003
amco_state_credit_share_delta:  0.0001	amco_state_encoder_grad_norm:  0.0003	amco_state_encoder_grad_rms:  0.0000	amco_state_term_rms:       0.0173
amco_state_to_q_ratio:     0.0828	amco_state_value_rms:      3.6874	amco_v_to_m_ratio:         7.4192	battle_won_mean:           0.0000
credit_entropy:            0.9785	credit_grad_agent_0:       0.3013	credit_grad_agent_1:       0.4276	credit_grad_agent_2:       0.2527
credit_grad_agent_3:       0.2135	credit_grad_agent_4:       0.2309	credit_grad_agent_5:       0.2351	credit_grad_agent_6:       0.2125
credit_grad_agent_7:       0.1767	credit_grad_agent_8:       0.1829	credit_grad_agent_9:       0.4246	credit_grad_cv:            0.3363
credit_grad_max:           0.4887	credit_grad_mean:          0.2658	credit_grad_median:        0.2330	credit_grad_min:           0.1393
credit_grad_near_zero_frac:  0.0000	credit_grad_negative_frac:  0.0000	credit_grad_p10:           0.1788	credit_grad_p90:           0.4248
credit_grad_std:           0.0894	credit_max_share:          0.1645	dead_allies_mean:          9.8324	dead_enemies_mean:         5.4432
ep_length_mean:           65.3827	epsilon:                   0.0500	grad_norm:                 0.8550	loss:                      0.0331
q_taken_mean:              0.2910	return_mean:               9.3302	return_std:                1.4422	target_mean:               0.2910
td_error_abs:              0.1249	test_battle_won_mean:      0.0063	test_dead_allies_mean:     9.6937	test_dead_enemies_mean:    6.0187
test_ep_length_mean:      69.2000	test_return_mean:         10.1274	test_return_std:           1.8240	
[INFO 13:21:48] my_main Updated target network
[INFO 13:24:31] my_main t_env: 371417 / 2050000
[INFO 13:24:31] my_main Estimated time left: 8 hours, 53 minutes, 15 seconds. Time passed: 2 hours, 38 minutes, 47 seconds
[INFO 13:24:51] my_main Recent Stats | t_env:     371417 | Episode:     8755
amco_input_q_weight_grad_norm:  0.0060	amco_input_q_weight_grad_rms:  0.0002	amco_input_state_to_q_grad_rms_ratio:  0.0164	amco_input_state_weight_grad_norm:  0.0003
amco_input_state_weight_grad_rms:  0.0000	amco_layer_0_activation_slope_mean:  0.4615	amco_layer_0_activation_slope_p10:  0.4224	amco_layer_0_nonpositive_frac:  0.7143
amco_layer_0_preactivation_mean: -0.0780	amco_layer_0_preactivation_std:  0.0640	amco_layer_1_activation_slope_mean:  0.4724	amco_layer_1_activation_slope_p10:  0.4229
amco_layer_1_nonpositive_frac:  0.6952	amco_layer_1_preactivation_mean: -0.0529	amco_layer_1_preactivation_std:  0.0819	amco_layer_2_activation_slope_mean:  0.5009
amco_layer_2_activation_slope_p10:  0.4187	amco_layer_2_nonpositive_frac:  0.6621	amco_layer_2_preactivation_mean:  0.0115	amco_layer_2_preactivation_std:  0.1507
amco_mixing_output_rms:    0.4877	amco_pre_activation_nonpositive_frac:  0.6905	amco_q_term_rms:           0.2080	amco_state_credit_delta:   0.0003
amco_state_credit_share_delta:  0.0001	amco_state_encoder_grad_norm:  0.0003	amco_state_encoder_grad_rms:  0.0000	amco_state_term_rms:       0.0173
amco_state_to_q_ratio:     0.0831	amco_state_value_rms:      3.6401	amco_v_to_m_ratio:         7.5432	battle_won_mean:           0.0000
credit_entropy:            0.9783	credit_grad_agent_0:       0.2931	credit_grad_agent_1:       0.4212	credit_grad_agent_2:       0.2514
credit_grad_agent_3:       0.2127	credit_grad_agent_4:       0.2317	credit_grad_agent_5:       0.2322	credit_grad_agent_6:       0.2122
credit_grad_agent_7:       0.1781	credit_grad_agent_8:       0.1854	credit_grad_agent_9:       0.4356	credit_grad_cv:            0.3381
credit_grad_max:           0.4937	credit_grad_mean:          0.2653	credit_grad_median:        0.2323	credit_grad_min:           0.1389
credit_grad_near_zero_frac:  0.0000	credit_grad_negative_frac:  0.0000	credit_grad_p10:           0.1802	credit_grad_p90:           0.4269
credit_grad_std:           0.0897	credit_max_share:          0.1662	dead_allies_mean:          9.8360	dead_enemies_mean:         5.4057
ep_length_mean:           65.5524	epsilon:                   0.0500	grad_norm:                 0.5283	loss:                      0.0274
q_taken_mean:              0.2809	return_mean:               9.3797	return_std:                1.4159	target_mean:               0.2789
td_error_abs:              0.1120	test_battle_won_mean:      0.0063	test_dead_allies_mean:     9.7250	test_dead_enemies_mean:    5.9688
test_ep_length_mean:      65.1375	test_return_mean:         10.2051	test_return_std:           1.7936	
[INFO 13:25:38] my_main Updated target network
[INFO 13:27:49] my_main t_env: 381453 / 2050000
[INFO 13:27:49] my_main Estimated time left: 9 hours, 8 minutes, 48 seconds. Time passed: 2 hours, 42 minutes, 5 seconds
[INFO 13:28:10] my_main Recent Stats | t_env:     381453 | Episode:     8926
amco_input_q_weight_grad_norm:  0.0042	amco_input_q_weight_grad_rms:  0.0001	amco_input_state_to_q_grad_rms_ratio:  0.0186	amco_input_state_weight_grad_norm:  0.0002
amco_input_state_weight_grad_rms:  0.0000	amco_layer_0_activation_slope_mean:  0.4609	amco_layer_0_activation_slope_p10:  0.4221	amco_layer_0_nonpositive_frac:  0.7222
amco_layer_0_preactivation_mean: -0.0791	amco_layer_0_preactivation_std:  0.0635	amco_layer_1_activation_slope_mean:  0.4723	amco_layer_1_activation_slope_p10:  0.4228
amco_layer_1_nonpositive_frac:  0.7025	amco_layer_1_preactivation_mean: -0.0533	amco_layer_1_preactivation_std:  0.0815	amco_layer_2_activation_slope_mean:  0.5009
amco_layer_2_activation_slope_p10:  0.4204	amco_layer_2_nonpositive_frac:  0.6706	amco_layer_2_preactivation_mean:  0.0112	amco_layer_2_preactivation_std:  0.1471
amco_mixing_output_rms:    0.4731	amco_pre_activation_nonpositive_frac:  0.6984	amco_q_term_rms:           0.2055	amco_state_credit_delta:   0.0003
amco_state_credit_share_delta:  0.0001	amco_state_encoder_grad_norm:  0.0002	amco_state_encoder_grad_rms:  0.0000	amco_state_term_rms:       0.0172
amco_state_to_q_ratio:     0.0840	amco_state_value_rms:      3.6355	amco_v_to_m_ratio:         7.7819	battle_won_mean:           0.0000
credit_entropy:            0.9783	credit_grad_agent_0:       0.2814	credit_grad_agent_1:       0.4069	credit_grad_agent_2:       0.2466
credit_grad_agent_3:       0.2087	credit_grad_agent_4:       0.2282	credit_grad_agent_5:       0.2262	credit_grad_agent_6:       0.2078
credit_grad_agent_7:       0.1780	credit_grad_agent_8:       0.1847	credit_grad_agent_9:       0.4385	credit_grad_cv:            0.3391
credit_grad_max:           0.4930	credit_grad_mean:          0.2607	credit_grad_median:        0.2279	credit_grad_min:           0.1382
credit_grad_near_zero_frac:  0.0000	credit_grad_negative_frac:  0.0000	credit_grad_p10:           0.1793	credit_grad_p90:           0.4219
credit_grad_std:           0.0884	credit_max_share:          0.1688	dead_allies_mean:          9.8572	dead_enemies_mean:         5.3260
ep_length_mean:           62.6443	epsilon:                   0.0500	grad_norm:                 0.5416	loss:                      0.0261
q_taken_mean:              0.2778	return_mean:               9.4123	return_std:                1.3837	target_mean:               0.2750
td_error_abs:              0.1078	test_battle_won_mean:      0.0000	test_dead_allies_mean:     9.8375	test_dead_enemies_mean:    6.0125
test_ep_length_mean:      62.3312	test_return_mean:         10.2122	test_return_std:           1.6046	
[INFO 13:29:20] my_main Updated target network
RequestQuit command received.
DataHandler: unable to parse websocket frame.
CloseHandler: 127.0.0.1:33840 disconnected
Closing Application...
[INFO 13:29:51] absl Shutdown gracefully.
[INFO 13:29:51] absl Shutdown with return code: -15
[INFO 13:29:51] absl Launching SC2: /data/workspace/wxr/pymarl-monotone-qmix/3rdparty/StarCraftII/Versions/Base75689/SC2_x64 -listen 127.0.0.1 -port 36707 -dataDir /data/workspace/wxr/pymarl-monotone-qmix/3rdparty/StarCraftII/ -tempDir /tmp/sc-gcuyjya4/
Version: B75689 (SC2.4.10)
Build: Aug 12 2019 17:16:57
Command Line: '"/data/workspace/wxr/pymarl-monotone-qmix/3rdparty/StarCraftII/Versions/Base75689/SC2_x64" -listen 127.0.0.1 -port 36707 -dataDir /data/workspace/wxr/pymarl-monotone-qmix/3rdparty/StarCraftII/ -tempDir /tmp/sc-gcuyjya4/'
[INFO 13:29:51] absl Connecting to: ws://127.0.0.1:36707/sc2api, attempt: 0, running: True
Starting up...
Startup Phase 1 complete
[INFO 13:29:52] absl Connecting to: ws://127.0.0.1:36707/sc2api, attempt: 1, running: True
Startup Phase 2 complete
Creating stub renderer...
Listening on: 127.0.0.1:36707
Startup Phase 3 complete. Ready for commands.
[INFO 13:29:53] absl Connecting to: ws://127.0.0.1:36707/sc2api, attempt: 2, running: True
ConnectHandler: Request from 127.0.0.1:43452 accepted
ReadyHandler: 127.0.0.1:43452 ready
Requesting to join a single player game
Configuring interface options
Configure: raw interface enabled
Configure: feature layer interface disabled
Configure: score interface disabled
Configure: render interface disabled
Launching next game.
Next launch phase started: 2
Next launch phase started: 3
Next launch phase started: 4
Next launch phase started: 5
Next launch phase started: 6
Next launch phase started: 7
Next launch phase started: 8
Game has started.
Using default stable ids, none found at: /data/workspace/wxr/pymarl-monotone-qmix/3rdparty/StarCraftII/stableid.json
Successfully loaded stable ids: GameData\stableid.json
Sending ResponseJoinGame
[INFO 13:31:31] my_main t_env: 391453 / 2050000
[INFO 13:31:31] my_main Estimated time left: 10 hours, 13 minutes, 30 seconds. Time passed: 2 hours, 45 minutes, 47 seconds
[INFO 13:31:51] my_main Recent Stats | t_env:     391453 | Episode:     9118
amco_input_q_weight_grad_norm:  0.0040	amco_input_q_weight_grad_rms:  0.0001	amco_input_state_to_q_grad_rms_ratio:  0.0155	amco_input_state_weight_grad_norm:  0.0002
amco_input_state_weight_grad_rms:  0.0000	amco_layer_0_activation_slope_mean:  0.4580	amco_layer_0_activation_slope_p10:  0.4193	amco_layer_0_nonpositive_frac:  0.7350
amco_layer_0_preactivation_mean: -0.0850	amco_layer_0_preactivation_std:  0.0632	amco_layer_1_activation_slope_mean:  0.4693	amco_layer_1_activation_slope_p10:  0.4200
amco_layer_1_nonpositive_frac:  0.7150	amco_layer_1_preactivation_mean: -0.0598	amco_layer_1_preactivation_std:  0.0809	amco_layer_2_activation_slope_mean:  0.4985
amco_layer_2_activation_slope_p10:  0.4194	amco_layer_2_nonpositive_frac:  0.6808	amco_layer_2_preactivation_mean:  0.0050	amco_layer_2_preactivation_std:  0.1434
amco_mixing_output_rms:    0.4500	amco_pre_activation_nonpositive_frac:  0.7102	amco_q_term_rms:           0.2031	amco_state_credit_delta:   0.0003
amco_state_credit_share_delta:  0.0001	amco_state_encoder_grad_norm:  0.0001	amco_state_encoder_grad_rms:  0.0000	amco_state_term_rms:       0.0172
amco_state_to_q_ratio:     0.0849	amco_state_value_rms:      3.6088	amco_v_to_m_ratio:         8.1432	battle_won_mean:           0.0000
credit_entropy:            0.9785	credit_grad_agent_0:       0.2693	credit_grad_agent_1:       0.3909	credit_grad_agent_2:       0.2423
credit_grad_agent_3:       0.2070	credit_grad_agent_4:       0.2229	credit_grad_agent_5:       0.2190	credit_grad_agent_6:       0.2030
credit_grad_agent_7:       0.1766	credit_grad_agent_8:       0.1839	credit_grad_agent_9:       0.4391	credit_grad_cv:            0.3396
credit_grad_max:           0.4934	credit_grad_mean:          0.2554	credit_grad_median:        0.2237	credit_grad_min:           0.1374
credit_grad_near_zero_frac:  0.0000	credit_grad_negative_frac:  0.0000	credit_grad_p10:           0.1779	credit_grad_p90:           0.4144
credit_grad_std:           0.0867	credit_max_share:          0.1722	dead_allies_mean:          9.8775	dead_enemies_mean:         5.3741
ep_length_mean:           58.4493	epsilon:                   0.0500	grad_norm:                 0.4101	loss:                      0.0238
q_taken_mean:              0.2714	return_mean:               9.4716	return_std:                1.3741	target_mean:               0.2710
td_error_abs:              0.1027	test_battle_won_mean:      0.0000	test_dead_allies_mean:     9.8562	test_dead_enemies_mean:    6.0187
test_ep_length_mean:      60.2437	test_return_mean:         10.2591	test_return_std:           1.5422	
[INFO 13:33:17] my_main Updated target network
[INFO 13:34:48] my_main t_env: 401478 / 2050000
[INFO 13:34:48] my_main Estimated time left: 8 hours, 57 minutes, 59 seconds. Time passed: 2 hours, 49 minutes, 3 seconds
[INFO 13:35:11] my_main Recent Stats | t_env:     401478 | Episode:     9287
amco_input_q_weight_grad_norm:  0.0040	amco_input_q_weight_grad_rms:  0.0001	amco_input_state_to_q_grad_rms_ratio:  0.0156	amco_input_state_weight_grad_norm:  0.0002
amco_input_state_weight_grad_rms:  0.0000	amco_layer_0_activation_slope_mean:  0.4555	amco_layer_0_activation_slope_p10:  0.4173	amco_layer_0_nonpositive_frac:  0.7477
amco_layer_0_preactivation_mean: -0.0904	amco_layer_0_preactivation_std:  0.0620	amco_layer_1_activation_slope_mean:  0.4668	amco_layer_1_activation_slope_p10:  0.4183
amco_layer_1_nonpositive_frac:  0.7269	amco_layer_1_preactivation_mean: -0.0656	amco_layer_1_preactivation_std:  0.0786	amco_layer_2_activation_slope_mean:  0.4966
amco_layer_2_activation_slope_p10:  0.4217	amco_layer_2_nonpositive_frac:  0.6948	amco_layer_2_preactivation_mean: -0.0008	amco_layer_2_preactivation_std:  0.1344
amco_mixing_output_rms:    0.4116	amco_pre_activation_nonpositive_frac:  0.7231	amco_q_term_rms:           0.1974	amco_state_credit_delta:   0.0003
amco_state_credit_share_delta:  0.0001	amco_state_encoder_grad_norm:  0.0001	amco_state_encoder_grad_rms:  0.0000	amco_state_term_rms:       0.0172
amco_state_to_q_ratio:     0.0873	amco_state_value_rms:      3.5956	amco_v_to_m_ratio:         8.7762	battle_won_mean:           0.0000
credit_entropy:            0.9784	credit_grad_agent_0:       0.2549	credit_grad_agent_1:       0.3687	credit_grad_agent_2:       0.2322
credit_grad_agent_3:       0.2007	credit_grad_agent_4:       0.2132	credit_grad_agent_5:       0.2076	credit_grad_agent_6:       0.1945
credit_grad_agent_7:       0.1713	credit_grad_agent_8:       0.1789	credit_grad_agent_9:       0.4296	credit_grad_cv:            0.3409
credit_grad_max:           0.4821	credit_grad_mean:          0.2452	credit_grad_median:        0.2145	credit_grad_min:           0.1345
credit_grad_near_zero_frac:  0.0000	credit_grad_negative_frac:  0.0000	credit_grad_p10:           0.1727	credit_grad_p90:           0.3983
credit_grad_std:           0.0836	credit_max_share:          0.1754	dead_allies_mean:          9.8773	dead_enemies_mean:         5.3982
ep_length_mean:           58.4332	epsilon:                   0.0500	grad_norm:                 0.4794	loss:                      0.0240
q_taken_mean:              0.2683	return_mean:               9.5650	return_std:                1.4194	target_mean:               0.2700
td_error_abs:              0.1038	test_battle_won_mean:      0.0063	test_dead_allies_mean:     9.8438	test_dead_enemies_mean:    6.0750
test_ep_length_mean:      59.3188	test_return_mean:         10.3469	test_return_std:           1.6057	
[INFO 13:37:12] my_main Updated target network
[INFO 13:37:58] my_main t_env: 411508 / 2050000
[INFO 13:37:58] my_main Estimated time left: 8 hours, 37 minutes, 22 seconds. Time passed: 2 hours, 52 minutes, 13 seconds
[INFO 13:38:24] my_main Recent Stats | t_env:     411508 | Episode:     9441
amco_input_q_weight_grad_norm:  0.0041	amco_input_q_weight_grad_rms:  0.0001	amco_input_state_to_q_grad_rms_ratio:  0.0162	amco_input_state_weight_grad_norm:  0.0002
amco_input_state_weight_grad_rms:  0.0000	amco_layer_0_activation_slope_mean:  0.4575	amco_layer_0_activation_slope_p10:  0.4196	amco_layer_0_nonpositive_frac:  0.7441
amco_layer_0_preactivation_mean: -0.0862	amco_layer_0_preactivation_std:  0.0616	amco_layer_1_activation_slope_mean:  0.4696	amco_layer_1_activation_slope_p10:  0.4212
amco_layer_1_nonpositive_frac:  0.7233	amco_layer_1_preactivation_mean: -0.0598	amco_layer_1_preactivation_std:  0.0780	amco_layer_2_activation_slope_mean:  0.4991
amco_layer_2_activation_slope_p10:  0.4256	amco_layer_2_nonpositive_frac:  0.6896	amco_layer_2_preactivation_mean:  0.0041	amco_layer_2_preactivation_std:  0.1313
amco_mixing_output_rms:    0.4059	amco_pre_activation_nonpositive_frac:  0.7190	amco_q_term_rms:           0.1936	amco_state_credit_delta:   0.0003
amco_state_credit_share_delta:  0.0001	amco_state_encoder_grad_norm:  0.0001	amco_state_encoder_grad_rms:  0.0000	amco_state_term_rms:       0.0172
amco_state_to_q_ratio:     0.0888	amco_state_value_rms:      3.6485	amco_v_to_m_ratio:         9.0029	battle_won_mean:           0.0000
credit_entropy:            0.9785	credit_grad_agent_0:       0.2491	credit_grad_agent_1:       0.3591	credit_grad_agent_2:       0.2301
credit_grad_agent_3:       0.2012	credit_grad_agent_4:       0.2100	credit_grad_agent_5:       0.2062	credit_grad_agent_6:       0.1914
credit_grad_agent_7:       0.1714	credit_grad_agent_8:       0.1795	credit_grad_agent_9:       0.4317	credit_grad_cv:            0.3405
credit_grad_max:           0.4818	credit_grad_mean:          0.2430	credit_grad_median:        0.2126	credit_grad_min:           0.1346
credit_grad_near_zero_frac:  0.0000	credit_grad_negative_frac:  0.0000	credit_grad_p10:           0.1730	credit_grad_p90:           0.3936
credit_grad_std:           0.0827	credit_max_share:          0.1777	dead_allies_mean:          9.8676	dead_enemies_mean:         5.4587
ep_length_mean:           59.3682	epsilon:                   0.0500	grad_norm:                 0.5330	loss:                      0.0241
q_taken_mean:              0.2741	return_mean:               9.6465	return_std:                1.4475	target_mean:               0.2762
td_error_abs:              0.1041	test_battle_won_mean:      0.0063	test_dead_allies_mean:     9.8375	test_dead_enemies_mean:    6.2188
test_ep_length_mean:      61.9750	test_return_mean:         10.4373	test_return_std:           1.5468	
[INFO 13:41:06] my_main t_env: 421575 / 2050000
[INFO 13:41:06] my_main Estimated time left: 8 hours, 26 minutes, 30 seconds. Time passed: 2 hours, 55 minutes, 21 seconds
[INFO 13:41:24] my_main Recent Stats | t_env:     421575 | Episode:     9582
amco_input_q_weight_grad_norm:  0.0040	amco_input_q_weight_grad_rms:  0.0001	amco_input_state_to_q_grad_rms_ratio:  0.0194	amco_input_state_weight_grad_norm:  0.0002
amco_input_state_weight_grad_rms:  0.0000	amco_layer_0_activation_slope_mean:  0.4621	amco_layer_0_activation_slope_p10:  0.4243	amco_layer_0_nonpositive_frac:  0.7262
amco_layer_0_preactivation_mean: -0.0768	amco_layer_0_preactivation_std:  0.0612	amco_layer_1_activation_slope_mean:  0.4755	amco_layer_1_activation_slope_p10:  0.4271
amco_layer_1_nonpositive_frac:  0.7020	amco_layer_1_preactivation_mean: -0.0478	amco_layer_1_preactivation_std:  0.0772	amco_layer_2_activation_slope_mean:  0.5042
amco_layer_2_activation_slope_p10:  0.4329	amco_layer_2_nonpositive_frac:  0.6490	amco_layer_2_preactivation_mean:  0.0144	amco_layer_2_preactivation_std:  0.1277
amco_mixing_output_rms:    0.4028	amco_pre_activation_nonpositive_frac:  0.6924	amco_q_term_rms:           0.1876	amco_state_credit_delta:   0.0003
amco_state_credit_share_delta:  0.0001	amco_state_encoder_grad_norm:  0.0001	amco_state_encoder_grad_rms:  0.0000	amco_state_term_rms:       0.0171
amco_state_to_q_ratio:     0.0917	amco_state_value_rms:      3.7364	amco_v_to_m_ratio:         9.3032	battle_won_mean:           0.0000
credit_entropy:            0.9788	credit_grad_agent_0:       0.2407	credit_grad_agent_1:       0.3467	credit_grad_agent_2:       0.2253
credit_grad_agent_3:       0.2013	credit_grad_agent_4:       0.2055	credit_grad_agent_5:       0.2024	credit_grad_agent_6:       0.1870
credit_grad_agent_7:       0.1701	credit_grad_agent_8:       0.1762	credit_grad_agent_9:       0.4270	credit_grad_cv:            0.3392
credit_grad_max:           0.4742	credit_grad_mean:          0.2382	credit_grad_median:        0.2089	credit_grad_min:           0.1344
credit_grad_near_zero_frac:  0.0000	credit_grad_negative_frac:  0.0000	credit_grad_p10:           0.1711	credit_grad_p90:           0.3821
credit_grad_std:           0.0808	credit_max_share:          0.1793	dead_allies_mean:          9.8532	dead_enemies_mean:         5.5802
ep_length_mean:           61.3240	epsilon:                   0.0500	grad_norm:                 0.5322	loss:                      0.0248
q_taken_mean:              0.2858	return_mean:               9.7849	return_std:                1.4979	target_mean:               0.2879
td_error_abs:              0.1066	test_battle_won_mean:      0.0063	test_dead_allies_mean:     9.8375	test_dead_enemies_mean:    6.2750
test_ep_length_mean:      61.2625	test_return_mean:         10.5206	test_return_std:           1.5127	
[INFO 13:41:45] my_main Updated target network
[INFO 13:44:16] my_main t_env: 431600 / 2050000
[INFO 13:44:16] my_main Estimated time left: 8 hours, 31 minutes, 46 seconds. Time passed: 2 hours, 58 minutes, 32 seconds
[INFO 13:44:38] my_main Recent Stats | t_env:     431600 | Episode:     9734
amco_input_q_weight_grad_norm:  0.0046	amco_input_q_weight_grad_rms:  0.0001	amco_input_state_to_q_grad_rms_ratio:  0.0167	amco_input_state_weight_grad_norm:  0.0002
amco_input_state_weight_grad_rms:  0.0000	amco_layer_0_activation_slope_mean:  0.4673	amco_layer_0_activation_slope_p10:  0.4298	amco_layer_0_nonpositive_frac:  0.7051
amco_layer_0_preactivation_mean: -0.0660	amco_layer_0_preactivation_std:  0.0608	amco_layer_1_activation_slope_mean:  0.4821	amco_layer_1_activation_slope_p10:  0.4339
amco_layer_1_nonpositive_frac:  0.6768	amco_layer_1_preactivation_mean: -0.0342	amco_layer_1_preactivation_std:  0.0762	amco_layer_2_activation_slope_mean:  0.5099
amco_layer_2_activation_slope_p10:  0.4412	amco_layer_2_nonpositive_frac:  0.5998	amco_layer_2_preactivation_mean:  0.0258	amco_layer_2_preactivation_std:  0.1231
amco_mixing_output_rms:    0.3969	amco_pre_activation_nonpositive_frac:  0.6606	amco_q_term_rms:           0.1810	amco_state_credit_delta:   0.0003
amco_state_credit_share_delta:  0.0001	amco_state_encoder_grad_norm:  0.0002	amco_state_encoder_grad_rms:  0.0000	amco_state_term_rms:       0.0171
amco_state_to_q_ratio:     0.0949	amco_state_value_rms:      3.8472	amco_v_to_m_ratio:         9.7088	battle_won_mean:           0.0000
credit_entropy:            0.9790	credit_grad_agent_0:       0.2299	credit_grad_agent_1:       0.3321	credit_grad_agent_2:       0.2176
credit_grad_agent_3:       0.1989	credit_grad_agent_4:       0.1985	credit_grad_agent_5:       0.1967	credit_grad_agent_6:       0.1819
credit_grad_agent_7:       0.1656	credit_grad_agent_8:       0.1719	credit_grad_agent_9:       0.4170	credit_grad_cv:            0.3378
credit_grad_max:           0.4597	credit_grad_mean:          0.2310	credit_grad_median:        0.2029	credit_grad_min:           0.1301
credit_grad_near_zero_frac:  0.0000	credit_grad_negative_frac:  0.0000	credit_grad_p10:           0.1672	credit_grad_p90:           0.3658
credit_grad_std:           0.0781	credit_max_share:          0.1805	dead_allies_mean:          9.8423	dead_enemies_mean:         5.7586
ep_length_mean:           62.7768	epsilon:                   0.0500	grad_norm:                 0.4882	loss:                      0.0252
q_taken_mean:              0.3018	return_mean:               9.9390	return_std:                1.5605	target_mean:               0.3040
td_error_abs:              0.1090	test_battle_won_mean:      0.0063	test_dead_allies_mean:     9.8313	test_dead_enemies_mean:    6.4375
test_ep_length_mean:      62.7875	test_return_mean:         10.6467	test_return_std:           1.5578	
[INFO 13:45:46] my_main Updated target network
RequestQuit command received.
Closing Application...
DataHandler: unable to parse websocket frame.
CloseHandler: 127.0.0.1:43452 disconnected
ResponseThread: No connection, dropping the response.
[INFO 13:47:20] absl Shutdown gracefully.
[INFO 13:47:20] absl Shutdown with return code: -15
[INFO 13:47:20] absl Launching SC2: /data/workspace/wxr/pymarl-monotone-qmix/3rdparty/StarCraftII/Versions/Base75689/SC2_x64 -listen 127.0.0.1 -port 33583 -dataDir /data/workspace/wxr/pymarl-monotone-qmix/3rdparty/StarCraftII/ -tempDir /tmp/sc-risl4oz8/
[INFO 13:47:21] absl Connecting to: ws://127.0.0.1:33583/sc2api, attempt: 0, running: True
Version: B75689 (SC2.4.10)
Build: Aug 12 2019 17:16:57
Command Line: '"/data/workspace/wxr/pymarl-monotone-qmix/3rdparty/StarCraftII/Versions/Base75689/SC2_x64" -listen 127.0.0.1 -port 33583 -dataDir /data/workspace/wxr/pymarl-monotone-qmix/3rdparty/StarCraftII/ -tempDir /tmp/sc-risl4oz8/'
Starting up...
Startup Phase 1 complete
[INFO 13:47:22] absl Connecting to: ws://127.0.0.1:33583/sc2api, attempt: 1, running: True
Startup Phase 2 complete
Creating stub renderer...
Listening on: 127.0.0.1:33583
Startup Phase 3 complete. Ready for commands.
[INFO 13:47:23] absl Connecting to: ws://127.0.0.1:33583/sc2api, attempt: 2, running: True
ConnectHandler: Request from 127.0.0.1:33786 accepted
ReadyHandler: 127.0.0.1:33786 ready
Requesting to join a single player game
Configuring interface options
Configure: raw interface enabled
Configure: feature layer interface disabled
Configure: score interface disabled
Configure: render interface disabled
Launching next game.
Next launch phase started: 2
Next launch phase started: 3
Next launch phase started: 4
Next launch phase started: 5
Next launch phase started: 6
Next launch phase started: 7
Next launch phase started: 8
Game has started.
Using default stable ids, none found at: /data/workspace/wxr/pymarl-monotone-qmix/3rdparty/StarCraftII/stableid.json
Successfully loaded stable ids: GameData\stableid.json
Sending ResponseJoinGame
[INFO 13:47:29] my_main t_env: 441654 / 2050000
[INFO 13:47:29] my_main Estimated time left: 8 hours, 35 minutes, 29 seconds. Time passed: 3 hours, 1 minutes, 45 seconds
[INFO 13:47:57] my_main Recent Stats | t_env:     441654 | Episode:     9892
amco_input_q_weight_grad_norm:  0.0042	amco_input_q_weight_grad_rms:  0.0001	amco_input_state_to_q_grad_rms_ratio:  0.0173	amco_input_state_weight_grad_norm:  0.0002
amco_input_state_weight_grad_rms:  0.0000	amco_layer_0_activation_slope_mean:  0.4696	amco_layer_0_activation_slope_p10:  0.4322	amco_layer_0_nonpositive_frac:  0.7003
amco_layer_0_preactivation_mean: -0.0614	amco_layer_0_preactivation_std:  0.0604	amco_layer_1_activation_slope_mean:  0.4850	amco_layer_1_activation_slope_p10:  0.4370
amco_layer_1_nonpositive_frac:  0.6707	amco_layer_1_preactivation_mean: -0.0283	amco_layer_1_preactivation_std:  0.0755	amco_layer_2_activation_slope_mean:  0.5122
amco_layer_2_activation_slope_p10:  0.4447	amco_layer_2_nonpositive_frac:  0.5970	amco_layer_2_preactivation_mean:  0.0305	amco_layer_2_preactivation_std:  0.1209
amco_mixing_output_rms:    0.3947	amco_pre_activation_nonpositive_frac:  0.6560	amco_q_term_rms:           0.1774	amco_state_credit_delta:   0.0003
amco_state_credit_share_delta:  0.0001	amco_state_encoder_grad_norm:  0.0001	amco_state_encoder_grad_rms:  0.0000	amco_state_term_rms:       0.0171
amco_state_to_q_ratio:     0.0969	amco_state_value_rms:      3.8727	amco_v_to_m_ratio:         9.8257	battle_won_mean:           0.0000
credit_entropy:            0.9794	credit_grad_agent_0:       0.2259	credit_grad_agent_1:       0.3264	credit_grad_agent_2:       0.2148
credit_grad_agent_3:       0.2010	credit_grad_agent_4:       0.1983	credit_grad_agent_5:       0.1972	credit_grad_agent_6:       0.1822
credit_grad_agent_7:       0.1669	credit_grad_agent_8:       0.1726	credit_grad_agent_9:       0.4169	credit_grad_cv:            0.3339
credit_grad_max:           0.4564	credit_grad_mean:          0.2302	credit_grad_median:        0.2025	credit_grad_min:           0.1307
credit_grad_near_zero_frac:  0.0000	credit_grad_negative_frac:  0.0000	credit_grad_p10:           0.1684	credit_grad_p90:           0.3577
credit_grad_std:           0.0769	credit_max_share:          0.1811	dead_allies_mean:          9.8268	dead_enemies_mean:         5.9122
ep_length_mean:           65.0867	epsilon:                   0.0500	grad_norm:                 0.4775	loss:                      0.0255
q_taken_mean:              0.3054	return_mean:              10.0722	return_std:                1.6127	target_mean:               0.3062
td_error_abs:              0.1082	test_battle_won_mean:      0.0063	test_dead_allies_mean:     9.7750	test_dead_enemies_mean:    6.5312
test_ep_length_mean:      69.4313	test_return_mean:         10.7664	test_return_std:           1.6134	
[INFO 13:50:04] my_main Updated target network
[INFO 13:50:38] my_main t_env: 451743 / 2050000
[INFO 13:50:38] my_main Estimated time left: 8 hours, 19 minutes, 2 seconds. Time passed: 3 hours, 4 minutes, 54 seconds
[INFO 13:51:01] my_main Recent Stats | t_env:     451743 | Episode:    10029
amco_input_q_weight_grad_norm:  0.0039	amco_input_q_weight_grad_rms:  0.0001	amco_input_state_to_q_grad_rms_ratio:  0.0174	amco_input_state_weight_grad_norm:  0.0002
amco_input_state_weight_grad_rms:  0.0000	amco_layer_0_activation_slope_mean:  0.4736	amco_layer_0_activation_slope_p10:  0.4359	amco_layer_0_nonpositive_frac:  0.6857
amco_layer_0_preactivation_mean: -0.0533	amco_layer_0_preactivation_std:  0.0610	amco_layer_1_activation_slope_mean:  0.4897	amco_layer_1_activation_slope_p10:  0.4412
amco_layer_1_nonpositive_frac:  0.6549	amco_layer_1_preactivation_mean: -0.0184	amco_layer_1_preactivation_std:  0.0764	amco_layer_2_activation_slope_mean:  0.5161
amco_layer_2_activation_slope_p10:  0.4482	amco_layer_2_nonpositive_frac:  0.5727	amco_layer_2_preactivation_mean:  0.0390	amco_layer_2_preactivation_std:  0.1224
amco_mixing_output_rms:    0.4065	amco_pre_activation_nonpositive_frac:  0.6378	amco_q_term_rms:           0.1761	amco_state_credit_delta:   0.0003
amco_state_credit_share_delta:  0.0001	amco_state_encoder_grad_norm:  0.0002	amco_state_encoder_grad_rms:  0.0000	amco_state_term_rms:       0.0171
amco_state_to_q_ratio:     0.0973	amco_state_value_rms:      3.9839	amco_v_to_m_ratio:         9.8216	battle_won_mean:           0.0000
credit_entropy:            0.9800	credit_grad_agent_0:       0.2232	credit_grad_agent_1:       0.3243	credit_grad_agent_2:       0.2145
credit_grad_agent_3:       0.2052	credit_grad_agent_4:       0.2014	credit_grad_agent_5:       0.1991	credit_grad_agent_6:       0.1836
credit_grad_agent_7:       0.1696	credit_grad_agent_8:       0.1748	credit_grad_agent_9:       0.4191	credit_grad_cv:            0.3292
credit_grad_max:           0.4562	credit_grad_mean:          0.2315	credit_grad_median:        0.2044	credit_grad_min:           0.1325
credit_grad_near_zero_frac:  0.0000	credit_grad_negative_frac:  0.0000	credit_grad_p10:           0.1710	credit_grad_p90:           0.3537
credit_grad_std:           0.0762	credit_max_share:          0.1811	dead_allies_mean:          9.8035	dead_enemies_mean:         6.0721
ep_length_mean:           67.9512	epsilon:                   0.0500	grad_norm:                 0.4591	loss:                      0.0262
q_taken_mean:              0.3189	return_mean:              10.1859	return_std:                1.6784	target_mean:               0.3174
td_error_abs:              0.1085	test_battle_won_mean:      0.0063	test_dead_allies_mean:     9.7812	test_dead_enemies_mean:    6.5250
test_ep_length_mean:      68.9750	test_return_mean:         10.6936	test_return_std:           1.5552	
[INFO 13:53:30] my_main t_env: 461749 / 2050000
[INFO 13:53:30] my_main Estimated time left: 7 hours, 34 minutes, 43 seconds. Time passed: 3 hours, 7 minutes, 46 seconds
[INFO 13:53:54] my_main Recent Stats | t_env:     461749 | Episode:    10154
amco_input_q_weight_grad_norm:  0.0055	amco_input_q_weight_grad_rms:  0.0002	amco_input_state_to_q_grad_rms_ratio:  0.0156	amco_input_state_weight_grad_norm:  0.0002
amco_input_state_weight_grad_rms:  0.0000	amco_layer_0_activation_slope_mean:  0.4701	amco_layer_0_activation_slope_p10:  0.4332	amco_layer_0_nonpositive_frac:  0.7059
amco_layer_0_preactivation_mean: -0.0603	amco_layer_0_preactivation_std:  0.0597	amco_layer_1_activation_slope_mean:  0.4863	amco_layer_1_activation_slope_p10:  0.4394
amco_layer_1_nonpositive_frac:  0.6739	amco_layer_1_preactivation_mean: -0.0257	amco_layer_1_preactivation_std:  0.0740	amco_layer_2_activation_slope_mean:  0.5133
amco_layer_2_activation_slope_p10:  0.4490	amco_layer_2_nonpositive_frac:  0.5900	amco_layer_2_preactivation_mean:  0.0323	amco_layer_2_preactivation_std:  0.1144
amco_mixing_output_rms:    0.3722	amco_pre_activation_nonpositive_frac:  0.6566	amco_q_term_rms:           0.1718	amco_state_credit_delta:   0.0003
amco_state_credit_share_delta:  0.0001	amco_state_encoder_grad_norm:  0.0002	amco_state_encoder_grad_rms:  0.0000	amco_state_term_rms:       0.0171
amco_state_to_q_ratio:     0.0996	amco_state_value_rms:      3.8054	amco_v_to_m_ratio:        10.3180	battle_won_mean:           0.0000
credit_entropy:            0.9804	credit_grad_agent_0:       0.2137	credit_grad_agent_1:       0.3111	credit_grad_agent_2:       0.2057
credit_grad_agent_3:       0.2027	credit_grad_agent_4:       0.1971	credit_grad_agent_5:       0.1918	credit_grad_agent_6:       0.1796
credit_grad_agent_7:       0.1647	credit_grad_agent_8:       0.1709	credit_grad_agent_9:       0.4060	credit_grad_cv:            0.3252
credit_grad_max:           0.4406	credit_grad_mean:          0.2243	credit_grad_median:        0.1985	credit_grad_min:           0.1303
credit_grad_near_zero_frac:  0.0000	credit_grad_negative_frac:  0.0000	credit_grad_p10:           0.1674	credit_grad_p90:           0.3386
credit_grad_std:           0.0730	credit_max_share:          0.1810	dead_allies_mean:          9.7800	dead_enemies_mean:         6.1754
ep_length_mean:           70.9349	epsilon:                   0.0500	grad_norm:                 0.6090	loss:                      0.0272
q_taken_mean:              0.2966	return_mean:              10.3000	return_std:                1.7067	target_mean:               0.2951
td_error_abs:              0.1097	test_battle_won_mean:      0.0063	test_dead_allies_mean:     9.7875	test_dead_enemies_mean:    6.5062
test_ep_length_mean:      68.1437	test_return_mean:         10.7030	test_return_std:           1.5264	
[INFO 13:54:54] my_main Updated target network
[INFO 13:56:22] my_main t_env: 471836 / 2050000
[INFO 13:56:22] my_main Estimated time left: 7 hours, 28 minutes, 13 seconds. Time passed: 3 hours, 10 minutes, 38 seconds
[INFO 13:56:48] my_main Recent Stats | t_env:     471836 | Episode:    10276
amco_input_q_weight_grad_norm:  0.0059	amco_input_q_weight_grad_rms:  0.0002	amco_input_state_to_q_grad_rms_ratio:  0.0120	amco_input_state_weight_grad_norm:  0.0002
amco_input_state_weight_grad_rms:  0.0000	amco_layer_0_activation_slope_mean:  0.4705	amco_layer_0_activation_slope_p10:  0.4335	amco_layer_0_nonpositive_frac:  0.7054
amco_layer_0_preactivation_mean: -0.0595	amco_layer_0_preactivation_std:  0.0600	amco_layer_1_activation_slope_mean:  0.4869	amco_layer_1_activation_slope_p10:  0.4398
amco_layer_1_nonpositive_frac:  0.6729	amco_layer_1_preactivation_mean: -0.0245	amco_layer_1_preactivation_std:  0.0746	amco_layer_2_activation_slope_mean:  0.5136
amco_layer_2_activation_slope_p10:  0.4489	amco_layer_2_nonpositive_frac:  0.5897	amco_layer_2_preactivation_mean:  0.0331	amco_layer_2_preactivation_std:  0.1154
amco_mixing_output_rms:    0.3751	amco_pre_activation_nonpositive_frac:  0.6560	amco_q_term_rms:           0.1727	amco_state_credit_delta:   0.0003
amco_state_credit_share_delta:  0.0001	amco_state_encoder_grad_norm:  0.0002	amco_state_encoder_grad_rms:  0.0000	amco_state_term_rms:       0.0171
amco_state_to_q_ratio:     0.0990	amco_state_value_rms:      3.8117	amco_v_to_m_ratio:        10.2621	battle_won_mean:           0.0033
credit_entropy:            0.9808	credit_grad_agent_0:       0.2139	credit_grad_agent_1:       0.3104	credit_grad_agent_2:       0.2052
credit_grad_agent_3:       0.2064	credit_grad_agent_4:       0.1990	credit_grad_agent_5:       0.1922	credit_grad_agent_6:       0.1795
credit_grad_agent_7:       0.1651	credit_grad_agent_8:       0.1744	credit_grad_agent_9:       0.4067	credit_grad_cv:            0.3218
credit_grad_max:           0.4399	credit_grad_mean:          0.2253	credit_grad_median:        0.2000	credit_grad_min:           0.1319
credit_grad_near_zero_frac:  0.0000	credit_grad_negative_frac:  0.0000	credit_grad_p10:           0.1689	credit_grad_p90:           0.3372
credit_grad_std:           0.0725	credit_max_share:          0.1805	dead_allies_mean:          9.7441	dead_enemies_mean:         6.3167
ep_length_mean:           73.1915	epsilon:                   0.0500	grad_norm:                 0.6154	loss:                      0.0274
q_taken_mean:              0.2967	return_mean:              10.4040	return_std:                1.8062	target_mean:               0.2951
td_error_abs:              0.1099	test_battle_won_mean:      0.0125	test_dead_allies_mean:     9.7312	test_dead_enemies_mean:    6.6375
test_ep_length_mean:      72.1125	test_return_mean:         10.8699	test_return_std:           1.6693	
[INFO 13:59:17] my_main Updated target network
[INFO 13:59:28] my_main t_env: 481856 / 2050000
[INFO 13:59:28] my_main Estimated time left: 8 hours, 5 minutes, 31 seconds. Time passed: 3 hours, 13 minutes, 44 seconds
[INFO 13:59:57] my_main Recent Stats | t_env:     481856 | Episode:    10412
amco_input_q_weight_grad_norm:  0.0064	amco_input_q_weight_grad_rms:  0.0002	amco_input_state_to_q_grad_rms_ratio:  0.0126	amco_input_state_weight_grad_norm:  0.0002
amco_input_state_weight_grad_rms:  0.0000	amco_layer_0_activation_slope_mean:  0.4656	amco_layer_0_activation_slope_p10:  0.4294	amco_layer_0_nonpositive_frac:  0.7351
amco_layer_0_preactivation_mean: -0.0694	amco_layer_0_preactivation_std:  0.0586	amco_layer_1_activation_slope_mean:  0.4813	amco_layer_1_activation_slope_p10:  0.4354
amco_layer_1_nonpositive_frac:  0.7056	amco_layer_1_preactivation_mean: -0.0360	amco_layer_1_preactivation_std:  0.0735	amco_layer_2_activation_slope_mean:  0.5087
amco_layer_2_activation_slope_p10:  0.4450	amco_layer_2_nonpositive_frac:  0.6274	amco_layer_2_preactivation_mean:  0.0229	amco_layer_2_preactivation_std:  0.1124
amco_mixing_output_rms:    0.3578	amco_pre_activation_nonpositive_frac:  0.6894	amco_q_term_rms:           0.1722	amco_state_credit_delta:   0.0003
amco_state_credit_share_delta:  0.0001	amco_state_encoder_grad_norm:  0.0002	amco_state_encoder_grad_rms:  0.0000	amco_state_term_rms:       0.0171
amco_state_to_q_ratio:     0.0992	amco_state_value_rms:      3.6217	amco_v_to_m_ratio:        10.2335	battle_won_mean:           0.0033
credit_entropy:            0.9813	credit_grad_agent_0:       0.2182	credit_grad_agent_1:       0.3144	credit_grad_agent_2:       0.2080
credit_grad_agent_3:       0.2132	credit_grad_agent_4:       0.2041	credit_grad_agent_5:       0.1958	credit_grad_agent_6:       0.1817
credit_grad_agent_7:       0.1668	credit_grad_agent_8:       0.1789	credit_grad_agent_9:       0.4105	credit_grad_cv:            0.3164
credit_grad_max:           0.4430	credit_grad_mean:          0.2292	credit_grad_median:        0.2041	credit_grad_min:           0.1336
credit_grad_near_zero_frac:  0.0000	credit_grad_negative_frac:  0.0000	credit_grad_p10:           0.1717	credit_grad_p90:           0.3407
credit_grad_std:           0.0725	credit_max_share:          0.1791	dead_allies_mean:          9.7312	dead_enemies_mean:         6.4034
ep_length_mean:           74.7360	epsilon:                   0.0500	grad_norm:                 0.6645	loss:                      0.0258
q_taken_mean:              0.2697	return_mean:              10.4754	return_std:                1.8161	target_mean:               0.2674
td_error_abs:              0.1053	test_battle_won_mean:      0.0125	test_dead_allies_mean:     9.7000	test_dead_enemies_mean:    6.7562
test_ep_length_mean:      76.1437	test_return_mean:         11.0219	test_return_std:           1.7788	
[INFO 14:02:33] my_main t_env: 491943 / 2050000
[INFO 14:02:33] my_main Estimated time left: 7 hours, 57 minutes, 11 seconds. Time passed: 3 hours, 16 minutes, 49 seconds
RequestQuit command received.
DataHandler: unable to parse websocket frame.
CloseHandler: 127.0.0.1:33786 disconnected
Closing Application...
[INFO 14:03:02] absl Shutdown gracefully.
[INFO 14:03:02] absl Shutdown with return code: -15
[INFO 14:03:02] absl Launching SC2: /data/workspace/wxr/pymarl-monotone-qmix/3rdparty/StarCraftII/Versions/Base75689/SC2_x64 -listen 127.0.0.1 -port 39935 -dataDir /data/workspace/wxr/pymarl-monotone-qmix/3rdparty/StarCraftII/ -tempDir /tmp/sc-artbpnxd/
Version: B75689 (SC2.4.10)
Build: Aug 12 2019 17:16:57
Command Line: '"/data/workspace/wxr/pymarl-monotone-qmix/3rdparty/StarCraftII/Versions/Base75689/SC2_x64" -listen 127.0.0.1 -port 39935 -dataDir /data/workspace/wxr/pymarl-monotone-qmix/3rdparty/StarCraftII/ -tempDir /tmp/sc-artbpnxd/'
[INFO 14:03:03] absl Connecting to: ws://127.0.0.1:39935/sc2api, attempt: 0, running: True
Starting up...
Startup Phase 1 complete
[INFO 14:03:04] absl Connecting to: ws://127.0.0.1:39935/sc2api, attempt: 1, running: True
Startup Phase 2 complete
Creating stub renderer...
Listening on: 127.0.0.1:39935
Startup Phase 3 complete. Ready for commands.
[INFO 14:03:05] absl Connecting to: ws://127.0.0.1:39935/sc2api, attempt: 2, running: True
ConnectHandler: Request from 127.0.0.1:60512 accepted
ReadyHandler: 127.0.0.1:60512 ready
Requesting to join a single player game
Configuring interface options
Configure: raw interface enabled
Configure: feature layer interface disabled
Configure: score interface disabled
Configure: render interface disabled
Launching next game.
Next launch phase started: 2
Next launch phase started: 3
Next launch phase started: 4
Next launch phase started: 5
Next launch phase started: 6
Next launch phase started: 7
Next launch phase started: 8
Game has started.
Using default stable ids, none found at: /data/workspace/wxr/pymarl-monotone-qmix/3rdparty/StarCraftII/stableid.json
Successfully loaded stable ids: GameData\stableid.json
Sending ResponseJoinGame
[INFO 14:03:17] my_main Recent Stats | t_env:     491943 | Episode:    10548
amco_input_q_weight_grad_norm:  0.0065	amco_input_q_weight_grad_rms:  0.0002	amco_input_state_to_q_grad_rms_ratio:  0.0137	amco_input_state_weight_grad_norm:  0.0002
amco_input_state_weight_grad_rms:  0.0000	amco_layer_0_activation_slope_mean:  0.4669	amco_layer_0_activation_slope_p10:  0.4308	amco_layer_0_nonpositive_frac:  0.7339
amco_layer_0_preactivation_mean: -0.0667	amco_layer_0_preactivation_std:  0.0586	amco_layer_1_activation_slope_mean:  0.4829	amco_layer_1_activation_slope_p10:  0.4367
amco_layer_1_nonpositive_frac:  0.7039	amco_layer_1_preactivation_mean: -0.0324	amco_layer_1_preactivation_std:  0.0743	amco_layer_2_activation_slope_mean:  0.5099
amco_layer_2_activation_slope_p10:  0.4462	amco_layer_2_nonpositive_frac:  0.6241	amco_layer_2_preactivation_mean:  0.0259	amco_layer_2_preactivation_std:  0.1132
amco_mixing_output_rms:    0.3636	amco_pre_activation_nonpositive_frac:  0.6873	amco_q_term_rms:           0.1724	amco_state_credit_delta:   0.0003
amco_state_credit_share_delta:  0.0001	amco_state_encoder_grad_norm:  0.0002	amco_state_encoder_grad_rms:  0.0000	amco_state_term_rms:       0.0170
amco_state_to_q_ratio:     0.0988	amco_state_value_rms:      3.5739	amco_v_to_m_ratio:         9.9837	battle_won_mean:           0.0033
credit_entropy:            0.9819	credit_grad_agent_0:       0.2213	credit_grad_agent_1:       0.3162	credit_grad_agent_2:       0.2093
credit_grad_agent_3:       0.2171	credit_grad_agent_4:       0.2061	credit_grad_agent_5:       0.1968	credit_grad_agent_6:       0.1825
credit_grad_agent_7:       0.1674	credit_grad_agent_8:       0.1811	credit_grad_agent_9:       0.4076	credit_grad_cv:            0.3100
credit_grad_max:           0.4387	credit_grad_mean:          0.2305	credit_grad_median:        0.2063	credit_grad_min:           0.1338
credit_grad_near_zero_frac:  0.0000	credit_grad_negative_frac:  0.0000	credit_grad_p10:           0.1729	credit_grad_p90:           0.3413
credit_grad_std:           0.0714	credit_max_share:          0.1769	dead_allies_mean:          9.7217	dead_enemies_mean:         6.4389
ep_length_mean:           76.8433	epsilon:                   0.0500	grad_norm:                 0.6540	loss:                      0.0249
q_taken_mean:              0.2627	return_mean:              10.5015	return_std:                1.8386	target_mean:               0.2603
td_error_abs:              0.1037	test_battle_won_mean:      0.0125	test_dead_allies_mean:     9.6188	test_dead_enemies_mean:    6.7812
test_ep_length_mean:      79.9250	test_return_mean:         11.0750	test_return_std:           1.7472	
[INFO 14:04:24] my_main Updated target network
[INFO 14:05:44] my_main t_env: 501949 / 2050000
[INFO 14:05:44] my_main Estimated time left: 8 hours, 12 minutes, 7 seconds. Time passed: 3 hours, 20 minutes, 0 seconds
[INFO 14:06:15] my_main Recent Stats | t_env:     501949 | Episode:    10673
amco_input_q_weight_grad_norm:  0.0062	amco_input_q_weight_grad_rms:  0.0002	amco_input_state_to_q_grad_rms_ratio:  0.0137	amco_input_state_weight_grad_norm:  0.0002
amco_input_state_weight_grad_rms:  0.0000	amco_layer_0_activation_slope_mean:  0.4637	amco_layer_0_activation_slope_p10:  0.4282	amco_layer_0_nonpositive_frac:  0.7533
amco_layer_0_preactivation_mean: -0.0731	amco_layer_0_preactivation_std:  0.0578	amco_layer_1_activation_slope_mean:  0.4792	amco_layer_1_activation_slope_p10:  0.4335
amco_layer_1_nonpositive_frac:  0.7261	amco_layer_1_preactivation_mean: -0.0397	amco_layer_1_preactivation_std:  0.0744	amco_layer_2_activation_slope_mean:  0.5067
amco_layer_2_activation_slope_p10:  0.4435	amco_layer_2_nonpositive_frac:  0.6497	amco_layer_2_preactivation_mean:  0.0194	amco_layer_2_preactivation_std:  0.1117
amco_mixing_output_rms:    0.3553	amco_pre_activation_nonpositive_frac:  0.7097	amco_q_term_rms:           0.1734	amco_state_credit_delta:   0.0004
amco_state_credit_share_delta:  0.0001	amco_state_encoder_grad_norm:  0.0002	amco_state_encoder_grad_rms:  0.0000	amco_state_term_rms:       0.0170
amco_state_to_q_ratio:     0.0983	amco_state_value_rms:      3.4388	amco_v_to_m_ratio:         9.8392	battle_won_mean:           0.0049
credit_entropy:            0.9825	credit_grad_agent_0:       0.2253	credit_grad_agent_1:       0.3171	credit_grad_agent_2:       0.2110
credit_grad_agent_3:       0.2194	credit_grad_agent_4:       0.2062	credit_grad_agent_5:       0.1984	credit_grad_agent_6:       0.1831
credit_grad_agent_7:       0.1666	credit_grad_agent_8:       0.1838	credit_grad_agent_9:       0.4040	credit_grad_cv:            0.3037
credit_grad_max:           0.4356	credit_grad_mean:          0.2315	credit_grad_median:        0.2081	credit_grad_min:           0.1323
credit_grad_near_zero_frac:  0.0000	credit_grad_negative_frac:  0.0000	credit_grad_p10:           0.1735	credit_grad_p90:           0.3426
credit_grad_std:           0.0702	credit_max_share:          0.1747	dead_allies_mean:          9.7059	dead_enemies_mean:         6.4075
ep_length_mean:           78.1244	epsilon:                   0.0500	grad_norm:                 0.5620	loss:                      0.0222
q_taken_mean:              0.2434	return_mean:              10.5394	return_std:                1.8146	target_mean:               0.2414
td_error_abs:              0.0972	test_battle_won_mean:      0.0125	test_dead_allies_mean:     9.5500	test_dead_enemies_mean:    6.9500
test_ep_length_mean:      87.5000	test_return_mean:         11.2561	test_return_std:           1.8166	
[INFO 14:08:31] my_main t_env: 511986 / 2050000
[INFO 14:08:31] my_main Estimated time left: 7 hours, 7 minutes, 13 seconds. Time passed: 3 hours, 22 minutes, 47 seconds
[INFO 14:09:09] my_main Recent Stats | t_env:     511986 | Episode:    10785
amco_input_q_weight_grad_norm:  0.0048	amco_input_q_weight_grad_rms:  0.0002	amco_input_state_to_q_grad_rms_ratio:  0.0152	amco_input_state_weight_grad_norm:  0.0002
amco_input_state_weight_grad_rms:  0.0000	amco_layer_0_activation_slope_mean:  0.4688	amco_layer_0_activation_slope_p10:  0.4324	amco_layer_0_nonpositive_frac:  0.7279
amco_layer_0_preactivation_mean: -0.0627	amco_layer_0_preactivation_std:  0.0593	amco_layer_1_activation_slope_mean:  0.4849	amco_layer_1_activation_slope_p10:  0.4373
amco_layer_1_nonpositive_frac:  0.7001	amco_layer_1_preactivation_mean: -0.0277	amco_layer_1_preactivation_std:  0.0775	amco_layer_2_activation_slope_mean:  0.5112
amco_layer_2_activation_slope_p10:  0.4452	amco_layer_2_nonpositive_frac:  0.6275	amco_layer_2_preactivation_mean:  0.0298	amco_layer_2_preactivation_std:  0.1191
amco_mixing_output_rms:    0.3887	amco_pre_activation_nonpositive_frac:  0.6852	amco_q_term_rms:           0.1765	amco_state_credit_delta:   0.0004
amco_state_credit_share_delta:  0.0001	amco_state_encoder_grad_norm:  0.0002	amco_state_encoder_grad_rms:  0.0000	amco_state_term_rms:       0.0170
amco_state_to_q_ratio:     0.0965	amco_state_value_rms:      3.6504	amco_v_to_m_ratio:         9.4385	battle_won_mean:           0.0049
credit_entropy:            0.9830	credit_grad_agent_0:       0.2344	credit_grad_agent_1:       0.3256	credit_grad_agent_2:       0.2161
credit_grad_agent_3:       0.2258	credit_grad_agent_4:       0.2111	credit_grad_agent_5:       0.2051	credit_grad_agent_6:       0.1872
credit_grad_agent_7:       0.1703	credit_grad_agent_8:       0.1889	credit_grad_agent_9:       0.4095	credit_grad_cv:            0.2987
credit_grad_max:           0.4401	credit_grad_mean:          0.2374	credit_grad_median:        0.2141	credit_grad_min:           0.1331
credit_grad_near_zero_frac:  0.0000	credit_grad_negative_frac:  0.0000	credit_grad_p10:           0.1771	credit_grad_p90:           0.3504
credit_grad_std:           0.0709	credit_max_share:          0.1725	dead_allies_mean:          9.6976	dead_enemies_mean:         6.4241
ep_length_mean:           80.0380	epsilon:                   0.0500	grad_norm:                 0.5057	loss:                      0.0219
q_taken_mean:              0.2679	return_mean:              10.5945	return_std:                1.7856	target_mean:               0.2663
td_error_abs:              0.0970	test_battle_won_mean:      0.0312	test_dead_allies_mean:     9.3875	test_dead_enemies_mean:    7.0500
test_ep_length_mean:      96.9875	test_return_mean:         11.5545	test_return_std:           2.0784	
[INFO 14:09:28] my_main Updated target network
[INFO 14:11:40] my_main t_env: 521995 / 2050000
[INFO 14:11:40] my_main Estimated time left: 8 hours, 11 seconds. Time passed: 3 hours, 25 minutes, 56 seconds
[INFO 14:12:14] my_main Recent Stats | t_env:     521995 | Episode:    10901
amco_input_q_weight_grad_norm:  0.0052	amco_input_q_weight_grad_rms:  0.0002	amco_input_state_to_q_grad_rms_ratio:  0.0138	amco_input_state_weight_grad_norm:  0.0002
amco_input_state_weight_grad_rms:  0.0000	amco_layer_0_activation_slope_mean:  0.4676	amco_layer_0_activation_slope_p10:  0.4314	amco_layer_0_nonpositive_frac:  0.7372
amco_layer_0_preactivation_mean: -0.0650	amco_layer_0_preactivation_std:  0.0592	amco_layer_1_activation_slope_mean:  0.4837	amco_layer_1_activation_slope_p10:  0.4359
amco_layer_1_nonpositive_frac:  0.7110	amco_layer_1_preactivation_mean: -0.0301	amco_layer_1_preactivation_std:  0.0781	amco_layer_2_activation_slope_mean:  0.5100
amco_layer_2_activation_slope_p10:  0.4438	amco_layer_2_nonpositive_frac:  0.6566	amco_layer_2_preactivation_mean:  0.0276	amco_layer_2_preactivation_std:  0.1197
amco_mixing_output_rms:    0.3903	amco_pre_activation_nonpositive_frac:  0.7016	amco_q_term_rms:           0.1778	amco_state_credit_delta:   0.0004
amco_state_credit_share_delta:  0.0001	amco_state_encoder_grad_norm:  0.0002	amco_state_encoder_grad_rms:  0.0000	amco_state_term_rms:       0.0170
amco_state_to_q_ratio:     0.0959	amco_state_value_rms:      3.6459	amco_v_to_m_ratio:         9.3902	battle_won_mean:           0.0068
credit_entropy:            0.9837	credit_grad_agent_0:       0.2411	credit_grad_agent_1:       0.3299	credit_grad_agent_2:       0.2197
credit_grad_agent_3:       0.2299	credit_grad_agent_4:       0.2139	credit_grad_agent_5:       0.2091	credit_grad_agent_6:       0.1910
credit_grad_agent_7:       0.1714	credit_grad_agent_8:       0.1916	credit_grad_agent_9:       0.4086	credit_grad_cv:            0.2919
credit_grad_max:           0.4392	credit_grad_mean:          0.2406	credit_grad_median:        0.2175	credit_grad_min:           0.1319
credit_grad_near_zero_frac:  0.0000	credit_grad_negative_frac:  0.0000	credit_grad_p10:           0.1786	credit_grad_p90:           0.3541
credit_grad_std:           0.0702	credit_max_share:          0.1699	dead_allies_mean:          9.6867	dead_enemies_mean:         6.4259
ep_length_mean:           80.7588	epsilon:                   0.0500	grad_norm:                 0.5222	loss:                      0.0209
q_taken_mean:              0.2640	return_mean:              10.6753	return_std:                1.7907	target_mean:               0.2625
td_error_abs:              0.0947	test_battle_won_mean:      0.0312	test_dead_allies_mean:     9.3375	test_dead_enemies_mean:    7.0687
test_ep_length_mean:     103.3375	test_return_mean:         11.5224	test_return_std:           2.0717	
[INFO 14:14:13] my_main Updated target network
[INFO 14:14:38] my_main t_env: 532073 / 2050000
[INFO 14:14:38] my_main Estimated time left: 7 hours, 26 minutes, 4 seconds. Time passed: 3 hours, 28 minutes, 54 seconds
[INFO 14:15:08] my_main Recent Stats | t_env:     532073 | Episode:    11021
amco_input_q_weight_grad_norm:  0.0048	amco_input_q_weight_grad_rms:  0.0002	amco_input_state_to_q_grad_rms_ratio:  0.0134	amco_input_state_weight_grad_norm:  0.0002
amco_input_state_weight_grad_rms:  0.0000	amco_layer_0_activation_slope_mean:  0.4692	amco_layer_0_activation_slope_p10:  0.4326	amco_layer_0_nonpositive_frac:  0.7304
amco_layer_0_preactivation_mean: -0.0617	amco_layer_0_preactivation_std:  0.0601	amco_layer_1_activation_slope_mean:  0.4854	amco_layer_1_activation_slope_p10:  0.4367
amco_layer_1_nonpositive_frac:  0.7044	amco_layer_1_preactivation_mean: -0.0264	amco_layer_1_preactivation_std:  0.0798	amco_layer_2_activation_slope_mean:  0.5112
amco_layer_2_activation_slope_p10:  0.4434	amco_layer_2_nonpositive_frac:  0.6572	amco_layer_2_preactivation_mean:  0.0309	amco_layer_2_preactivation_std:  0.1236
amco_mixing_output_rms:    0.4071	amco_pre_activation_nonpositive_frac:  0.6974	amco_q_term_rms:           0.1802	amco_state_credit_delta:   0.0004
amco_state_credit_share_delta:  0.0001	amco_state_encoder_grad_norm:  0.0002	amco_state_encoder_grad_rms:  0.0000	amco_state_term_rms:       0.0170
amco_state_to_q_ratio:     0.0946	amco_state_value_rms:      3.7216	amco_v_to_m_ratio:         9.1384	battle_won_mean:           0.0118
credit_entropy:            0.9844	credit_grad_agent_0:       0.2494	credit_grad_agent_1:       0.3367	credit_grad_agent_2:       0.2234
credit_grad_agent_3:       0.2358	credit_grad_agent_4:       0.2184	credit_grad_agent_5:       0.2150	credit_grad_agent_6:       0.1964
credit_grad_agent_7:       0.1763	credit_grad_agent_8:       0.1951	credit_grad_agent_9:       0.4115	credit_grad_cv:            0.2856
credit_grad_max:           0.4422	credit_grad_mean:          0.2458	credit_grad_median:        0.2224	credit_grad_min:           0.1354
credit_grad_near_zero_frac:  0.0000	credit_grad_negative_frac:  0.0000	credit_grad_p10:           0.1831	credit_grad_p90:           0.3608
credit_grad_std:           0.0701	credit_max_share:          0.1675	dead_allies_mean:          9.6471	dead_enemies_mean:         6.4074
ep_length_mean:           82.8202	epsilon:                   0.0500	grad_norm:                 0.4803	loss:                      0.0206
q_taken_mean:              0.2710	return_mean:              10.7022	return_std:                1.8527	target_mean:               0.2708
td_error_abs:              0.0934	test_battle_won_mean:      0.0312	test_dead_allies_mean:     9.3000	test_dead_enemies_mean:    7.0125
test_ep_length_mean:     106.7375	test_return_mean:         11.5054	test_return_std:           2.0269	
[INFO 14:17:38] my_main t_env: 542194 / 2050000
[INFO 14:17:38] my_main Estimated time left: 7 hours, 26 minutes, 55 seconds. Time passed: 3 hours, 31 minutes, 54 seconds
DataHandler: unable to parse websocket frame.
CloseHandler: 127.0.0.1:60512 disconnected
[INFO 14:17:46] absl Shutdown gracefully.
[INFO 14:17:46] absl Shutdown with return code: -15
[INFO 14:17:46] absl Launching SC2: /data/workspace/wxr/pymarl-monotone-qmix/3rdparty/StarCraftII/Versions/Base75689/SC2_x64 -listen 127.0.0.1 -port 45851 -dataDir /data/workspace/wxr/pymarl-monotone-qmix/3rdparty/StarCraftII/ -tempDir /tmp/sc-z9xgdgsd/
[INFO 14:17:47] absl Connecting to: ws://127.0.0.1:45851/sc2api, attempt: 0, running: True
Version: B75689 (SC2.4.10)
Build: Aug 12 2019 17:16:57
Command Line: '"/data/workspace/wxr/pymarl-monotone-qmix/3rdparty/StarCraftII/Versions/Base75689/SC2_x64" -listen 127.0.0.1 -port 45851 -dataDir /data/workspace/wxr/pymarl-monotone-qmix/3rdparty/StarCraftII/ -tempDir /tmp/sc-z9xgdgsd/'
Starting up...
Startup Phase 1 complete
[INFO 14:17:48] absl Connecting to: ws://127.0.0.1:45851/sc2api, attempt: 1, running: True
Startup Phase 2 complete
Creating stub renderer...
Listening on: 127.0.0.1:45851
Startup Phase 3 complete. Ready for commands.
[INFO 14:17:49] absl Connecting to: ws://127.0.0.1:45851/sc2api, attempt: 2, running: True
ConnectHandler: Request from 127.0.0.1:55424 accepted
ReadyHandler: 127.0.0.1:55424 ready
Requesting to join a single player game
Configuring interface options
Configure: raw interface enabled
Configure: feature layer interface disabled
Configure: score interface disabled
Configure: render interface disabled
Launching next game.
Next launch phase started: 2
Next launch phase started: 3
Next launch phase started: 4
Next launch phase started: 5
Next launch phase started: 6
Next launch phase started: 7
Next launch phase started: 8
Game has started.
Using default stable ids, none found at: /data/workspace/wxr/pymarl-monotone-qmix/3rdparty/StarCraftII/stableid.json
Successfully loaded stable ids: GameData\stableid.json
Sending ResponseJoinGame
[INFO 14:18:11] my_main Recent Stats | t_env:     542194 | Episode:    11141
amco_input_q_weight_grad_norm:  0.0047	amco_input_q_weight_grad_rms:  0.0002	amco_input_state_to_q_grad_rms_ratio:  0.0125	amco_input_state_weight_grad_norm:  0.0002
amco_input_state_weight_grad_rms:  0.0000	amco_layer_0_activation_slope_mean:  0.4705	amco_layer_0_activation_slope_p10:  0.4337	amco_layer_0_nonpositive_frac:  0.7263
amco_layer_0_preactivation_mean: -0.0591	amco_layer_0_preactivation_std:  0.0604	amco_layer_1_activation_slope_mean:  0.4869	amco_layer_1_activation_slope_p10:  0.4380
amco_layer_1_nonpositive_frac:  0.6978	amco_layer_1_preactivation_mean: -0.0231	amco_layer_1_preactivation_std:  0.0803	amco_layer_2_activation_slope_mean:  0.5123
amco_layer_2_activation_slope_p10:  0.4446	amco_layer_2_nonpositive_frac:  0.6510	amco_layer_2_preactivation_mean:  0.0337	amco_layer_2_preactivation_std:  0.1250
amco_mixing_output_rms:    0.4145	amco_pre_activation_nonpositive_frac:  0.6917	amco_q_term_rms:           0.1807	amco_state_credit_delta:   0.0004
amco_state_credit_share_delta:  0.0001	amco_state_encoder_grad_norm:  0.0001	amco_state_encoder_grad_rms:  0.0000	amco_state_term_rms:       0.0171
amco_state_to_q_ratio:     0.0944	amco_state_value_rms:      3.8297	amco_v_to_m_ratio:         9.2337	battle_won_mean:           0.0168
credit_entropy:            0.9848	credit_grad_agent_0:       0.2544	credit_grad_agent_1:       0.3401	credit_grad_agent_2:       0.2252
credit_grad_agent_3:       0.2411	credit_grad_agent_4:       0.2195	credit_grad_agent_5:       0.2182	credit_grad_agent_6:       0.2001
credit_grad_agent_7:       0.1774	credit_grad_agent_8:       0.1967	credit_grad_agent_9:       0.4108	credit_grad_cv:            0.2811
credit_grad_max:           0.4407	credit_grad_mean:          0.2484	credit_grad_median:        0.2246	credit_grad_min:           0.1348
credit_grad_near_zero_frac:  0.0000	credit_grad_negative_frac:  0.0000	credit_grad_p10:           0.1844	credit_grad_p90:           0.3633
credit_grad_std:           0.0698	credit_max_share:          0.1655	dead_allies_mean:          9.6121	dead_enemies_mean:         6.4145
ep_length_mean:           84.8547	epsilon:                   0.0500	grad_norm:                 0.4174	loss:                      0.0217
q_taken_mean:              0.2824	return_mean:              10.7951	return_std:                1.9518	target_mean:               0.2830
td_error_abs:              0.0956	test_battle_won_mean:      0.0437	test_dead_allies_mean:     9.3125	test_dead_enemies_mean:    7.2188
test_ep_length_mean:     100.0187	test_return_mean:         11.7057	test_return_std:           2.2076	
[INFO 14:19:20] my_main Updated target network
[INFO 14:20:41] my_main t_env: 552212 / 2050000
[INFO 14:20:41] my_main Estimated time left: 7 hours, 35 minutes, 55 seconds. Time passed: 3 hours, 34 minutes, 57 seconds
[INFO 14:21:08] my_main Recent Stats | t_env:     552212 | Episode:    11266
amco_input_q_weight_grad_norm:  0.0042	amco_input_q_weight_grad_rms:  0.0001	amco_input_state_to_q_grad_rms_ratio:  0.0173	amco_input_state_weight_grad_norm:  0.0002
amco_input_state_weight_grad_rms:  0.0000	amco_layer_0_activation_slope_mean:  0.4738	amco_layer_0_activation_slope_p10:  0.4366	amco_layer_0_nonpositive_frac:  0.7124
amco_layer_0_preactivation_mean: -0.0525	amco_layer_0_preactivation_std:  0.0608	amco_layer_1_activation_slope_mean:  0.4907	amco_layer_1_activation_slope_p10:  0.4416
amco_layer_1_nonpositive_frac:  0.6798	amco_layer_1_preactivation_mean: -0.0153	amco_layer_1_preactivation_std:  0.0802	amco_layer_2_activation_slope_mean:  0.5155
amco_layer_2_activation_slope_p10:  0.4483	amco_layer_2_nonpositive_frac:  0.6296	amco_layer_2_preactivation_mean:  0.0404	amco_layer_2_preactivation_std:  0.1259
amco_mixing_output_rms:    0.4245	amco_pre_activation_nonpositive_frac:  0.6739	amco_q_term_rms:           0.1780	amco_state_credit_delta:   0.0004
amco_state_credit_share_delta:  0.0001	amco_state_encoder_grad_norm:  0.0001	amco_state_encoder_grad_rms:  0.0000	amco_state_term_rms:       0.0171
amco_state_to_q_ratio:     0.0960	amco_state_value_rms:      3.9798	amco_v_to_m_ratio:         9.3757	battle_won_mean:           0.0152
credit_entropy:            0.9853	credit_grad_agent_0:       0.2616	credit_grad_agent_1:       0.3443	credit_grad_agent_2:       0.2277
credit_grad_agent_3:       0.2490	credit_grad_agent_4:       0.2231	credit_grad_agent_5:       0.2235	credit_grad_agent_6:       0.2051
credit_grad_agent_7:       0.1814	credit_grad_agent_8:       0.1996	credit_grad_agent_9:       0.4139	credit_grad_cv:            0.2757
credit_grad_max:           0.4420	credit_grad_mean:          0.2529	credit_grad_median:        0.2287	credit_grad_min:           0.1380
credit_grad_near_zero_frac:  0.0000	credit_grad_negative_frac:  0.0000	credit_grad_p10:           0.1879	credit_grad_p90:           0.3661
credit_grad_std:           0.0697	credit_max_share:          0.1637	dead_allies_mean:          9.6201	dead_enemies_mean:         6.4929
ep_length_mean:           84.8739	epsilon:                   0.0500	grad_norm:                 0.3614	loss:                      0.0226
q_taken_mean:              0.3006	return_mean:              10.8501	return_std:                1.8988	target_mean:               0.3015
td_error_abs:              0.0994	test_battle_won_mean:      0.0375	test_dead_allies_mean:     9.3875	test_dead_enemies_mean:    7.2188
test_ep_length_mean:      95.2750	test_return_mean:         11.6225	test_return_std:           2.1090	
[INFO 14:23:30] my_main t_env: 562355 / 2050000
[INFO 14:23:30] my_main Estimated time left: 6 hours, 53 minutes, 36 seconds. Time passed: 3 hours, 37 minutes, 46 seconds
[INFO 14:24:02] my_main Recent Stats | t_env:     562355 | Episode:    11383
amco_input_q_weight_grad_norm:  0.0043	amco_input_q_weight_grad_rms:  0.0001	amco_input_state_to_q_grad_rms_ratio:  0.0163	amco_input_state_weight_grad_norm:  0.0002
amco_input_state_weight_grad_rms:  0.0000	amco_layer_0_activation_slope_mean:  0.4722	amco_layer_0_activation_slope_p10:  0.4360	amco_layer_0_nonpositive_frac:  0.7301
amco_layer_0_preactivation_mean: -0.0556	amco_layer_0_preactivation_std:  0.0594	amco_layer_1_activation_slope_mean:  0.4888	amco_layer_1_activation_slope_p10:  0.4408
amco_layer_1_nonpositive_frac:  0.6969	amco_layer_1_preactivation_mean: -0.0190	amco_layer_1_preactivation_std:  0.0789	amco_layer_2_activation_slope_mean:  0.5138
amco_layer_2_activation_slope_p10:  0.4483	amco_layer_2_nonpositive_frac:  0.6524	amco_layer_2_preactivation_mean:  0.0369	amco_layer_2_preactivation_std:  0.1228
amco_mixing_output_rms:    0.4183	amco_pre_activation_nonpositive_frac:  0.6931	amco_q_term_rms:           0.1757	amco_state_credit_delta:   0.0004
amco_state_credit_share_delta:  0.0001	amco_state_encoder_grad_norm:  0.0001	amco_state_encoder_grad_rms:  0.0000	amco_state_term_rms:       0.0171
amco_state_to_q_ratio:     0.0975	amco_state_value_rms:      3.8856	amco_v_to_m_ratio:         9.2868	battle_won_mean:           0.0169
credit_entropy:            0.9860	credit_grad_agent_0:       0.2679	credit_grad_agent_1:       0.3480	credit_grad_agent_2:       0.2312
credit_grad_agent_3:       0.2561	credit_grad_agent_4:       0.2268	credit_grad_agent_5:       0.2281	credit_grad_agent_6:       0.2114
credit_grad_agent_7:       0.1862	credit_grad_agent_8:       0.2029	credit_grad_agent_9:       0.4167	credit_grad_cv:            0.2687
credit_grad_max:           0.4447	credit_grad_mean:          0.2575	credit_grad_median:        0.2324	credit_grad_min:           0.1415
credit_grad_near_zero_frac:  0.0000	credit_grad_negative_frac:  0.0000	credit_grad_p10:           0.1924	credit_grad_p90:           0.3696
credit_grad_std:           0.0692	credit_max_share:          0.1618	dead_allies_mean:          9.6092	dead_enemies_mean:         6.5356
ep_length_mean:           84.2892	epsilon:                   0.0500	grad_norm:                 0.2494	loss:                      0.0209
q_taken_mean:              0.2870	return_mean:              10.8480	return_std:                1.9522	target_mean:               0.2863
td_error_abs:              0.0944	test_battle_won_mean:      0.0187	test_dead_allies_mean:     9.5062	test_dead_enemies_mean:    7.2687
test_ep_length_mean:      89.6437	test_return_mean:         11.4397	test_return_std:           1.8387	
[INFO 14:24:24] my_main Updated target network
[INFO 14:26:29] my_main t_env: 572442 / 2050000
[INFO 14:26:29] my_main Estimated time left: 7 hours, 16 minutes, 46 seconds. Time passed: 3 hours, 40 minutes, 45 seconds
[INFO 14:27:05] my_main Recent Stats | t_env:     572442 | Episode:    11506
amco_input_q_weight_grad_norm:  0.0044	amco_input_q_weight_grad_rms:  0.0001	amco_input_state_to_q_grad_rms_ratio:  0.0167	amco_input_state_weight_grad_norm:  0.0002
amco_input_state_weight_grad_rms:  0.0000	amco_layer_0_activation_slope_mean:  0.4727	amco_layer_0_activation_slope_p10:  0.4369	amco_layer_0_nonpositive_frac:  0.7359
amco_layer_0_preactivation_mean: -0.0545	amco_layer_0_preactivation_std:  0.0588	amco_layer_1_activation_slope_mean:  0.4893	amco_layer_1_activation_slope_p10:  0.4412
amco_layer_1_nonpositive_frac:  0.7028	amco_layer_1_preactivation_mean: -0.0178	amco_layer_1_preactivation_std:  0.0792	amco_layer_2_activation_slope_mean:  0.5140
amco_layer_2_activation_slope_p10:  0.4487	amco_layer_2_nonpositive_frac:  0.6526	amco_layer_2_preactivation_mean:  0.0380	amco_layer_2_preactivation_std:  0.1232
amco_mixing_output_rms:    0.4245	amco_pre_activation_nonpositive_frac:  0.6971	amco_q_term_rms:           0.1754	amco_state_credit_delta:   0.0004
amco_state_credit_share_delta:  0.0001	amco_state_encoder_grad_norm:  0.0001	amco_state_encoder_grad_rms:  0.0000	amco_state_term_rms:       0.0171
amco_state_to_q_ratio:     0.0978	amco_state_value_rms:      3.8193	amco_v_to_m_ratio:         8.9969	battle_won_mean:           0.0117
credit_entropy:            0.9865	credit_grad_agent_0:       0.2741	credit_grad_agent_1:       0.3515	credit_grad_agent_2:       0.2329
credit_grad_agent_3:       0.2624	credit_grad_agent_4:       0.2324	credit_grad_agent_5:       0.2329	credit_grad_agent_6:       0.2183
credit_grad_agent_7:       0.1920	credit_grad_agent_8:       0.2056	credit_grad_agent_9:       0.4217	credit_grad_cv:            0.2637
credit_grad_max:           0.4495	credit_grad_mean:          0.2624	credit_grad_median:        0.2368	credit_grad_min:           0.1460
credit_grad_near_zero_frac:  0.0000	credit_grad_negative_frac:  0.0000	credit_grad_p10:           0.1974	credit_grad_p90:           0.3727
credit_grad_std:           0.0691	credit_max_share:          0.1608	dead_allies_mean:          9.6321	dead_enemies_mean:         6.5394
ep_length_mean:           83.4339	epsilon:                   0.0500	grad_norm:                 0.2857	loss:                      0.0210
q_taken_mean:              0.2784	return_mean:              10.7501	return_std:                1.8852	target_mean:               0.2776
td_error_abs:              0.0927	test_battle_won_mean:      0.0125	test_dead_allies_mean:     9.5312	test_dead_enemies_mean:    7.4188
test_ep_length_mean:      90.9250	test_return_mean:         11.6052	test_return_std:           1.7549	
[INFO 14:28:46] my_main Updated target network
[INFO 14:29:48] my_main t_env: 582572 / 2050000
[INFO 14:29:48] my_main Estimated time left: 8 hours, 24 seconds. Time passed: 3 hours, 44 minutes, 4 seconds
[INFO 14:30:19] my_main Recent Stats | t_env:     582572 | Episode:    11652
amco_input_q_weight_grad_norm:  0.0047	amco_input_q_weight_grad_rms:  0.0002	amco_input_state_to_q_grad_rms_ratio:  0.0166	amco_input_state_weight_grad_norm:  0.0002
amco_input_state_weight_grad_rms:  0.0000	amco_layer_0_activation_slope_mean:  0.4747	amco_layer_0_activation_slope_p10:  0.4394	amco_layer_0_nonpositive_frac:  0.7348
amco_layer_0_preactivation_mean: -0.0502	amco_layer_0_preactivation_std:  0.0580	amco_layer_1_activation_slope_mean:  0.4918	amco_layer_1_activation_slope_p10:  0.4434
amco_layer_1_nonpositive_frac:  0.7010	amco_layer_1_preactivation_mean: -0.0121	amco_layer_1_preactivation_std:  0.0798	amco_layer_2_activation_slope_mean:  0.5160
amco_layer_2_activation_slope_p10:  0.4514	amco_layer_2_nonpositive_frac:  0.6402	amco_layer_2_preactivation_mean:  0.0430	amco_layer_2_preactivation_std:  0.1235
amco_mixing_output_rms:    0.4330	amco_pre_activation_nonpositive_frac:  0.6920	amco_q_term_rms:           0.1755	amco_state_credit_delta:   0.0004
amco_state_credit_share_delta:  0.0001	amco_state_encoder_grad_norm:  0.0001	amco_state_encoder_grad_rms:  0.0000	amco_state_term_rms:       0.0171
amco_state_to_q_ratio:     0.0977	amco_state_value_rms:      3.8131	amco_v_to_m_ratio:         8.8064	battle_won_mean:           0.0094
credit_entropy:            0.9868	credit_grad_agent_0:       0.2747	credit_grad_agent_1:       0.3490	credit_grad_agent_2:       0.2304
credit_grad_agent_3:       0.2639	credit_grad_agent_4:       0.2339	credit_grad_agent_5:       0.2320	credit_grad_agent_6:       0.2202
credit_grad_agent_7:       0.1926	credit_grad_agent_8:       0.2046	credit_grad_agent_9:       0.4193	credit_grad_cv:            0.2608
credit_grad_max:           0.4462	credit_grad_mean:          0.2621	credit_grad_median:        0.2367	credit_grad_min:           0.1458
credit_grad_near_zero_frac:  0.0000	credit_grad_negative_frac:  0.0000	credit_grad_p10:           0.1976	credit_grad_p90:           0.3695
credit_grad_std:           0.0683	credit_max_share:          0.1600	dead_allies_mean:          9.6681	dead_enemies_mean:         6.5344
ep_length_mean:           80.5139	epsilon:                   0.0500	grad_norm:                 0.4429	loss:                      0.0227
q_taken_mean:              0.2778	return_mean:              10.6992	return_std:                1.8657	target_mean:               0.2758
td_error_abs:              0.0947	test_battle_won_mean:      0.0187	test_dead_allies_mean:     9.5312	test_dead_enemies_mean:    7.4375
test_ep_length_mean:      89.6937	test_return_mean:         11.6982	test_return_std:           1.8578	
[INFO 14:32:47] my_main t_env: 592596 / 2050000
[INFO 14:32:47] my_main Estimated time left: 7 hours, 12 minutes, 52 seconds. Time passed: 3 hours, 47 minutes, 2 seconds
RequestQuit command received.
DataHandler: unable to parse websocket frame.
CloseHandler: 127.0.0.1:55424 disconnected
Closing Application...
[INFO 14:33:01] absl Shutdown gracefully.
[INFO 14:33:01] absl Shutdown with return code: -15
[INFO 14:33:01] absl Launching SC2: /data/workspace/wxr/pymarl-monotone-qmix/3rdparty/StarCraftII/Versions/Base75689/SC2_x64 -listen 127.0.0.1 -port 38579 -dataDir /data/workspace/wxr/pymarl-monotone-qmix/3rdparty/StarCraftII/ -tempDir /tmp/sc-91di0jg_/
[INFO 14:33:02] absl Connecting to: ws://127.0.0.1:38579/sc2api, attempt: 0, running: True
Version: B75689 (SC2.4.10)
Build: Aug 12 2019 17:16:57
Command Line: '"/data/workspace/wxr/pymarl-monotone-qmix/3rdparty/StarCraftII/Versions/Base75689/SC2_x64" -listen 127.0.0.1 -port 38579 -dataDir /data/workspace/wxr/pymarl-monotone-qmix/3rdparty/StarCraftII/ -tempDir /tmp/sc-91di0jg_/'
Starting up...
Startup Phase 1 complete
[INFO 14:33:03] absl Connecting to: ws://127.0.0.1:38579/sc2api, attempt: 1, running: True
Startup Phase 2 complete
Creating stub renderer...
[INFO 14:33:04] absl Connecting to: ws://127.0.0.1:38579/sc2api, attempt: 2, running: True
Listening on: 127.0.0.1:38579
Startup Phase 3 complete. Ready for commands.
[INFO 14:33:05] absl Connecting to: ws://127.0.0.1:38579/sc2api, attempt: 3, running: True
ConnectHandler: Request from 127.0.0.1:49290 accepted
ReadyHandler: 127.0.0.1:49290 ready
Requesting to join a single player game
Configuring interface options
Configure: raw interface enabled
Configure: feature layer interface disabled
Configure: score interface disabled
Configure: render interface disabled
Launching next game.
Next launch phase started: 2
Next launch phase started: 3
Next launch phase started: 4
Next launch phase started: 5
Next launch phase started: 6
Next launch phase started: 7
Next launch phase started: 8
Game has started.
Using default stable ids, none found at: /data/workspace/wxr/pymarl-monotone-qmix/3rdparty/StarCraftII/stableid.json
Successfully loaded stable ids: GameData\stableid.json
Sending ResponseJoinGame
[INFO 14:33:23] my_main Recent Stats | t_env:     592596 | Episode:    11772
amco_input_q_weight_grad_norm:  0.0057	amco_input_q_weight_grad_rms:  0.0002	amco_input_state_to_q_grad_rms_ratio:  0.0163	amco_input_state_weight_grad_norm:  0.0002
amco_input_state_weight_grad_rms:  0.0000	amco_layer_0_activation_slope_mean:  0.4725	amco_layer_0_activation_slope_p10:  0.4379	amco_layer_0_nonpositive_frac:  0.7535
amco_layer_0_preactivation_mean: -0.0547	amco_layer_0_preactivation_std:  0.0568	amco_layer_1_activation_slope_mean:  0.4894	amco_layer_1_activation_slope_p10:  0.4420
amco_layer_1_nonpositive_frac:  0.7219	amco_layer_1_preactivation_mean: -0.0172	amco_layer_1_preactivation_std:  0.0783	amco_layer_2_activation_slope_mean:  0.5138
amco_layer_2_activation_slope_p10:  0.4510	amco_layer_2_nonpositive_frac:  0.6435	amco_layer_2_preactivation_mean:  0.0380	amco_layer_2_preactivation_std:  0.1192
amco_mixing_output_rms:    0.4210	amco_pre_activation_nonpositive_frac:  0.7063	amco_q_term_rms:           0.1728	amco_state_credit_delta:   0.0004
amco_state_credit_share_delta:  0.0001	amco_state_encoder_grad_norm:  0.0002	amco_state_encoder_grad_rms:  0.0000	amco_state_term_rms:       0.0172
amco_state_to_q_ratio:     0.0994	amco_state_value_rms:      3.7103	amco_v_to_m_ratio:         8.8223	battle_won_mean:           0.0078
credit_entropy:            0.9871	credit_grad_agent_0:       0.2776	credit_grad_agent_1:       0.3484	credit_grad_agent_2:       0.2272
credit_grad_agent_3:       0.2656	credit_grad_agent_4:       0.2376	credit_grad_agent_5:       0.2338	credit_grad_agent_6:       0.2223
credit_grad_agent_7:       0.1972	credit_grad_agent_8:       0.2051	credit_grad_agent_9:       0.4213	credit_grad_cv:            0.2581
credit_grad_max:           0.4477	credit_grad_mean:          0.2636	credit_grad_median:        0.2383	credit_grad_min:           0.1494
credit_grad_near_zero_frac:  0.0000	credit_grad_negative_frac:  0.0000	credit_grad_p10:           0.2009	credit_grad_p90:           0.3688
credit_grad_std:           0.0680	credit_max_share:          0.1598	dead_allies_mean:          9.6814	dead_enemies_mean:         6.5678
ep_length_mean:           80.3523	epsilon:                   0.0500	grad_norm:                 0.5503	loss:                      0.0216
q_taken_mean:              0.2633	return_mean:              10.7137	return_std:                1.8609	target_mean:               0.2614
td_error_abs:              0.0917	test_battle_won_mean:      0.0187	test_dead_allies_mean:     9.5062	test_dead_enemies_mean:    7.4000
test_ep_length_mean:      90.4125	test_return_mean:         11.6176	test_return_std:           1.8643	
[INFO 14:33:55] my_main Updated target network
[INFO 14:35:52] my_main t_env: 602624 / 2050000
[INFO 14:35:52] my_main Estimated time left: 7 hours, 27 minutes, 10 seconds. Time passed: 3 hours, 50 minutes, 8 seconds
[INFO 14:36:20] my_main Recent Stats | t_env:     602624 | Episode:    11899
amco_input_q_weight_grad_norm:  0.0062	amco_input_q_weight_grad_rms:  0.0002	amco_input_state_to_q_grad_rms_ratio:  0.0124	amco_input_state_weight_grad_norm:  0.0002
amco_input_state_weight_grad_rms:  0.0000	amco_layer_0_activation_slope_mean:  0.4710	amco_layer_0_activation_slope_p10:  0.4371	amco_layer_0_nonpositive_frac:  0.7679
amco_layer_0_preactivation_mean: -0.0578	amco_layer_0_preactivation_std:  0.0557	amco_layer_1_activation_slope_mean:  0.4878	amco_layer_1_activation_slope_p10:  0.4407
amco_layer_1_nonpositive_frac:  0.7384	amco_layer_1_preactivation_mean: -0.0205	amco_layer_1_preactivation_std:  0.0781	amco_layer_2_activation_slope_mean:  0.5123
amco_layer_2_activation_slope_p10:  0.4504	amco_layer_2_nonpositive_frac:  0.6564	amco_layer_2_preactivation_mean:  0.0349	amco_layer_2_preactivation_std:  0.1173
amco_mixing_output_rms:    0.4150	amco_pre_activation_nonpositive_frac:  0.7209	amco_q_term_rms:           0.1725	amco_state_credit_delta:   0.0004
amco_state_credit_share_delta:  0.0001	amco_state_encoder_grad_norm:  0.0002	amco_state_encoder_grad_rms:  0.0000	amco_state_term_rms:       0.0172
amco_state_to_q_ratio:     0.0996	amco_state_value_rms:      3.6164	amco_v_to_m_ratio:         8.7327	battle_won_mean:           0.0094
credit_entropy:            0.9871	credit_grad_agent_0:       0.2793	credit_grad_agent_1:       0.3481	credit_grad_agent_2:       0.2249
credit_grad_agent_3:       0.2653	credit_grad_agent_4:       0.2397	credit_grad_agent_5:       0.2336	credit_grad_agent_6:       0.2249
credit_grad_agent_7:       0.1991	credit_grad_agent_8:       0.2037	credit_grad_agent_9:       0.4220	credit_grad_cv:            0.2576
credit_grad_max:           0.4481	credit_grad_mean:          0.2641	credit_grad_median:        0.2384	credit_grad_min:           0.1493
credit_grad_near_zero_frac:  0.0000	credit_grad_negative_frac:  0.0000	credit_grad_p10:           0.2021	credit_grad_p90:           0.3678
credit_grad_std:           0.0680	credit_max_share:          0.1598	dead_allies_mean:          9.6697	dead_enemies_mean:         6.6417
ep_length_mean:           80.1156	epsilon:                   0.0500	grad_norm:                 0.5994	loss:                      0.0209
q_taken_mean:              0.2495	return_mean:              10.8022	return_std:                1.9351	target_mean:               0.2472
td_error_abs:              0.0883	test_battle_won_mean:      0.0187	test_dead_allies_mean:     9.4938	test_dead_enemies_mean:    7.3250
test_ep_length_mean:      90.0438	test_return_mean:         11.6256	test_return_std:           1.9127	
[INFO 14:38:13] my_main Updated target network
[INFO 14:38:50] my_main t_env: 612640 / 2050000
[INFO 14:38:50] my_main Estimated time left: 7 hours, 4 minutes, 25 seconds. Time passed: 3 hours, 53 minutes, 6 seconds
[INFO 14:39:21] my_main Recent Stats | t_env:     612640 | Episode:    12029
amco_input_q_weight_grad_norm:  0.0059	amco_input_q_weight_grad_rms:  0.0002	amco_input_state_to_q_grad_rms_ratio:  0.0134	amco_input_state_weight_grad_norm:  0.0002
amco_input_state_weight_grad_rms:  0.0000	amco_layer_0_activation_slope_mean:  0.4690	amco_layer_0_activation_slope_p10:  0.4351	amco_layer_0_nonpositive_frac:  0.7760
amco_layer_0_preactivation_mean: -0.0618	amco_layer_0_preactivation_std:  0.0557	amco_layer_1_activation_slope_mean:  0.4858	amco_layer_1_activation_slope_p10:  0.4385
amco_layer_1_nonpositive_frac:  0.7496	amco_layer_1_preactivation_mean: -0.0245	amco_layer_1_preactivation_std:  0.0783	amco_layer_2_activation_slope_mean:  0.5106
amco_layer_2_activation_slope_p10:  0.4490	amco_layer_2_nonpositive_frac:  0.6557	amco_layer_2_preactivation_mean:  0.0312	amco_layer_2_preactivation_std:  0.1162
amco_mixing_output_rms:    0.4070	amco_pre_activation_nonpositive_frac:  0.7271	amco_q_term_rms:           0.1738	amco_state_credit_delta:   0.0004
amco_state_credit_share_delta:  0.0001	amco_state_encoder_grad_norm:  0.0002	amco_state_encoder_grad_rms:  0.0000	amco_state_term_rms:       0.0172
amco_state_to_q_ratio:     0.0990	amco_state_value_rms:      3.5774	amco_v_to_m_ratio:         8.8266	battle_won_mean:           0.0092
credit_entropy:            0.9868	credit_grad_agent_0:       0.2755	credit_grad_agent_1:       0.3424	credit_grad_agent_2:       0.2193
credit_grad_agent_3:       0.2627	credit_grad_agent_4:       0.2376	credit_grad_agent_5:       0.2306	credit_grad_agent_6:       0.2247
credit_grad_agent_7:       0.1970	credit_grad_agent_8:       0.1991	credit_grad_agent_9:       0.4204	credit_grad_cv:            0.2607
credit_grad_max:           0.4459	credit_grad_mean:          0.2609	credit_grad_median:        0.2359	credit_grad_min:           0.1464
credit_grad_near_zero_frac:  0.0000	credit_grad_negative_frac:  0.0000	credit_grad_p10:           0.1993	credit_grad_p90:           0.3621
credit_grad_std:           0.0680	credit_max_share:          0.1612	dead_allies_mean:          9.6880	dead_enemies_mean:         6.6385
ep_length_mean:           78.1864	epsilon:                   0.0500	grad_norm:                 0.6541	loss:                      0.0214
q_taken_mean:              0.2433	return_mean:              10.7959	return_std:                1.9918	target_mean:               0.2426
td_error_abs:              0.0900	test_battle_won_mean:      0.0312	test_dead_allies_mean:     9.4688	test_dead_enemies_mean:    7.4250
test_ep_length_mean:      89.9750	test_return_mean:         11.7898	test_return_std:           2.1441	
[INFO 14:41:49] my_main t_env: 622790 / 2050000
[INFO 14:41:49] my_main Estimated time left: 7 hours, 17 seconds. Time passed: 3 hours, 56 minutes, 5 seconds
[INFO 14:42:15] my_main Recent Stats | t_env:     622790 | Episode:    12153
amco_input_q_weight_grad_norm:  0.0057	amco_input_q_weight_grad_rms:  0.0002	amco_input_state_to_q_grad_rms_ratio:  0.0166	amco_input_state_weight_grad_norm:  0.0003
amco_input_state_weight_grad_rms:  0.0000	amco_layer_0_activation_slope_mean:  0.4713	amco_layer_0_activation_slope_p10:  0.4373	amco_layer_0_nonpositive_frac:  0.7669
amco_layer_0_preactivation_mean: -0.0571	amco_layer_0_preactivation_std:  0.0558	amco_layer_1_activation_slope_mean:  0.4887	amco_layer_1_activation_slope_p10:  0.4411
amco_layer_1_nonpositive_frac:  0.7381	amco_layer_1_preactivation_mean: -0.0186	amco_layer_1_preactivation_std:  0.0784	amco_layer_2_activation_slope_mean:  0.5130
amco_layer_2_activation_slope_p10:  0.4517	amco_layer_2_nonpositive_frac:  0.6355	amco_layer_2_preactivation_mean:  0.0364	amco_layer_2_preactivation_std:  0.1167
amco_mixing_output_rms:    0.4156	amco_pre_activation_nonpositive_frac:  0.7135	amco_q_term_rms:           0.1727	amco_state_credit_delta:   0.0005
amco_state_credit_share_delta:  0.0001	amco_state_encoder_grad_norm:  0.0002	amco_state_encoder_grad_rms:  0.0000	amco_state_term_rms:       0.0172
amco_state_to_q_ratio:     0.0999	amco_state_value_rms:      3.6619	amco_v_to_m_ratio:         8.8558	battle_won_mean:           0.0108
credit_entropy:            0.9867	credit_grad_agent_0:       0.2769	credit_grad_agent_1:       0.3421	credit_grad_agent_2:       0.2177
credit_grad_agent_3:       0.2647	credit_grad_agent_4:       0.2379	credit_grad_agent_5:       0.2319	credit_grad_agent_6:       0.2274
credit_grad_agent_7:       0.1977	credit_grad_agent_8:       0.1987	credit_grad_agent_9:       0.4235	credit_grad_cv:            0.2621
credit_grad_max:           0.4489	credit_grad_mean:          0.2619	credit_grad_median:        0.2368	credit_grad_min:           0.1474
credit_grad_near_zero_frac:  0.0000	credit_grad_negative_frac:  0.0000	credit_grad_p10:           0.1999	credit_grad_p90:           0.3620
credit_grad_std:           0.0686	credit_max_share:          0.1618	dead_allies_mean:          9.6804	dead_enemies_mean:         6.6634
ep_length_mean:           78.1557	epsilon:                   0.0500	grad_norm:                 0.6895	loss:                      0.0220
q_taken_mean:              0.2531	return_mean:              10.8422	return_std:                2.0501	target_mean:               0.2517
td_error_abs:              0.0937	test_battle_won_mean:      0.0312	test_dead_allies_mean:     9.5250	test_dead_enemies_mean:    7.2562
test_ep_length_mean:      82.7438	test_return_mean:         11.5467	test_return_std:           2.1659	
[INFO 14:43:14] my_main Updated target network
[INFO 14:44:39] my_main t_env: 632832 / 2050000
[INFO 14:44:39] my_main Estimated time left: 6 hours, 38 minutes, 41 seconds. Time passed: 3 hours, 58 minutes, 55 seconds
[INFO 14:45:03] my_main Recent Stats | t_env:     632832 | Episode:    12273
amco_input_q_weight_grad_norm:  0.0056	amco_input_q_weight_grad_rms:  0.0002	amco_input_state_to_q_grad_rms_ratio:  0.0177	amco_input_state_weight_grad_norm:  0.0003
amco_input_state_weight_grad_rms:  0.0000	amco_layer_0_activation_slope_mean:  0.4687	amco_layer_0_activation_slope_p10:  0.4347	amco_layer_0_nonpositive_frac:  0.7755
amco_layer_0_preactivation_mean: -0.0626	amco_layer_0_preactivation_std:  0.0560	amco_layer_1_activation_slope_mean:  0.4859	amco_layer_1_activation_slope_p10:  0.4386
amco_layer_1_nonpositive_frac:  0.7473	amco_layer_1_preactivation_mean: -0.0249	amco_layer_1_preactivation_std:  0.0778	amco_layer_2_activation_slope_mean:  0.5106
amco_layer_2_activation_slope_p10:  0.4500	amco_layer_2_nonpositive_frac:  0.6696	amco_layer_2_preactivation_mean:  0.0302	amco_layer_2_preactivation_std:  0.1144
amco_mixing_output_rms:    0.4035	amco_pre_activation_nonpositive_frac:  0.7308	amco_q_term_rms:           0.1716	amco_state_credit_delta:   0.0005
amco_state_credit_share_delta:  0.0001	amco_state_encoder_grad_norm:  0.0003	amco_state_encoder_grad_rms:  0.0000	amco_state_term_rms:       0.0173
amco_state_to_q_ratio:     0.1011	amco_state_value_rms:      3.6865	amco_v_to_m_ratio:         9.1831	battle_won_mean:           0.0147
credit_entropy:            0.9866	credit_grad_agent_0:       0.2778	credit_grad_agent_1:       0.3427	credit_grad_agent_2:       0.2170
credit_grad_agent_3:       0.2664	credit_grad_agent_4:       0.2385	credit_grad_agent_5:       0.2341	credit_grad_agent_6:       0.2314
credit_grad_agent_7:       0.1997	credit_grad_agent_8:       0.1988	credit_grad_agent_9:       0.4288	credit_grad_cv:            0.2638
credit_grad_max:           0.4543	credit_grad_mean:          0.2635	credit_grad_median:        0.2392	credit_grad_min:           0.1473
credit_grad_near_zero_frac:  0.0000	credit_grad_negative_frac:  0.0000	credit_grad_p10:           0.2011	credit_grad_p90:           0.3626
credit_grad_std:           0.0695	credit_max_share:          0.1628	dead_allies_mean:          9.6428	dead_enemies_mean:         6.7617
ep_length_mean:           81.0157	epsilon:                   0.0500	grad_norm:                 0.7396	loss:                      0.0229
q_taken_mean:              0.2541	return_mean:              10.9761	return_std:                2.0808	target_mean:               0.2549
td_error_abs:              0.0959	test_battle_won_mean:      0.0250	test_dead_allies_mean:     9.5500	test_dead_enemies_mean:    7.1875
test_ep_length_mean:      78.0438	test_return_mean:         11.3782	test_return_std:           2.0730	
[INFO 14:47:20] my_main Updated target network
[INFO 14:47:47] my_main t_env: 642999 / 2050000
[INFO 14:47:47] my_main Estimated time left: 7 hours, 13 minutes, 41 seconds. Time passed: 4 hours, 2 minutes, 3 seconds
[INFO 14:48:15] my_main Recent Stats | t_env:     642999 | Episode:    12424
amco_input_q_weight_grad_norm:  0.0052	amco_input_q_weight_grad_rms:  0.0002	amco_input_state_to_q_grad_rms_ratio:  0.0198	amco_input_state_weight_grad_norm:  0.0003
amco_input_state_weight_grad_rms:  0.0000	amco_layer_0_activation_slope_mean:  0.4676	amco_layer_0_activation_slope_p10:  0.4336	amco_layer_0_nonpositive_frac:  0.7777
amco_layer_0_preactivation_mean: -0.0648	amco_layer_0_preactivation_std:  0.0561	amco_layer_1_activation_slope_mean:  0.4846	amco_layer_1_activation_slope_p10:  0.4363
amco_layer_1_nonpositive_frac:  0.7511	amco_layer_1_preactivation_mean: -0.0277	amco_layer_1_preactivation_std:  0.0792	amco_layer_2_activation_slope_mean:  0.5092
amco_layer_2_activation_slope_p10:  0.4476	amco_layer_2_nonpositive_frac:  0.6956	amco_layer_2_preactivation_mean:  0.0276	amco_layer_2_preactivation_std:  0.1165
amco_mixing_output_rms:    0.4075	amco_pre_activation_nonpositive_frac:  0.7415	amco_q_term_rms:           0.1730	amco_state_credit_delta:   0.0005
amco_state_credit_share_delta:  0.0001	amco_state_encoder_grad_norm:  0.0003	amco_state_encoder_grad_rms:  0.0000	amco_state_term_rms:       0.0174
amco_state_to_q_ratio:     0.1005	amco_state_value_rms:      3.7065	amco_v_to_m_ratio:         9.1438	battle_won_mean:           0.0167
credit_entropy:            0.9866	credit_grad_agent_0:       0.2817	credit_grad_agent_1:       0.3465	credit_grad_agent_2:       0.2212
credit_grad_agent_3:       0.2721	credit_grad_agent_4:       0.2434	credit_grad_agent_5:       0.2373	credit_grad_agent_6:       0.2387
credit_grad_agent_7:       0.2029	credit_grad_agent_8:       0.2019	credit_grad_agent_9:       0.4379	credit_grad_cv:            0.2639
credit_grad_max:           0.4643	credit_grad_mean:          0.2684	credit_grad_median:        0.2442	credit_grad_min:           0.1498
credit_grad_near_zero_frac:  0.0000	credit_grad_negative_frac:  0.0000	credit_grad_p10:           0.2044	credit_grad_p90:           0.3670
credit_grad_std:           0.0708	credit_max_share:          0.1632	dead_allies_mean:          9.6522	dead_enemies_mean:         6.8115
ep_length_mean:           77.7752	epsilon:                   0.0500	grad_norm:                 0.8528	loss:                      0.0247
q_taken_mean:              0.2543	return_mean:              10.9589	return_std:                2.0931	target_mean:               0.2562
td_error_abs:              0.1000	test_battle_won_mean:      0.0312	test_dead_allies_mean:     9.5813	test_dead_enemies_mean:    7.3063
test_ep_length_mean:      79.6500	test_return_mean:         11.4614	test_return_std:           2.2070	
DataHandler: unable to parse websocket frame.
CloseHandler: 127.0.0.1:49290 disconnected
[INFO 14:48:33] absl Shutdown gracefully.
[INFO 14:48:33] absl Shutdown with return code: -15
[INFO 14:48:33] absl Launching SC2: /data/workspace/wxr/pymarl-monotone-qmix/3rdparty/StarCraftII/Versions/Base75689/SC2_x64 -listen 127.0.0.1 -port 44361 -dataDir /data/workspace/wxr/pymarl-monotone-qmix/3rdparty/StarCraftII/ -tempDir /tmp/sc-ig9fstck/
[INFO 14:48:34] absl Connecting to: ws://127.0.0.1:44361/sc2api, attempt: 0, running: True
Version: B75689 (SC2.4.10)
Build: Aug 12 2019 17:16:57
Command Line: '"/data/workspace/wxr/pymarl-monotone-qmix/3rdparty/StarCraftII/Versions/Base75689/SC2_x64" -listen 127.0.0.1 -port 44361 -dataDir /data/workspace/wxr/pymarl-monotone-qmix/3rdparty/StarCraftII/ -tempDir /tmp/sc-ig9fstck/'
Starting up...
Startup Phase 1 complete
[INFO 14:48:35] absl Connecting to: ws://127.0.0.1:44361/sc2api, attempt: 1, running: True
Startup Phase 2 complete
Creating stub renderer...
Listening on: 127.0.0.1:44361
Startup Phase 3 complete. Ready for commands.
[INFO 14:48:36] absl Connecting to: ws://127.0.0.1:44361/sc2api, attempt: 2, running: True
ConnectHandler: Request from 127.0.0.1:58058 accepted
ReadyHandler: 127.0.0.1:58058 ready
Requesting to join a single player game
Configuring interface options
Configure: raw interface enabled
Configure: feature layer interface disabled
Configure: score interface disabled
Configure: render interface disabled
Launching next game.
Next launch phase started: 2
Next launch phase started: 3
Next launch phase started: 4
Next launch phase started: 5
Next launch phase started: 6
Next launch phase started: 7
Next launch phase started: 8
Game has started.
Using default stable ids, none found at: /data/workspace/wxr/pymarl-monotone-qmix/3rdparty/StarCraftII/stableid.json
Successfully loaded stable ids: GameData\stableid.json
Sending ResponseJoinGame
[INFO 14:51:05] my_main t_env: 653026 / 2050000
[INFO 14:51:05] my_main Estimated time left: 7 hours, 39 minutes, 34 seconds. Time passed: 4 hours, 5 minutes, 21 seconds
[INFO 14:51:33] my_main Recent Stats | t_env:     653026 | Episode:    12563
amco_input_q_weight_grad_norm:  0.0059	amco_input_q_weight_grad_rms:  0.0002	amco_input_state_to_q_grad_rms_ratio:  0.0201	amco_input_state_weight_grad_norm:  0.0004
amco_input_state_weight_grad_rms:  0.0000	amco_layer_0_activation_slope_mean:  0.4680	amco_layer_0_activation_slope_p10:  0.4334	amco_layer_0_nonpositive_frac:  0.7760
amco_layer_0_preactivation_mean: -0.0641	amco_layer_0_preactivation_std:  0.0568	amco_layer_1_activation_slope_mean:  0.4850	amco_layer_1_activation_slope_p10:  0.4352
amco_layer_1_nonpositive_frac:  0.7503	amco_layer_1_preactivation_mean: -0.0265	amco_layer_1_preactivation_std:  0.0814	amco_layer_2_activation_slope_mean:  0.5094
amco_layer_2_activation_slope_p10:  0.4464	amco_layer_2_nonpositive_frac:  0.6876	amco_layer_2_preactivation_mean:  0.0287	amco_layer_2_preactivation_std:  0.1199
amco_mixing_output_rms:    0.4204	amco_pre_activation_nonpositive_frac:  0.7380	amco_q_term_rms:           0.1757	amco_state_credit_delta:   0.0005
amco_state_credit_share_delta:  0.0001	amco_state_encoder_grad_norm:  0.0003	amco_state_encoder_grad_rms:  0.0000	amco_state_term_rms:       0.0174
amco_state_to_q_ratio:     0.0992	amco_state_value_rms:      3.7622	amco_v_to_m_ratio:         9.0117	battle_won_mean:           0.0166
credit_entropy:            0.9867	credit_grad_agent_0:       0.2838	credit_grad_agent_1:       0.3480	credit_grad_agent_2:       0.2229
credit_grad_agent_3:       0.2778	credit_grad_agent_4:       0.2476	credit_grad_agent_5:       0.2396	credit_grad_agent_6:       0.2440
credit_grad_agent_7:       0.2073	credit_grad_agent_8:       0.2047	credit_grad_agent_9:       0.4444	credit_grad_cv:            0.2627
credit_grad_max:           0.4726	credit_grad_mean:          0.2720	credit_grad_median:        0.2484	credit_grad_min:           0.1539
credit_grad_near_zero_frac:  0.0000	credit_grad_negative_frac:  0.0000	credit_grad_p10:           0.2074	credit_grad_p90:           0.3703
credit_grad_std:           0.0714	credit_max_share:          0.1635	dead_allies_mean:          9.6624	dead_enemies_mean:         6.7832
ep_length_mean:           76.4104	epsilon:                   0.0500	grad_norm:                 0.9282	loss:                      0.0255
q_taken_mean:              0.2592	return_mean:              10.9060	return_std:                2.0658	target_mean:               0.2609
td_error_abs:              0.1019	test_battle_won_mean:      0.0437	test_dead_allies_mean:     9.5375	test_dead_enemies_mean:    7.3563
test_ep_length_mean:      79.6500	test_return_mean:         11.5378	test_return_std:           2.3035	
[INFO 14:52:09] my_main Updated target network
[INFO 14:54:08] my_main t_env: 663035 / 2050000
[INFO 14:54:08] my_main Estimated time left: 7 hours, 2 minutes, 56 seconds. Time passed: 4 hours, 8 minutes, 24 seconds
[INFO 14:54:33] my_main Recent Stats | t_env:     663035 | Episode:    12696
amco_input_q_weight_grad_norm:  0.0065	amco_input_q_weight_grad_rms:  0.0002	amco_input_state_to_q_grad_rms_ratio:  0.0218	amco_input_state_weight_grad_norm:  0.0004
amco_input_state_weight_grad_rms:  0.0000	amco_layer_0_activation_slope_mean:  0.4710	amco_layer_0_activation_slope_p10:  0.4363	amco_layer_0_nonpositive_frac:  0.7668
amco_layer_0_preactivation_mean: -0.0578	amco_layer_0_preactivation_std:  0.0570	amco_layer_1_activation_slope_mean:  0.4883	amco_layer_1_activation_slope_p10:  0.4373
amco_layer_1_nonpositive_frac:  0.7383	amco_layer_1_preactivation_mean: -0.0192	amco_layer_1_preactivation_std:  0.0829	amco_layer_2_activation_slope_mean:  0.5120
amco_layer_2_activation_slope_p10:  0.4483	amco_layer_2_nonpositive_frac:  0.6687	amco_layer_2_preactivation_mean:  0.0352	amco_layer_2_preactivation_std:  0.1232
amco_mixing_output_rms:    0.4403	amco_pre_activation_nonpositive_frac:  0.7246	amco_q_term_rms:           0.1759	amco_state_credit_delta:   0.0005
amco_state_credit_share_delta:  0.0001	amco_state_encoder_grad_norm:  0.0003	amco_state_encoder_grad_rms:  0.0000	amco_state_term_rms:       0.0175
amco_state_to_q_ratio:     0.0994	amco_state_value_rms:      3.8130	amco_v_to_m_ratio:         8.7082	battle_won_mean:           0.0150
credit_entropy:            0.9871	credit_grad_agent_0:       0.2918	credit_grad_agent_1:       0.3523	credit_grad_agent_2:       0.2265
credit_grad_agent_3:       0.2848	credit_grad_agent_4:       0.2545	credit_grad_agent_5:       0.2450	credit_grad_agent_6:       0.2504
credit_grad_agent_7:       0.2143	credit_grad_agent_8:       0.2100	credit_grad_agent_9:       0.4535	credit_grad_cv:            0.2597
credit_grad_max:           0.4825	credit_grad_mean:          0.2783	credit_grad_median:        0.2553	credit_grad_min:           0.1592
credit_grad_near_zero_frac:  0.0000	credit_grad_negative_frac:  0.0000	credit_grad_p10:           0.2129	credit_grad_p90:           0.3750
credit_grad_std:           0.0723	credit_max_share:          0.1630	dead_allies_mean:          9.6636	dead_enemies_mean:         6.8000
ep_length_mean:           76.0523	epsilon:                   0.0500	grad_norm:                 1.0926	loss:                      0.0276
q_taken_mean:              0.2658	return_mean:              10.9295	return_std:                2.0207	target_mean:               0.2649
td_error_abs:              0.1051	test_battle_won_mean:      0.0375	test_dead_allies_mean:     9.5375	test_dead_enemies_mean:    7.2500
test_ep_length_mean:      79.2500	test_return_mean:         11.4444	test_return_std:           2.2582	
[INFO 14:56:44] my_main Updated target network
[INFO 14:56:52] my_main t_env: 673059 / 2050000
[INFO 14:56:52] my_main Estimated time left: 6 hours, 14 minutes, 59 seconds. Time passed: 4 hours, 11 minutes, 7 seconds
[INFO 14:57:26] my_main Recent Stats | t_env:     673059 | Episode:    12807
amco_input_q_weight_grad_norm:  0.0060	amco_input_q_weight_grad_rms:  0.0002	amco_input_state_to_q_grad_rms_ratio:  0.0204	amco_input_state_weight_grad_norm:  0.0004
amco_input_state_weight_grad_rms:  0.0000	amco_layer_0_activation_slope_mean:  0.4679	amco_layer_0_activation_slope_p10:  0.4330	amco_layer_0_nonpositive_frac:  0.7829
amco_layer_0_preactivation_mean: -0.0642	amco_layer_0_preactivation_std:  0.0570	amco_layer_1_activation_slope_mean:  0.4847	amco_layer_1_activation_slope_p10:  0.4327
amco_layer_1_nonpositive_frac:  0.7590	amco_layer_1_preactivation_mean: -0.0266	amco_layer_1_preactivation_std:  0.0845	amco_layer_2_activation_slope_mean:  0.5086
amco_layer_2_activation_slope_p10:  0.4445	amco_layer_2_nonpositive_frac:  0.6965	amco_layer_2_preactivation_mean:  0.0282	amco_layer_2_preactivation_std:  0.1232
amco_mixing_output_rms:    0.4358	amco_pre_activation_nonpositive_frac:  0.7461	amco_q_term_rms:           0.1787	amco_state_credit_delta:   0.0005
amco_state_credit_share_delta:  0.0001	amco_state_encoder_grad_norm:  0.0003	amco_state_encoder_grad_rms:  0.0000	amco_state_term_rms:       0.0174
amco_state_to_q_ratio:     0.0977	amco_state_value_rms:      3.7393	amco_v_to_m_ratio:         8.6296	battle_won_mean:           0.0170
credit_entropy:            0.9872	credit_grad_agent_0:       0.2932	credit_grad_agent_1:       0.3508	credit_grad_agent_2:       0.2270
credit_grad_agent_3:       0.2872	credit_grad_agent_4:       0.2581	credit_grad_agent_5:       0.2442	credit_grad_agent_6:       0.2521
credit_grad_agent_7:       0.2177	credit_grad_agent_8:       0.2124	credit_grad_agent_9:       0.4575	credit_grad_cv:            0.2591
credit_grad_max:           0.4878	credit_grad_mean:          0.2800	credit_grad_median:        0.2572	credit_grad_min:           0.1602
credit_grad_near_zero_frac:  0.0000	credit_grad_negative_frac:  0.0000	credit_grad_p10:           0.2157	credit_grad_p90:           0.3743
credit_grad_std:           0.0725	credit_max_share:          0.1634	dead_allies_mean:          9.6551	dead_enemies_mean:         6.9453
ep_length_mean:           77.7426	epsilon:                   0.0500	grad_norm:                 0.9990	loss:                      0.0268
q_taken_mean:              0.2547	return_mean:              11.0907	return_std:                2.0369	target_mean:               0.2547
td_error_abs:              0.1002	test_battle_won_mean:      0.0500	test_dead_allies_mean:     9.4250	test_dead_enemies_mean:    7.4562
test_ep_length_mean:      85.5062	test_return_mean:         11.8176	test_return_std:           2.4526	
[INFO 14:59:52] my_main t_env: 683078 / 2050000
[INFO 14:59:52] my_main Estimated time left: 6 hours, 50 minutes, 2 seconds. Time passed: 4 hours, 14 minutes, 8 seconds
[INFO 15:00:23] my_main Recent Stats | t_env:     683078 | Episode:    12920
amco_input_q_weight_grad_norm:  0.0063	amco_input_q_weight_grad_rms:  0.0002	amco_input_state_to_q_grad_rms_ratio:  0.0192	amco_input_state_weight_grad_norm:  0.0004
amco_input_state_weight_grad_rms:  0.0000	amco_layer_0_activation_slope_mean:  0.4701	amco_layer_0_activation_slope_p10:  0.4348	amco_layer_0_nonpositive_frac:  0.7749
amco_layer_0_preactivation_mean: -0.0596	amco_layer_0_preactivation_std:  0.0577	amco_layer_1_activation_slope_mean:  0.4872	amco_layer_1_activation_slope_p10:  0.4330
amco_layer_1_nonpositive_frac:  0.7511	amco_layer_1_preactivation_mean: -0.0209	amco_layer_1_preactivation_std:  0.0877	amco_layer_2_activation_slope_mean:  0.5105
amco_layer_2_activation_slope_p10:  0.4444	amco_layer_2_nonpositive_frac:  0.6627	amco_layer_2_preactivation_mean:  0.0337	amco_layer_2_preactivation_std:  0.1285
amco_mixing_output_rms:    0.4578	amco_pre_activation_nonpositive_frac:  0.7296	amco_q_term_rms:           0.1818	amco_state_credit_delta:   0.0005
amco_state_credit_share_delta:  0.0001	amco_state_encoder_grad_norm:  0.0003	amco_state_encoder_grad_rms:  0.0000	amco_state_term_rms:       0.0174
amco_state_to_q_ratio:     0.0959	amco_state_value_rms:      3.7884	amco_v_to_m_ratio:         8.2888	battle_won_mean:           0.0103
credit_entropy:            0.9873	credit_grad_agent_0:       0.2967	credit_grad_agent_1:       0.3503	credit_grad_agent_2:       0.2294
credit_grad_agent_3:       0.2912	credit_grad_agent_4:       0.2610	credit_grad_agent_5:       0.2451	credit_grad_agent_6:       0.2555
credit_grad_agent_7:       0.2224	credit_grad_agent_8:       0.2167	credit_grad_agent_9:       0.4643	credit_grad_cv:            0.2581
credit_grad_max:           0.4964	credit_grad_mean:          0.2833	credit_grad_median:        0.2605	credit_grad_min:           0.1640
credit_grad_near_zero_frac:  0.0000	credit_grad_negative_frac:  0.0000	credit_grad_p10:           0.2200	credit_grad_p90:           0.3753
credit_grad_std:           0.0731	credit_max_share:          0.1639	dead_allies_mean:          9.6674	dead_enemies_mean:         6.9575
ep_length_mean:           78.7387	epsilon:                   0.0500	grad_norm:                 0.9405	loss:                      0.0268
q_taken_mean:              0.2593	return_mean:              11.0431	return_std:                1.9238	target_mean:               0.2568
td_error_abs:              0.1001	test_battle_won_mean:      0.0563	test_dead_allies_mean:     9.3562	test_dead_enemies_mean:    7.6875
test_ep_length_mean:      90.4375	test_return_mean:         12.0360	test_return_std:           2.5283	
[INFO 15:01:53] my_main Updated target network
[INFO 15:02:48] my_main t_env: 693111 / 2050000
[INFO 15:02:48] my_main Estimated time left: 6 hours, 36 minutes, 28 seconds. Time passed: 4 hours, 17 minutes, 4 seconds
[INFO 15:03:20] my_main Recent Stats | t_env:     693111 | Episode:    13053
amco_input_q_weight_grad_norm:  0.0060	amco_input_q_weight_grad_rms:  0.0002	amco_input_state_to_q_grad_rms_ratio:  0.0165	amco_input_state_weight_grad_norm:  0.0003
amco_input_state_weight_grad_rms:  0.0000	amco_layer_0_activation_slope_mean:  0.4721	amco_layer_0_activation_slope_p10:  0.4361	amco_layer_0_nonpositive_frac:  0.7648
amco_layer_0_preactivation_mean: -0.0553	amco_layer_0_preactivation_std:  0.0590	amco_layer_1_activation_slope_mean:  0.4896	amco_layer_1_activation_slope_p10:  0.4330
amco_layer_1_nonpositive_frac:  0.7422	amco_layer_1_preactivation_mean: -0.0149	amco_layer_1_preactivation_std:  0.0922	amco_layer_2_activation_slope_mean:  0.5123
amco_layer_2_activation_slope_p10:  0.4440	amco_layer_2_nonpositive_frac:  0.6525	amco_layer_2_preactivation_mean:  0.0393	amco_layer_2_preactivation_std:  0.1351
amco_mixing_output_rms:    0.4800	amco_pre_activation_nonpositive_frac:  0.7198	amco_q_term_rms:           0.1885	amco_state_credit_delta:   0.0006
amco_state_credit_share_delta:  0.0001	amco_state_encoder_grad_norm:  0.0003	amco_state_encoder_grad_rms:  0.0000	amco_state_term_rms:       0.0173
amco_state_to_q_ratio:     0.0922	amco_state_value_rms:      3.8572	amco_v_to_m_ratio:         8.0406	battle_won_mean:           0.0065
credit_entropy:            0.9873	credit_grad_agent_0:       0.2944	credit_grad_agent_1:       0.3446	credit_grad_agent_2:       0.2270
credit_grad_agent_3:       0.2891	credit_grad_agent_4:       0.2598	credit_grad_agent_5:       0.2431	credit_grad_agent_6:       0.2551
credit_grad_agent_7:       0.2241	credit_grad_agent_8:       0.2170	credit_grad_agent_9:       0.4660	credit_grad_cv:            0.2602
credit_grad_max:           0.4998	credit_grad_mean:          0.2820	credit_grad_median:        0.2604	credit_grad_min:           0.1623
credit_grad_near_zero_frac:  0.0000	credit_grad_negative_frac:  0.0000	credit_grad_p10:           0.2200	credit_grad_p90:           0.3706
credit_grad_std:           0.0734	credit_max_share:          0.1652	dead_allies_mean:          9.6710	dead_enemies_mean:         6.9460
ep_length_mean:           80.3597	epsilon:                   0.0500	grad_norm:                 0.7960	loss:                      0.0262
q_taken_mean:              0.2676	return_mean:              11.0772	return_std:                1.8489	target_mean:               0.2645
td_error_abs:              0.0988	test_battle_won_mean:      0.0437	test_dead_allies_mean:     9.3875	test_dead_enemies_mean:    7.7062
test_ep_length_mean:      90.6125	test_return_mean:         12.0776	test_return_std:           2.3343	
RequestQuit command received.
Closing Application...
DataHandler: unable to parse websocket frame.
CloseHandler: 127.0.0.1:58058 disconnected
[INFO 15:03:50] absl Shutdown gracefully.
[INFO 15:03:50] absl Shutdown with return code: -15
[INFO 15:03:50] absl Launching SC2: /data/workspace/wxr/pymarl-monotone-qmix/3rdparty/StarCraftII/Versions/Base75689/SC2_x64 -listen 127.0.0.1 -port 32909 -dataDir /data/workspace/wxr/pymarl-monotone-qmix/3rdparty/StarCraftII/ -tempDir /tmp/sc-lxonpxpw/
[INFO 15:03:50] absl Connecting to: ws://127.0.0.1:32909/sc2api, attempt: 0, running: True
Version: B75689 (SC2.4.10)
Build: Aug 12 2019 17:16:57
Command Line: '"/data/workspace/wxr/pymarl-monotone-qmix/3rdparty/StarCraftII/Versions/Base75689/SC2_x64" -listen 127.0.0.1 -port 32909 -dataDir /data/workspace/wxr/pymarl-monotone-qmix/3rdparty/StarCraftII/ -tempDir /tmp/sc-lxonpxpw/'
Starting up...
Startup Phase 1 complete
[INFO 15:03:51] absl Connecting to: ws://127.0.0.1:32909/sc2api, attempt: 1, running: True
Startup Phase 2 complete
Creating stub renderer...
Listening on: 127.0.0.1:32909
Startup Phase 3 complete. Ready for commands.
[INFO 15:03:52] absl Connecting to: ws://127.0.0.1:32909/sc2api, attempt: 2, running: True
ConnectHandler: Request from 127.0.0.1:46420 accepted
ReadyHandler: 127.0.0.1:46420 ready
Requesting to join a single player game
Configuring interface options
Configure: raw interface enabled
Configure: feature layer interface disabled
Configure: score interface disabled
Configure: render interface disabled
Launching next game.
Next launch phase started: 2
Next launch phase started: 3
Next launch phase started: 4
Next launch phase started: 5
Next launch phase started: 6
Next launch phase started: 7
Next launch phase started: 8
Game has started.
Using default stable ids, none found at: /data/workspace/wxr/pymarl-monotone-qmix/3rdparty/StarCraftII/stableid.json
Successfully loaded stable ids: GameData\stableid.json
Sending ResponseJoinGame
[INFO 15:06:09] my_main t_env: 703124 / 2050000
[INFO 15:06:09] my_main Estimated time left: 7 hours, 31 minutes, 22 seconds. Time passed: 4 hours, 20 minutes, 25 seconds
[INFO 15:06:34] my_main Recent Stats | t_env:     703124 | Episode:    13191
amco_input_q_weight_grad_norm:  0.0061	amco_input_q_weight_grad_rms:  0.0002	amco_input_state_to_q_grad_rms_ratio:  0.0156	amco_input_state_weight_grad_norm:  0.0003
amco_input_state_weight_grad_rms:  0.0000	amco_layer_0_activation_slope_mean:  0.4755	amco_layer_0_activation_slope_p10:  0.4384	amco_layer_0_nonpositive_frac:  0.7466
amco_layer_0_preactivation_mean: -0.0484	amco_layer_0_preactivation_std:  0.0609	amco_layer_1_activation_slope_mean:  0.4934	amco_layer_1_activation_slope_p10:  0.4337
amco_layer_1_nonpositive_frac:  0.7233	amco_layer_1_preactivation_mean: -0.0063	amco_layer_1_preactivation_std:  0.0974	amco_layer_2_activation_slope_mean:  0.5152
amco_layer_2_activation_slope_p10:  0.4434	amco_layer_2_nonpositive_frac:  0.6270	amco_layer_2_preactivation_mean:  0.0478	amco_layer_2_preactivation_std:  0.1450
amco_mixing_output_rms:    0.5083	amco_pre_activation_nonpositive_frac:  0.6990	amco_q_term_rms:           0.1942	amco_state_credit_delta:   0.0006
amco_state_credit_share_delta:  0.0001	amco_state_encoder_grad_norm:  0.0002	amco_state_encoder_grad_rms:  0.0000	amco_state_term_rms:       0.0173
amco_state_to_q_ratio:     0.0895	amco_state_value_rms:      3.9610	amco_v_to_m_ratio:         7.8206	battle_won_mean:           0.0124
credit_entropy:            0.9873	credit_grad_agent_0:       0.2962	credit_grad_agent_1:       0.3431	credit_grad_agent_2:       0.2284
credit_grad_agent_3:       0.2914	credit_grad_agent_4:       0.2608	credit_grad_agent_5:       0.2446	credit_grad_agent_6:       0.2609
credit_grad_agent_7:       0.2293	credit_grad_agent_8:       0.2224	credit_grad_agent_9:       0.4747	credit_grad_cv:            0.2618
credit_grad_max:           0.5117	credit_grad_mean:          0.2852	credit_grad_median:        0.2635	credit_grad_min:           0.1652
credit_grad_near_zero_frac:  0.0000	credit_grad_negative_frac:  0.0000	credit_grad_p10:           0.2230	credit_grad_p90:           0.3709
credit_grad_std:           0.0747	credit_max_share:          0.1665	dead_allies_mean:          9.6227	dead_enemies_mean:         7.0109
ep_length_mean:           80.4439	epsilon:                   0.0500	grad_norm:                 0.6599	loss:                      0.0277
q_taken_mean:              0.2829	return_mean:              11.1627	return_std:                1.9929	target_mean:               0.2814
td_error_abs:              0.1035	test_battle_won_mean:      0.0375	test_dead_allies_mean:     9.4250	test_dead_enemies_mean:    7.7438
test_ep_length_mean:      89.9250	test_return_mean:         12.0495	test_return_std:           2.2574	
[INFO 15:06:45] my_main Updated target network
[INFO 15:09:06] my_main t_env: 713250 / 2050000
[INFO 15:09:06] my_main Estimated time left: 6 hours, 29 minutes, 24 seconds. Time passed: 4 hours, 23 minutes, 22 seconds
[INFO 15:09:35] my_main Recent Stats | t_env:     713250 | Episode:    13321
amco_input_q_weight_grad_norm:  0.0059	amco_input_q_weight_grad_rms:  0.0002	amco_input_state_to_q_grad_rms_ratio:  0.0144	amco_input_state_weight_grad_norm:  0.0003
amco_input_state_weight_grad_rms:  0.0000	amco_layer_0_activation_slope_mean:  0.4754	amco_layer_0_activation_slope_p10:  0.4374	amco_layer_0_nonpositive_frac:  0.7381
amco_layer_0_preactivation_mean: -0.0485	amco_layer_0_preactivation_std:  0.0626	amco_layer_1_activation_slope_mean:  0.4934	amco_layer_1_activation_slope_p10:  0.4314
amco_layer_1_nonpositive_frac:  0.7166	amco_layer_1_preactivation_mean: -0.0064	amco_layer_1_preactivation_std:  0.1015	amco_layer_2_activation_slope_mean:  0.5150
amco_layer_2_activation_slope_p10:  0.4403	amco_layer_2_nonpositive_frac:  0.6321	amco_layer_2_preactivation_mean:  0.0476	amco_layer_2_preactivation_std:  0.1510
amco_mixing_output_rms:    0.5199	amco_pre_activation_nonpositive_frac:  0.6956	amco_q_term_rms:           0.1984	amco_state_credit_delta:   0.0006
amco_state_credit_share_delta:  0.0001	amco_state_encoder_grad_norm:  0.0002	amco_state_encoder_grad_rms:  0.0000	amco_state_term_rms:       0.0173
amco_state_to_q_ratio:     0.0873	amco_state_value_rms:      4.0542	amco_v_to_m_ratio:         7.8217	battle_won_mean:           0.0231
credit_entropy:            0.9874	credit_grad_agent_0:       0.2941	credit_grad_agent_1:       0.3415	credit_grad_agent_2:       0.2302
credit_grad_agent_3:       0.2949	credit_grad_agent_4:       0.2615	credit_grad_agent_5:       0.2450	credit_grad_agent_6:       0.2653
credit_grad_agent_7:       0.2328	credit_grad_agent_8:       0.2274	credit_grad_agent_9:       0.4813	credit_grad_cv:            0.2626
credit_grad_max:           0.5205	credit_grad_mean:          0.2874	credit_grad_median:        0.2653	credit_grad_min:           0.1672
credit_grad_near_zero_frac:  0.0000	credit_grad_negative_frac:  0.0000	credit_grad_p10:           0.2262	credit_grad_p90:           0.3712
credit_grad_std:           0.0755	credit_max_share:          0.1674	dead_allies_mean:          9.5738	dead_enemies_mean:         7.1002
ep_length_mean:           80.9713	epsilon:                   0.0500	grad_norm:                 0.5464	loss:                      0.0282
q_taken_mean:              0.2921	return_mean:              11.3064	return_std:                2.1372	target_mean:               0.2935
td_error_abs:              0.1056	test_battle_won_mean:      0.0437	test_dead_allies_mean:     9.4062	test_dead_enemies_mean:    7.8125
test_ep_length_mean:      89.1375	test_return_mean:         12.1810	test_return_std:           2.3710	
[INFO 15:11:12] my_main Updated target network
[INFO 15:12:05] my_main t_env: 723407 / 2050000
[INFO 15:12:05] my_main Estimated time left: 6 hours, 28 minutes, 43 seconds. Time passed: 4 hours, 26 minutes, 21 seconds
[INFO 15:12:34] my_main Recent Stats | t_env:     723407 | Episode:    13445
amco_input_q_weight_grad_norm:  0.0066	amco_input_q_weight_grad_rms:  0.0002	amco_input_state_to_q_grad_rms_ratio:  0.0126	amco_input_state_weight_grad_norm:  0.0003
amco_input_state_weight_grad_rms:  0.0000	amco_layer_0_activation_slope_mean:  0.4747	amco_layer_0_activation_slope_p10:  0.4367	amco_layer_0_nonpositive_frac:  0.7443
amco_layer_0_preactivation_mean: -0.0500	amco_layer_0_preactivation_std:  0.0626	amco_layer_1_activation_slope_mean:  0.4925	amco_layer_1_activation_slope_p10:  0.4298
amco_layer_1_nonpositive_frac:  0.7229	amco_layer_1_preactivation_mean: -0.0081	amco_layer_1_preactivation_std:  0.1029	amco_layer_2_activation_slope_mean:  0.5139
amco_layer_2_activation_slope_p10:  0.4388	amco_layer_2_nonpositive_frac:  0.6375	amco_layer_2_preactivation_mean:  0.0459	amco_layer_2_preactivation_std:  0.1519
amco_mixing_output_rms:    0.5216	amco_pre_activation_nonpositive_frac:  0.7016	amco_q_term_rms:           0.1993	amco_state_credit_delta:   0.0006
amco_state_credit_share_delta:  0.0001	amco_state_encoder_grad_norm:  0.0002	amco_state_encoder_grad_rms:  0.0000	amco_state_term_rms:       0.0173
amco_state_to_q_ratio:     0.0869	amco_state_value_rms:      4.0476	amco_v_to_m_ratio:         7.7788	battle_won_mean:           0.0340
credit_entropy:            0.9875	credit_grad_agent_0:       0.2933	credit_grad_agent_1:       0.3394	credit_grad_agent_2:       0.2326
credit_grad_agent_3:       0.2989	credit_grad_agent_4:       0.2612	credit_grad_agent_5:       0.2480	credit_grad_agent_6:       0.2717
credit_grad_agent_7:       0.2382	credit_grad_agent_8:       0.2331	credit_grad_agent_9:       0.4897	credit_grad_cv:            0.2630
credit_grad_max:           0.5295	credit_grad_mean:          0.2906	credit_grad_median:        0.2673	credit_grad_min:           0.1690
credit_grad_near_zero_frac:  0.0000	credit_grad_negative_frac:  0.0000	credit_grad_p10:           0.2304	credit_grad_p90:           0.3693
credit_grad_std:           0.0764	credit_max_share:          0.1685	dead_allies_mean:          9.5274	dead_enemies_mean:         7.0727
ep_length_mean:           79.2923	epsilon:                   0.0500	grad_norm:                 0.6507	loss:                      0.0284
q_taken_mean:              0.2896	return_mean:              11.3152	return_std:                2.2844	target_mean:               0.2904
td_error_abs:              0.1061	test_battle_won_mean:      0.0563	test_dead_allies_mean:     9.3562	test_dead_enemies_mean:    7.8125
test_ep_length_mean:      85.4188	test_return_mean:         12.1585	test_return_std:           2.4554	
[INFO 15:15:08] my_main t_env: 733462 / 2050000
[INFO 15:15:08] my_main Estimated time left: 6 hours, 38 minutes, 46 seconds. Time passed: 4 hours, 29 minutes, 23 seconds
[INFO 15:15:35] my_main Recent Stats | t_env:     733462 | Episode:    13574
amco_input_q_weight_grad_norm:  0.0072	amco_input_q_weight_grad_rms:  0.0002	amco_input_state_to_q_grad_rms_ratio:  0.0136	amco_input_state_weight_grad_norm:  0.0003
amco_input_state_weight_grad_rms:  0.0000	amco_layer_0_activation_slope_mean:  0.4762	amco_layer_0_activation_slope_p10:  0.4383	amco_layer_0_nonpositive_frac:  0.7414
amco_layer_0_preactivation_mean: -0.0468	amco_layer_0_preactivation_std:  0.0622	amco_layer_1_activation_slope_mean:  0.4940	amco_layer_1_activation_slope_p10:  0.4307
amco_layer_1_nonpositive_frac:  0.7191	amco_layer_1_preactivation_mean: -0.0044	amco_layer_1_preactivation_std:  0.1042	amco_layer_2_activation_slope_mean:  0.5150
amco_layer_2_activation_slope_p10:  0.4394	amco_layer_2_nonpositive_frac:  0.6552	amco_layer_2_preactivation_mean:  0.0491	amco_layer_2_preactivation_std:  0.1541
amco_mixing_output_rms:    0.5312	amco_pre_activation_nonpositive_frac:  0.7052	amco_q_term_rms:           0.1989	amco_state_credit_delta:   0.0006
amco_state_credit_share_delta:  0.0001	amco_state_encoder_grad_norm:  0.0003	amco_state_encoder_grad_rms:  0.0000	amco_state_term_rms:       0.0173
amco_state_to_q_ratio:     0.0872	amco_state_value_rms:      3.9888	amco_v_to_m_ratio:         7.5226	battle_won_mean:           0.0356
credit_entropy:            0.9878	credit_grad_agent_0:       0.2952	credit_grad_agent_1:       0.3387	credit_grad_agent_2:       0.2381
credit_grad_agent_3:       0.3046	credit_grad_agent_4:       0.2658	credit_grad_agent_5:       0.2532	credit_grad_agent_6:       0.2794
credit_grad_agent_7:       0.2458	credit_grad_agent_8:       0.2393	credit_grad_agent_9:       0.4993	credit_grad_cv:            0.2608
credit_grad_max:           0.5390	credit_grad_mean:          0.2959	credit_grad_median:        0.2725	credit_grad_min:           0.1733
credit_grad_near_zero_frac:  0.0000	credit_grad_negative_frac:  0.0000	credit_grad_p10:           0.2363	credit_grad_p90:           0.3688
credit_grad_std:           0.0771	credit_max_share:          0.1687	dead_allies_mean:          9.5353	dead_enemies_mean:         7.0761
ep_length_mean:           77.1487	epsilon:                   0.0500	grad_norm:                 0.6995	loss:                      0.0291
q_taken_mean:              0.2837	return_mean:              11.3260	return_std:                2.3394	target_mean:               0.2846
td_error_abs:              0.1052	test_battle_won_mean:      0.0875	test_dead_allies_mean:     9.3125	test_dead_enemies_mean:    8.0000
test_ep_length_mean:      83.9313	test_return_mean:         12.5316	test_return_std:           2.6726	
[INFO 15:16:11] my_main Updated target network
[INFO 15:18:09] my_main t_env: 743624 / 2050000
[INFO 15:18:09] my_main Estimated time left: 6 hours, 28 minutes, 28 seconds. Time passed: 4 hours, 32 minutes, 25 seconds
[INFO 15:18:34] my_main Recent Stats | t_env:     743624 | Episode:    13702
amco_input_q_weight_grad_norm:  0.0074	amco_input_q_weight_grad_rms:  0.0002	amco_input_state_to_q_grad_rms_ratio:  0.0176	amco_input_state_weight_grad_norm:  0.0004
amco_input_state_weight_grad_rms:  0.0000	amco_layer_0_activation_slope_mean:  0.4773	amco_layer_0_activation_slope_p10:  0.4392	amco_layer_0_nonpositive_frac:  0.7424
amco_layer_0_preactivation_mean: -0.0446	amco_layer_0_preactivation_std:  0.0621	amco_layer_1_activation_slope_mean:  0.4952	amco_layer_1_activation_slope_p10:  0.4314
amco_layer_1_nonpositive_frac:  0.7185	amco_layer_1_preactivation_mean: -0.0017	amco_layer_1_preactivation_std:  0.1048	amco_layer_2_activation_slope_mean:  0.5158
amco_layer_2_activation_slope_p10:  0.4404	amco_layer_2_nonpositive_frac:  0.6573	amco_layer_2_preactivation_mean:  0.0516	amco_layer_2_preactivation_std:  0.1546
amco_mixing_output_rms:    0.5361	amco_pre_activation_nonpositive_frac:  0.7061	amco_q_term_rms:           0.1973	amco_state_credit_delta:   0.0006
amco_state_credit_share_delta:  0.0001	amco_state_encoder_grad_norm:  0.0003	amco_state_encoder_grad_rms:  0.0000	amco_state_term_rms:       0.0174
amco_state_to_q_ratio:     0.0882	amco_state_value_rms:      3.9863	amco_v_to_m_ratio:         7.4500	battle_won_mean:           0.0372
credit_entropy:            0.9880	credit_grad_agent_0:       0.2965	credit_grad_agent_1:       0.3371	credit_grad_agent_2:       0.2427
credit_grad_agent_3:       0.3088	credit_grad_agent_4:       0.2675	credit_grad_agent_5:       0.2574	credit_grad_agent_6:       0.2856
credit_grad_agent_7:       0.2514	credit_grad_agent_8:       0.2449	credit_grad_agent_9:       0.5069	credit_grad_cv:            0.2593
credit_grad_max:           0.5472	credit_grad_mean:          0.2999	credit_grad_median:        0.2751	credit_grad_min:           0.1777
credit_grad_near_zero_frac:  0.0000	credit_grad_negative_frac:  0.0000	credit_grad_p10:           0.2407	credit_grad_p90:           0.3676
credit_grad_std:           0.0777	credit_max_share:          0.1690	dead_allies_mean:          9.5190	dead_enemies_mean:         7.0983
ep_length_mean:           77.9396	epsilon:                   0.0500	grad_norm:                 0.7530	loss:                      0.0300
q_taken_mean:              0.2835	return_mean:              11.3592	return_std:                2.3372	target_mean:               0.2829
td_error_abs:              0.1065	test_battle_won_mean:      0.0813	test_dead_allies_mean:     9.3562	test_dead_enemies_mean:    7.7812
test_ep_length_mean:      82.6562	test_return_mean:         12.2485	test_return_std:           2.5532	
RequestQuit command received.
Closing Application...
DataHandler: unable to parse websocket frame.
CloseHandler: 127.0.0.1:46420 disconnected
[INFO 15:19:27] absl Shutdown gracefully.
[INFO 15:19:27] absl Shutdown with return code: -15
[INFO 15:19:27] absl Launching SC2: /data/workspace/wxr/pymarl-monotone-qmix/3rdparty/StarCraftII/Versions/Base75689/SC2_x64 -listen 127.0.0.1 -port 36161 -dataDir /data/workspace/wxr/pymarl-monotone-qmix/3rdparty/StarCraftII/ -tempDir /tmp/sc-1uerbqhv/
[INFO 15:19:27] absl Connecting to: ws://127.0.0.1:36161/sc2api, attempt: 0, running: True
Version: B75689 (SC2.4.10)
Build: Aug 12 2019 17:16:57
Command Line: '"/data/workspace/wxr/pymarl-monotone-qmix/3rdparty/StarCraftII/Versions/Base75689/SC2_x64" -listen 127.0.0.1 -port 36161 -dataDir /data/workspace/wxr/pymarl-monotone-qmix/3rdparty/StarCraftII/ -tempDir /tmp/sc-1uerbqhv/'
Starting up...
Startup Phase 1 complete
[INFO 15:19:28] absl Connecting to: ws://127.0.0.1:36161/sc2api, attempt: 1, running: True
Startup Phase 2 complete
Creating stub renderer...
Listening on: 127.0.0.1:36161
Startup Phase 3 complete. Ready for commands.
[INFO 15:19:29] absl Connecting to: ws://127.0.0.1:36161/sc2api, attempt: 2, running: True
ConnectHandler: Request from 127.0.0.1:58202 accepted
ReadyHandler: 127.0.0.1:58202 ready
Requesting to join a single player game
Configuring interface options
Configure: raw interface enabled
Configure: feature layer interface disabled
Configure: score interface disabled
Configure: render interface disabled
Launching next game.
Next launch phase started: 2
Next launch phase started: 3
Next launch phase started: 4
Next launch phase started: 5
Next launch phase started: 6
Next launch phase started: 7
Next launch phase started: 8
Game has started.
Using default stable ids, none found at: /data/workspace/wxr/pymarl-monotone-qmix/3rdparty/StarCraftII/stableid.json
Successfully loaded stable ids: GameData\stableid.json
Sending ResponseJoinGame
[INFO 15:20:42] my_main Updated target network
[INFO 15:21:09] my_main t_env: 753657 / 2050000
[INFO 15:21:09] my_main Estimated time left: 6 hours, 28 minutes, 52 seconds. Time passed: 4 hours, 35 minutes, 25 seconds
[INFO 15:21:36] my_main Recent Stats | t_env:     753657 | Episode:    13819
amco_input_q_weight_grad_norm:  0.0066	amco_input_q_weight_grad_rms:  0.0002	amco_input_state_to_q_grad_rms_ratio:  0.0199	amco_input_state_weight_grad_norm:  0.0004
amco_input_state_weight_grad_rms:  0.0000	amco_layer_0_activation_slope_mean:  0.4740	amco_layer_0_activation_slope_p10:  0.4368	amco_layer_0_nonpositive_frac:  0.7636
amco_layer_0_preactivation_mean: -0.0512	amco_layer_0_preactivation_std:  0.0605	amco_layer_1_activation_slope_mean:  0.4915	amco_layer_1_activation_slope_p10:  0.4289
amco_layer_1_nonpositive_frac:  0.7406	amco_layer_1_preactivation_mean: -0.0097	amco_layer_1_preactivation_std:  0.1026	amco_layer_2_activation_slope_mean:  0.5124
amco_layer_2_activation_slope_p10:  0.4396	amco_layer_2_nonpositive_frac:  0.6957	amco_layer_2_preactivation_mean:  0.0432	amco_layer_2_preactivation_std:  0.1476
amco_mixing_output_rms:    0.5160	amco_pre_activation_nonpositive_frac:  0.7333	amco_q_term_rms:           0.1940	amco_state_credit_delta:   0.0006
amco_state_credit_share_delta:  0.0001	amco_state_encoder_grad_norm:  0.0003	amco_state_encoder_grad_rms:  0.0000	amco_state_term_rms:       0.0174
amco_state_to_q_ratio:     0.0900	amco_state_value_rms:      3.8300	amco_v_to_m_ratio:         7.4334	battle_won_mean:           0.0419
credit_entropy:            0.9882	credit_grad_agent_0:       0.2948	credit_grad_agent_1:       0.3327	credit_grad_agent_2:       0.2458
credit_grad_agent_3:       0.3100	credit_grad_agent_4:       0.2686	credit_grad_agent_5:       0.2587	credit_grad_agent_6:       0.2859
credit_grad_agent_7:       0.2529	credit_grad_agent_8:       0.2460	credit_grad_agent_9:       0.5083	credit_grad_cv:            0.2576
credit_grad_max:           0.5469	credit_grad_mean:          0.3004	credit_grad_median:        0.2760	credit_grad_min:           0.1766
credit_grad_near_zero_frac:  0.0000	credit_grad_negative_frac:  0.0000	credit_grad_p10:           0.2430	credit_grad_p90:           0.3623
credit_grad_std:           0.0774	credit_max_share:          0.1692	dead_allies_mean:          9.5000	dead_enemies_mean:         7.2308
ep_length_mean:           80.5784	epsilon:                   0.0500	grad_norm:                 0.7599	loss:                      0.0283
q_taken_mean:              0.2626	return_mean:              11.5036	return_std:                2.3700	target_mean:               0.2618
td_error_abs:              0.0999	test_battle_won_mean:      0.0875	test_dead_allies_mean:     9.3500	test_dead_enemies_mean:    7.9688
test_ep_length_mean:      84.5812	test_return_mean:         12.4222	test_return_std:           2.6213	
[INFO 15:24:06] my_main t_env: 763692 / 2050000
[INFO 15:24:06] my_main Estimated time left: 6 hours, 18 minutes, 10 seconds. Time passed: 4 hours, 38 minutes, 22 seconds
[INFO 15:24:33] my_main Recent Stats | t_env:     763692 | Episode:    13949
amco_input_q_weight_grad_norm:  0.0062	amco_input_q_weight_grad_rms:  0.0002	amco_input_state_to_q_grad_rms_ratio:  0.0192	amco_input_state_weight_grad_norm:  0.0004
amco_input_state_weight_grad_rms:  0.0000	amco_layer_0_activation_slope_mean:  0.4763	amco_layer_0_activation_slope_p10:  0.4391	amco_layer_0_nonpositive_frac:  0.7583
amco_layer_0_preactivation_mean: -0.0464	amco_layer_0_preactivation_std:  0.0605	amco_layer_1_activation_slope_mean:  0.4942	amco_layer_1_activation_slope_p10:  0.4309
amco_layer_1_nonpositive_frac:  0.7324	amco_layer_1_preactivation_mean: -0.0037	amco_layer_1_preactivation_std:  0.1039	amco_layer_2_activation_slope_mean:  0.5147
amco_layer_2_activation_slope_p10:  0.4422	amco_layer_2_nonpositive_frac:  0.6706	amco_layer_2_preactivation_mean:  0.0490	amco_layer_2_preactivation_std:  0.1489
amco_mixing_output_rms:    0.5257	amco_pre_activation_nonpositive_frac:  0.7204	amco_q_term_rms:           0.1945	amco_state_credit_delta:   0.0006
amco_state_credit_share_delta:  0.0001	amco_state_encoder_grad_norm:  0.0003	amco_state_encoder_grad_rms:  0.0000	amco_state_term_rms:       0.0175
amco_state_to_q_ratio:     0.0900	amco_state_value_rms:      3.8706	amco_v_to_m_ratio:         7.3679	battle_won_mean:           0.0342
credit_entropy:            0.9886	credit_grad_agent_0:       0.2948	credit_grad_agent_1:       0.3267	credit_grad_agent_2:       0.2477
credit_grad_agent_3:       0.3099	credit_grad_agent_4:       0.2711	credit_grad_agent_5:       0.2594	credit_grad_agent_6:       0.2881
credit_grad_agent_7:       0.2543	credit_grad_agent_8:       0.2471	credit_grad_agent_9:       0.5078	credit_grad_cv:            0.2552
credit_grad_max:           0.5474	credit_grad_mean:          0.3007	credit_grad_median:        0.2777	credit_grad_min:           0.1767
credit_grad_near_zero_frac:  0.0000	credit_grad_negative_frac:  0.0000	credit_grad_p10:           0.2438	credit_grad_p90:           0.3558
credit_grad_std:           0.0767	credit_max_share:          0.1689	dead_allies_mean:          9.5369	dead_enemies_mean:         7.2385
ep_length_mean:           80.4384	epsilon:                   0.0500	grad_norm:                 0.7774	loss:                      0.0279
q_taken_mean:              0.2684	return_mean:              11.4788	return_std:                2.3131	target_mean:               0.2654
td_error_abs:              0.0987	test_battle_won_mean:      0.0813	test_dead_allies_mean:     9.3938	test_dead_enemies_mean:    8.0375
test_ep_length_mean:      84.7438	test_return_mean:         12.4143	test_return_std:           2.5371	
[INFO 15:25:34] my_main Updated target network
[INFO 15:26:56] my_main t_env: 773724 / 2050000
[INFO 15:26:56] my_main Estimated time left: 5 hours, 59 minutes, 47 seconds. Time passed: 4 hours, 41 minutes, 12 seconds
[INFO 15:27:23] my_main Recent Stats | t_env:     773724 | Episode:    14081
amco_input_q_weight_grad_norm:  0.0059	amco_input_q_weight_grad_rms:  0.0002	amco_input_state_to_q_grad_rms_ratio:  0.0203	amco_input_state_weight_grad_norm:  0.0004
amco_input_state_weight_grad_rms:  0.0000	amco_layer_0_activation_slope_mean:  0.4772	amco_layer_0_activation_slope_p10:  0.4401	amco_layer_0_nonpositive_frac:  0.7549
amco_layer_0_preactivation_mean: -0.0446	amco_layer_0_preactivation_std:  0.0603	amco_layer_1_activation_slope_mean:  0.4952	amco_layer_1_activation_slope_p10:  0.4312
amco_layer_1_nonpositive_frac:  0.7278	amco_layer_1_preactivation_mean: -0.0017	amco_layer_1_preactivation_std:  0.1048	amco_layer_2_activation_slope_mean:  0.5155
amco_layer_2_activation_slope_p10:  0.4428	amco_layer_2_nonpositive_frac:  0.6724	amco_layer_2_preactivation_mean:  0.0505	amco_layer_2_preactivation_std:  0.1495
amco_mixing_output_rms:    0.5286	amco_pre_activation_nonpositive_frac:  0.7184	amco_q_term_rms:           0.1935	amco_state_credit_delta:   0.0006
amco_state_credit_share_delta:  0.0001	amco_state_encoder_grad_norm:  0.0003	amco_state_encoder_grad_rms:  0.0000	amco_state_term_rms:       0.0175
amco_state_to_q_ratio:     0.0906	amco_state_value_rms:      3.8452	amco_v_to_m_ratio:         7.2673	battle_won_mean:           0.0334
credit_entropy:            0.9890	credit_grad_agent_0:       0.2973	credit_grad_agent_1:       0.3241	credit_grad_agent_2:       0.2508
credit_grad_agent_3:       0.3104	credit_grad_agent_4:       0.2764	credit_grad_agent_5:       0.2616	credit_grad_agent_6:       0.2913
credit_grad_agent_7:       0.2567	credit_grad_agent_8:       0.2489	credit_grad_agent_9:       0.5080	credit_grad_cv:            0.2508
credit_grad_max:           0.5490	credit_grad_mean:          0.3025	credit_grad_median:        0.2827	credit_grad_min:           0.1779
credit_grad_near_zero_frac:  0.0000	credit_grad_negative_frac:  0.0000	credit_grad_p10:           0.2463	credit_grad_p90:           0.3542
credit_grad_std:           0.0758	credit_max_share:          0.1679	dead_allies_mean:          9.5567	dead_enemies_mean:         7.2946
ep_length_mean:           79.2562	epsilon:                   0.0500	grad_norm:                 0.7013	loss:                      0.0274
q_taken_mean:              0.2662	return_mean:              11.5057	return_std:                2.3201	target_mean:               0.2636
td_error_abs:              0.0974	test_battle_won_mean:      0.0813	test_dead_allies_mean:     9.4688	test_dead_enemies_mean:    8.1375
test_ep_length_mean:      84.0625	test_return_mean:         12.5616	test_return_std:           2.4842	
[INFO 15:29:33] my_main Updated target network
[INFO 15:29:48] my_main t_env: 783728 / 2050000
[INFO 15:29:48] my_main Estimated time left: 6 hours, 1 minutes, 40 seconds. Time passed: 4 hours, 44 minutes, 3 seconds
[INFO 15:30:16] my_main Recent Stats | t_env:     783728 | Episode:    14215
amco_input_q_weight_grad_norm:  0.0045	amco_input_q_weight_grad_rms:  0.0001	amco_input_state_to_q_grad_rms_ratio:  0.0225	amco_input_state_weight_grad_norm:  0.0003
amco_input_state_weight_grad_rms:  0.0000	amco_layer_0_activation_slope_mean:  0.4770	amco_layer_0_activation_slope_p10:  0.4399	amco_layer_0_nonpositive_frac:  0.7553
amco_layer_0_preactivation_mean: -0.0451	amco_layer_0_preactivation_std:  0.0605	amco_layer_1_activation_slope_mean:  0.4951	amco_layer_1_activation_slope_p10:  0.4307
amco_layer_1_nonpositive_frac:  0.7272	amco_layer_1_preactivation_mean: -0.0020	amco_layer_1_preactivation_std:  0.1055	amco_layer_2_activation_slope_mean:  0.5153
amco_layer_2_activation_slope_p10:  0.4432	amco_layer_2_nonpositive_frac:  0.6705	amco_layer_2_preactivation_mean:  0.0499	amco_layer_2_preactivation_std:  0.1489
amco_mixing_output_rms:    0.5259	amco_pre_activation_nonpositive_frac:  0.7177	amco_q_term_rms:           0.1939	amco_state_credit_delta:   0.0006
amco_state_credit_share_delta:  0.0001	amco_state_encoder_grad_norm:  0.0002	amco_state_encoder_grad_rms:  0.0000	amco_state_term_rms:       0.0175
amco_state_to_q_ratio:     0.0904	amco_state_value_rms:      3.8643	amco_v_to_m_ratio:         7.3394	battle_won_mean:           0.0423
credit_entropy:            0.9893	credit_grad_agent_0:       0.2953	credit_grad_agent_1:       0.3177	credit_grad_agent_2:       0.2503
credit_grad_agent_3:       0.3086	credit_grad_agent_4:       0.2779	credit_grad_agent_5:       0.2610	credit_grad_agent_6:       0.2919
credit_grad_agent_7:       0.2538	credit_grad_agent_8:       0.2497	credit_grad_agent_9:       0.5032	credit_grad_cv:            0.2481
credit_grad_max:           0.5449	credit_grad_mean:          0.3009	credit_grad_median:        0.2835	credit_grad_min:           0.1754
credit_grad_near_zero_frac:  0.0000	credit_grad_negative_frac:  0.0000	credit_grad_p10:           0.2450	credit_grad_p90:           0.3483
credit_grad_std:           0.0746	credit_max_share:          0.1672	dead_allies_mean:          9.5175	dead_enemies_mean:         7.4269
ep_length_mean:           78.5984	epsilon:                   0.0500	grad_norm:                 0.5726	loss:                      0.0265
q_taken_mean:              0.2684	return_mean:              11.6618	return_std:                2.4511	target_mean:               0.2673
td_error_abs:              0.0969	test_battle_won_mean:      0.0688	test_dead_allies_mean:     9.4437	test_dead_enemies_mean:    8.0125
test_ep_length_mean:      84.8375	test_return_mean:         12.4210	test_return_std:           2.4145	
[INFO 15:32:34] my_main t_env: 793734 / 2050000
[INFO 15:32:34] my_main Estimated time left: 5 hours, 47 minutes, 21 seconds. Time passed: 4 hours, 46 minutes, 49 seconds
[INFO 15:33:03] my_main Recent Stats | t_env:     793734 | Episode:    14339
amco_input_q_weight_grad_norm:  0.0042	amco_input_q_weight_grad_rms:  0.0001	amco_input_state_to_q_grad_rms_ratio:  0.0185	amco_input_state_weight_grad_norm:  0.0003
amco_input_state_weight_grad_rms:  0.0000	amco_layer_0_activation_slope_mean:  0.4776	amco_layer_0_activation_slope_p10:  0.4408	amco_layer_0_nonpositive_frac:  0.7529
amco_layer_0_preactivation_mean: -0.0439	amco_layer_0_preactivation_std:  0.0599	amco_layer_1_activation_slope_mean:  0.4958	amco_layer_1_activation_slope_p10:  0.4309
amco_layer_1_nonpositive_frac:  0.7249	amco_layer_1_preactivation_mean: -0.0005	amco_layer_1_preactivation_std:  0.1063	amco_layer_2_activation_slope_mean:  0.5160
amco_layer_2_activation_slope_p10:  0.4436	amco_layer_2_nonpositive_frac:  0.6642	amco_layer_2_preactivation_mean:  0.0512	amco_layer_2_preactivation_std:  0.1491
amco_mixing_output_rms:    0.5271	amco_pre_activation_nonpositive_frac:  0.7140	amco_q_term_rms:           0.1925	amco_state_credit_delta:   0.0006
amco_state_credit_share_delta:  0.0001	amco_state_encoder_grad_norm:  0.0002	amco_state_encoder_grad_rms:  0.0000	amco_state_term_rms:       0.0175
amco_state_to_q_ratio:     0.0910	amco_state_value_rms:      3.8032	amco_v_to_m_ratio:         7.2160	battle_won_mean:           0.0456
credit_entropy:            0.9898	credit_grad_agent_0:       0.2964	credit_grad_agent_1:       0.3152	credit_grad_agent_2:       0.2525
credit_grad_agent_3:       0.3121	credit_grad_agent_4:       0.2849	credit_grad_agent_5:       0.2636	credit_grad_agent_6:       0.2963
credit_grad_agent_7:       0.2555	credit_grad_agent_8:       0.2521	credit_grad_agent_9:       0.5010	credit_grad_cv:            0.2424
credit_grad_max:           0.5437	credit_grad_mean:          0.3030	credit_grad_median:        0.2883	credit_grad_min:           0.1750
credit_grad_near_zero_frac:  0.0000	credit_grad_negative_frac:  0.0000	credit_grad_p10:           0.2469	credit_grad_p90:           0.3478
credit_grad_std:           0.0734	credit_max_share:          0.1654	dead_allies_mean:          9.5102	dead_enemies_mean:         7.4718
ep_length_mean:           78.8589	epsilon:                   0.0500	grad_norm:                 0.4898	loss:                      0.0259
q_taken_mean:              0.2618	return_mean:              11.7262	return_std:                2.5222	target_mean:               0.2621
td_error_abs:              0.0945	test_battle_won_mean:      0.0938	test_dead_allies_mean:     9.3125	test_dead_enemies_mean:    7.9813
test_ep_length_mean:      88.2875	test_return_mean:         12.6544	test_return_std:           2.8016	
DataHandler: unable to parse websocket frame.
RequestQuit command received.
CloseHandler: 127.0.0.1:58202 disconnected
Closing Application...
ResponseThread: No connection, dropping the response.
[INFO 15:34:11] absl Shutdown gracefully.
[INFO 15:34:11] absl Shutdown with return code: -15
[INFO 15:34:11] absl Launching SC2: /data/workspace/wxr/pymarl-monotone-qmix/3rdparty/StarCraftII/Versions/Base75689/SC2_x64 -listen 127.0.0.1 -port 37943 -dataDir /data/workspace/wxr/pymarl-monotone-qmix/3rdparty/StarCraftII/ -tempDir /tmp/sc-v9r_7fis/
Version: B75689 (SC2.4.10)
Build: Aug 12 2019 17:16:57
Command Line: '"/data/workspace/wxr/pymarl-monotone-qmix/3rdparty/StarCraftII/Versions/Base75689/SC2_x64" -listen 127.0.0.1 -port 37943 -dataDir /data/workspace/wxr/pymarl-monotone-qmix/3rdparty/StarCraftII/ -tempDir /tmp/sc-v9r_7fis/'
[INFO 15:34:11] absl Connecting to: ws://127.0.0.1:37943/sc2api, attempt: 0, running: True
Starting up...
Startup Phase 1 complete
[INFO 15:34:12] absl Connecting to: ws://127.0.0.1:37943/sc2api, attempt: 1, running: True
Startup Phase 2 complete
Creating stub renderer...
Listening on: 127.0.0.1:37943
Startup Phase 3 complete. Ready for commands.
[INFO 15:34:13] absl Connecting to: ws://127.0.0.1:37943/sc2api, attempt: 2, running: True
ConnectHandler: Request from 127.0.0.1:38320 accepted
ReadyHandler: 127.0.0.1:38320 ready
Requesting to join a single player game
Configuring interface options
Configure: raw interface enabled
Configure: feature layer interface disabled
Configure: score interface disabled
Configure: render interface disabled
Launching next game.
Next launch phase started: 2
Next launch phase started: 3
Next launch phase started: 4
Next launch phase started: 5
Next launch phase started: 6
Next launch phase started: 7
Next launch phase started: 8
Game has started.
Using default stable ids, none found at: /data/workspace/wxr/pymarl-monotone-qmix/3rdparty/StarCraftII/stableid.json
Successfully loaded stable ids: GameData\stableid.json
Sending ResponseJoinGame
[INFO 15:34:18] my_main Updated target network
[INFO 15:35:36] my_main t_env: 803764 / 2050000
[INFO 15:35:36] my_main Estimated time left: 6 hours, 17 minutes, 10 seconds. Time passed: 4 hours, 49 minutes, 52 seconds
[INFO 15:36:07] my_main Recent Stats | t_env:     803764 | Episode:    14472
amco_input_q_weight_grad_norm:  0.0038	amco_input_q_weight_grad_rms:  0.0001	amco_input_state_to_q_grad_rms_ratio:  0.0170	amco_input_state_weight_grad_norm:  0.0002
amco_input_state_weight_grad_rms:  0.0000	amco_layer_0_activation_slope_mean:  0.4780	amco_layer_0_activation_slope_p10:  0.4415	amco_layer_0_nonpositive_frac:  0.7519
amco_layer_0_preactivation_mean: -0.0431	amco_layer_0_preactivation_std:  0.0595	amco_layer_1_activation_slope_mean:  0.4965	amco_layer_1_activation_slope_p10:  0.4312
amco_layer_1_nonpositive_frac:  0.7233	amco_layer_1_preactivation_mean:  0.0008	amco_layer_1_preactivation_std:  0.1064	amco_layer_2_activation_slope_mean:  0.5166
amco_layer_2_activation_slope_p10:  0.4448	amco_layer_2_nonpositive_frac:  0.6660	amco_layer_2_preactivation_mean:  0.0522	amco_layer_2_preactivation_std:  0.1480
amco_mixing_output_rms:    0.5262	amco_pre_activation_nonpositive_frac:  0.7137	amco_q_term_rms:           0.1907	amco_state_credit_delta:   0.0006
amco_state_credit_share_delta:  0.0001	amco_state_encoder_grad_norm:  0.0002	amco_state_encoder_grad_rms:  0.0000	amco_state_term_rms:       0.0175
amco_state_to_q_ratio:     0.0919	amco_state_value_rms:      3.8265	amco_v_to_m_ratio:         7.2737	battle_won_mean:           0.0441
credit_entropy:            0.9904	credit_grad_agent_0:       0.2980	credit_grad_agent_1:       0.3106	credit_grad_agent_2:       0.2528
credit_grad_agent_3:       0.3132	credit_grad_agent_4:       0.2893	credit_grad_agent_5:       0.2647	credit_grad_agent_6:       0.3019
credit_grad_agent_7:       0.2579	credit_grad_agent_8:       0.2539	credit_grad_agent_9:       0.4958	credit_grad_cv:            0.2351
credit_grad_max:           0.5378	credit_grad_mean:          0.3038	credit_grad_median:        0.2917	credit_grad_min:           0.1767
credit_grad_near_zero_frac:  0.0000	credit_grad_negative_frac:  0.0000	credit_grad_p10:           0.2484	credit_grad_p90:           0.3455
credit_grad_std:           0.0714	credit_max_share:          0.1632	dead_allies_mean:          9.5237	dead_enemies_mean:         7.3519
ep_length_mean:           76.7912	epsilon:                   0.0500	grad_norm:                 0.4500	loss:                      0.0252
q_taken_mean:              0.2647	return_mean:              11.6180	return_std:                2.4965	target_mean:               0.2644
td_error_abs:              0.0940	test_battle_won_mean:      0.1000	test_dead_allies_mean:     9.2125	test_dead_enemies_mean:    7.8312
test_ep_length_mean:      93.0312	test_return_mean:         12.6907	test_return_std:           2.9914	
[INFO 15:38:29] my_main Updated target network
[INFO 15:38:34] my_main t_env: 813771 / 2050000
[INFO 15:38:34] my_main Estimated time left: 6 hours, 6 minutes, 7 seconds. Time passed: 4 hours, 52 minutes, 49 seconds
[INFO 15:39:07] my_main Recent Stats | t_env:     813771 | Episode:    14603
amco_input_q_weight_grad_norm:  0.0034	amco_input_q_weight_grad_rms:  0.0001	amco_input_state_to_q_grad_rms_ratio:  0.0173	amco_input_state_weight_grad_norm:  0.0002
amco_input_state_weight_grad_rms:  0.0000	amco_layer_0_activation_slope_mean:  0.4779	amco_layer_0_activation_slope_p10:  0.4420	amco_layer_0_nonpositive_frac:  0.7542
amco_layer_0_preactivation_mean: -0.0434	amco_layer_0_preactivation_std:  0.0583	amco_layer_1_activation_slope_mean:  0.4965	amco_layer_1_activation_slope_p10:  0.4315
amco_layer_1_nonpositive_frac:  0.7252	amco_layer_1_preactivation_mean:  0.0005	amco_layer_1_preactivation_std:  0.1052	amco_layer_2_activation_slope_mean:  0.5166
amco_layer_2_activation_slope_p10:  0.4461	amco_layer_2_nonpositive_frac:  0.6764	amco_layer_2_preactivation_mean:  0.0514	amco_layer_2_preactivation_std:  0.1450
amco_mixing_output_rms:    0.5189	amco_pre_activation_nonpositive_frac:  0.7186	amco_q_term_rms:           0.1870	amco_state_credit_delta:   0.0006
amco_state_credit_share_delta:  0.0001	amco_state_encoder_grad_norm:  0.0001	amco_state_encoder_grad_rms:  0.0000	amco_state_term_rms:       0.0175
amco_state_to_q_ratio:     0.0935	amco_state_value_rms:      3.7640	amco_v_to_m_ratio:         7.2619	battle_won_mean:           0.0563
credit_entropy:            0.9910	credit_grad_agent_0:       0.2993	credit_grad_agent_1:       0.3065	credit_grad_agent_2:       0.2544
credit_grad_agent_3:       0.3138	credit_grad_agent_4:       0.2915	credit_grad_agent_5:       0.2645	credit_grad_agent_6:       0.3044
credit_grad_agent_7:       0.2610	credit_grad_agent_8:       0.2558	credit_grad_agent_9:       0.4902	credit_grad_cv:            0.2274
credit_grad_max:           0.5310	credit_grad_mean:          0.3041	credit_grad_median:        0.2934	credit_grad_min:           0.1784
credit_grad_near_zero_frac:  0.0000	credit_grad_negative_frac:  0.0000	credit_grad_p10:           0.2506	credit_grad_p90:           0.3452
credit_grad_std:           0.0692	credit_max_share:          0.1611	dead_allies_mean:          9.4693	dead_enemies_mean:         7.3989
ep_length_mean:           76.6306	epsilon:                   0.0500	grad_norm:                 0.3512	loss:                      0.0247
q_taken_mean:              0.2573	return_mean:              11.7114	return_std:                2.6041	target_mean:               0.2574
td_error_abs:              0.0914	test_battle_won_mean:      0.0938	test_dead_allies_mean:     9.2125	test_dead_enemies_mean:    7.5875
test_ep_length_mean:      93.9875	test_return_mean:         12.5210	test_return_std:           2.9213	
[INFO 15:42:07] my_main t_env: 823885 / 2050000
[INFO 15:42:07] my_main Estimated time left: 7 hours, 10 minutes, 49 seconds. Time passed: 4 hours, 56 minutes, 23 seconds
[INFO 15:42:48] my_main Recent Stats | t_env:     823885 | Episode:    14722
amco_input_q_weight_grad_norm:  0.0052	amco_input_q_weight_grad_rms:  0.0002	amco_input_state_to_q_grad_rms_ratio:  0.0163	amco_input_state_weight_grad_norm:  0.0002
amco_input_state_weight_grad_rms:  0.0000	amco_layer_0_activation_slope_mean:  0.4803	amco_layer_0_activation_slope_p10:  0.4444	amco_layer_0_nonpositive_frac:  0.7424
amco_layer_0_preactivation_mean: -0.0384	amco_layer_0_preactivation_std:  0.0583	amco_layer_1_activation_slope_mean:  0.4997	amco_layer_1_activation_slope_p10:  0.4343
amco_layer_1_nonpositive_frac:  0.7115	amco_layer_1_preactivation_mean:  0.0071	amco_layer_1_preactivation_std:  0.1056	amco_layer_2_activation_slope_mean:  0.5195
amco_layer_2_activation_slope_p10:  0.4499	amco_layer_2_nonpositive_frac:  0.6682	amco_layer_2_preactivation_mean:  0.0576	amco_layer_2_preactivation_std:  0.1449
amco_mixing_output_rms:    0.5234	amco_pre_activation_nonpositive_frac:  0.7074	amco_q_term_rms:           0.1862	amco_state_credit_delta:   0.0007
amco_state_credit_share_delta:  0.0001	amco_state_encoder_grad_norm:  0.0002	amco_state_encoder_grad_rms:  0.0000	amco_state_term_rms:       0.0175
amco_state_to_q_ratio:     0.0939	amco_state_value_rms:      3.8036	amco_v_to_m_ratio:         7.2758	battle_won_mean:           0.0528
credit_entropy:            0.9915	credit_grad_agent_0:       0.2946	credit_grad_agent_1:       0.2979	credit_grad_agent_2:       0.2526
credit_grad_agent_3:       0.3100	credit_grad_agent_4:       0.2885	credit_grad_agent_5:       0.2607	credit_grad_agent_6:       0.3021
credit_grad_agent_7:       0.2595	credit_grad_agent_8:       0.2540	credit_grad_agent_9:       0.4783	credit_grad_cv:            0.2216
credit_grad_max:           0.5178	credit_grad_mean:          0.2998	credit_grad_median:        0.2900	credit_grad_min:           0.1776
credit_grad_near_zero_frac:  0.0000	credit_grad_negative_frac:  0.0000	credit_grad_p10:           0.2479	credit_grad_p90:           0.3384
credit_grad_std:           0.0665	credit_max_share:          0.1595	dead_allies_mean:          9.4794	dead_enemies_mean:         7.3584
ep_length_mean:           78.4289	epsilon:                   0.0500	grad_norm:                 0.5765	loss:                      0.0304
q_taken_mean:              0.2635	return_mean:              11.6382	return_std:                2.5646	target_mean:               0.2654
td_error_abs:              0.1010	test_battle_won_mean:      0.0938	test_dead_allies_mean:     9.1937	test_dead_enemies_mean:    7.6000
test_ep_length_mean:      96.5875	test_return_mean:         12.4426	test_return_std:           2.8969	
[INFO 15:44:34] my_main Updated target network
[INFO 15:45:45] my_main t_env: 833898 / 2050000
[INFO 15:45:45] my_main Estimated time left: 7 hours, 22 minutes, 34 seconds. Time passed: 5 hours, 1 seconds
[INFO 15:46:18] my_main Recent Stats | t_env:     833898 | Episode:    14844
amco_input_q_weight_grad_norm:  0.0051	amco_input_q_weight_grad_rms:  0.0002	amco_input_state_to_q_grad_rms_ratio:  0.0134	amco_input_state_weight_grad_norm:  0.0002
amco_input_state_weight_grad_rms:  0.0000	amco_layer_0_activation_slope_mean:  0.4797	amco_layer_0_activation_slope_p10:  0.4442	amco_layer_0_nonpositive_frac:  0.7461
amco_layer_0_preactivation_mean: -0.0395	amco_layer_0_preactivation_std:  0.0576	amco_layer_1_activation_slope_mean:  0.4993	amco_layer_1_activation_slope_p10:  0.4343
amco_layer_1_nonpositive_frac:  0.7165	amco_layer_1_preactivation_mean:  0.0060	amco_layer_1_preactivation_std:  0.1045	amco_layer_2_activation_slope_mean:  0.5193
amco_layer_2_activation_slope_p10:  0.4507	amco_layer_2_nonpositive_frac:  0.6705	amco_layer_2_preactivation_mean:  0.0564	amco_layer_2_preactivation_std:  0.1421
amco_mixing_output_rms:    0.5178	amco_pre_activation_nonpositive_frac:  0.7110	amco_q_term_rms:           0.1831	amco_state_credit_delta:   0.0008
amco_state_credit_share_delta:  0.0002	amco_state_encoder_grad_norm:  0.0002	amco_state_encoder_grad_rms:  0.0000	amco_state_term_rms:       0.0176
amco_state_to_q_ratio:     0.0962	amco_state_value_rms:      3.8078	amco_v_to_m_ratio:         7.3659	battle_won_mean:           0.0456
credit_entropy:            0.9920	credit_grad_agent_0:       0.2976	credit_grad_agent_1:       0.2966	credit_grad_agent_2:       0.2552
credit_grad_agent_3:       0.3117	credit_grad_agent_4:       0.2910	credit_grad_agent_5:       0.2615	credit_grad_agent_6:       0.3056
credit_grad_agent_7:       0.2622	credit_grad_agent_8:       0.2564	credit_grad_agent_9:       0.4742	credit_grad_cv:            0.2142
credit_grad_max:           0.5139	credit_grad_mean:          0.3012	credit_grad_median:        0.2920	credit_grad_min:           0.1806
credit_grad_near_zero_frac:  0.0000	credit_grad_negative_frac:  0.0000	credit_grad_p10:           0.2509	credit_grad_p90:           0.3402
credit_grad_std:           0.0645	credit_max_share:          0.1574	dead_allies_mean:          9.5098	dead_enemies_mean:         7.2285
ep_length_mean:           79.9124	epsilon:                   0.0500	grad_norm:                 0.5615	loss:                      0.0301
q_taken_mean:              0.2640	return_mean:              11.4876	return_std:                2.4890	target_mean:               0.2658
td_error_abs:              0.1001	test_battle_won_mean:      0.0875	test_dead_allies_mean:     9.2625	test_dead_enemies_mean:    7.6000
test_ep_length_mean:      95.7500	test_return_mean:         12.3348	test_return_std:           2.8337	
[INFO 15:49:13] my_main t_env: 843940 / 2050000
[INFO 15:49:13] my_main Estimated time left: 6 hours, 54 minutes, 43 seconds. Time passed: 5 hours, 3 minutes, 28 seconds
[INFO 15:49:45] my_main Recent Stats | t_env:     843940 | Episode:    14961
amco_input_q_weight_grad_norm:  0.0055	amco_input_q_weight_grad_rms:  0.0002	amco_input_state_to_q_grad_rms_ratio:  0.0138	amco_input_state_weight_grad_norm:  0.0002
amco_input_state_weight_grad_rms:  0.0000	amco_layer_0_activation_slope_mean:  0.4776	amco_layer_0_activation_slope_p10:  0.4428	amco_layer_0_nonpositive_frac:  0.7578
amco_layer_0_preactivation_mean: -0.0440	amco_layer_0_preactivation_std:  0.0564	amco_layer_1_activation_slope_mean:  0.4971	amco_layer_1_activation_slope_p10:  0.4331
amco_layer_1_nonpositive_frac:  0.7292	amco_layer_1_preactivation_mean:  0.0008	amco_layer_1_preactivation_std:  0.1021	amco_layer_2_activation_slope_mean:  0.5175
amco_layer_2_activation_slope_p10:  0.4511	amco_layer_2_nonpositive_frac:  0.6780	amco_layer_2_preactivation_mean:  0.0511	amco_layer_2_preactivation_std:  0.1362
amco_mixing_output_rms:    0.5034	amco_pre_activation_nonpositive_frac:  0.7217	amco_q_term_rms:           0.1795	amco_state_credit_delta:   0.0008
amco_state_credit_share_delta:  0.0002	amco_state_encoder_grad_norm:  0.0002	amco_state_encoder_grad_rms:  0.0000	amco_state_term_rms:       0.0175
amco_state_to_q_ratio:     0.0978	amco_state_value_rms:      3.7693	amco_v_to_m_ratio:         7.4873	battle_won_mean:           0.0494
credit_entropy:            0.9925	credit_grad_agent_0:       0.2981	credit_grad_agent_1:       0.2951	credit_grad_agent_2:       0.2567
credit_grad_agent_3:       0.3105	credit_grad_agent_4:       0.2898	credit_grad_agent_5:       0.2602	credit_grad_agent_6:       0.3062
credit_grad_agent_7:       0.2644	credit_grad_agent_8:       0.2582	credit_grad_agent_9:       0.4675	credit_grad_cv:            0.2063
credit_grad_max:           0.5068	credit_grad_mean:          0.3007	credit_grad_median:        0.2916	credit_grad_min:           0.1835
credit_grad_near_zero_frac:  0.0000	credit_grad_negative_frac:  0.0000	credit_grad_p10:           0.2534	credit_grad_p90:           0.3389
credit_grad_std:           0.0620	credit_max_share:          0.1555	dead_allies_mean:          9.4912	dead_enemies_mean:         7.3009
ep_length_mean:           80.9395	epsilon:                   0.0500	grad_norm:                 0.6361	loss:                      0.0298
q_taken_mean:              0.2587	return_mean:              11.5027	return_std:                2.5663	target_mean:               0.2611
td_error_abs:              0.1008	test_battle_won_mean:      0.0813	test_dead_allies_mean:     9.2812	test_dead_enemies_mean:    7.7625
test_ep_length_mean:      94.7375	test_return_mean:         12.3557	test_return_std:           2.6465	
[INFO 15:50:42] my_main Updated target network
RequestQuit command received.
Closing Application...
DataHandler: unable to parse websocket frame.
CloseHandler: 127.0.0.1:38320 disconnected
[INFO 15:51:13] absl Shutdown gracefully.
[INFO 15:51:13] absl Shutdown with return code: -15
[INFO 15:51:13] absl Launching SC2: /data/workspace/wxr/pymarl-monotone-qmix/3rdparty/StarCraftII/Versions/Base75689/SC2_x64 -listen 127.0.0.1 -port 34657 -dataDir /data/workspace/wxr/pymarl-monotone-qmix/3rdparty/StarCraftII/ -tempDir /tmp/sc-idgsll9r/
Version: B75689 (SC2.4.10)
Build: Aug 12 2019 17:16:57
Command Line: '"/data/workspace/wxr/pymarl-monotone-qmix/3rdparty/StarCraftII/Versions/Base75689/SC2_x64" -listen 127.0.0.1 -port 34657 -dataDir /data/workspace/wxr/pymarl-monotone-qmix/3rdparty/StarCraftII/ -tempDir /tmp/sc-idgsll9r/'
[INFO 15:51:14] absl Connecting to: ws://127.0.0.1:34657/sc2api, attempt: 0, running: True
Starting up...
Startup Phase 1 complete
[INFO 15:51:15] absl Connecting to: ws://127.0.0.1:34657/sc2api, attempt: 1, running: True
Startup Phase 2 complete
Creating stub renderer...
[INFO 15:51:16] absl Connecting to: ws://127.0.0.1:34657/sc2api, attempt: 2, running: True
Listening on: 127.0.0.1:34657
Startup Phase 3 complete. Ready for commands.
[INFO 15:51:17] absl Connecting to: ws://127.0.0.1:34657/sc2api, attempt: 3, running: True
ConnectHandler: Request from 127.0.0.1:47632 accepted
ReadyHandler: 127.0.0.1:47632 ready
Requesting to join a single player game
Configuring interface options
Configure: raw interface enabled
Configure: feature layer interface disabled
Configure: score interface disabled
Configure: render interface disabled
Launching next game.
Next launch phase started: 2
Next launch phase started: 3
Next launch phase started: 4
Next launch phase started: 5
Next launch phase started: 6
Next launch phase started: 7
Next launch phase started: 8
Game has started.
Using default stable ids, none found at: /data/workspace/wxr/pymarl-monotone-qmix/3rdparty/StarCraftII/stableid.json
Successfully loaded stable ids: GameData\stableid.json
Sending ResponseJoinGame
[INFO 15:53:05] my_main t_env: 853966 / 2050000
[INFO 15:53:05] my_main Estimated time left: 7 hours, 42 minutes, 43 seconds. Time passed: 5 hours, 7 minutes, 21 seconds
[INFO 15:53:40] my_main Recent Stats | t_env:     853966 | Episode:    15089
amco_input_q_weight_grad_norm:  0.0065	amco_input_q_weight_grad_rms:  0.0002	amco_input_state_to_q_grad_rms_ratio:  0.0133	amco_input_state_weight_grad_norm:  0.0003
amco_input_state_weight_grad_rms:  0.0000	amco_layer_0_activation_slope_mean:  0.4794	amco_layer_0_activation_slope_p10:  0.4444	amco_layer_0_nonpositive_frac:  0.7484
amco_layer_0_preactivation_mean: -0.0404	amco_layer_0_preactivation_std:  0.0566	amco_layer_1_activation_slope_mean:  0.4992	amco_layer_1_activation_slope_p10:  0.4342
amco_layer_1_nonpositive_frac:  0.7195	amco_layer_1_preactivation_mean:  0.0055	amco_layer_1_preactivation_std:  0.1036	amco_layer_2_activation_slope_mean:  0.5196
amco_layer_2_activation_slope_p10:  0.4525	amco_layer_2_nonpositive_frac:  0.6666	amco_layer_2_preactivation_mean:  0.0559	amco_layer_2_preactivation_std:  0.1388
amco_mixing_output_rms:    0.5161	amco_pre_activation_nonpositive_frac:  0.7115	amco_q_term_rms:           0.1799	amco_state_credit_delta:   0.0008
amco_state_credit_share_delta:  0.0002	amco_state_encoder_grad_norm:  0.0002	amco_state_encoder_grad_rms:  0.0000	amco_state_term_rms:       0.0175
amco_state_to_q_ratio:     0.0973	amco_state_value_rms:      3.8191	amco_v_to_m_ratio:         7.4060	battle_won_mean:           0.0436
credit_entropy:            0.9929	credit_grad_agent_0:       0.2994	credit_grad_agent_1:       0.2949	credit_grad_agent_2:       0.2596
credit_grad_agent_3:       0.3108	credit_grad_agent_4:       0.2906	credit_grad_agent_5:       0.2613	credit_grad_agent_6:       0.3071
credit_grad_agent_7:       0.2670	credit_grad_agent_8:       0.2616	credit_grad_agent_9:       0.4648	credit_grad_cv:            0.2009
credit_grad_max:           0.5055	credit_grad_mean:          0.3017	credit_grad_median:        0.2920	credit_grad_min:           0.1859
credit_grad_near_zero_frac:  0.0000	credit_grad_negative_frac:  0.0000	credit_grad_p10:           0.2556	credit_grad_p90:           0.3400
credit_grad_std:           0.0606	credit_max_share:          0.1541	dead_allies_mean:          9.5119	dead_enemies_mean:         7.2988
ep_length_mean:           81.5224	epsilon:                   0.0500	grad_norm:                 0.7538	loss:                      0.0310
q_taken_mean:              0.2647	return_mean:              11.4528	return_std:                2.4853	target_mean:               0.2668
td_error_abs:              0.1031	test_battle_won_mean:      0.0750	test_dead_allies_mean:     9.3187	test_dead_enemies_mean:    7.7812
test_ep_length_mean:      90.6875	test_return_mean:         12.2659	test_return_std:           2.4985	
[INFO 15:56:25] my_main Updated target network
[INFO 15:56:49] my_main t_env: 863975 / 2050000
[INFO 15:56:49] my_main Estimated time left: 7 hours, 21 minutes, 58 seconds. Time passed: 5 hours, 11 minutes, 5 seconds
[INFO 15:57:25] my_main Recent Stats | t_env:     863975 | Episode:    15215
amco_input_q_weight_grad_norm:  0.0075	amco_input_q_weight_grad_rms:  0.0002	amco_input_state_to_q_grad_rms_ratio:  0.0161	amco_input_state_weight_grad_norm:  0.0004
amco_input_state_weight_grad_rms:  0.0000	amco_layer_0_activation_slope_mean:  0.4807	amco_layer_0_activation_slope_p10:  0.4458	amco_layer_0_nonpositive_frac:  0.7429
amco_layer_0_preactivation_mean: -0.0377	amco_layer_0_preactivation_std:  0.0566	amco_layer_1_activation_slope_mean:  0.5008	amco_layer_1_activation_slope_p10:  0.4351
amco_layer_1_nonpositive_frac:  0.7156	amco_layer_1_preactivation_mean:  0.0089	amco_layer_1_preactivation_std:  0.1043	amco_layer_2_activation_slope_mean:  0.5211
amco_layer_2_activation_slope_p10:  0.4538	amco_layer_2_nonpositive_frac:  0.6644	amco_layer_2_preactivation_mean:  0.0595	amco_layer_2_preactivation_std:  0.1404
amco_mixing_output_rms:    0.5280	amco_pre_activation_nonpositive_frac:  0.7076	amco_q_term_rms:           0.1791	amco_state_credit_delta:   0.0008
amco_state_credit_share_delta:  0.0002	amco_state_encoder_grad_norm:  0.0003	amco_state_encoder_grad_rms:  0.0000	amco_state_term_rms:       0.0176
amco_state_to_q_ratio:     0.0985	amco_state_value_rms:      3.8807	amco_v_to_m_ratio:         7.3576	battle_won_mean:           0.0426
credit_entropy:            0.9932	credit_grad_agent_0:       0.3024	credit_grad_agent_1:       0.3000	credit_grad_agent_2:       0.2644
credit_grad_agent_3:       0.3152	credit_grad_agent_4:       0.2924	credit_grad_agent_5:       0.2646	credit_grad_agent_6:       0.3126
credit_grad_agent_7:       0.2714	credit_grad_agent_8:       0.2673	credit_grad_agent_9:       0.4673	credit_grad_cv:            0.1968
credit_grad_max:           0.5090	credit_grad_mean:          0.3058	credit_grad_median:        0.2947	credit_grad_min:           0.1866
credit_grad_near_zero_frac:  0.0000	credit_grad_negative_frac:  0.0000	credit_grad_p10:           0.2599	credit_grad_p90:           0.3446
credit_grad_std:           0.0601	credit_max_share:          0.1529	dead_allies_mean:          9.5245	dead_enemies_mean:         7.3528
ep_length_mean:           82.1318	epsilon:                   0.0500	grad_norm:                 0.9881	loss:                      0.0341
q_taken_mean:              0.2720	return_mean:              11.4574	return_std:                2.4651	target_mean:               0.2727
td_error_abs:              0.1103	test_battle_won_mean:      0.1000	test_dead_allies_mean:     9.2750	test_dead_enemies_mean:    8.1625
test_ep_length_mean:      90.1688	test_return_mean:         12.5381	test_return_std:           2.7766	
[INFO 16:00:37] my_main t_env: 873980 / 2050000
[INFO 16:00:37] my_main Estimated time left: 7 hours, 26 minutes, 37 seconds. Time passed: 5 hours, 14 minutes, 53 seconds
[INFO 16:01:15] my_main Recent Stats | t_env:     873980 | Episode:    15350
amco_input_q_weight_grad_norm:  0.0059	amco_input_q_weight_grad_rms:  0.0002	amco_input_state_to_q_grad_rms_ratio:  0.0171	amco_input_state_weight_grad_norm:  0.0003
amco_input_state_weight_grad_rms:  0.0000	amco_layer_0_activation_slope_mean:  0.4831	amco_layer_0_activation_slope_p10:  0.4482	amco_layer_0_nonpositive_frac:  0.7343
amco_layer_0_preactivation_mean: -0.0327	amco_layer_0_preactivation_std:  0.0566	amco_layer_1_activation_slope_mean:  0.5035	amco_layer_1_activation_slope_p10:  0.4372
amco_layer_1_nonpositive_frac:  0.7060	amco_layer_1_preactivation_mean:  0.0148	amco_layer_1_preactivation_std:  0.1051	amco_layer_2_activation_slope_mean:  0.5237
amco_layer_2_activation_slope_p10:  0.4558	amco_layer_2_nonpositive_frac:  0.6355	amco_layer_2_preactivation_mean:  0.0660	amco_layer_2_preactivation_std:  0.1436
amco_mixing_output_rms:    0.5492	amco_pre_activation_nonpositive_frac:  0.6919	amco_q_term_rms:           0.1782	amco_state_credit_delta:   0.0009
amco_state_credit_share_delta:  0.0002	amco_state_encoder_grad_norm:  0.0003	amco_state_encoder_grad_rms:  0.0000	amco_state_term_rms:       0.0176
amco_state_to_q_ratio:     0.0991	amco_state_value_rms:      3.9535	amco_v_to_m_ratio:         7.2229	battle_won_mean:           0.0444
credit_entropy:            0.9936	credit_grad_agent_0:       0.3137	credit_grad_agent_1:       0.3107	credit_grad_agent_2:       0.2738
credit_grad_agent_3:       0.3247	credit_grad_agent_4:       0.3021	credit_grad_agent_5:       0.2734	credit_grad_agent_6:       0.3230
credit_grad_agent_7:       0.2801	credit_grad_agent_8:       0.2775	credit_grad_agent_9:       0.4765	credit_grad_cv:            0.1917
credit_grad_max:           0.5195	credit_grad_mean:          0.3156	credit_grad_median:        0.3044	credit_grad_min:           0.1918
credit_grad_near_zero_frac:  0.0000	credit_grad_negative_frac:  0.0000	credit_grad_p10:           0.2681	credit_grad_p90:           0.3549
credit_grad_std:           0.0605	credit_max_share:          0.1510	dead_allies_mean:          9.5271	dead_enemies_mean:         7.4029
ep_length_mean:           79.9557	epsilon:                   0.0500	grad_norm:                 0.7843	loss:                      0.0311
q_taken_mean:              0.2817	return_mean:              11.5058	return_std:                2.4548	target_mean:               0.2801
td_error_abs:              0.1070	test_battle_won_mean:      0.0875	test_dead_allies_mean:     9.2875	test_dead_enemies_mean:    7.9875
test_ep_length_mean:      89.7438	test_return_mean:         12.3588	test_return_std:           2.7442	
[INFO 16:02:31] my_main Updated target network
[INFO 16:04:33] my_main t_env: 884008 / 2050000
[INFO 16:04:33] my_main Estimated time left: 7 hours, 36 minutes, 14 seconds. Time passed: 5 hours, 18 minutes, 48 seconds
[INFO 16:05:03] my_main Recent Stats | t_env:     884008 | Episode:    15477
amco_input_q_weight_grad_norm:  0.0073	amco_input_q_weight_grad_rms:  0.0002	amco_input_state_to_q_grad_rms_ratio:  0.0187	amco_input_state_weight_grad_norm:  0.0005
amco_input_state_weight_grad_rms:  0.0000	amco_layer_0_activation_slope_mean:  0.4864	amco_layer_0_activation_slope_p10:  0.4511	amco_layer_0_nonpositive_frac:  0.7196
amco_layer_0_preactivation_mean: -0.0259	amco_layer_0_preactivation_std:  0.0572	amco_layer_1_activation_slope_mean:  0.5074	amco_layer_1_activation_slope_p10:  0.4394
amco_layer_1_nonpositive_frac:  0.6906	amco_layer_1_preactivation_mean:  0.0233	amco_layer_1_preactivation_std:  0.1077	amco_layer_2_activation_slope_mean:  0.5273
amco_layer_2_activation_slope_p10:  0.4580	amco_layer_2_nonpositive_frac:  0.6180	amco_layer_2_preactivation_mean:  0.0750	amco_layer_2_preactivation_std:  0.1493
amco_mixing_output_rms:    0.5763	amco_pre_activation_nonpositive_frac:  0.6761	amco_q_term_rms:           0.1797	amco_state_credit_delta:   0.0009
amco_state_credit_share_delta:  0.0002	amco_state_encoder_grad_norm:  0.0004	amco_state_encoder_grad_rms:  0.0000	amco_state_term_rms:       0.0176
amco_state_to_q_ratio:     0.0980	amco_state_value_rms:      4.0675	amco_v_to_m_ratio:         7.0768	battle_won_mean:           0.0474
credit_entropy:            0.9939	credit_grad_agent_0:       0.3203	credit_grad_agent_1:       0.3179	credit_grad_agent_2:       0.2804
credit_grad_agent_3:       0.3319	credit_grad_agent_4:       0.3041	credit_grad_agent_5:       0.2780	credit_grad_agent_6:       0.3289
credit_grad_agent_7:       0.2871	credit_grad_agent_8:       0.2844	credit_grad_agent_9:       0.4799	credit_grad_cv:            0.1874
credit_grad_max:           0.5240	credit_grad_mean:          0.3213	credit_grad_median:        0.3080	credit_grad_min:           0.1970
credit_grad_near_zero_frac:  0.0000	credit_grad_negative_frac:  0.0000	credit_grad_p10:           0.2726	credit_grad_p90:           0.3617
credit_grad_std:           0.0602	credit_max_share:          0.1494	dead_allies_mean:          9.5207	dead_enemies_mean:         7.5313
ep_length_mean:           79.3331	epsilon:                   0.0500	grad_norm:                 1.0650	loss:                      0.0362
q_taken_mean:              0.2942	return_mean:              11.5564	return_std:                2.4766	target_mean:               0.2904
td_error_abs:              0.1159	test_battle_won_mean:      0.0875	test_dead_allies_mean:     9.2875	test_dead_enemies_mean:    7.9875
test_ep_length_mean:      87.5625	test_return_mean:         12.2527	test_return_std:           2.7884	
[INFO 16:08:05] my_main Updated target network
[INFO 16:08:22] my_main t_env: 894020 / 2050000
[INFO 16:08:22] my_main Estimated time left: 7 hours, 21 minutes, 24 seconds. Time passed: 5 hours, 22 minutes, 38 seconds
[INFO 16:08:55] my_main Recent Stats | t_env:     894020 | Episode:    15613
amco_input_q_weight_grad_norm:  0.0075	amco_input_q_weight_grad_rms:  0.0002	amco_input_state_to_q_grad_rms_ratio:  0.0175	amco_input_state_weight_grad_norm:  0.0004
amco_input_state_weight_grad_rms:  0.0000	amco_layer_0_activation_slope_mean:  0.4859	amco_layer_0_activation_slope_p10:  0.4501	amco_layer_0_nonpositive_frac:  0.7159
amco_layer_0_preactivation_mean: -0.0270	amco_layer_0_preactivation_std:  0.0583	amco_layer_1_activation_slope_mean:  0.5068	amco_layer_1_activation_slope_p10:  0.4376
amco_layer_1_nonpositive_frac:  0.6873	amco_layer_1_preactivation_mean:  0.0220	amco_layer_1_preactivation_std:  0.1099	amco_layer_2_activation_slope_mean:  0.5267
amco_layer_2_activation_slope_p10:  0.4557	amco_layer_2_nonpositive_frac:  0.6186	amco_layer_2_preactivation_mean:  0.0741	amco_layer_2_preactivation_std:  0.1534
amco_mixing_output_rms:    0.5895	amco_pre_activation_nonpositive_frac:  0.6739	amco_q_term_rms:           0.1815	amco_state_credit_delta:   0.0009
amco_state_credit_share_delta:  0.0002	amco_state_encoder_grad_norm:  0.0004	amco_state_encoder_grad_rms:  0.0000	amco_state_term_rms:       0.0178
amco_state_to_q_ratio:     0.0980	amco_state_value_rms:      4.1601	amco_v_to_m_ratio:         7.0670	battle_won_mean:           0.0415
credit_entropy:            0.9941	credit_grad_agent_0:       0.3326	credit_grad_agent_1:       0.3286	credit_grad_agent_2:       0.2899
credit_grad_agent_3:       0.3432	credit_grad_agent_4:       0.3105	credit_grad_agent_5:       0.2863	credit_grad_agent_6:       0.3399
credit_grad_agent_7:       0.2961	credit_grad_agent_8:       0.2960	credit_grad_agent_9:       0.4908	credit_grad_cv:            0.1846
credit_grad_max:           0.5359	credit_grad_mean:          0.3314	credit_grad_median:        0.3162	credit_grad_min:           0.2017
credit_grad_near_zero_frac:  0.0000	credit_grad_negative_frac:  0.0000	credit_grad_p10:           0.2806	credit_grad_p90:           0.3730
credit_grad_std:           0.0611	credit_max_share:          0.1482	dead_allies_mean:          9.5613	dead_enemies_mean:         7.5308
ep_length_mean:           76.8908	epsilon:                   0.0500	grad_norm:                 1.0041	loss:                      0.0368
q_taken_mean:              0.3028	return_mean:              11.4826	return_std:                2.3441	target_mean:               0.2985
td_error_abs:              0.1162	test_battle_won_mean:      0.0750	test_dead_allies_mean:     9.3500	test_dead_enemies_mean:    8.0250
test_ep_length_mean:      86.6063	test_return_mean:         12.2360	test_return_std:           2.7805	
RequestQuit command received.
Closing Application...
DataHandler: unable to parse websocket frame.
CloseHandler: 127.0.0.1:47632 disconnected
[INFO 16:10:46] absl Shutdown gracefully.
[INFO 16:10:46] absl Shutdown with return code: -15
[INFO 16:10:46] absl Launching SC2: /data/workspace/wxr/pymarl-monotone-qmix/3rdparty/StarCraftII/Versions/Base75689/SC2_x64 -listen 127.0.0.1 -port 46087 -dataDir /data/workspace/wxr/pymarl-monotone-qmix/3rdparty/StarCraftII/ -tempDir /tmp/sc-yv743byz/
[INFO 16:10:47] absl Connecting to: ws://127.0.0.1:46087/sc2api, attempt: 0, running: True
Version: B75689 (SC2.4.10)
Build: Aug 12 2019 17:16:57
Command Line: '"/data/workspace/wxr/pymarl-monotone-qmix/3rdparty/StarCraftII/Versions/Base75689/SC2_x64" -listen 127.0.0.1 -port 46087 -dataDir /data/workspace/wxr/pymarl-monotone-qmix/3rdparty/StarCraftII/ -tempDir /tmp/sc-yv743byz/'
Starting up...
Startup Phase 1 complete
[INFO 16:10:48] absl Connecting to: ws://127.0.0.1:46087/sc2api, attempt: 1, running: True
Startup Phase 2 complete
Creating stub renderer...
Listening on: 127.0.0.1:46087
Startup Phase 3 complete. Ready for commands.
[INFO 16:10:49] absl Connecting to: ws://127.0.0.1:46087/sc2api, attempt: 2, running: True
ConnectHandler: Request from 127.0.0.1:41724 accepted
ReadyHandler: 127.0.0.1:41724 ready
Requesting to join a single player game
Configuring interface options
Configure: raw interface enabled
Configure: feature layer interface disabled
Configure: score interface disabled
Configure: render interface disabled
Launching next game.
Next launch phase started: 2
Next launch phase started: 3
Next launch phase started: 4
Next launch phase started: 5
Next launch phase started: 6
Next launch phase started: 7
Next launch phase started: 8
Game has started.
Using default stable ids, none found at: /data/workspace/wxr/pymarl-monotone-qmix/3rdparty/StarCraftII/stableid.json
Successfully loaded stable ids: GameData\stableid.json
Sending ResponseJoinGame
[INFO 16:12:15] my_main t_env: 904156 / 2050000
[INFO 16:12:15] my_main Estimated time left: 7 hours, 19 minutes, 3 seconds. Time passed: 5 hours, 26 minutes, 31 seconds
[INFO 16:12:47] my_main Recent Stats | t_env:     904156 | Episode:    15744
amco_input_q_weight_grad_norm:  0.0071	amco_input_q_weight_grad_rms:  0.0002	amco_input_state_to_q_grad_rms_ratio:  0.0230	amco_input_state_weight_grad_norm:  0.0005
amco_input_state_weight_grad_rms:  0.0000	amco_layer_0_activation_slope_mean:  0.4866	amco_layer_0_activation_slope_p10:  0.4505	amco_layer_0_nonpositive_frac:  0.7105
amco_layer_0_preactivation_mean: -0.0256	amco_layer_0_preactivation_std:  0.0587	amco_layer_1_activation_slope_mean:  0.5076	amco_layer_1_activation_slope_p10:  0.4374
amco_layer_1_nonpositive_frac:  0.6824	amco_layer_1_preactivation_mean:  0.0239	amco_layer_1_preactivation_std:  0.1114	amco_layer_2_activation_slope_mean:  0.5274
amco_layer_2_activation_slope_p10:  0.4553	amco_layer_2_nonpositive_frac:  0.6155	amco_layer_2_preactivation_mean:  0.0765	amco_layer_2_preactivation_std:  0.1569
amco_mixing_output_rms:    0.6056	amco_pre_activation_nonpositive_frac:  0.6694	amco_q_term_rms:           0.1815	amco_state_credit_delta:   0.0010
amco_state_credit_share_delta:  0.0002	amco_state_encoder_grad_norm:  0.0004	amco_state_encoder_grad_rms:  0.0000	amco_state_term_rms:       0.0179
amco_state_to_q_ratio:     0.0989	amco_state_value_rms:      4.2412	amco_v_to_m_ratio:         7.0148	battle_won_mean:           0.0430
credit_entropy:            0.9944	credit_grad_agent_0:       0.3461	credit_grad_agent_1:       0.3380	credit_grad_agent_2:       0.2994
credit_grad_agent_3:       0.3545	credit_grad_agent_4:       0.3177	credit_grad_agent_5:       0.2960	credit_grad_agent_6:       0.3498
credit_grad_agent_7:       0.3027	credit_grad_agent_8:       0.3055	credit_grad_agent_9:       0.4997	credit_grad_cv:            0.1812
credit_grad_max:           0.5455	credit_grad_mean:          0.3409	credit_grad_median:        0.3250	credit_grad_min:           0.2065
credit_grad_near_zero_frac:  0.0000	credit_grad_negative_frac:  0.0000	credit_grad_p10:           0.2885	credit_grad_p90:           0.3852
credit_grad_std:           0.0617	credit_max_share:          0.1466	dead_allies_mean:          9.5511	dead_enemies_mean:         7.6172
ep_length_mean:           76.7000	epsilon:                   0.0500	grad_norm:                 0.9285	loss:                      0.0381
q_taken_mean:              0.3109	return_mean:              11.5445	return_std:                2.4031	target_mean:               0.3076
td_error_abs:              0.1198	test_battle_won_mean:      0.0813	test_dead_allies_mean:     9.3562	test_dead_enemies_mean:    8.2250
test_ep_length_mean:      85.0000	test_return_mean:         12.4303	test_return_std:           2.8036	
[INFO 16:14:21] my_main Updated target network
[INFO 16:16:05] my_main t_env: 914289 / 2050000
[INFO 16:16:05] my_main Estimated time left: 7 hours, 9 minutes, 24 seconds. Time passed: 5 hours, 30 minutes, 21 seconds
[INFO 16:16:41] my_main Recent Stats | t_env:     914289 | Episode:    15867
amco_input_q_weight_grad_norm:  0.0063	amco_input_q_weight_grad_rms:  0.0002	amco_input_state_to_q_grad_rms_ratio:  0.0239	amco_input_state_weight_grad_norm:  0.0004
amco_input_state_weight_grad_rms:  0.0000	amco_layer_0_activation_slope_mean:  0.4844	amco_layer_0_activation_slope_p10:  0.4483	amco_layer_0_nonpositive_frac:  0.7201
amco_layer_0_preactivation_mean: -0.0301	amco_layer_0_preactivation_std:  0.0586	amco_layer_1_activation_slope_mean:  0.5050	amco_layer_1_activation_slope_p10:  0.4350
amco_layer_1_nonpositive_frac:  0.6939	amco_layer_1_preactivation_mean:  0.0184	amco_layer_1_preactivation_std:  0.1113	amco_layer_2_activation_slope_mean:  0.5250
amco_layer_2_activation_slope_p10:  0.4532	amco_layer_2_nonpositive_frac:  0.6333	amco_layer_2_preactivation_mean:  0.0714	amco_layer_2_preactivation_std:  0.1562
amco_mixing_output_rms:    0.6050	amco_pre_activation_nonpositive_frac:  0.6824	amco_q_term_rms:           0.1807	amco_state_credit_delta:   0.0010
amco_state_credit_share_delta:  0.0002	amco_state_encoder_grad_norm:  0.0003	amco_state_encoder_grad_rms:  0.0000	amco_state_term_rms:       0.0179
amco_state_to_q_ratio:     0.0993	amco_state_value_rms:      4.2349	amco_v_to_m_ratio:         7.0119	battle_won_mean:           0.0384
credit_entropy:            0.9947	credit_grad_agent_0:       0.3585	credit_grad_agent_1:       0.3461	credit_grad_agent_2:       0.3083
credit_grad_agent_3:       0.3628	credit_grad_agent_4:       0.3267	credit_grad_agent_5:       0.3077	credit_grad_agent_6:       0.3595
credit_grad_agent_7:       0.3108	credit_grad_agent_8:       0.3132	credit_grad_agent_9:       0.5081	credit_grad_cv:            0.1765
credit_grad_max:           0.5545	credit_grad_mean:          0.3502	credit_grad_median:        0.3345	credit_grad_min:           0.2129
credit_grad_near_zero_frac:  0.0000	credit_grad_negative_frac:  0.0000	credit_grad_p10:           0.2972	credit_grad_p90:           0.3948
credit_grad_std:           0.0617	credit_max_share:          0.1451	dead_allies_mean:          9.5517	dead_enemies_mean:         7.5766
ep_length_mean:           77.2891	epsilon:                   0.0500	grad_norm:                 0.7141	loss:                      0.0359
q_taken_mean:              0.3071	return_mean:              11.4928	return_std:                2.3617	target_mean:               0.3064
td_error_abs:              0.1138	test_battle_won_mean:      0.0750	test_dead_allies_mean:     9.3000	test_dead_enemies_mean:    8.2063
test_ep_length_mean:      88.4688	test_return_mean:         12.5372	test_return_std:           2.6556	
[INFO 16:19:53] my_main t_env: 924309 / 2050000
[INFO 16:19:53] my_main Estimated time left: 7 hours, 7 minutes, 6 seconds. Time passed: 5 hours, 34 minutes, 9 seconds
[INFO 16:20:24] my_main Recent Stats | t_env:     924309 | Episode:    15991
amco_input_q_weight_grad_norm:  0.0067	amco_input_q_weight_grad_rms:  0.0002	amco_input_state_to_q_grad_rms_ratio:  0.0258	amco_input_state_weight_grad_norm:  0.0005
amco_input_state_weight_grad_rms:  0.0000	amco_layer_0_activation_slope_mean:  0.4834	amco_layer_0_activation_slope_p10:  0.4469	amco_layer_0_nonpositive_frac:  0.7225
amco_layer_0_preactivation_mean: -0.0320	amco_layer_0_preactivation_std:  0.0595	amco_layer_1_activation_slope_mean:  0.5038	amco_layer_1_activation_slope_p10:  0.4317
amco_layer_1_nonpositive_frac:  0.6994	amco_layer_1_preactivation_mean:  0.0165	amco_layer_1_preactivation_std:  0.1149	amco_layer_2_activation_slope_mean:  0.5238
amco_layer_2_activation_slope_p10:  0.4496	amco_layer_2_nonpositive_frac:  0.6466	amco_layer_2_preactivation_mean:  0.0704	amco_layer_2_preactivation_std:  0.1615
amco_mixing_output_rms:    0.6215	amco_pre_activation_nonpositive_frac:  0.6895	amco_q_term_rms:           0.1845	amco_state_credit_delta:   0.0010
amco_state_credit_share_delta:  0.0002	amco_state_encoder_grad_norm:  0.0003	amco_state_encoder_grad_rms:  0.0000	amco_state_term_rms:       0.0180
amco_state_to_q_ratio:     0.0977	amco_state_value_rms:      4.2490	amco_v_to_m_ratio:         6.8738	battle_won_mean:           0.0379
credit_entropy:            0.9949	credit_grad_agent_0:       0.3680	credit_grad_agent_1:       0.3530	credit_grad_agent_2:       0.3162
credit_grad_agent_3:       0.3724	credit_grad_agent_4:       0.3331	credit_grad_agent_5:       0.3179	credit_grad_agent_6:       0.3685
credit_grad_agent_7:       0.3172	credit_grad_agent_8:       0.3195	credit_grad_agent_9:       0.5150	credit_grad_cv:            0.1741
credit_grad_max:           0.5631	credit_grad_mean:          0.3581	credit_grad_median:        0.3422	credit_grad_min:           0.2166
credit_grad_near_zero_frac:  0.0000	credit_grad_negative_frac:  0.0000	credit_grad_p10:           0.3029	credit_grad_p90:           0.4049
credit_grad_std:           0.0623	credit_max_share:          0.1438	dead_allies_mean:          9.5578	dead_enemies_mean:         7.6514
ep_length_mean:           78.6282	epsilon:                   0.0500	grad_norm:                 0.7540	loss:                      0.0371
q_taken_mean:              0.3060	return_mean:              11.5249	return_std:                2.3249	target_mean:               0.3064
td_error_abs:              0.1143	test_battle_won_mean:      0.0938	test_dead_allies_mean:     9.3000	test_dead_enemies_mean:    8.4062
test_ep_length_mean:      82.9562	test_return_mean:         12.6495	test_return_std:           2.7793	
[INFO 16:20:39] my_main Updated target network
[INFO 16:23:28] my_main t_env: 934315 / 2050000
[INFO 16:23:28] my_main Estimated time left: 6 hours, 39 minutes, 6 seconds. Time passed: 5 hours, 37 minutes, 43 seconds
[INFO 16:24:01] my_main Recent Stats | t_env:     934315 | Episode:    16106
amco_input_q_weight_grad_norm:  0.0074	amco_input_q_weight_grad_rms:  0.0002	amco_input_state_to_q_grad_rms_ratio:  0.0244	amco_input_state_weight_grad_norm:  0.0005
amco_input_state_weight_grad_rms:  0.0000	amco_layer_0_activation_slope_mean:  0.4806	amco_layer_0_activation_slope_p10:  0.4438	amco_layer_0_nonpositive_frac:  0.7268
amco_layer_0_preactivation_mean: -0.0378	amco_layer_0_preactivation_std:  0.0601	amco_layer_1_activation_slope_mean:  0.5006	amco_layer_1_activation_slope_p10:  0.4271
amco_layer_1_nonpositive_frac:  0.7065	amco_layer_1_preactivation_mean:  0.0096	amco_layer_1_preactivation_std:  0.1174	amco_layer_2_activation_slope_mean:  0.5208
amco_layer_2_activation_slope_p10:  0.4450	amco_layer_2_nonpositive_frac:  0.6681	amco_layer_2_preactivation_mean:  0.0641	amco_layer_2_preactivation_std:  0.1644
amco_mixing_output_rms:    0.6246	amco_pre_activation_nonpositive_frac:  0.7005	amco_q_term_rms:           0.1865	amco_state_credit_delta:   0.0011
amco_state_credit_share_delta:  0.0002	amco_state_encoder_grad_norm:  0.0004	amco_state_encoder_grad_rms:  0.0000	amco_state_term_rms:       0.0181
amco_state_to_q_ratio:     0.0969	amco_state_value_rms:      4.2811	amco_v_to_m_ratio:         6.8911	battle_won_mean:           0.0490
credit_entropy:            0.9951	credit_grad_agent_0:       0.3772	credit_grad_agent_1:       0.3595	credit_grad_agent_2:       0.3224
credit_grad_agent_3:       0.3775	credit_grad_agent_4:       0.3424	credit_grad_agent_5:       0.3269	credit_grad_agent_6:       0.3767
credit_grad_agent_7:       0.3218	credit_grad_agent_8:       0.3246	credit_grad_agent_9:       0.5228	credit_grad_cv:            0.1728
credit_grad_max:           0.5724	credit_grad_mean:          0.3652	credit_grad_median:        0.3506	credit_grad_min:           0.2183
credit_grad_near_zero_frac:  0.0000	credit_grad_negative_frac:  0.0000	credit_grad_p10:           0.3085	credit_grad_p90:           0.4137
credit_grad_std:           0.0631	credit_max_share:          0.1432	dead_allies_mean:          9.5056	dead_enemies_mean:         7.6926
ep_length_mean:           80.2378	epsilon:                   0.0500	grad_norm:                 0.8211	loss:                      0.0395
q_taken_mean:              0.3074	return_mean:              11.6279	return_std:                2.4420	target_mean:               0.3119
td_error_abs:              0.1189	test_battle_won_mean:      0.1062	test_dead_allies_mean:     9.2375	test_dead_enemies_mean:    8.4250
test_ep_length_mean:      85.7000	test_return_mean:         12.8248	test_return_std:           2.7682	
[INFO 16:26:34] my_main Updated target network
[INFO 16:27:04] my_main t_env: 944326 / 2050000
[INFO 16:27:04] my_main Estimated time left: 6 hours, 37 minutes, 47 seconds. Time passed: 5 hours, 41 minutes, 20 seconds
[INFO 16:27:42] my_main Recent Stats | t_env:     944326 | Episode:    16219
amco_input_q_weight_grad_norm:  0.0071	amco_input_q_weight_grad_rms:  0.0002	amco_input_state_to_q_grad_rms_ratio:  0.0259	amco_input_state_weight_grad_norm:  0.0005
amco_input_state_weight_grad_rms:  0.0000	amco_layer_0_activation_slope_mean:  0.4819	amco_layer_0_activation_slope_p10:  0.4445	amco_layer_0_nonpositive_frac:  0.7217
amco_layer_0_preactivation_mean: -0.0352	amco_layer_0_preactivation_std:  0.0608	amco_layer_1_activation_slope_mean:  0.5022	amco_layer_1_activation_slope_p10:  0.4262
amco_layer_1_nonpositive_frac:  0.7029	amco_layer_1_preactivation_mean:  0.0137	amco_layer_1_preactivation_std:  0.1219	amco_layer_2_activation_slope_mean:  0.5221
amco_layer_2_activation_slope_p10:  0.4444	amco_layer_2_nonpositive_frac:  0.6654	amco_layer_2_preactivation_mean:  0.0689	amco_layer_2_preactivation_std:  0.1715
amco_mixing_output_rms:    0.6527	amco_pre_activation_nonpositive_frac:  0.6967	amco_q_term_rms:           0.1912	amco_state_credit_delta:   0.0011
amco_state_credit_share_delta:  0.0002	amco_state_encoder_grad_norm:  0.0005	amco_state_encoder_grad_rms:  0.0000	amco_state_term_rms:       0.0182
amco_state_to_q_ratio:     0.0952	amco_state_value_rms:      4.3060	amco_v_to_m_ratio:         6.6291	battle_won_mean:           0.0569
credit_entropy:            0.9952	credit_grad_agent_0:       0.3847	credit_grad_agent_1:       0.3618	credit_grad_agent_2:       0.3268
credit_grad_agent_3:       0.3812	credit_grad_agent_4:       0.3482	credit_grad_agent_5:       0.3337	credit_grad_agent_6:       0.3814
credit_grad_agent_7:       0.3239	credit_grad_agent_8:       0.3262	credit_grad_agent_9:       0.5254	credit_grad_cv:            0.1719
credit_grad_max:           0.5778	credit_grad_mean:          0.3693	credit_grad_median:        0.3559	credit_grad_min:           0.2201
credit_grad_near_zero_frac:  0.0000	credit_grad_negative_frac:  0.0000	credit_grad_p10:           0.3100	credit_grad_p90:           0.4201
credit_grad_std:           0.0635	credit_max_share:          0.1422	dead_allies_mean:          9.4296	dead_enemies_mean:         7.7041
ep_length_mean:           83.2328	epsilon:                   0.0500	grad_norm:                 0.9343	loss:                      0.0420
q_taken_mean:              0.3090	return_mean:              11.6844	return_std:                2.5815	target_mean:               0.3119
td_error_abs:              0.1204	test_battle_won_mean:      0.1187	test_dead_allies_mean:     9.1438	test_dead_enemies_mean:    8.4250
test_ep_length_mean:      86.9062	test_return_mean:         12.8417	test_return_std:           2.8034	
RequestQuit command received.
Closing Application...
DataHandler: unable to parse websocket frame.
CloseHandler: 127.0.0.1:41724 disconnected
[INFO 16:29:52] absl Shutdown gracefully.
[INFO 16:29:52] absl Shutdown with return code: -15
[INFO 16:29:52] absl Launching SC2: /data/workspace/wxr/pymarl-monotone-qmix/3rdparty/StarCraftII/Versions/Base75689/SC2_x64 -listen 127.0.0.1 -port 39521 -dataDir /data/workspace/wxr/pymarl-monotone-qmix/3rdparty/StarCraftII/ -tempDir /tmp/sc-0s25j9p0/
Version: B75689 (SC2.4.10)
Build: Aug 12 2019 17:16:57
Command Line: '"/data/workspace/wxr/pymarl-monotone-qmix/3rdparty/StarCraftII/Versions/Base75689/SC2_x64" -listen 127.0.0.1 -port 39521 -dataDir /data/workspace/wxr/pymarl-monotone-qmix/3rdparty/StarCraftII/ -tempDir /tmp/sc-0s25j9p0/'
[INFO 16:29:53] absl Connecting to: ws://127.0.0.1:39521/sc2api, attempt: 0, running: True
Starting up...
Startup Phase 1 complete
[INFO 16:29:54] absl Connecting to: ws://127.0.0.1:39521/sc2api, attempt: 1, running: True
Startup Phase 2 complete
Creating stub renderer...
Listening on: 127.0.0.1:39521
Startup Phase 3 complete. Ready for commands.
[INFO 16:29:55] absl Connecting to: ws://127.0.0.1:39521/sc2api, attempt: 2, running: True
ConnectHandler: Request from 127.0.0.1:55292 accepted
ReadyHandler: 127.0.0.1:55292 ready
Requesting to join a single player game
Configuring interface options
Configure: raw interface enabled
Configure: feature layer interface disabled
Configure: score interface disabled
Configure: render interface disabled
Launching next game.
Next launch phase started: 2
Next launch phase started: 3
Next launch phase started: 4
Next launch phase started: 5
Next launch phase started: 6
Next launch phase started: 7
Next launch phase started: 8
Game has started.
Using default stable ids, none found at: /data/workspace/wxr/pymarl-monotone-qmix/3rdparty/StarCraftII/stableid.json
Successfully loaded stable ids: GameData\stableid.json
Sending ResponseJoinGame
[INFO 16:30:57] my_main t_env: 954350 / 2050000
[INFO 16:30:57] my_main Estimated time left: 7 hours, 5 minutes, 8 seconds. Time passed: 5 hours, 45 minutes, 13 seconds
[INFO 16:31:39] my_main Recent Stats | t_env:     954350 | Episode:    16334
amco_input_q_weight_grad_norm:  0.0095	amco_input_q_weight_grad_rms:  0.0003	amco_input_state_to_q_grad_rms_ratio:  0.0196	amco_input_state_weight_grad_norm:  0.0005
amco_input_state_weight_grad_rms:  0.0000	amco_layer_0_activation_slope_mean:  0.4802	amco_layer_0_activation_slope_p10:  0.4425	amco_layer_0_nonpositive_frac:  0.7262
amco_layer_0_preactivation_mean: -0.0388	amco_layer_0_preactivation_std:  0.0615	amco_layer_1_activation_slope_mean:  0.5005	amco_layer_1_activation_slope_p10:  0.4243
amco_layer_1_nonpositive_frac:  0.7066	amco_layer_1_preactivation_mean:  0.0100	amco_layer_1_preactivation_std:  0.1228	amco_layer_2_activation_slope_mean:  0.5206
amco_layer_2_activation_slope_p10:  0.4434	amco_layer_2_nonpositive_frac:  0.6686	amco_layer_2_preactivation_mean:  0.0653	amco_layer_2_preactivation_std:  0.1712
amco_mixing_output_rms:    0.6525	amco_pre_activation_nonpositive_frac:  0.7005	amco_q_term_rms:           0.1936	amco_state_credit_delta:   0.0011
amco_state_credit_share_delta:  0.0002	amco_state_encoder_grad_norm:  0.0007	amco_state_encoder_grad_rms:  0.0000	amco_state_term_rms:       0.0183
amco_state_to_q_ratio:     0.0948	amco_state_value_rms:      4.3158	amco_v_to_m_ratio:         6.6471	battle_won_mean:           0.0665
credit_entropy:            0.9953	credit_grad_agent_0:       0.3840	credit_grad_agent_1:       0.3622	credit_grad_agent_2:       0.3273
credit_grad_agent_3:       0.3786	credit_grad_agent_4:       0.3488	credit_grad_agent_5:       0.3341	credit_grad_agent_6:       0.3790
credit_grad_agent_7:       0.3230	credit_grad_agent_8:       0.3246	credit_grad_agent_9:       0.5229	credit_grad_cv:            0.1709
credit_grad_max:           0.5763	credit_grad_mean:          0.3684	credit_grad_median:        0.3561	credit_grad_min:           0.2183
credit_grad_near_zero_frac:  0.0000	credit_grad_negative_frac:  0.0000	credit_grad_p10:           0.3092	credit_grad_p90:           0.4201
credit_grad_std:           0.0630	credit_max_share:          0.1419	dead_allies_mean:          9.3861	dead_enemies_mean:         7.7666
ep_length_mean:           85.1911	epsilon:                   0.0500	grad_norm:                 1.0239	loss:                      0.0434
q_taken_mean:              0.3103	return_mean:              11.7541	return_std:                2.6894	target_mean:               0.3115
td_error_abs:              0.1244	test_battle_won_mean:      0.1375	test_dead_allies_mean:     9.0312	test_dead_enemies_mean:    8.4688
test_ep_length_mean:      91.7250	test_return_mean:         12.9527	test_return_std:           2.8678	
[INFO 16:33:26] my_main Updated target network
[INFO 16:34:31] my_main t_env: 964445 / 2050000
[INFO 16:34:31] my_main Estimated time left: 6 hours, 22 minutes, 56 seconds. Time passed: 5 hours, 48 minutes, 47 seconds
[INFO 16:35:11] my_main Recent Stats | t_env:     964445 | Episode:    16444
amco_input_q_weight_grad_norm:  0.0100	amco_input_q_weight_grad_rms:  0.0003	amco_input_state_to_q_grad_rms_ratio:  0.0164	amco_input_state_weight_grad_norm:  0.0005
amco_input_state_weight_grad_rms:  0.0000	amco_layer_0_activation_slope_mean:  0.4778	amco_layer_0_activation_slope_p10:  0.4394	amco_layer_0_nonpositive_frac:  0.7304
amco_layer_0_preactivation_mean: -0.0438	amco_layer_0_preactivation_std:  0.0627	amco_layer_1_activation_slope_mean:  0.4979	amco_layer_1_activation_slope_p10:  0.4194
amco_layer_1_nonpositive_frac:  0.7119	amco_layer_1_preactivation_mean:  0.0045	amco_layer_1_preactivation_std:  0.1273	amco_layer_2_activation_slope_mean:  0.5181
amco_layer_2_activation_slope_p10:  0.4390	amco_layer_2_nonpositive_frac:  0.6818	amco_layer_2_preactivation_mean:  0.0603	amco_layer_2_preactivation_std:  0.1762
amco_mixing_output_rms:    0.6618	amco_pre_activation_nonpositive_frac:  0.7080	amco_q_term_rms:           0.1999	amco_state_credit_delta:   0.0012
amco_state_credit_share_delta:  0.0002	amco_state_encoder_grad_norm:  0.0007	amco_state_encoder_grad_rms:  0.0000	amco_state_term_rms:       0.0184
amco_state_to_q_ratio:     0.0919	amco_state_value_rms:      4.3187	amco_v_to_m_ratio:         6.5430	battle_won_mean:           0.0731
credit_entropy:            0.9954	credit_grad_agent_0:       0.3856	credit_grad_agent_1:       0.3628	credit_grad_agent_2:       0.3283
credit_grad_agent_3:       0.3780	credit_grad_agent_4:       0.3498	credit_grad_agent_5:       0.3357	credit_grad_agent_6:       0.3769
credit_grad_agent_7:       0.3233	credit_grad_agent_8:       0.3247	credit_grad_agent_9:       0.5226	credit_grad_cv:            0.1708
credit_grad_max:           0.5780	credit_grad_mean:          0.3688	credit_grad_median:        0.3573	credit_grad_min:           0.2199
credit_grad_near_zero_frac:  0.0000	credit_grad_negative_frac:  0.0000	credit_grad_p10:           0.3083	credit_grad_p90:           0.4226
credit_grad_std:           0.0630	credit_max_share:          0.1417	dead_allies_mean:          9.3550	dead_enemies_mean:         7.7961
ep_length_mean:           87.0692	epsilon:                   0.0500	grad_norm:                 1.0210	loss:                      0.0437
q_taken_mean:              0.3092	return_mean:              11.7830	return_std:                2.7141	target_mean:               0.3105
td_error_abs:              0.1251	test_battle_won_mean:      0.1500	test_dead_allies_mean:     8.9750	test_dead_enemies_mean:    8.3187
test_ep_length_mean:      93.4188	test_return_mean:         12.8595	test_return_std:           3.0115	
[INFO 16:38:02] my_main t_env: 974511 / 2050000
[INFO 16:38:02] my_main Estimated time left: 6 hours, 16 minutes, 38 seconds. Time passed: 5 hours, 52 minutes, 18 seconds
[INFO 16:38:43] my_main Recent Stats | t_env:     974511 | Episode:    16542
amco_input_q_weight_grad_norm:  0.0097	amco_input_q_weight_grad_rms:  0.0003	amco_input_state_to_q_grad_rms_ratio:  0.0160	amco_input_state_weight_grad_norm:  0.0004
amco_input_state_weight_grad_rms:  0.0000	amco_layer_0_activation_slope_mean:  0.4751	amco_layer_0_activation_slope_p10:  0.4360	amco_layer_0_nonpositive_frac:  0.7349
amco_layer_0_preactivation_mean: -0.0494	amco_layer_0_preactivation_std:  0.0640	amco_layer_1_activation_slope_mean:  0.4951	amco_layer_1_activation_slope_p10:  0.4156
amco_layer_1_nonpositive_frac:  0.7153	amco_layer_1_preactivation_mean: -0.0017	amco_layer_1_preactivation_std:  0.1299	amco_layer_2_activation_slope_mean:  0.5156
amco_layer_2_activation_slope_p10:  0.4363	amco_layer_2_nonpositive_frac:  0.6896	amco_layer_2_preactivation_mean:  0.0539	amco_layer_2_preactivation_std:  0.1774
amco_mixing_output_rms:    0.6612	amco_pre_activation_nonpositive_frac:  0.7133	amco_q_term_rms:           0.2042	amco_state_credit_delta:   0.0013
amco_state_credit_share_delta:  0.0002	amco_state_encoder_grad_norm:  0.0007	amco_state_encoder_grad_rms:  0.0000	amco_state_term_rms:       0.0186
amco_state_to_q_ratio:     0.0910	amco_state_value_rms:      4.3331	amco_v_to_m_ratio:         6.5688	battle_won_mean:           0.0781
credit_entropy:            0.9954	credit_grad_agent_0:       0.3836	credit_grad_agent_1:       0.3584	credit_grad_agent_2:       0.3240
credit_grad_agent_3:       0.3721	credit_grad_agent_4:       0.3469	credit_grad_agent_5:       0.3329	credit_grad_agent_6:       0.3703
credit_grad_agent_7:       0.3214	credit_grad_agent_8:       0.3217	credit_grad_agent_9:       0.5173	credit_grad_cv:            0.1702
credit_grad_max:           0.5746	credit_grad_mean:          0.3648	credit_grad_median:        0.3537	credit_grad_min:           0.2194
credit_grad_near_zero_frac:  0.0000	credit_grad_negative_frac:  0.0000	credit_grad_p10:           0.3057	credit_grad_p90:           0.4218
credit_grad_std:           0.0621	credit_max_share:          0.1418	dead_allies_mean:          9.2866	dead_enemies_mean:         7.7670
ep_length_mean:           91.4508	epsilon:                   0.0500	grad_norm:                 0.9694	loss:                      0.0431
q_taken_mean:              0.3102	return_mean:              11.8475	return_std:                2.7868	target_mean:               0.3111
td_error_abs:              0.1243	test_battle_won_mean:      0.1313	test_dead_allies_mean:     8.9625	test_dead_enemies_mean:    8.2250
test_ep_length_mean:     102.8250	test_return_mean:         12.8484	test_return_std:           2.8612	
[INFO 16:40:20] my_main Updated target network
[INFO 16:41:35] my_main t_env: 984539 / 2050000
[INFO 16:41:35] my_main Estimated time left: 6 hours, 16 minutes, 0 seconds. Time passed: 5 hours, 55 minutes, 50 seconds
[INFO 16:42:15] my_main Recent Stats | t_env:     984539 | Episode:    16647
amco_input_q_weight_grad_norm:  0.0081	amco_input_q_weight_grad_rms:  0.0003	amco_input_state_to_q_grad_rms_ratio:  0.0214	amco_input_state_weight_grad_norm:  0.0005
amco_input_state_weight_grad_rms:  0.0000	amco_layer_0_activation_slope_mean:  0.4728	amco_layer_0_activation_slope_p10:  0.4335	amco_layer_0_nonpositive_frac:  0.7480
amco_layer_0_preactivation_mean: -0.0542	amco_layer_0_preactivation_std:  0.0643	amco_layer_1_activation_slope_mean:  0.4928	amco_layer_1_activation_slope_p10:  0.4140
amco_layer_1_nonpositive_frac:  0.7274	amco_layer_1_preactivation_mean: -0.0069	amco_layer_1_preactivation_std:  0.1290	amco_layer_2_activation_slope_mean:  0.5135
amco_layer_2_activation_slope_p10:  0.4363	amco_layer_2_nonpositive_frac:  0.6840	amco_layer_2_preactivation_mean:  0.0484	amco_layer_2_preactivation_std:  0.1730
amco_mixing_output_rms:    0.6508	amco_pre_activation_nonpositive_frac:  0.7198	amco_q_term_rms:           0.2052	amco_state_credit_delta:   0.0014
amco_state_credit_share_delta:  0.0002	amco_state_encoder_grad_norm:  0.0007	amco_state_encoder_grad_rms:  0.0000	amco_state_term_rms:       0.0187
amco_state_to_q_ratio:     0.0914	amco_state_value_rms:      4.2806	amco_v_to_m_ratio:         6.6025	battle_won_mean:           0.0703
credit_entropy:            0.9955	credit_grad_agent_0:       0.3804	credit_grad_agent_1:       0.3544	credit_grad_agent_2:       0.3222
credit_grad_agent_3:       0.3683	credit_grad_agent_4:       0.3428	credit_grad_agent_5:       0.3315	credit_grad_agent_6:       0.3653
credit_grad_agent_7:       0.3214	credit_grad_agent_8:       0.3208	credit_grad_agent_9:       0.5134	credit_grad_cv:            0.1688
credit_grad_max:           0.5720	credit_grad_mean:          0.3621	credit_grad_median:        0.3505	credit_grad_min:           0.2177
credit_grad_near_zero_frac:  0.0000	credit_grad_negative_frac:  0.0000	credit_grad_p10:           0.3045	credit_grad_p90:           0.4194
credit_grad_std:           0.0611	credit_max_share:          0.1418	dead_allies_mean:          9.3022	dead_enemies_mean:         7.7448
ep_length_mean:           93.1500	epsilon:                   0.0500	grad_norm:                 0.6647	loss:                      0.0365
q_taken_mean:              0.3037	return_mean:              11.8359	return_std:                2.7107	target_mean:               0.3014
td_error_abs:              0.1142	test_battle_won_mean:      0.1187	test_dead_allies_mean:     8.9625	test_dead_enemies_mean:    8.2875
test_ep_length_mean:     108.7938	test_return_mean:         12.8227	test_return_std:           2.8108	
[INFO 16:45:01] my_main t_env: 994619 / 2050000
[INFO 16:45:01] my_main Estimated time left: 6 hours, 51 seconds. Time passed: 5 hours, 59 minutes, 17 seconds
[INFO 16:45:39] my_main Recent Stats | t_env:     994619 | Episode:    16747
amco_input_q_weight_grad_norm:  0.0085	amco_input_q_weight_grad_rms:  0.0003	amco_input_state_to_q_grad_rms_ratio:  0.0203	amco_input_state_weight_grad_norm:  0.0005
amco_input_state_weight_grad_rms:  0.0000	amco_layer_0_activation_slope_mean:  0.4722	amco_layer_0_activation_slope_p10:  0.4322	amco_layer_0_nonpositive_frac:  0.7473
amco_layer_0_preactivation_mean: -0.0555	amco_layer_0_preactivation_std:  0.0655	amco_layer_1_activation_slope_mean:  0.4922	amco_layer_1_activation_slope_p10:  0.4125
amco_layer_1_nonpositive_frac:  0.7266	amco_layer_1_preactivation_mean: -0.0080	amco_layer_1_preactivation_std:  0.1311	amco_layer_2_activation_slope_mean:  0.5130
amco_layer_2_activation_slope_p10:  0.4356	amco_layer_2_nonpositive_frac:  0.6839	amco_layer_2_preactivation_mean:  0.0472	amco_layer_2_preactivation_std:  0.1749
amco_mixing_output_rms:    0.6561	amco_pre_activation_nonpositive_frac:  0.7193	amco_q_term_rms:           0.2081	amco_state_credit_delta:   0.0014
amco_state_credit_share_delta:  0.0002	amco_state_encoder_grad_norm:  0.0006	amco_state_encoder_grad_rms:  0.0000	amco_state_term_rms:       0.0187
amco_state_to_q_ratio:     0.0902	amco_state_value_rms:      4.4010	amco_v_to_m_ratio:         6.7238	battle_won_mean:           0.0739
credit_entropy:            0.9955	credit_grad_agent_0:       0.3750	credit_grad_agent_1:       0.3500	credit_grad_agent_2:       0.3207
credit_grad_agent_3:       0.3640	credit_grad_agent_4:       0.3406	credit_grad_agent_5:       0.3312	credit_grad_agent_6:       0.3594
credit_grad_agent_7:       0.3219	credit_grad_agent_8:       0.3206	credit_grad_agent_9:       0.5120	credit_grad_cv:            0.1686
credit_grad_max:           0.5721	credit_grad_mean:          0.3595	credit_grad_median:        0.3483	credit_grad_min:           0.2203
credit_grad_near_zero_frac:  0.0000	credit_grad_negative_frac:  0.0000	credit_grad_p10:           0.3034	credit_grad_p90:           0.4174
credit_grad_std:           0.0606	credit_max_share:          0.1424	dead_allies_mean:          9.2645	dead_enemies_mean:         7.7824
ep_length_mean:           95.5914	epsilon:                   0.0500	grad_norm:                 0.6547	loss:                      0.0363
q_taken_mean:              0.3176	return_mean:              11.8977	return_std:                2.7309	target_mean:               0.3154
td_error_abs:              0.1166	test_battle_won_mean:      0.1062	test_dead_allies_mean:     9.0625	test_dead_enemies_mean:    8.3562
test_ep_length_mean:     110.9125	test_return_mean:         12.8664	test_return_std:           2.7411	
RequestQuit command received.
Closing Application...
DataHandler: unable to parse websocket frame.
CloseHandler: 127.0.0.1:55292 disconnected
[INFO 16:46:53] absl Shutdown gracefully.
[INFO 16:46:53] absl Shutdown with return code: -15
[INFO 16:46:53] absl Launching SC2: /data/workspace/wxr/pymarl-monotone-qmix/3rdparty/StarCraftII/Versions/Base75689/SC2_x64 -listen 127.0.0.1 -port 35967 -dataDir /data/workspace/wxr/pymarl-monotone-qmix/3rdparty/StarCraftII/ -tempDir /tmp/sc-xm1_4n14/
[INFO 16:46:54] absl Connecting to: ws://127.0.0.1:35967/sc2api, attempt: 0, running: True
Version: B75689 (SC2.4.10)
Build: Aug 12 2019 17:16:57
Command Line: '"/data/workspace/wxr/pymarl-monotone-qmix/3rdparty/StarCraftII/Versions/Base75689/SC2_x64" -listen 127.0.0.1 -port 35967 -dataDir /data/workspace/wxr/pymarl-monotone-qmix/3rdparty/StarCraftII/ -tempDir /tmp/sc-xm1_4n14/'
Starting up...
Startup Phase 1 complete
[INFO 16:46:55] absl Connecting to: ws://127.0.0.1:35967/sc2api, attempt: 1, running: True
[INFO 16:46:56] absl Connecting to: ws://127.0.0.1:35967/sc2api, attempt: 2, running: True
Startup Phase 2 complete
Creating stub renderer...
Listening on: 127.0.0.1:35967
Startup Phase 3 complete. Ready for commands.
[INFO 16:46:57] absl Connecting to: ws://127.0.0.1:35967/sc2api, attempt: 3, running: True
ConnectHandler: Request from 127.0.0.1:52176 accepted
ReadyHandler: 127.0.0.1:52176 ready
Requesting to join a single player game
Configuring interface options
Configure: raw interface enabled
Configure: feature layer interface disabled
Configure: score interface disabled
Configure: render interface disabled
Launching next game.
Next launch phase started: 2
Next launch phase started: 3
Next launch phase started: 4
Next launch phase started: 5
Next launch phase started: 6
Next launch phase started: 7
Next launch phase started: 8
Game has started.
Using default stable ids, none found at: /data/workspace/wxr/pymarl-monotone-qmix/3rdparty/StarCraftII/stableid.json
Successfully loaded stable ids: GameData\stableid.json
Sending ResponseJoinGame
[INFO 16:47:15] my_main Updated target network
[INFO 16:48:33] my_main t_env: 1004651 / 2050000
[INFO 16:48:33] my_main Estimated time left: 6 hours, 7 minutes, 24 seconds. Time passed: 6 hours, 2 minutes, 49 seconds
[INFO 16:49:12] my_main Recent Stats | t_env:    1004651 | Episode:    16842
amco_input_q_weight_grad_norm:  0.0069	amco_input_q_weight_grad_rms:  0.0002	amco_input_state_to_q_grad_rms_ratio:  0.0235	amco_input_state_weight_grad_norm:  0.0005
amco_input_state_weight_grad_rms:  0.0000	amco_layer_0_activation_slope_mean:  0.4725	amco_layer_0_activation_slope_p10:  0.4319	amco_layer_0_nonpositive_frac:  0.7463
amco_layer_0_preactivation_mean: -0.0547	amco_layer_0_preactivation_std:  0.0666	amco_layer_1_activation_slope_mean:  0.4925	amco_layer_1_activation_slope_p10:  0.4112
amco_layer_1_nonpositive_frac:  0.7273	amco_layer_1_preactivation_mean: -0.0067	amco_layer_1_preactivation_std:  0.1346	amco_layer_2_activation_slope_mean:  0.5130
amco_layer_2_activation_slope_p10:  0.4341	amco_layer_2_nonpositive_frac:  0.6861	amco_layer_2_preactivation_mean:  0.0486	amco_layer_2_preactivation_std:  0.1797
amco_mixing_output_rms:    0.6715	amco_pre_activation_nonpositive_frac:  0.7199	amco_q_term_rms:           0.2122	amco_state_credit_delta:   0.0015
amco_state_credit_share_delta:  0.0002	amco_state_encoder_grad_norm:  0.0004	amco_state_encoder_grad_rms:  0.0000	amco_state_term_rms:       0.0187
amco_state_to_q_ratio:     0.0881	amco_state_value_rms:      4.4010	amco_v_to_m_ratio:         6.5767	battle_won_mean:           0.0751
credit_entropy:            0.9954	credit_grad_agent_0:       0.3731	credit_grad_agent_1:       0.3494	credit_grad_agent_2:       0.3212
credit_grad_agent_3:       0.3626	credit_grad_agent_4:       0.3401	credit_grad_agent_5:       0.3325	credit_grad_agent_6:       0.3609
credit_grad_agent_7:       0.3258	credit_grad_agent_8:       0.3230	credit_grad_agent_9:       0.5158	credit_grad_cv:            0.1701
credit_grad_max:           0.5778	credit_grad_mean:          0.3604	credit_grad_median:        0.3488	credit_grad_min:           0.2231
credit_grad_near_zero_frac:  0.0000	credit_grad_negative_frac:  0.0000	credit_grad_p10:           0.3032	credit_grad_p90:           0.4169
credit_grad_std:           0.0613	credit_max_share:          0.1431	dead_allies_mean:          9.2089	dead_enemies_mean:         7.7180
ep_length_mean:           99.2784	epsilon:                   0.0500	grad_norm:                 0.6626	loss:                      0.0372
q_taken_mean:              0.3176	return_mean:              11.8923	return_std:                2.7179	target_mean:               0.3176
td_error_abs:              0.1155	test_battle_won_mean:      0.0875	test_dead_allies_mean:     9.1188	test_dead_enemies_mean:    8.2063
test_ep_length_mean:     112.2500	test_return_mean:         12.6817	test_return_std:           2.7006	
[INFO 16:52:00] my_main t_env: 1014655 / 2050000
[INFO 16:52:00] my_main Estimated time left: 5 hours, 56 minutes, 49 seconds. Time passed: 6 hours, 6 minutes, 16 seconds
[INFO 16:52:38] my_main Recent Stats | t_env:    1014655 | Episode:    16947
amco_input_q_weight_grad_norm:  0.0073	amco_input_q_weight_grad_rms:  0.0002	amco_input_state_to_q_grad_rms_ratio:  0.0233	amco_input_state_weight_grad_norm:  0.0005
amco_input_state_weight_grad_rms:  0.0000	amco_layer_0_activation_slope_mean:  0.4744	amco_layer_0_activation_slope_p10:  0.4335	amco_layer_0_nonpositive_frac:  0.7437
amco_layer_0_preactivation_mean: -0.0506	amco_layer_0_preactivation_std:  0.0668	amco_layer_1_activation_slope_mean:  0.4946	amco_layer_1_activation_slope_p10:  0.4136
amco_layer_1_nonpositive_frac:  0.7226	amco_layer_1_preactivation_mean: -0.0011	amco_layer_1_preactivation_std:  0.1349	amco_layer_2_activation_slope_mean:  0.5146
amco_layer_2_activation_slope_p10:  0.4369	amco_layer_2_nonpositive_frac:  0.6748	amco_layer_2_preactivation_mean:  0.0538	amco_layer_2_preactivation_std:  0.1797
amco_mixing_output_rms:    0.6836	amco_pre_activation_nonpositive_frac:  0.7137	amco_q_term_rms:           0.2132	amco_state_credit_delta:   0.0015
amco_state_credit_share_delta:  0.0003	amco_state_encoder_grad_norm:  0.0004	amco_state_encoder_grad_rms:  0.0000	amco_state_term_rms:       0.0187
amco_state_to_q_ratio:     0.0878	amco_state_value_rms:      4.4363	amco_v_to_m_ratio:         6.5078	battle_won_mean:           0.0835
credit_entropy:            0.9953	credit_grad_agent_0:       0.3711	credit_grad_agent_1:       0.3467	credit_grad_agent_2:       0.3223
credit_grad_agent_3:       0.3611	credit_grad_agent_4:       0.3400	credit_grad_agent_5:       0.3333	credit_grad_agent_6:       0.3633
credit_grad_agent_7:       0.3273	credit_grad_agent_8:       0.3254	credit_grad_agent_9:       0.5202	credit_grad_cv:            0.1722
credit_grad_max:           0.5825	credit_grad_mean:          0.3611	credit_grad_median:        0.3487	credit_grad_min:           0.2235
credit_grad_near_zero_frac:  0.0000	credit_grad_negative_frac:  0.0000	credit_grad_p10:           0.3042	credit_grad_p90:           0.4161
credit_grad_std:           0.0622	credit_max_share:          0.1441	dead_allies_mean:          9.1908	dead_enemies_mean:         7.7925
ep_length_mean:           99.9790	epsilon:                   0.0500	grad_norm:                 0.6428	loss:                      0.0384
q_taken_mean:              0.3228	return_mean:              11.9831	return_std:                2.7874	target_mean:               0.3222
td_error_abs:              0.1173	test_battle_won_mean:      0.1000	test_dead_allies_mean:     9.0563	test_dead_enemies_mean:    8.3313
test_ep_length_mean:     111.7188	test_return_mean:         12.7747	test_return_std:           2.7082	
[INFO 16:54:17] my_main Updated target network
[INFO 16:55:25] my_main t_env: 1024803 / 2050000
[INFO 16:55:25] my_main Estimated time left: 5 hours, 45 minutes, 14 seconds. Time passed: 6 hours, 9 minutes, 41 seconds
[INFO 16:55:57] my_main Recent Stats | t_env:    1024803 | Episode:    17048
amco_input_q_weight_grad_norm:  0.0075	amco_input_q_weight_grad_rms:  0.0002	amco_input_state_to_q_grad_rms_ratio:  0.0214	amco_input_state_weight_grad_norm:  0.0005
amco_input_state_weight_grad_rms:  0.0000	amco_layer_0_activation_slope_mean:  0.4753	amco_layer_0_activation_slope_p10:  0.4348	amco_layer_0_nonpositive_frac:  0.7463
amco_layer_0_preactivation_mean: -0.0485	amco_layer_0_preactivation_std:  0.0660	amco_layer_1_activation_slope_mean:  0.4957	amco_layer_1_activation_slope_p10:  0.4152
amco_layer_1_nonpositive_frac:  0.7253	amco_layer_1_preactivation_mean:  0.0014	amco_layer_1_preactivation_std:  0.1338	amco_layer_2_activation_slope_mean:  0.5154
amco_layer_2_activation_slope_p10:  0.4386	amco_layer_2_nonpositive_frac:  0.6799	amco_layer_2_preactivation_mean:  0.0558	amco_layer_2_preactivation_std:  0.1778
amco_mixing_output_rms:    0.6843	amco_pre_activation_nonpositive_frac:  0.7172	amco_q_term_rms:           0.2102	amco_state_credit_delta:   0.0014
amco_state_credit_share_delta:  0.0002	amco_state_encoder_grad_norm:  0.0004	amco_state_encoder_grad_rms:  0.0000	amco_state_term_rms:       0.0185
amco_state_to_q_ratio:     0.0885	amco_state_value_rms:      4.4379	amco_v_to_m_ratio:         6.5039	battle_won_mean:           0.0889
credit_entropy:            0.9952	credit_grad_agent_0:       0.3717	credit_grad_agent_1:       0.3476	credit_grad_agent_2:       0.3259
credit_grad_agent_3:       0.3636	credit_grad_agent_4:       0.3403	credit_grad_agent_5:       0.3362	credit_grad_agent_6:       0.3665
credit_grad_agent_7:       0.3302	credit_grad_agent_8:       0.3291	credit_grad_agent_9:       0.5271	credit_grad_cv:            0.1735
credit_grad_max:           0.5896	credit_grad_mean:          0.3638	credit_grad_median:        0.3502	credit_grad_min:           0.2270
credit_grad_near_zero_frac:  0.0000	credit_grad_negative_frac:  0.0000	credit_grad_p10:           0.3069	credit_grad_p90:           0.4170
credit_grad_std:           0.0631	credit_max_share:          0.1449	dead_allies_mean:          9.1558	dead_enemies_mean:         7.8372
ep_length_mean:           99.5312	epsilon:                   0.0500	grad_norm:                 0.6568	loss:                      0.0392
q_taken_mean:              0.3231	return_mean:              12.0445	return_std:                2.8434	target_mean:               0.3221
td_error_abs:              0.1183	test_battle_won_mean:      0.1250	test_dead_allies_mean:     8.9875	test_dead_enemies_mean:    8.4625
test_ep_length_mean:     108.6375	test_return_mean:         12.8942	test_return_std:           2.8634	
[INFO 16:58:51] my_main t_env: 1034962 / 2050000
[INFO 16:58:51] my_main Estimated time left: 5 hours, 42 minutes, 45 seconds. Time passed: 6 hours, 13 minutes, 7 seconds
[INFO 16:59:20] my_main Recent Stats | t_env:    1034962 | Episode:    17149
amco_input_q_weight_grad_norm:  0.0074	amco_input_q_weight_grad_rms:  0.0002	amco_input_state_to_q_grad_rms_ratio:  0.0191	amco_input_state_weight_grad_norm:  0.0005
amco_input_state_weight_grad_rms:  0.0000	amco_layer_0_activation_slope_mean:  0.4783	amco_layer_0_activation_slope_p10:  0.4366	amco_layer_0_nonpositive_frac:  0.7340
amco_layer_0_preactivation_mean: -0.0420	amco_layer_0_preactivation_std:  0.0681	amco_layer_1_activation_slope_mean:  0.4988	amco_layer_1_activation_slope_p10:  0.4146
amco_layer_1_nonpositive_frac:  0.7145	amco_layer_1_preactivation_mean:  0.0101	amco_layer_1_preactivation_std:  0.1413	amco_layer_2_activation_slope_mean:  0.5176
amco_layer_2_activation_slope_p10:  0.4375	amco_layer_2_nonpositive_frac:  0.6813	amco_layer_2_preactivation_mean:  0.0652	amco_layer_2_preactivation_std:  0.1907
amco_mixing_output_rms:    0.7285	amco_pre_activation_nonpositive_frac:  0.7100	amco_q_term_rms:           0.2183	amco_state_credit_delta:   0.0015
amco_state_credit_share_delta:  0.0002	amco_state_encoder_grad_norm:  0.0003	amco_state_encoder_grad_rms:  0.0000	amco_state_term_rms:       0.0187
amco_state_to_q_ratio:     0.0856	amco_state_value_rms:      4.4905	amco_v_to_m_ratio:         6.1820	battle_won_mean:           0.1012
credit_entropy:            0.9950	credit_grad_agent_0:       0.3752	credit_grad_agent_1:       0.3475	credit_grad_agent_2:       0.3275
credit_grad_agent_3:       0.3673	credit_grad_agent_4:       0.3414	credit_grad_agent_5:       0.3396	credit_grad_agent_6:       0.3686
credit_grad_agent_7:       0.3337	credit_grad_agent_8:       0.3336	credit_grad_agent_9:       0.5352	credit_grad_cv:            0.1780
credit_grad_max:           0.6010	credit_grad_mean:          0.3670	credit_grad_median:        0.3531	credit_grad_min:           0.2318
credit_grad_near_zero_frac:  0.0000	credit_grad_negative_frac:  0.0000	credit_grad_p10:           0.3067	credit_grad_p90:           0.4225
credit_grad_std:           0.0653	credit_max_share:          0.1458	dead_allies_mean:          9.0837	dead_enemies_mean:         7.9447
ep_length_mean:          100.5471	epsilon:                   0.0500	grad_norm:                 0.5687	loss:                      0.0414
q_taken_mean:              0.3303	return_mean:              12.1712	return_std:                2.9671	target_mean:               0.3306
td_error_abs:              0.1200	test_battle_won_mean:      0.1688	test_dead_allies_mean:     8.8938	test_dead_enemies_mean:    8.5938
test_ep_length_mean:     101.5062	test_return_mean:         13.2418	test_return_std:           3.0883	
[INFO 17:00:40] my_main Updated target network
[INFO 17:02:00] my_main t_env: 1044962 / 2050000
[INFO 17:02:00] my_main Estimated time left: 5 hours, 16 minutes, 21 seconds. Time passed: 6 hours, 16 minutes, 15 seconds
[INFO 17:02:35] my_main Recent Stats | t_env:    1044962 | Episode:    17252
amco_input_q_weight_grad_norm:  0.0078	amco_input_q_weight_grad_rms:  0.0003	amco_input_state_to_q_grad_rms_ratio:  0.0198	amco_input_state_weight_grad_norm:  0.0005
amco_input_state_weight_grad_rms:  0.0000	amco_layer_0_activation_slope_mean:  0.4784	amco_layer_0_activation_slope_p10:  0.4374	amco_layer_0_nonpositive_frac:  0.7408
amco_layer_0_preactivation_mean: -0.0418	amco_layer_0_preactivation_std:  0.0668	amco_layer_1_activation_slope_mean:  0.4991	amco_layer_1_activation_slope_p10:  0.4164
amco_layer_1_nonpositive_frac:  0.7188	amco_layer_1_preactivation_mean:  0.0103	amco_layer_1_preactivation_std:  0.1385	amco_layer_2_activation_slope_mean:  0.5179
amco_layer_2_activation_slope_p10:  0.4397	amco_layer_2_nonpositive_frac:  0.6805	amco_layer_2_preactivation_mean:  0.0648	amco_layer_2_preactivation_std:  0.1855
amco_mixing_output_rms:    0.7200	amco_pre_activation_nonpositive_frac:  0.7134	amco_q_term_rms:           0.2147	amco_state_credit_delta:   0.0016
amco_state_credit_share_delta:  0.0003	amco_state_encoder_grad_norm:  0.0004	amco_state_encoder_grad_rms:  0.0000	amco_state_term_rms:       0.0187
amco_state_to_q_ratio:     0.0876	amco_state_value_rms:      4.3766	amco_v_to_m_ratio:         6.0981	battle_won_mean:           0.0968
credit_entropy:            0.9948	credit_grad_agent_0:       0.3756	credit_grad_agent_1:       0.3478	credit_grad_agent_2:       0.3281
credit_grad_agent_3:       0.3685	credit_grad_agent_4:       0.3407	credit_grad_agent_5:       0.3402	credit_grad_agent_6:       0.3709
credit_grad_agent_7:       0.3340	credit_grad_agent_8:       0.3353	credit_grad_agent_9:       0.5400	credit_grad_cv:            0.1800
credit_grad_max:           0.6057	credit_grad_mean:          0.3681	credit_grad_median:        0.3532	credit_grad_min:           0.2298
credit_grad_near_zero_frac:  0.0000	credit_grad_negative_frac:  0.0000	credit_grad_p10:           0.3084	credit_grad_p90:           0.4236
credit_grad_std:           0.0663	credit_max_share:          0.1467	dead_allies_mean:          9.1315	dead_enemies_mean:         7.9051
ep_length_mean:           99.8046	epsilon:                   0.0500	grad_norm:                 0.5105	loss:                      0.0407
q_taken_mean:              0.3186	return_mean:              12.2245	return_std:                2.9546	target_mean:               0.3187
td_error_abs:              0.1182	test_battle_won_mean:      0.1938	test_dead_allies_mean:     8.7250	test_dead_enemies_mean:    8.6937
test_ep_length_mean:     101.5500	test_return_mean:         13.4622	test_return_std:           3.2167	
RequestQuit command received.
Closing Application...
DataHandler: unable to parse websocket frame.
CloseHandler: 127.0.0.1:52176 disconnected
[INFO 17:03:20] absl Shutdown gracefully.
[INFO 17:03:20] absl Shutdown with return code: -15
[INFO 17:03:20] absl Launching SC2: /data/workspace/wxr/pymarl-monotone-qmix/3rdparty/StarCraftII/Versions/Base75689/SC2_x64 -listen 127.0.0.1 -port 42939 -dataDir /data/workspace/wxr/pymarl-monotone-qmix/3rdparty/StarCraftII/ -tempDir /tmp/sc-hw41xihy/
Version: B75689 (SC2.4.10)
Build: Aug 12 2019 17:16:57
[INFO 17:03:21] absl Connecting to: ws://127.0.0.1:42939/sc2api, attempt: 0, running: True
Command Line: '"/data/workspace/wxr/pymarl-monotone-qmix/3rdparty/StarCraftII/Versions/Base75689/SC2_x64" -listen 127.0.0.1 -port 42939 -dataDir /data/workspace/wxr/pymarl-monotone-qmix/3rdparty/StarCraftII/ -tempDir /tmp/sc-hw41xihy/'
Starting up...
Startup Phase 1 complete
[INFO 17:03:22] absl Connecting to: ws://127.0.0.1:42939/sc2api, attempt: 1, running: True
Startup Phase 2 complete
Creating stub renderer...
Listening on: 127.0.0.1:42939
Startup Phase 3 complete. Ready for commands.
[INFO 17:03:23] absl Connecting to: ws://127.0.0.1:42939/sc2api, attempt: 2, running: True
ConnectHandler: Request from 127.0.0.1:33060 accepted
ReadyHandler: 127.0.0.1:33060 ready
Requesting to join a single player game
Configuring interface options
Configure: raw interface enabled
Configure: feature layer interface disabled
Configure: score interface disabled
Configure: render interface disabled
Launching next game.
Next launch phase started: 2
Next launch phase started: 3
Next launch phase started: 4
Next launch phase started: 5
Next launch phase started: 6
Next launch phase started: 7
Next launch phase started: 8
Game has started.
Using default stable ids, none found at: /data/workspace/wxr/pymarl-monotone-qmix/3rdparty/StarCraftII/stableid.json
Successfully loaded stable ids: GameData\stableid.json
Sending ResponseJoinGame
[INFO 17:05:27] my_main t_env: 1055059 / 2050000
[INFO 17:05:27] my_main Estimated time left: 5 hours, 40 minutes, 10 seconds. Time passed: 6 hours, 19 minutes, 43 seconds
[INFO 17:06:08] my_main Recent Stats | t_env:    1055059 | Episode:    17353
amco_input_q_weight_grad_norm:  0.0079	amco_input_q_weight_grad_rms:  0.0003	amco_input_state_to_q_grad_rms_ratio:  0.0172	amco_input_state_weight_grad_norm:  0.0004
amco_input_state_weight_grad_rms:  0.0000	amco_layer_0_activation_slope_mean:  0.4768	amco_layer_0_activation_slope_p10:  0.4358	amco_layer_0_nonpositive_frac:  0.7491
amco_layer_0_preactivation_mean: -0.0449	amco_layer_0_preactivation_std:  0.0670	amco_layer_1_activation_slope_mean:  0.4973	amco_layer_1_activation_slope_p10:  0.4143
amco_layer_1_nonpositive_frac:  0.7279	amco_layer_1_preactivation_mean:  0.0068	amco_layer_1_preactivation_std:  0.1395	amco_layer_2_activation_slope_mean:  0.5162
amco_layer_2_activation_slope_p10:  0.4381	amco_layer_2_nonpositive_frac:  0.6914	amco_layer_2_preactivation_mean:  0.0612	amco_layer_2_preactivation_std:  0.1853
amco_mixing_output_rms:    0.7185	amco_pre_activation_nonpositive_frac:  0.7228	amco_q_term_rms:           0.2157	amco_state_credit_delta:   0.0016
amco_state_credit_share_delta:  0.0003	amco_state_encoder_grad_norm:  0.0004	amco_state_encoder_grad_rms:  0.0000	amco_state_term_rms:       0.0189
amco_state_to_q_ratio:     0.0877	amco_state_value_rms:      4.3356	amco_v_to_m_ratio:         6.0538	battle_won_mean:           0.1018
credit_entropy:            0.9947	credit_grad_agent_0:       0.3765	credit_grad_agent_1:       0.3454	credit_grad_agent_2:       0.3280
credit_grad_agent_3:       0.3718	credit_grad_agent_4:       0.3406	credit_grad_agent_5:       0.3406	credit_grad_agent_6:       0.3706
credit_grad_agent_7:       0.3357	credit_grad_agent_8:       0.3363	credit_grad_agent_9:       0.5434	credit_grad_cv:            0.1819
credit_grad_max:           0.6101	credit_grad_mean:          0.3689	credit_grad_median:        0.3532	credit_grad_min:           0.2296
credit_grad_near_zero_frac:  0.0000	credit_grad_negative_frac:  0.0000	credit_grad_p10:           0.3091	credit_grad_p90:           0.4255
credit_grad_std:           0.0671	credit_max_share:          0.1473	dead_allies_mean:          9.1177	dead_enemies_mean:         8.0769
ep_length_mean:           98.6787	epsilon:                   0.0500	grad_norm:                 0.5877	loss:                      0.0403
q_taken_mean:              0.3116	return_mean:              12.3987	return_std:                2.9117	target_mean:               0.3121
td_error_abs:              0.1170	test_battle_won_mean:      0.2188	test_dead_allies_mean:     8.6125	test_dead_enemies_mean:    8.8688
test_ep_length_mean:     104.4625	test_return_mean:         13.7376	test_return_std:           3.2667	
[INFO 17:07:19] my_main Updated target network
[INFO 17:08:52] my_main t_env: 1065113 / 2050000
[INFO 17:08:52] my_main Estimated time left: 5 hours, 34 minutes, 52 seconds. Time passed: 6 hours, 23 minutes, 8 seconds
[INFO 17:09:37] my_main Recent Stats | t_env:    1065113 | Episode:    17452
amco_input_q_weight_grad_norm:  0.0078	amco_input_q_weight_grad_rms:  0.0003	amco_input_state_to_q_grad_rms_ratio:  0.0187	amco_input_state_weight_grad_norm:  0.0005
amco_input_state_weight_grad_rms:  0.0000	amco_layer_0_activation_slope_mean:  0.4744	amco_layer_0_activation_slope_p10:  0.4336	amco_layer_0_nonpositive_frac:  0.7625
amco_layer_0_preactivation_mean: -0.0501	amco_layer_0_preactivation_std:  0.0667	amco_layer_1_activation_slope_mean:  0.4947	amco_layer_1_activation_slope_p10:  0.4118
amco_layer_1_nonpositive_frac:  0.7431	amco_layer_1_preactivation_mean:  0.0004	amco_layer_1_preactivation_std:  0.1391	amco_layer_2_activation_slope_mean:  0.5139
amco_layer_2_activation_slope_p10:  0.4364	amco_layer_2_nonpositive_frac:  0.6997	amco_layer_2_preactivation_mean:  0.0548	amco_layer_2_preactivation_std:  0.1827
amco_mixing_output_rms:    0.7064	amco_pre_activation_nonpositive_frac:  0.7351	amco_q_term_rms:           0.2146	amco_state_credit_delta:   0.0017
amco_state_credit_share_delta:  0.0003	amco_state_encoder_grad_norm:  0.0004	amco_state_encoder_grad_rms:  0.0000	amco_state_term_rms:       0.0191
amco_state_to_q_ratio:     0.0892	amco_state_value_rms:      4.2379	amco_v_to_m_ratio:         6.0231	battle_won_mean:           0.0992
credit_entropy:            0.9946	credit_grad_agent_0:       0.3742	credit_grad_agent_1:       0.3435	credit_grad_agent_2:       0.3261
credit_grad_agent_3:       0.3744	credit_grad_agent_4:       0.3393	credit_grad_agent_5:       0.3401	credit_grad_agent_6:       0.3685
credit_grad_agent_7:       0.3376	credit_grad_agent_8:       0.3363	credit_grad_agent_9:       0.5448	credit_grad_cv:            0.1832
credit_grad_max:           0.6146	credit_grad_mean:          0.3685	credit_grad_median:        0.3523	credit_grad_min:           0.2285
credit_grad_near_zero_frac:  0.0000	credit_grad_negative_frac:  0.0000	credit_grad_p10:           0.3091	credit_grad_p90:           0.4261
credit_grad_std:           0.0675	credit_max_share:          0.1478	dead_allies_mean:          9.1101	dead_enemies_mean:         8.1233
ep_length_mean:           99.9345	epsilon:                   0.0500	grad_norm:                 0.5731	loss:                      0.0377
q_taken_mean:              0.2991	return_mean:              12.4801	return_std:                2.8898	target_mean:               0.3001
td_error_abs:              0.1131	test_battle_won_mean:      0.1938	test_dead_allies_mean:     8.7188	test_dead_enemies_mean:    8.8875
test_ep_length_mean:     106.8000	test_return_mean:         13.5695	test_return_std:           3.1058	
[INFO 17:12:27] my_main t_env: 1075251 / 2050000
[INFO 17:12:27] my_main Estimated time left: 5 hours, 45 minutes, 27 seconds. Time passed: 6 hours, 26 minutes, 43 seconds
[INFO 17:12:51] my_main Recent Stats | t_env:    1075251 | Episode:    17555
amco_input_q_weight_grad_norm:  0.0079	amco_input_q_weight_grad_rms:  0.0003	amco_input_state_to_q_grad_rms_ratio:  0.0205	amco_input_state_weight_grad_norm:  0.0005
amco_input_state_weight_grad_rms:  0.0000	amco_layer_0_activation_slope_mean:  0.4707	amco_layer_0_activation_slope_p10:  0.4302	amco_layer_0_nonpositive_frac:  0.7778
amco_layer_0_preactivation_mean: -0.0580	amco_layer_0_preactivation_std:  0.0659	amco_layer_1_activation_slope_mean:  0.4905	amco_layer_1_activation_slope_p10:  0.4088
amco_layer_1_nonpositive_frac:  0.7608	amco_layer_1_preactivation_mean: -0.0092	amco_layer_1_preactivation_std:  0.1371	amco_layer_2_activation_slope_mean:  0.5102
amco_layer_2_activation_slope_p10:  0.4345	amco_layer_2_nonpositive_frac:  0.7154	amco_layer_2_preactivation_mean:  0.0447	amco_layer_2_preactivation_std:  0.1772
amco_mixing_output_rms:    0.6817	amco_pre_activation_nonpositive_frac:  0.7513	amco_q_term_rms:           0.2128	amco_state_credit_delta:   0.0018
amco_state_credit_share_delta:  0.0003	amco_state_encoder_grad_norm:  0.0004	amco_state_encoder_grad_rms:  0.0000	amco_state_term_rms:       0.0192
amco_state_to_q_ratio:     0.0908	amco_state_value_rms:      4.2020	amco_v_to_m_ratio:         6.2220	battle_won_mean:           0.1085
credit_entropy:            0.9945	credit_grad_agent_0:       0.3700	credit_grad_agent_1:       0.3402	credit_grad_agent_2:       0.3259
credit_grad_agent_3:       0.3748	credit_grad_agent_4:       0.3377	credit_grad_agent_5:       0.3395	credit_grad_agent_6:       0.3691
credit_grad_agent_7:       0.3390	credit_grad_agent_8:       0.3363	credit_grad_agent_9:       0.5463	credit_grad_cv:            0.1841
credit_grad_max:           0.6169	credit_grad_mean:          0.3679	credit_grad_median:        0.3511	credit_grad_min:           0.2273
credit_grad_near_zero_frac:  0.0000	credit_grad_negative_frac:  0.0000	credit_grad_p10:           0.3098	credit_grad_p90:           0.4258
credit_grad_std:           0.0677	credit_max_share:          0.1485	dead_allies_mean:          9.0595	dead_enemies_mean:         8.2242
ep_length_mean:           99.5249	epsilon:                   0.0500	grad_norm:                 0.6414	loss:                      0.0370
q_taken_mean:              0.2929	return_mean:              12.5712	return_std:                2.9317	target_mean:               0.2946
td_error_abs:              0.1124	test_battle_won_mean:      0.1938	test_dead_allies_mean:     8.6875	test_dead_enemies_mean:    9.0687
test_ep_length_mean:     103.6250	test_return_mean:         13.8581	test_return_std:           3.0117	
[INFO 17:13:59] my_main Updated target network
[INFO 17:15:06] my_main t_env: 1085395 / 2050000
[INFO 17:15:06] my_main Estimated time left: 4 hours, 10 minutes, 48 seconds. Time passed: 6 hours, 29 minutes, 22 seconds
[INFO 17:15:43] my_main Recent Stats | t_env:    1085395 | Episode:    17635
amco_input_q_weight_grad_norm:  0.0079	amco_input_q_weight_grad_rms:  0.0003	amco_input_state_to_q_grad_rms_ratio:  0.0174	amco_input_state_weight_grad_norm:  0.0004
amco_input_state_weight_grad_rms:  0.0000	amco_layer_0_activation_slope_mean:  0.4703	amco_layer_0_activation_slope_p10:  0.4299	amco_layer_0_nonpositive_frac:  0.7796
amco_layer_0_preactivation_mean: -0.0589	amco_layer_0_preactivation_std:  0.0656	amco_layer_1_activation_slope_mean:  0.4903	amco_layer_1_activation_slope_p10:  0.4096
amco_layer_1_nonpositive_frac:  0.7617	amco_layer_1_preactivation_mean: -0.0104	amco_layer_1_preactivation_std:  0.1357	amco_layer_2_activation_slope_mean:  0.5102
amco_layer_2_activation_slope_p10:  0.4354	amco_layer_2_nonpositive_frac:  0.7151	amco_layer_2_preactivation_mean:  0.0430	amco_layer_2_preactivation_std:  0.1739
amco_mixing_output_rms:    0.6743	amco_pre_activation_nonpositive_frac:  0.7521	amco_q_term_rms:           0.2113	amco_state_credit_delta:   0.0019
amco_state_credit_share_delta:  0.0003	amco_state_encoder_grad_norm:  0.0004	amco_state_encoder_grad_rms:  0.0000	amco_state_term_rms:       0.0192
amco_state_to_q_ratio:     0.0914	amco_state_value_rms:      4.1804	amco_v_to_m_ratio:         6.2472	battle_won_mean:           0.1017
credit_entropy:            0.9944	credit_grad_agent_0:       0.3640	credit_grad_agent_1:       0.3354	credit_grad_agent_2:       0.3268
credit_grad_agent_3:       0.3744	credit_grad_agent_4:       0.3371	credit_grad_agent_5:       0.3378	credit_grad_agent_6:       0.3700
credit_grad_agent_7:       0.3411	credit_grad_agent_8:       0.3339	credit_grad_agent_9:       0.5457	credit_grad_cv:            0.1845
credit_grad_max:           0.6162	credit_grad_mean:          0.3666	credit_grad_median:        0.3495	credit_grad_min:           0.2218
credit_grad_near_zero_frac:  0.0000	credit_grad_negative_frac:  0.0000	credit_grad_p10:           0.3092	credit_grad_p90:           0.4222
credit_grad_std:           0.0676	credit_max_share:          0.1488	dead_allies_mean:          9.0366	dead_enemies_mean:         8.1854
ep_length_mean:          104.7681	epsilon:                   0.0500	grad_norm:                 0.6820	loss:                      0.0367
q_taken_mean:              0.2913	return_mean:              12.5570	return_std:                2.9057	target_mean:               0.2932
td_error_abs:              0.1117	test_battle_won_mean:      0.1875	test_dead_allies_mean:     8.6687	test_dead_enemies_mean:    9.0437
test_ep_length_mean:     108.5312	test_return_mean:         13.8433	test_return_std:           2.9610	
[INFO 17:18:22] my_main t_env: 1095424 / 2050000
[INFO 17:18:22] my_main Estimated time left: 5 hours, 12 minutes, 9 seconds. Time passed: 6 hours, 32 minutes, 38 seconds
[INFO 17:18:49] my_main Recent Stats | t_env:    1095424 | Episode:    17737
amco_input_q_weight_grad_norm:  0.0083	amco_input_q_weight_grad_rms:  0.0003	amco_input_state_to_q_grad_rms_ratio:  0.0161	amco_input_state_weight_grad_norm:  0.0004
amco_input_state_weight_grad_rms:  0.0000	amco_layer_0_activation_slope_mean:  0.4693	amco_layer_0_activation_slope_p10:  0.4290	amco_layer_0_nonpositive_frac:  0.7880
amco_layer_0_preactivation_mean: -0.0606	amco_layer_0_preactivation_std:  0.0656	amco_layer_1_activation_slope_mean:  0.4892	amco_layer_1_activation_slope_p10:  0.4092
amco_layer_1_nonpositive_frac:  0.7698	amco_layer_1_preactivation_mean: -0.0120	amco_layer_1_preactivation_std:  0.1353	amco_layer_2_activation_slope_mean:  0.5089
amco_layer_2_activation_slope_p10:  0.4357	amco_layer_2_nonpositive_frac:  0.7293	amco_layer_2_preactivation_mean:  0.0411	amco_layer_2_preactivation_std:  0.1716
amco_mixing_output_rms:    0.6692	amco_pre_activation_nonpositive_frac:  0.7623	amco_q_term_rms:           0.2131	amco_state_credit_delta:   0.0020
amco_state_credit_share_delta:  0.0003	amco_state_encoder_grad_norm:  0.0005	amco_state_encoder_grad_rms:  0.0000	amco_state_term_rms:       0.0194
amco_state_to_q_ratio:     0.0913	amco_state_value_rms:      4.0628	amco_v_to_m_ratio:         6.1169	battle_won_mean:           0.1136
credit_entropy:            0.9943	credit_grad_agent_0:       0.3588	credit_grad_agent_1:       0.3286	credit_grad_agent_2:       0.3248
credit_grad_agent_3:       0.3706	credit_grad_agent_4:       0.3340	credit_grad_agent_5:       0.3334	credit_grad_agent_6:       0.3687
credit_grad_agent_7:       0.3415	credit_grad_agent_8:       0.3290	credit_grad_agent_9:       0.5420	credit_grad_cv:            0.1856
credit_grad_max:           0.6131	credit_grad_mean:          0.3631	credit_grad_median:        0.3460	credit_grad_min:           0.2165
credit_grad_near_zero_frac:  0.0000	credit_grad_negative_frac:  0.0000	credit_grad_p10:           0.3076	credit_grad_p90:           0.4176
credit_grad_std:           0.0674	credit_max_share:          0.1492	dead_allies_mean:          8.9765	dead_enemies_mean:         8.3022
ep_length_mean:          105.0153	epsilon:                   0.0500	grad_norm:                 0.6321	loss:                      0.0358
q_taken_mean:              0.2794	return_mean:              12.6380	return_std:                2.9744	target_mean:               0.2824
td_error_abs:              0.1083	test_battle_won_mean:      0.2000	test_dead_allies_mean:     8.6813	test_dead_enemies_mean:    9.1000
test_ep_length_mean:     105.8375	test_return_mean:         13.9318	test_return_std:           3.0562	
RequestQuit command received.
DataHandler: unable to parse websocket frame.
Closing Application...
CloseHandler: 127.0.0.1:33060 disconnected
ResponseThread: No connection, dropping the response.
[INFO 17:19:03] absl Shutdown gracefully.
[INFO 17:19:03] absl Shutdown with return code: -15
[INFO 17:19:03] absl Launching SC2: /data/workspace/wxr/pymarl-monotone-qmix/3rdparty/StarCraftII/Versions/Base75689/SC2_x64 -listen 127.0.0.1 -port 34535 -dataDir /data/workspace/wxr/pymarl-monotone-qmix/3rdparty/StarCraftII/ -tempDir /tmp/sc-jpwcqvn9/
[INFO 17:19:04] absl Connecting to: ws://127.0.0.1:34535/sc2api, attempt: 0, running: True
Version: B75689 (SC2.4.10)
Build: Aug 12 2019 17:16:57
Command Line: '"/data/workspace/wxr/pymarl-monotone-qmix/3rdparty/StarCraftII/Versions/Base75689/SC2_x64" -listen 127.0.0.1 -port 34535 -dataDir /data/workspace/wxr/pymarl-monotone-qmix/3rdparty/StarCraftII/ -tempDir /tmp/sc-jpwcqvn9/'
Starting up...
Startup Phase 1 complete
[INFO 17:19:05] absl Connecting to: ws://127.0.0.1:34535/sc2api, attempt: 1, running: True
Startup Phase 2 complete
Creating stub renderer...
Listening on: 127.0.0.1:34535
Startup Phase 3 complete. Ready for commands.
[INFO 17:19:06] absl Connecting to: ws://127.0.0.1:34535/sc2api, attempt: 2, running: True
ConnectHandler: Request from 127.0.0.1:58756 accepted
ReadyHandler: 127.0.0.1:58756 ready
Requesting to join a single player game
Configuring interface options
Configure: raw interface enabled
Configure: feature layer interface disabled
Configure: score interface disabled
Configure: render interface disabled
Launching next game.
Next launch phase started: 2
Next launch phase started: 3
Next launch phase started: 4
Next launch phase started: 5
Next launch phase started: 6
Next launch phase started: 7
Next launch phase started: 8
Game has started.
Using default stable ids, none found at: /data/workspace/wxr/pymarl-monotone-qmix/3rdparty/StarCraftII/stableid.json
Successfully loaded stable ids: GameData\stableid.json
Sending ResponseJoinGame
[INFO 17:20:21] my_main Updated target network
[INFO 17:21:23] my_main t_env: 1105530 / 2050000
[INFO 17:21:23] my_main Estimated time left: 4 hours, 41 minutes, 12 seconds. Time passed: 6 hours, 35 minutes, 39 seconds
[INFO 17:21:52] my_main Recent Stats | t_env:    1105530 | Episode:    17841
amco_input_q_weight_grad_norm:  0.0076	amco_input_q_weight_grad_rms:  0.0002	amco_input_state_to_q_grad_rms_ratio:  0.0165	amco_input_state_weight_grad_norm:  0.0004
amco_input_state_weight_grad_rms:  0.0000	amco_layer_0_activation_slope_mean:  0.4719	amco_layer_0_activation_slope_p10:  0.4312	amco_layer_0_nonpositive_frac:  0.7741
amco_layer_0_preactivation_mean: -0.0555	amco_layer_0_preactivation_std:  0.0664	amco_layer_1_activation_slope_mean:  0.4923	amco_layer_1_activation_slope_p10:  0.4116
amco_layer_1_nonpositive_frac:  0.7522	amco_layer_1_preactivation_mean: -0.0054	amco_layer_1_preactivation_std:  0.1369	amco_layer_2_activation_slope_mean:  0.5119
amco_layer_2_activation_slope_p10:  0.4383	amco_layer_2_nonpositive_frac:  0.7075	amco_layer_2_preactivation_mean:  0.0475	amco_layer_2_preactivation_std:  0.1744
amco_mixing_output_rms:    0.6850	amco_pre_activation_nonpositive_frac:  0.7446	amco_q_term_rms:           0.2143	amco_state_credit_delta:   0.0021
amco_state_credit_share_delta:  0.0003	amco_state_encoder_grad_norm:  0.0004	amco_state_encoder_grad_rms:  0.0000	amco_state_term_rms:       0.0194
amco_state_to_q_ratio:     0.0910	amco_state_value_rms:      4.1205	amco_v_to_m_ratio:         6.0697	battle_won_mean:           0.1091
credit_entropy:            0.9943	credit_grad_agent_0:       0.3549	credit_grad_agent_1:       0.3255	credit_grad_agent_2:       0.3247
credit_grad_agent_3:       0.3684	credit_grad_agent_4:       0.3323	credit_grad_agent_5:       0.3340	credit_grad_agent_6:       0.3707
credit_grad_agent_7:       0.3418	credit_grad_agent_8:       0.3258	credit_grad_agent_9:       0.5405	credit_grad_cv:            0.1864
credit_grad_max:           0.6121	credit_grad_mean:          0.3619	credit_grad_median:        0.3450	credit_grad_min:           0.2118
credit_grad_near_zero_frac:  0.0000	credit_grad_negative_frac:  0.0000	credit_grad_p10:           0.3061	credit_grad_p90:           0.4177
credit_grad_std:           0.0674	credit_max_share:          0.1494	dead_allies_mean:          9.0019	dead_enemies_mean:         8.2422
ep_length_mean:          104.4559	epsilon:                   0.0500	grad_norm:                 0.5640	loss:                      0.0375
q_taken_mean:              0.2900	return_mean:              12.5808	return_std:                2.9808	target_mean:               0.2909
td_error_abs:              0.1101	test_battle_won_mean:      0.1938	test_dead_allies_mean:     8.7375	test_dead_enemies_mean:    9.1375
test_ep_length_mean:      99.4125	test_return_mean:         13.8089	test_return_std:           3.1483	
[INFO 17:24:10] my_main t_env: 1115585 / 2050000
[INFO 17:24:10] my_main Estimated time left: 4 hours, 18 minutes, 37 seconds. Time passed: 6 hours, 38 minutes, 26 seconds
[INFO 17:24:38] my_main Recent Stats | t_env:    1115585 | Episode:    17945
amco_input_q_weight_grad_norm:  0.0078	amco_input_q_weight_grad_rms:  0.0003	amco_input_state_to_q_grad_rms_ratio:  0.0140	amco_input_state_weight_grad_norm:  0.0003
amco_input_state_weight_grad_rms:  0.0000	amco_layer_0_activation_slope_mean:  0.4717	amco_layer_0_activation_slope_p10:  0.4312	amco_layer_0_nonpositive_frac:  0.7740
amco_layer_0_preactivation_mean: -0.0559	amco_layer_0_preactivation_std:  0.0658	amco_layer_1_activation_slope_mean:  0.4923	amco_layer_1_activation_slope_p10:  0.4123
amco_layer_1_nonpositive_frac:  0.7521	amco_layer_1_preactivation_mean: -0.0059	amco_layer_1_preactivation_std:  0.1352	amco_layer_2_activation_slope_mean:  0.5117
amco_layer_2_activation_slope_p10:  0.4395	amco_layer_2_nonpositive_frac:  0.7123	amco_layer_2_preactivation_mean:  0.0461	amco_layer_2_preactivation_std:  0.1712
amco_mixing_output_rms:    0.6764	amco_pre_activation_nonpositive_frac:  0.7461	amco_q_term_rms:           0.2116	amco_state_credit_delta:   0.0021
amco_state_credit_share_delta:  0.0003	amco_state_encoder_grad_norm:  0.0005	amco_state_encoder_grad_rms:  0.0000	amco_state_term_rms:       0.0194
amco_state_to_q_ratio:     0.0921	amco_state_value_rms:      4.1052	amco_v_to_m_ratio:         6.1370	battle_won_mean:           0.0965
credit_entropy:            0.9942	credit_grad_agent_0:       0.3531	credit_grad_agent_1:       0.3230	credit_grad_agent_2:       0.3270
credit_grad_agent_3:       0.3683	credit_grad_agent_4:       0.3318	credit_grad_agent_5:       0.3351	credit_grad_agent_6:       0.3737
credit_grad_agent_7:       0.3426	credit_grad_agent_8:       0.3246	credit_grad_agent_9:       0.5417	credit_grad_cv:            0.1870
credit_grad_max:           0.6122	credit_grad_mean:          0.3621	credit_grad_median:        0.3453	credit_grad_min:           0.2100
credit_grad_near_zero_frac:  0.0000	credit_grad_negative_frac:  0.0000	credit_grad_p10:           0.3071	credit_grad_p90:           0.4192
credit_grad_std:           0.0677	credit_max_share:          0.1496	dead_allies_mean:          9.0483	dead_enemies_mean:         8.1131
ep_length_mean:          103.4813	epsilon:                   0.0500	grad_norm:                 0.7752	loss:                      0.0406
q_taken_mean:              0.2892	return_mean:              12.3897	return_std:                2.9068	target_mean:               0.2906
td_error_abs:              0.1119	test_battle_won_mean:      0.2125	test_dead_allies_mean:     8.6750	test_dead_enemies_mean:    9.2312
test_ep_length_mean:      94.2750	test_return_mean:         14.0443	test_return_std:           3.3696	
[INFO 17:26:17] my_main Updated target network
[INFO 17:27:46] my_main t_env: 1125701 / 2050000
[INFO 17:27:46] my_main Estimated time left: 5 hours, 29 minutes, 13 seconds. Time passed: 6 hours, 42 minutes, 2 seconds
[INFO 17:28:28] my_main Recent Stats | t_env:    1125701 | Episode:    18053
amco_input_q_weight_grad_norm:  0.0076	amco_input_q_weight_grad_rms:  0.0002	amco_input_state_to_q_grad_rms_ratio:  0.0146	amco_input_state_weight_grad_norm:  0.0003
amco_input_state_weight_grad_rms:  0.0000	amco_layer_0_activation_slope_mean:  0.4728	amco_layer_0_activation_slope_p10:  0.4322	amco_layer_0_nonpositive_frac:  0.7688
amco_layer_0_preactivation_mean: -0.0535	amco_layer_0_preactivation_std:  0.0660	amco_layer_1_activation_slope_mean:  0.4937	amco_layer_1_activation_slope_p10:  0.4136
amco_layer_1_nonpositive_frac:  0.7465	amco_layer_1_preactivation_mean: -0.0029	amco_layer_1_preactivation_std:  0.1356	amco_layer_2_activation_slope_mean:  0.5128
amco_layer_2_activation_slope_p10:  0.4408	amco_layer_2_nonpositive_frac:  0.7078	amco_layer_2_preactivation_mean:  0.0487	amco_layer_2_preactivation_std:  0.1718
amco_mixing_output_rms:    0.6831	amco_pre_activation_nonpositive_frac:  0.7410	amco_q_term_rms:           0.2106	amco_state_credit_delta:   0.0024
amco_state_credit_share_delta:  0.0004	amco_state_encoder_grad_norm:  0.0005	amco_state_encoder_grad_rms:  0.0000	amco_state_term_rms:       0.0197
amco_state_to_q_ratio:     0.0945	amco_state_value_rms:      4.0794	amco_v_to_m_ratio:         6.0155	battle_won_mean:           0.0858
credit_entropy:            0.9941	credit_grad_agent_0:       0.3523	credit_grad_agent_1:       0.3218	credit_grad_agent_2:       0.3293
credit_grad_agent_3:       0.3694	credit_grad_agent_4:       0.3343	credit_grad_agent_5:       0.3368	credit_grad_agent_6:       0.3759
credit_grad_agent_7:       0.3458	credit_grad_agent_8:       0.3232	credit_grad_agent_9:       0.5444	credit_grad_cv:            0.1877
credit_grad_max:           0.6156	credit_grad_mean:          0.3633	credit_grad_median:        0.3464	credit_grad_min:           0.2093
credit_grad_near_zero_frac:  0.0000	credit_grad_negative_frac:  0.0000	credit_grad_p10:           0.3086	credit_grad_p90:           0.4217
credit_grad_std:           0.0682	credit_max_share:          0.1498	dead_allies_mean:          9.1096	dead_enemies_mean:         8.0248
ep_length_mean:          102.5292	epsilon:                   0.0500	grad_norm:                 0.7083	loss:                      0.0405
q_taken_mean:              0.2872	return_mean:              12.2876	return_std:                2.8198	target_mean:               0.2879
td_error_abs:              0.1101	test_battle_won_mean:      0.1875	test_dead_allies_mean:     8.7750	test_dead_enemies_mean:    9.0375
test_ep_length_mean:      99.9250	test_return_mean:         13.6761	test_return_std:           3.3153	
[INFO 17:31:30] my_main t_env: 1135710 / 2050000
[INFO 17:31:30] my_main Estimated time left: 5 hours, 40 minutes, 44 seconds. Time passed: 6 hours, 45 minutes, 46 seconds
[INFO 17:32:07] my_main Recent Stats | t_env:    1135710 | Episode:    18150
amco_input_q_weight_grad_norm:  0.0073	amco_input_q_weight_grad_rms:  0.0002	amco_input_state_to_q_grad_rms_ratio:  0.0152	amco_input_state_weight_grad_norm:  0.0003
amco_input_state_weight_grad_rms:  0.0000	amco_layer_0_activation_slope_mean:  0.4735	amco_layer_0_activation_slope_p10:  0.4332	amco_layer_0_nonpositive_frac:  0.7650
amco_layer_0_preactivation_mean: -0.0519	amco_layer_0_preactivation_std:  0.0654	amco_layer_1_activation_slope_mean:  0.4944	amco_layer_1_activation_slope_p10:  0.4146
amco_layer_1_nonpositive_frac:  0.7386	amco_layer_1_preactivation_mean: -0.0009	amco_layer_1_preactivation_std:  0.1352	amco_layer_2_activation_slope_mean:  0.5135
amco_layer_2_activation_slope_p10:  0.4422	amco_layer_2_nonpositive_frac:  0.6999	amco_layer_2_preactivation_mean:  0.0506	amco_layer_2_preactivation_std:  0.1717
amco_mixing_output_rms:    0.6890	amco_pre_activation_nonpositive_frac:  0.7345	amco_q_term_rms:           0.2095	amco_state_credit_delta:   0.0024
amco_state_credit_share_delta:  0.0004	amco_state_encoder_grad_norm:  0.0005	amco_state_encoder_grad_rms:  0.0000	amco_state_term_rms:       0.0198
amco_state_to_q_ratio:     0.0952	amco_state_value_rms:      4.1050	amco_v_to_m_ratio:         6.0062	battle_won_mean:           0.0935
credit_entropy:            0.9940	credit_grad_agent_0:       0.3524	credit_grad_agent_1:       0.3230	credit_grad_agent_2:       0.3318
credit_grad_agent_3:       0.3709	credit_grad_agent_4:       0.3376	credit_grad_agent_5:       0.3410	credit_grad_agent_6:       0.3778
credit_grad_agent_7:       0.3494	credit_grad_agent_8:       0.3228	credit_grad_agent_9:       0.5504	credit_grad_cv:            0.1890
credit_grad_max:           0.6240	credit_grad_mean:          0.3657	credit_grad_median:        0.3487	credit_grad_min:           0.2121
credit_grad_near_zero_frac:  0.0000	credit_grad_negative_frac:  0.0000	credit_grad_p10:           0.3116	credit_grad_p90:           0.4249
credit_grad_std:           0.0691	credit_max_share:          0.1505	dead_allies_mean:          9.1452	dead_enemies_mean:         8.0686
ep_length_mean:           97.8063	epsilon:                   0.0500	grad_norm:                 0.6684	loss:                      0.0418
q_taken_mean:              0.2896	return_mean:              12.2928	return_std:                2.8239	target_mean:               0.2896
td_error_abs:              0.1120	test_battle_won_mean:      0.1625	test_dead_allies_mean:     8.9000	test_dead_enemies_mean:    9.0375
test_ep_length_mean:      94.4750	test_return_mean:         13.4325	test_return_std:           3.1805	
[INFO 17:33:36] my_main Updated target network
[INFO 17:34:50] my_main t_env: 1145846 / 2050000
[INFO 17:34:50] my_main Estimated time left: 4 hours, 57 minutes, 11 seconds. Time passed: 6 hours, 49 minutes, 6 seconds
[INFO 17:35:19] my_main Recent Stats | t_env:    1145846 | Episode:    18250
amco_input_q_weight_grad_norm:  0.0065	amco_input_q_weight_grad_rms:  0.0002	amco_input_state_to_q_grad_rms_ratio:  0.0156	amco_input_state_weight_grad_norm:  0.0003
amco_input_state_weight_grad_rms:  0.0000	amco_layer_0_activation_slope_mean:  0.4730	amco_layer_0_activation_slope_p10:  0.4327	amco_layer_0_nonpositive_frac:  0.7613
amco_layer_0_preactivation_mean: -0.0530	amco_layer_0_preactivation_std:  0.0654	amco_layer_1_activation_slope_mean:  0.4939	amco_layer_1_activation_slope_p10:  0.4133
amco_layer_1_nonpositive_frac:  0.7373	amco_layer_1_preactivation_mean: -0.0023	amco_layer_1_preactivation_std:  0.1367	amco_layer_2_activation_slope_mean:  0.5131
amco_layer_2_activation_slope_p10:  0.4407	amco_layer_2_nonpositive_frac:  0.6974	amco_layer_2_preactivation_mean:  0.0494	amco_layer_2_preactivation_std:  0.1743
amco_mixing_output_rms:    0.6945	amco_pre_activation_nonpositive_frac:  0.7320	amco_q_term_rms:           0.2092	amco_state_credit_delta:   0.0024
amco_state_credit_share_delta:  0.0004	amco_state_encoder_grad_norm:  0.0004	amco_state_encoder_grad_rms:  0.0000	amco_state_term_rms:       0.0199
amco_state_to_q_ratio:     0.0957	amco_state_value_rms:      4.1991	amco_v_to_m_ratio:         6.0984	battle_won_mean:           0.0820
credit_entropy:            0.9938	credit_grad_agent_0:       0.3538	credit_grad_agent_1:       0.3257	credit_grad_agent_2:       0.3360
credit_grad_agent_3:       0.3766	credit_grad_agent_4:       0.3423	credit_grad_agent_5:       0.3481	credit_grad_agent_6:       0.3840
credit_grad_agent_7:       0.3561	credit_grad_agent_8:       0.3250	credit_grad_agent_9:       0.5600	credit_grad_cv:            0.1911
credit_grad_max:           0.6340	credit_grad_mean:          0.3708	credit_grad_median:        0.3535	credit_grad_min:           0.2160
credit_grad_near_zero_frac:  0.0000	credit_grad_negative_frac:  0.0000	credit_grad_p10:           0.3147	credit_grad_p90:           0.4319
credit_grad_std:           0.0709	credit_max_share:          0.1510	dead_allies_mean:          9.1834	dead_enemies_mean:         8.0913
ep_length_mean:           98.4136	epsilon:                   0.0500	grad_norm:                 0.7036	loss:                      0.0433
q_taken_mean:              0.2982	return_mean:              12.2575	return_std:                2.7101	target_mean:               0.2984
td_error_abs:              0.1143	test_battle_won_mean:      0.1500	test_dead_allies_mean:     8.9187	test_dead_enemies_mean:    8.9875
test_ep_length_mean:      96.6375	test_return_mean:         13.2763	test_return_std:           3.0865	
DataHandler: unable to parse websocket frame.
CloseHandler: 127.0.0.1:58756 disconnected
RequestQuit command received.
QueueResponse: No outstanding requests to this connection, dropping response: quit, id: 999999999
Closing Application...
[INFO 17:35:27] absl Shutdown gracefully.
[INFO 17:35:27] absl Shutdown with return code: -15
[INFO 17:35:27] absl Launching SC2: /data/workspace/wxr/pymarl-monotone-qmix/3rdparty/StarCraftII/Versions/Base75689/SC2_x64 -listen 127.0.0.1 -port 43211 -dataDir /data/workspace/wxr/pymarl-monotone-qmix/3rdparty/StarCraftII/ -tempDir /tmp/sc-6caxe075/
Version: B75689 (SC2.4.10)
Build: Aug 12 2019 17:16:57
Command Line: '"/data/workspace/wxr/pymarl-monotone-qmix/3rdparty/StarCraftII/Versions/Base75689/SC2_x64" -listen 127.0.0.1 -port 43211 -dataDir /data/workspace/wxr/pymarl-monotone-qmix/3rdparty/StarCraftII/ -tempDir /tmp/sc-6caxe075/'
[INFO 17:35:28] absl Connecting to: ws://127.0.0.1:43211/sc2api, attempt: 0, running: True
Starting up...
Startup Phase 1 complete
[INFO 17:35:29] absl Connecting to: ws://127.0.0.1:43211/sc2api, attempt: 1, running: True
Startup Phase 2 complete
Creating stub renderer...
Listening on: 127.0.0.1:43211
Startup Phase 3 complete. Ready for commands.
[INFO 17:35:30] absl Connecting to: ws://127.0.0.1:43211/sc2api, attempt: 2, running: True
ConnectHandler: Request from 127.0.0.1:49206 accepted
ReadyHandler: 127.0.0.1:49206 ready
Requesting to join a single player game
Configuring interface options
Configure: raw interface enabled
Configure: feature layer interface disabled
Configure: score interface disabled
Configure: render interface disabled
Launching next game.
Next launch phase started: 2
Next launch phase started: 3
Next launch phase started: 4
Next launch phase started: 5
Next launch phase started: 6
Next launch phase started: 7
Next launch phase started: 8
Game has started.
Using default stable ids, none found at: /data/workspace/wxr/pymarl-monotone-qmix/3rdparty/StarCraftII/stableid.json
Successfully loaded stable ids: GameData\stableid.json
Sending ResponseJoinGame
[INFO 17:37:58] my_main t_env: 1156017 / 2050000
[INFO 17:37:58] my_main Estimated time left: 4 hours, 35 minutes, 11 seconds. Time passed: 6 hours, 52 minutes, 14 seconds
[INFO 17:38:32] my_main Recent Stats | t_env:    1156017 | Episode:    18359
amco_input_q_weight_grad_norm:  0.0066	amco_input_q_weight_grad_rms:  0.0002	amco_input_state_to_q_grad_rms_ratio:  0.0174	amco_input_state_weight_grad_norm:  0.0004
amco_input_state_weight_grad_rms:  0.0000	amco_layer_0_activation_slope_mean:  0.4721	amco_layer_0_activation_slope_p10:  0.4326	amco_layer_0_nonpositive_frac:  0.7746
amco_layer_0_preactivation_mean: -0.0544	amco_layer_0_preactivation_std:  0.0641	amco_layer_1_activation_slope_mean:  0.4926	amco_layer_1_activation_slope_p10:  0.4132
amco_layer_1_nonpositive_frac:  0.7542	amco_layer_1_preactivation_mean: -0.0037	amco_layer_1_preactivation_std:  0.1353	amco_layer_2_activation_slope_mean:  0.5117
amco_layer_2_activation_slope_p10:  0.4409	amco_layer_2_nonpositive_frac:  0.7138	amco_layer_2_preactivation_mean:  0.0483	amco_layer_2_preactivation_std:  0.1721
amco_mixing_output_rms:    0.6975	amco_pre_activation_nonpositive_frac:  0.7475	amco_q_term_rms:           0.2092	amco_state_credit_delta:   0.0027
amco_state_credit_share_delta:  0.0004	amco_state_encoder_grad_norm:  0.0005	amco_state_encoder_grad_rms:  0.0000	amco_state_term_rms:       0.0203
amco_state_to_q_ratio:     0.0974	amco_state_value_rms:      4.1101	amco_v_to_m_ratio:         5.9680	battle_won_mean:           0.0867
credit_entropy:            0.9937	credit_grad_agent_0:       0.3596	credit_grad_agent_1:       0.3294	credit_grad_agent_2:       0.3411
credit_grad_agent_3:       0.3813	credit_grad_agent_4:       0.3494	credit_grad_agent_5:       0.3544	credit_grad_agent_6:       0.3896
credit_grad_agent_7:       0.3625	credit_grad_agent_8:       0.3298	credit_grad_agent_9:       0.5727	credit_grad_cv:            0.1934
credit_grad_max:           0.6480	credit_grad_mean:          0.3770	credit_grad_median:        0.3599	credit_grad_min:           0.2219
credit_grad_near_zero_frac:  0.0000	credit_grad_negative_frac:  0.0000	credit_grad_p10:           0.3199	credit_grad_p90:           0.4365
credit_grad_std:           0.0730	credit_max_share:          0.1519	dead_allies_mean:          9.1701	dead_enemies_mean:         8.0921
ep_length_mean:           97.6414	epsilon:                   0.0500	grad_norm:                 0.5913	loss:                      0.0412
q_taken_mean:              0.2856	return_mean:              12.2427	return_std:                2.7590	target_mean:               0.2862
td_error_abs:              0.1101	test_battle_won_mean:      0.1562	test_dead_allies_mean:     8.8875	test_dead_enemies_mean:    9.0500
test_ep_length_mean:      95.9813	test_return_mean:         13.4120	test_return_std:           3.0410	
[INFO 17:39:29] my_main Updated target network
[INFO 17:40:55] my_main t_env: 1166042 / 2050000
[INFO 17:40:55] my_main Estimated time left: 4 hours, 19 minutes, 53 seconds. Time passed: 6 hours, 55 minutes, 10 seconds
[INFO 17:41:24] my_main Recent Stats | t_env:    1166042 | Episode:    18461
amco_input_q_weight_grad_norm:  0.0070	amco_input_q_weight_grad_rms:  0.0002	amco_input_state_to_q_grad_rms_ratio:  0.0185	amco_input_state_weight_grad_norm:  0.0004
amco_input_state_weight_grad_rms:  0.0000	amco_layer_0_activation_slope_mean:  0.4748	amco_layer_0_activation_slope_p10:  0.4348	amco_layer_0_nonpositive_frac:  0.7655
amco_layer_0_preactivation_mean: -0.0487	amco_layer_0_preactivation_std:  0.0649	amco_layer_1_activation_slope_mean:  0.4957	amco_layer_1_activation_slope_p10:  0.4152
amco_layer_1_nonpositive_frac:  0.7451	amco_layer_1_preactivation_mean:  0.0038	amco_layer_1_preactivation_std:  0.1378	amco_layer_2_activation_slope_mean:  0.5147
amco_layer_2_activation_slope_p10:  0.4428	amco_layer_2_nonpositive_frac:  0.7184	amco_layer_2_preactivation_mean:  0.0565	amco_layer_2_preactivation_std:  0.1771
amco_mixing_output_rms:    0.7231	amco_pre_activation_nonpositive_frac:  0.7430	amco_q_term_rms:           0.2119	amco_state_credit_delta:   0.0031
amco_state_credit_share_delta:  0.0005	amco_state_encoder_grad_norm:  0.0005	amco_state_encoder_grad_rms:  0.0000	amco_state_term_rms:       0.0208
amco_state_to_q_ratio:     0.0985	amco_state_value_rms:      4.1129	amco_v_to_m_ratio:         5.7329	battle_won_mean:           0.0967
credit_entropy:            0.9935	credit_grad_agent_0:       0.3613	credit_grad_agent_1:       0.3303	credit_grad_agent_2:       0.3422
credit_grad_agent_3:       0.3816	credit_grad_agent_4:       0.3516	credit_grad_agent_5:       0.3559	credit_grad_agent_6:       0.3902
credit_grad_agent_7:       0.3629	credit_grad_agent_8:       0.3308	credit_grad_agent_9:       0.5787	credit_grad_cv:            0.1967
credit_grad_max:           0.6574	credit_grad_mean:          0.3786	credit_grad_median:        0.3613	credit_grad_min:           0.2204
credit_grad_near_zero_frac:  0.0000	credit_grad_negative_frac:  0.0000	credit_grad_p10:           0.3207	credit_grad_p90:           0.4377
credit_grad_std:           0.0745	credit_max_share:          0.1529	dead_allies_mean:          9.1207	dead_enemies_mean:         8.2199
ep_length_mean:           97.9617	epsilon:                   0.0500	grad_norm:                 0.4408	loss:                      0.0401
q_taken_mean:              0.2879	return_mean:              12.4096	return_std:                2.8217	target_mean:               0.2878
td_error_abs:              0.1092	test_battle_won_mean:      0.1500	test_dead_allies_mean:     8.9250	test_dead_enemies_mean:    9.0250
test_ep_length_mean:      97.3812	test_return_mean:         13.3844	test_return_std:           2.9879	
[INFO 17:43:40] my_main t_env: 1176076 / 2050000
[INFO 17:43:40] my_main Estimated time left: 3 hours, 59 minutes, 47 seconds. Time passed: 6 hours, 57 minutes, 56 seconds
[INFO 17:44:03] my_main Recent Stats | t_env:    1176076 | Episode:    18560
amco_input_q_weight_grad_norm:  0.0067	amco_input_q_weight_grad_rms:  0.0002	amco_input_state_to_q_grad_rms_ratio:  0.0170	amco_input_state_weight_grad_norm:  0.0004
amco_input_state_weight_grad_rms:  0.0000	amco_layer_0_activation_slope_mean:  0.4790	amco_layer_0_activation_slope_p10:  0.4385	amco_layer_0_nonpositive_frac:  0.7476
amco_layer_0_preactivation_mean: -0.0393	amco_layer_0_preactivation_std:  0.0667	amco_layer_1_activation_slope_mean:  0.5005	amco_layer_1_activation_slope_p10:  0.4172
amco_layer_1_nonpositive_frac:  0.7262	amco_layer_1_preactivation_mean:  0.0161	amco_layer_1_preactivation_std:  0.1443	amco_layer_2_activation_slope_mean:  0.5190
amco_layer_2_activation_slope_p10:  0.4444	amco_layer_2_nonpositive_frac:  0.6935	amco_layer_2_preactivation_mean:  0.0703	amco_layer_2_preactivation_std:  0.1892
amco_mixing_output_rms:    0.7743	amco_pre_activation_nonpositive_frac:  0.7224	amco_q_term_rms:           0.2209	amco_state_credit_delta:   0.0033
amco_state_credit_share_delta:  0.0005	amco_state_encoder_grad_norm:  0.0005	amco_state_encoder_grad_rms:  0.0000	amco_state_term_rms:       0.0211
amco_state_to_q_ratio:     0.0958	amco_state_value_rms:      4.2083	amco_v_to_m_ratio:         5.4603	battle_won_mean:           0.0904
credit_entropy:            0.9933	credit_grad_agent_0:       0.3638	credit_grad_agent_1:       0.3322	credit_grad_agent_2:       0.3429
credit_grad_agent_3:       0.3838	credit_grad_agent_4:       0.3544	credit_grad_agent_5:       0.3602	credit_grad_agent_6:       0.3913
credit_grad_agent_7:       0.3622	credit_grad_agent_8:       0.3325	credit_grad_agent_9:       0.5847	credit_grad_cv:            0.2004
credit_grad_max:           0.6677	credit_grad_mean:          0.3808	credit_grad_median:        0.3642	credit_grad_min:           0.2180
credit_grad_near_zero_frac:  0.0000	credit_grad_negative_frac:  0.0000	credit_grad_p10:           0.3198	credit_grad_p90:           0.4397
credit_grad_std:           0.0763	credit_max_share:          0.1535	dead_allies_mean:          9.1325	dead_enemies_mean:         8.2317
ep_length_mean:           99.4991	epsilon:                   0.0500	grad_norm:                 0.4107	loss:                      0.0416
q_taken_mean:              0.3018	return_mean:              12.4194	return_std:                2.7914	target_mean:               0.3021
td_error_abs:              0.1125	test_battle_won_mean:      0.1750	test_dead_allies_mean:     8.8688	test_dead_enemies_mean:    9.0938
test_ep_length_mean:      90.0625	test_return_mean:         13.5266	test_return_std:           3.1639	
[INFO 17:44:57] my_main Updated target network
[INFO 17:46:41] my_main t_env: 1186126 / 2050000
[INFO 17:46:41] my_main Estimated time left: 4 hours, 20 minutes, 11 seconds. Time passed: 7 hours, 57 seconds
[INFO 17:47:06] my_main Recent Stats | t_env:    1186126 | Episode:    18676
amco_input_q_weight_grad_norm:  0.0068	amco_input_q_weight_grad_rms:  0.0002	amco_input_state_to_q_grad_rms_ratio:  0.0229	amco_input_state_weight_grad_norm:  0.0005
amco_input_state_weight_grad_rms:  0.0000	amco_layer_0_activation_slope_mean:  0.4752	amco_layer_0_activation_slope_p10:  0.4349	amco_layer_0_nonpositive_frac:  0.7660
amco_layer_0_preactivation_mean: -0.0477	amco_layer_0_preactivation_std:  0.0657	amco_layer_1_activation_slope_mean:  0.4963	amco_layer_1_activation_slope_p10:  0.4149
amco_layer_1_nonpositive_frac:  0.7497	amco_layer_1_preactivation_mean:  0.0056	amco_layer_1_preactivation_std:  0.1400	amco_layer_2_activation_slope_mean:  0.5155
amco_layer_2_activation_slope_p10:  0.4430	amco_layer_2_nonpositive_frac:  0.7121	amco_layer_2_preactivation_mean:  0.0596	amco_layer_2_preactivation_std:  0.1806
amco_mixing_output_rms:    0.7398	amco_pre_activation_nonpositive_frac:  0.7426	amco_q_term_rms:           0.2146	amco_state_credit_delta:   0.0037
amco_state_credit_share_delta:  0.0006	amco_state_encoder_grad_norm:  0.0005	amco_state_encoder_grad_rms:  0.0000	amco_state_term_rms:       0.0221
amco_state_to_q_ratio:     0.1038	amco_state_value_rms:      4.1342	amco_v_to_m_ratio:         5.6475	battle_won_mean:           0.0919
credit_entropy:            0.9932	credit_grad_agent_0:       0.3659	credit_grad_agent_1:       0.3345	credit_grad_agent_2:       0.3455
credit_grad_agent_3:       0.3865	credit_grad_agent_4:       0.3573	credit_grad_agent_5:       0.3644	credit_grad_agent_6:       0.3950
credit_grad_agent_7:       0.3613	credit_grad_agent_8:       0.3338	credit_grad_agent_9:       0.5907	credit_grad_cv:            0.2010
credit_grad_max:           0.6722	credit_grad_mean:          0.3835	credit_grad_median:        0.3662	credit_grad_min:           0.2209
credit_grad_near_zero_frac:  0.0000	credit_grad_negative_frac:  0.0000	credit_grad_p10:           0.3232	credit_grad_p90:           0.4446
credit_grad_std:           0.0771	credit_max_share:          0.1540	dead_allies_mean:          9.1480	dead_enemies_mean:         8.1830
ep_length_mean:           96.1895	epsilon:                   0.0500	grad_norm:                 0.4022	loss:                      0.0387
q_taken_mean:              0.2907	return_mean:              12.4215	return_std:                2.8561	target_mean:               0.2916
td_error_abs:              0.1076	test_battle_won_mean:      0.1812	test_dead_allies_mean:     8.8625	test_dead_enemies_mean:    9.0000
test_ep_length_mean:      88.8375	test_return_mean:         13.4937	test_return_std:           3.3001	
[INFO 17:49:25] my_main t_env: 1196277 / 2050000
[INFO 17:49:25] my_main Estimated time left: 3 hours, 49 minutes, 14 seconds. Time passed: 7 hours, 3 minutes, 41 seconds
[INFO 17:49:59] my_main Recent Stats | t_env:    1196277 | Episode:    18782
amco_input_q_weight_grad_norm:  0.0092	amco_input_q_weight_grad_rms:  0.0003	amco_input_state_to_q_grad_rms_ratio:  0.0224	amco_input_state_weight_grad_norm:  0.0005
amco_input_state_weight_grad_rms:  0.0000	amco_layer_0_activation_slope_mean:  0.4763	amco_layer_0_activation_slope_p10:  0.4355	amco_layer_0_nonpositive_frac:  0.7585
amco_layer_0_preactivation_mean: -0.0455	amco_layer_0_preactivation_std:  0.0669	amco_layer_1_activation_slope_mean:  0.4978	amco_layer_1_activation_slope_p10:  0.4157
amco_layer_1_nonpositive_frac:  0.7430	amco_layer_1_preactivation_mean:  0.0085	amco_layer_1_preactivation_std:  0.1413	amco_layer_2_activation_slope_mean:  0.5170
amco_layer_2_activation_slope_p10:  0.4435	amco_layer_2_nonpositive_frac:  0.7058	amco_layer_2_preactivation_mean:  0.0628	amco_layer_2_preactivation_std:  0.1837
amco_mixing_output_rms:    0.7533	amco_pre_activation_nonpositive_frac:  0.7358	amco_q_term_rms:           0.2153	amco_state_credit_delta:   0.0043
amco_state_credit_share_delta:  0.0006	amco_state_encoder_grad_norm:  0.0006	amco_state_encoder_grad_rms:  0.0000	amco_state_term_rms:       0.0232
amco_state_to_q_ratio:     0.1088	amco_state_value_rms:      4.1578	amco_v_to_m_ratio:         5.5701	battle_won_mean:           0.1044
credit_entropy:            0.9931	credit_grad_agent_0:       0.3705	credit_grad_agent_1:       0.3381	credit_grad_agent_2:       0.3488
credit_grad_agent_3:       0.3898	credit_grad_agent_4:       0.3628	credit_grad_agent_5:       0.3704	credit_grad_agent_6:       0.3963
credit_grad_agent_7:       0.3614	credit_grad_agent_8:       0.3372	credit_grad_agent_9:       0.5991	credit_grad_cv:            0.2030
credit_grad_max:           0.6838	credit_grad_mean:          0.3874	credit_grad_median:        0.3707	credit_grad_min:           0.2207
credit_grad_near_zero_frac:  0.0000	credit_grad_negative_frac:  0.0000	credit_grad_p10:           0.3257	credit_grad_p90:           0.4469
credit_grad_std:           0.0787	credit_max_share:          0.1546	dead_allies_mean:          9.0810	dead_enemies_mean:         8.1514
ep_length_mean:           95.0704	epsilon:                   0.0500	grad_norm:                 0.5810	loss:                      0.0424
q_taken_mean:              0.2944	return_mean:              12.4630	return_std:                2.9973	target_mean:               0.2962
td_error_abs:              0.1136	test_battle_won_mean:      0.2000	test_dead_allies_mean:     8.8063	test_dead_enemies_mean:    9.1562
test_ep_length_mean:      88.2125	test_return_mean:         13.7346	test_return_std:           3.3727	
RequestQuit command received.
DataHandler: unable to parse websocket frame.
CloseHandler: 127.0.0.1:49206 disconnected
Closing Application...
[INFO 17:50:22] absl Shutdown gracefully.
[INFO 17:50:22] absl Shutdown with return code: -15
[INFO 17:50:22] absl Launching SC2: /data/workspace/wxr/pymarl-monotone-qmix/3rdparty/StarCraftII/Versions/Base75689/SC2_x64 -listen 127.0.0.1 -port 36781 -dataDir /data/workspace/wxr/pymarl-monotone-qmix/3rdparty/StarCraftII/ -tempDir /tmp/sc-1_y8vktz/
Version: B75689 (SC2.4.10)
Build: Aug 12 2019 17:16:57
Command Line: '"/data/workspace/wxr/pymarl-monotone-qmix/3rdparty/StarCraftII/Versions/Base75689/SC2_x64" -listen 127.0.0.1 -port 36781 -dataDir /data/workspace/wxr/pymarl-monotone-qmix/3rdparty/StarCraftII/ -tempDir /tmp/sc-1_y8vktz/'
[INFO 17:50:23] absl Connecting to: ws://127.0.0.1:36781/sc2api, attempt: 0, running: True
Starting up...
Startup Phase 1 complete
[INFO 17:50:24] absl Connecting to: ws://127.0.0.1:36781/sc2api, attempt: 1, running: True
Startup Phase 2 complete
Creating stub renderer...
Listening on: 127.0.0.1:36781
Startup Phase 3 complete. Ready for commands.
[INFO 17:50:25] absl Connecting to: ws://127.0.0.1:36781/sc2api, attempt: 2, running: True
ConnectHandler: Request from 127.0.0.1:50524 accepted
ReadyHandler: 127.0.0.1:50524 ready
Requesting to join a single player game
Configuring interface options
Configure: raw interface enabled
Configure: feature layer interface disabled
Configure: score interface disabled
Configure: render interface disabled
Launching next game.
Next launch phase started: 2
Next launch phase started: 3
Next launch phase started: 4
Next launch phase started: 5
Next launch phase started: 6
Next launch phase started: 7
Next launch phase started: 8
Game has started.
Using default stable ids, none found at: /data/workspace/wxr/pymarl-monotone-qmix/3rdparty/StarCraftII/stableid.json
Successfully loaded stable ids: GameData\stableid.json
Sending ResponseJoinGame
[INFO 17:50:36] my_main Updated target network
[INFO 17:52:33] my_main t_env: 1206348 / 2050000
[INFO 17:52:33] my_main Estimated time left: 4 hours, 22 minutes, 31 seconds. Time passed: 7 hours, 6 minutes, 49 seconds
[INFO 17:53:10] my_main Recent Stats | t_env:    1206348 | Episode:    18894
amco_input_q_weight_grad_norm:  0.0093	amco_input_q_weight_grad_rms:  0.0003	amco_input_state_to_q_grad_rms_ratio:  0.0199	amco_input_state_weight_grad_norm:  0.0005
amco_input_state_weight_grad_rms:  0.0000	amco_layer_0_activation_slope_mean:  0.4753	amco_layer_0_activation_slope_p10:  0.4344	amco_layer_0_nonpositive_frac:  0.7625
amco_layer_0_preactivation_mean: -0.0478	amco_layer_0_preactivation_std:  0.0667	amco_layer_1_activation_slope_mean:  0.4967	amco_layer_1_activation_slope_p10:  0.4155
amco_layer_1_nonpositive_frac:  0.7473	amco_layer_1_preactivation_mean:  0.0054	amco_layer_1_preactivation_std:  0.1394	amco_layer_2_activation_slope_mean:  0.5161
amco_layer_2_activation_slope_p10:  0.4437	amco_layer_2_nonpositive_frac:  0.7074	amco_layer_2_preactivation_mean:  0.0597	amco_layer_2_preactivation_std:  0.1804
amco_mixing_output_rms:    0.7436	amco_pre_activation_nonpositive_frac:  0.7391	amco_q_term_rms:           0.2114	amco_state_credit_delta:   0.0049
amco_state_credit_share_delta:  0.0007	amco_state_encoder_grad_norm:  0.0006	amco_state_encoder_grad_rms:  0.0000	amco_state_term_rms:       0.0245
amco_state_to_q_ratio:     0.1163	amco_state_value_rms:      4.1387	amco_v_to_m_ratio:         5.6100	battle_won_mean:           0.1128
credit_entropy:            0.9930	credit_grad_agent_0:       0.3713	credit_grad_agent_1:       0.3407	credit_grad_agent_2:       0.3529
credit_grad_agent_3:       0.3959	credit_grad_agent_4:       0.3668	credit_grad_agent_5:       0.3764	credit_grad_agent_6:       0.4001
credit_grad_agent_7:       0.3636	credit_grad_agent_8:       0.3386	credit_grad_agent_9:       0.6059	credit_grad_cv:            0.2036
credit_grad_max:           0.6925	credit_grad_mean:          0.3912	credit_grad_median:        0.3738	credit_grad_min:           0.2218
credit_grad_near_zero_frac:  0.0000	credit_grad_negative_frac:  0.0000	credit_grad_p10:           0.3298	credit_grad_p90:           0.4524
credit_grad_std:           0.0797	credit_max_share:          0.1549	dead_allies_mean:          9.0917	dead_enemies_mean:         8.1794
ep_length_mean:           94.3919	epsilon:                   0.0500	grad_norm:                 0.5496	loss:                      0.0419
q_taken_mean:              0.2919	return_mean:              12.5883	return_std:                3.1053	target_mean:               0.2938
td_error_abs:              0.1129	test_battle_won_mean:      0.2188	test_dead_allies_mean:     8.7750	test_dead_enemies_mean:    9.0938
test_ep_length_mean:      91.6312	test_return_mean:         13.7979	test_return_std:           3.4658	
[INFO 17:55:37] my_main t_env: 1216424 / 2050000
[INFO 17:55:37] my_main Estimated time left: 4 hours, 13 minutes, 22 seconds. Time passed: 7 hours, 9 minutes, 53 seconds
[INFO 17:56:10] my_main Recent Stats | t_env:    1216424 | Episode:    18996
amco_input_q_weight_grad_norm:  0.0089	amco_input_q_weight_grad_rms:  0.0003	amco_input_state_to_q_grad_rms_ratio:  0.0217	amco_input_state_weight_grad_norm:  0.0005
amco_input_state_weight_grad_rms:  0.0000	amco_layer_0_activation_slope_mean:  0.4759	amco_layer_0_activation_slope_p10:  0.4343	amco_layer_0_nonpositive_frac:  0.7598
amco_layer_0_preactivation_mean: -0.0465	amco_layer_0_preactivation_std:  0.0680	amco_layer_1_activation_slope_mean:  0.4973	amco_layer_1_activation_slope_p10:  0.4148
amco_layer_1_nonpositive_frac:  0.7377	amco_layer_1_preactivation_mean:  0.0071	amco_layer_1_preactivation_std:  0.1422	amco_layer_2_activation_slope_mean:  0.5166
amco_layer_2_activation_slope_p10:  0.4429	amco_layer_2_nonpositive_frac:  0.6655	amco_layer_2_preactivation_mean:  0.0621	amco_layer_2_preactivation_std:  0.1854
amco_mixing_output_rms:    0.7625	amco_pre_activation_nonpositive_frac:  0.7210	amco_q_term_rms:           0.2137	amco_state_credit_delta:   0.0051
amco_state_credit_share_delta:  0.0007	amco_state_encoder_grad_norm:  0.0007	amco_state_encoder_grad_rms:  0.0000	amco_state_term_rms:       0.0258
amco_state_to_q_ratio:     0.1214	amco_state_value_rms:      4.2096	amco_v_to_m_ratio:         5.5697	battle_won_mean:           0.1363
credit_entropy:            0.9930	credit_grad_agent_0:       0.3758	credit_grad_agent_1:       0.3450	credit_grad_agent_2:       0.3587
credit_grad_agent_3:       0.4038	credit_grad_agent_4:       0.3735	credit_grad_agent_5:       0.3855	credit_grad_agent_6:       0.4042
credit_grad_agent_7:       0.3689	credit_grad_agent_8:       0.3405	credit_grad_agent_9:       0.6145	credit_grad_cv:            0.2045
credit_grad_max:           0.7023	credit_grad_mean:          0.3970	credit_grad_median:        0.3804	credit_grad_min:           0.2244
credit_grad_near_zero_frac:  0.0000	credit_grad_negative_frac:  0.0000	credit_grad_p10:           0.3326	credit_grad_p90:           0.4597
credit_grad_std:           0.0812	credit_max_share:          0.1548	dead_allies_mean:          8.9917	dead_enemies_mean:         8.2461
ep_length_mean:           94.4919	epsilon:                   0.0500	grad_norm:                 0.4864	loss:                      0.0432
q_taken_mean:              0.2996	return_mean:              12.7548	return_std:                3.2686	target_mean:               0.3006
td_error_abs:              0.1144	test_battle_won_mean:      0.2562	test_dead_allies_mean:     8.5625	test_dead_enemies_mean:    9.2625
test_ep_length_mean:      90.4562	test_return_mean:         14.0943	test_return_std:           3.4839	
[INFO 17:56:17] my_main Updated target network
[INFO 17:58:49] my_main t_env: 1226568 / 2050000
[INFO 17:58:49] my_main Estimated time left: 4 hours, 20 minutes, 33 seconds. Time passed: 7 hours, 13 minutes, 5 seconds
[INFO 17:59:25] my_main Recent Stats | t_env:    1226568 | Episode:    19098
amco_input_q_weight_grad_norm:  0.0148	amco_input_q_weight_grad_rms:  0.0005	amco_input_state_to_q_grad_rms_ratio:  0.0225	amco_input_state_weight_grad_norm:  0.0009
amco_input_state_weight_grad_rms:  0.0000	amco_layer_0_activation_slope_mean:  0.4732	amco_layer_0_activation_slope_p10:  0.4316	amco_layer_0_nonpositive_frac:  0.7713
amco_layer_0_preactivation_mean: -0.0523	amco_layer_0_preactivation_std:  0.0676	amco_layer_1_activation_slope_mean:  0.4938	amco_layer_1_activation_slope_p10:  0.4112
amco_layer_1_nonpositive_frac:  0.7503	amco_layer_1_preactivation_mean: -0.0004	amco_layer_1_preactivation_std:  0.1429	amco_layer_2_activation_slope_mean:  0.5131
amco_layer_2_activation_slope_p10:  0.4388	amco_layer_2_nonpositive_frac:  0.6961	amco_layer_2_preactivation_mean:  0.0546	amco_layer_2_preactivation_std:  0.1866
amco_mixing_output_rms:    0.7620	amco_pre_activation_nonpositive_frac:  0.7392	amco_q_term_rms:           0.2117	amco_state_credit_delta:   0.0052
amco_state_credit_share_delta:  0.0008	amco_state_encoder_grad_norm:  0.0014	amco_state_encoder_grad_rms:  0.0000	amco_state_term_rms:       0.0264
amco_state_to_q_ratio:     0.1250	amco_state_value_rms:      4.1508	amco_v_to_m_ratio:         5.5038	battle_won_mean:           0.1496
credit_entropy:            0.9928	credit_grad_agent_0:       0.3846	credit_grad_agent_1:       0.3517	credit_grad_agent_2:       0.3682
credit_grad_agent_3:       0.4157	credit_grad_agent_4:       0.3854	credit_grad_agent_5:       0.3971	credit_grad_agent_6:       0.4159
credit_grad_agent_7:       0.3793	credit_grad_agent_8:       0.3486	credit_grad_agent_9:       0.6347	credit_grad_cv:            0.2073
credit_grad_max:           0.7277	credit_grad_mean:          0.4081	credit_grad_median:        0.3910	credit_grad_min:           0.2332
credit_grad_near_zero_frac:  0.0000	credit_grad_negative_frac:  0.0000	credit_grad_p10:           0.3405	credit_grad_p90:           0.4736
credit_grad_std:           0.0847	credit_max_share:          0.1555	dead_allies_mean:          8.9242	dead_enemies_mean:         8.1785
ep_length_mean:           94.1114	epsilon:                   0.0500	grad_norm:                 0.6578	loss:                      0.0450
q_taken_mean:              0.2897	return_mean:              12.7418	return_std:                3.3907	target_mean:               0.2905
td_error_abs:              0.1185	test_battle_won_mean:      0.2625	test_dead_allies_mean:     8.4750	test_dead_enemies_mean:    9.2937
test_ep_length_mean:      97.4437	test_return_mean:         14.2346	test_return_std:           3.4550	
[INFO 18:01:50] my_main Updated target network
[INFO 18:01:56] my_main t_env: 1236601 / 2050000
[INFO 18:01:56] my_main Estimated time left: 4 hours, 12 minutes, 45 seconds. Time passed: 7 hours, 16 minutes, 12 seconds
[INFO 18:02:22] my_main Recent Stats | t_env:    1236601 | Episode:    19206
amco_input_q_weight_grad_norm:  0.0148	amco_input_q_weight_grad_rms:  0.0005	amco_input_state_to_q_grad_rms_ratio:  0.0168	amco_input_state_weight_grad_norm:  0.0008
amco_input_state_weight_grad_rms:  0.0000	amco_layer_0_activation_slope_mean:  0.4762	amco_layer_0_activation_slope_p10:  0.4335	amco_layer_0_nonpositive_frac:  0.7608
amco_layer_0_preactivation_mean: -0.0451	amco_layer_0_preactivation_std:  0.0703	amco_layer_1_activation_slope_mean:  0.4967	amco_layer_1_activation_slope_p10:  0.4108
amco_layer_1_nonpositive_frac:  0.7398	amco_layer_1_preactivation_mean:  0.0093	amco_layer_1_preactivation_std:  0.1519	amco_layer_2_activation_slope_mean:  0.5152
amco_layer_2_activation_slope_p10:  0.4376	amco_layer_2_nonpositive_frac:  0.6950	amco_layer_2_preactivation_mean:  0.0658	amco_layer_2_preactivation_std:  0.2022
amco_mixing_output_rms:    0.8254	amco_pre_activation_nonpositive_frac:  0.7319	amco_q_term_rms:           0.2242	amco_state_credit_delta:   0.0055
amco_state_credit_share_delta:  0.0008	amco_state_encoder_grad_norm:  0.0014	amco_state_encoder_grad_rms:  0.0000	amco_state_term_rms:       0.0276
amco_state_to_q_ratio:     0.1233	amco_state_value_rms:      4.1557	amco_v_to_m_ratio:         5.0736	battle_won_mean:           0.1662
credit_entropy:            0.9926	credit_grad_agent_0:       0.3902	credit_grad_agent_1:       0.3553	credit_grad_agent_2:       0.3722
credit_grad_agent_3:       0.4233	credit_grad_agent_4:       0.3935	credit_grad_agent_5:       0.4041	credit_grad_agent_6:       0.4208
credit_grad_agent_7:       0.3854	credit_grad_agent_8:       0.3532	credit_grad_agent_9:       0.6473	credit_grad_cv:            0.2115
credit_grad_max:           0.7504	credit_grad_mean:          0.4145	credit_grad_median:        0.3981	credit_grad_min:           0.2337
credit_grad_near_zero_frac:  0.0000	credit_grad_negative_frac:  0.0000	credit_grad_p10:           0.3422	credit_grad_p90:           0.4810
credit_grad_std:           0.0878	credit_max_share:          0.1561	dead_allies_mean:          8.8250	dead_enemies_mean:         8.1287
ep_length_mean:           95.3634	epsilon:                   0.0500	grad_norm:                 0.6743	loss:                      0.0489
q_taken_mean:              0.2925	return_mean:              12.8375	return_std:                3.5049	target_mean:               0.2929
td_error_abs:              0.1206	test_battle_won_mean:      0.2625	test_dead_allies_mean:     8.4750	test_dead_enemies_mean:    9.2688
test_ep_length_mean:      97.7062	test_return_mean:         14.3074	test_return_std:           3.4804	
[INFO 18:04:44] my_main t_env: 1246665 / 2050000
[INFO 18:04:44] my_main Estimated time left: 3 hours, 42 minutes, 37 seconds. Time passed: 7 hours, 19 minutes, 0 seconds
[INFO 18:05:15] my_main Recent Stats | t_env:    1246665 | Episode:    19300
amco_input_q_weight_grad_norm:  0.0140	amco_input_q_weight_grad_rms:  0.0005	amco_input_state_to_q_grad_rms_ratio:  0.0285	amco_input_state_weight_grad_norm:  0.0014
amco_input_state_weight_grad_rms:  0.0000	amco_layer_0_activation_slope_mean:  0.4774	amco_layer_0_activation_slope_p10:  0.4349	amco_layer_0_nonpositive_frac:  0.7614
amco_layer_0_preactivation_mean: -0.0423	amco_layer_0_preactivation_std:  0.0700	amco_layer_1_activation_slope_mean:  0.4978	amco_layer_1_activation_slope_p10:  0.4106
amco_layer_1_nonpositive_frac:  0.7254	amco_layer_1_preactivation_mean:  0.0129	amco_layer_1_preactivation_std:  0.1549	amco_layer_2_activation_slope_mean:  0.5158
amco_layer_2_activation_slope_p10:  0.4376	amco_layer_2_nonpositive_frac:  0.6952	amco_layer_2_preactivation_mean:  0.0700	amco_layer_2_preactivation_std:  0.2073
amco_mixing_output_rms:    0.8484	amco_pre_activation_nonpositive_frac:  0.7274	amco_q_term_rms:           0.2246	amco_state_credit_delta:   0.0058
amco_state_credit_share_delta:  0.0008	amco_state_encoder_grad_norm:  0.0017	amco_state_encoder_grad_rms:  0.0000	amco_state_term_rms:       0.0282
amco_state_to_q_ratio:     0.1257	amco_state_value_rms:      4.1398	amco_v_to_m_ratio:         4.9045	battle_won_mean:           0.1587
credit_entropy:            0.9925	credit_grad_agent_0:       0.3955	credit_grad_agent_1:       0.3584	credit_grad_agent_2:       0.3788
credit_grad_agent_3:       0.4316	credit_grad_agent_4:       0.4011	credit_grad_agent_5:       0.4114	credit_grad_agent_6:       0.4267
credit_grad_agent_7:       0.3913	credit_grad_agent_8:       0.3601	credit_grad_agent_9:       0.6612	credit_grad_cv:            0.2140
credit_grad_max:           0.7709	credit_grad_mean:          0.4216	credit_grad_median:        0.4043	credit_grad_min:           0.2402
credit_grad_near_zero_frac:  0.0000	credit_grad_negative_frac:  0.0000	credit_grad_p10:           0.3465	credit_grad_p90:           0.4922
credit_grad_std:           0.0903	credit_max_share:          0.1567	dead_allies_mean:          8.8720	dead_enemies_mean:         7.9236
ep_length_mean:           97.6234	epsilon:                   0.0500	grad_norm:                 0.7256	loss:                      0.0488
q_taken_mean:              0.2904	return_mean:              12.7025	return_std:                3.5003	target_mean:               0.2877
td_error_abs:              0.1196	test_battle_won_mean:      0.2687	test_dead_allies_mean:     8.4187	test_dead_enemies_mean:    9.1750
test_ep_length_mean:      96.1937	test_return_mean:         14.2500	test_return_std:           3.5421	
DataHandler: unable to parse websocket frame.
CloseHandler: 127.0.0.1:50524 disconnected
[INFO 18:05:31] absl Shutdown gracefully.
[INFO 18:05:31] absl Shutdown with return code: -15
[INFO 18:05:31] absl Launching SC2: /data/workspace/wxr/pymarl-monotone-qmix/3rdparty/StarCraftII/Versions/Base75689/SC2_x64 -listen 127.0.0.1 -port 32929 -dataDir /data/workspace/wxr/pymarl-monotone-qmix/3rdparty/StarCraftII/ -tempDir /tmp/sc-sn3qqgwe/
Version: B75689 (SC2.4.10)
Build: Aug 12 2019 17:16:57
Command Line: '"/data/workspace/wxr/pymarl-monotone-qmix/3rdparty/StarCraftII/Versions/Base75689/SC2_x64" -listen 127.0.0.1 -port 32929 -dataDir /data/workspace/wxr/pymarl-monotone-qmix/3rdparty/StarCraftII/ -tempDir /tmp/sc-sn3qqgwe/'
[INFO 18:05:31] absl Connecting to: ws://127.0.0.1:32929/sc2api, attempt: 0, running: True
Starting up...
Startup Phase 1 complete
[INFO 18:05:32] absl Connecting to: ws://127.0.0.1:32929/sc2api, attempt: 1, running: True
Startup Phase 2 complete
Creating stub renderer...
Listening on: 127.0.0.1:32929
Startup Phase 3 complete. Ready for commands.
[INFO 18:05:33] absl Connecting to: ws://127.0.0.1:32929/sc2api, attempt: 2, running: True
ConnectHandler: Request from 127.0.0.1:33112 accepted
ReadyHandler: 127.0.0.1:33112 ready
Requesting to join a single player game
Configuring interface options
Configure: raw interface enabled
Configure: feature layer interface disabled
Configure: score interface disabled
Configure: render interface disabled
Launching next game.
Next launch phase started: 2
Next launch phase started: 3
Next launch phase started: 4
Next launch phase started: 5
Next launch phase started: 6
Next launch phase started: 7
Next launch phase started: 8
Game has started.
Using default stable ids, none found at: /data/workspace/wxr/pymarl-monotone-qmix/3rdparty/StarCraftII/stableid.json
Successfully loaded stable ids: GameData\stableid.json
Sending ResponseJoinGame
[INFO 18:07:50] my_main Updated target network
[INFO 18:07:56] my_main t_env: 1256670 / 2050000
[INFO 18:07:56] my_main Estimated time left: 4 hours, 13 minutes, 55 seconds. Time passed: 7 hours, 22 minutes, 12 seconds
[INFO 18:08:29] my_main Recent Stats | t_env:    1256670 | Episode:    19405
amco_input_q_weight_grad_norm:  0.0138	amco_input_q_weight_grad_rms:  0.0004	amco_input_state_to_q_grad_rms_ratio:  0.0315	amco_input_state_weight_grad_norm:  0.0014
amco_input_state_weight_grad_rms:  0.0000	amco_layer_0_activation_slope_mean:  0.4756	amco_layer_0_activation_slope_p10:  0.4326	amco_layer_0_nonpositive_frac:  0.7637
amco_layer_0_preactivation_mean: -0.0464	amco_layer_0_preactivation_std:  0.0708	amco_layer_1_activation_slope_mean:  0.4957	amco_layer_1_activation_slope_p10:  0.4072
amco_layer_1_nonpositive_frac:  0.7283	amco_layer_1_preactivation_mean:  0.0076	amco_layer_1_preactivation_std:  0.1574	amco_layer_2_activation_slope_mean:  0.5138
amco_layer_2_activation_slope_p10:  0.4339	amco_layer_2_nonpositive_frac:  0.7158	amco_layer_2_preactivation_mean:  0.0648	amco_layer_2_preactivation_std:  0.2108
amco_mixing_output_rms:    0.8509	amco_pre_activation_nonpositive_frac:  0.7359	amco_q_term_rms:           0.2243	amco_state_credit_delta:   0.0061
amco_state_credit_share_delta:  0.0009	amco_state_encoder_grad_norm:  0.0017	amco_state_encoder_grad_rms:  0.0000	amco_state_term_rms:       0.0292
amco_state_to_q_ratio:     0.1305	amco_state_value_rms:      4.1717	amco_v_to_m_ratio:         4.9285	battle_won_mean:           0.1531
credit_entropy:            0.9921	credit_grad_agent_0:       0.3991	credit_grad_agent_1:       0.3597	credit_grad_agent_2:       0.3844
credit_grad_agent_3:       0.4378	credit_grad_agent_4:       0.4090	credit_grad_agent_5:       0.4181	credit_grad_agent_6:       0.4323
credit_grad_agent_7:       0.3964	credit_grad_agent_8:       0.3674	credit_grad_agent_9:       0.6770	credit_grad_cv:            0.2188
credit_grad_max:           0.7938	credit_grad_mean:          0.4281	credit_grad_median:        0.4103	credit_grad_min:           0.2403
credit_grad_near_zero_frac:  0.0000	credit_grad_negative_frac:  0.0000	credit_grad_p10:           0.3494	credit_grad_p90:           0.5017
credit_grad_std:           0.0937	credit_max_share:          0.1580	dead_allies_mean:          8.8402	dead_enemies_mean:         7.7859
ep_length_mean:           98.6966	epsilon:                   0.0500	grad_norm:                 0.7469	loss:                      0.0486
q_taken_mean:              0.2920	return_mean:              12.5745	return_std:                3.4321	target_mean:               0.2897
td_error_abs:              0.1193	test_battle_won_mean:      0.2687	test_dead_allies_mean:     8.3000	test_dead_enemies_mean:    9.1125
test_ep_length_mean:      94.3937	test_return_mean:         14.3188	test_return_std:           3.5259	
[INFO 18:11:05] my_main t_env: 1266781 / 2050000
[INFO 18:11:05] my_main Estimated time left: 4 hours, 3 minutes, 49 seconds. Time passed: 7 hours, 25 minutes, 21 seconds
[INFO 18:11:32] my_main Recent Stats | t_env:    1266781 | Episode:    19508
amco_input_q_weight_grad_norm:  0.0136	amco_input_q_weight_grad_rms:  0.0004	amco_input_state_to_q_grad_rms_ratio:  0.0343	amco_input_state_weight_grad_norm:  0.0015
amco_input_state_weight_grad_rms:  0.0000	amco_layer_0_activation_slope_mean:  0.4753	amco_layer_0_activation_slope_p10:  0.4321	amco_layer_0_nonpositive_frac:  0.7650
amco_layer_0_preactivation_mean: -0.0467	amco_layer_0_preactivation_std:  0.0712	amco_layer_1_activation_slope_mean:  0.4948	amco_layer_1_activation_slope_p10:  0.4045
amco_layer_1_nonpositive_frac:  0.7370	amco_layer_1_preactivation_mean:  0.0073	amco_layer_1_preactivation_std:  0.1623	amco_layer_2_activation_slope_mean:  0.5126
amco_layer_2_activation_slope_p10:  0.4309	amco_layer_2_nonpositive_frac:  0.7459	amco_layer_2_preactivation_mean:  0.0654	amco_layer_2_preactivation_std:  0.2188
amco_mixing_output_rms:    0.8759	amco_pre_activation_nonpositive_frac:  0.7493	amco_q_term_rms:           0.2286	amco_state_credit_delta:   0.0064
amco_state_credit_share_delta:  0.0009	amco_state_encoder_grad_norm:  0.0019	amco_state_encoder_grad_rms:  0.0000	amco_state_term_rms:       0.0297
amco_state_to_q_ratio:     0.1305	amco_state_value_rms:      4.1824	amco_v_to_m_ratio:         4.7985	battle_won_mean:           0.1430
credit_entropy:            0.9918	credit_grad_agent_0:       0.4051	credit_grad_agent_1:       0.3603	credit_grad_agent_2:       0.3885
credit_grad_agent_3:       0.4437	credit_grad_agent_4:       0.4168	credit_grad_agent_5:       0.4242	credit_grad_agent_6:       0.4401
credit_grad_agent_7:       0.4034	credit_grad_agent_8:       0.3758	credit_grad_agent_9:       0.6923	credit_grad_cv:            0.2234
credit_grad_max:           0.8202	credit_grad_mean:          0.4350	credit_grad_median:        0.4174	credit_grad_min:           0.2432
credit_grad_near_zero_frac:  0.0000	credit_grad_negative_frac:  0.0000	credit_grad_p10:           0.3521	credit_grad_p90:           0.5118
credit_grad_std:           0.0972	credit_max_share:          0.1591	dead_allies_mean:          8.8564	dead_enemies_mean:         7.6994
ep_length_mean:           98.5727	epsilon:                   0.0500	grad_norm:                 0.8656	loss:                      0.0486
q_taken_mean:              0.2925	return_mean:              12.4944	return_std:                3.3991	target_mean:               0.2898
td_error_abs:              0.1209	test_battle_won_mean:      0.2750	test_dead_allies_mean:     8.4062	test_dead_enemies_mean:    9.0375
test_ep_length_mean:      91.1375	test_return_mean:         14.3220	test_return_std:           3.6393	
[INFO 18:13:37] my_main Updated target network
[INFO 18:14:05] my_main t_env: 1276805 / 2050000
[INFO 18:14:05] my_main Estimated time left: 3 hours, 52 minutes, 16 seconds. Time passed: 7 hours, 28 minutes, 21 seconds
[INFO 18:14:38] my_main Recent Stats | t_env:    1276805 | Episode:    19620
amco_input_q_weight_grad_norm:  0.0084	amco_input_q_weight_grad_rms:  0.0003	amco_input_state_to_q_grad_rms_ratio:  0.0353	amco_input_state_weight_grad_norm:  0.0011
amco_input_state_weight_grad_rms:  0.0000	amco_layer_0_activation_slope_mean:  0.4749	amco_layer_0_activation_slope_p10:  0.4307	amco_layer_0_nonpositive_frac:  0.7649
amco_layer_0_preactivation_mean: -0.0476	amco_layer_0_preactivation_std:  0.0728	amco_layer_1_activation_slope_mean:  0.4944	amco_layer_1_activation_slope_p10:  0.4029
amco_layer_1_nonpositive_frac:  0.7356	amco_layer_1_preactivation_mean:  0.0067	amco_layer_1_preactivation_std:  0.1657	amco_layer_2_activation_slope_mean:  0.5121
amco_layer_2_activation_slope_p10:  0.4295	amco_layer_2_nonpositive_frac:  0.7354	amco_layer_2_preactivation_mean:  0.0654	amco_layer_2_preactivation_std:  0.2230
amco_mixing_output_rms:    0.8880	amco_pre_activation_nonpositive_frac:  0.7453	amco_q_term_rms:           0.2327	amco_state_credit_delta:   0.0069
amco_state_credit_share_delta:  0.0010	amco_state_encoder_grad_norm:  0.0013	amco_state_encoder_grad_rms:  0.0000	amco_state_term_rms:       0.0313
amco_state_to_q_ratio:     0.1350	amco_state_value_rms:      4.2372	amco_v_to_m_ratio:         4.7959	battle_won_mean:           0.1584
credit_entropy:            0.9916	credit_grad_agent_0:       0.4051	credit_grad_agent_1:       0.3570	credit_grad_agent_2:       0.3887
credit_grad_agent_3:       0.4429	credit_grad_agent_4:       0.4154	credit_grad_agent_5:       0.4234	credit_grad_agent_6:       0.4368
credit_grad_agent_7:       0.4056	credit_grad_agent_8:       0.3768	credit_grad_agent_9:       0.6962	credit_grad_cv:            0.2272
credit_grad_max:           0.8284	credit_grad_mean:          0.4348	credit_grad_median:        0.4178	credit_grad_min:           0.2407
credit_grad_near_zero_frac:  0.0000	credit_grad_negative_frac:  0.0000	credit_grad_p10:           0.3496	credit_grad_p90:           0.5124
credit_grad_std:           0.0988	credit_max_share:          0.1600	dead_allies_mean:          8.8205	dead_enemies_mean:         7.8510
ep_length_mean:           96.5825	epsilon:                   0.0500	grad_norm:                 0.7507	loss:                      0.0482
q_taken_mean:              0.2984	return_mean:              12.7353	return_std:                3.4622	target_mean:               0.2962
td_error_abs:              0.1180	test_battle_won_mean:      0.2875	test_dead_allies_mean:     8.3938	test_dead_enemies_mean:    9.0375
test_ep_length_mean:      86.7562	test_return_mean:         14.3809	test_return_std:           3.7213	
[INFO 18:17:13] my_main t_env: 1286811 / 2050000
[INFO 18:17:13] my_main Estimated time left: 3 hours, 58 minutes, 15 seconds. Time passed: 7 hours, 31 minutes, 29 seconds
[INFO 18:17:46] my_main Recent Stats | t_env:    1286811 | Episode:    19725
amco_input_q_weight_grad_norm:  0.0131	amco_input_q_weight_grad_rms:  0.0004	amco_input_state_to_q_grad_rms_ratio:  0.0351	amco_input_state_weight_grad_norm:  0.0014
amco_input_state_weight_grad_rms:  0.0000	amco_layer_0_activation_slope_mean:  0.4700	amco_layer_0_activation_slope_p10:  0.4258	amco_layer_0_nonpositive_frac:  0.7808
amco_layer_0_preactivation_mean: -0.0587	amco_layer_0_preactivation_std:  0.0721	amco_layer_1_activation_slope_mean:  0.4892	amco_layer_1_activation_slope_p10:  0.3995
amco_layer_1_nonpositive_frac:  0.7511	amco_layer_1_preactivation_mean: -0.0078	amco_layer_1_preactivation_std:  0.1608	amco_layer_2_activation_slope_mean:  0.5077
amco_layer_2_activation_slope_p10:  0.4269	amco_layer_2_nonpositive_frac:  0.7484	amco_layer_2_preactivation_mean:  0.0496	amco_layer_2_preactivation_std:  0.2123
amco_mixing_output_rms:    0.8370	amco_pre_activation_nonpositive_frac:  0.7601	amco_q_term_rms:           0.2240	amco_state_credit_delta:   0.0079
amco_state_credit_share_delta:  0.0012	amco_state_encoder_grad_norm:  0.0017	amco_state_encoder_grad_rms:  0.0000	amco_state_term_rms:       0.0329
amco_state_to_q_ratio:     0.1478	amco_state_value_rms:      4.1945	amco_v_to_m_ratio:         5.0557	battle_won_mean:           0.1538
credit_entropy:            0.9913	credit_grad_agent_0:       0.4061	credit_grad_agent_1:       0.3523	credit_grad_agent_2:       0.3892
credit_grad_agent_3:       0.4418	credit_grad_agent_4:       0.4141	credit_grad_agent_5:       0.4221	credit_grad_agent_6:       0.4356
credit_grad_agent_7:       0.4066	credit_grad_agent_8:       0.3790	credit_grad_agent_9:       0.7016	credit_grad_cv:            0.2303
credit_grad_max:           0.8324	credit_grad_mean:          0.4349	credit_grad_median:        0.4179	credit_grad_min:           0.2357
credit_grad_near_zero_frac:  0.0000	credit_grad_negative_frac:  0.0000	credit_grad_p10:           0.3490	credit_grad_p90:           0.5149
credit_grad_std:           0.1001	credit_max_share:          0.1613	dead_allies_mean:          8.8263	dead_enemies_mean:         7.9227
ep_length_mean:           97.0620	epsilon:                   0.0500	grad_norm:                 1.0603	loss:                      0.0503
q_taken_mean:              0.2905	return_mean:              12.8035	return_std:                3.3790	target_mean:               0.2895
td_error_abs:              0.1228	test_battle_won_mean:      0.3250	test_dead_allies_mean:     8.1562	test_dead_enemies_mean:    9.2188
test_ep_length_mean:      89.8063	test_return_mean:         14.7756	test_return_std:           3.7406	
[INFO 18:19:33] my_main Updated target network
[INFO 18:20:23] my_main t_env: 1296811 / 2050000
[INFO 18:20:23] my_main Estimated time left: 3 hours, 58 minutes, 5 seconds. Time passed: 7 hours, 34 minutes, 38 seconds
[INFO 18:20:56] my_main Recent Stats | t_env:    1296811 | Episode:    19839
amco_input_q_weight_grad_norm:  0.0119	amco_input_q_weight_grad_rms:  0.0004	amco_input_state_to_q_grad_rms_ratio:  0.0354	amco_input_state_weight_grad_norm:  0.0011
amco_input_state_weight_grad_rms:  0.0000	amco_layer_0_activation_slope_mean:  0.4652	amco_layer_0_activation_slope_p10:  0.4201	amco_layer_0_nonpositive_frac:  0.7883
amco_layer_0_preactivation_mean: -0.0691	amco_layer_0_preactivation_std:  0.0739	amco_layer_1_activation_slope_mean:  0.4840	amco_layer_1_activation_slope_p10:  0.3935
amco_layer_1_nonpositive_frac:  0.7734	amco_layer_1_preactivation_mean: -0.0208	amco_layer_1_preactivation_std:  0.1628	amco_layer_2_activation_slope_mean:  0.5030
amco_layer_2_activation_slope_p10:  0.4209	amco_layer_2_nonpositive_frac:  0.7587	amco_layer_2_preactivation_mean:  0.0360	amco_layer_2_preactivation_std:  0.2128
amco_mixing_output_rms:    0.8214	amco_pre_activation_nonpositive_frac:  0.7735	amco_q_term_rms:           0.2267	amco_state_credit_delta:   0.0089
amco_state_credit_share_delta:  0.0013	amco_state_encoder_grad_norm:  0.0016	amco_state_encoder_grad_rms:  0.0000	amco_state_term_rms:       0.0347
amco_state_to_q_ratio:     0.1539	amco_state_value_rms:      4.2360	amco_v_to_m_ratio:         5.2033	battle_won_mean:           0.1754
credit_entropy:            0.9910	credit_grad_agent_0:       0.4086	credit_grad_agent_1:       0.3495	credit_grad_agent_2:       0.3878
credit_grad_agent_3:       0.4413	credit_grad_agent_4:       0.4132	credit_grad_agent_5:       0.4222	credit_grad_agent_6:       0.4358
credit_grad_agent_7:       0.4077	credit_grad_agent_8:       0.3801	credit_grad_agent_9:       0.7065	credit_grad_cv:            0.2341
credit_grad_max:           0.8442	credit_grad_mean:          0.4353	credit_grad_median:        0.4188	credit_grad_min:           0.2308
credit_grad_near_zero_frac:  0.0000	credit_grad_negative_frac:  0.0000	credit_grad_p10:           0.3476	credit_grad_p90:           0.5197
credit_grad_std:           0.1019	credit_max_share:          0.1623	dead_allies_mean:          8.7540	dead_enemies_mean:         8.1751
ep_length_mean:           93.1931	epsilon:                   0.0500	grad_norm:                 0.8866	loss:                      0.0487
q_taken_mean:              0.2909	return_mean:              13.0752	return_std:                3.4338	target_mean:               0.2925
td_error_abs:              0.1194	test_battle_won_mean:      0.3500	test_dead_allies_mean:     8.0687	test_dead_enemies_mean:    9.3187
test_ep_length_mean:      91.5250	test_return_mean:         14.9802	test_return_std:           3.7536	
DataHandler: unable to parse websocket frame.
CloseHandler: 127.0.0.1:33112 disconnected
[INFO 18:21:19] absl Shutdown gracefully.
[INFO 18:21:19] absl Shutdown with return code: -15
[INFO 18:21:19] absl Launching SC2: /data/workspace/wxr/pymarl-monotone-qmix/3rdparty/StarCraftII/Versions/Base75689/SC2_x64 -listen 127.0.0.1 -port 33779 -dataDir /data/workspace/wxr/pymarl-monotone-qmix/3rdparty/StarCraftII/ -tempDir /tmp/sc-2ru99fuj/
[INFO 18:21:20] absl Connecting to: ws://127.0.0.1:33779/sc2api, attempt: 0, running: True
Version: B75689 (SC2.4.10)
Build: Aug 12 2019 17:16:57
Command Line: '"/data/workspace/wxr/pymarl-monotone-qmix/3rdparty/StarCraftII/Versions/Base75689/SC2_x64" -listen 127.0.0.1 -port 33779 -dataDir /data/workspace/wxr/pymarl-monotone-qmix/3rdparty/StarCraftII/ -tempDir /tmp/sc-2ru99fuj/'
Starting up...
Startup Phase 1 complete
[INFO 18:21:21] absl Connecting to: ws://127.0.0.1:33779/sc2api, attempt: 1, running: True
Startup Phase 2 complete
Creating stub renderer...
[INFO 18:21:22] absl Connecting to: ws://127.0.0.1:33779/sc2api, attempt: 2, running: True
Listening on: 127.0.0.1:33779
Startup Phase 3 complete. Ready for commands.
[INFO 18:21:23] absl Connecting to: ws://127.0.0.1:33779/sc2api, attempt: 3, running: True
ConnectHandler: Request from 127.0.0.1:41670 accepted
ReadyHandler: 127.0.0.1:41670 ready
Requesting to join a single player game
Configuring interface options
Configure: raw interface enabled
Configure: feature layer interface disabled
Configure: score interface disabled
Configure: render interface disabled
Launching next game.
Next launch phase started: 2
Next launch phase started: 3
Next launch phase started: 4
Next launch phase started: 5
Next launch phase started: 6
Next launch phase started: 7
Next launch phase started: 8
Game has started.
Using default stable ids, none found at: /data/workspace/wxr/pymarl-monotone-qmix/3rdparty/StarCraftII/stableid.json
Successfully loaded stable ids: GameData\stableid.json
Sending ResponseJoinGame
[INFO 18:23:39] my_main t_env: 1306882 / 2050000
[INFO 18:23:39] my_main Estimated time left: 4 hours, 1 minutes, 17 seconds. Time passed: 7 hours, 37 minutes, 55 seconds
[INFO 18:24:10] my_main Recent Stats | t_env:    1306882 | Episode:    19938
amco_input_q_weight_grad_norm:  0.0159	amco_input_q_weight_grad_rms:  0.0005	amco_input_state_to_q_grad_rms_ratio:  0.0384	amco_input_state_weight_grad_norm:  0.0017
amco_input_state_weight_grad_rms:  0.0000	amco_layer_0_activation_slope_mean:  0.4652	amco_layer_0_activation_slope_p10:  0.4193	amco_layer_0_nonpositive_frac:  0.7877
amco_layer_0_preactivation_mean: -0.0690	amco_layer_0_preactivation_std:  0.0752	amco_layer_1_activation_slope_mean:  0.4841	amco_layer_1_activation_slope_p10:  0.3930
amco_layer_1_nonpositive_frac:  0.7754	amco_layer_1_preactivation_mean: -0.0201	amco_layer_1_preactivation_std:  0.1647	amco_layer_2_activation_slope_mean:  0.5031
amco_layer_2_activation_slope_p10:  0.4208	amco_layer_2_nonpositive_frac:  0.7521	amco_layer_2_preactivation_mean:  0.0369	amco_layer_2_preactivation_std:  0.2140
amco_mixing_output_rms:    0.8236	amco_pre_activation_nonpositive_frac:  0.7717	amco_q_term_rms:           0.2281	amco_state_credit_delta:   0.0094
amco_state_credit_share_delta:  0.0014	amco_state_encoder_grad_norm:  0.0023	amco_state_encoder_grad_rms:  0.0000	amco_state_term_rms:       0.0367
amco_state_to_q_ratio:     0.1620	amco_state_value_rms:      4.2518	amco_v_to_m_ratio:         5.2083	battle_won_mean:           0.1830
credit_entropy:            0.9907	credit_grad_agent_0:       0.4082	credit_grad_agent_1:       0.3423	credit_grad_agent_2:       0.3818
credit_grad_agent_3:       0.4354	credit_grad_agent_4:       0.4068	credit_grad_agent_5:       0.4183	credit_grad_agent_6:       0.4299
credit_grad_agent_7:       0.4051	credit_grad_agent_8:       0.3766	credit_grad_agent_9:       0.7044	credit_grad_cv:            0.2385
credit_grad_max:           0.8448	credit_grad_mean:          0.4309	credit_grad_median:        0.4152	credit_grad_min:           0.2279
credit_grad_near_zero_frac:  0.0000	credit_grad_negative_frac:  0.0000	credit_grad_p10:           0.3417	credit_grad_p90:           0.5161
credit_grad_std:           0.1027	credit_max_share:          0.1635	dead_allies_mean:          8.7142	dead_enemies_mean:         8.2021
ep_length_mean:           94.4814	epsilon:                   0.0500	grad_norm:                 1.2998	loss:                      0.0587
q_taken_mean:              0.2927	return_mean:              13.0934	return_std:                3.4857	target_mean:               0.2966
td_error_abs:              0.1326	test_battle_won_mean:      0.3812	test_dead_allies_mean:     7.9875	test_dead_enemies_mean:    9.4500
test_ep_length_mean:      87.7250	test_return_mean:         15.1145	test_return_std:           3.8128	
[INFO 18:25:39] my_main Updated target network
[INFO 18:26:41] my_main t_env: 1317011 / 2050000
[INFO 18:26:41] my_main Estimated time left: 3 hours, 40 minutes, 5 seconds. Time passed: 7 hours, 40 minutes, 57 seconds
[INFO 18:27:21] my_main Recent Stats | t_env:    1317011 | Episode:    20039
amco_input_q_weight_grad_norm:  0.0159	amco_input_q_weight_grad_rms:  0.0005	amco_input_state_to_q_grad_rms_ratio:  0.0574	amco_input_state_weight_grad_norm:  0.0022
amco_input_state_weight_grad_rms:  0.0000	amco_layer_0_activation_slope_mean:  0.4681	amco_layer_0_activation_slope_p10:  0.4190	amco_layer_0_nonpositive_frac:  0.7725
amco_layer_0_preactivation_mean: -0.0627	amco_layer_0_preactivation_std:  0.0807	amco_layer_1_activation_slope_mean:  0.4877	amco_layer_1_activation_slope_p10:  0.3931
amco_layer_1_nonpositive_frac:  0.7587	amco_layer_1_preactivation_mean: -0.0106	amco_layer_1_preactivation_std:  0.1728	amco_layer_2_activation_slope_mean:  0.5061
amco_layer_2_activation_slope_p10:  0.4210	amco_layer_2_nonpositive_frac:  0.7394	amco_layer_2_preactivation_mean:  0.0478	amco_layer_2_preactivation_std:  0.2269
amco_mixing_output_rms:    0.8625	amco_pre_activation_nonpositive_frac:  0.7569	amco_q_term_rms:           0.2360	amco_state_credit_delta:   0.0106
amco_state_credit_share_delta:  0.0016	amco_state_encoder_grad_norm:  0.0021	amco_state_encoder_grad_rms:  0.0000	amco_state_term_rms:       0.0401
amco_state_to_q_ratio:     0.1707	amco_state_value_rms:      4.3045	amco_v_to_m_ratio:         5.0955	battle_won_mean:           0.1935
credit_entropy:            0.9904	credit_grad_agent_0:       0.4096	credit_grad_agent_1:       0.3360	credit_grad_agent_2:       0.3784
credit_grad_agent_3:       0.4298	credit_grad_agent_4:       0.4007	credit_grad_agent_5:       0.4148	credit_grad_agent_6:       0.4255
credit_grad_agent_7:       0.4020	credit_grad_agent_8:       0.3740	credit_grad_agent_9:       0.7021	credit_grad_cv:            0.2427
credit_grad_max:           0.8482	credit_grad_mean:          0.4273	credit_grad_median:        0.4115	credit_grad_min:           0.2222
credit_grad_near_zero_frac:  0.0000	credit_grad_negative_frac:  0.0000	credit_grad_p10:           0.3361	credit_grad_p90:           0.5156
credit_grad_std:           0.1036	credit_max_share:          0.1643	dead_allies_mean:          8.6320	dead_enemies_mean:         8.3056
ep_length_mean:           94.9058	epsilon:                   0.0500	grad_norm:                 1.1541	loss:                      0.0604
q_taken_mean:              0.3016	return_mean:              13.2047	return_std:                3.5420	target_mean:               0.3066
td_error_abs:              0.1350	test_battle_won_mean:      0.3563	test_dead_allies_mean:     7.9625	test_dead_enemies_mean:    9.3812
test_ep_length_mean:      94.0062	test_return_mean:         15.0721	test_return_std:           3.6974	
[INFO 18:29:51] my_main t_env: 1327030 / 2050000
[INFO 18:29:51] my_main Estimated time left: 3 hours, 48 minutes, 41 seconds. Time passed: 7 hours, 44 minutes, 7 seconds
[INFO 18:30:29] my_main Recent Stats | t_env:    1327030 | Episode:    20139
amco_input_q_weight_grad_norm:  0.0175	amco_input_q_weight_grad_rms:  0.0006	amco_input_state_to_q_grad_rms_ratio:  0.0624	amco_input_state_weight_grad_norm:  0.0026
amco_input_state_weight_grad_rms:  0.0000	amco_layer_0_activation_slope_mean:  0.4692	amco_layer_0_activation_slope_p10:  0.4188	amco_layer_0_nonpositive_frac:  0.7652
amco_layer_0_preactivation_mean: -0.0606	amco_layer_0_preactivation_std:  0.0830	amco_layer_1_activation_slope_mean:  0.4892	amco_layer_1_activation_slope_p10:  0.3936
amco_layer_1_nonpositive_frac:  0.7513	amco_layer_1_preactivation_mean: -0.0074	amco_layer_1_preactivation_std:  0.1750	amco_layer_2_activation_slope_mean:  0.5076
amco_layer_2_activation_slope_p10:  0.4217	amco_layer_2_nonpositive_frac:  0.7321	amco_layer_2_preactivation_mean:  0.0513	amco_layer_2_preactivation_std:  0.2300
amco_mixing_output_rms:    0.8716	amco_pre_activation_nonpositive_frac:  0.7495	amco_q_term_rms:           0.2365	amco_state_credit_delta:   0.0120
amco_state_credit_share_delta:  0.0018	amco_state_encoder_grad_norm:  0.0026	amco_state_encoder_grad_rms:  0.0000	amco_state_term_rms:       0.0429
amco_state_to_q_ratio:     0.1816	amco_state_value_rms:      4.3365	amco_v_to_m_ratio:         5.0843	battle_won_mean:           0.1967
credit_entropy:            0.9902	credit_grad_agent_0:       0.4116	credit_grad_agent_1:       0.3301	credit_grad_agent_2:       0.3748
credit_grad_agent_3:       0.4246	credit_grad_agent_4:       0.3965	credit_grad_agent_5:       0.4128	credit_grad_agent_6:       0.4251
credit_grad_agent_7:       0.3979	credit_grad_agent_8:       0.3726	credit_grad_agent_9:       0.7007	credit_grad_cv:            0.2455
credit_grad_max:           0.8536	credit_grad_mean:          0.4247	credit_grad_median:        0.4084	credit_grad_min:           0.2155
credit_grad_near_zero_frac:  0.0000	credit_grad_negative_frac:  0.0000	credit_grad_p10:           0.3320	credit_grad_p90:           0.5179
credit_grad_std:           0.1042	credit_max_share:          0.1650	dead_allies_mean:          8.5812	dead_enemies_mean:         8.2913
ep_length_mean:           97.0438	epsilon:                   0.0500	grad_norm:                 1.1465	loss:                      0.0628
q_taken_mean:              0.3057	return_mean:              13.2124	return_std:                3.5768	target_mean:               0.3101
td_error_abs:              0.1382	test_battle_won_mean:      0.3625	test_dead_allies_mean:     7.8688	test_dead_enemies_mean:    9.3187
test_ep_length_mean:      97.3563	test_return_mean:         15.1008	test_return_std:           3.7604	
[INFO 18:32:03] my_main Updated target network
[INFO 18:33:10] my_main t_env: 1337047 / 2050000
[INFO 18:33:10] my_main Estimated time left: 3 hours, 55 minutes, 4 seconds. Time passed: 7 hours, 47 minutes, 25 seconds
[INFO 18:33:36] my_main Recent Stats | t_env:    1337047 | Episode:    20248
amco_input_q_weight_grad_norm:  0.0219	amco_input_q_weight_grad_rms:  0.0007	amco_input_state_to_q_grad_rms_ratio:  0.0660	amco_input_state_weight_grad_norm:  0.0034
amco_input_state_weight_grad_rms:  0.0000	amco_layer_0_activation_slope_mean:  0.4732	amco_layer_0_activation_slope_p10:  0.4213	amco_layer_0_nonpositive_frac:  0.7466
amco_layer_0_preactivation_mean: -0.0512	amco_layer_0_preactivation_std:  0.0867	amco_layer_1_activation_slope_mean:  0.4934	amco_layer_1_activation_slope_p10:  0.3924
amco_layer_1_nonpositive_frac:  0.7328	amco_layer_1_preactivation_mean:  0.0063	amco_layer_1_preactivation_std:  0.1888	amco_layer_2_activation_slope_mean:  0.5108
amco_layer_2_activation_slope_p10:  0.4202	amco_layer_2_nonpositive_frac:  0.7182	amco_layer_2_preactivation_mean:  0.0677	amco_layer_2_preactivation_std:  0.2533
amco_mixing_output_rms:    0.9543	amco_pre_activation_nonpositive_frac:  0.7325	amco_q_term_rms:           0.2520	amco_state_credit_delta:   0.0123
amco_state_credit_share_delta:  0.0019	amco_state_encoder_grad_norm:  0.0046	amco_state_encoder_grad_rms:  0.0000	amco_state_term_rms:       0.0446
amco_state_to_q_ratio:     0.1775	amco_state_value_rms:      4.4646	amco_v_to_m_ratio:         4.7768	battle_won_mean:           0.1972
credit_entropy:            0.9900	credit_grad_agent_0:       0.4147	credit_grad_agent_1:       0.3266	credit_grad_agent_2:       0.3739
credit_grad_agent_3:       0.4246	credit_grad_agent_4:       0.3945	credit_grad_agent_5:       0.4147	credit_grad_agent_6:       0.4271
credit_grad_agent_7:       0.4001	credit_grad_agent_8:       0.3727	credit_grad_agent_9:       0.7017	credit_grad_cv:            0.2491
credit_grad_max:           0.8685	credit_grad_mean:          0.4251	credit_grad_median:        0.4094	credit_grad_min:           0.2129
credit_grad_near_zero_frac:  0.0000	credit_grad_negative_frac:  0.0000	credit_grad_p10:           0.3284	credit_grad_p90:           0.5217
credit_grad_std:           0.1059	credit_max_share:          0.1651	dead_allies_mean:          8.5741	dead_enemies_mean:         8.3170
ep_length_mean:           96.3646	epsilon:                   0.0500	grad_norm:                 1.3242	loss:                      0.0685
q_taken_mean:              0.3228	return_mean:              13.2086	return_std:                3.6325	target_mean:               0.3244
td_error_abs:              0.1430	test_battle_won_mean:      0.3812	test_dead_allies_mean:     7.8187	test_dead_enemies_mean:    9.4563
test_ep_length_mean:      91.4125	test_return_mean:         15.2320	test_return_std:           3.7540	
[INFO 18:36:00] my_main t_env: 1347062 / 2050000
[INFO 18:36:00] my_main Estimated time left: 3 hours, 19 minutes, 13 seconds. Time passed: 7 hours, 50 minutes, 16 seconds
[INFO 18:36:34] my_main Recent Stats | t_env:    1347062 | Episode:    20346
amco_input_q_weight_grad_norm:  0.0216	amco_input_q_weight_grad_rms:  0.0007	amco_input_state_to_q_grad_rms_ratio:  0.0683	amco_input_state_weight_grad_norm:  0.0034
amco_input_state_weight_grad_rms:  0.0000	amco_layer_0_activation_slope_mean:  0.4751	amco_layer_0_activation_slope_p10:  0.4233	amco_layer_0_nonpositive_frac:  0.7454
amco_layer_0_preactivation_mean: -0.0470	amco_layer_0_preactivation_std:  0.0868	amco_layer_1_activation_slope_mean:  0.4954	amco_layer_1_activation_slope_p10:  0.3945
amco_layer_1_nonpositive_frac:  0.7303	amco_layer_1_preactivation_mean:  0.0122	amco_layer_1_preactivation_std:  0.1897	amco_layer_2_activation_slope_mean:  0.5125
amco_layer_2_activation_slope_p10:  0.4227	amco_layer_2_nonpositive_frac:  0.7175	amco_layer_2_preactivation_mean:  0.0742	amco_layer_2_preactivation_std:  0.2550
amco_mixing_output_rms:    0.9687	amco_pre_activation_nonpositive_frac:  0.7311	amco_q_term_rms:           0.2532	amco_state_credit_delta:   0.0132
amco_state_credit_share_delta:  0.0020	amco_state_encoder_grad_norm:  0.0047	amco_state_encoder_grad_rms:  0.0000	amco_state_term_rms:       0.0461
amco_state_to_q_ratio:     0.1831	amco_state_value_rms:      4.4132	amco_v_to_m_ratio:         4.6244	battle_won_mean:           0.1851
credit_entropy:            0.9899	credit_grad_agent_0:       0.4141	credit_grad_agent_1:       0.3210	credit_grad_agent_2:       0.3723
credit_grad_agent_3:       0.4226	credit_grad_agent_4:       0.3928	credit_grad_agent_5:       0.4134	credit_grad_agent_6:       0.4279
credit_grad_agent_7:       0.4015	credit_grad_agent_8:       0.3700	credit_grad_agent_9:       0.7004	credit_grad_cv:            0.2514
credit_grad_max:           0.8707	credit_grad_mean:          0.4236	credit_grad_median:        0.4086	credit_grad_min:           0.2087
credit_grad_near_zero_frac:  0.0000	credit_grad_negative_frac:  0.0000	credit_grad_p10:           0.3237	credit_grad_p90:           0.5214
credit_grad_std:           0.1065	credit_max_share:          0.1653	dead_allies_mean:          8.6043	dead_enemies_mean:         8.2842
ep_length_mean:           99.2595	epsilon:                   0.0500	grad_norm:                 1.2780	loss:                      0.0679
q_taken_mean:              0.3202	return_mean:              13.1711	return_std:                3.5998	target_mean:               0.3217
td_error_abs:              0.1422	test_battle_won_mean:      0.3563	test_dead_allies_mean:     7.9437	test_dead_enemies_mean:    9.3812
test_ep_length_mean:      91.4437	test_return_mean:         15.1475	test_return_std:           3.6734	
RequestQuit command received.
Closing Application...
DataHandler: unable to parse websocket frame.
CloseHandler: 127.0.0.1:41670 disconnected
[INFO 18:37:06] absl Shutdown gracefully.
[INFO 18:37:06] absl Shutdown with return code: -15
[INFO 18:37:06] absl Launching SC2: /data/workspace/wxr/pymarl-monotone-qmix/3rdparty/StarCraftII/Versions/Base75689/SC2_x64 -listen 127.0.0.1 -port 33161 -dataDir /data/workspace/wxr/pymarl-monotone-qmix/3rdparty/StarCraftII/ -tempDir /tmp/sc-47eoxyzg/
Version: B75689 (SC2.4.10)
Build: Aug 12 2019 17:16:57
Command Line: '"/data/workspace/wxr/pymarl-monotone-qmix/3rdparty/StarCraftII/Versions/Base75689/SC2_x64" -listen 127.0.0.1 -port 33161 -dataDir /data/workspace/wxr/pymarl-monotone-qmix/3rdparty/StarCraftII/ -tempDir /tmp/sc-47eoxyzg/'
[INFO 18:37:06] absl Connecting to: ws://127.0.0.1:33161/sc2api, attempt: 0, running: True
Starting up...
Startup Phase 1 complete
[INFO 18:37:07] absl Connecting to: ws://127.0.0.1:33161/sc2api, attempt: 1, running: True
Startup Phase 2 complete
Creating stub renderer...
Listening on: 127.0.0.1:33161
Startup Phase 3 complete. Ready for commands.
[INFO 18:37:08] absl Connecting to: ws://127.0.0.1:33161/sc2api, attempt: 2, running: True
ConnectHandler: Request from 127.0.0.1:58834 accepted
ReadyHandler: 127.0.0.1:58834 ready
Requesting to join a single player game
Configuring interface options
Configure: raw interface enabled
Configure: feature layer interface disabled
Configure: score interface disabled
Configure: render interface disabled
Launching next game.
Next launch phase started: 2
Next launch phase started: 3
Next launch phase started: 4
Next launch phase started: 5
Next launch phase started: 6
Next launch phase started: 7
Next launch phase started: 8
Game has started.
Using default stable ids, none found at: /data/workspace/wxr/pymarl-monotone-qmix/3rdparty/StarCraftII/stableid.json
Successfully loaded stable ids: GameData\stableid.json
Sending ResponseJoinGame
[INFO 18:37:55] my_main Updated target network
[INFO 18:39:19] my_main t_env: 1357132 / 2050000
[INFO 18:39:19] my_main Estimated time left: 3 hours, 48 minutes, 38 seconds. Time passed: 7 hours, 53 minutes, 35 seconds
[INFO 18:39:55] my_main Recent Stats | t_env:    1357132 | Episode:    20464
amco_input_q_weight_grad_norm:  0.0177	amco_input_q_weight_grad_rms:  0.0006	amco_input_state_to_q_grad_rms_ratio:  0.0653	amco_input_state_weight_grad_norm:  0.0028
amco_input_state_weight_grad_rms:  0.0000	amco_layer_0_activation_slope_mean:  0.4729	amco_layer_0_activation_slope_p10:  0.4206	amco_layer_0_nonpositive_frac:  0.7528
amco_layer_0_preactivation_mean: -0.0518	amco_layer_0_preactivation_std:  0.0875	amco_layer_1_activation_slope_mean:  0.4931	amco_layer_1_activation_slope_p10:  0.3926
amco_layer_1_nonpositive_frac:  0.7273	amco_layer_1_preactivation_mean:  0.0064	amco_layer_1_preactivation_std:  0.1890	amco_layer_2_activation_slope_mean:  0.5106
amco_layer_2_activation_slope_p10:  0.4215	amco_layer_2_nonpositive_frac:  0.7080	amco_layer_2_preactivation_mean:  0.0683	amco_layer_2_preactivation_std:  0.2524
amco_mixing_output_rms:    0.9589	amco_pre_activation_nonpositive_frac:  0.7293	amco_q_term_rms:           0.2540	amco_state_credit_delta:   0.0145
amco_state_credit_share_delta:  0.0022	amco_state_encoder_grad_norm:  0.0042	amco_state_encoder_grad_rms:  0.0000	amco_state_term_rms:       0.0473
amco_state_to_q_ratio:     0.1877	amco_state_value_rms:      4.3424	amco_v_to_m_ratio:         4.6006	battle_won_mean:           0.2070
credit_entropy:            0.9899	credit_grad_agent_0:       0.4151	credit_grad_agent_1:       0.3205	credit_grad_agent_2:       0.3715
credit_grad_agent_3:       0.4248	credit_grad_agent_4:       0.3922	credit_grad_agent_5:       0.4124	credit_grad_agent_6:       0.4289
credit_grad_agent_7:       0.4026	credit_grad_agent_8:       0.3702	credit_grad_agent_9:       0.6994	credit_grad_cv:            0.2509
credit_grad_max:           0.8742	credit_grad_mean:          0.4238	credit_grad_median:        0.4086	credit_grad_min:           0.2033
credit_grad_near_zero_frac:  0.0000	credit_grad_negative_frac:  0.0000	credit_grad_p10:           0.3232	credit_grad_p90:           0.5251
credit_grad_std:           0.1063	credit_max_share:          0.1650	dead_allies_mean:          8.4991	dead_enemies_mean:         8.4905
ep_length_mean:           95.9818	epsilon:                   0.0500	grad_norm:                 0.9552	loss:                      0.0575
q_taken_mean:              0.3121	return_mean:              13.4619	return_std:                3.6843	target_mean:               0.3119
td_error_abs:              0.1275	test_battle_won_mean:      0.3250	test_dead_allies_mean:     8.1125	test_dead_enemies_mean:    9.3750
test_ep_length_mean:      94.6500	test_return_mean:         15.0137	test_return_std:           3.5678	
[INFO 18:42:31] my_main t_env: 1367177 / 2050000
[INFO 18:42:31] my_main Estimated time left: 3 hours, 36 minutes, 45 seconds. Time passed: 7 hours, 56 minutes, 46 seconds
[INFO 18:43:03] my_main Recent Stats | t_env:    1367177 | Episode:    20578
amco_input_q_weight_grad_norm:  0.0194	amco_input_q_weight_grad_rms:  0.0006	amco_input_state_to_q_grad_rms_ratio:  0.0408	amco_input_state_weight_grad_norm:  0.0023
amco_input_state_weight_grad_rms:  0.0000	amco_layer_0_activation_slope_mean:  0.4701	amco_layer_0_activation_slope_p10:  0.4193	amco_layer_0_nonpositive_frac:  0.7625
amco_layer_0_preactivation_mean: -0.0581	amco_layer_0_preactivation_std:  0.0849	amco_layer_1_activation_slope_mean:  0.4902	amco_layer_1_activation_slope_p10:  0.3929
amco_layer_1_nonpositive_frac:  0.7363	amco_layer_1_preactivation_mean: -0.0024	amco_layer_1_preactivation_std:  0.1819	amco_layer_2_activation_slope_mean:  0.5084
amco_layer_2_activation_slope_p10:  0.4223	amco_layer_2_nonpositive_frac:  0.7190	amco_layer_2_preactivation_mean:  0.0578	amco_layer_2_preactivation_std:  0.2392
amco_mixing_output_rms:    0.9190	amco_pre_activation_nonpositive_frac:  0.7392	amco_q_term_rms:           0.2471	amco_state_credit_delta:   0.0156
amco_state_credit_share_delta:  0.0023	amco_state_encoder_grad_norm:  0.0047	amco_state_encoder_grad_rms:  0.0000	amco_state_term_rms:       0.0478
amco_state_to_q_ratio:     0.1949	amco_state_value_rms:      4.2931	amco_v_to_m_ratio:         4.7221	battle_won_mean:           0.2108
credit_entropy:            0.9898	credit_grad_agent_0:       0.4112	credit_grad_agent_1:       0.3206	credit_grad_agent_2:       0.3698
credit_grad_agent_3:       0.4255	credit_grad_agent_4:       0.3910	credit_grad_agent_5:       0.4115	credit_grad_agent_6:       0.4265
credit_grad_agent_7:       0.4025	credit_grad_agent_8:       0.3685	credit_grad_agent_9:       0.6987	credit_grad_cv:            0.2508
credit_grad_max:           0.8700	credit_grad_mean:          0.4226	credit_grad_median:        0.4070	credit_grad_min:           0.2032
credit_grad_near_zero_frac:  0.0000	credit_grad_negative_frac:  0.0000	credit_grad_p10:           0.3231	credit_grad_p90:           0.5220
credit_grad_std:           0.1060	credit_max_share:          0.1653	dead_allies_mean:          8.5303	dead_enemies_mean:         8.5723
ep_length_mean:           93.5472	epsilon:                   0.0500	grad_norm:                 1.0188	loss:                      0.0575
q_taken_mean:              0.3056	return_mean:              13.5428	return_std:                3.6778	target_mean:               0.3050
td_error_abs:              0.1271	test_battle_won_mean:      0.3312	test_dead_allies_mean:     8.0625	test_dead_enemies_mean:    9.4313
test_ep_length_mean:      91.9250	test_return_mean:         14.9251	test_return_std:           3.5992	
[INFO 18:43:33] my_main Updated target network
[INFO 18:45:38] my_main t_env: 1377229 / 2050000
[INFO 18:45:38] my_main Estimated time left: 3 hours, 29 minutes, 26 seconds. Time passed: 7 hours, 59 minutes, 54 seconds
[INFO 18:46:16] my_main Recent Stats | t_env:    1377229 | Episode:    20693
amco_input_q_weight_grad_norm:  0.0182	amco_input_q_weight_grad_rms:  0.0006	amco_input_state_to_q_grad_rms_ratio:  0.0331	amco_input_state_weight_grad_norm:  0.0018
amco_input_state_weight_grad_rms:  0.0000	amco_layer_0_activation_slope_mean:  0.4702	amco_layer_0_activation_slope_p10:  0.4195	amco_layer_0_nonpositive_frac:  0.7654
amco_layer_0_preactivation_mean: -0.0576	amco_layer_0_preactivation_std:  0.0850	amco_layer_1_activation_slope_mean:  0.4902	amco_layer_1_activation_slope_p10:  0.3927
amco_layer_1_nonpositive_frac:  0.7272	amco_layer_1_preactivation_mean: -0.0008	amco_layer_1_preactivation_std:  0.1840	amco_layer_2_activation_slope_mean:  0.5082
amco_layer_2_activation_slope_p10:  0.4224	amco_layer_2_nonpositive_frac:  0.7253	amco_layer_2_preactivation_mean:  0.0596	amco_layer_2_preactivation_std:  0.2411
amco_mixing_output_rms:    0.9298	amco_pre_activation_nonpositive_frac:  0.7393	amco_q_term_rms:           0.2522	amco_state_credit_delta:   0.0159
amco_state_credit_share_delta:  0.0024	amco_state_encoder_grad_norm:  0.0042	amco_state_encoder_grad_rms:  0.0000	amco_state_term_rms:       0.0482
amco_state_to_q_ratio:     0.1929	amco_state_value_rms:      4.2914	amco_v_to_m_ratio:         4.6708	battle_won_mean:           0.2066
credit_entropy:            0.9899	credit_grad_agent_0:       0.4062	credit_grad_agent_1:       0.3204	credit_grad_agent_2:       0.3667
credit_grad_agent_3:       0.4248	credit_grad_agent_4:       0.3902	credit_grad_agent_5:       0.4085	credit_grad_agent_6:       0.4207
credit_grad_agent_7:       0.4028	credit_grad_agent_8:       0.3664	credit_grad_agent_9:       0.6946	credit_grad_cv:            0.2510
credit_grad_max:           0.8645	credit_grad_mean:          0.4201	credit_grad_median:        0.4055	credit_grad_min:           0.2022
credit_grad_near_zero_frac:  0.0000	credit_grad_negative_frac:  0.0000	credit_grad_p10:           0.3216	credit_grad_p90:           0.5163
credit_grad_std:           0.1054	credit_max_share:          0.1653	dead_allies_mean:          8.5830	dead_enemies_mean:         8.6445
ep_length_mean:           90.9909	epsilon:                   0.0500	grad_norm:                 1.1056	loss:                      0.0563
q_taken_mean:              0.3063	return_mean:              13.5554	return_std:                3.6261	target_mean:               0.3051
td_error_abs:              0.1243	test_battle_won_mean:      0.3000	test_dead_allies_mean:     8.2562	test_dead_enemies_mean:    9.1438
test_ep_length_mean:      93.3812	test_return_mean:         14.3982	test_return_std:           3.6468	
[INFO 18:48:36] my_main Updated target network
[INFO 18:48:53] my_main t_env: 1387251 / 2050000
[INFO 18:48:53] my_main Estimated time left: 3 hours, 34 minutes, 52 seconds. Time passed: 8 hours, 3 minutes, 9 seconds
[INFO 18:49:27] my_main Recent Stats | t_env:    1387251 | Episode:    20812
amco_input_q_weight_grad_norm:  0.0135	amco_input_q_weight_grad_rms:  0.0004	amco_input_state_to_q_grad_rms_ratio:  0.0334	amco_input_state_weight_grad_norm:  0.0014
amco_input_state_weight_grad_rms:  0.0000	amco_layer_0_activation_slope_mean:  0.4727	amco_layer_0_activation_slope_p10:  0.4213	amco_layer_0_nonpositive_frac:  0.7549
amco_layer_0_preactivation_mean: -0.0522	amco_layer_0_preactivation_std:  0.0865	amco_layer_1_activation_slope_mean:  0.4935	amco_layer_1_activation_slope_p10:  0.3955
amco_layer_1_nonpositive_frac:  0.7142	amco_layer_1_preactivation_mean:  0.0063	amco_layer_1_preactivation_std:  0.1856	amco_layer_2_activation_slope_mean:  0.5112
amco_layer_2_activation_slope_p10:  0.4247	amco_layer_2_nonpositive_frac:  0.7103	amco_layer_2_preactivation_mean:  0.0668	amco_layer_2_preactivation_std:  0.2439
amco_mixing_output_rms:    0.9412	amco_pre_activation_nonpositive_frac:  0.7265	amco_q_term_rms:           0.2533	amco_state_credit_delta:   0.0179
amco_state_credit_share_delta:  0.0027	amco_state_encoder_grad_norm:  0.0028	amco_state_encoder_grad_rms:  0.0000	amco_state_term_rms:       0.0494
amco_state_to_q_ratio:     0.1963	amco_state_value_rms:      4.3213	amco_v_to_m_ratio:         4.6561	battle_won_mean:           0.2052
credit_entropy:            0.9899	credit_grad_agent_0:       0.4024	credit_grad_agent_1:       0.3236	credit_grad_agent_2:       0.3656
credit_grad_agent_3:       0.4244	credit_grad_agent_4:       0.3899	credit_grad_agent_5:       0.4081	credit_grad_agent_6:       0.4162
credit_grad_agent_7:       0.4022	credit_grad_agent_8:       0.3648	credit_grad_agent_9:       0.6936	credit_grad_cv:            0.2514
credit_grad_max:           0.8620	credit_grad_mean:          0.4191	credit_grad_median:        0.4039	credit_grad_min:           0.2038
credit_grad_near_zero_frac:  0.0000	credit_grad_negative_frac:  0.0000	credit_grad_p10:           0.3210	credit_grad_p90:           0.5146
credit_grad_std:           0.1054	credit_max_share:          0.1655	dead_allies_mean:          8.6035	dead_enemies_mean:         8.7189
ep_length_mean:           89.4548	epsilon:                   0.0500	grad_norm:                 0.9106	loss:                      0.0522
q_taken_mean:              0.3117	return_mean:              13.5673	return_std:                3.5517	target_mean:               0.3109
td_error_abs:              0.1231	test_battle_won_mean:      0.3312	test_dead_allies_mean:     8.0312	test_dead_enemies_mean:    9.2125
test_ep_length_mean:      98.7938	test_return_mean:         14.6365	test_return_std:           3.5741	
[INFO 18:51:57] my_main t_env: 1397266 / 2050000
[INFO 18:51:57] my_main Estimated time left: 3 hours, 19 minutes, 37 seconds. Time passed: 8 hours, 6 minutes, 13 seconds
[INFO 18:52:30] my_main Recent Stats | t_env:    1397266 | Episode:    20924
amco_input_q_weight_grad_norm:  0.0134	amco_input_q_weight_grad_rms:  0.0004	amco_input_state_to_q_grad_rms_ratio:  0.0270	amco_input_state_weight_grad_norm:  0.0012
amco_input_state_weight_grad_rms:  0.0000	amco_layer_0_activation_slope_mean:  0.4776	amco_layer_0_activation_slope_p10:  0.4228	amco_layer_0_nonpositive_frac:  0.7358
amco_layer_0_preactivation_mean: -0.0415	amco_layer_0_preactivation_std:  0.0924	amco_layer_1_activation_slope_mean:  0.4988	amco_layer_1_activation_slope_p10:  0.3970
amco_layer_1_nonpositive_frac:  0.6909	amco_layer_1_preactivation_mean:  0.0211	amco_layer_1_preactivation_std:  0.1953	amco_layer_2_activation_slope_mean:  0.5156
amco_layer_2_activation_slope_p10:  0.4260	amco_layer_2_nonpositive_frac:  0.6937	amco_layer_2_preactivation_mean:  0.0832	amco_layer_2_preactivation_std:  0.2595
amco_mixing_output_rms:    0.9935	amco_pre_activation_nonpositive_frac:  0.7068	amco_q_term_rms:           0.2637	amco_state_credit_delta:   0.0181
amco_state_credit_share_delta:  0.0027	amco_state_encoder_grad_norm:  0.0025	amco_state_encoder_grad_rms:  0.0000	amco_state_term_rms:       0.0514
amco_state_to_q_ratio:     0.1962	amco_state_value_rms:      4.3740	amco_v_to_m_ratio:         4.4793	battle_won_mean:           0.2322
credit_entropy:            0.9899	credit_grad_agent_0:       0.3957	credit_grad_agent_1:       0.3222	credit_grad_agent_2:       0.3619
credit_grad_agent_3:       0.4212	credit_grad_agent_4:       0.3848	credit_grad_agent_5:       0.4043	credit_grad_agent_6:       0.4075
credit_grad_agent_7:       0.3987	credit_grad_agent_8:       0.3622	credit_grad_agent_9:       0.6877	credit_grad_cv:            0.2535
credit_grad_max:           0.8566	credit_grad_mean:          0.4146	credit_grad_median:        0.3986	credit_grad_min:           0.2050
credit_grad_near_zero_frac:  0.0000	credit_grad_negative_frac:  0.0000	credit_grad_p10:           0.3175	credit_grad_p90:           0.5085
credit_grad_std:           0.1051	credit_max_share:          0.1658	dead_allies_mean:          8.4762	dead_enemies_mean:         8.8423
ep_length_mean:           86.9000	epsilon:                   0.0500	grad_norm:                 0.8451	loss:                      0.0543
q_taken_mean:              0.3229	return_mean:              13.7403	return_std:                3.6910	target_mean:               0.3211
td_error_abs:              0.1260	test_battle_won_mean:      0.3563	test_dead_allies_mean:     7.8750	test_dead_enemies_mean:    9.3125
test_ep_length_mean:      95.0750	test_return_mean:         14.7016	test_return_std:           3.6768	
RequestQuit command received.
DataHandler: unable to parse websocket frame.
CloseHandler: 127.0.0.1:58834 disconnected
Closing Application...
[INFO 18:52:59] absl Shutdown gracefully.
[INFO 18:52:59] absl Shutdown with return code: -15
[INFO 18:52:59] absl Launching SC2: /data/workspace/wxr/pymarl-monotone-qmix/3rdparty/StarCraftII/Versions/Base75689/SC2_x64 -listen 127.0.0.1 -port 41867 -dataDir /data/workspace/wxr/pymarl-monotone-qmix/3rdparty/StarCraftII/ -tempDir /tmp/sc-he7c2hdn/
[INFO 18:53:00] absl Connecting to: ws://127.0.0.1:41867/sc2api, attempt: 0, running: True
Version: B75689 (SC2.4.10)
Build: Aug 12 2019 17:16:57
Command Line: '"/data/workspace/wxr/pymarl-monotone-qmix/3rdparty/StarCraftII/Versions/Base75689/SC2_x64" -listen 127.0.0.1 -port 41867 -dataDir /data/workspace/wxr/pymarl-monotone-qmix/3rdparty/StarCraftII/ -tempDir /tmp/sc-he7c2hdn/'
Starting up...
Startup Phase 1 complete
[INFO 18:53:01] absl Connecting to: ws://127.0.0.1:41867/sc2api, attempt: 1, running: True
Startup Phase 2 complete
Creating stub renderer...
Listening on: 127.0.0.1:41867
Startup Phase 3 complete. Ready for commands.
[INFO 18:53:02] absl Connecting to: ws://127.0.0.1:41867/sc2api, attempt: 2, running: True
ConnectHandler: Request from 127.0.0.1:42564 accepted
ReadyHandler: 127.0.0.1:42564 ready
Requesting to join a single player game
Configuring interface options
Configure: raw interface enabled
Configure: feature layer interface disabled
Configure: score interface disabled
Configure: render interface disabled
Launching next game.
Next launch phase started: 2
Next launch phase started: 3
Next launch phase started: 4
Next launch phase started: 5
Next launch phase started: 6
Next launch phase started: 7
Next launch phase started: 8
Game has started.
Using default stable ids, none found at: /data/workspace/wxr/pymarl-monotone-qmix/3rdparty/StarCraftII/stableid.json
Successfully loaded stable ids: GameData\stableid.json
Sending ResponseJoinGame
[INFO 18:54:28] my_main Updated target network
[INFO 18:55:07] my_main t_env: 1407291 / 2050000
[INFO 18:55:07] my_main Estimated time left: 3 hours, 23 minutes, 20 seconds. Time passed: 8 hours, 9 minutes, 23 seconds
[INFO 18:55:38] my_main Recent Stats | t_env:    1407291 | Episode:    21027
amco_input_q_weight_grad_norm:  0.0155	amco_input_q_weight_grad_rms:  0.0005	amco_input_state_to_q_grad_rms_ratio:  0.0276	amco_input_state_weight_grad_norm:  0.0014
amco_input_state_weight_grad_rms:  0.0000	amco_layer_0_activation_slope_mean:  0.4811	amco_layer_0_activation_slope_p10:  0.4261	amco_layer_0_nonpositive_frac:  0.7204
amco_layer_0_preactivation_mean: -0.0336	amco_layer_0_preactivation_std:  0.0934	amco_layer_1_activation_slope_mean:  0.5026	amco_layer_1_activation_slope_p10:  0.3979
amco_layer_1_nonpositive_frac:  0.6783	amco_layer_1_preactivation_mean:  0.0317	amco_layer_1_preactivation_std:  0.2027	amco_layer_2_activation_slope_mean:  0.5186
amco_layer_2_activation_slope_p10:  0.4259	amco_layer_2_nonpositive_frac:  0.6863	amco_layer_2_preactivation_mean:  0.0948	amco_layer_2_preactivation_std:  0.2720
amco_mixing_output_rms:    1.0376	amco_pre_activation_nonpositive_frac:  0.6950	amco_q_term_rms:           0.2708	amco_state_credit_delta:   0.0177
amco_state_credit_share_delta:  0.0027	amco_state_encoder_grad_norm:  0.0031	amco_state_encoder_grad_rms:  0.0000	amco_state_term_rms:       0.0513
amco_state_to_q_ratio:     0.1898	amco_state_value_rms:      4.4599	amco_v_to_m_ratio:         4.3231	battle_won_mean:           0.2187
credit_entropy:            0.9898	credit_grad_agent_0:       0.3927	credit_grad_agent_1:       0.3222	credit_grad_agent_2:       0.3624
credit_grad_agent_3:       0.4202	credit_grad_agent_4:       0.3836	credit_grad_agent_5:       0.4062	credit_grad_agent_6:       0.4045
credit_grad_agent_7:       0.4000	credit_grad_agent_8:       0.3615	credit_grad_agent_9:       0.6895	credit_grad_cv:            0.2565
credit_grad_max:           0.8610	credit_grad_mean:          0.4143	credit_grad_median:        0.3973	credit_grad_min:           0.2096
credit_grad_near_zero_frac:  0.0000	credit_grad_negative_frac:  0.0000	credit_grad_p10:           0.3163	credit_grad_p90:           0.5056
credit_grad_std:           0.1063	credit_max_share:          0.1664	dead_allies_mean:          8.5333	dead_enemies_mean:         8.8267
ep_length_mean:           89.2982	epsilon:                   0.0500	grad_norm:                 1.0815	loss:                      0.0618
q_taken_mean:              0.3349	return_mean:              13.6475	return_std:                3.6273	target_mean:               0.3345
td_error_abs:              0.1387	test_battle_won_mean:      0.3688	test_dead_allies_mean:     7.8438	test_dead_enemies_mean:    9.3500
test_ep_length_mean:      93.7812	test_return_mean:         14.8275	test_return_std:           3.7215	
[INFO 18:58:15] my_main t_env: 1417425 / 2050000
[INFO 18:58:15] my_main Estimated time left: 3 hours, 15 minutes, 10 seconds. Time passed: 8 hours, 12 minutes, 31 seconds
[INFO 18:58:46] my_main Recent Stats | t_env:    1417425 | Episode:    21137
amco_input_q_weight_grad_norm:  0.0153	amco_input_q_weight_grad_rms:  0.0005	amco_input_state_to_q_grad_rms_ratio:  0.0555	amco_input_state_weight_grad_norm:  0.0028
amco_input_state_weight_grad_rms:  0.0000	amco_layer_0_activation_slope_mean:  0.4798	amco_layer_0_activation_slope_p10:  0.4235	amco_layer_0_nonpositive_frac:  0.7265
amco_layer_0_preactivation_mean: -0.0366	amco_layer_0_preactivation_std:  0.0950	amco_layer_1_activation_slope_mean:  0.5012	amco_layer_1_activation_slope_p10:  0.3958
amco_layer_1_nonpositive_frac:  0.6818	amco_layer_1_preactivation_mean:  0.0282	amco_layer_1_preactivation_std:  0.2037	amco_layer_2_activation_slope_mean:  0.5172
amco_layer_2_activation_slope_p10:  0.4244	amco_layer_2_nonpositive_frac:  0.6905	amco_layer_2_preactivation_mean:  0.0910	amco_layer_2_preactivation_std:  0.2718
amco_mixing_output_rms:    1.0357	amco_pre_activation_nonpositive_frac:  0.6996	amco_q_term_rms:           0.2708	amco_state_credit_delta:   0.0179
amco_state_credit_share_delta:  0.0028	amco_state_encoder_grad_norm:  0.0039	amco_state_encoder_grad_rms:  0.0000	amco_state_term_rms:       0.0523
amco_state_to_q_ratio:     0.1941	amco_state_value_rms:      4.4520	amco_v_to_m_ratio:         4.3241	battle_won_mean:           0.2332
credit_entropy:            0.9896	credit_grad_agent_0:       0.3920	credit_grad_agent_1:       0.3207	credit_grad_agent_2:       0.3622
credit_grad_agent_3:       0.4215	credit_grad_agent_4:       0.3847	credit_grad_agent_5:       0.4078	credit_grad_agent_6:       0.4047
credit_grad_agent_7:       0.4013	credit_grad_agent_8:       0.3624	credit_grad_agent_9:       0.6919	credit_grad_cv:            0.2579
credit_grad_max:           0.8669	credit_grad_mean:          0.4149	credit_grad_median:        0.3979	credit_grad_min:           0.2097
credit_grad_near_zero_frac:  0.0000	credit_grad_negative_frac:  0.0000	credit_grad_p10:           0.3156	credit_grad_p90:           0.5096
credit_grad_std:           0.1070	credit_max_share:          0.1667	dead_allies_mean:          8.4314	dead_enemies_mean:         8.8198
ep_length_mean:           90.1008	epsilon:                   0.0500	grad_norm:                 1.2299	loss:                      0.0631
q_taken_mean:              0.3315	return_mean:              13.7581	return_std:                3.6435	target_mean:               0.3296
td_error_abs:              0.1416	test_battle_won_mean:      0.4250	test_dead_allies_mean:     7.6500	test_dead_enemies_mean:    9.4750
test_ep_length_mean:      91.9437	test_return_mean:         15.2825	test_return_std:           3.8317	
[INFO 19:00:28] my_main Updated target network
[INFO 19:01:17] my_main t_env: 1427579 / 2050000
[INFO 19:01:17] my_main Estimated time left: 3 hours, 5 minutes, 31 seconds. Time passed: 8 hours, 15 minutes, 32 seconds
[INFO 19:01:47] my_main Recent Stats | t_env:    1427579 | Episode:    21234
amco_input_q_weight_grad_norm:  0.0165	amco_input_q_weight_grad_rms:  0.0005	amco_input_state_to_q_grad_rms_ratio:  0.0570	amco_input_state_weight_grad_norm:  0.0029
amco_input_state_weight_grad_rms:  0.0000	amco_layer_0_activation_slope_mean:  0.4794	amco_layer_0_activation_slope_p10:  0.4228	amco_layer_0_nonpositive_frac:  0.7280
amco_layer_0_preactivation_mean: -0.0377	amco_layer_0_preactivation_std:  0.0950	amco_layer_1_activation_slope_mean:  0.5010	amco_layer_1_activation_slope_p10:  0.3961
amco_layer_1_nonpositive_frac:  0.6933	amco_layer_1_preactivation_mean:  0.0263	amco_layer_1_preactivation_std:  0.2011	amco_layer_2_activation_slope_mean:  0.5169
amco_layer_2_activation_slope_p10:  0.4249	amco_layer_2_nonpositive_frac:  0.6914	amco_layer_2_preactivation_mean:  0.0882	amco_layer_2_preactivation_std:  0.2673
amco_mixing_output_rms:    1.0200	amco_pre_activation_nonpositive_frac:  0.7042	amco_q_term_rms:           0.2645	amco_state_credit_delta:   0.0186
amco_state_credit_share_delta:  0.0029	amco_state_encoder_grad_norm:  0.0044	amco_state_encoder_grad_rms:  0.0000	amco_state_term_rms:       0.0529
amco_state_to_q_ratio:     0.2013	amco_state_value_rms:      4.3975	amco_v_to_m_ratio:         4.3401	battle_won_mean:           0.2430
credit_entropy:            0.9894	credit_grad_agent_0:       0.3922	credit_grad_agent_1:       0.3190	credit_grad_agent_2:       0.3654
credit_grad_agent_3:       0.4235	credit_grad_agent_4:       0.3853	credit_grad_agent_5:       0.4112	credit_grad_agent_6:       0.4050
credit_grad_agent_7:       0.4044	credit_grad_agent_8:       0.3634	credit_grad_agent_9:       0.6971	credit_grad_cv:            0.2594
credit_grad_max:           0.8796	credit_grad_mean:          0.4166	credit_grad_median:        0.3982	credit_grad_min:           0.2097
credit_grad_near_zero_frac:  0.0000	credit_grad_negative_frac:  0.0000	credit_grad_p10:           0.3157	credit_grad_p90:           0.5150
credit_grad_std:           0.1081	credit_max_share:          0.1673	dead_allies_mean:          8.3604	dead_enemies_mean:         8.8125
ep_length_mean:           93.5552	epsilon:                   0.0500	grad_norm:                 1.2638	loss:                      0.0645
q_taken_mean:              0.3259	return_mean:              13.7791	return_std:                3.6865	target_mean:               0.3236
td_error_abs:              0.1436	test_battle_won_mean:      0.4500	test_dead_allies_mean:     7.5000	test_dead_enemies_mean:    9.7937
test_ep_length_mean:      87.1188	test_return_mean:         15.6578	test_return_std:           3.8193	
[INFO 19:04:17] my_main t_env: 1437621 / 2050000
[INFO 19:04:17] my_main Estimated time left: 3 hours, 3 minutes, 23 seconds. Time passed: 8 hours, 18 minutes, 33 seconds
[INFO 19:04:48] my_main Recent Stats | t_env:    1437621 | Episode:    21339
amco_input_q_weight_grad_norm:  0.0171	amco_input_q_weight_grad_rms:  0.0006	amco_input_state_to_q_grad_rms_ratio:  0.0547	amco_input_state_weight_grad_norm:  0.0027
amco_input_state_weight_grad_rms:  0.0000	amco_layer_0_activation_slope_mean:  0.4767	amco_layer_0_activation_slope_p10:  0.4199	amco_layer_0_nonpositive_frac:  0.7350
amco_layer_0_preactivation_mean: -0.0442	amco_layer_0_preactivation_std:  0.0942	amco_layer_1_activation_slope_mean:  0.4982	amco_layer_1_activation_slope_p10:  0.3950
amco_layer_1_nonpositive_frac:  0.7031	amco_layer_1_preactivation_mean:  0.0171	amco_layer_1_preactivation_std:  0.1955	amco_layer_2_activation_slope_mean:  0.5148
amco_layer_2_activation_slope_p10:  0.4243	amco_layer_2_nonpositive_frac:  0.6952	amco_layer_2_preactivation_mean:  0.0775	amco_layer_2_preactivation_std:  0.2569
amco_mixing_output_rms:    0.9853	amco_pre_activation_nonpositive_frac:  0.7111	amco_q_term_rms:           0.2565	amco_state_credit_delta:   0.0174
amco_state_credit_share_delta:  0.0028	amco_state_encoder_grad_norm:  0.0039	amco_state_encoder_grad_rms:  0.0000	amco_state_term_rms:       0.0536
amco_state_to_q_ratio:     0.2096	amco_state_value_rms:      4.3846	amco_v_to_m_ratio:         4.4686	battle_won_mean:           0.2553
credit_entropy:            0.9892	credit_grad_agent_0:       0.3916	credit_grad_agent_1:       0.3159	credit_grad_agent_2:       0.3659
credit_grad_agent_3:       0.4260	credit_grad_agent_4:       0.3830	credit_grad_agent_5:       0.4132	credit_grad_agent_6:       0.4078
credit_grad_agent_7:       0.4062	credit_grad_agent_8:       0.3658	credit_grad_agent_9:       0.7013	credit_grad_cv:            0.2611
credit_grad_max:           0.8870	credit_grad_mean:          0.4177	credit_grad_median:        0.3971	credit_grad_min:           0.2101
credit_grad_near_zero_frac:  0.0000	credit_grad_negative_frac:  0.0000	credit_grad_p10:           0.3162	credit_grad_p90:           0.5187
credit_grad_std:           0.1091	credit_max_share:          0.1679	dead_allies_mean:          8.2879	dead_enemies_mean:         8.8192
ep_length_mean:           95.8391	epsilon:                   0.0500	grad_norm:                 1.2919	loss:                      0.0673
q_taken_mean:              0.3230	return_mean:              13.8907	return_std:                3.7490	target_mean:               0.3235
td_error_abs:              0.1469	test_battle_won_mean:      0.4375	test_dead_allies_mean:     7.5875	test_dead_enemies_mean:    9.7438
test_ep_length_mean:      83.6188	test_return_mean:         15.5192	test_return_std:           3.9144	
[INFO 19:06:10] my_main Updated target network
[INFO 19:07:26] my_main t_env: 1447675 / 2050000
[INFO 19:07:26] my_main Estimated time left: 3 hours, 8 minutes, 21 seconds. Time passed: 8 hours, 21 minutes, 41 seconds
[INFO 19:07:56] my_main Recent Stats | t_env:    1447675 | Episode:    21458
amco_input_q_weight_grad_norm:  0.0178	amco_input_q_weight_grad_rms:  0.0006	amco_input_state_to_q_grad_rms_ratio:  0.0535	amco_input_state_weight_grad_norm:  0.0028
amco_input_state_weight_grad_rms:  0.0000	amco_layer_0_activation_slope_mean:  0.4750	amco_layer_0_activation_slope_p10:  0.4199	amco_layer_0_nonpositive_frac:  0.7478
amco_layer_0_preactivation_mean: -0.0476	amco_layer_0_preactivation_std:  0.0913	amco_layer_1_activation_slope_mean:  0.4962	amco_layer_1_activation_slope_p10:  0.3940
amco_layer_1_nonpositive_frac:  0.7179	amco_layer_1_preactivation_mean:  0.0127	amco_layer_1_preactivation_std:  0.1940	amco_layer_2_activation_slope_mean:  0.5131
amco_layer_2_activation_slope_p10:  0.4234	amco_layer_2_nonpositive_frac:  0.7057	amco_layer_2_preactivation_mean:  0.0737	amco_layer_2_preactivation_std:  0.2529
amco_mixing_output_rms:    0.9829	amco_pre_activation_nonpositive_frac:  0.7238	amco_q_term_rms:           0.2547	amco_state_credit_delta:   0.0166
amco_state_credit_share_delta:  0.0027	amco_state_encoder_grad_norm:  0.0041	amco_state_encoder_grad_rms:  0.0000	amco_state_term_rms:       0.0525
amco_state_to_q_ratio:     0.2072	amco_state_value_rms:      4.3318	amco_v_to_m_ratio:         4.4298	battle_won_mean:           0.2505
credit_entropy:            0.9890	credit_grad_agent_0:       0.3965	credit_grad_agent_1:       0.3175	credit_grad_agent_2:       0.3702
credit_grad_agent_3:       0.4316	credit_grad_agent_4:       0.3865	credit_grad_agent_5:       0.4193	credit_grad_agent_6:       0.4158
credit_grad_agent_7:       0.4115	credit_grad_agent_8:       0.3706	credit_grad_agent_9:       0.7120	credit_grad_cv:            0.2624
credit_grad_max:           0.9025	credit_grad_mean:          0.4231	credit_grad_median:        0.4022	credit_grad_min:           0.2107
credit_grad_near_zero_frac:  0.0000	credit_grad_negative_frac:  0.0000	credit_grad_p10:           0.3196	credit_grad_p90:           0.5264
credit_grad_std:           0.1111	credit_max_share:          0.1682	dead_allies_mean:          8.2943	dead_enemies_mean:         8.8145
ep_length_mean:           94.8527	epsilon:                   0.0500	grad_norm:                 1.2948	loss:                      0.0663
q_taken_mean:              0.3141	return_mean:              13.8304	return_std:                3.7093	target_mean:               0.3147
td_error_abs:              0.1447	test_battle_won_mean:      0.4062	test_dead_allies_mean:     7.7125	test_dead_enemies_mean:    9.5500
test_ep_length_mean:      85.8625	test_return_mean:         15.2265	test_return_std:           3.8824	
RequestQuit command received.
Closing Application...
DataHandler: unable to parse websocket frame.
CloseHandler: 127.0.0.1:42564 disconnected
[INFO 19:08:49] absl Shutdown gracefully.
[INFO 19:08:49] absl Shutdown with return code: -15
[INFO 19:08:49] absl Launching SC2: /data/workspace/wxr/pymarl-monotone-qmix/3rdparty/StarCraftII/Versions/Base75689/SC2_x64 -listen 127.0.0.1 -port 36407 -dataDir /data/workspace/wxr/pymarl-monotone-qmix/3rdparty/StarCraftII/ -tempDir /tmp/sc-rcfktt2s/
Version: B75689 (SC2.4.10)
Build: Aug 12 2019 17:16:57
Command Line: '"/data/workspace/wxr/pymarl-monotone-qmix/3rdparty/StarCraftII/Versions/Base75689/SC2_x64" -listen 127.0.0.1 -port 36407 -dataDir /data/workspace/wxr/pymarl-monotone-qmix/3rdparty/StarCraftII/ -tempDir /tmp/sc-rcfktt2s/'
[INFO 19:08:49] absl Connecting to: ws://127.0.0.1:36407/sc2api, attempt: 0, running: True
Starting up...
Startup Phase 1 complete
[INFO 19:08:50] absl Connecting to: ws://127.0.0.1:36407/sc2api, attempt: 1, running: True
Startup Phase 2 complete
Creating stub renderer...
Listening on: 127.0.0.1:36407
Startup Phase 3 complete. Ready for commands.
[INFO 19:08:51] absl Connecting to: ws://127.0.0.1:36407/sc2api, attempt: 2, running: True
ConnectHandler: Request from 127.0.0.1:40432 accepted
ReadyHandler: 127.0.0.1:40432 ready
Requesting to join a single player game
Configuring interface options
Configure: raw interface enabled
Configure: feature layer interface disabled
Configure: score interface disabled
Configure: render interface disabled
Launching next game.
Next launch phase started: 2
Next launch phase started: 3
Next launch phase started: 4
Next launch phase started: 5
Next launch phase started: 6
Next launch phase started: 7
Next launch phase started: 8
Game has started.
Using default stable ids, none found at: /data/workspace/wxr/pymarl-monotone-qmix/3rdparty/StarCraftII/stableid.json
Successfully loaded stable ids: GameData\stableid.json
Sending ResponseJoinGame
[INFO 19:10:46] my_main t_env: 1457794 / 2050000
[INFO 19:10:46] my_main Estimated time left: 3 hours, 15 minutes, 42 seconds. Time passed: 8 hours, 25 minutes, 2 seconds
[INFO 19:11:22] my_main Recent Stats | t_env:    1457794 | Episode:    21573
amco_input_q_weight_grad_norm:  0.0175	amco_input_q_weight_grad_rms:  0.0006	amco_input_state_to_q_grad_rms_ratio:  0.0521	amco_input_state_weight_grad_norm:  0.0027
amco_input_state_weight_grad_rms:  0.0000	amco_layer_0_activation_slope_mean:  0.4755	amco_layer_0_activation_slope_p10:  0.4180	amco_layer_0_nonpositive_frac:  0.7486
amco_layer_0_preactivation_mean: -0.0465	amco_layer_0_preactivation_std:  0.0948	amco_layer_1_activation_slope_mean:  0.4966	amco_layer_1_activation_slope_p10:  0.3937
amco_layer_1_nonpositive_frac:  0.7209	amco_layer_1_preactivation_mean:  0.0148	amco_layer_1_preactivation_std:  0.1965	amco_layer_2_activation_slope_mean:  0.5133
amco_layer_2_activation_slope_p10:  0.4236	amco_layer_2_nonpositive_frac:  0.7173	amco_layer_2_preactivation_mean:  0.0762	amco_layer_2_preactivation_std:  0.2565
amco_mixing_output_rms:    1.0035	amco_pre_activation_nonpositive_frac:  0.7289	amco_q_term_rms:           0.2567	amco_state_credit_delta:   0.0181
amco_state_credit_share_delta:  0.0030	amco_state_encoder_grad_norm:  0.0039	amco_state_encoder_grad_rms:  0.0000	amco_state_term_rms:       0.0553
amco_state_to_q_ratio:     0.2163	amco_state_value_rms:      4.3179	amco_v_to_m_ratio:         4.3279	battle_won_mean:           0.2462
credit_entropy:            0.9890	credit_grad_agent_0:       0.3981	credit_grad_agent_1:       0.3188	credit_grad_agent_2:       0.3735
credit_grad_agent_3:       0.4366	credit_grad_agent_4:       0.3889	credit_grad_agent_5:       0.4222	credit_grad_agent_6:       0.4217
credit_grad_agent_7:       0.4147	credit_grad_agent_8:       0.3737	credit_grad_agent_9:       0.7166	credit_grad_cv:            0.2620
credit_grad_max:           0.9150	credit_grad_mean:          0.4265	credit_grad_median:        0.4046	credit_grad_min:           0.2070
credit_grad_near_zero_frac:  0.0000	credit_grad_negative_frac:  0.0000	credit_grad_p10:           0.3217	credit_grad_p90:           0.5350
credit_grad_std:           0.1118	credit_max_share:          0.1680	dead_allies_mean:          8.3233	dead_enemies_mean:         8.7418
ep_length_mean:           92.9849	epsilon:                   0.0500	grad_norm:                 1.0519	loss:                      0.0622
q_taken_mean:              0.3136	return_mean:              13.7583	return_std:                3.7406	target_mean:               0.3125
td_error_abs:              0.1365	test_battle_won_mean:      0.3750	test_dead_allies_mean:     7.7313	test_dead_enemies_mean:    9.4125
test_ep_length_mean:      88.2687	test_return_mean:         14.9568	test_return_std:           3.8556	
[INFO 19:12:17] my_main Updated target network
[INFO 19:14:11] my_main t_env: 1467909 / 2050000
[INFO 19:14:11] my_main Estimated time left: 3 hours, 16 minutes, 1 seconds. Time passed: 8 hours, 28 minutes, 26 seconds
[INFO 19:14:44] my_main Recent Stats | t_env:    1467909 | Episode:    21676
amco_input_q_weight_grad_norm:  0.0195	amco_input_q_weight_grad_rms:  0.0006	amco_input_state_to_q_grad_rms_ratio:  0.0268	amco_input_state_weight_grad_norm:  0.0016
amco_input_state_weight_grad_rms:  0.0000	amco_layer_0_activation_slope_mean:  0.4743	amco_layer_0_activation_slope_p10:  0.4179	amco_layer_0_nonpositive_frac:  0.7515
amco_layer_0_preactivation_mean: -0.0489	amco_layer_0_preactivation_std:  0.0933	amco_layer_1_activation_slope_mean:  0.4954	amco_layer_1_activation_slope_p10:  0.3936
amco_layer_1_nonpositive_frac:  0.7252	amco_layer_1_preactivation_mean:  0.0118	amco_layer_1_preactivation_std:  0.1948	amco_layer_2_activation_slope_mean:  0.5122
amco_layer_2_activation_slope_p10:  0.4232	amco_layer_2_nonpositive_frac:  0.7256	amco_layer_2_preactivation_mean:  0.0729	amco_layer_2_preactivation_std:  0.2537
amco_mixing_output_rms:    0.9921	amco_pre_activation_nonpositive_frac:  0.7341	amco_q_term_rms:           0.2545	amco_state_credit_delta:   0.0192
amco_state_credit_share_delta:  0.0031	amco_state_encoder_grad_norm:  0.0031	amco_state_encoder_grad_rms:  0.0000	amco_state_term_rms:       0.0564
amco_state_to_q_ratio:     0.2232	amco_state_value_rms:      4.3129	amco_v_to_m_ratio:         4.3839	battle_won_mean:           0.2097
credit_entropy:            0.9888	credit_grad_agent_0:       0.3966	credit_grad_agent_1:       0.3207	credit_grad_agent_2:       0.3766
credit_grad_agent_3:       0.4381	credit_grad_agent_4:       0.3886	credit_grad_agent_5:       0.4238	credit_grad_agent_6:       0.4247
credit_grad_agent_7:       0.4174	credit_grad_agent_8:       0.3759	credit_grad_agent_9:       0.7228	credit_grad_cv:            0.2641
credit_grad_max:           0.9215	credit_grad_mean:          0.4285	credit_grad_median:        0.4051	credit_grad_min:           0.2073
credit_grad_near_zero_frac:  0.0000	credit_grad_negative_frac:  0.0000	credit_grad_p10:           0.3232	credit_grad_p90:           0.5365
credit_grad_std:           0.1132	credit_max_share:          0.1686	dead_allies_mean:          8.5074	dead_enemies_mean:         8.6353
ep_length_mean:           94.2002	epsilon:                   0.0500	grad_norm:                 1.0711	loss:                      0.0635
q_taken_mean:              0.3127	return_mean:              13.4258	return_std:                3.6210	target_mean:               0.3140
td_error_abs:              0.1363	test_battle_won_mean:      0.3375	test_dead_allies_mean:     7.8625	test_dead_enemies_mean:    9.3562
test_ep_length_mean:      88.1125	test_return_mean:         14.6312	test_return_std:           3.8442	
[INFO 19:17:24] my_main t_env: 1477973 / 2050000
[INFO 19:17:24] my_main Estimated time left: 3 hours, 3 minutes, 11 seconds. Time passed: 8 hours, 31 minutes, 40 seconds
[INFO 19:17:56] my_main Recent Stats | t_env:    1477973 | Episode:    21785
amco_input_q_weight_grad_norm:  0.0177	amco_input_q_weight_grad_rms:  0.0006	amco_input_state_to_q_grad_rms_ratio:  0.0423	amco_input_state_weight_grad_norm:  0.0018
amco_input_state_weight_grad_rms:  0.0000	amco_layer_0_activation_slope_mean:  0.4732	amco_layer_0_activation_slope_p10:  0.4149	amco_layer_0_nonpositive_frac:  0.7504
amco_layer_0_preactivation_mean: -0.0513	amco_layer_0_preactivation_std:  0.0960	amco_layer_1_activation_slope_mean:  0.4941	amco_layer_1_activation_slope_p10:  0.3914
amco_layer_1_nonpositive_frac:  0.7274	amco_layer_1_preactivation_mean:  0.0091	amco_layer_1_preactivation_std:  0.1966	amco_layer_2_activation_slope_mean:  0.5110
amco_layer_2_activation_slope_p10:  0.4218	amco_layer_2_nonpositive_frac:  0.7286	amco_layer_2_preactivation_mean:  0.0702	amco_layer_2_preactivation_std:  0.2550
amco_mixing_output_rms:    0.9955	amco_pre_activation_nonpositive_frac:  0.7355	amco_q_term_rms:           0.2557	amco_state_credit_delta:   0.0203
amco_state_credit_share_delta:  0.0033	amco_state_encoder_grad_norm:  0.0028	amco_state_encoder_grad_rms:  0.0000	amco_state_term_rms:       0.0606
amco_state_to_q_ratio:     0.2388	amco_state_value_rms:      4.3116	amco_v_to_m_ratio:         4.3665	battle_won_mean:           0.2187
credit_entropy:            0.9886	credit_grad_agent_0:       0.3937	credit_grad_agent_1:       0.3211	credit_grad_agent_2:       0.3763
credit_grad_agent_3:       0.4400	credit_grad_agent_4:       0.3869	credit_grad_agent_5:       0.4251	credit_grad_agent_6:       0.4295
credit_grad_agent_7:       0.4171	credit_grad_agent_8:       0.3774	credit_grad_agent_9:       0.7265	credit_grad_cv:            0.2661
credit_grad_max:           0.9274	credit_grad_mean:          0.4294	credit_grad_median:        0.4046	credit_grad_min:           0.2050
credit_grad_near_zero_frac:  0.0000	credit_grad_negative_frac:  0.0000	credit_grad_p10:           0.3239	credit_grad_p90:           0.5406
credit_grad_std:           0.1143	credit_max_share:          0.1692	dead_allies_mean:          8.4698	dead_enemies_mean:         8.6501
ep_length_mean:           91.7302	epsilon:                   0.0500	grad_norm:                 0.9460	loss:                      0.0632
q_taken_mean:              0.3117	return_mean:              13.4846	return_std:                3.6512	target_mean:               0.3136
td_error_abs:              0.1343	test_battle_won_mean:      0.3500	test_dead_allies_mean:     7.8500	test_dead_enemies_mean:    9.5375
test_ep_length_mean:      86.1250	test_return_mean:         14.8905	test_return_std:           3.7664	
[INFO 19:18:27] my_main Updated target network
[INFO 19:21:16] my_main t_env: 1488052 / 2050000
[INFO 19:21:16] my_main Estimated time left: 3 hours, 35 minutes, 37 seconds. Time passed: 8 hours, 35 minutes, 32 seconds
[INFO 19:21:45] my_main Recent Stats | t_env:    1488052 | Episode:    21894
amco_input_q_weight_grad_norm:  0.0131	amco_input_q_weight_grad_rms:  0.0004	amco_input_state_to_q_grad_rms_ratio:  0.0440	amco_input_state_weight_grad_norm:  0.0015
amco_input_state_weight_grad_rms:  0.0000	amco_layer_0_activation_slope_mean:  0.4747	amco_layer_0_activation_slope_p10:  0.4168	amco_layer_0_nonpositive_frac:  0.7477
amco_layer_0_preactivation_mean: -0.0475	amco_layer_0_preactivation_std:  0.0960	amco_layer_1_activation_slope_mean:  0.4955	amco_layer_1_activation_slope_p10:  0.3910
amco_layer_1_nonpositive_frac:  0.7219	amco_layer_1_preactivation_mean:  0.0146	amco_layer_1_preactivation_std:  0.2015	amco_layer_2_activation_slope_mean:  0.5118
amco_layer_2_activation_slope_p10:  0.4214	amco_layer_2_nonpositive_frac:  0.7302	amco_layer_2_preactivation_mean:  0.0763	amco_layer_2_preactivation_std:  0.2630
amco_mixing_output_rms:    1.0213	amco_pre_activation_nonpositive_frac:  0.7333	amco_q_term_rms:           0.2592	amco_state_credit_delta:   0.0211
amco_state_credit_share_delta:  0.0035	amco_state_encoder_grad_norm:  0.0029	amco_state_encoder_grad_rms:  0.0000	amco_state_term_rms:       0.0612
amco_state_to_q_ratio:     0.2381	amco_state_value_rms:      4.3076	amco_v_to_m_ratio:         4.2548	battle_won_mean:           0.2151
credit_entropy:            0.9885	credit_grad_agent_0:       0.3925	credit_grad_agent_1:       0.3227	credit_grad_agent_2:       0.3780
credit_grad_agent_3:       0.4425	credit_grad_agent_4:       0.3876	credit_grad_agent_5:       0.4251	credit_grad_agent_6:       0.4334
credit_grad_agent_7:       0.4181	credit_grad_agent_8:       0.3806	credit_grad_agent_9:       0.7312	credit_grad_cv:            0.2677
credit_grad_max:           0.9366	credit_grad_mean:          0.4312	credit_grad_median:        0.4059	credit_grad_min:           0.2026
credit_grad_near_zero_frac:  0.0000	credit_grad_negative_frac:  0.0000	credit_grad_p10:           0.3248	credit_grad_p90:           0.5430
credit_grad_std:           0.1154	credit_max_share:          0.1696	dead_allies_mean:          8.5053	dead_enemies_mean:         8.6022
ep_length_mean:           91.0961	epsilon:                   0.0500	grad_norm:                 0.6297	loss:                      0.0601
q_taken_mean:              0.3122	return_mean:              13.3847	return_std:                3.7086	target_mean:               0.3132
td_error_abs:              0.1306	test_battle_won_mean:      0.3375	test_dead_allies_mean:     7.9500	test_dead_enemies_mean:    9.5750
test_ep_length_mean:      87.5875	test_return_mean:         14.8092	test_return_std:           3.7778	
[INFO 19:24:57] my_main Updated target network
[INFO 19:25:08] my_main t_env: 1498059 / 2050000
[INFO 19:25:08] my_main Estimated time left: 3 hours, 33 minutes, 13 seconds. Time passed: 8 hours, 39 minutes, 24 seconds
[INFO 19:25:48] my_main Recent Stats | t_env:    1498059 | Episode:    22006
amco_input_q_weight_grad_norm:  0.0166	amco_input_q_weight_grad_rms:  0.0005	amco_input_state_to_q_grad_rms_ratio:  0.0401	amco_input_state_weight_grad_norm:  0.0016
amco_input_state_weight_grad_rms:  0.0000	amco_layer_0_activation_slope_mean:  0.4702	amco_layer_0_activation_slope_p10:  0.4106	amco_layer_0_nonpositive_frac:  0.7544
amco_layer_0_preactivation_mean: -0.0575	amco_layer_0_preactivation_std:  0.0978	amco_layer_1_activation_slope_mean:  0.4910	amco_layer_1_activation_slope_p10:  0.3871
amco_layer_1_nonpositive_frac:  0.7339	amco_layer_1_preactivation_mean:  0.0019	amco_layer_1_preactivation_std:  0.1975	amco_layer_2_activation_slope_mean:  0.5078
amco_layer_2_activation_slope_p10:  0.4190	amco_layer_2_nonpositive_frac:  0.7445	amco_layer_2_preactivation_mean:  0.0613	amco_layer_2_preactivation_std:  0.2549
amco_mixing_output_rms:    0.9790	amco_pre_activation_nonpositive_frac:  0.7443	amco_q_term_rms:           0.2536	amco_state_credit_delta:   0.0233
amco_state_credit_share_delta:  0.0039	amco_state_encoder_grad_norm:  0.0035	amco_state_encoder_grad_rms:  0.0000	amco_state_term_rms:       0.0648
amco_state_to_q_ratio:     0.2569	amco_state_value_rms:      4.3018	amco_v_to_m_ratio:         4.4239	battle_won_mean:           0.1985
credit_entropy:            0.9883	credit_grad_agent_0:       0.3846	credit_grad_agent_1:       0.3221	credit_grad_agent_2:       0.3758
credit_grad_agent_3:       0.4406	credit_grad_agent_4:       0.3823	credit_grad_agent_5:       0.4200	credit_grad_agent_6:       0.4312
credit_grad_agent_7:       0.4159	credit_grad_agent_8:       0.3798	credit_grad_agent_9:       0.7300	credit_grad_cv:            0.2691
credit_grad_max:           0.9363	credit_grad_mean:          0.4282	credit_grad_median:        0.4012	credit_grad_min:           0.2006
credit_grad_near_zero_frac:  0.0000	credit_grad_negative_frac:  0.0000	credit_grad_p10:           0.3240	credit_grad_p90:           0.5433
credit_grad_std:           0.1152	credit_max_share:          0.1705	dead_allies_mean:          8.6131	dead_enemies_mean:         8.4926
ep_length_mean:           92.0683	epsilon:                   0.0500	grad_norm:                 0.9859	loss:                      0.0666
q_taken_mean:              0.3096	return_mean:              13.1866	return_std:                3.6458	target_mean:               0.3124
td_error_abs:              0.1370	test_battle_won_mean:      0.3625	test_dead_allies_mean:     7.8563	test_dead_enemies_mean:    9.6875
test_ep_length_mean:      85.7625	test_return_mean:         15.0211	test_return_std:           3.8707	
RequestQuit command received.
Closing Application...
DataHandler: unable to parse websocket frame.
CloseHandler: 127.0.0.1:40432 disconnected
[INFO 19:27:04] absl Shutdown gracefully.
[INFO 19:27:04] absl Shutdown with return code: -15
[INFO 19:27:04] absl Launching SC2: /data/workspace/wxr/pymarl-monotone-qmix/3rdparty/StarCraftII/Versions/Base75689/SC2_x64 -listen 127.0.0.1 -port 45311 -dataDir /data/workspace/wxr/pymarl-monotone-qmix/3rdparty/StarCraftII/ -tempDir /tmp/sc-j0_qs_2w/
[INFO 19:27:05] absl Connecting to: ws://127.0.0.1:45311/sc2api, attempt: 0, running: True
Version: B75689 (SC2.4.10)
Build: Aug 12 2019 17:16:57
Command Line: '"/data/workspace/wxr/pymarl-monotone-qmix/3rdparty/StarCraftII/Versions/Base75689/SC2_x64" -listen 127.0.0.1 -port 45311 -dataDir /data/workspace/wxr/pymarl-monotone-qmix/3rdparty/StarCraftII/ -tempDir /tmp/sc-j0_qs_2w/'
Starting up...
Startup Phase 1 complete
[INFO 19:27:06] absl Connecting to: ws://127.0.0.1:45311/sc2api, attempt: 1, running: True
Startup Phase 2 complete
Creating stub renderer...
Listening on: 127.0.0.1:45311
Startup Phase 3 complete. Ready for commands.
[INFO 19:27:07] absl Connecting to: ws://127.0.0.1:45311/sc2api, attempt: 2, running: True
ConnectHandler: Request from 127.0.0.1:60848 accepted
ReadyHandler: 127.0.0.1:60848 ready
Requesting to join a single player game
Configuring interface options
Configure: raw interface enabled
Configure: feature layer interface disabled
Configure: score interface disabled
Configure: render interface disabled
Launching next game.
Next launch phase started: 2
Next launch phase started: 3
Next launch phase started: 4
Next launch phase started: 5
Next launch phase started: 6
Next launch phase started: 7
Next launch phase started: 8
Game has started.
Using default stable ids, none found at: /data/workspace/wxr/pymarl-monotone-qmix/3rdparty/StarCraftII/stableid.json
Successfully loaded stable ids: GameData\stableid.json
Sending ResponseJoinGame
[INFO 19:29:00] my_main t_env: 1508218 / 2050000
[INFO 19:29:00] my_main Estimated time left: 3 hours, 26 minutes, 22 seconds. Time passed: 8 hours, 43 minutes, 16 seconds
[INFO 19:29:40] my_main Recent Stats | t_env:    1508218 | Episode:    22104
amco_input_q_weight_grad_norm:  0.0245	amco_input_q_weight_grad_rms:  0.0008	amco_input_state_to_q_grad_rms_ratio:  0.0429	amco_input_state_weight_grad_norm:  0.0027
amco_input_state_weight_grad_rms:  0.0000	amco_layer_0_activation_slope_mean:  0.4702	amco_layer_0_activation_slope_p10:  0.4112	amco_layer_0_nonpositive_frac:  0.7499
amco_layer_0_preactivation_mean: -0.0579	amco_layer_0_preactivation_std:  0.0969	amco_layer_1_activation_slope_mean:  0.4913	amco_layer_1_activation_slope_p10:  0.3872
amco_layer_1_nonpositive_frac:  0.7331	amco_layer_1_preactivation_mean:  0.0012	amco_layer_1_preactivation_std:  0.1971	amco_layer_2_activation_slope_mean:  0.5082
amco_layer_2_activation_slope_p10:  0.4193	amco_layer_2_nonpositive_frac:  0.7428	amco_layer_2_preactivation_mean:  0.0601	amco_layer_2_preactivation_std:  0.2534
amco_mixing_output_rms:    0.9679	amco_pre_activation_nonpositive_frac:  0.7419	amco_q_term_rms:           0.2524	amco_state_credit_delta:   0.0233
amco_state_credit_share_delta:  0.0039	amco_state_encoder_grad_norm:  0.0040	amco_state_encoder_grad_rms:  0.0000	amco_state_term_rms:       0.0655
amco_state_to_q_ratio:     0.2606	amco_state_value_rms:      4.3184	amco_v_to_m_ratio:         4.4849	battle_won_mean:           0.1905
credit_entropy:            0.9879	credit_grad_agent_0:       0.3767	credit_grad_agent_1:       0.3194	credit_grad_agent_2:       0.3710
credit_grad_agent_3:       0.4362	credit_grad_agent_4:       0.3766	credit_grad_agent_5:       0.4146	credit_grad_agent_6:       0.4261
credit_grad_agent_7:       0.4120	credit_grad_agent_8:       0.3792	credit_grad_agent_9:       0.7287	credit_grad_cv:            0.2734
credit_grad_max:           0.9380	credit_grad_mean:          0.4240	credit_grad_median:        0.3969	credit_grad_min:           0.1970
credit_grad_near_zero_frac:  0.0000	credit_grad_negative_frac:  0.0000	credit_grad_p10:           0.3208	credit_grad_p90:           0.5402
credit_grad_std:           0.1159	credit_max_share:          0.1719	dead_allies_mean:          8.6418	dead_enemies_mean:         8.4474
ep_length_mean:           95.2027	epsilon:                   0.0500	grad_norm:                 1.4695	loss:                      0.0783
q_taken_mean:              0.3109	return_mean:              13.0797	return_std:                3.6189	target_mean:               0.3161
td_error_abs:              0.1504	test_battle_won_mean:      0.4000	test_dead_allies_mean:     7.7812	test_dead_enemies_mean:   10.0000
test_ep_length_mean:      84.4562	test_return_mean:         15.4421	test_return_std:           3.8504	
[INFO 19:32:26] my_main Updated target network
[INFO 19:32:51] my_main t_env: 1518356 / 2050000
[INFO 19:32:51] my_main Estimated time left: 3 hours, 21 minutes, 59 seconds. Time passed: 8 hours, 47 minutes, 7 seconds
[INFO 19:33:30] my_main Recent Stats | t_env:    1518356 | Episode:    22215
amco_input_q_weight_grad_norm:  0.0210	amco_input_q_weight_grad_rms:  0.0007	amco_input_state_to_q_grad_rms_ratio:  0.0509	amco_input_state_weight_grad_norm:  0.0026
amco_input_state_weight_grad_rms:  0.0000	amco_layer_0_activation_slope_mean:  0.4710	amco_layer_0_activation_slope_p10:  0.4108	amco_layer_0_nonpositive_frac:  0.7443
amco_layer_0_preactivation_mean: -0.0558	amco_layer_0_preactivation_std:  0.0996	amco_layer_1_activation_slope_mean:  0.4921	amco_layer_1_activation_slope_p10:  0.3851
amco_layer_1_nonpositive_frac:  0.7308	amco_layer_1_preactivation_mean:  0.0049	amco_layer_1_preactivation_std:  0.2041	amco_layer_2_activation_slope_mean:  0.5087
amco_layer_2_activation_slope_p10:  0.4180	amco_layer_2_nonpositive_frac:  0.7330	amco_layer_2_preactivation_mean:  0.0647	amco_layer_2_preactivation_std:  0.2627
amco_mixing_output_rms:    1.0014	amco_pre_activation_nonpositive_frac:  0.7360	amco_q_term_rms:           0.2598	amco_state_credit_delta:   0.0235
amco_state_credit_share_delta:  0.0040	amco_state_encoder_grad_norm:  0.0038	amco_state_encoder_grad_rms:  0.0000	amco_state_term_rms:       0.0672
amco_state_to_q_ratio:     0.2594	amco_state_value_rms:      4.3595	amco_v_to_m_ratio:         4.3636	battle_won_mean:           0.2085
credit_entropy:            0.9877	credit_grad_agent_0:       0.3727	credit_grad_agent_1:       0.3173	credit_grad_agent_2:       0.3699
credit_grad_agent_3:       0.4368	credit_grad_agent_4:       0.3744	credit_grad_agent_5:       0.4133	credit_grad_agent_6:       0.4247
credit_grad_agent_7:       0.4106	credit_grad_agent_8:       0.3806	credit_grad_agent_9:       0.7294	credit_grad_cv:            0.2762
credit_grad_max:           0.9497	credit_grad_mean:          0.4230	credit_grad_median:        0.3957	credit_grad_min:           0.1910
credit_grad_near_zero_frac:  0.0000	credit_grad_negative_frac:  0.0000	credit_grad_p10:           0.3189	credit_grad_p90:           0.5440
credit_grad_std:           0.1168	credit_max_share:          0.1725	dead_allies_mean:          8.5875	dead_enemies_mean:         8.4909
ep_length_mean:           93.8286	epsilon:                   0.0500	grad_norm:                 1.2586	loss:                      0.0768
q_taken_mean:              0.3151	return_mean:              13.1888	return_std:                3.7148	target_mean:               0.3201
td_error_abs:              0.1482	test_battle_won_mean:      0.4125	test_dead_allies_mean:     7.8250	test_dead_enemies_mean:   10.0125
test_ep_length_mean:      83.7313	test_return_mean:         15.5912	test_return_std:           3.7755	
[INFO 19:36:35] my_main t_env: 1528500 / 2050000
[INFO 19:36:35] my_main Estimated time left: 3 hours, 11 minutes, 36 seconds. Time passed: 8 hours, 50 minutes, 51 seconds
[INFO 19:37:06] my_main Recent Stats | t_env:    1528500 | Episode:    22323
amco_input_q_weight_grad_norm:  0.0261	amco_input_q_weight_grad_rms:  0.0008	amco_input_state_to_q_grad_rms_ratio:  0.0386	amco_input_state_weight_grad_norm:  0.0029
amco_input_state_weight_grad_rms:  0.0000	amco_layer_0_activation_slope_mean:  0.4736	amco_layer_0_activation_slope_p10:  0.4135	amco_layer_0_nonpositive_frac:  0.7313
amco_layer_0_preactivation_mean: -0.0499	amco_layer_0_preactivation_std:  0.1001	amco_layer_1_activation_slope_mean:  0.4951	amco_layer_1_activation_slope_p10:  0.3858
amco_layer_1_nonpositive_frac:  0.7155	amco_layer_1_preactivation_mean:  0.0128	amco_layer_1_preactivation_std:  0.2104	amco_layer_2_activation_slope_mean:  0.5114
amco_layer_2_activation_slope_p10:  0.4182	amco_layer_2_nonpositive_frac:  0.7172	amco_layer_2_preactivation_mean:  0.0738	amco_layer_2_preactivation_std:  0.2739
amco_mixing_output_rms:    1.0366	amco_pre_activation_nonpositive_frac:  0.7213	amco_q_term_rms:           0.2655	amco_state_credit_delta:   0.0241
amco_state_credit_share_delta:  0.0041	amco_state_encoder_grad_norm:  0.0040	amco_state_encoder_grad_rms:  0.0000	amco_state_term_rms:       0.0662
amco_state_to_q_ratio:     0.2496	amco_state_value_rms:      4.4211	amco_v_to_m_ratio:         4.2809	battle_won_mean:           0.1998
credit_entropy:            0.9876	credit_grad_agent_0:       0.3685	credit_grad_agent_1:       0.3185	credit_grad_agent_2:       0.3707
credit_grad_agent_3:       0.4383	credit_grad_agent_4:       0.3748	credit_grad_agent_5:       0.4128	credit_grad_agent_6:       0.4246
credit_grad_agent_7:       0.4093	credit_grad_agent_8:       0.3835	credit_grad_agent_9:       0.7315	credit_grad_cv:            0.2789
credit_grad_max:           0.9587	credit_grad_mean:          0.4232	credit_grad_median:        0.3960	credit_grad_min:           0.1896
credit_grad_near_zero_frac:  0.0000	credit_grad_negative_frac:  0.0000	credit_grad_p10:           0.3184	credit_grad_p90:           0.5453
credit_grad_std:           0.1180	credit_max_share:          0.1729	dead_allies_mean:          8.6692	dead_enemies_mean:         8.5314
ep_length_mean:           94.1477	epsilon:                   0.0500	grad_norm:                 1.5305	loss:                      0.0823
q_taken_mean:              0.3243	return_mean:              13.1381	return_std:                3.6852	target_mean:               0.3284
td_error_abs:              0.1550	test_battle_won_mean:      0.4625	test_dead_allies_mean:     7.5625	test_dead_enemies_mean:   10.0813
test_ep_length_mean:      82.5625	test_return_mean:         15.8470	test_return_std:           3.7464	
[INFO 19:39:16] my_main Updated target network
[INFO 19:40:18] my_main t_env: 1538532 / 2050000
[INFO 19:40:18] my_main Estimated time left: 3 hours, 9 minutes, 51 seconds. Time passed: 8 hours, 54 minutes, 34 seconds
[INFO 19:41:05] my_main Recent Stats | t_env:    1538532 | Episode:    22442
amco_input_q_weight_grad_norm:  0.0303	amco_input_q_weight_grad_rms:  0.0010	amco_input_state_to_q_grad_rms_ratio:  0.0376	amco_input_state_weight_grad_norm:  0.0033
amco_input_state_weight_grad_rms:  0.0000	amco_layer_0_activation_slope_mean:  0.4726	amco_layer_0_activation_slope_p10:  0.4120	amco_layer_0_nonpositive_frac:  0.7334
amco_layer_0_preactivation_mean: -0.0517	amco_layer_0_preactivation_std:  0.1012	amco_layer_1_activation_slope_mean:  0.4938	amco_layer_1_activation_slope_p10:  0.3834
amco_layer_1_nonpositive_frac:  0.7195	amco_layer_1_preactivation_mean:  0.0112	amco_layer_1_preactivation_std:  0.2134	amco_layer_2_activation_slope_mean:  0.5102
amco_layer_2_activation_slope_p10:  0.4167	amco_layer_2_nonpositive_frac:  0.7225	amco_layer_2_preactivation_mean:  0.0723	amco_layer_2_preactivation_std:  0.2770
amco_mixing_output_rms:    1.0413	amco_pre_activation_nonpositive_frac:  0.7251	amco_q_term_rms:           0.2692	amco_state_credit_delta:   0.0250
amco_state_credit_share_delta:  0.0042	amco_state_encoder_grad_norm:  0.0049	amco_state_encoder_grad_rms:  0.0000	amco_state_term_rms:       0.0664
amco_state_to_q_ratio:     0.2476	amco_state_value_rms:      4.4077	amco_v_to_m_ratio:         4.2520	battle_won_mean:           0.1978
credit_entropy:            0.9874	credit_grad_agent_0:       0.3626	credit_grad_agent_1:       0.3148	credit_grad_agent_2:       0.3675
credit_grad_agent_3:       0.4358	credit_grad_agent_4:       0.3725	credit_grad_agent_5:       0.4098	credit_grad_agent_6:       0.4197
credit_grad_agent_7:       0.4056	credit_grad_agent_8:       0.3818	credit_grad_agent_9:       0.7284	credit_grad_cv:            0.2805
credit_grad_max:           0.9597	credit_grad_mean:          0.4199	credit_grad_median:        0.3931	credit_grad_min:           0.1860
credit_grad_near_zero_frac:  0.0000	credit_grad_negative_frac:  0.0000	credit_grad_p10:           0.3154	credit_grad_p90:           0.5436
credit_grad_std:           0.1178	credit_max_share:          0.1735	dead_allies_mean:          8.6675	dead_enemies_mean:         8.5408
ep_length_mean:           92.5147	epsilon:                   0.0500	grad_norm:                 1.8087	loss:                      0.0836
q_taken_mean:              0.3231	return_mean:              13.1153	return_std:                3.6393	target_mean:               0.3285
td_error_abs:              0.1584	test_battle_won_mean:      0.4250	test_dead_allies_mean:     7.6000	test_dead_enemies_mean:    9.9375
test_ep_length_mean:      85.6188	test_return_mean:         15.6594	test_return_std:           3.6921	
[INFO 19:44:22] my_main t_env: 1548582 / 2050000
[INFO 19:44:22] my_main Estimated time left: 3 hours, 22 minutes, 16 seconds. Time passed: 8 hours, 58 minutes, 37 seconds
[INFO 19:44:56] my_main Recent Stats | t_env:    1548582 | Episode:    22552
amco_input_q_weight_grad_norm:  0.0354	amco_input_q_weight_grad_rms:  0.0011	amco_input_state_to_q_grad_rms_ratio:  0.0406	amco_input_state_weight_grad_norm:  0.0041
amco_input_state_weight_grad_rms:  0.0000	amco_layer_0_activation_slope_mean:  0.4765	amco_layer_0_activation_slope_p10:  0.4162	amco_layer_0_nonpositive_frac:  0.7170
amco_layer_0_preactivation_mean: -0.0431	amco_layer_0_preactivation_std:  0.1018	amco_layer_1_activation_slope_mean:  0.4981	amco_layer_1_activation_slope_p10:  0.3844
amco_layer_1_nonpositive_frac:  0.6960	amco_layer_1_preactivation_mean:  0.0226	amco_layer_1_preactivation_std:  0.2220	amco_layer_2_activation_slope_mean:  0.5138
amco_layer_2_activation_slope_p10:  0.4172	amco_layer_2_nonpositive_frac:  0.7028	amco_layer_2_preactivation_mean:  0.0851	amco_layer_2_preactivation_std:  0.2919
amco_mixing_output_rms:    1.0898	amco_pre_activation_nonpositive_frac:  0.7053	amco_q_term_rms:           0.2766	amco_state_credit_delta:   0.0243
amco_state_credit_share_delta:  0.0041	amco_state_encoder_grad_norm:  0.0049	amco_state_encoder_grad_rms:  0.0000	amco_state_term_rms:       0.0646
amco_state_to_q_ratio:     0.2341	amco_state_value_rms:      4.5057	amco_v_to_m_ratio:         4.1437	battle_won_mean:           0.2111
credit_entropy:            0.9872	credit_grad_agent_0:       0.3604	credit_grad_agent_1:       0.3133	credit_grad_agent_2:       0.3674
credit_grad_agent_3:       0.4342	credit_grad_agent_4:       0.3737	credit_grad_agent_5:       0.4104	credit_grad_agent_6:       0.4192
credit_grad_agent_7:       0.4032	credit_grad_agent_8:       0.3817	credit_grad_agent_9:       0.7304	credit_grad_cv:            0.2839
credit_grad_max:           0.9654	credit_grad_mean:          0.4194	credit_grad_median:        0.3929	credit_grad_min:           0.1800
credit_grad_near_zero_frac:  0.0000	credit_grad_negative_frac:  0.0000	credit_grad_p10:           0.3136	credit_grad_p90:           0.5446
credit_grad_std:           0.1191	credit_max_share:          0.1742	dead_allies_mean:          8.5562	dead_enemies_mean:         8.6763
ep_length_mean:           92.9177	epsilon:                   0.0500	grad_norm:                 1.9360	loss:                      0.0893
q_taken_mean:              0.3367	return_mean:              13.3691	return_std:                3.6843	target_mean:               0.3428
td_error_abs:              0.1662	test_battle_won_mean:      0.4062	test_dead_allies_mean:     7.7687	test_dead_enemies_mean:    9.8688
test_ep_length_mean:      86.3312	test_return_mean:         15.4917	test_return_std:           3.5962	
[INFO 19:46:35] my_main Updated target network
RequestQuit command received.
Closing Application...
DataHandler: unable to parse websocket frame.
CloseHandler: 127.0.0.1:60848 disconnected
[INFO 19:46:52] absl Shutdown gracefully.
[INFO 19:46:52] absl Shutdown with return code: -15
[INFO 19:46:52] absl Launching SC2: /data/workspace/wxr/pymarl-monotone-qmix/3rdparty/StarCraftII/Versions/Base75689/SC2_x64 -listen 127.0.0.1 -port 41549 -dataDir /data/workspace/wxr/pymarl-monotone-qmix/3rdparty/StarCraftII/ -tempDir /tmp/sc-bbpdbzur/
Version: B75689 (SC2.4.10)
Build: Aug 12 2019 17:16:57
Command Line: '"/data/workspace/wxr/pymarl-monotone-qmix/3rdparty/StarCraftII/Versions/Base75689/SC2_x64" -listen 127.0.0.1 -port 41549 -dataDir /data/workspace/wxr/pymarl-monotone-qmix/3rdparty/StarCraftII/ -tempDir /tmp/sc-bbpdbzur/'
[INFO 19:46:52] absl Connecting to: ws://127.0.0.1:41549/sc2api, attempt: 0, running: True
Starting up...
Startup Phase 1 complete
[INFO 19:46:53] absl Connecting to: ws://127.0.0.1:41549/sc2api, attempt: 1, running: True
Startup Phase 2 complete
Creating stub renderer...
Listening on: 127.0.0.1:41549
Startup Phase 3 complete. Ready for commands.
[INFO 19:46:54] absl Connecting to: ws://127.0.0.1:41549/sc2api, attempt: 2, running: True
ConnectHandler: Request from 127.0.0.1:48518 accepted
ReadyHandler: 127.0.0.1:48518 ready
Requesting to join a single player game
Configuring interface options
Configure: raw interface enabled
Configure: feature layer interface disabled
Configure: score interface disabled
Configure: render interface disabled
Launching next game.
Next launch phase started: 2
Next launch phase started: 3
Next launch phase started: 4
Next launch phase started: 5
Next launch phase started: 6
Next launch phase started: 7
Next launch phase started: 8
Game has started.
Using default stable ids, none found at: /data/workspace/wxr/pymarl-monotone-qmix/3rdparty/StarCraftII/stableid.json
Successfully loaded stable ids: GameData\stableid.json
Sending ResponseJoinGame
[INFO 19:48:40] my_main t_env: 1558757 / 2050000
[INFO 19:48:40] my_main Estimated time left: 3 hours, 27 minutes, 44 seconds. Time passed: 9 hours, 2 minutes, 56 seconds
[INFO 19:49:19] my_main Recent Stats | t_env:    1558757 | Episode:    22670
amco_input_q_weight_grad_norm:  0.0277	amco_input_q_weight_grad_rms:  0.0009	amco_input_state_to_q_grad_rms_ratio:  0.0358	amco_input_state_weight_grad_norm:  0.0030
amco_input_state_weight_grad_rms:  0.0000	amco_layer_0_activation_slope_mean:  0.4773	amco_layer_0_activation_slope_p10:  0.4159	amco_layer_0_nonpositive_frac:  0.7087
amco_layer_0_preactivation_mean: -0.0416	amco_layer_0_preactivation_std:  0.1035	amco_layer_1_activation_slope_mean:  0.4989	amco_layer_1_activation_slope_p10:  0.3833
amco_layer_1_nonpositive_frac:  0.6855	amco_layer_1_preactivation_mean:  0.0249	amco_layer_1_preactivation_std:  0.2259	amco_layer_2_activation_slope_mean:  0.5145
amco_layer_2_activation_slope_p10:  0.4162	amco_layer_2_nonpositive_frac:  0.6888	amco_layer_2_preactivation_mean:  0.0881	amco_layer_2_preactivation_std:  0.2991
amco_mixing_output_rms:    1.1116	amco_pre_activation_nonpositive_frac:  0.6944	amco_q_term_rms:           0.2782	amco_state_credit_delta:   0.0262
amco_state_credit_share_delta:  0.0045	amco_state_encoder_grad_norm:  0.0043	amco_state_encoder_grad_rms:  0.0000	amco_state_term_rms:       0.0658
amco_state_to_q_ratio:     0.2372	amco_state_value_rms:      4.5537	amco_v_to_m_ratio:         4.1015	battle_won_mean:           0.2402
credit_entropy:            0.9871	credit_grad_agent_0:       0.3623	credit_grad_agent_1:       0.3161	credit_grad_agent_2:       0.3723
credit_grad_agent_3:       0.4395	credit_grad_agent_4:       0.3787	credit_grad_agent_5:       0.4151	credit_grad_agent_6:       0.4248
credit_grad_agent_7:       0.4060	credit_grad_agent_8:       0.3852	credit_grad_agent_9:       0.7385	credit_grad_cv:            0.2853
credit_grad_max:           0.9745	credit_grad_mean:          0.4238	credit_grad_median:        0.3972	credit_grad_min:           0.1811
credit_grad_near_zero_frac:  0.0000	credit_grad_negative_frac:  0.0000	credit_grad_p10:           0.3161	credit_grad_p90:           0.5517
credit_grad_std:           0.1209	credit_max_share:          0.1743	dead_allies_mean:          8.4228	dead_enemies_mean:         8.8827
ep_length_mean:           89.4308	epsilon:                   0.0500	grad_norm:                 1.5862	loss:                      0.0825
q_taken_mean:              0.3426	return_mean:              13.6468	return_std:                3.7925	target_mean:               0.3447
td_error_abs:              0.1589	test_battle_won_mean:      0.3812	test_dead_allies_mean:     7.8312	test_dead_enemies_mean:    9.6937
test_ep_length_mean:      86.4750	test_return_mean:         15.2084	test_return_std:           3.6453	
[INFO 19:52:35] my_main t_env: 1568880 / 2050000
[INFO 19:52:35] my_main Estimated time left: 3 hours, 6 minutes, 23 seconds. Time passed: 9 hours, 6 minutes, 51 seconds
[INFO 19:53:14] my_main Recent Stats | t_env:    1568880 | Episode:    22781
amco_input_q_weight_grad_norm:  0.0282	amco_input_q_weight_grad_rms:  0.0009	amco_input_state_to_q_grad_rms_ratio:  0.0325	amco_input_state_weight_grad_norm:  0.0030
amco_input_state_weight_grad_rms:  0.0000	amco_layer_0_activation_slope_mean:  0.4767	amco_layer_0_activation_slope_p10:  0.4146	amco_layer_0_nonpositive_frac:  0.7087
amco_layer_0_preactivation_mean: -0.0428	amco_layer_0_preactivation_std:  0.1048	amco_layer_1_activation_slope_mean:  0.4981	amco_layer_1_activation_slope_p10:  0.3803
amco_layer_1_nonpositive_frac:  0.6799	amco_layer_1_preactivation_mean:  0.0240	amco_layer_1_preactivation_std:  0.2305	amco_layer_2_activation_slope_mean:  0.5135
amco_layer_2_activation_slope_p10:  0.4138	amco_layer_2_nonpositive_frac:  0.6933	amco_layer_2_preactivation_mean:  0.0874	amco_layer_2_preactivation_std:  0.3065
amco_mixing_output_rms:    1.1279	amco_pre_activation_nonpositive_frac:  0.6940	amco_q_term_rms:           0.2811	amco_state_credit_delta:   0.0264
amco_state_credit_share_delta:  0.0045	amco_state_encoder_grad_norm:  0.0044	amco_state_encoder_grad_rms:  0.0000	amco_state_term_rms:       0.0658
amco_state_to_q_ratio:     0.2344	amco_state_value_rms:      4.5084	amco_v_to_m_ratio:         3.9967	battle_won_mean:           0.2348
credit_entropy:            0.9871	credit_grad_agent_0:       0.3603	credit_grad_agent_1:       0.3167	credit_grad_agent_2:       0.3734
credit_grad_agent_3:       0.4413	credit_grad_agent_4:       0.3810	credit_grad_agent_5:       0.4146	credit_grad_agent_6:       0.4260
credit_grad_agent_7:       0.4066	credit_grad_agent_8:       0.3834	credit_grad_agent_9:       0.7394	credit_grad_cv:            0.2851
credit_grad_max:           0.9878	credit_grad_mean:          0.4243	credit_grad_median:        0.3972	credit_grad_min:           0.1795
credit_grad_near_zero_frac:  0.0000	credit_grad_negative_frac:  0.0000	credit_grad_p10:           0.3167	credit_grad_p90:           0.5562
credit_grad_std:           0.1210	credit_max_share:          0.1743	dead_allies_mean:          8.4354	dead_enemies_mean:         8.9079
ep_length_mean:           89.4038	epsilon:                   0.0500	grad_norm:                 1.6157	loss:                      0.0829
q_taken_mean:              0.3385	return_mean:              13.6240	return_std:                3.7579	target_mean:               0.3398
td_error_abs:              0.1577	test_battle_won_mean:      0.3312	test_dead_allies_mean:     7.9938	test_dead_enemies_mean:    9.5312
test_ep_length_mean:      86.2062	test_return_mean:         14.6957	test_return_std:           3.5541	
[INFO 19:53:48] my_main Updated target network
[INFO 19:56:22] my_main t_env: 1578944 / 2050000
[INFO 19:56:22] my_main Estimated time left: 2 hours, 57 minutes, 9 seconds. Time passed: 9 hours, 10 minutes, 38 seconds
[INFO 19:57:03] my_main Recent Stats | t_env:    1578944 | Episode:    22892
amco_input_q_weight_grad_norm:  0.0255	amco_input_q_weight_grad_rms:  0.0008	amco_input_state_to_q_grad_rms_ratio:  0.0362	amco_input_state_weight_grad_norm:  0.0029
amco_input_state_weight_grad_rms:  0.0000	amco_layer_0_activation_slope_mean:  0.4716	amco_layer_0_activation_slope_p10:  0.4100	amco_layer_0_nonpositive_frac:  0.7282
amco_layer_0_preactivation_mean: -0.0537	amco_layer_0_preactivation_std:  0.1037	amco_layer_1_activation_slope_mean:  0.4925	amco_layer_1_activation_slope_p10:  0.3754
amco_layer_1_nonpositive_frac:  0.7020	amco_layer_1_preactivation_mean:  0.0098	amco_layer_1_preactivation_std:  0.2269	amco_layer_2_activation_slope_mean:  0.5082
amco_layer_2_activation_slope_p10:  0.4103	amco_layer_2_nonpositive_frac:  0.7117	amco_layer_2_preactivation_mean:  0.0717	amco_layer_2_preactivation_std:  0.2986
amco_mixing_output_rms:    1.0955	amco_pre_activation_nonpositive_frac:  0.7139	amco_q_term_rms:           0.2770	amco_state_credit_delta:   0.0269
amco_state_credit_share_delta:  0.0046	amco_state_encoder_grad_norm:  0.0047	amco_state_encoder_grad_rms:  0.0000	amco_state_term_rms:       0.0657
amco_state_to_q_ratio:     0.2382	amco_state_value_rms:      4.4377	amco_v_to_m_ratio:         4.0577	battle_won_mean:           0.2442
credit_entropy:            0.9868	credit_grad_agent_0:       0.3606	credit_grad_agent_1:       0.3183	credit_grad_agent_2:       0.3750
credit_grad_agent_3:       0.4448	credit_grad_agent_4:       0.3843	credit_grad_agent_5:       0.4154	credit_grad_agent_6:       0.4288
credit_grad_agent_7:       0.4123	credit_grad_agent_8:       0.3832	credit_grad_agent_9:       0.7466	credit_grad_cv:            0.2862
credit_grad_max:           0.9987	credit_grad_mean:          0.4269	credit_grad_median:        0.3995	credit_grad_min:           0.1785
credit_grad_near_zero_frac:  0.0000	credit_grad_negative_frac:  0.0000	credit_grad_p10:           0.3188	credit_grad_p90:           0.5625
credit_grad_std:           0.1222	credit_max_share:          0.1749	dead_allies_mean:          8.3444	dead_enemies_mean:         8.9884
ep_length_mean:           88.7520	epsilon:                   0.0500	grad_norm:                 1.3774	loss:                      0.0775
q_taken_mean:              0.3272	return_mean:              13.7490	return_std:                3.7629	target_mean:               0.3297
td_error_abs:              0.1525	test_battle_won_mean:      0.2687	test_dead_allies_mean:     8.3000	test_dead_enemies_mean:    9.4187
test_ep_length_mean:      91.0062	test_return_mean:         14.3180	test_return_std:           3.5802	
[INFO 20:00:07] my_main Updated target network
[INFO 20:00:21] my_main t_env: 1588995 / 2050000
[INFO 20:00:21] my_main Estimated time left: 3 hours, 2 minutes, 38 seconds. Time passed: 9 hours, 14 minutes, 37 seconds
[INFO 20:00:45] my_main Recent Stats | t_env:    1588995 | Episode:    23012
amco_input_q_weight_grad_norm:  0.0329	amco_input_q_weight_grad_rms:  0.0011	amco_input_state_to_q_grad_rms_ratio:  0.0343	amco_input_state_weight_grad_norm:  0.0031
amco_input_state_weight_grad_rms:  0.0000	amco_layer_0_activation_slope_mean:  0.4745	amco_layer_0_activation_slope_p10:  0.4124	amco_layer_0_nonpositive_frac:  0.7203
amco_layer_0_preactivation_mean: -0.0475	amco_layer_0_preactivation_std:  0.1046	amco_layer_1_activation_slope_mean:  0.4954	amco_layer_1_activation_slope_p10:  0.3767
amco_layer_1_nonpositive_frac:  0.6941	amco_layer_1_preactivation_mean:  0.0183	amco_layer_1_preactivation_std:  0.2319	amco_layer_2_activation_slope_mean:  0.5106
amco_layer_2_activation_slope_p10:  0.4114	amco_layer_2_nonpositive_frac:  0.7010	amco_layer_2_preactivation_mean:  0.0817	amco_layer_2_preactivation_std:  0.3082
amco_mixing_output_rms:    1.1345	amco_pre_activation_nonpositive_frac:  0.7051	amco_q_term_rms:           0.2798	amco_state_credit_delta:   0.0271
amco_state_credit_share_delta:  0.0046	amco_state_encoder_grad_norm:  0.0052	amco_state_encoder_grad_rms:  0.0000	amco_state_term_rms:       0.0667
amco_state_to_q_ratio:     0.2395	amco_state_value_rms:      4.4517	amco_v_to_m_ratio:         3.9518	battle_won_mean:           0.2655
credit_entropy:            0.9866	credit_grad_agent_0:       0.3631	credit_grad_agent_1:       0.3219	credit_grad_agent_2:       0.3808
credit_grad_agent_3:       0.4517	credit_grad_agent_4:       0.3931	credit_grad_agent_5:       0.4191	credit_grad_agent_6:       0.4343
credit_grad_agent_7:       0.4201	credit_grad_agent_8:       0.3859	credit_grad_agent_9:       0.7598	credit_grad_cv:            0.2887
credit_grad_max:           1.0196	credit_grad_mean:          0.4330	credit_grad_median:        0.4051	credit_grad_min:           0.1781
credit_grad_near_zero_frac:  0.0000	credit_grad_negative_frac:  0.0000	credit_grad_p10:           0.3225	credit_grad_p90:           0.5738
credit_grad_std:           0.1250	credit_max_share:          0.1755	dead_allies_mean:          8.2418	dead_enemies_mean:         9.0941
ep_length_mean:           88.6431	epsilon:                   0.0500	grad_norm:                 1.6687	loss:                      0.0865
q_taken_mean:              0.3292	return_mean:              13.9173	return_std:                3.8250	target_mean:               0.3275
td_error_abs:              0.1577	test_battle_won_mean:      0.2687	test_dead_allies_mean:     8.4500	test_dead_enemies_mean:    9.4187
test_ep_length_mean:      83.2000	test_return_mean:         14.2352	test_return_std:           3.5508	
[INFO 20:03:44] my_main t_env: 1599053 / 2050000
[INFO 20:03:44] my_main Estimated time left: 2 hours, 31 minutes, 37 seconds. Time passed: 9 hours, 18 minutes, 0 seconds
[INFO 20:04:28] my_main Recent Stats | t_env:    1599053 | Episode:    23114
amco_input_q_weight_grad_norm:  0.0237	amco_input_q_weight_grad_rms:  0.0008	amco_input_state_to_q_grad_rms_ratio:  0.0365	amco_input_state_weight_grad_norm:  0.0021
amco_input_state_weight_grad_rms:  0.0000	amco_layer_0_activation_slope_mean:  0.4749	amco_layer_0_activation_slope_p10:  0.4115	amco_layer_0_nonpositive_frac:  0.7164
amco_layer_0_preactivation_mean: -0.0466	amco_layer_0_preactivation_std:  0.1073	amco_layer_1_activation_slope_mean:  0.4960	amco_layer_1_activation_slope_p10:  0.3756
amco_layer_1_nonpositive_frac:  0.6949	amco_layer_1_preactivation_mean:  0.0202	amco_layer_1_preactivation_std:  0.2362	amco_layer_2_activation_slope_mean:  0.5110
amco_layer_2_activation_slope_p10:  0.4105	amco_layer_2_nonpositive_frac:  0.6905	amco_layer_2_preactivation_mean:  0.0846	amco_layer_2_preactivation_std:  0.3155
amco_mixing_output_rms:    1.1585	amco_pre_activation_nonpositive_frac:  0.7006	amco_q_term_rms:           0.2835	amco_state_credit_delta:   0.0299
amco_state_credit_share_delta:  0.0051	amco_state_encoder_grad_norm:  0.0051	amco_state_encoder_grad_rms:  0.0000	amco_state_term_rms:       0.0704
amco_state_to_q_ratio:     0.2490	amco_state_value_rms:      4.4997	amco_v_to_m_ratio:         3.9133	battle_won_mean:           0.2652
credit_entropy:            0.9866	credit_grad_agent_0:       0.3668	credit_grad_agent_1:       0.3236	credit_grad_agent_2:       0.3841
credit_grad_agent_3:       0.4578	credit_grad_agent_4:       0.3975	credit_grad_agent_5:       0.4214	credit_grad_agent_6:       0.4378
credit_grad_agent_7:       0.4265	credit_grad_agent_8:       0.3874	credit_grad_agent_9:       0.7657	credit_grad_cv:            0.2896
credit_grad_max:           1.0460	credit_grad_mean:          0.4368	credit_grad_median:        0.4089	credit_grad_min:           0.1819
credit_grad_near_zero_frac:  0.0000	credit_grad_negative_frac:  0.0000	credit_grad_p10:           0.3244	credit_grad_p90:           0.5809
credit_grad_std:           0.1265	credit_max_share:          0.1753	dead_allies_mean:          8.2391	dead_enemies_mean:         9.1577
ep_length_mean:           90.0920	epsilon:                   0.0500	grad_norm:                 1.2688	loss:                      0.0796
q_taken_mean:              0.3337	return_mean:              13.9350	return_std:                3.7772	target_mean:               0.3301
td_error_abs:              0.1508	test_battle_won_mean:      0.2812	test_dead_allies_mean:     8.2750	test_dead_enemies_mean:    9.5563
test_ep_length_mean:      84.1875	test_return_mean:         14.4911	test_return_std:           3.5470	
DataHandler: unable to parse websocket frame.
CloseHandler: 127.0.0.1:48518 disconnected
[INFO 20:06:48] absl Shutdown gracefully.
[INFO 20:06:48] absl Shutdown with return code: -15
[INFO 20:06:48] absl Launching SC2: /data/workspace/wxr/pymarl-monotone-qmix/3rdparty/StarCraftII/Versions/Base75689/SC2_x64 -listen 127.0.0.1 -port 39401 -dataDir /data/workspace/wxr/pymarl-monotone-qmix/3rdparty/StarCraftII/ -tempDir /tmp/sc-0ncls9xn/
Version: B75689 (SC2.4.10)
Build: Aug 12 2019 17:16:57
Command Line: '"/data/workspace/wxr/pymarl-monotone-qmix/3rdparty/StarCraftII/Versions/Base75689/SC2_x64" -listen 127.0.0.1 -por[INFO 20:06:49] absl Connecting to: ws://127.0.0.1:39401/sc2api, attempt: 0, running: True
t 39401 -dataDir /data/workspace/wxr/pymarl-monotone-qmix/3rdparty/StarCraftII/ -tempDir /tmp/sc-0ncls9xn/'
Starting up...
Startup Phase 1 complete
[INFO 20:06:50] absl Connecting to: ws://127.0.0.1:39401/sc2api, attempt: 1, running: True
Startup Phase 2 complete
Creating stub renderer...
[INFO 20:06:51] absl Connecting to: ws://127.0.0.1:39401/sc2api, attempt: 2, running: True
Listening on: 127.0.0.1:39401
Startup Phase 3 complete. Ready for commands.
[INFO 20:06:52] absl Connecting to: ws://127.0.0.1:39401/sc2api, attempt: 3, running: True
ConnectHandler: Request from 127.0.0.1:33634 accepted
ReadyHandler: 127.0.0.1:33634 ready
Requesting to join a single player game
Configuring interface options
Configure: raw interface enabled
Configure: feature layer interface disabled
Configure: score interface disabled
Configure: render interface disabled
Launching next game.
Next launch phase started: 2
Next launch phase started: 3
Next launch phase started: 4
Next launch phase started: 5
Next launch phase started: 6
Next launch phase started: 7
Next launch phase started: 8
Game has started.
Using default stable ids, none found at: /data/workspace/wxr/pymarl-monotone-qmix/3rdparty/StarCraftII/stableid.json
Successfully loaded stable ids: GameData\stableid.json
Sending ResponseJoinGame
[INFO 20:06:59] my_main Updated target network
[INFO 20:08:06] my_main t_env: 1609172 / 2050000
[INFO 20:08:06] my_main Estimated time left: 3 hours, 10 minutes, 18 seconds. Time passed: 9 hours, 22 minutes, 22 seconds
[INFO 20:08:45] my_main Recent Stats | t_env:    1609172 | Episode:    23239
amco_input_q_weight_grad_norm:  0.0261	amco_input_q_weight_grad_rms:  0.0008	amco_input_state_to_q_grad_rms_ratio:  0.0381	amco_input_state_weight_grad_norm:  0.0023
amco_input_state_weight_grad_rms:  0.0000	amco_layer_0_activation_slope_mean:  0.4736	amco_layer_0_activation_slope_p10:  0.4086	amco_layer_0_nonpositive_frac:  0.7233
amco_layer_0_preactivation_mean: -0.0490	amco_layer_0_preactivation_std:  0.1111	amco_layer_1_activation_slope_mean:  0.4946	amco_layer_1_activation_slope_p10:  0.3718
amco_layer_1_nonpositive_frac:  0.7000	amco_layer_1_preactivation_mean:  0.0186	amco_layer_1_preactivation_std:  0.2423	amco_layer_2_activation_slope_mean:  0.5092
amco_layer_2_activation_slope_p10:  0.4072	amco_layer_2_nonpositive_frac:  0.6985	amco_layer_2_preactivation_mean:  0.0837	amco_layer_2_preactivation_std:  0.3250
amco_mixing_output_rms:    1.1872	amco_pre_activation_nonpositive_frac:  0.7073	amco_q_term_rms:           0.2896	amco_state_credit_delta:   0.0311
amco_state_credit_share_delta:  0.0052	amco_state_encoder_grad_norm:  0.0069	amco_state_encoder_grad_rms:  0.0000	amco_state_term_rms:       0.0732
amco_state_to_q_ratio:     0.2531	amco_state_value_rms:      4.5021	amco_v_to_m_ratio:         3.8206	battle_won_mean:           0.2843
credit_entropy:            0.9864	credit_grad_agent_0:       0.3710	credit_grad_agent_1:       0.3257	credit_grad_agent_2:       0.3865
credit_grad_agent_3:       0.4652	credit_grad_agent_4:       0.4020	credit_grad_agent_5:       0.4239	credit_grad_agent_6:       0.4411
credit_grad_agent_7:       0.4306	credit_grad_agent_8:       0.3884	credit_grad_agent_9:       0.7751	credit_grad_cv:            0.2915
credit_grad_max:           1.0791	credit_grad_mean:          0.4409	credit_grad_median:        0.4117	credit_grad_min:           0.1848
credit_grad_near_zero_frac:  0.0000	credit_grad_negative_frac:  0.0000	credit_grad_p10:           0.3270	credit_grad_p90:           0.5928
credit_grad_std:           0.1286	credit_max_share:          0.1758	dead_allies_mean:          8.1855	dead_enemies_mean:         9.2494
ep_length_mean:           89.0366	epsilon:                   0.0500	grad_norm:                 1.1163	loss:                      0.0799
q_taken_mean:              0.3326	return_mean:              14.1363	return_std:                3.7404	target_mean:               0.3304
td_error_abs:              0.1514	test_battle_won_mean:      0.3000	test_dead_allies_mean:     8.1438	test_dead_enemies_mean:    9.6687
test_ep_length_mean:      82.9375	test_return_mean:         14.6651	test_return_std:           3.4890	
[INFO 20:12:07] my_main t_env: 1619204 / 2050000
[INFO 20:12:07] my_main Estimated time left: 2 hours, 52 minutes, 7 seconds. Time passed: 9 hours, 26 minutes, 22 seconds
[INFO 20:12:35] my_main Recent Stats | t_env:    1619204 | Episode:    23349
amco_input_q_weight_grad_norm:  0.0310	amco_input_q_weight_grad_rms:  0.0010	amco_input_state_to_q_grad_rms_ratio:  0.0324	amco_input_state_weight_grad_norm:  0.0025
amco_input_state_weight_grad_rms:  0.0000	amco_layer_0_activation_slope_mean:  0.4717	amco_layer_0_activation_slope_p10:  0.4075	amco_layer_0_nonpositive_frac:  0.7301
amco_layer_0_preactivation_mean: -0.0531	amco_layer_0_preactivation_std:  0.1100	amco_layer_1_activation_slope_mean:  0.4923	amco_layer_1_activation_slope_p10:  0.3695
amco_layer_1_nonpositive_frac:  0.7145	amco_layer_1_preactivation_mean:  0.0128	amco_layer_1_preactivation_std:  0.2417	amco_layer_2_activation_slope_mean:  0.5070
amco_layer_2_activation_slope_p10:  0.4046	amco_layer_2_nonpositive_frac:  0.7021	amco_layer_2_preactivation_mean:  0.0772	amco_layer_2_preactivation_std:  0.3250
amco_mixing_output_rms:    1.1859	amco_pre_activation_nonpositive_frac:  0.7156	amco_q_term_rms:           0.2870	amco_state_credit_delta:   0.0315
amco_state_credit_share_delta:  0.0052	amco_state_encoder_grad_norm:  0.0090	amco_state_encoder_grad_rms:  0.0000	amco_state_term_rms:       0.0725
amco_state_to_q_ratio:     0.2528	amco_state_value_rms:      4.5422	amco_v_to_m_ratio:         3.8613	battle_won_mean:           0.3010
credit_entropy:            0.9861	credit_grad_agent_0:       0.3801	credit_grad_agent_1:       0.3328	credit_grad_agent_2:       0.3922
credit_grad_agent_3:       0.4789	credit_grad_agent_4:       0.4099	credit_grad_agent_5:       0.4313	credit_grad_agent_6:       0.4510
credit_grad_agent_7:       0.4402	credit_grad_agent_8:       0.3949	credit_grad_agent_9:       0.7974	credit_grad_cv:            0.2950
credit_grad_max:           1.1051	credit_grad_mean:          0.4509	credit_grad_median:        0.4198	credit_grad_min:           0.1933
credit_grad_near_zero_frac:  0.0000	credit_grad_negative_frac:  0.0000	credit_grad_p10:           0.3338	credit_grad_p90:           0.6092
credit_grad_std:           0.1330	credit_max_share:          0.1768	dead_allies_mean:          8.1176	dead_enemies_mean:         9.3037
ep_length_mean:           89.0370	epsilon:                   0.0500	grad_norm:                 1.2576	loss:                      0.0831
q_taken_mean:              0.3335	return_mean:              14.2920	return_std:                3.7442	target_mean:               0.3312
td_error_abs:              0.1548	test_battle_won_mean:      0.3563	test_dead_allies_mean:     7.9437	test_dead_enemies_mean:    9.9563
test_ep_length_mean:      81.6063	test_return_mean:         15.2834	test_return_std:           3.5296	
[INFO 20:14:10] my_main Updated target network
[INFO 20:15:59] my_main t_env: 1629242 / 2050000
[INFO 20:15:59] my_main Estimated time left: 2 hours, 42 minutes, 20 seconds. Time passed: 9 hours, 30 minutes, 15 seconds
[INFO 20:16:35] my_main Recent Stats | t_env:    1629242 | Episode:    23461
amco_input_q_weight_grad_norm:  0.0483	amco_input_q_weight_grad_rms:  0.0016	amco_input_state_to_q_grad_rms_ratio:  0.0299	amco_input_state_weight_grad_norm:  0.0047
amco_input_state_weight_grad_rms:  0.0000	amco_layer_0_activation_slope_mean:  0.4825	amco_layer_0_activation_slope_p10:  0.4149	amco_layer_0_nonpositive_frac:  0.6935
amco_layer_0_preactivation_mean: -0.0289	amco_layer_0_preactivation_std:  0.1175	amco_layer_1_activation_slope_mean:  0.5038	amco_layer_1_activation_slope_p10:  0.3745
amco_layer_1_nonpositive_frac:  0.6779	amco_layer_1_preactivation_mean:  0.0478	amco_layer_1_preactivation_std:  0.2638	amco_layer_2_activation_slope_mean:  0.5162
amco_layer_2_activation_slope_p10:  0.4077	amco_layer_2_nonpositive_frac:  0.6709	amco_layer_2_preactivation_mean:  0.1175	amco_layer_2_preactivation_std:  0.3652
amco_mixing_output_rms:    1.3242	amco_pre_activation_nonpositive_frac:  0.6808	amco_q_term_rms:           0.3063	amco_state_credit_delta:   0.0309
amco_state_credit_share_delta:  0.0051	amco_state_encoder_grad_norm:  0.0133	amco_state_encoder_grad_rms:  0.0001	amco_state_term_rms:       0.0761
amco_state_to_q_ratio:     0.2485	amco_state_value_rms:      4.7688	amco_v_to_m_ratio:         3.6394	battle_won_mean:           0.2951
credit_entropy:            0.9857	credit_grad_agent_0:       0.3867	credit_grad_agent_1:       0.3348	credit_grad_agent_2:       0.3950
credit_grad_agent_3:       0.4861	credit_grad_agent_4:       0.4139	credit_grad_agent_5:       0.4340	credit_grad_agent_6:       0.4544
credit_grad_agent_7:       0.4417	credit_grad_agent_8:       0.3976	credit_grad_agent_9:       0.8103	credit_grad_cv:            0.3003
credit_grad_max:           1.1354	credit_grad_mean:          0.4555	credit_grad_median:        0.4230	credit_grad_min:           0.1940
credit_grad_near_zero_frac:  0.0000	credit_grad_negative_frac:  0.0000	credit_grad_p10:           0.3351	credit_grad_p90:           0.6246
credit_grad_std:           0.1368	credit_max_share:          0.1778	dead_allies_mean:          8.1836	dead_enemies_mean:         9.2438
ep_length_mean:           88.8286	epsilon:                   0.0500	grad_norm:                 1.7984	loss:                      0.1018
q_taken_mean:              0.3680	return_mean:              14.1841	return_std:                3.7704	target_mean:               0.3637
td_error_abs:              0.1721	test_battle_won_mean:      0.3812	test_dead_allies_mean:     7.7750	test_dead_enemies_mean:    9.9812
test_ep_length_mean:      78.1375	test_return_mean:         15.4500	test_return_std:           3.5173	
[INFO 20:20:00] my_main t_env: 1639274 / 2050000
[INFO 20:20:00] my_main Estimated time left: 2 hours, 44 minutes, 10 seconds. Time passed: 9 hours, 34 minutes, 15 seconds
[INFO 20:20:44] my_main Recent Stats | t_env:    1639274 | Episode:    23577
amco_input_q_weight_grad_norm:  0.0469	amco_input_q_weight_grad_rms:  0.0015	amco_input_state_to_q_grad_rms_ratio:  0.0378	amco_input_state_weight_grad_norm:  0.0061
amco_input_state_weight_grad_rms:  0.0001	amco_layer_0_activation_slope_mean:  0.4815	amco_layer_0_activation_slope_p10:  0.4112	amco_layer_0_nonpositive_frac:  0.6808
amco_layer_0_preactivation_mean: -0.0320	amco_layer_0_preactivation_std:  0.1212	amco_layer_1_activation_slope_mean:  0.5037	amco_layer_1_activation_slope_p10:  0.3761
amco_layer_1_nonpositive_frac:  0.6655	amco_layer_1_preactivation_mean:  0.0435	amco_layer_1_preactivation_std:  0.2578	amco_layer_2_activation_slope_mean:  0.5168
amco_layer_2_activation_slope_p10:  0.4086	amco_layer_2_nonpositive_frac:  0.6711	amco_layer_2_preactivation_mean:  0.1116	amco_layer_2_preactivation_std:  0.3576
amco_mixing_output_rms:    1.2999	amco_pre_activation_nonpositive_frac:  0.6725	amco_q_term_rms:           0.2978	amco_state_credit_delta:   0.0345
amco_state_credit_share_delta:  0.0056	amco_state_encoder_grad_norm:  0.0132	amco_state_encoder_grad_rms:  0.0001	amco_state_term_rms:       0.0825
amco_state_to_q_ratio:     0.2801	amco_state_value_rms:      4.8295	amco_v_to_m_ratio:         3.7584	battle_won_mean:           0.2887
credit_entropy:            0.9851	credit_grad_agent_0:       0.3928	credit_grad_agent_1:       0.3401	credit_grad_agent_2:       0.3978
credit_grad_agent_3:       0.4946	credit_grad_agent_4:       0.4171	credit_grad_agent_5:       0.4382	credit_grad_agent_6:       0.4595
credit_grad_agent_7:       0.4448	credit_grad_agent_8:       0.4000	credit_grad_agent_9:       0.8300	credit_grad_cv:            0.3069
credit_grad_max:           1.1651	credit_grad_mean:          0.4615	credit_grad_median:        0.4267	credit_grad_min:           0.1972
credit_grad_near_zero_frac:  0.0000	credit_grad_negative_frac:  0.0000	credit_grad_p10:           0.3382	credit_grad_p90:           0.6367
credit_grad_std:           0.1418	credit_max_share:          0.1797	dead_allies_mean:          8.2359	dead_enemies_mean:         9.2670
ep_length_mean:           89.3735	epsilon:                   0.0500	grad_norm:                 1.8136	loss:                      0.1056
q_taken_mean:              0.3763	return_mean:              14.2108	return_std:                3.7136	target_mean:               0.3771
td_error_abs:              0.1785	test_battle_won_mean:      0.4000	test_dead_allies_mean:     7.6562	test_dead_enemies_mean:    9.9375
test_ep_length_mean:      85.7500	test_return_mean:         15.5066	test_return_std:           3.6041	
[INFO 20:21:26] my_main Updated target network
[INFO 20:23:52] my_main t_env: 1649325 / 2050000
[INFO 20:23:52] my_main Estimated time left: 2 hours, 34 minutes, 12 seconds. Time passed: 9 hours, 38 minutes, 8 seconds
[INFO 20:24:24] my_main Recent Stats | t_env:    1649325 | Episode:    23687
amco_input_q_weight_grad_norm:  0.0483	amco_input_q_weight_grad_rms:  0.0016	amco_input_state_to_q_grad_rms_ratio:  0.0303	amco_input_state_weight_grad_norm:  0.0060
amco_input_state_weight_grad_rms:  0.0001	amco_layer_0_activation_slope_mean:  0.4855	amco_layer_0_activation_slope_p10:  0.4132	amco_layer_0_nonpositive_frac:  0.6721
amco_layer_0_preactivation_mean: -0.0229	amco_layer_0_preactivation_std:  0.1238	amco_layer_1_activation_slope_mean:  0.5080	amco_layer_1_activation_slope_p10:  0.3799
amco_layer_1_nonpositive_frac:  0.6581	amco_layer_1_preactivation_mean:  0.0559	amco_layer_1_preactivation_std:  0.2606	amco_layer_2_activation_slope_mean:  0.5200
amco_layer_2_activation_slope_p10:  0.4118	amco_layer_2_nonpositive_frac:  0.6704	amco_layer_2_preactivation_mean:  0.1256	amco_layer_2_preactivation_std:  0.3645
amco_mixing_output_rms:    1.3371	amco_pre_activation_nonpositive_frac:  0.6669	amco_q_term_rms:           0.2972	amco_state_credit_delta:   0.0331
amco_state_credit_share_delta:  0.0053	amco_state_encoder_grad_norm:  0.0129	amco_state_encoder_grad_rms:  0.0001	amco_state_term_rms:       0.0832
amco_state_to_q_ratio:     0.2827	amco_state_value_rms:      4.7953	amco_v_to_m_ratio:         3.6361	battle_won_mean:           0.2872
credit_entropy:            0.9845	credit_grad_agent_0:       0.3976	credit_grad_agent_1:       0.3467	credit_grad_agent_2:       0.4025
credit_grad_agent_3:       0.5050	credit_grad_agent_4:       0.4228	credit_grad_agent_5:       0.4428	credit_grad_agent_6:       0.4648
credit_grad_agent_7:       0.4484	credit_grad_agent_8:       0.4040	credit_grad_agent_9:       0.8523	credit_grad_cv:            0.3122
credit_grad_max:           1.1904	credit_grad_mean:          0.4687	credit_grad_median:        0.4319	credit_grad_min:           0.1995
credit_grad_near_zero_frac:  0.0000	credit_grad_negative_frac:  0.0000	credit_grad_p10:           0.3434	credit_grad_p90:           0.6550
credit_grad_std:           0.1464	credit_max_share:          0.1818	dead_allies_mean:          8.3077	dead_enemies_mean:         9.2235
ep_length_mean:           87.9265	epsilon:                   0.0500	grad_norm:                 1.7702	loss:                      0.1054
q_taken_mean:              0.3766	return_mean:              14.1351	return_std:                3.7530	target_mean:               0.3766
td_error_abs:              0.1764	test_battle_won_mean:      0.4250	test_dead_allies_mean:     7.6688	test_dead_enemies_mean:   10.0375
test_ep_length_mean:      83.4750	test_return_mean:         15.6948	test_return_std:           3.6153	
RequestQuit command received.
Closing Application...
DataHandler: unable to parse websocket frame.
CloseHandler: 127.0.0.1:33634 disconnected
[INFO 20:27:13] absl Shutdown gracefully.
[INFO 20:27:13] absl Shutdown with return code: -15
[INFO 20:27:13] absl Launching SC2: /data/workspace/wxr/pymarl-monotone-qmix/3rdparty/StarCraftII/Versions/Base75689/SC2_x64 -listen 127.0.0.1 -port 44577 -dataDir /data/workspace/wxr/pymarl-monotone-qmix/3rdparty/StarCraftII/ -tempDir /tmp/sc-c4jftgw6/
Version: B75689 (SC2.4.10)
Build: Aug 12 2019 17:16:57
Command Line: '"/data/workspace/wxr/pymarl-monotone-qmix/3rdparty/StarCraftII/Versions/Base75689/SC2_x64" -listen 127.0.0.1 -port 44577 -dataDir /data/workspace/wxr/pymarl-monotone-qmix/3rdparty/StarCraftII/ -tempDir /tmp/sc-c4jftgw6/'
Starting up...
[INFO 20:27:15] absl Connecting to: ws://127.0.0.1:44577/sc2api, attempt: 0, running: True
Startup Phase 1 complete
[INFO 20:27:16] absl Connecting to: ws://127.0.0.1:44577/sc2api, attempt: 1, running: True
Startup Phase 2 complete
Creating stub renderer...
Listening on: 127.0.0.1:44577
Startup Phase 3 complete. Ready for commands.
[INFO 20:27:17] absl Connecting to: ws://127.0.0.1:44577/sc2api, attempt: 2, running: True
ConnectHandler: Request from 127.0.0.1:57498 accepted
ReadyHandler: 127.0.0.1:57498 ready
Requesting to join a single player game
Configuring interface options
Configure: raw interface enabled
Configure: feature layer interface disabled
Configure: score interface disabled
Configure: render interface disabled
Launching next game.
Next launch phase started: 2
Next launch phase started: 3
Next launch phase started: 4
Next launch phase started: 5
Next launch phase started: 6
Next launch phase started: 7
Next launch phase started: 8
Game has started.
Using default stable ids, none found at: /data/workspace/wxr/pymarl-monotone-qmix/3rdparty/StarCraftII/stableid.json
Successfully loaded stable ids: GameData\stableid.json
Sending ResponseJoinGame
[INFO 20:27:42] my_main Updated target network
[INFO 20:27:54] my_main t_env: 1659400 / 2050000
[INFO 20:27:54] my_main Estimated time left: 2 hours, 36 minutes, 43 seconds. Time passed: 9 hours, 42 minutes, 10 seconds
[INFO 20:28:28] my_main Recent Stats | t_env:    1659400 | Episode:    23807
amco_input_q_weight_grad_norm:  0.0489	amco_input_q_weight_grad_rms:  0.0016	amco_input_state_to_q_grad_rms_ratio:  0.0363	amco_input_state_weight_grad_norm:  0.0066
amco_input_state_weight_grad_rms:  0.0001	amco_layer_0_activation_slope_mean:  0.4879	amco_layer_0_activation_slope_p10:  0.4165	amco_layer_0_nonpositive_frac:  0.6672
amco_layer_0_preactivation_mean: -0.0175	amco_layer_0_preactivation_std:  0.1218	amco_layer_1_activation_slope_mean:  0.5102	amco_layer_1_activation_slope_p10:  0.3819
amco_layer_1_nonpositive_frac:  0.6534	amco_layer_1_preactivation_mean:  0.0626	amco_layer_1_preactivation_std:  0.2622	amco_layer_2_activation_slope_mean:  0.5219
amco_layer_2_activation_slope_p10:  0.4131	amco_layer_2_nonpositive_frac:  0.6702	amco_layer_2_preactivation_mean:  0.1336	amco_layer_2_preactivation_std:  0.3698
amco_mixing_output_rms:    1.3620	amco_pre_activation_nonpositive_frac:  0.6636	amco_q_term_rms:           0.2961	amco_state_credit_delta:   0.0309
amco_state_credit_share_delta:  0.0049	amco_state_encoder_grad_norm:  0.0113	amco_state_encoder_grad_rms:  0.0001	amco_state_term_rms:       0.0820
amco_state_to_q_ratio:     0.2799	amco_state_value_rms:      4.8568	amco_v_to_m_ratio:         3.6140	battle_won_mean:           0.2754
credit_entropy:            0.9838	credit_grad_agent_0:       0.4042	credit_grad_agent_1:       0.3524	credit_grad_agent_2:       0.4102
credit_grad_agent_3:       0.5130	credit_grad_agent_4:       0.4312	credit_grad_agent_5:       0.4476	credit_grad_agent_6:       0.4719
credit_grad_agent_7:       0.4555	credit_grad_agent_8:       0.4077	credit_grad_agent_9:       0.8792	credit_grad_cv:            0.3191
credit_grad_max:           1.2229	credit_grad_mean:          0.4773	credit_grad_median:        0.4393	credit_grad_min:           0.2021
credit_grad_near_zero_frac:  0.0000	credit_grad_negative_frac:  0.0000	credit_grad_p10:           0.3484	credit_grad_p90:           0.6705
credit_grad_std:           0.1524	credit_max_share:          0.1841	dead_allies_mean:          8.3377	dead_enemies_mean:         9.1981
ep_length_mean:           88.5278	epsilon:                   0.0500	grad_norm:                 2.0746	loss:                      0.1113
q_taken_mean:              0.3836	return_mean:              14.0422	return_std:                3.7629	target_mean:               0.3822
td_error_abs:              0.1804	test_battle_won_mean:      0.4375	test_dead_allies_mean:     7.6813	test_dead_enemies_mean:    9.9625
test_ep_length_mean:      81.3875	test_return_mean:         15.6663	test_return_std:           3.7846	
[INFO 20:31:53] my_main t_env: 1669436 / 2050000
[INFO 20:31:53] my_main Estimated time left: 2 hours, 30 minutes, 57 seconds. Time passed: 9 hours, 46 minutes, 9 seconds
[INFO 20:32:33] my_main Recent Stats | t_env:    1669436 | Episode:    23915
amco_input_q_weight_grad_norm:  0.0451	amco_input_q_weight_grad_rms:  0.0015	amco_input_state_to_q_grad_rms_ratio:  0.0442	amco_input_state_weight_grad_norm:  0.0067
amco_input_state_weight_grad_rms:  0.0001	amco_layer_0_activation_slope_mean:  0.4977	amco_layer_0_activation_slope_p10:  0.4225	amco_layer_0_nonpositive_frac:  0.6314
amco_layer_0_preactivation_mean:  0.0033	amco_layer_0_preactivation_std:  0.1278	amco_layer_1_activation_slope_mean:  0.5214	amco_layer_1_activation_slope_p10:  0.3917
amco_layer_1_nonpositive_frac:  0.6172	amco_layer_1_preactivation_mean:  0.0906	amco_layer_1_preactivation_std:  0.2687	amco_layer_2_activation_slope_mean:  0.5321
amco_layer_2_activation_slope_p10:  0.4212	amco_layer_2_nonpositive_frac:  0.6362	amco_layer_2_preactivation_mean:  0.1652	amco_layer_2_preactivation_std:  0.3844
amco_mixing_output_rms:    1.4282	amco_pre_activation_nonpositive_frac:  0.6283	amco_q_term_rms:           0.2998	amco_state_credit_delta:   0.0304
amco_state_credit_share_delta:  0.0048	amco_state_encoder_grad_norm:  0.0096	amco_state_encoder_grad_rms:  0.0000	amco_state_term_rms:       0.0856
amco_state_to_q_ratio:     0.2891	amco_state_value_rms:      4.9381	amco_v_to_m_ratio:         3.4853	battle_won_mean:           0.2690
credit_entropy:            0.9833	credit_grad_agent_0:       0.4078	credit_grad_agent_1:       0.3553	credit_grad_agent_2:       0.4125
credit_grad_agent_3:       0.5127	credit_grad_agent_4:       0.4331	credit_grad_agent_5:       0.4485	credit_grad_agent_6:       0.4715
credit_grad_agent_7:       0.4544	credit_grad_agent_8:       0.4074	credit_grad_agent_9:       0.8941	credit_grad_cv:            0.3264
credit_grad_max:           1.2491	credit_grad_mean:          0.4797	credit_grad_median:        0.4406	credit_grad_min:           0.2014
credit_grad_near_zero_frac:  0.0000	credit_grad_negative_frac:  0.0000	credit_grad_p10:           0.3488	credit_grad_p90:           0.6775
credit_grad_std:           0.1567	credit_max_share:          0.1863	dead_allies_mean:          8.3223	dead_enemies_mean:         9.0873
ep_length_mean:           88.8729	epsilon:                   0.0500	grad_norm:                 1.9509	loss:                      0.1128
q_taken_mean:              0.4039	return_mean:              13.9059	return_std:                3.8193	target_mean:               0.4030
td_error_abs:              0.1848	test_battle_won_mean:      0.4313	test_dead_allies_mean:     7.6250	test_dead_enemies_mean:    9.9437
test_ep_length_mean:      83.2500	test_return_mean:         15.6117	test_return_std:           3.8208	
[INFO 20:35:03] my_main Updated target network
[INFO 20:35:42] my_main t_env: 1679446 / 2050000
[INFO 20:35:42] my_main Estimated time left: 2 hours, 21 minutes, 5 seconds. Time passed: 9 hours, 49 minutes, 58 seconds
[INFO 20:36:21] my_main Recent Stats | t_env:    1679446 | Episode:    24025
amco_input_q_weight_grad_norm:  0.0257	amco_input_q_weight_grad_rms:  0.0008	amco_input_state_to_q_grad_rms_ratio:  0.0661	amco_input_state_weight_grad_norm:  0.0046
amco_input_state_weight_grad_rms:  0.0000	amco_layer_0_activation_slope_mean:  0.4879	amco_layer_0_activation_slope_p10:  0.4144	amco_layer_0_nonpositive_frac:  0.6643
amco_layer_0_preactivation_mean: -0.0189	amco_layer_0_preactivation_std:  0.1230	amco_layer_1_activation_slope_mean:  0.5113	amco_layer_1_activation_slope_p10:  0.3888
amco_layer_1_nonpositive_frac:  0.6573	amco_layer_1_preactivation_mean:  0.0584	amco_layer_1_preactivation_std:  0.2456	amco_layer_2_activation_slope_mean:  0.5242
amco_layer_2_activation_slope_p10:  0.4198	amco_layer_2_nonpositive_frac:  0.6689	amco_layer_2_preactivation_mean:  0.1279	amco_layer_2_preactivation_std:  0.3435
amco_mixing_output_rms:    1.3009	amco_pre_activation_nonpositive_frac:  0.6635	amco_q_term_rms:           0.2780	amco_state_credit_delta:   0.0317
amco_state_credit_share_delta:  0.0050	amco_state_encoder_grad_norm:  0.0051	amco_state_encoder_grad_rms:  0.0000	amco_state_term_rms:       0.0853
amco_state_to_q_ratio:     0.3100	amco_state_value_rms:      4.7730	amco_v_to_m_ratio:         3.7210	battle_won_mean:           0.2810
credit_entropy:            0.9827	credit_grad_agent_0:       0.4095	credit_grad_agent_1:       0.3582	credit_grad_agent_2:       0.4155
credit_grad_agent_3:       0.5151	credit_grad_agent_4:       0.4355	credit_grad_agent_5:       0.4512	credit_grad_agent_6:       0.4743
credit_grad_agent_7:       0.4583	credit_grad_agent_8:       0.4079	credit_grad_agent_9:       0.9097	credit_grad_cv:            0.3299
credit_grad_max:           1.2778	credit_grad_mean:          0.4835	credit_grad_median:        0.4430	credit_grad_min:           0.2016
credit_grad_near_zero_frac:  0.0000	credit_grad_negative_frac:  0.0000	credit_grad_p10:           0.3528	credit_grad_p90:           0.6805
credit_grad_std:           0.1595	credit_max_share:          0.1881	dead_allies_mean:          8.2382	dead_enemies_mean:         9.1172
ep_length_mean:           89.1479	epsilon:                   0.0500	grad_norm:                 1.3888	loss:                      0.0962
q_taken_mean:              0.3741	return_mean:              14.0512	return_std:                3.8222	target_mean:               0.3748
td_error_abs:              0.1677	test_battle_won_mean:      0.4437	test_dead_allies_mean:     7.6750	test_dead_enemies_mean:   10.0188
test_ep_length_mean:      85.0187	test_return_mean:         15.7515	test_return_std:           3.8095	
[INFO 20:39:20] my_main t_env: 1689598 / 2050000
[INFO 20:39:20] my_main Estimated time left: 2 hours, 9 minutes, 19 seconds. Time passed: 9 hours, 53 minutes, 36 seconds
[INFO 20:39:56] my_main Recent Stats | t_env:    1689598 | Episode:    24112
amco_input_q_weight_grad_norm:  0.0159	amco_input_q_weight_grad_rms:  0.0005	amco_input_state_to_q_grad_rms_ratio:  0.0654	amco_input_state_weight_grad_norm:  0.0029
amco_input_state_weight_grad_rms:  0.0000	amco_layer_0_activation_slope_mean:  0.4858	amco_layer_0_activation_slope_p10:  0.4102	amco_layer_0_nonpositive_frac:  0.6741
amco_layer_0_preactivation_mean: -0.0236	amco_layer_0_preactivation_std:  0.1265	amco_layer_1_activation_slope_mean:  0.5089	amco_layer_1_activation_slope_p10:  0.3858
amco_layer_1_nonpositive_frac:  0.6704	amco_layer_1_preactivation_mean:  0.0534	amco_layer_1_preactivation_std:  0.2474	amco_layer_2_activation_slope_mean:  0.5219
amco_layer_2_activation_slope_p10:  0.4180	amco_layer_2_nonpositive_frac:  0.6753	amco_layer_2_preactivation_mean:  0.1233	amco_layer_2_preactivation_std:  0.3443
amco_mixing_output_rms:    1.3084	amco_pre_activation_nonpositive_frac:  0.6733	amco_q_term_rms:           0.2808	amco_state_credit_delta:   0.0315
amco_state_credit_share_delta:  0.0049	amco_state_encoder_grad_norm:  0.0042	amco_state_encoder_grad_rms:  0.0000	amco_state_term_rms:       0.0883
amco_state_to_q_ratio:     0.3174	amco_state_value_rms:      4.8188	amco_v_to_m_ratio:         3.7334	battle_won_mean:           0.2562
credit_entropy:            0.9826	credit_grad_agent_0:       0.4106	credit_grad_agent_1:       0.3610	credit_grad_agent_2:       0.4180
credit_grad_agent_3:       0.5150	credit_grad_agent_4:       0.4362	credit_grad_agent_5:       0.4530	credit_grad_agent_6:       0.4750
credit_grad_agent_7:       0.4601	credit_grad_agent_8:       0.4079	credit_grad_agent_9:       0.9162	credit_grad_cv:            0.3311
credit_grad_max:           1.3078	credit_grad_mean:          0.4853	credit_grad_median:        0.4442	credit_grad_min:           0.2009
credit_grad_near_zero_frac:  0.0000	credit_grad_negative_frac:  0.0000	credit_grad_p10:           0.3554	credit_grad_p90:           0.6854
credit_grad_std:           0.1607	credit_max_share:          0.1888	dead_allies_mean:          8.2468	dead_enemies_mean:         8.9810
ep_length_mean:           95.1893	epsilon:                   0.0500	grad_norm:                 0.9595	loss:                      0.0884
q_taken_mean:              0.3745	return_mean:              13.8356	return_std:                3.7396	target_mean:               0.3718
td_error_abs:              0.1575	test_battle_won_mean:      0.4625	test_dead_allies_mean:     7.5375	test_dead_enemies_mean:   10.1125
test_ep_length_mean:      82.8438	test_return_mean:         15.8753	test_return_std:           3.7986	
[INFO 20:42:34] my_main Updated target network
[INFO 20:43:07] my_main t_env: 1699643 / 2050000
[INFO 20:43:07] my_main Estimated time left: 2 hours, 11 minutes, 53 seconds. Time passed: 9 hours, 57 minutes, 23 seconds
[INFO 20:43:53] my_main Recent Stats | t_env:    1699643 | Episode:    24222
amco_input_q_weight_grad_norm:  0.0250	amco_input_q_weight_grad_rms:  0.0008	amco_input_state_to_q_grad_rms_ratio:  0.0652	amco_input_state_weight_grad_norm:  0.0031
amco_input_state_weight_grad_rms:  0.0000	amco_layer_0_activation_slope_mean:  0.4901	amco_layer_0_activation_slope_p10:  0.4158	amco_layer_0_nonpositive_frac:  0.6599
amco_layer_0_preactivation_mean: -0.0137	amco_layer_0_preactivation_std:  0.1264	amco_layer_1_activation_slope_mean:  0.5135	amco_layer_1_activation_slope_p10:  0.3882
amco_layer_1_nonpositive_frac:  0.6539	amco_layer_1_preactivation_mean:  0.0682	amco_layer_1_preactivation_std:  0.2563	amco_layer_2_activation_slope_mean:  0.5256
amco_layer_2_activation_slope_p10:  0.4193	amco_layer_2_nonpositive_frac:  0.6738	amco_layer_2_preactivation_mean:  0.1410	amco_layer_2_preactivation_std:  0.3627
amco_mixing_output_rms:    1.3667	amco_pre_activation_nonpositive_frac:  0.6625	amco_q_term_rms:           0.2878	amco_state_credit_delta:   0.0307
amco_state_credit_share_delta:  0.0046	amco_state_encoder_grad_norm:  0.0071	amco_state_encoder_grad_rms:  0.0000	amco_state_term_rms:       0.0870
amco_state_to_q_ratio:     0.3078	amco_state_value_rms:      4.9603	amco_v_to_m_ratio:         3.7066	battle_won_mean:           0.2708
credit_entropy:            0.9825	credit_grad_agent_0:       0.4191	credit_grad_agent_1:       0.3685	credit_grad_agent_2:       0.4242
credit_grad_agent_3:       0.5204	credit_grad_agent_4:       0.4421	credit_grad_agent_5:       0.4602	credit_grad_agent_6:       0.4797
credit_grad_agent_7:       0.4660	credit_grad_agent_8:       0.4115	credit_grad_agent_9:       0.9315	credit_grad_cv:            0.3334
credit_grad_max:           1.3457	credit_grad_mean:          0.4923	credit_grad_median:        0.4501	credit_grad_min:           0.2049
credit_grad_near_zero_frac:  0.0000	credit_grad_negative_frac:  0.0000	credit_grad_p10:           0.3599	credit_grad_p90:           0.6960
credit_grad_std:           0.1641	credit_max_share:          0.1892	dead_allies_mean:          8.1105	dead_enemies_mean:         8.9773
ep_length_mean:           95.1784	epsilon:                   0.0500	grad_norm:                 1.2875	loss:                      0.0944
q_taken_mean:              0.3946	return_mean:              13.9430	return_std:                3.8116	target_mean:               0.3908
td_error_abs:              0.1672	test_battle_won_mean:      0.4062	test_dead_allies_mean:     7.6875	test_dead_enemies_mean:    9.8562
test_ep_length_mean:      87.3375	test_return_mean:         15.3520	test_return_std:           3.6949	
DataHandler: unable to parse websocket frame.
CloseHandler: 127.0.0.1:57498 disconnected
[INFO 20:47:47] absl Shutdown gracefully.
[INFO 20:47:47] absl Shutdown with return code: -15
[INFO 20:47:47] absl Launching SC2: /data/workspace/wxr/pymarl-monotone-qmix/3rdparty/StarCraftII/Versions/Base75689/SC2_x64 -listen 127.0.0.1 -port 43911 -dataDir /data/workspace/wxr/pymarl-monotone-qmix/3rdparty/StarCraftII/ -tempDir /tmp/sc-fzigdcph/
[INFO 20:47:49] absl Connecting to: ws://127.0.0.1:43911/sc2api, attempt: 0, running: True
Version: B75689 (SC2.4.10)
Build: Aug 12 2019 17:16:57
Command Line: '"/data/workspace/wxr/pymarl-monotone-qmix/3rdparty/StarCraftII/Versions/Base75689/SC2_x64" -listen 127.0.0.1 -port 43911 -dataDir /data/workspace/wxr/pymarl-monotone-qmix/3rdparty/StarCraftII/ -tempDir /tmp/sc-fzigdcph/'
Starting up...
Startup Phase 1 complete
[INFO 20:47:50] absl Connecting to: ws://127.0.0.1:43911/sc2api, attempt: 1, running: True
[INFO 20:47:51] absl Connecting to: ws://127.0.0.1:43911/sc2api, attempt: 2, running: True
Startup Phase 2 complete
Creating stub renderer...
[INFO 20:47:52] absl Connecting to: ws://127.0.0.1:43911/sc2api, attempt: 3, running: True
Listening on: 127.0.0.1:43911
Startup Phase 3 complete. Ready for commands.
[INFO 20:47:53] absl Connecting to: ws://127.0.0.1:43911/sc2api, attempt: 4, running: True
ConnectHandler: Request from 127.0.0.1:52904 accepted
ReadyHandler: 127.0.0.1:52904 ready
Requesting to join a single player game
Configuring interface options
Configure: raw interface enabled
Configure: feature layer interface disabled
Configure: score interface disabled
Configure: render interface disabled
Launching next game.
Next launch phase started: 2
Next launch phase started: 3
Next launch phase started: 4
Next launch phase started: 5
Next launch phase started: 6
Next launch phase started: 7
Next launch phase started: 8
Game has started.
Using default stable ids, none found at: /data/workspace/wxr/pymarl-monotone-qmix/3rdparty/StarCraftII/stableid.json
Successfully loaded stable ids: GameData\stableid.json
Sending ResponseJoinGame
[INFO 20:48:15] my_main t_env: 1709644 / 2050000
[INFO 20:48:15] my_main Estimated time left: 2 hours, 54 minutes, 35 seconds. Time passed: 10 hours, 2 minutes, 31 seconds
[INFO 20:49:31] my_main Recent Stats | t_env:    1709644 | Episode:    24332
amco_input_q_weight_grad_norm:  0.0257	amco_input_q_weight_grad_rms:  0.0008	amco_input_state_to_q_grad_rms_ratio:  0.0681	amco_input_state_weight_grad_norm:  0.0035
amco_input_state_weight_grad_rms:  0.0000	amco_layer_0_activation_slope_mean:  0.4883	amco_layer_0_activation_slope_p10:  0.4132	amco_layer_0_nonpositive_frac:  0.6615
amco_layer_0_preactivation_mean: -0.0180	amco_layer_0_preactivation_std:  0.1270	amco_layer_1_activation_slope_mean:  0.5120	amco_layer_1_activation_slope_p10:  0.3892
amco_layer_1_nonpositive_frac:  0.6524	amco_layer_1_preactivation_mean:  0.0620	amco_layer_1_preactivation_std:  0.2491	amco_layer_2_activation_slope_mean:  0.5247
amco_layer_2_activation_slope_p10:  0.4214	amco_layer_2_nonpositive_frac:  0.6734	amco_layer_2_preactivation_mean:  0.1333	amco_layer_2_preactivation_std:  0.3496
amco_mixing_output_rms:    1.3311	amco_pre_activation_nonpositive_frac:  0.6624	amco_q_term_rms:           0.2811	amco_state_credit_delta:   0.0338
amco_state_credit_share_delta:  0.0051	amco_state_encoder_grad_norm:  0.0113	amco_state_encoder_grad_rms:  0.0001	amco_state_term_rms:       0.0895
amco_state_to_q_ratio:     0.3243	amco_state_value_rms:      4.9882	amco_v_to_m_ratio:         3.8356	battle_won_mean:           0.2694
credit_entropy:            0.9824	credit_grad_agent_0:       0.4190	credit_grad_agent_1:       0.3711	credit_grad_agent_2:       0.4234
credit_grad_agent_3:       0.5201	credit_grad_agent_4:       0.4405	credit_grad_agent_5:       0.4596	credit_grad_agent_6:       0.4768
credit_grad_agent_7:       0.4654	credit_grad_agent_8:       0.4097	credit_grad_agent_9:       0.9326	credit_grad_cv:            0.3353
credit_grad_max:           1.3501	credit_grad_mean:          0.4918	credit_grad_median:        0.4486	credit_grad_min:           0.2031
credit_grad_near_zero_frac:  0.0000	credit_grad_negative_frac:  0.0000	credit_grad_p10:           0.3598	credit_grad_p90:           0.6935
credit_grad_std:           0.1649	credit_max_share:          0.1896	dead_allies_mean:          8.0677	dead_enemies_mean:         8.9178
ep_length_mean:           96.5704	epsilon:                   0.0500	grad_norm:                 1.2781	loss:                      0.0958
q_taken_mean:              0.3978	return_mean:              13.9365	return_std:                3.8011	target_mean:               0.3931
td_error_abs:              0.1720	test_battle_won_mean:      0.4125	test_dead_allies_mean:     7.5563	test_dead_enemies_mean:    9.8125
test_ep_length_mean:      91.6937	test_return_mean:         15.3521	test_return_std:           3.6236	
[INFO 20:52:47] my_main Updated target network
[INFO 20:54:44] my_main t_env: 1719662 / 2050000
[INFO 20:54:44] my_main Estimated time left: 3 hours, 33 minutes, 57 seconds. Time passed: 10 hours, 9 minutes, 0 seconds
[INFO 20:55:38] my_main Recent Stats | t_env:    1719662 | Episode:    24442
amco_input_q_weight_grad_norm:  0.0245	amco_input_q_weight_grad_rms:  0.0008	amco_input_state_to_q_grad_rms_ratio:  0.0605	amco_input_state_weight_grad_norm:  0.0031
amco_input_state_weight_grad_rms:  0.0000	amco_layer_0_activation_slope_mean:  0.4814	amco_layer_0_activation_slope_p10:  0.4074	amco_layer_0_nonpositive_frac:  0.6869
amco_layer_0_preactivation_mean: -0.0328	amco_layer_0_preactivation_std:  0.1245	amco_layer_1_activation_slope_mean:  0.5040	amco_layer_1_activation_slope_p10:  0.3835
amco_layer_1_nonpositive_frac:  0.6492	amco_layer_1_preactivation_mean:  0.0420	amco_layer_1_preactivation_std:  0.2419	amco_layer_2_activation_slope_mean:  0.5175
amco_layer_2_activation_slope_p10:  0.4173	amco_layer_2_nonpositive_frac:  0.7027	amco_layer_2_preactivation_mean:  0.1108	amco_layer_2_preactivation_std:  0.3349
amco_mixing_output_rms:    1.2821	amco_pre_activation_nonpositive_frac:  0.6796	amco_q_term_rms:           0.2750	amco_state_credit_delta:   0.0364
amco_state_credit_share_delta:  0.0054	amco_state_encoder_grad_norm:  0.0111	amco_state_encoder_grad_rms:  0.0001	amco_state_term_rms:       0.0910
amco_state_to_q_ratio:     0.3368	amco_state_value_rms:      4.9500	amco_v_to_m_ratio:         3.9425	battle_won_mean:           0.2722
credit_entropy:            0.9824	credit_grad_agent_0:       0.4180	credit_grad_agent_1:       0.3746	credit_grad_agent_2:       0.4269
credit_grad_agent_3:       0.5244	credit_grad_agent_4:       0.4437	credit_grad_agent_5:       0.4644	credit_grad_agent_6:       0.4797
credit_grad_agent_7:       0.4699	credit_grad_agent_8:       0.4120	credit_grad_agent_9:       0.9399	credit_grad_cv:            0.3348
credit_grad_max:           1.3661	credit_grad_mean:          0.4954	credit_grad_median:        0.4519	credit_grad_min:           0.2023
credit_grad_near_zero_frac:  0.0000	credit_grad_negative_frac:  0.0000	credit_grad_p10:           0.3639	credit_grad_p90:           0.6995
credit_grad_std:           0.1658	credit_max_share:          0.1898	dead_allies_mean:          8.0595	dead_enemies_mean:         8.9703
ep_length_mean:           96.1997	epsilon:                   0.0500	grad_norm:                 1.2921	loss:                      0.0965
q_taken_mean:              0.3837	return_mean:              14.0327	return_std:                3.7907	target_mean:               0.3784
td_error_abs:              0.1682	test_battle_won_mean:      0.4188	test_dead_allies_mean:     7.5250	test_dead_enemies_mean:    9.7562
test_ep_length_mean:      90.1500	test_return_mean:         15.3112	test_return_std:           3.7332	
[INFO 21:01:15] my_main t_env: 1729835 / 2050000
[INFO 21:01:15] my_main Estimated time left: 3 hours, 24 minutes, 42 seconds. Time passed: 10 hours, 15 minutes, 30 seconds
[INFO 21:02:20] my_main Recent Stats | t_env:    1729835 | Episode:    24551
amco_input_q_weight_grad_norm:  0.0358	amco_input_q_weight_grad_rms:  0.0012	amco_input_state_to_q_grad_rms_ratio:  0.0330	amco_input_state_weight_grad_norm:  0.0029
amco_input_state_weight_grad_rms:  0.0000	amco_layer_0_activation_slope_mean:  0.4924	amco_layer_0_activation_slope_p10:  0.4175	amco_layer_0_nonpositive_frac:  0.6485
amco_layer_0_preactivation_mean: -0.0086	amco_layer_0_preactivation_std:  0.1278	amco_layer_1_activation_slope_mean:  0.5160	amco_layer_1_activation_slope_p10:  0.3884
amco_layer_1_nonpositive_frac:  0.6053	amco_layer_1_preactivation_mean:  0.0764	amco_layer_1_preactivation_std:  0.2639	amco_layer_2_activation_slope_mean:  0.5274
amco_layer_2_activation_slope_p10:  0.4200	amco_layer_2_nonpositive_frac:  0.6662	amco_layer_2_preactivation_mean:  0.1521	amco_layer_2_preactivation_std:  0.3777
amco_mixing_output_rms:    1.4195	amco_pre_activation_nonpositive_frac:  0.6400	amco_q_term_rms:           0.2911	amco_state_credit_delta:   0.0350
amco_state_credit_share_delta:  0.0051	amco_state_encoder_grad_norm:  0.0134	amco_state_encoder_grad_rms:  0.0001	amco_state_term_rms:       0.0897
amco_state_to_q_ratio:     0.3153	amco_state_value_rms:      5.1039	amco_v_to_m_ratio:         3.6813	battle_won_mean:           0.2710
credit_entropy:            0.9823	credit_grad_agent_0:       0.4242	credit_grad_agent_1:       0.3846	credit_grad_agent_2:       0.4316
credit_grad_agent_3:       0.5324	credit_grad_agent_4:       0.4494	credit_grad_agent_5:       0.4705	credit_grad_agent_6:       0.4838
credit_grad_agent_7:       0.4740	credit_grad_agent_8:       0.4157	credit_grad_agent_9:       0.9547	credit_grad_cv:            0.3376
credit_grad_max:           1.3846	credit_grad_mean:          0.5021	credit_grad_median:        0.4575	credit_grad_min:           0.2053
credit_grad_near_zero_frac:  0.0000	credit_grad_negative_frac:  0.0000	credit_grad_p10:           0.3671	credit_grad_p90:           0.7151
credit_grad_std:           0.1696	credit_max_share:          0.1901	dead_allies_mean:          8.0484	dead_enemies_mean:         8.8994
ep_length_mean:           96.6658	epsilon:                   0.0500	grad_norm:                 1.5964	loss:                      0.1061
q_taken_mean:              0.4127	return_mean:              13.9242	return_std:                3.8368	target_mean:               0.4097
td_error_abs:              0.1831	test_battle_won_mean:      0.3937	test_dead_allies_mean:     7.5500	test_dead_enemies_mean:    9.5375
test_ep_length_mean:      91.2313	test_return_mean:         14.9953	test_return_std:           3.8134	
[INFO 21:04:44] my_main Updated target network
[INFO 21:08:27] my_main t_env: 1739844 / 2050000
[INFO 21:08:27] my_main Estimated time left: 3 hours, 43 minutes, 26 seconds. Time passed: 10 hours, 22 minutes, 43 seconds
[INFO 21:09:15] my_main Recent Stats | t_env:    1739844 | Episode:    24677
amco_input_q_weight_grad_norm:  0.0384	amco_input_q_weight_grad_rms:  0.0012	amco_input_state_to_q_grad_rms_ratio:  0.0304	amco_input_state_weight_grad_norm:  0.0032
amco_input_state_weight_grad_rms:  0.0000	amco_layer_0_activation_slope_mean:  0.4933	amco_layer_0_activation_slope_p10:  0.4205	amco_layer_0_nonpositive_frac:  0.6570
amco_layer_0_preactivation_mean: -0.0062	amco_layer_0_preactivation_std:  0.1241	amco_layer_1_activation_slope_mean:  0.5162	amco_layer_1_activation_slope_p10:  0.3888
amco_layer_1_nonpositive_frac:  0.6130	amco_layer_1_preactivation_mean:  0.0790	amco_layer_1_preactivation_std:  0.2661	amco_layer_2_activation_slope_mean:  0.5270
amco_layer_2_activation_slope_p10:  0.4194	amco_layer_2_nonpositive_frac:  0.6763	amco_layer_2_preactivation_mean:  0.1564	amco_layer_2_preactivation_std:  0.3832
amco_mixing_output_rms:    1.4439	amco_pre_activation_nonpositive_frac:  0.6488	amco_q_term_rms:           0.2932	amco_state_credit_delta:   0.0324
amco_state_credit_share_delta:  0.0046	amco_state_encoder_grad_norm:  0.0138	amco_state_encoder_grad_rms:  0.0001	amco_state_term_rms:       0.0853
amco_state_to_q_ratio:     0.2971	amco_state_value_rms:      5.0255	amco_v_to_m_ratio:         3.5513	battle_won_mean:           0.3150
credit_entropy:            0.9821	credit_grad_agent_0:       0.4297	credit_grad_agent_1:       0.3928	credit_grad_agent_2:       0.4374
credit_grad_agent_3:       0.5437	credit_grad_agent_4:       0.4576	credit_grad_agent_5:       0.4778	credit_grad_agent_6:       0.4909
credit_grad_agent_7:       0.4797	credit_grad_agent_8:       0.4225	credit_grad_agent_9:       0.9739	credit_grad_cv:            0.3397
credit_grad_max:           1.4039	credit_grad_mean:          0.5106	credit_grad_median:        0.4649	credit_grad_min:           0.2097
credit_grad_near_zero_frac:  0.0000	credit_grad_negative_frac:  0.0000	credit_grad_p10:           0.3720	credit_grad_p90:           0.7287
credit_grad_std:           0.1735	credit_max_share:          0.1907	dead_allies_mean:          7.9218	dead_enemies_mean:         9.0875
ep_length_mean:           89.2152	epsilon:                   0.0500	grad_norm:                 1.5438	loss:                      0.1051
q_taken_mean:              0.4038	return_mean:              14.2694	return_std:                4.0266	target_mean:               0.4019
td_error_abs:              0.1795	test_battle_won_mean:      0.4000	test_dead_allies_mean:     7.4813	test_dead_enemies_mean:    9.5750
test_ep_length_mean:      91.4562	test_return_mean:         15.1299	test_return_std:           3.8022	
[INFO 21:14:17] my_main t_env: 1749892 / 2050000
[INFO 21:14:17] my_main Estimated time left: 2 hours, 54 minutes, 9 seconds. Time passed: 10 hours, 28 minutes, 33 seconds
[INFO 21:15:04] my_main Recent Stats | t_env:    1749892 | Episode:    24794
amco_input_q_weight_grad_norm:  0.0313	amco_input_q_weight_grad_rms:  0.0010	amco_input_state_to_q_grad_rms_ratio:  0.0382	amco_input_state_weight_grad_norm:  0.0036
amco_input_state_weight_grad_rms:  0.0000	amco_layer_0_activation_slope_mean:  0.4880	amco_layer_0_activation_slope_p10:  0.4142	amco_layer_0_nonpositive_frac:  0.6709
amco_layer_0_preactivation_mean: -0.0185	amco_layer_0_preactivation_std:  0.1240	amco_layer_1_activation_slope_mean:  0.5106	amco_layer_1_activation_slope_p10:  0.3851
amco_layer_1_nonpositive_frac:  0.5958	amco_layer_1_preactivation_mean:  0.0613	amco_layer_1_preactivation_std:  0.2582	amco_layer_2_activation_slope_mean:  0.5225
amco_layer_2_activation_slope_p10:  0.4167	amco_layer_2_nonpositive_frac:  0.6960	amco_layer_2_preactivation_mean:  0.1366	amco_layer_2_preactivation_std:  0.3683
amco_mixing_output_rms:    1.4001	amco_pre_activation_nonpositive_frac:  0.6542	amco_q_term_rms:           0.2851	amco_state_credit_delta:   0.0336
amco_state_credit_share_delta:  0.0048	amco_state_encoder_grad_norm:  0.0122	amco_state_encoder_grad_rms:  0.0001	amco_state_term_rms:       0.0875
amco_state_to_q_ratio:     0.3103	amco_state_value_rms:      4.9297	amco_v_to_m_ratio:         3.5774	battle_won_mean:           0.3149
credit_entropy:            0.9817	credit_grad_agent_0:       0.4300	credit_grad_agent_1:       0.3954	credit_grad_agent_2:       0.4385
credit_grad_agent_3:       0.5479	credit_grad_agent_4:       0.4595	credit_grad_agent_5:       0.4805	credit_grad_agent_6:       0.4926
credit_grad_agent_7:       0.4809	credit_grad_agent_8:       0.4234	credit_grad_agent_9:       0.9846	credit_grad_cv:            0.3426
credit_grad_max:           1.4149	credit_grad_mean:          0.5133	credit_grad_median:        0.4662	credit_grad_min:           0.2064
credit_grad_near_zero_frac:  0.0000	credit_grad_negative_frac:  0.0000	credit_grad_p10:           0.3744	credit_grad_p90:           0.7350
credit_grad_std:           0.1759	credit_max_share:          0.1918	dead_allies_mean:          7.9492	dead_enemies_mean:         9.0447
ep_length_mean:           88.1276	epsilon:                   0.0500	grad_norm:                 1.2548	loss:                      0.1068
q_taken_mean:              0.3880	return_mean:              14.1892	return_std:                4.0662	target_mean:               0.3874
td_error_abs:              0.1765	test_battle_won_mean:      0.4125	test_dead_allies_mean:     7.3625	test_dead_enemies_mean:    9.5625
test_ep_length_mean:      86.5687	test_return_mean:         15.1283	test_return_std:           3.9358	
[INFO 21:15:22] my_main Updated target network
[INFO 21:20:15] my_main t_env: 1759911 / 2050000
[INFO 21:20:15] my_main Estimated time left: 2 hours, 52 minutes, 31 seconds. Time passed: 10 hours, 34 minutes, 31 seconds
DataHandler: unable to parse websocket frame.
CloseHandler: 127.0.0.1:52904 disconnected
[INFO 21:20:31] absl Shutdown gracefully.
[INFO 21:20:31] absl Shutdown with return code: -15
[INFO 21:20:31] absl Launching SC2: /data/workspace/wxr/pymarl-monotone-qmix/3rdparty/StarCraftII/Versions/Base75689/SC2_x64 -listen 127.0.0.1 -port 43629 -dataDir /data/workspace/wxr/pymarl-monotone-qmix/3rdparty/StarCraftII/ -tempDir /tmp/sc-e99179tl/
Version: B75689 (SC2.4.10)
Build: Aug 12 2019 17:16:57
Command Line: '"/data/workspace/wxr/pymarl-monotone-qmix/3rdparty/StarCraftII/Versions/Base75689/SC2_x64" -listen 127.0.0.1 -port 43629 -dataDir /data/workspace/wxr/pymarl-monotone-qmix/3rdparty/StarCraftII/ -tempDir /tmp/sc-e99179tl/'
[INFO 21:20:33] absl Connecting to: ws://127.0.0.1:43629/sc2api, attempt: 0, running: True
Starting up...
Startup Phase 1 complete
[INFO 21:20:34] absl Connecting to: ws://127.0.0.1:43629/sc2api, attempt: 1, running: True
Startup Phase 2 complete
Creating stub renderer...
[INFO 21:20:35] absl Connecting to: ws://127.0.0.1:43629/sc2api, attempt: 2, running: True
Listening on: 127.0.0.1:43629
Startup Phase 3 complete. Ready for commands.
[INFO 21:20:36] absl Connecting to: ws://127.0.0.1:43629/sc2api, attempt: 3, running: True
ConnectHandler: Request from 127.0.0.1:41408 accepted
ReadyHandler: 127.0.0.1:41408 ready
Requesting to join a single player game
Configuring interface options
Configure: raw interface enabled
Configure: feature layer interface disabled
Configure: score interface disabled
Configure: render interface disabled
Launching next game.
Next launch phase started: 2
Next launch phase started: 3
Next launch phase started: 4
Next launch phase started: 5
Next launch phase started: 6
Next launch phase started: 7
Next launch phase started: 8
Game has started.
Using default stable ids, none found at: /data/workspace/wxr/pymarl-monotone-qmix/3rdparty/StarCraftII/stableid.json
Successfully loaded stable ids: GameData\stableid.json
Sending ResponseJoinGame
[INFO 21:21:18] my_main Recent Stats | t_env:    1759911 | Episode:    24916
amco_input_q_weight_grad_norm:  0.0328	amco_input_q_weight_grad_rms:  0.0011	amco_input_state_to_q_grad_rms_ratio:  0.0334	amco_input_state_weight_grad_norm:  0.0032
amco_input_state_weight_grad_rms:  0.0000	amco_layer_0_activation_slope_mean:  0.4917	amco_layer_0_activation_slope_p10:  0.4172	amco_layer_0_nonpositive_frac:  0.6643
amco_layer_0_preactivation_mean: -0.0101	amco_layer_0_preactivation_std:  0.1253	amco_layer_1_activation_slope_mean:  0.5143	amco_layer_1_activation_slope_p10:  0.3873
amco_layer_1_nonpositive_frac:  0.5969	amco_layer_1_preactivation_mean:  0.0734	amco_layer_1_preactivation_std:  0.2645	amco_layer_2_activation_slope_mean:  0.5253
amco_layer_2_activation_slope_p10:  0.4182	amco_layer_2_nonpositive_frac:  0.6944	amco_layer_2_preactivation_mean:  0.1515	amco_layer_2_preactivation_std:  0.3807
amco_mixing_output_rms:    1.4541	amco_pre_activation_nonpositive_frac:  0.6519	amco_q_term_rms:           0.2899	amco_state_credit_delta:   0.0326
amco_state_credit_share_delta:  0.0045	amco_state_encoder_grad_norm:  0.0096	amco_state_encoder_grad_rms:  0.0000	amco_state_term_rms:       0.0868
amco_state_to_q_ratio:     0.3019	amco_state_value_rms:      4.8845	amco_v_to_m_ratio:         3.3921	battle_won_mean:           0.3021
credit_entropy:            0.9816	credit_grad_agent_0:       0.4346	credit_grad_agent_1:       0.4033	credit_grad_agent_2:       0.4435
credit_grad_agent_3:       0.5576	credit_grad_agent_4:       0.4659	credit_grad_agent_5:       0.4892	credit_grad_agent_6:       0.4997
credit_grad_agent_7:       0.4880	credit_grad_agent_8:       0.4290	credit_grad_agent_9:       1.0009	credit_grad_cv:            0.3430
credit_grad_max:           1.4579	credit_grad_mean:          0.5212	credit_grad_median:        0.4735	credit_grad_min:           0.2086
credit_grad_near_zero_frac:  0.0000	credit_grad_negative_frac:  0.0000	credit_grad_p10:           0.3806	credit_grad_p90:           0.7507
credit_grad_std:           0.1788	credit_max_share:          0.1920	dead_allies_mean:          8.0462	dead_enemies_mean:         9.0176
ep_length_mean:           86.3686	epsilon:                   0.0500	grad_norm:                 1.1907	loss:                      0.1055
q_taken_mean:              0.3850	return_mean:              14.0542	return_std:                4.0466	target_mean:               0.3872
td_error_abs:              0.1720	test_battle_won_mean:      0.4500	test_dead_allies_mean:     7.2188	test_dead_enemies_mean:    9.8000
test_ep_length_mean:      82.3812	test_return_mean:         15.5790	test_return_std:           3.8352	
[INFO 21:24:59] my_main Updated target network
[INFO 21:25:50] my_main t_env: 1769923 / 2050000
[INFO 21:25:50] my_main Estimated time left: 2 hours, 36 minutes, 6 seconds. Time passed: 10 hours, 40 minutes, 5 seconds
[INFO 21:26:37] my_main Recent Stats | t_env:    1769923 | Episode:    25019
amco_input_q_weight_grad_norm:  0.0332	amco_input_q_weight_grad_rms:  0.0011	amco_input_state_to_q_grad_rms_ratio:  0.0438	amco_input_state_weight_grad_norm:  0.0036
amco_input_state_weight_grad_rms:  0.0000	amco_layer_0_activation_slope_mean:  0.4985	amco_layer_0_activation_slope_p10:  0.4219	amco_layer_0_nonpositive_frac:  0.6383
amco_layer_0_preactivation_mean:  0.0046	amco_layer_0_preactivation_std:  0.1297	amco_layer_1_activation_slope_mean:  0.5220	amco_layer_1_activation_slope_p10:  0.3915
amco_layer_1_nonpositive_frac:  0.6019	amco_layer_1_preactivation_mean:  0.0944	amco_layer_1_preactivation_std:  0.2758	amco_layer_2_activation_slope_mean:  0.5319
amco_layer_2_activation_slope_p10:  0.4211	amco_layer_2_nonpositive_frac:  0.6746	amco_layer_2_preactivation_mean:  0.1764	amco_layer_2_preactivation_std:  0.4029
amco_mixing_output_rms:    1.5328	amco_pre_activation_nonpositive_frac:  0.6383	amco_q_term_rms:           0.2984	amco_state_credit_delta:   0.0349
amco_state_credit_share_delta:  0.0047	amco_state_encoder_grad_norm:  0.0108	amco_state_encoder_grad_rms:  0.0001	amco_state_term_rms:       0.0908
amco_state_to_q_ratio:     0.3054	amco_state_value_rms:      4.9815	amco_v_to_m_ratio:         3.2590	battle_won_mean:           0.2939
credit_entropy:            0.9815	credit_grad_agent_0:       0.4378	credit_grad_agent_1:       0.4103	credit_grad_agent_2:       0.4459
credit_grad_agent_3:       0.5632	credit_grad_agent_4:       0.4689	credit_grad_agent_5:       0.4926	credit_grad_agent_6:       0.5019
credit_grad_agent_7:       0.4913	credit_grad_agent_8:       0.4313	credit_grad_agent_9:       1.0106	credit_grad_cv:            0.3456
credit_grad_max:           1.4812	credit_grad_mean:          0.5254	credit_grad_median:        0.4767	credit_grad_min:           0.2072
credit_grad_near_zero_frac:  0.0000	credit_grad_negative_frac:  0.0000	credit_grad_p10:           0.3818	credit_grad_p90:           0.7585
credit_grad_std:           0.1815	credit_max_share:          0.1923	dead_allies_mean:          8.0862	dead_enemies_mean:         8.9625
ep_length_mean:           87.5948	epsilon:                   0.0500	grad_norm:                 1.1640	loss:                      0.1089
q_taken_mean:              0.4029	return_mean:              13.9273	return_std:                4.0735	target_mean:               0.4052
td_error_abs:              0.1764	test_battle_won_mean:      0.4250	test_dead_allies_mean:     7.3563	test_dead_enemies_mean:    9.7188
test_ep_length_mean:      82.1562	test_return_mean:         15.4135	test_return_std:           3.7518	
[INFO 21:31:24] my_main t_env: 1779985 / 2050000
[INFO 21:31:24] my_main Estimated time left: 2 hours, 29 minutes, 22 seconds. Time passed: 10 hours, 45 minutes, 39 seconds
[INFO 21:32:13] my_main Recent Stats | t_env:    1779985 | Episode:    25119
amco_input_q_weight_grad_norm:  0.0259	amco_input_q_weight_grad_rms:  0.0008	amco_input_state_to_q_grad_rms_ratio:  0.0594	amco_input_state_weight_grad_norm:  0.0047
amco_input_state_weight_grad_rms:  0.0000	amco_layer_0_activation_slope_mean:  0.5020	amco_layer_0_activation_slope_p10:  0.4227	amco_layer_0_nonpositive_frac:  0.6212
amco_layer_0_preactivation_mean:  0.0118	amco_layer_0_preactivation_std:  0.1336	amco_layer_1_activation_slope_mean:  0.5262	amco_layer_1_activation_slope_p10:  0.3956
amco_layer_1_nonpositive_frac:  0.5806	amco_layer_1_preactivation_mean:  0.1043	amco_layer_1_preactivation_std:  0.2767	amco_layer_2_activation_slope_mean:  0.5362
amco_layer_2_activation_slope_p10:  0.4250	amco_layer_2_nonpositive_frac:  0.6525	amco_layer_2_preactivation_mean:  0.1881	amco_layer_2_preactivation_std:  0.4055
amco_mixing_output_rms:    1.5543	amco_pre_activation_nonpositive_frac:  0.6181	amco_q_term_rms:           0.2975	amco_state_credit_delta:   0.0366
amco_state_credit_share_delta:  0.0048	amco_state_encoder_grad_norm:  0.0094	amco_state_encoder_grad_rms:  0.0000	amco_state_term_rms:       0.0970
amco_state_to_q_ratio:     0.3254	amco_state_value_rms:      5.1080	amco_v_to_m_ratio:         3.2922	battle_won_mean:           0.2618
credit_entropy:            0.9814	credit_grad_agent_0:       0.4397	credit_grad_agent_1:       0.4152	credit_grad_agent_2:       0.4493
credit_grad_agent_3:       0.5657	credit_grad_agent_4:       0.4711	credit_grad_agent_5:       0.4940	credit_grad_agent_6:       0.5037
credit_grad_agent_7:       0.4936	credit_grad_agent_8:       0.4322	credit_grad_agent_9:       1.0179	credit_grad_cv:            0.3478
credit_grad_max:           1.5066	credit_grad_mean:          0.5282	credit_grad_median:        0.4787	credit_grad_min:           0.2045
credit_grad_near_zero_frac:  0.0000	credit_grad_negative_frac:  0.0000	credit_grad_p10:           0.3835	credit_grad_p90:           0.7639
credit_grad_std:           0.1837	credit_max_share:          0.1927	dead_allies_mean:          8.2285	dead_enemies_mean:         8.8425
ep_length_mean:           89.0527	epsilon:                   0.0500	grad_norm:                 1.0735	loss:                      0.1192
q_taken_mean:              0.4219	return_mean:              13.6770	return_std:                3.9832	target_mean:               0.4210
td_error_abs:              0.1853	test_battle_won_mean:      0.4250	test_dead_allies_mean:     7.3312	test_dead_enemies_mean:    9.8750
test_ep_length_mean:      80.1562	test_return_mean:         15.6084	test_return_std:           3.6969	
[INFO 21:35:36] my_main Updated target network
[INFO 21:37:00] my_main t_env: 1790000 / 2050000
[INFO 21:37:00] my_main Estimated time left: 2 hours, 25 minutes, 23 seconds. Time passed: 10 hours, 51 minutes, 15 seconds
[INFO 21:37:51] my_main Recent Stats | t_env:    1790000 | Episode:    25228
amco_input_q_weight_grad_norm:  0.0242	amco_input_q_weight_grad_rms:  0.0008	amco_input_state_to_q_grad_rms_ratio:  0.0607	amco_input_state_weight_grad_norm:  0.0045
amco_input_state_weight_grad_rms:  0.0000	amco_layer_0_activation_slope_mean:  0.5029	amco_layer_0_activation_slope_p10:  0.4224	amco_layer_0_nonpositive_frac:  0.6161
amco_layer_0_preactivation_mean:  0.0139	amco_layer_0_preactivation_std:  0.1359	amco_layer_1_activation_slope_mean:  0.5273	amco_layer_1_activation_slope_p10:  0.3964
amco_layer_1_nonpositive_frac:  0.5743	amco_layer_1_preactivation_mean:  0.1076	amco_layer_1_preactivation_std:  0.2779	amco_layer_2_activation_slope_mean:  0.5374
amco_layer_2_activation_slope_p10:  0.4264	amco_layer_2_nonpositive_frac:  0.6434	amco_layer_2_preactivation_mean:  0.1922	amco_layer_2_preactivation_std:  0.4061
amco_mixing_output_rms:    1.5674	amco_pre_activation_nonpositive_frac:  0.6113	amco_q_term_rms:           0.2974	amco_state_credit_delta:   0.0377
amco_state_credit_share_delta:  0.0049	amco_state_encoder_grad_norm:  0.0097	amco_state_encoder_grad_rms:  0.0000	amco_state_term_rms:       0.0986
amco_state_to_q_ratio:     0.3312	amco_state_value_rms:      5.1449	amco_v_to_m_ratio:         3.2865	battle_won_mean:           0.2389
credit_entropy:            0.9812	credit_grad_agent_0:       0.4398	credit_grad_agent_1:       0.4200	credit_grad_agent_2:       0.4514
credit_grad_agent_3:       0.5679	credit_grad_agent_4:       0.4726	credit_grad_agent_5:       0.4979	credit_grad_agent_6:       0.5038
credit_grad_agent_7:       0.4968	credit_grad_agent_8:       0.4315	credit_grad_agent_9:       1.0262	credit_grad_cv:            0.3501
credit_grad_max:           1.5210	credit_grad_mean:          0.5308	credit_grad_median:        0.4805	credit_grad_min:           0.2023
credit_grad_near_zero_frac:  0.0000	credit_grad_negative_frac:  0.0000	credit_grad_p10:           0.3859	credit_grad_p90:           0.7722
credit_grad_std:           0.1858	credit_max_share:          0.1933	dead_allies_mean:          8.3124	dead_enemies_mean:         8.7570
ep_length_mean:           91.5416	epsilon:                   0.0500	grad_norm:                 1.0939	loss:                      0.1218
q_taken_mean:              0.4254	return_mean:              13.5372	return_std:                3.8929	target_mean:               0.4241
td_error_abs:              0.1878	test_battle_won_mean:      0.3812	test_dead_allies_mean:     7.5687	test_dead_enemies_mean:    9.7875
test_ep_length_mean:      79.4375	test_return_mean:         15.2968	test_return_std:           3.6865	
[INFO 21:42:42] my_main t_env: 1800046 / 2050000
[INFO 21:42:42] my_main Estimated time left: 2 hours, 22 minutes, 6 seconds. Time passed: 10 hours, 56 minutes, 58 seconds
[INFO 21:43:26] my_main Recent Stats | t_env:    1800046 | Episode:    25332
amco_input_q_weight_grad_norm:  0.0227	amco_input_q_weight_grad_rms:  0.0007	amco_input_state_to_q_grad_rms_ratio:  0.0771	amco_input_state_weight_grad_norm:  0.0052
amco_input_state_weight_grad_rms:  0.0001	amco_layer_0_activation_slope_mean:  0.5022	amco_layer_0_activation_slope_p10:  0.4203	amco_layer_0_nonpositive_frac:  0.6175
amco_layer_0_preactivation_mean:  0.0127	amco_layer_0_preactivation_std:  0.1385	amco_layer_1_activation_slope_mean:  0.5262	amco_layer_1_activation_slope_p10:  0.3945
amco_layer_1_nonpositive_frac:  0.6113	amco_layer_1_preactivation_mean:  0.1071	amco_layer_1_preactivation_std:  0.2813	amco_layer_2_activation_slope_mean:  0.5360
amco_layer_2_activation_slope_p10:  0.4246	amco_layer_2_nonpositive_frac:  0.6505	amco_layer_2_preactivation_mean:  0.1926	amco_layer_2_preactivation_std:  0.4117
amco_mixing_output_rms:    1.5872	amco_pre_activation_nonpositive_frac:  0.6264	amco_q_term_rms:           0.2999	amco_state_credit_delta:   0.0414
amco_state_credit_share_delta:  0.0053	amco_state_encoder_grad_norm:  0.0091	amco_state_encoder_grad_rms:  0.0000	amco_state_term_rms:       0.1024
amco_state_to_q_ratio:     0.3411	amco_state_value_rms:      5.2285	amco_v_to_m_ratio:         3.2987	battle_won_mean:           0.2154
credit_entropy:            0.9811	credit_grad_agent_0:       0.4394	credit_grad_agent_1:       0.4267	credit_grad_agent_2:       0.4556
credit_grad_agent_3:       0.5737	credit_grad_agent_4:       0.4756	credit_grad_agent_5:       0.5042	credit_grad_agent_6:       0.5072
credit_grad_agent_7:       0.5036	credit_grad_agent_8:       0.4347	credit_grad_agent_9:       1.0370	credit_grad_cv:            0.3514
credit_grad_max:           1.5510	credit_grad_mean:          0.5358	credit_grad_median:        0.4850	credit_grad_min:           0.2040
credit_grad_near_zero_frac:  0.0000	credit_grad_negative_frac:  0.0000	credit_grad_p10:           0.3887	credit_grad_p90:           0.7800
credit_grad_std:           0.1883	credit_max_share:          0.1935	dead_allies_mean:          8.3944	dead_enemies_mean:         8.7018
ep_length_mean:           93.6847	epsilon:                   0.0500	grad_norm:                 1.1581	loss:                      0.1227
q_taken_mean:              0.4322	return_mean:              13.3858	return_std:                3.7839	target_mean:               0.4314
td_error_abs:              0.1895	test_battle_won_mean:      0.4313	test_dead_allies_mean:     7.4250	test_dead_enemies_mean:    9.9625
test_ep_length_mean:      80.0812	test_return_mean:         15.8126	test_return_std:           3.7333	
[INFO 21:46:40] my_main Updated target network
[INFO 21:48:02] my_main t_env: 1810080 / 2050000
[INFO 21:48:02] my_main Estimated time left: 2 hours, 7 minutes, 29 seconds. Time passed: 11 hours, 2 minutes, 18 seconds
[INFO 21:48:42] my_main Recent Stats | t_env:    1810080 | Episode:    25430
amco_input_q_weight_grad_norm:  0.0199	amco_input_q_weight_grad_rms:  0.0006	amco_input_state_to_q_grad_rms_ratio:  0.0895	amco_input_state_weight_grad_norm:  0.0060
amco_input_state_weight_grad_rms:  0.0001	amco_layer_0_activation_slope_mean:  0.5014	amco_layer_0_activation_slope_p10:  0.4169	amco_layer_0_nonpositive_frac:  0.6139
amco_layer_0_preactivation_mean:  0.0110	amco_layer_0_preactivation_std:  0.1432	amco_layer_1_activation_slope_mean:  0.5255	amco_layer_1_activation_slope_p10:  0.3908
amco_layer_1_nonpositive_frac:  0.5932	amco_layer_1_preactivation_mean:  0.1068	amco_layer_1_preactivation_std:  0.2892	amco_layer_2_activation_slope_mean:  0.5350
amco_layer_2_activation_slope_p10:  0.4210	amco_layer_2_nonpositive_frac:  0.6542	amco_layer_2_preactivation_mean:  0.1938	amco_layer_2_preactivation_std:  0.4250
amco_mixing_output_rms:    1.6201	amco_pre_activation_nonpositive_frac:  0.6204	amco_q_term_rms:           0.3067	amco_state_credit_delta:   0.0408
amco_state_credit_share_delta:  0.0052	amco_state_encoder_grad_norm:  0.0097	amco_state_encoder_grad_rms:  0.0000	amco_state_term_rms:       0.1049
amco_state_to_q_ratio:     0.3423	amco_state_value_rms:      5.3029	amco_v_to_m_ratio:         3.2779	battle_won_mean:           0.2074
credit_entropy:            0.9810	credit_grad_agent_0:       0.4368	credit_grad_agent_1:       0.4316	credit_grad_agent_2:       0.4561
credit_grad_agent_3:       0.5752	credit_grad_agent_4:       0.4764	credit_grad_agent_5:       0.5070	credit_grad_agent_6:       0.5068
credit_grad_agent_7:       0.5047	credit_grad_agent_8:       0.4362	credit_grad_agent_9:       1.0419	credit_grad_cv:            0.3531
credit_grad_max:           1.5570	credit_grad_mean:          0.5373	credit_grad_median:        0.4855	credit_grad_min:           0.1975
credit_grad_near_zero_frac:  0.0000	credit_grad_negative_frac:  0.0000	credit_grad_p10:           0.3892	credit_grad_p90:           0.7852
credit_grad_std:           0.1897	credit_max_share:          0.1939	dead_allies_mean:          8.4297	dead_enemies_mean:         8.6280
ep_length_mean:           97.7377	epsilon:                   0.0500	grad_norm:                 1.0976	loss:                      0.1229
q_taken_mean:              0.4383	return_mean:              13.3345	return_std:                3.7894	target_mean:               0.4381
td_error_abs:              0.1911	test_battle_won_mean:      0.4062	test_dead_allies_mean:     7.5187	test_dead_enemies_mean:    9.8375
test_ep_length_mean:      78.9562	test_return_mean:         15.5351	test_return_std:           3.9068	
DataHandler: unable to parse websocket frame.
CloseHandler: 127.0.0.1:41408 disconnected
[INFO 21:49:08] absl Shutdown gracefully.
[INFO 21:49:08] absl Shutdown with return code: -15
[INFO 21:49:08] absl Launching SC2: /data/workspace/wxr/pymarl-monotone-qmix/3rdparty/StarCraftII/Versions/Base75689/SC2_x64 -listen 127.0.0.1 -port 33379 -dataDir /data/workspace/wxr/pymarl-monotone-qmix/3rdparty/StarCraftII/ -tempDir /tmp/sc-mstz7_na/
Version: B75689 (SC2.4.10)
Build: Aug 12 2019 17:16:57
Command Line: '"/data/workspace/wxr/pymarl-monotone-qmix/3rdparty/StarCraftII/Versions/Base75689/SC2_x64" -listen 127.0.0.1 -port 33379 -dataDir /data/workspace/wxr/pymarl-monotone-qmix/3rdparty/StarCraftII/ -tempDir /tmp/sc-mstz7_na/'
Starting up...
Startup Phase 1 complete
[INFO 21:49:09] absl Connecting to: ws://127.0.0.1:33379/sc2api, attempt: 0, running: True
[INFO 21:49:10] absl Connecting to: ws://127.0.0.1:33379/sc2api, attempt: 1, running: True
[INFO 21:49:11] absl Connecting to: ws://127.0.0.1:33379/sc2api, attempt: 2, running: True
Startup Phase 2 complete
Creating stub renderer...
[INFO 21:49:12] absl Connecting to: ws://127.0.0.1:33379/sc2api, attempt: 3, running: True
Listening on: 127.0.0.1:33379
Startup Phase 3 complete. Ready for commands.
[INFO 21:49:13] absl Connecting to: ws://127.0.0.1:33379/sc2api, attempt: 4, running: True
ConnectHandler: Request from 127.0.0.1:46098 accepted
ReadyHandler: 127.0.0.1:46098 ready
Requesting to join a single player game
Configuring interface options
Configure: raw interface enabled
Configure: feature layer interface disabled
Configure: score interface disabled
Configure: render interface disabled
Launching next game.
Next launch phase started: 2
Next launch phase started: 3
Next launch phase started: 4
Next launch phase started: 5
Next launch phase started: 6
Next launch phase started: 7
Next launch phase started: 8
Game has started.
Using default stable ids, none found at: /data/workspace/wxr/pymarl-monotone-qmix/3rdparty/StarCraftII/stableid.json
Successfully loaded stable ids: GameData\stableid.json
Sending ResponseJoinGame
[INFO 21:54:50] my_main t_env: 1820253 / 2050000
[INFO 21:54:50] my_main Estimated time left: 2 hours, 33 minutes, 26 seconds. Time passed: 11 hours, 9 minutes, 6 seconds
[INFO 21:55:41] my_main Recent Stats | t_env:    1820253 | Episode:    25550
amco_input_q_weight_grad_norm:  0.0211	amco_input_q_weight_grad_rms:  0.0007	amco_input_state_to_q_grad_rms_ratio:  0.1017	amco_input_state_weight_grad_norm:  0.0070
amco_input_state_weight_grad_rms:  0.0001	amco_layer_0_activation_slope_mean:  0.5033	amco_layer_0_activation_slope_p10:  0.4179	amco_layer_0_nonpositive_frac:  0.6072
amco_layer_0_preactivation_mean:  0.0155	amco_layer_0_preactivation_std:  0.1460	amco_layer_1_activation_slope_mean:  0.5274	amco_layer_1_activation_slope_p10:  0.3897
amco_layer_1_nonpositive_frac:  0.5821	amco_layer_1_preactivation_mean:  0.1161	amco_layer_1_preactivation_std:  0.3011	amco_layer_2_activation_slope_mean:  0.5359
amco_layer_2_activation_slope_p10:  0.4188	amco_layer_2_nonpositive_frac:  0.6588	amco_layer_2_preactivation_mean:  0.2076	amco_layer_2_preactivation_std:  0.4482
amco_mixing_output_rms:    1.6876	amco_pre_activation_nonpositive_frac:  0.6160	amco_q_term_rms:           0.3166	amco_state_credit_delta:   0.0395
amco_state_credit_share_delta:  0.0049	amco_state_encoder_grad_norm:  0.0100	amco_state_encoder_grad_rms:  0.0000	amco_state_term_rms:       0.1033
amco_state_to_q_ratio:     0.3275	amco_state_value_rms:      5.4392	amco_v_to_m_ratio:         3.2348	battle_won_mean:           0.2064
credit_entropy:            0.9807	credit_grad_agent_0:       0.4412	credit_grad_agent_1:       0.4372	credit_grad_agent_2:       0.4605
credit_grad_agent_3:       0.5837	credit_grad_agent_4:       0.4840	credit_grad_agent_5:       0.5170	credit_grad_agent_6:       0.5135
credit_grad_agent_7:       0.5115	credit_grad_agent_8:       0.4416	credit_grad_agent_9:       1.0614	credit_grad_cv:            0.3575
credit_grad_max:           1.5943	credit_grad_mean:          0.5452	credit_grad_median:        0.4921	credit_grad_min:           0.2008
credit_grad_near_zero_frac:  0.0000	credit_grad_negative_frac:  0.0000	credit_grad_p10:           0.3920	credit_grad_p90:           0.7996
credit_grad_std:           0.1949	credit_max_share:          0.1946	dead_allies_mean:          8.4276	dead_enemies_mean:         8.5945
ep_length_mean:           95.2519	epsilon:                   0.0500	grad_norm:                 1.1602	loss:                      0.1339
q_taken_mean:              0.4549	return_mean:              13.2855	return_std:                3.8244	target_mean:               0.4554
td_error_abs:              0.2024	test_battle_won_mean:      0.4062	test_dead_allies_mean:     7.4562	test_dead_enemies_mean:    9.8000
test_ep_length_mean:      82.3688	test_return_mean:         15.4217	test_return_std:           3.9587	
[INFO 21:57:44] my_main Updated target network
[INFO 22:01:25] my_main t_env: 1830293 / 2050000
[INFO 22:01:25] my_main Estimated time left: 2 hours, 24 minutes, 1 seconds. Time passed: 11 hours, 15 minutes, 41 seconds
[INFO 22:02:18] my_main Recent Stats | t_env:    1830293 | Episode:    25672
amco_input_q_weight_grad_norm:  0.0197	amco_input_q_weight_grad_rms:  0.0006	amco_input_state_to_q_grad_rms_ratio:  0.0980	amco_input_state_weight_grad_norm:  0.0063
amco_input_state_weight_grad_rms:  0.0001	amco_layer_0_activation_slope_mean:  0.4950	amco_layer_0_activation_slope_p10:  0.4109	amco_layer_0_nonpositive_frac:  0.6392
amco_layer_0_preactivation_mean: -0.0019	amco_layer_0_preactivation_std:  0.1442	amco_layer_1_activation_slope_mean:  0.5175	amco_layer_1_activation_slope_p10:  0.3802
amco_layer_1_nonpositive_frac:  0.6183	amco_layer_1_preactivation_mean:  0.0939	amco_layer_1_preactivation_std:  0.2989	amco_layer_2_activation_slope_mean:  0.5264
amco_layer_2_activation_slope_p10:  0.4110	amco_layer_2_nonpositive_frac:  0.6933	amco_layer_2_preactivation_mean:  0.1836	amco_layer_2_preactivation_std:  0.4425
amco_mixing_output_rms:    1.6668	amco_pre_activation_nonpositive_frac:  0.6502	amco_q_term_rms:           0.3159	amco_state_credit_delta:   0.0406
amco_state_credit_share_delta:  0.0050	amco_state_encoder_grad_norm:  0.0107	amco_state_encoder_grad_rms:  0.0001	amco_state_term_rms:       0.0995
amco_state_to_q_ratio:     0.3161	amco_state_value_rms:      5.3212	amco_v_to_m_ratio:         3.2051	battle_won_mean:           0.2166
credit_entropy:            0.9803	credit_grad_agent_0:       0.4410	credit_grad_agent_1:       0.4410	credit_grad_agent_2:       0.4632
credit_grad_agent_3:       0.5932	credit_grad_agent_4:       0.4895	credit_grad_agent_5:       0.5295	credit_grad_agent_6:       0.5174
credit_grad_agent_7:       0.5181	credit_grad_agent_8:       0.4482	credit_grad_agent_9:       1.0777	credit_grad_cv:            0.3588
credit_grad_max:           1.6244	credit_grad_mean:          0.5519	credit_grad_median:        0.4976	credit_grad_min:           0.2057
credit_grad_near_zero_frac:  0.0000	credit_grad_negative_frac:  0.0000	credit_grad_p10:           0.3964	credit_grad_p90:           0.8139
credit_grad_std:           0.1981	credit_max_share:          0.1952	dead_allies_mean:          8.4020	dead_enemies_mean:         8.6293
ep_length_mean:           91.5869	epsilon:                   0.0500	grad_norm:                 1.0938	loss:                      0.1259
q_taken_mean:              0.4306	return_mean:              13.3675	return_std:                3.8656	target_mean:               0.4319
td_error_abs:              0.1902	test_battle_won_mean:      0.4188	test_dead_allies_mean:     7.4250	test_dead_enemies_mean:    9.6750
test_ep_length_mean:      81.0062	test_return_mean:         15.2765	test_return_std:           4.0845	
[INFO 22:08:21] my_main t_env: 1840441 / 2050000
[INFO 22:08:21] my_main Estimated time left: 2 hours, 23 minutes, 13 seconds. Time passed: 11 hours, 22 minutes, 37 seconds
[INFO 22:09:14] my_main Recent Stats | t_env:    1840441 | Episode:    25795
amco_input_q_weight_grad_norm:  0.0197	amco_input_q_weight_grad_rms:  0.0006	amco_input_state_to_q_grad_rms_ratio:  0.0989	amco_input_state_weight_grad_norm:  0.0063
amco_input_state_weight_grad_rms:  0.0001	amco_layer_0_activation_slope_mean:  0.4981	amco_layer_0_activation_slope_p10:  0.4109	amco_layer_0_nonpositive_frac:  0.6207
amco_layer_0_preactivation_mean:  0.0047	amco_layer_0_preactivation_std:  0.1494	amco_layer_1_activation_slope_mean:  0.5212	amco_layer_1_activation_slope_p10:  0.3822
amco_layer_1_nonpositive_frac:  0.6096	amco_layer_1_preactivation_mean:  0.1047	amco_layer_1_preactivation_std:  0.3049	amco_layer_2_activation_slope_mean:  0.5291
amco_layer_2_activation_slope_p10:  0.4127	amco_layer_2_nonpositive_frac:  0.6849	amco_layer_2_preactivation_mean:  0.1965	amco_layer_2_preactivation_std:  0.4547
amco_mixing_output_rms:    1.7108	amco_pre_activation_nonpositive_frac:  0.6384	amco_q_term_rms:           0.3198	amco_state_credit_delta:   0.0443
amco_state_credit_share_delta:  0.0055	amco_state_encoder_grad_norm:  0.0101	amco_state_encoder_grad_rms:  0.0000	amco_state_term_rms:       0.1049
amco_state_to_q_ratio:     0.3294	amco_state_value_rms:      5.3843	amco_v_to_m_ratio:         3.1522	battle_won_mean:           0.2187
credit_entropy:            0.9801	credit_grad_agent_0:       0.4398	credit_grad_agent_1:       0.4438	credit_grad_agent_2:       0.4648
credit_grad_agent_3:       0.5994	credit_grad_agent_4:       0.4933	credit_grad_agent_5:       0.5372	credit_grad_agent_6:       0.5190
credit_grad_agent_7:       0.5211	credit_grad_agent_8:       0.4511	credit_grad_agent_9:       1.0882	credit_grad_cv:            0.3622
credit_grad_max:           1.6482	credit_grad_mean:          0.5558	credit_grad_median:        0.5010	credit_grad_min:           0.2060
credit_grad_near_zero_frac:  0.0000	credit_grad_negative_frac:  0.0000	credit_grad_p10:           0.3967	credit_grad_p90:           0.8217
credit_grad_std:           0.2014	credit_max_share:          0.1957	dead_allies_mean:          8.3885	dead_enemies_mean:         8.6018
ep_length_mean:           89.7116	epsilon:                   0.0500	grad_norm:                 1.0333	loss:                      0.1276
q_taken_mean:              0.4412	return_mean:              13.2964	return_std:                3.9381	target_mean:               0.4427
td_error_abs:              0.1911	test_battle_won_mean:      0.4437	test_dead_allies_mean:     7.2562	test_dead_enemies_mean:    9.6000
test_ep_length_mean:      83.4938	test_return_mean:         15.3223	test_return_std:           4.1924	
[INFO 22:09:29] my_main Updated target network
[INFO 22:14:36] my_main t_env: 1850543 / 2050000
[INFO 22:14:36] my_main Estimated time left: 2 hours, 3 minutes, 34 seconds. Time passed: 11 hours, 28 minutes, 52 seconds
[INFO 22:15:46] my_main Recent Stats | t_env:    1850543 | Episode:    25893
amco_input_q_weight_grad_norm:  0.0196	amco_input_q_weight_grad_rms:  0.0006	amco_input_state_to_q_grad_rms_ratio:  0.0835	amco_input_state_weight_grad_norm:  0.0055
amco_input_state_weight_grad_rms:  0.0001	amco_layer_0_activation_slope_mean:  0.4970	amco_layer_0_activation_slope_p10:  0.4110	amco_layer_0_nonpositive_frac:  0.6254
amco_layer_0_preactivation_mean:  0.0023	amco_layer_0_preactivation_std:  0.1471	amco_layer_1_activation_slope_mean:  0.5200	amco_layer_1_activation_slope_p10:  0.3825
amco_layer_1_nonpositive_frac:  0.6185	amco_layer_1_preactivation_mean:  0.1013	amco_layer_1_preactivation_std:  0.3018	amco_layer_2_activation_slope_mean:  0.5280
amco_layer_2_activation_slope_p10:  0.4126	amco_layer_2_nonpositive_frac:  0.6717	amco_layer_2_preactivation_mean:  0.1924	amco_layer_2_preactivation_std:  0.4503
amco_mixing_output_rms:    1.7039	amco_pre_activation_nonpositive_frac:  0.6385	amco_q_term_rms:           0.3178	amco_state_credit_delta:   0.0436
amco_state_credit_share_delta:  0.0053	amco_state_encoder_grad_norm:  0.0095	amco_state_encoder_grad_rms:  0.0000	amco_state_term_rms:       0.1021
amco_state_to_q_ratio:     0.3225	amco_state_value_rms:      5.3639	amco_v_to_m_ratio:         3.1535	battle_won_mean:           0.2371
credit_entropy:            0.9797	credit_grad_agent_0:       0.4408	credit_grad_agent_1:       0.4459	credit_grad_agent_2:       0.4686
credit_grad_agent_3:       0.6103	credit_grad_agent_4:       0.4992	credit_grad_agent_5:       0.5468	credit_grad_agent_6:       0.5223
credit_grad_agent_7:       0.5272	credit_grad_agent_8:       0.4572	credit_grad_agent_9:       1.1052	credit_grad_cv:            0.3665
credit_grad_max:           1.6659	credit_grad_mean:          0.5623	credit_grad_median:        0.5069	credit_grad_min:           0.2019
credit_grad_near_zero_frac:  0.0000	credit_grad_negative_frac:  0.0000	credit_grad_p10:           0.3974	credit_grad_p90:           0.8316
credit_grad_std:           0.2062	credit_max_share:          0.1965	dead_allies_mean:          8.2910	dead_enemies_mean:         8.6694
ep_length_mean:           91.0087	epsilon:                   0.0500	grad_norm:                 1.0451	loss:                      0.1243
q_taken_mean:              0.4359	return_mean:              13.4492	return_std:                4.0128	target_mean:               0.4363
td_error_abs:              0.1882	test_battle_won_mean:      0.4562	test_dead_allies_mean:     7.1937	test_dead_enemies_mean:    9.6750
test_ep_length_mean:      83.8250	test_return_mean:         15.3341	test_return_std:           4.1733	
[INFO 22:22:27] my_main t_env: 1860709 / 2050000
[INFO 22:22:27] my_main Estimated time left: 2 hours, 25 minutes, 56 seconds. Time passed: 11 hours, 36 minutes, 43 seconds
[INFO 22:23:45] my_main Recent Stats | t_env:    1860709 | Episode:    25988
amco_input_q_weight_grad_norm:  0.0234	amco_input_q_weight_grad_rms:  0.0008	amco_input_state_to_q_grad_rms_ratio:  0.0718	amco_input_state_weight_grad_norm:  0.0050
amco_input_state_weight_grad_rms:  0.0000	amco_layer_0_activation_slope_mean:  0.4930	amco_layer_0_activation_slope_p10:  0.4064	amco_layer_0_nonpositive_frac:  0.6326
amco_layer_0_preactivation_mean: -0.0068	amco_layer_0_preactivation_std:  0.1474	amco_layer_1_activation_slope_mean:  0.5160	amco_layer_1_activation_slope_p10:  0.3802
amco_layer_1_nonpositive_frac:  0.6481	amco_layer_1_preactivation_mean:  0.0879	amco_layer_1_preactivation_std:  0.2947	amco_layer_2_activation_slope_mean:  0.5247
amco_layer_2_activation_slope_p10:  0.4105	amco_layer_2_nonpositive_frac:  0.6797	amco_layer_2_preactivation_mean:  0.1762	amco_layer_2_preactivation_std:  0.4362
amco_mixing_output_rms:    1.6571	amco_pre_activation_nonpositive_frac:  0.6535	amco_q_term_rms:           0.3109	amco_state_credit_delta:   0.0464
amco_state_credit_share_delta:  0.0057	amco_state_encoder_grad_norm:  0.0092	amco_state_encoder_grad_rms:  0.0000	amco_state_term_rms:       0.1045
amco_state_to_q_ratio:     0.3384	amco_state_value_rms:      5.3445	amco_v_to_m_ratio:         3.2461	battle_won_mean:           0.2259
credit_entropy:            0.9792	credit_grad_agent_0:       0.4379	credit_grad_agent_1:       0.4439	credit_grad_agent_2:       0.4680
credit_grad_agent_3:       0.6167	credit_grad_agent_4:       0.5007	credit_grad_agent_5:       0.5546	credit_grad_agent_6:       0.5232
credit_grad_agent_7:       0.5302	credit_grad_agent_8:       0.4607	credit_grad_agent_9:       1.1146	credit_grad_cv:            0.3702
credit_grad_max:           1.6855	credit_grad_mean:          0.5650	credit_grad_median:        0.5091	credit_grad_min:           0.2042
credit_grad_near_zero_frac:  0.0000	credit_grad_negative_frac:  0.0000	credit_grad_p10:           0.3962	credit_grad_p90:           0.8372
credit_grad_std:           0.2092	credit_max_share:          0.1972	dead_allies_mean:          8.2956	dead_enemies_mean:         8.6144
ep_length_mean:           91.9333	epsilon:                   0.0500	grad_norm:                 1.4915	loss:                      0.1321
q_taken_mean:              0.4293	return_mean:              13.2682	return_std:                3.9862	target_mean:               0.4310
td_error_abs:              0.1926	test_battle_won_mean:      0.4437	test_dead_allies_mean:     7.3500	test_dead_enemies_mean:    9.6000
test_ep_length_mean:      86.4062	test_return_mean:         15.1785	test_return_std:           4.2108	
[INFO 22:24:40] my_main Updated target network
DataHandler: unable to parse websocket frame.
CloseHandler: 127.0.0.1:46098 disconnected
[INFO 22:25:00] absl Shutdown gracefully.
[INFO 22:25:00] absl Shutdown with return code: -15
[INFO 22:25:00] absl Launching SC2: /data/workspace/wxr/pymarl-monotone-qmix/3rdparty/StarCraftII/Versions/Base75689/SC2_x64 -listen 127.0.0.1 -port 35917 -dataDir /data/workspace/wxr/pymarl-monotone-qmix/3rdparty/StarCraftII/ -tempDir /tmp/sc-_r3l8pad/
[INFO 22:25:02] absl Connecting to: ws://127.0.0.1:35917/sc2api, attempt: 0, running: True
Version: B75689 (SC2.4.10)
Build: Aug 12 2019 17:16:57
Command Line: '"/data/workspace/wxr/pymarl-monotone-qmix/3rdparty/StarCraftII/Versions/Base75689/SC2_x64" -listen 127.0.0.1 -port 35917 -dataDir /data/workspace/wxr/pymarl-monotone-qmix/3rdparty/StarCraftII/ -tempDir /tmp/sc-_r3l8pad/'
Starting up...
Startup Phase 1 complete
[INFO 22:25:03] absl Connecting to: ws://127.0.0.1:35917/sc2api, attempt: 1, running: True
Startup Phase 2 complete
Creating stub renderer...
[INFO 22:25:04] absl Connecting to: ws://127.0.0.1:35917/sc2api, attempt: 2, running: True
Listening on: 127.0.0.1:35917
Startup Phase 3 complete. Ready for commands.
[INFO 22:25:05] absl Connecting to: ws://127.0.0.1:35917/sc2api, attempt: 3, running: True
ConnectHandler: Request from 127.0.0.1:34984 accepted
ReadyHandler: 127.0.0.1:34984 ready
Requesting to join a single player game
Configuring interface options
Configure: raw interface enabled
Configure: feature layer interface disabled
Configure: score interface disabled
Configure: render interface disabled
Launching next game.
Next launch phase started: 2
Next launch phase started: 3
Next launch phase started: 4
Next launch phase started: 5
Next launch phase started: 6
Next launch phase started: 7
Next launch phase started: 8
Game has started.
Using default stable ids, none found at: /data/workspace/wxr/pymarl-monotone-qmix/3rdparty/StarCraftII/stableid.json
Successfully loaded stable ids: GameData\stableid.json
Sending ResponseJoinGame
[INFO 22:30:18] my_main t_env: 1870720 / 2050000
[INFO 22:30:18] my_main Estimated time left: 2 hours, 20 minutes, 31 seconds. Time passed: 11 hours, 44 minutes, 33 seconds
[INFO 22:31:35] my_main Recent Stats | t_env:    1870720 | Episode:    26086
amco_input_q_weight_grad_norm:  0.0407	amco_input_q_weight_grad_rms:  0.0013	amco_input_state_to_q_grad_rms_ratio:  0.0502	amco_input_state_weight_grad_norm:  0.0054
amco_input_state_weight_grad_rms:  0.0001	amco_layer_0_activation_slope_mean:  0.4896	amco_layer_0_activation_slope_p10:  0.4015	amco_layer_0_nonpositive_frac:  0.6386
amco_layer_0_preactivation_mean: -0.0155	amco_layer_0_preactivation_std:  0.1484	amco_layer_1_activation_slope_mean:  0.5127	amco_layer_1_activation_slope_p10:  0.3795
amco_layer_1_nonpositive_frac:  0.6614	amco_layer_1_preactivation_mean:  0.0735	amco_layer_1_preactivation_std:  0.2836	amco_layer_2_activation_slope_mean:  0.5226
amco_layer_2_activation_slope_p10:  0.4109	amco_layer_2_nonpositive_frac:  0.6833	amco_layer_2_preactivation_mean:  0.1574	amco_layer_2_preactivation_std:  0.4136
amco_mixing_output_rms:    1.5894	amco_pre_activation_nonpositive_frac:  0.6611	amco_q_term_rms:           0.3011	amco_state_credit_delta:   0.0489
amco_state_credit_share_delta:  0.0061	amco_state_encoder_grad_norm:  0.0122	amco_state_encoder_grad_rms:  0.0001	amco_state_term_rms:       0.1105
amco_state_to_q_ratio:     0.3680	amco_state_value_rms:      5.2936	amco_v_to_m_ratio:         3.3435	battle_won_mean:           0.2291
credit_entropy:            0.9789	credit_grad_agent_0:       0.4291	credit_grad_agent_1:       0.4383	credit_grad_agent_2:       0.4630
credit_grad_agent_3:       0.6122	credit_grad_agent_4:       0.4974	credit_grad_agent_5:       0.5528	credit_grad_agent_6:       0.5152
credit_grad_agent_7:       0.5259	credit_grad_agent_8:       0.4584	credit_grad_agent_9:       1.1087	credit_grad_cv:            0.3734
credit_grad_max:           1.6813	credit_grad_mean:          0.5601	credit_grad_median:        0.5052	credit_grad_min:           0.1958
credit_grad_near_zero_frac:  0.0000	credit_grad_negative_frac:  0.0000	credit_grad_p10:           0.3915	credit_grad_p90:           0.8288
credit_grad_std:           0.2091	credit_max_share:          0.1979	dead_allies_mean:          8.2531	dead_enemies_mean:         8.5594
ep_length_mean:           95.4089	epsilon:                   0.0500	grad_norm:                 2.3445	loss:                      0.1448
q_taken_mean:              0.4211	return_mean:              13.2565	return_std:                4.0089	target_mean:               0.4259
td_error_abs:              0.2041	test_battle_won_mean:      0.4750	test_dead_allies_mean:     7.2250	test_dead_enemies_mean:    9.7312
test_ep_length_mean:      85.8312	test_return_mean:         15.5213	test_return_std:           4.2077	
[INFO 22:37:50] my_main t_env: 1880765 / 2050000
[INFO 22:37:50] my_main Estimated time left: 2 hours, 6 minutes, 58 seconds. Time passed: 11 hours, 52 minutes, 6 seconds
[INFO 22:38:52] my_main Recent Stats | t_env:    1880765 | Episode:    26193
amco_input_q_weight_grad_norm:  0.0386	amco_input_q_weight_grad_rms:  0.0012	amco_input_state_to_q_grad_rms_ratio:  0.0732	amco_input_state_weight_grad_norm:  0.0057
amco_input_state_weight_grad_rms:  0.0001	amco_layer_0_activation_slope_mean:  0.4881	amco_layer_0_activation_slope_p10:  0.4008	amco_layer_0_nonpositive_frac:  0.6425
amco_layer_0_preactivation_mean: -0.0192	amco_layer_0_preactivation_std:  0.1468	amco_layer_1_activation_slope_mean:  0.5115	amco_layer_1_activation_slope_p10:  0.3793
amco_layer_1_nonpositive_frac:  0.6607	amco_layer_1_preactivation_mean:  0.0670	amco_layer_1_preactivation_std:  0.2793	amco_layer_2_activation_slope_mean:  0.5217
amco_layer_2_activation_slope_p10:  0.4103	amco_layer_2_nonpositive_frac:  0.6849	amco_layer_2_preactivation_mean:  0.1487	amco_layer_2_preactivation_std:  0.4054
amco_mixing_output_rms:    1.5553	amco_pre_activation_nonpositive_frac:  0.6627	amco_q_term_rms:           0.2967	amco_state_credit_delta:   0.0482
amco_state_credit_share_delta:  0.0060	amco_state_encoder_grad_norm:  0.0113	amco_state_encoder_grad_rms:  0.0001	amco_state_term_rms:       0.1109
amco_state_to_q_ratio:     0.3736	amco_state_value_rms:      5.3448	amco_v_to_m_ratio:         3.4448	battle_won_mean:           0.2166
credit_entropy:            0.9789	credit_grad_agent_0:       0.4221	credit_grad_agent_1:       0.4341	credit_grad_agent_2:       0.4608
credit_grad_agent_3:       0.6074	credit_grad_agent_4:       0.4967	credit_grad_agent_5:       0.5498	credit_grad_agent_6:       0.5079
credit_grad_agent_7:       0.5235	credit_grad_agent_8:       0.4575	credit_grad_agent_9:       1.1008	credit_grad_cv:            0.3746
credit_grad_max:           1.6670	credit_grad_mean:          0.5561	credit_grad_median:        0.5024	credit_grad_min:           0.1893
credit_grad_near_zero_frac:  0.0000	credit_grad_negative_frac:  0.0000	credit_grad_p10:           0.3866	credit_grad_p90:           0.8170
credit_grad_std:           0.2083	credit_max_share:          0.1979	dead_allies_mean:          8.2837	dead_enemies_mean:         8.4988
ep_length_mean:           97.7256	epsilon:                   0.0500	grad_norm:                 2.2903	loss:                      0.1464
q_taken_mean:              0.4235	return_mean:              13.1830	return_std:                3.9812	target_mean:               0.4297
td_error_abs:              0.2081	test_battle_won_mean:      0.4562	test_dead_allies_mean:     7.2812	test_dead_enemies_mean:    9.6687
test_ep_length_mean:      88.6312	test_return_mean:         15.4874	test_return_std:           4.1520	
[INFO 22:39:23] my_main Updated target network
[INFO 22:44:37] my_main t_env: 1890803 / 2050000
[INFO 22:44:37] my_main Estimated time left: 1 hours, 47 minutes, 40 seconds. Time passed: 11 hours, 58 minutes, 53 seconds
[INFO 22:45:46] my_main Recent Stats | t_env:    1890803 | Episode:    26304
amco_input_q_weight_grad_norm:  0.0402	amco_input_q_weight_grad_rms:  0.0013	amco_input_state_to_q_grad_rms_ratio:  0.0686	amco_input_state_weight_grad_norm:  0.0056
amco_input_state_weight_grad_rms:  0.0001	amco_layer_0_activation_slope_mean:  0.4911	amco_layer_0_activation_slope_p10:  0.4065	amco_layer_0_nonpositive_frac:  0.6357
amco_layer_0_preactivation_mean: -0.0122	amco_layer_0_preactivation_std:  0.1433	amco_layer_1_activation_slope_mean:  0.5148	amco_layer_1_activation_slope_p10:  0.3805
amco_layer_1_nonpositive_frac:  0.6419	amco_layer_1_preactivation_mean:  0.0758	amco_layer_1_preactivation_std:  0.2857	amco_layer_2_activation_slope_mean:  0.5251
amco_layer_2_activation_slope_p10:  0.4113	amco_layer_2_nonpositive_frac:  0.6617	amco_layer_2_preactivation_mean:  0.1605	amco_layer_2_preactivation_std:  0.4170
amco_mixing_output_rms:    1.5812	amco_pre_activation_nonpositive_frac:  0.6464	amco_q_term_rms:           0.3013	amco_state_credit_delta:   0.0453
amco_state_credit_share_delta:  0.0056	amco_state_encoder_grad_norm:  0.0113	amco_state_encoder_grad_rms:  0.0001	amco_state_term_rms:       0.1046
amco_state_to_q_ratio:     0.3483	amco_state_value_rms:      5.3988	amco_v_to_m_ratio:         3.4292	battle_won_mean:           0.2100
credit_entropy:            0.9791	credit_grad_agent_0:       0.4185	credit_grad_agent_1:       0.4336	credit_grad_agent_2:       0.4592
credit_grad_agent_3:       0.6048	credit_grad_agent_4:       0.4970	credit_grad_agent_5:       0.5479	credit_grad_agent_6:       0.5043
credit_grad_agent_7:       0.5221	credit_grad_agent_8:       0.4574	credit_grad_agent_9:       1.0921	credit_grad_cv:            0.3749
credit_grad_max:           1.6652	credit_grad_mean:          0.5537	credit_grad_median:        0.5017	credit_grad_min:           0.1844
credit_grad_near_zero_frac:  0.0000	credit_grad_negative_frac:  0.0000	credit_grad_p10:           0.3819	credit_grad_p90:           0.8092
credit_grad_std:           0.2075	credit_max_share:          0.1972	dead_allies_mean:          8.3363	dead_enemies_mean:         8.4054
ep_length_mean:           99.3112	epsilon:                   0.0500	grad_norm:                 2.3315	loss:                      0.1496
q_taken_mean:              0.4365	return_mean:              13.0590	return_std:                3.9545	target_mean:               0.4432
td_error_abs:              0.2158	test_battle_won_mean:      0.4375	test_dead_allies_mean:     7.4562	test_dead_enemies_mean:    9.7188
test_ep_length_mean:      87.6188	test_return_mean:         15.4191	test_return_std:           4.0822	
[INFO 22:51:09] my_main Updated target network
[INFO 22:51:47] my_main t_env: 1900841 / 2050000
[INFO 22:51:47] my_main Estimated time left: 1 hours, 46 minutes, 24 seconds. Time passed: 12 hours, 6 minutes, 3 seconds
[INFO 22:52:48] my_main Recent Stats | t_env:    1900841 | Episode:    26412
amco_input_q_weight_grad_norm:  0.0404	amco_input_q_weight_grad_rms:  0.0013	amco_input_state_to_q_grad_rms_ratio:  0.0630	amco_input_state_weight_grad_norm:  0.0053
amco_input_state_weight_grad_rms:  0.0001	amco_layer_0_activation_slope_mean:  0.4891	amco_layer_0_activation_slope_p10:  0.4040	amco_layer_0_nonpositive_frac:  0.6438
amco_layer_0_preactivation_mean: -0.0170	amco_layer_0_preactivation_std:  0.1437	amco_layer_1_activation_slope_mean:  0.5128	amco_layer_1_activation_slope_p10:  0.3781
amco_layer_1_nonpositive_frac:  0.6346	amco_layer_1_preactivation_mean:  0.0689	amco_layer_1_preactivation_std:  0.2849	amco_layer_2_activation_slope_mean:  0.5233
amco_layer_2_activation_slope_p10:  0.4096	amco_layer_2_nonpositive_frac:  0.6692	amco_layer_2_preactivation_mean:  0.1524	amco_layer_2_preactivation_std:  0.4129
amco_mixing_output_rms:    1.5603	amco_pre_activation_nonpositive_frac:  0.6492	amco_q_term_rms:           0.2997	amco_state_credit_delta:   0.0419
amco_state_credit_share_delta:  0.0053	amco_state_encoder_grad_norm:  0.0126	amco_state_encoder_grad_rms:  0.0001	amco_state_term_rms:       0.1041
amco_state_to_q_ratio:     0.3483	amco_state_value_rms:      5.3374	amco_v_to_m_ratio:         3.4341	battle_won_mean:           0.2106
credit_entropy:            0.9793	credit_grad_agent_0:       0.4101	credit_grad_agent_1:       0.4329	credit_grad_agent_2:       0.4562
credit_grad_agent_3:       0.5983	credit_grad_agent_4:       0.4998	credit_grad_agent_5:       0.5453	credit_grad_agent_6:       0.4993
credit_grad_agent_7:       0.5214	credit_grad_agent_8:       0.4543	credit_grad_agent_9:       1.0798	credit_grad_cv:            0.3719
credit_grad_max:           1.6606	credit_grad_mean:          0.5497	credit_grad_median:        0.4989	credit_grad_min:           0.1840
credit_grad_near_zero_frac:  0.0000	credit_grad_negative_frac:  0.0000	credit_grad_p10:           0.3792	credit_grad_p90:           0.8019
credit_grad_std:           0.2044	credit_max_share:          0.1964	dead_allies_mean:          8.3631	dead_enemies_mean:         8.3710
ep_length_mean:           97.2838	epsilon:                   0.0500	grad_norm:                 2.2577	loss:                      0.1483
q_taken_mean:              0.4278	return_mean:              13.0413	return_std:                3.9761	target_mean:               0.4357
td_error_abs:              0.2133	test_battle_won_mean:      0.3875	test_dead_allies_mean:     7.5938	test_dead_enemies_mean:    9.5687
test_ep_length_mean:      90.6312	test_return_mean:         15.1479	test_return_std:           4.0621	
[INFO 22:58:14] my_main t_env: 1910933 / 2050000
[INFO 22:58:14] my_main Estimated time left: 1 hours, 28 minutes, 59 seconds. Time passed: 12 hours, 12 minutes, 30 seconds
[INFO 22:59:25] my_main Recent Stats | t_env:    1910933 | Episode:    26517
amco_input_q_weight_grad_norm:  0.0345	amco_input_q_weight_grad_rms:  0.0011	amco_input_state_to_q_grad_rms_ratio:  0.0648	amco_input_state_weight_grad_norm:  0.0046
amco_input_state_weight_grad_rms:  0.0000	amco_layer_0_activation_slope_mean:  0.4881	amco_layer_0_activation_slope_p10:  0.4031	amco_layer_0_nonpositive_frac:  0.6460
amco_layer_0_preactivation_mean: -0.0191	amco_layer_0_preactivation_std:  0.1444	amco_layer_1_activation_slope_mean:  0.5120	amco_layer_1_activation_slope_p10:  0.3764
amco_layer_1_nonpositive_frac:  0.6188	amco_layer_1_preactivation_mean:  0.0666	amco_layer_1_preactivation_std:  0.2871	amco_layer_2_activation_slope_mean:  0.5226
amco_layer_2_activation_slope_p10:  0.4088	amco_layer_2_nonpositive_frac:  0.6623	amco_layer_2_preactivation_mean:  0.1500	amco_layer_2_preactivation_std:  0.4145
amco_mixing_output_rms:    1.5645	amco_pre_activation_nonpositive_frac:  0.6424	amco_q_term_rms:           0.3025	amco_state_credit_delta:   0.0438
amco_state_credit_share_delta:  0.0055	amco_state_encoder_grad_norm:  0.0121	amco_state_encoder_grad_rms:  0.0001	amco_state_term_rms:       0.1069
amco_state_to_q_ratio:     0.3539	amco_state_value_rms:      5.3247	amco_v_to_m_ratio:         3.4144	battle_won_mean:           0.2343
credit_entropy:            0.9794	credit_grad_agent_0:       0.4027	credit_grad_agent_1:       0.4326	credit_grad_agent_2:       0.4570
credit_grad_agent_3:       0.5958	credit_grad_agent_4:       0.5040	credit_grad_agent_5:       0.5466	credit_grad_agent_6:       0.4957
credit_grad_agent_7:       0.5220	credit_grad_agent_8:       0.4506	credit_grad_agent_9:       1.0728	credit_grad_cv:            0.3721
credit_grad_max:           1.6599	credit_grad_mean:          0.5480	credit_grad_median:        0.4985	credit_grad_min:           0.1760
credit_grad_near_zero_frac:  0.0000	credit_grad_negative_frac:  0.0000	credit_grad_p10:           0.3757	credit_grad_p90:           0.7968
credit_grad_std:           0.2039	credit_max_share:          0.1958	dead_allies_mean:          8.3037	dead_enemies_mean:         8.5282
ep_length_mean:           95.1045	epsilon:                   0.0500	grad_norm:                 1.7369	loss:                      0.1406
q_taken_mean:              0.4260	return_mean:              13.3566	return_std:                4.0325	target_mean:               0.4323
td_error_abs:              0.2078	test_battle_won_mean:      0.3625	test_dead_allies_mean:     7.5750	test_dead_enemies_mean:    9.4938
test_ep_length_mean:      94.2188	test_return_mean:         15.0173	test_return_std:           3.9218	
RequestQuit command received.
Closing Application...
DataHandler: unable to parse websocket frame.
CloseHandler: 127.0.0.1:34984 disconnected
[INFO 23:00:23] absl Shutdown gracefully.
[INFO 23:00:23] absl Shutdown with return code: -15
[INFO 23:00:23] absl Launching SC2: /data/workspace/wxr/pymarl-monotone-qmix/3rdparty/StarCraftII/Versions/Base75689/SC2_x64 -listen 127.0.0.1 -port 40365 -dataDir /data/workspace/wxr/pymarl-monotone-qmix/3rdparty/StarCraftII/ -tempDir /tmp/sc-wqj66h4o/
Version: B75689 (SC2.4.10)
Build: Aug 12 2019 17:16:57
Command Line: '"/data/workspace/wxr/pymarl-monotone-qmix/3rdparty/StarCraftII/Versions/Base75689/SC2_x64" -listen 127.0.0.1 -port 40365 -dataDir /data/workspace/wxr/pymarl-monotone-qmix/3rdparty/StarCraftII/ -tempDir /tmp/sc-wqj66h4o/'
[INFO 23:00:25] absl Connecting to: ws://127.0.0.1:40365/sc2api, attempt: 0, running: True
Starting up...
Startup Phase 1 complete
[INFO 23:00:26] absl Connecting to: ws://127.0.0.1:40365/sc2api, attempt: 1, running: True
Startup Phase 2 complete
Creating stub renderer...
[INFO 23:00:27] absl Connecting to: ws://127.0.0.1:40365/sc2api, attempt: 2, running: True
Listening on: 127.0.0.1:40365
Startup Phase 3 complete. Ready for commands.
[INFO 23:00:28] absl Connecting to: ws://127.0.0.1:40365/sc2api, attempt: 3, running: True
ConnectHandler: Request from 127.0.0.1:45076 accepted
ReadyHandler: 127.0.0.1:45076 ready
Requesting to join a single player game
Configuring interface options
Configure: raw interface enabled
Configure: feature layer interface disabled
Configure: score interface disabled
Configure: render interface disabled
Launching next game.
Next launch phase started: 2
Next launch phase started: 3
Next launch phase started: 4
Next launch phase started: 5
Next launch phase started: 6
Next launch phase started: 7
Next launch phase started: 8
Game has started.
Using default stable ids, none found at: /data/workspace/wxr/pymarl-monotone-qmix/3rdparty/StarCraftII/stableid.json
Successfully loaded stable ids: GameData\stableid.json
Sending ResponseJoinGame
[INFO 23:03:39] my_main Updated target network
[INFO 23:05:00] my_main t_env: 1920969 / 2050000
[INFO 23:05:00] my_main Estimated time left: 1 hours, 26 minutes, 51 seconds. Time passed: 12 hours, 19 minutes, 15 seconds
[INFO 23:05:44] my_main Recent Stats | t_env:    1920969 | Episode:    26627
amco_input_q_weight_grad_norm:  0.0168	amco_input_q_weight_grad_rms:  0.0005	amco_input_state_to_q_grad_rms_ratio:  0.0643	amco_input_state_weight_grad_norm:  0.0029
amco_input_state_weight_grad_rms:  0.0000	amco_layer_0_activation_slope_mean:  0.4848	amco_layer_0_activation_slope_p10:  0.4014	amco_layer_0_nonpositive_frac:  0.6587
amco_layer_0_preactivation_mean: -0.0261	amco_layer_0_preactivation_std:  0.1410	amco_layer_1_activation_slope_mean:  0.5081	amco_layer_1_activation_slope_p10:  0.3735
amco_layer_1_nonpositive_frac:  0.6195	amco_layer_1_preactivation_mean:  0.0569	amco_layer_1_preactivation_std:  0.2837	amco_layer_2_activation_slope_mean:  0.5190
amco_layer_2_activation_slope_p10:  0.4069	amco_layer_2_nonpositive_frac:  0.6637	amco_layer_2_preactivation_mean:  0.1384	amco_layer_2_preactivation_std:  0.4069
amco_mixing_output_rms:    1.5412	amco_pre_activation_nonpositive_frac:  0.6473	amco_q_term_rms:           0.3001	amco_state_credit_delta:   0.0431
amco_state_credit_share_delta:  0.0053	amco_state_encoder_grad_norm:  0.0086	amco_state_encoder_grad_rms:  0.0000	amco_state_term_rms:       0.1018
amco_state_to_q_ratio:     0.3403	amco_state_value_rms:      5.2424	amco_v_to_m_ratio:         3.4143	battle_won_mean:           0.2366
credit_entropy:            0.9797	credit_grad_agent_0:       0.3993	credit_grad_agent_1:       0.4371	credit_grad_agent_2:       0.4599
credit_grad_agent_3:       0.5987	credit_grad_agent_4:       0.5118	credit_grad_agent_5:       0.5507	credit_grad_agent_6:       0.4985
credit_grad_agent_7:       0.5233	credit_grad_agent_8:       0.4506	credit_grad_agent_9:       1.0701	credit_grad_cv:            0.3689
credit_grad_max:           1.6570	credit_grad_mean:          0.5500	credit_grad_median:        0.5007	credit_grad_min:           0.1733
credit_grad_near_zero_frac:  0.0000	credit_grad_negative_frac:  0.0000	credit_grad_p10:           0.3768	credit_grad_p90:           0.7992
credit_grad_std:           0.2029	credit_max_share:          0.1945	dead_allies_mean:          8.3156	dead_enemies_mean:         8.6716
ep_length_mean:           92.9212	epsilon:                   0.0500	grad_norm:                 0.9669	loss:                      0.1189
q_taken_mean:              0.4131	return_mean:              13.5580	return_std:                3.9316	target_mean:               0.4151
td_error_abs:              0.1882	test_battle_won_mean:      0.3812	test_dead_allies_mean:     7.5250	test_dead_enemies_mean:    9.5875
test_ep_length_mean:      90.2438	test_return_mean:         15.1958	test_return_std:           3.9033	
[INFO 23:09:47] my_main t_env: 1930992 / 2050000
[INFO 23:09:47] my_main Estimated time left: 56 minutes, 57 seconds. Time passed: 12 hours, 24 minutes, 3 seconds
[INFO 23:10:22] my_main Recent Stats | t_env:    1930992 | Episode:    26739
amco_input_q_weight_grad_norm:  0.0172	amco_input_q_weight_grad_rms:  0.0006	amco_input_state_to_q_grad_rms_ratio:  0.0471	amco_input_state_weight_grad_norm:  0.0024
amco_input_state_weight_grad_rms:  0.0000	amco_layer_0_activation_slope_mean:  0.4838	amco_layer_0_activation_slope_p10:  0.3961	amco_layer_0_nonpositive_frac:  0.6568
amco_layer_0_preactivation_mean: -0.0286	amco_layer_0_preactivation_std:  0.1475	amco_layer_1_activation_slope_mean:  0.5068	amco_layer_1_activation_slope_p10:  0.3735
amco_layer_1_nonpositive_frac:  0.6021	amco_layer_1_preactivation_mean:  0.0542	amco_layer_1_preactivation_std:  0.2820	amco_layer_2_activation_slope_mean:  0.5178
amco_layer_2_activation_slope_p10:  0.4083	amco_layer_2_nonpositive_frac:  0.6775	amco_layer_2_preactivation_mean:  0.1349	amco_layer_2_preactivation_std:  0.3998
amco_mixing_output_rms:    1.5338	amco_pre_activation_nonpositive_frac:  0.6455	amco_q_term_rms:           0.3016	amco_state_credit_delta:   0.0475
amco_state_credit_share_delta:  0.0059	amco_state_encoder_grad_norm:  0.0084	amco_state_encoder_grad_rms:  0.0000	amco_state_term_rms:       0.1106
amco_state_to_q_ratio:     0.3677	amco_state_value_rms:      5.1291	amco_v_to_m_ratio:         3.3566	battle_won_mean:           0.2745
credit_entropy:            0.9797	credit_grad_agent_0:       0.3915	credit_grad_agent_1:       0.4366	credit_grad_agent_2:       0.4583
credit_grad_agent_3:       0.6006	credit_grad_agent_4:       0.5138	credit_grad_agent_5:       0.5553	credit_grad_agent_6:       0.5003
credit_grad_agent_7:       0.5223	credit_grad_agent_8:       0.4469	credit_grad_agent_9:       1.0641	credit_grad_cv:            0.3679
credit_grad_max:           1.6528	credit_grad_mean:          0.5490	credit_grad_median:        0.5003	credit_grad_min:           0.1678
credit_grad_near_zero_frac:  0.0000	credit_grad_negative_frac:  0.0000	credit_grad_p10:           0.3747	credit_grad_p90:           0.7990
credit_grad_std:           0.2019	credit_max_share:          0.1938	dead_allies_mean:          8.1777	dead_enemies_mean:         8.8978
ep_length_mean:           92.0437	epsilon:                   0.0500	grad_norm:                 0.8551	loss:                      0.1104
q_taken_mean:              0.4007	return_mean:              13.9410	return_std:                3.9627	target_mean:               0.4017
td_error_abs:              0.1783	test_battle_won_mean:      0.4500	test_dead_allies_mean:     7.1937	test_dead_enemies_mean:    9.8688
test_ep_length_mean:      84.4000	test_return_mean:         15.6809	test_return_std:           3.9053	
[INFO 23:12:37] my_main Updated target network
[INFO 23:14:21] my_main t_env: 1941013 / 2050000
[INFO 23:14:21] my_main Estimated time left: 49 minutes, 37 seconds. Time passed: 12 hours, 28 minutes, 37 seconds
[INFO 23:15:06] my_main Recent Stats | t_env:    1941013 | Episode:    26853
amco_input_q_weight_grad_norm:  0.0227	amco_input_q_weight_grad_rms:  0.0007	amco_input_state_to_q_grad_rms_ratio:  0.0524	amco_input_state_weight_grad_norm:  0.0037
amco_input_state_weight_grad_rms:  0.0000	amco_layer_0_activation_slope_mean:  0.4847	amco_layer_0_activation_slope_p10:  0.3942	amco_layer_0_nonpositive_frac:  0.6505
amco_layer_0_preactivation_mean: -0.0270	amco_layer_0_preactivation_std:  0.1530	amco_layer_1_activation_slope_mean:  0.5082	amco_layer_1_activation_slope_p10:  0.3742
amco_layer_1_nonpositive_frac:  0.5835	amco_layer_1_preactivation_mean:  0.0578	amco_layer_1_preactivation_std:  0.2846	amco_layer_2_activation_slope_mean:  0.5189
amco_layer_2_activation_slope_p10:  0.4086	amco_layer_2_nonpositive_frac:  0.6780	amco_layer_2_preactivation_mean:  0.1377	amco_layer_2_preactivation_std:  0.4028
amco_mixing_output_rms:    1.5488	amco_pre_activation_nonpositive_frac:  0.6373	amco_q_term_rms:           0.3029	amco_state_credit_delta:   0.0519
amco_state_credit_share_delta:  0.0063	amco_state_encoder_grad_norm:  0.0131	amco_state_encoder_grad_rms:  0.0001	amco_state_term_rms:       0.1197
amco_state_to_q_ratio:     0.3940	amco_state_value_rms:      5.2037	amco_v_to_m_ratio:         3.3718	battle_won_mean:           0.2838
credit_entropy:            0.9797	credit_grad_agent_0:       0.3864	credit_grad_agent_1:       0.4373	credit_grad_agent_2:       0.4568
credit_grad_agent_3:       0.5967	credit_grad_agent_4:       0.5133	credit_grad_agent_5:       0.5585	credit_grad_agent_6:       0.4994
credit_grad_agent_7:       0.5181	credit_grad_agent_8:       0.4426	credit_grad_agent_9:       1.0566	credit_grad_cv:            0.3669
credit_grad_max:           1.6637	credit_grad_mean:          0.5466	credit_grad_median:        0.4966	credit_grad_min:           0.1609
credit_grad_near_zero_frac:  0.0000	credit_grad_negative_frac:  0.0000	credit_grad_p10:           0.3743	credit_grad_p90:           0.8004
credit_grad_std:           0.2005	credit_max_share:          0.1933	dead_allies_mean:          8.1582	dead_enemies_mean:         8.9743
ep_length_mean:           91.5379	epsilon:                   0.0500	grad_norm:                 0.9064	loss:                      0.1108
q_taken_mean:              0.4097	return_mean:              14.0841	return_std:                3.9773	target_mean:               0.4102
td_error_abs:              0.1809	test_battle_won_mean:      0.5062	test_dead_allies_mean:     6.8688	test_dead_enemies_mean:   10.1000
test_ep_length_mean:      82.9562	test_return_mean:         16.2632	test_return_std:           3.7133	
[INFO 23:19:00] my_main t_env: 1951076 / 2050000
[INFO 23:19:00] my_main Estimated time left: 45 minutes, 44 seconds. Time passed: 12 hours, 33 minutes, 16 seconds
[INFO 23:19:37] my_main Recent Stats | t_env:    1951076 | Episode:    26960
amco_input_q_weight_grad_norm:  0.0261	amco_input_q_weight_grad_rms:  0.0008	amco_input_state_to_q_grad_rms_ratio:  0.0568	amco_input_state_weight_grad_norm:  0.0045
amco_input_state_weight_grad_rms:  0.0000	amco_layer_0_activation_slope_mean:  0.4898	amco_layer_0_activation_slope_p10:  0.3973	amco_layer_0_nonpositive_frac:  0.6219
amco_layer_0_preactivation_mean: -0.0161	amco_layer_0_preactivation_std:  0.1565	amco_layer_1_activation_slope_mean:  0.5143	amco_layer_1_activation_slope_p10:  0.3794
amco_layer_1_nonpositive_frac:  0.5693	amco_layer_1_preactivation_mean:  0.0740	amco_layer_1_preactivation_std:  0.2899	amco_layer_2_activation_slope_mean:  0.5245
amco_layer_2_activation_slope_p10:  0.4130	amco_layer_2_nonpositive_frac:  0.6550	amco_layer_2_preactivation_mean:  0.1566	amco_layer_2_preactivation_std:  0.4133
amco_mixing_output_rms:    1.5961	amco_pre_activation_nonpositive_frac:  0.6154	amco_q_term_rms:           0.3063	amco_state_credit_delta:   0.0544
amco_state_credit_share_delta:  0.0066	amco_state_encoder_grad_norm:  0.0152	amco_state_encoder_grad_rms:  0.0001	amco_state_term_rms:       0.1225
amco_state_to_q_ratio:     0.3998	amco_state_value_rms:      5.2991	amco_v_to_m_ratio:         3.3360	battle_won_mean:           0.2899
credit_entropy:            0.9799	credit_grad_agent_0:       0.3863	credit_grad_agent_1:       0.4405	credit_grad_agent_2:       0.4589
credit_grad_agent_3:       0.5997	credit_grad_agent_4:       0.5154	credit_grad_agent_5:       0.5634	credit_grad_agent_6:       0.5030
credit_grad_agent_7:       0.5166	credit_grad_agent_8:       0.4449	credit_grad_agent_9:       1.0565	credit_grad_cv:            0.3666
credit_grad_max:           1.6654	credit_grad_mean:          0.5485	credit_grad_median:        0.4994	credit_grad_min:           0.1565
credit_grad_near_zero_frac:  0.0000	credit_grad_negative_frac:  0.0000	credit_grad_p10:           0.3747	credit_grad_p90:           0.8035
credit_grad_std:           0.2010	credit_max_share:          0.1926	dead_allies_mean:          8.1343	dead_enemies_mean:         9.0784
ep_length_mean:           91.7584	epsilon:                   0.0500	grad_norm:                 0.9199	loss:                      0.1166
q_taken_mean:              0.4272	return_mean:              14.2527	return_std:                3.9167	target_mean:               0.4274
td_error_abs:              0.1882	test_battle_won_mean:      0.5938	test_dead_allies_mean:     6.5250	test_dead_enemies_mean:   10.3938
test_ep_length_mean:      76.6375	test_return_mean:         16.9366	test_return_std:           3.5519	
[INFO 23:21:04] my_main Updated target network
[INFO 23:22:58] my_main t_env: 1961184 / 2050000
[INFO 23:22:58] my_main Estimated time left: 34 minutes, 51 seconds. Time passed: 12 hours, 37 minutes, 14 seconds
[INFO 23:23:47] my_main Recent Stats | t_env:    1961184 | Episode:    27056
amco_input_q_weight_grad_norm:  0.0262	amco_input_q_weight_grad_rms:  0.0008	amco_input_state_to_q_grad_rms_ratio:  0.0534	amco_input_state_weight_grad_norm:  0.0043
amco_input_state_weight_grad_rms:  0.0000	amco_layer_0_activation_slope_mean:  0.4932	amco_layer_0_activation_slope_p10:  0.4013	amco_layer_0_nonpositive_frac:  0.6125
amco_layer_0_preactivation_mean: -0.0084	amco_layer_0_preactivation_std:  0.1560	amco_layer_1_activation_slope_mean:  0.5177	amco_layer_1_activation_slope_p10:  0.3811
amco_layer_1_nonpositive_frac:  0.5632	amco_layer_1_preactivation_mean:  0.0844	amco_layer_1_preactivation_std:  0.2951	amco_layer_2_activation_slope_mean:  0.5274
amco_layer_2_activation_slope_p10:  0.4141	amco_layer_2_nonpositive_frac:  0.6497	amco_layer_2_preactivation_mean:  0.1690	amco_layer_2_preactivation_std:  0.4251
amco_mixing_output_rms:    1.6347	amco_pre_activation_nonpositive_frac:  0.6085	amco_q_term_rms:           0.3079	amco_state_credit_delta:   0.0528
amco_state_credit_share_delta:  0.0063	amco_state_encoder_grad_norm:  0.0149	amco_state_encoder_grad_rms:  0.0001	amco_state_term_rms:       0.1191
amco_state_to_q_ratio:     0.3863	amco_state_value_rms:      5.4498	amco_v_to_m_ratio:         3.3441	battle_won_mean:           0.2659
credit_entropy:            0.9802	credit_grad_agent_0:       0.3904	credit_grad_agent_1:       0.4443	credit_grad_agent_2:       0.4610
credit_grad_agent_3:       0.6023	credit_grad_agent_4:       0.5193	credit_grad_agent_5:       0.5674	credit_grad_agent_6:       0.5086
credit_grad_agent_7:       0.5159	credit_grad_agent_8:       0.4476	credit_grad_agent_9:       1.0576	credit_grad_cv:            0.3658
credit_grad_max:           1.6774	credit_grad_mean:          0.5514	credit_grad_median:        0.5022	credit_grad_min:           0.1582
credit_grad_near_zero_frac:  0.0000	credit_grad_negative_frac:  0.0000	credit_grad_p10:           0.3767	credit_grad_p90:           0.8110
credit_grad_std:           0.2017	credit_max_share:          0.1918	dead_allies_mean:          8.2137	dead_enemies_mean:         8.8705
ep_length_mean:           93.5939	epsilon:                   0.0500	grad_norm:                 0.8765	loss:                      0.1261
q_taken_mean:              0.4476	return_mean:              13.9318	return_std:                3.8506	target_mean:               0.4465
td_error_abs:              0.1968	test_battle_won_mean:      0.5500	test_dead_allies_mean:     6.7313	test_dead_enemies_mean:   10.0625
test_ep_length_mean:      77.5438	test_return_mean:         16.4161	test_return_std:           3.5577	
DataHandler: unable to parse websocket frame.
CloseHandler: 127.0.0.1:45076 disconnected
[INFO 23:25:06] absl Shutdown gracefully.
[INFO 23:25:06] absl Shutdown with return code: -15
[INFO 23:25:06] absl Launching SC2: /data/workspace/wxr/pymarl-monotone-qmix/3rdparty/StarCraftII/Versions/Base75689/SC2_x64 -listen 127.0.0.1 -port 43457 -dataDir /data/workspace/wxr/pymarl-monotone-qmix/3rdparty/StarCraftII/ -tempDir /tmp/sc-qom6uhz8/
Version: B75689 (SC2.4.10)
Build: Aug 12 2019 17:16:57
Command Line: '"/data/workspace/wxr/pymarl-monotone-qmix/3rdparty/StarCraftII/Versions/Base75689/SC2_x64" -listen 127.0.0.1 -port 43457 -dataDir /data/workspace/wxr/pymarl-monotone-qmix/3rdparty/StarCraftII/ -tempDir /tmp/sc-qom6uhz8/'
[INFO 23:25:07] absl Connecting to: ws://127.0.0.1:43457/sc2api, attempt: 0, running: True
Starting up...
Startup Phase 1 complete
[INFO 23:25:08] absl Connecting to: ws://127.0.0.1:43457/sc2api, attempt: 1, running: True
Startup Phase 2 complete
Creating stub renderer...
Listening on: 127.0.0.1:43457
Startup Phase 3 complete. Ready for commands.
[INFO 23:25:09] absl Connecting to: ws://127.0.0.1:43457/sc2api, attempt: 2, running: True
ConnectHandler: Request from 127.0.0.1:54930 accepted
ReadyHandler: 127.0.0.1:54930 ready
Requesting to join a single player game
Configuring interface options
Configure: raw interface enabled
Configure: feature layer interface disabled
Configure: score interface disabled
Configure: render interface disabled
Launching next game.
Next launch phase started: 2
Next launch phase started: 3
Next launch phase started: 4
Next launch phase started: 5
Next launch phase started: 6
Next launch phase started: 7
Next launch phase started: 8
Game has started.
Using default stable ids, none found at: /data/workspace/wxr/pymarl-monotone-qmix/3rdparty/StarCraftII/stableid.json
Successfully loaded stable ids: GameData\stableid.json
Sending ResponseJoinGame
[INFO 23:27:17] my_main t_env: 1971355 / 2050000
[INFO 23:27:17] my_main Estimated time left: 33 minutes, 18 seconds. Time passed: 12 hours, 41 minutes, 33 seconds
[INFO 23:27:58] my_main Recent Stats | t_env:    1971355 | Episode:    27152
amco_input_q_weight_grad_norm:  0.0285	amco_input_q_weight_grad_rms:  0.0009	amco_input_state_to_q_grad_rms_ratio:  0.0703	amco_input_state_weight_grad_norm:  0.0060
amco_input_state_weight_grad_rms:  0.0001	amco_layer_0_activation_slope_mean:  0.4923	amco_layer_0_activation_slope_p10:  0.3999	amco_layer_0_nonpositive_frac:  0.6167
amco_layer_0_preactivation_mean: -0.0100	amco_layer_0_preactivation_std:  0.1566	amco_layer_1_activation_slope_mean:  0.5166	amco_layer_1_activation_slope_p10:  0.3806
amco_layer_1_nonpositive_frac:  0.5784	amco_layer_1_preactivation_mean:  0.0813	amco_layer_1_preactivation_std:  0.2929	amco_layer_2_activation_slope_mean:  0.5263
amco_layer_2_activation_slope_p10:  0.4142	amco_layer_2_nonpositive_frac:  0.6558	amco_layer_2_preactivation_mean:  0.1648	amco_layer_2_preactivation_std:  0.4202
amco_mixing_output_rms:    1.6254	amco_pre_activation_nonpositive_frac:  0.6170	amco_q_term_rms:           0.3050	amco_state_credit_delta:   0.0530
amco_state_credit_share_delta:  0.0063	amco_state_encoder_grad_norm:  0.0160	amco_state_encoder_grad_rms:  0.0001	amco_state_term_rms:       0.1200
amco_state_to_q_ratio:     0.3939	amco_state_value_rms:      5.4622	amco_v_to_m_ratio:         3.3761	battle_won_mean:           0.2374
credit_entropy:            0.9803	credit_grad_agent_0:       0.3890	credit_grad_agent_1:       0.4464	credit_grad_agent_2:       0.4649
credit_grad_agent_3:       0.6084	credit_grad_agent_4:       0.5222	credit_grad_agent_5:       0.5740	credit_grad_agent_6:       0.5125
credit_grad_agent_7:       0.5217	credit_grad_agent_8:       0.4507	credit_grad_agent_9:       1.0606	credit_grad_cv:            0.3636
credit_grad_max:           1.6847	credit_grad_mean:          0.5550	credit_grad_median:        0.5068	credit_grad_min:           0.1597
credit_grad_near_zero_frac:  0.0000	credit_grad_negative_frac:  0.0000	credit_grad_p10:           0.3786	credit_grad_p90:           0.8179
credit_grad_std:           0.2018	credit_max_share:          0.1911	dead_allies_mean:          8.3005	dead_enemies_mean:         8.6524
ep_length_mean:           96.5362	epsilon:                   0.0500	grad_norm:                 0.9713	loss:                      0.1310
q_taken_mean:              0.4451	return_mean:              13.5461	return_std:                3.7511	target_mean:               0.4460
td_error_abs:              0.1983	test_battle_won_mean:      0.4813	test_dead_allies_mean:     7.0438	test_dead_enemies_mean:    9.7250
test_ep_length_mean:      82.2562	test_return_mean:         15.7417	test_return_std:           3.5876	
[INFO 23:29:48] my_main Updated target network
[INFO 23:31:44] my_main t_env: 1981411 / 2050000
[INFO 23:31:44] my_main Estimated time left: 30 minutes, 19 seconds. Time passed: 12 hours, 45 minutes, 59 seconds
[INFO 23:32:33] my_main Recent Stats | t_env:    1981411 | Episode:    27253
amco_input_q_weight_grad_norm:  0.0384	amco_input_q_weight_grad_rms:  0.0012	amco_input_state_to_q_grad_rms_ratio:  0.0565	amco_input_state_weight_grad_norm:  0.0065
amco_input_state_weight_grad_rms:  0.0001	amco_layer_0_activation_slope_mean:  0.5028	amco_layer_0_activation_slope_p10:  0.4097	amco_layer_0_nonpositive_frac:  0.5784
amco_layer_0_preactivation_mean:  0.0134	amco_layer_0_preactivation_std:  0.1591	amco_layer_1_activation_slope_mean:  0.5288	amco_layer_1_activation_slope_p10:  0.3880
amco_layer_1_nonpositive_frac:  0.5598	amco_layer_1_preactivation_mean:  0.1166	amco_layer_1_preactivation_std:  0.3100	amco_layer_2_activation_slope_mean:  0.5368
amco_layer_2_activation_slope_p10:  0.4195	amco_layer_2_nonpositive_frac:  0.6168	amco_layer_2_preactivation_mean:  0.2073	amco_layer_2_preactivation_std:  0.4561
amco_mixing_output_rms:    1.7362	amco_pre_activation_nonpositive_frac:  0.5850	amco_q_term_rms:           0.3136	amco_state_credit_delta:   0.0529
amco_state_credit_share_delta:  0.0061	amco_state_encoder_grad_norm:  0.0220	amco_state_encoder_grad_rms:  0.0001	amco_state_term_rms:       0.1184
amco_state_to_q_ratio:     0.3778	amco_state_value_rms:      5.6488	amco_v_to_m_ratio:         3.2892	battle_won_mean:           0.2073
credit_entropy:            0.9807	credit_grad_agent_0:       0.3962	credit_grad_agent_1:       0.4537	credit_grad_agent_2:       0.4694
credit_grad_agent_3:       0.6140	credit_grad_agent_4:       0.5277	credit_grad_agent_5:       0.5775	credit_grad_agent_6:       0.5164
credit_grad_agent_7:       0.5243	credit_grad_agent_8:       0.4540	credit_grad_agent_9:       1.0654	credit_grad_cv:            0.3642
credit_grad_max:           1.7031	credit_grad_mean:          0.5599	credit_grad_median:        0.5106	credit_grad_min:           0.1613
credit_grad_near_zero_frac:  0.0000	credit_grad_negative_frac:  0.0000	credit_grad_p10:           0.3821	credit_grad_p90:           0.8278
credit_grad_std:           0.2038	credit_max_share:          0.1903	dead_allies_mean:          8.4085	dead_enemies_mean:         8.4215
ep_length_mean:           98.5508	epsilon:                   0.0500	grad_norm:                 1.4007	loss:                      0.1475
q_taken_mean:              0.4800	return_mean:              13.1166	return_std:                3.7482	target_mean:               0.4793
td_error_abs:              0.2164	test_battle_won_mean:      0.4188	test_dead_allies_mean:     7.2875	test_dead_enemies_mean:    9.5875
test_ep_length_mean:      91.2750	test_return_mean:         15.3248	test_return_std:           3.4766	
[INFO 23:35:44] my_main t_env: 1991464 / 2050000
[INFO 23:35:44] my_main Estimated time left: 23 minutes, 18 seconds. Time passed: 12 hours, 50 minutes, 0 seconds
[INFO 23:36:23] my_main Recent Stats | t_env:    1991464 | Episode:    27351
amco_input_q_weight_grad_norm:  0.0355	amco_input_q_weight_grad_rms:  0.0011	amco_input_state_to_q_grad_rms_ratio:  0.0636	amco_input_state_weight_grad_norm:  0.0068
amco_input_state_weight_grad_rms:  0.0001	amco_layer_0_activation_slope_mean:  0.4971	amco_layer_0_activation_slope_p10:  0.4041	amco_layer_0_nonpositive_frac:  0.5965
amco_layer_0_preactivation_mean:  0.0009	amco_layer_0_preactivation_std:  0.1574	amco_layer_1_activation_slope_mean:  0.5222	amco_layer_1_activation_slope_p10:  0.3825
amco_layer_1_nonpositive_frac:  0.5707	amco_layer_1_preactivation_mean:  0.0991	amco_layer_1_preactivation_std:  0.3045	amco_layer_2_activation_slope_mean:  0.5307
amco_layer_2_activation_slope_p10:  0.4156	amco_layer_2_nonpositive_frac:  0.6547	amco_layer_2_preactivation_mean:  0.1868	amco_layer_2_preactivation_std:  0.4447
amco_mixing_output_rms:    1.7017	amco_pre_activation_nonpositive_frac:  0.6073	amco_q_term_rms:           0.3090	amco_state_credit_delta:   0.0507
amco_state_credit_share_delta:  0.0057	amco_state_encoder_grad_norm:  0.0207	amco_state_encoder_grad_rms:  0.0001	amco_state_term_rms:       0.1153
amco_state_to_q_ratio:     0.3740	amco_state_value_rms:      5.5774	amco_v_to_m_ratio:         3.3114	battle_won_mean:           0.1800
credit_entropy:            0.9808	credit_grad_agent_0:       0.3983	credit_grad_agent_1:       0.4530	credit_grad_agent_2:       0.4722
credit_grad_agent_3:       0.6208	credit_grad_agent_4:       0.5317	credit_grad_agent_5:       0.5807	credit_grad_agent_6:       0.5179
credit_grad_agent_7:       0.5310	credit_grad_agent_8:       0.4606	credit_grad_agent_9:       1.0701	credit_grad_cv:            0.3618
credit_grad_max:           1.7085	credit_grad_mean:          0.5636	credit_grad_median:        0.5150	credit_grad_min:           0.1662
credit_grad_near_zero_frac:  0.0000	credit_grad_negative_frac:  0.0000	credit_grad_p10:           0.3859	credit_grad_p90:           0.8327
credit_grad_std:           0.2039	credit_max_share:          0.1898	dead_allies_mean:          8.4477	dead_enemies_mean:         8.2980
ep_length_mean:          101.4865	epsilon:                   0.0500	grad_norm:                 1.3248	loss:                      0.1449
q_taken_mean:              0.4631	return_mean:              12.8822	return_std:                3.6681	target_mean:               0.4620
td_error_abs:              0.2105	test_battle_won_mean:      0.3375	test_dead_allies_mean:     7.6562	test_dead_enemies_mean:    9.2875
test_ep_length_mean:      96.9625	test_return_mean:         14.5671	test_return_std:           3.6076	
[INFO 23:37:43] my_main Updated target network
[INFO 23:39:48] my_main t_env: 2001467 / 2050000
[INFO 23:39:48] my_main Estimated time left: 19 minutes, 47 seconds. Time passed: 12 hours, 54 minutes, 4 seconds
[INFO 23:40:32] my_main Recent Stats | t_env:    2001467 | Episode:    27453
amco_input_q_weight_grad_norm:  0.0335	amco_input_q_weight_grad_rms:  0.0011	amco_input_state_to_q_grad_rms_ratio:  0.0769	amco_input_state_weight_grad_norm:  0.0076
amco_input_state_weight_grad_rms:  0.0001	amco_layer_0_activation_slope_mean:  0.4919	amco_layer_0_activation_slope_p10:  0.3958	amco_layer_0_nonpositive_frac:  0.6088
amco_layer_0_preactivation_mean: -0.0105	amco_layer_0_preactivation_std:  0.1618	amco_layer_1_activation_slope_mean:  0.5163	amco_layer_1_activation_slope_p10:  0.3776
amco_layer_1_nonpositive_frac:  0.5779	amco_layer_1_preactivation_mean:  0.0830	amco_layer_1_preactivation_std:  0.2991	amco_layer_2_activation_slope_mean:  0.5254
amco_layer_2_activation_slope_p10:  0.4133	amco_layer_2_nonpositive_frac:  0.6762	amco_layer_2_preactivation_mean:  0.1673	amco_layer_2_preactivation_std:  0.4301
amco_mixing_output_rms:    1.6552	amco_pre_activation_nonpositive_frac:  0.6210	amco_q_term_rms:           0.3049	amco_state_credit_delta:   0.0527
amco_state_credit_share_delta:  0.0059	amco_state_encoder_grad_norm:  0.0199	amco_state_encoder_grad_rms:  0.0001	amco_state_term_rms:       0.1226
amco_state_to_q_ratio:     0.4040	amco_state_value_rms:      5.5043	amco_v_to_m_ratio:         3.3604	battle_won_mean:           0.1594
credit_entropy:            0.9807	credit_grad_agent_0:       0.3957	credit_grad_agent_1:       0.4471	credit_grad_agent_2:       0.4687
credit_grad_agent_3:       0.6183	credit_grad_agent_4:       0.5306	credit_grad_agent_5:       0.5777	credit_grad_agent_6:       0.5141
credit_grad_agent_7:       0.5262	credit_grad_agent_8:       0.4594	credit_grad_agent_9:       1.0637	credit_grad_cv:            0.3621
credit_grad_max:           1.7137	credit_grad_mean:          0.5602	credit_grad_median:        0.5112	credit_grad_min:           0.1631
credit_grad_near_zero_frac:  0.0000	credit_grad_negative_frac:  0.0000	credit_grad_p10:           0.3850	credit_grad_p90:           0.8334
credit_grad_std:           0.2028	credit_max_share:          0.1899	dead_allies_mean:          8.4895	dead_enemies_mean:         8.1647
ep_length_mean:          102.2908	epsilon:                   0.0500	grad_norm:                 1.5276	loss:                      0.1463
q_taken_mean:              0.4481	return_mean:              12.6564	return_std:                3.6555	target_mean:               0.4451
td_error_abs:              0.2083	test_battle_won_mean:      0.2500	test_dead_allies_mean:     8.0312	test_dead_enemies_mean:    8.9875
test_ep_length_mean:     102.6437	test_return_mean:         13.8151	test_return_std:           3.7791	
[INFO 23:44:28] my_main t_env: 2011485 / 2050000
[INFO 23:44:28] my_main Estimated time left: 17 minutes, 55 seconds. Time passed: 12 hours, 58 minutes, 44 seconds
[INFO 23:45:19] my_main Recent Stats | t_env:    2011485 | Episode:    27560
amco_input_q_weight_grad_norm:  0.0337	amco_input_q_weight_grad_rms:  0.0011	amco_input_state_to_q_grad_rms_ratio:  0.0918	amco_input_state_weight_grad_norm:  0.0085
amco_input_state_weight_grad_rms:  0.0001	amco_layer_0_activation_slope_mean:  0.4957	amco_layer_0_activation_slope_p10:  0.3988	amco_layer_0_nonpositive_frac:  0.5958
amco_layer_0_preactivation_mean: -0.0022	amco_layer_0_preactivation_std:  0.1627	amco_layer_1_activation_slope_mean:  0.5207	amco_layer_1_activation_slope_p10:  0.3819
amco_layer_1_nonpositive_frac:  0.5651	amco_layer_1_preactivation_mean:  0.0953	amco_layer_1_preactivation_std:  0.3021	amco_layer_2_activation_slope_mean:  0.5293
amco_layer_2_activation_slope_p10:  0.4175	amco_layer_2_nonpositive_frac:  0.6645	amco_layer_2_preactivation_mean:  0.1816	amco_layer_2_preactivation_std:  0.4361
amco_mixing_output_rms:    1.6895	amco_pre_activation_nonpositive_frac:  0.6085	amco_q_term_rms:           0.3064	amco_state_credit_delta:   0.0503
amco_state_credit_share_delta:  0.0056	amco_state_encoder_grad_norm:  0.0210	amco_state_encoder_grad_rms:  0.0001	amco_state_term_rms:       0.1216
amco_state_to_q_ratio:     0.3993	amco_state_value_rms:      5.4828	amco_v_to_m_ratio:         3.2796	battle_won_mean:           0.1637
credit_entropy:            0.9808	credit_grad_agent_0:       0.3984	credit_grad_agent_1:       0.4479	credit_grad_agent_2:       0.4699
credit_grad_agent_3:       0.6238	credit_grad_agent_4:       0.5324	credit_grad_agent_5:       0.5788	credit_grad_agent_6:       0.5133
credit_grad_agent_7:       0.5290	credit_grad_agent_8:       0.4658	credit_grad_agent_9:       1.0659	credit_grad_cv:            0.3612
credit_grad_max:           1.7095	credit_grad_mean:          0.5625	credit_grad_median:        0.5126	credit_grad_min:           0.1654
credit_grad_near_zero_frac:  0.0000	credit_grad_negative_frac:  0.0000	credit_grad_p10:           0.3874	credit_grad_p90:           0.8382
credit_grad_std:           0.2032	credit_max_share:          0.1895	dead_allies_mean:          8.5087	dead_enemies_mean:         8.2525
ep_length_mean:           99.9577	epsilon:                   0.0500	grad_norm:                 1.5704	loss:                      0.1448
q_taken_mean:              0.4502	return_mean:              12.7504	return_std:                3.6942	target_mean:               0.4468
td_error_abs:              0.2068	test_battle_won_mean:      0.2812	test_dead_allies_mean:     7.9688	test_dead_enemies_mean:    9.2688
test_ep_length_mean:      99.2938	test_return_mean:         14.1805	test_return_std:           3.7925	
[INFO 23:46:38] my_main Updated target network
DataHandler: unable to parse websocket frame.
CloseHandler: 127.0.0.1:54930 disconnected
[INFO 23:46:39] absl Shutdown gracefully.
[INFO 23:46:39] absl Shutdown with return code: -15
[INFO 23:46:39] absl Launching SC2: /data/workspace/wxr/pymarl-monotone-qmix/3rdparty/StarCraftII/Versions/Base75689/SC2_x64 -listen 127.0.0.1 -port 39201 -dataDir /data/workspace/wxr/pymarl-monotone-qmix/3rdparty/StarCraftII/ -tempDir /tmp/sc-hqu16sdr/
[INFO 23:46:40] absl Connecting to: ws://127.0.0.1:39201/sc2api, attempt: 0, running: True
Version: B75689 (SC2.4.10)
Build: Aug 12 2019 17:16:57
Command Line: '"/data/workspace/wxr/pymarl-monotone-qmix/3rdparty/StarCraftII/Versions/Base75689/SC2_x64" -listen 127.0.0.1 -port 39201 -dataDir /data/workspace/wxr/pymarl-monotone-qmix/3rdparty/StarCraftII/ -tempDir /tmp/sc-hqu16sdr/'
Starting up...
Startup Phase 1 complete
[INFO 23:46:41] absl Connecting to: ws://127.0.0.1:39201/sc2api, attempt: 1, running: True
Startup Phase 2 complete
Creating stub renderer...
[INFO 23:46:42] absl Connecting to: ws://127.0.0.1:39201/sc2api, attempt: 2, running: True
Listening on: 127.0.0.1:39201
Startup Phase 3 complete. Ready for commands.
[INFO 23:46:43] absl Connecting to: ws://127.0.0.1:39201/sc2api, attempt: 3, running: True
ConnectHandler: Request from 127.0.0.1:48280 accepted
ReadyHandler: 127.0.0.1:48280 ready
Requesting to join a single player game
Configuring interface options
Configure: raw interface enabled
Configure: feature layer interface disabled
Configure: score interface disabled
Configure: render interface disabled
Launching next game.
Next launch phase started: 2
Next launch phase started: 3
Next launch phase started: 4
Next launch phase started: 5
Next launch phase started: 6
Next launch phase started: 7
Next launch phase started: 8
Game has started.
Using default stable ids, none found at: /data/workspace/wxr/pymarl-monotone-qmix/3rdparty/StarCraftII/stableid.json
Successfully loaded stable ids: GameData\stableid.json
Sending ResponseJoinGame
[INFO 23:48:55] my_main t_env: 2021519 / 2050000
[INFO 23:48:55] my_main Estimated time left: 12 minutes, 38 seconds. Time passed: 13 hours, 3 minutes, 11 seconds
[INFO 23:49:26] my_main Recent Stats | t_env:    2021519 | Episode:    27674
amco_input_q_weight_grad_norm:  0.0353	amco_input_q_weight_grad_rms:  0.0011	amco_input_state_to_q_grad_rms_ratio:  0.0991	amco_input_state_weight_grad_norm:  0.0100
amco_input_state_weight_grad_rms:  0.0001	amco_layer_0_activation_slope_mean:  0.4927	amco_layer_0_activation_slope_p10:  0.3929	amco_layer_0_nonpositive_frac:  0.5942
amco_layer_0_preactivation_mean: -0.0092	amco_layer_0_preactivation_std:  0.1679	amco_layer_1_activation_slope_mean:  0.5176	amco_layer_1_activation_slope_p10:  0.3767
amco_layer_1_nonpositive_frac:  0.5682	amco_layer_1_preactivation_mean:  0.0870	amco_layer_1_preactivation_std:  0.3053	amco_layer_2_activation_slope_mean:  0.5262
amco_layer_2_activation_slope_p10:  0.4133	amco_layer_2_nonpositive_frac:  0.6730	amco_layer_2_preactivation_mean:  0.1723	amco_layer_2_preactivation_std:  0.4390
amco_mixing_output_rms:    1.6851	amco_pre_activation_nonpositive_frac:  0.6118	amco_q_term_rms:           0.3083	amco_state_credit_delta:   0.0534
amco_state_credit_share_delta:  0.0057	amco_state_encoder_grad_norm:  0.0243	amco_state_encoder_grad_rms:  0.0001	amco_state_term_rms:       0.1277
amco_state_to_q_ratio:     0.4179	amco_state_value_rms:      5.5112	amco_v_to_m_ratio:         3.3115	battle_won_mean:           0.1923
credit_entropy:            0.9809	credit_grad_agent_0:       0.3980	credit_grad_agent_1:       0.4450	credit_grad_agent_2:       0.4675
credit_grad_agent_3:       0.6262	credit_grad_agent_4:       0.5305	credit_grad_agent_5:       0.5764	credit_grad_agent_6:       0.5118
credit_grad_agent_7:       0.5295	credit_grad_agent_8:       0.4715	credit_grad_agent_9:       1.0624	credit_grad_cv:            0.3620
credit_grad_max:           1.7186	credit_grad_mean:          0.5619	credit_grad_median:        0.5114	credit_grad_min:           0.1672
credit_grad_near_zero_frac:  0.0000	credit_grad_negative_frac:  0.0000	credit_grad_p10:           0.3865	credit_grad_p90:           0.8408
credit_grad_std:           0.2034	credit_max_share:          0.1890	dead_allies_mean:          8.3867	dead_enemies_mean:         8.4526
ep_length_mean:           96.3717	epsilon:                   0.0500	grad_norm:                 1.6020	loss:                      0.1440
q_taken_mean:              0.4511	return_mean:              13.0619	return_std:                3.8383	target_mean:               0.4486
td_error_abs:              0.2140	test_battle_won_mean:      0.3500	test_dead_allies_mean:     7.6312	test_dead_enemies_mean:    9.5875
test_ep_length_mean:      93.8063	test_return_mean:         14.8150	test_return_std:           3.7990	
[INFO 23:53:14] my_main t_env: 2031677 / 2050000
[INFO 23:53:14] my_main Estimated time left: 7 minutes, 46 seconds. Time passed: 13 hours, 7 minutes, 30 seconds
[INFO 23:53:55] my_main Recent Stats | t_env:    2031677 | Episode:    27800
amco_input_q_weight_grad_norm:  0.0270	amco_input_q_weight_grad_rms:  0.0009	amco_input_state_to_q_grad_rms_ratio:  0.1159	amco_input_state_weight_grad_norm:  0.0101
amco_input_state_weight_grad_rms:  0.0001	amco_layer_0_activation_slope_mean:  0.4792	amco_layer_0_activation_slope_p10:  0.3775	amco_layer_0_nonpositive_frac:  0.6314
amco_layer_0_preactivation_mean: -0.0396	amco_layer_0_preactivation_std:  0.1696	amco_layer_1_activation_slope_mean:  0.5026	amco_layer_1_activation_slope_p10:  0.3663
amco_layer_1_nonpositive_frac:  0.6150	amco_layer_1_preactivation_mean:  0.0426	amco_layer_1_preactivation_std:  0.2853	amco_layer_2_activation_slope_mean:  0.5130
amco_layer_2_activation_slope_p10:  0.4071	amco_layer_2_nonpositive_frac:  0.7142	amco_layer_2_preactivation_mean:  0.1180	amco_layer_2_preactivation_std:  0.3944
amco_mixing_output_rms:    1.5472	amco_pre_activation_nonpositive_frac:  0.6536	amco_q_term_rms:           0.2948	amco_state_credit_delta:   0.0521
amco_state_credit_share_delta:  0.0055	amco_state_encoder_grad_norm:  0.0192	amco_state_encoder_grad_rms:  0.0001	amco_state_term_rms:       0.1347
amco_state_to_q_ratio:     0.4614	amco_state_value_rms:      5.3353	amco_v_to_m_ratio:         3.4714	battle_won_mean:           0.2067
credit_entropy:            0.9809	credit_grad_agent_0:       0.3922	credit_grad_agent_1:       0.4378	credit_grad_agent_2:       0.4648
credit_grad_agent_3:       0.6267	credit_grad_agent_4:       0.5281	credit_grad_agent_5:       0.5761	credit_grad_agent_6:       0.5122
credit_grad_agent_7:       0.5324	credit_grad_agent_8:       0.4763	credit_grad_agent_9:       1.0555	credit_grad_cv:            0.3588
credit_grad_max:           1.7181	credit_grad_mean:          0.5602	credit_grad_median:        0.5127	credit_grad_min:           0.1651
credit_grad_near_zero_frac:  0.0000	credit_grad_negative_frac:  0.0000	credit_grad_p10:           0.3845	credit_grad_p90:           0.8374
credit_grad_std:           0.2010	credit_max_share:          0.1884	dead_allies_mean:          8.3353	dead_enemies_mean:         8.6333
ep_length_mean:           92.5826	epsilon:                   0.0500	grad_norm:                 1.1936	loss:                      0.1336
q_taken_mean:              0.4120	return_mean:              13.3071	return_std:                3.8377	target_mean:               0.4114
td_error_abs:              0.2000	test_battle_won_mean:      0.4000	test_dead_allies_mean:     7.4750	test_dead_enemies_mean:    9.7688
test_ep_length_mean:      88.7188	test_return_mean:         15.2247	test_return_std:           3.8172	
[INFO 23:53:57] my_main Updated target network
[INFO 23:58:00] my_main t_env: 2041706 / 2050000
[INFO 23:58:00] my_main Estimated time left: 3 minutes, 57 seconds. Time passed: 13 hours, 12 minutes, 16 seconds
[INFO 23:58:32] my_main Recent Stats | t_env:    2041706 | Episode:    27922
amco_input_q_weight_grad_norm:  0.0317	amco_input_q_weight_grad_rms:  0.0010	amco_input_state_to_q_grad_rms_ratio:  0.1072	amco_input_state_weight_grad_norm:  0.0099
amco_input_state_weight_grad_rms:  0.0001	amco_layer_0_activation_slope_mean:  0.4822	amco_layer_0_activation_slope_p10:  0.3795	amco_layer_0_nonpositive_frac:  0.6179
amco_layer_0_preactivation_mean: -0.0333	amco_layer_0_preactivation_std:  0.1716	amco_layer_1_activation_slope_mean:  0.5061	amco_layer_1_activation_slope_p10:  0.3682
amco_layer_1_nonpositive_frac:  0.5947	amco_layer_1_preactivation_mean:  0.0516	amco_layer_1_preactivation_std:  0.2896	amco_layer_2_activation_slope_mean:  0.5164
amco_layer_2_activation_slope_p10:  0.4089	amco_layer_2_nonpositive_frac:  0.6869	amco_layer_2_preactivation_mean:  0.1294	amco_layer_2_preactivation_std:  0.4027
amco_mixing_output_rms:    1.5783	amco_pre_activation_nonpositive_frac:  0.6332	amco_q_term_rms:           0.2956	amco_state_credit_delta:   0.0515
amco_state_credit_share_delta:  0.0053	amco_state_encoder_grad_norm:  0.0185	amco_state_encoder_grad_rms:  0.0001	amco_state_term_rms:       0.1352
amco_state_to_q_ratio:     0.4620	amco_state_value_rms:      5.3891	amco_v_to_m_ratio:         3.4453	battle_won_mean:           0.2433
credit_entropy:            0.9812	credit_grad_agent_0:       0.3941	credit_grad_agent_1:       0.4407	credit_grad_agent_2:       0.4638
credit_grad_agent_3:       0.6307	credit_grad_agent_4:       0.5311	credit_grad_agent_5:       0.5761	credit_grad_agent_6:       0.5149
credit_grad_agent_7:       0.5362	credit_grad_agent_8:       0.4820	credit_grad_agent_9:       1.0549	credit_grad_cv:            0.3582
credit_grad_max:           1.7176	credit_grad_mean:          0.5625	credit_grad_median:        0.5147	credit_grad_min:           0.1657
credit_grad_near_zero_frac:  0.0000	credit_grad_negative_frac:  0.0000	credit_grad_p10:           0.3856	credit_grad_p90:           0.8425
credit_grad_std:           0.2015	credit_max_share:          0.1875	dead_allies_mean:          8.2385	dead_enemies_mean:         8.8605
ep_length_mean:           88.5073	epsilon:                   0.0500	grad_norm:                 1.7974	loss:                      0.1536
q_taken_mean:              0.4214	return_mean:              13.7056	return_std:                3.9148	target_mean:               0.4184
td_error_abs:              0.2149	test_battle_won_mean:      0.4437	test_dead_allies_mean:     7.4000	test_dead_enemies_mean:    9.9187
test_ep_length_mean:      81.3937	test_return_mean:         15.6071	test_return_std:           3.9008	
[INFO 00:01:04] my_main Updated target network
RequestQuit command received.
Closing Application...
DataHandler: unable to parse websocket frame.
CloseHandler: 127.0.0.1:48280 disconnected
[INFO 00:01:39] absl Shutdown gracefully.
[INFO 00:01:39] absl Shutdown with return code: -15
[INFO 00:01:39] my_main Finished Training
