{
  "battle_won_mean": [
    0.0,
    0.0,
    0.0,
    0.0,
    0.0,
    0.0,
    0.0,
    0.0,
    0.0,
    0.0,
    0.0,
    0.0,
    0.0,
    0.0,
    0.0,
    0.0,
    0.0,
    0.0,
    0.0,
    0.0,
    0.0,
    0.0,
    0.0
  ],
  "battle_won_mean_T": [
    37,
    10053,
    20057,
    30078,
    40132,
    50298,
    60340,
    70374,
    80393,
    90420,
    100460,
    110487,
    120530,
    130656,
    140725,
    150741,
    160783,
    170834,
    180902,
    190908,
    201024,
    211164,
    221186
  ],
  "dead_allies_mean": [
    10.0,
    9.896,
    9.933649289099526,
    9.919354838709678,
    9.887417218543046,
    9.495652173913044,
    9.558823529411764,
    9.527777777777779,
    9.683760683760683,
    9.513761467889909,
    9.5625,
    9.49074074074074,
    9.554621848739496,
    9.710743801652892,
    9.5929203539823,
    9.547826086956523,
    9.774193548387096,
    9.695652173913043,
    9.41747572815534,
    9.473684210526315,
    9.229166666666666,
    9.148936170212766,
    9.446601941747574
  ],
  "dead_allies_mean_T": [
    37,
    10053,
    20057,
    30078,
    40132,
    50298,
    60340,
    70374,
    80393,
    90420,
    100460,
    110487,
    120530,
    130656,
    140725,
    150741,
    160783,
    170834,
    180902,
    190908,
    201024,
    211164,
    221186
  ],
  "dead_enemies_mean": [
    0.0,
    0.0,
    0.0,
    0.010752688172043012,
    0.019867549668874173,
    0.043478260869565216,
    0.08823529411764706,
    0.2037037037037037,
    0.1452991452991453,
    0.13761467889908258,
    0.11607142857142858,
    0.12037037037037036,
    0.03361344537815126,
    0.01652892561983471,
    0.07964601769911504,
    0.043478260869565216,
    0.10483870967741936,
    0.008695652173913044,
    0.04854368932038835,
    0.05263157894736842,
    0.041666666666666664,
    0.09574468085106383,
    0.06796116504854369
  ],
  "dead_enemies_mean_T": [
    37,
    10053,
    20057,
    30078,
    40132,
    50298,
    60340,
    70374,
    80393,
    90420,
    100460,
    110487,
    120530,
    130656,
    140725,
    150741,
    160783,
    170834,
    180902,
    190908,
    201024,
    211164,
    221186
  ],
  "ep_length_mean": [
    37.0,
    40.064,
    47.41232227488152,
    53.876344086021504,
    66.58278145695364,
    88.4,
    98.45098039215686,
    92.9074074074074,
    85.63247863247864,
    91.9908256880734,
    89.64285714285714,
    92.8425925925926,
    84.39495798319328,
    83.68595041322314,
    89.10619469026548,
    87.09565217391304,
    80.98387096774194,
    87.4,
    97.74757281553399,
    87.7719298245614,
    105.375,
    107.87234042553192,
    97.30097087378641
  ],
  "ep_length_mean_T": [
    37,
    10053,
    20057,
    30078,
    40132,
    50298,
    60340,
    70374,
    80393,
    90420,
    100460,
    110487,
    120530,
    130656,
    140725,
    150741,
    160783,
    170834,
    180902,
    190908,
    201024,
    211164,
    221186
  ],
  "episode": [
    250,
    461,
    647,
    798,
    913,
    1013,
    1121,
    1238,
    1347,
    1459,
    1569,
    1688,
    1809,
    1921,
    2036,
    2160,
    2273,
    2377,
    2491,
    2587,
    2682,
    2784
  ],
  "episode_T": [
    10011,
    20016,
    30039,
    40074,
    50118,
    60161,
    70225,
    80239,
    90273,
    100325,
    110416,
    120474,
    130476,
    140506,
    150512,
    160535,
    170571,
    180597,
    190598,
    200703,
    210804,
    220820
  ],
  "epsilon": [
    1.0,
    0.809791,
    0.619696,
    0.42925900000000006,
    0.23859400000000008,
    0.05,
    0.05,
    0.05,
    0.05,
    0.05,
    0.05,
    0.05,
    0.05,
    0.05,
    0.05,
    0.05,
    0.05,
    0.05,
    0.05,
    0.05,
    0.05,
    0.05,
    0.05
  ],
  "epsilon_T": [
    37,
    10053,
    20057,
    30078,
    40132,
    50298,
    60340,
    70374,
    80393,
    90420,
    100460,
    110487,
    120530,
    130656,
    140725,
    150741,
    160783,
    170834,
    180902,
    190908,
    201024,
    211164,
    221186
  ],
  "grad_norm": [
    1434.5732421875,
    21.16897964477539,
    16.49301528930664,
    56.320613861083984,
    27.49494743347168,
    49.985164642333984,
    22.53569984436035,
    18.02001953125,
    27.473493576049805,
    18.053438186645508,
    42.10100555419922,
    32.245548248291016,
    35.7518196105957,
    20.37648582458496,
    30.673139572143555,
    24.590560913085938,
    40.12586212158203,
    23.682344436645508,
    16.542282104492188,
    23.086172103881836,
    18.00136375427246,
    30.667253494262695
  ],
  "grad_norm_T": [
    1240,
    11251,
    21297,
    31366,
    41391,
    51473,
    61594,
    71715,
    81748,
    91749,
    101800,
    111930,
    121947,
    132041,
    142095,
    152104,
    162118,
    172166,
    182331,
    192361,
    202399,
    212422
  ],
  "loss": [
    35.79534912109375,
    0.9886882901191711,
    0.6369216442108154,
    0.9748445153236389,
    0.4847446084022522,
    0.7987772226333618,
    0.3885189890861511,
    0.39563244581222534,
    0.522906482219696,
    0.33292561769485474,
    0.6036011576652527,
    0.5243490934371948,
    0.5465114116668701,
    0.3149871230125427,
    0.5058386325836182,
    0.4049118757247925,
    0.556749165058136,
    0.43113625049591064,
    0.3389093279838562,
    0.7360715866088867,
    0.37547165155410767,
    0.5544631481170654
  ],
  "loss_T": [
    1240,
    11251,
    21297,
    31366,
    41391,
    51473,
    61594,
    71715,
    81748,
    91749,
    101800,
    111930,
    121947,
    132041,
    142095,
    152104,
    162118,
    172166,
    182331,
    192361,
    202399,
    212422
  ],
  "q_taken_mean": [
    0.7931848538306452,
    0.9900702625798722,
    1.015935260567852,
    1.0586639272186147,
    0.8818282744609274,
    0.9617377725084938,
    0.9657218256379101,
    0.9149902803092662,
    1.0466889638243737,
    0.8751784783364226,
    1.0832989899588867,
    0.9768110207950368,
    1.0600439219497608,
    1.0294485134548612,
    1.0435178347654852,
    1.085581604715149,
    1.1413309340311293,
    0.9981231854294202,
    1.0366784590275178,
    1.1340665926099158,
    1.1344205929135587,
    1.2584914395297342
  ],
  "q_taken_mean_T": [
    1240,
    11251,
    21297,
    31366,
    41391,
    51473,
    61594,
    71715,
    81748,
    91749,
    101800,
    111930,
    121947,
    132041,
    142095,
    152104,
    162118,
    172166,
    182331,
    192361,
    202399,
    212422
  ],
  "return_mean": [
    1.2037571317427385,
    1.8423056113848548,
    1.8763794706286503,
    1.8706280386592045,
    1.881627588423305,
    1.7113916200613386,
    1.7445281989870638,
    2.306248994472299,
    2.1356381829183957,
    2.0884173271013364,
    1.857024296261392,
    1.843715369325822,
    1.6932324991718672,
    1.6200231178843318,
    1.8148628559560092,
    1.8315394980155149,
    2.0436604545387995,
    1.8665684055340068,
    1.9827797997321037,
    1.9337208588119679,
    2.04136807559107,
    2.1738533861293816,
    2.0090419073288883
  ],
  "return_mean_T": [
    37,
    10053,
    20057,
    30078,
    40132,
    50298,
    60340,
    70374,
    80393,
    90420,
    100460,
    110487,
    120530,
    130656,
    140725,
    150741,
    160783,
    170834,
    180902,
    190908,
    201024,
    211164,
    221186
  ],
  "return_std": [
    0.0,
    0.3599622435633803,
    0.4694948503788153,
    0.5401248644209361,
    0.5611576361703813,
    0.6180723313115143,
    0.6518139594149206,
    1.008018916273547,
    0.8137557752568064,
    0.9138554570232531,
    0.6981883183122701,
    0.638700250503879,
    0.625520274355457,
    0.6594533703346088,
    0.7164574525140879,
    0.667067208325807,
    0.6773335705334028,
    0.6601501873107162,
    0.7440750664682892,
    0.612221716092722,
    0.7423057860955896,
    0.69150590028312,
    0.7888940792395154
  ],