/labmount/users/202535331/miniconda3/envs/pymarl/lib/python3.9/site-packages/sacred/dependencies.py:11: UserWarning: pkg_resources is deprecated as an API. See https://setuptools.pypa.io/en/latest/pkg_resources.html. The pkg_resources package is slated for removal as early as 2025-11-30. Refrain from using this package or pin to Setuptools<81.
  import pkg_resources
[DEBUG 07:33:11] git.cmd Popen(['git', 'version'], cwd=/labmount/users/202535331/MARL/pymarl-monotone-qmix, stdin=None, shell=False, universal_newlines=False)
[DEBUG 07:33:11] git.cmd Popen(['git', 'version'], cwd=/labmount/users/202535331/MARL/pymarl-monotone-qmix, stdin=None, shell=False, universal_newlines=False)
[DEBUG 07:33:11] git.util sys.platform='linux', git_executable='git'
[DEBUG 07:33:11] git.cmd Popen(['git', 'diff', '--cached', '--abbrev=40', '--full-index', '--raw'], cwd=/labmount/users/202535331/MARL/pymarl-monotone-qmix, stdin=None, shell=False, universal_newlines=False)
[DEBUG 07:33:11] git.cmd Popen(['git', 'diff', '--abbrev=40', '--full-index', '--raw'], cwd=/labmount/users/202535331/MARL/pymarl-monotone-qmix, stdin=None, shell=False, universal_newlines=False)
[DEBUG 07:33:12] git.cmd Popen(['git', 'cat-file', '--batch-check'], cwd=/labmount/users/202535331/MARL/pymarl-monotone-qmix, stdin=<valid stream>, shell=False, universal_newlines=False)
[DEBUG 07:33:12] git.util sys.platform='linux', git_executable='git'
[DEBUG 07:33:12] git.cmd Popen(['git', 'diff', '--cached', '--abbrev=40', '--full-index', '--raw'], cwd=/labmount/users/202535331/MARL/pymarl-monotone-qmix, stdin=None, shell=False, universal_newlines=False)
[DEBUG 07:33:12] git.cmd Popen(['git', 'diff', '--abbrev=40', '--full-index', '--raw'], cwd=/labmount/users/202535331/MARL/pymarl-monotone-qmix, stdin=None, shell=False, universal_newlines=False)
[DEBUG 07:33:12] git.cmd Popen(['git', 'cat-file', '--batch-check'], cwd=/labmount/users/202535331/MARL/pymarl-monotone-qmix, stdin=<valid stream>, shell=False, universal_newlines=False)
[DEBUG 07:33:12] git.util sys.platform='linux', git_executable='git'
[DEBUG 07:33:12] git.cmd Popen(['git', 'diff', '--cached', '--abbrev=40', '--full-index', '--raw'], cwd=/labmount/users/202535331/MARL/pymarl-monotone-qmix, stdin=None, shell=False, universal_newlines=False)
[DEBUG 07:33:12] git.cmd Popen(['git', 'diff', '--abbrev=40', '--full-index', '--raw'], cwd=/labmount/users/202535331/MARL/pymarl-monotone-qmix, stdin=None, shell=False, universal_newlines=False)
[DEBUG 07:33:12] git.cmd Popen(['git', 'cat-file', '--batch-check'], cwd=/labmount/users/202535331/MARL/pymarl-monotone-qmix, stdin=<valid stream>, shell=False, universal_newlines=False)
[INFO 07:33:12] root Saving to FileStorageObserver in /labmount/users/202535331/MARL/pymarl-monotone-qmix/results/sacred/cw_qmix.
[DEBUG 07:33:12] pymarl Using capture mode "fd"
[INFO 07:33:12] pymarl Running command 'my_main'
[INFO 07:33:12] pymarl Started run with ID "9"
[DEBUG 07:33:12] pymarl Starting Heartbeat
[DEBUG 07:33:12] my_main Started
[INFO 07:33:12] my_main Experiment Parameters:
[INFO 07:33:12] my_main 

{   'action_selector': 'epsilon_greedy',
    'agent': 'rnn',
    'agent_output_type': 'q',
    'batch_size': 32,
    'batch_size_run': 1,
    'buffer_cpu_only': True,
    'buffer_size': 5000,
    'central_action_embed': 1,
    'central_agent': 'central_rnn',
    'central_loss': 1,
    'central_mac': 'basic_central_mac',
    'central_mixing_embed_dim': 256,
    'central_rnn_hidden_dim': 64,
    'checkpoint_path': '',
    'critic_lr': 0.0005,
    'double_q': True,
    'env': 'sc2',
    'env_args': {   'continuing_episode': False,
                    'debug': False,
                    'difficulty': '7',
                    'game_version': None,
                    'heuristic_ai': False,
                    'heuristic_rest': False,
                    'map_name': 'MMM2',
                    'move_amount': 2,
                    'obs_all_health': True,
                    'obs_instead_of_state': False,
                    'obs_last_action': False,
                    'obs_own_health': True,
                    'obs_pathing_grid': False,
                    'obs_terrain_height': False,
                    'obs_timestep_number': False,
                    'replay_dir': '',
                    'replay_prefix': '',
                    'reward_death_value': 10,
                    'reward_defeat': 0,
                    'reward_negative_scale': 0.5,
                    'reward_only_positive': True,
                    'reward_scale': True,
                    'reward_scale_rate': 20,
                    'reward_sparse': False,
                    'reward_win': 200,
                    'seed': 141,
                    'state_last_action': True,
                    'state_timestep_number': False,
                    'step_mul': 8},
    'epsilon_anneal_time': 50000,
    'epsilon_finish': 0.05,
    'epsilon_start': 1.0,
    'evaluate': False,
    'gamma': 0.99,
    'grad_norm_clip': 10,
    'hypernet_embed': 64,
    'hypernet_layers': 2,
    'hysteretic_qmix': False,
    'label': 'default_label',
    'learner': 'wqmix_learner',
    'learner_log_interval': 10000,
    'load_step': 0,
    'local_results_path': 'results',
    'log_interval': 10000,
    'lr': 0.0005,
    'mac': 'basic_mac',
    'mixer': 'qmix',
    'mixing_embed_dim': 32,
    'name': 'cw_qmix_MMM2_seed141',
    'obs_agent_id': True,
    'obs_last_action': True,
    'optim_alpha': 0.99,
    'optim_eps': 1e-05,
    'qmix_loss': 1,
    'repeat_id': 1,
    'rnn_hidden_dim': 64,
    'runner': 'episode',
    'runner_log_interval': 10000,
    'save_model': True,
    'save_model_interval': 2000000,
    'save_replay': False,
    'seed': 141,
    't_max': 2050000,
    'target_update_interval': 200,
    'test_greedy': True,
    'test_interval': 10000,
    'test_nepisode': 32,
    'use_cuda': True,
    'use_tensorboard': True,
    'w': 0.1}

[INFO 07:33:17] my_main Beginning training for 2050000 timesteps
[INFO 07:33:17] absl Launching SC2: /labmount/users/202535331/MARL/pymarl-monotone-qmix/3rdparty/StarCraftII/Versions/Base75689/SC2_x64 -listen 127.0.0.1 -port 40287 -dataDir /labmount/users/202535331/MARL/pymarl-monotone-qmix/3rdparty/StarCraftII/ -tempDir /tmp/sc-y5jpnvan/
[INFO 07:33:18] absl Connecting to: ws://127.0.0.1:40287/sc2api, attempt: 0, running: True
Version: B75689 (SC2.4.10)
Build: Aug 12 2019 17:16:57
Command Line: '"/labmount/users/202535331/MARL/pymarl-monotone-qmix/3rdparty/StarCraftII/Versions/Base75689/SC2_x64" -listen 127.0.0.1 -port 40287 -dataDir /labmount/users/202535331/MARL/pymarl-monotone-qmix/3rdparty/StarCraftII/ -tempDir /tmp/sc-y5jpnvan/'
Starting up...
Startup Phase 1 complete
[INFO 07:33:19] absl Connecting to: ws://127.0.0.1:40287/sc2api, attempt: 1, running: True
Startup Phase 2 complete
Creating stub renderer...
Listening on: 127.0.0.1:40287
Startup Phase 3 complete. Ready for commands.
[INFO 07:33:20] absl Connecting to: ws://127.0.0.1:40287/sc2api, attempt: 2, running: True
ConnectHandler: Request from 127.0.0.1:36520 accepted
ReadyHandler: 127.0.0.1:36520 ready
Requesting to join a single player game
Configuring interface options
Configure: raw interface enabled
Configure: feature layer interface disabled
Configure: score interface disabled
Configure: render interface disabled
Launching next game.
Next launch phase started: 2
Next launch phase started: 3
Next launch phase started: 4
Next launch phase started: 5
Next launch phase started: 6
Next launch phase started: 7
Next launch phase started: 8
Game has started.
Using default stable ids, none found at: /labmount/users/202535331/MARL/pymarl-monotone-qmix/3rdparty/StarCraftII/stableid.json
Successfully loaded stable ids: GameData\stableid.json
Sending ResponseJoinGame
[INFO 07:33:23] my_main t_env: 36 / 2050000
[INFO 07:33:23] my_main Estimated time left: 20 minutes, 21 seconds. Time passed: 5 seconds
[INFO 07:33:33] my_main Saving models to results/models/cw_qmix_MMM2_seed141__2026-09-17_07-33-12/36
[INFO 07:34:50] my_main Recent Stats | t_env:      10010 | Episode:      255
battle_won_mean:           0.0000	central_loss:              0.0064	dead_allies_mean:         10.0000	dead_enemies_mean:         0.0000
ep_length_mean:           36.0000	epsilon:                   1.0000	grad_norm:                 1.5062	loss:                      0.0625
qmix_loss:                 0.0561	return_mean:               1.1640	return_std:                0.0000	test_battle_won_mean:      0.0000
test_dead_allies_mean:     9.4688	test_dead_enemies_mean:    0.3438	test_ep_length_mean:      84.5000	test_return_mean:          2.0919
test_return_std:           0.6387	w_to_use:                  0.7857	
[INFO 07:34:50] my_main t_env: 10054 / 2050000
[INFO 07:34:50] my_main Estimated time left: 4 hours, 54 minutes, 3 seconds. Time passed: 1 minutes, 32 seconds
[INFO 07:36:30] my_main Recent Stats | t_env:      20040 | Episode:      505
battle_won_mean:           0.0000	central_loss:              0.0048	dead_allies_mean:          9.9569	dead_enemies_mean:         0.0000
ep_length_mean:           37.6431	epsilon:                   0.8098	grad_norm:                 0.8029	loss:                      0.0337
qmix_loss:                 0.0289	return_mean:               1.5307	return_std:                0.2154	test_battle_won_mean:      0.0000
test_dead_allies_mean:     8.7812	test_dead_enemies_mean:    0.5156	test_ep_length_mean:     126.2656	test_return_mean:          2.8636
test_return_std:           1.1371	w_to_use:                  0.8031	
[INFO 07:36:31] my_main t_env: 20066 / 2050000
[INFO 07:36:31] my_main Estimated time left: 5 hours, 40 minutes, 36 seconds. Time passed: 3 minutes, 13 seconds
[INFO 07:38:20] my_main Recent Stats | t_env:      30057 | Episode:      853
battle_won_mean:           0.0000	central_loss:              0.0050	dead_allies_mean:          9.8992	dead_enemies_mean:         0.0147
ep_length_mean:           38.4448	epsilon:                   0.6192	grad_norm:                 0.6172	loss:                      0.0254
qmix_loss:                 0.0204	return_mean:               1.8280	return_std:                0.3391	test_battle_won_mean:      0.0000
test_dead_allies_mean:     8.8438	test_dead_enemies_mean:    1.1146	test_ep_length_mean:     100.3125	test_return_mean:          3.5304
test_return_std:           0.9805	w_to_use:                  0.8177	
[INFO 07:38:21] my_main t_env: 30080 / 2050000
[INFO 07:38:21] my_main Estimated time left: 6 hours, 10 minutes, 1 seconds. Time passed: 5 minutes, 3 seconds
[INFO 07:40:10] my_main Recent Stats | t_env:      40066 | Episode:     1240
battle_won_mean:           0.0000	central_loss:              0.0052	dead_allies_mean:          9.7484	dead_enemies_mean:         0.0972
ep_length_mean:           36.0275	epsilon:                   0.4289	grad_norm:                 0.4880	loss:                      0.0214
qmix_loss:                 0.0162	return_mean:               2.0661	return_std:                0.4135	test_battle_won_mean:      0.0000
test_dead_allies_mean:     8.8828	test_dead_enemies_mean:    1.3750	test_ep_length_mean:      81.8438	test_return_mean:          3.8656
test_return_std:           0.9061	w_to_use:                  0.8157	
[INFO 07:40:10] my_main t_env: 40092 / 2050000
[INFO 07:40:10] my_main Estimated time left: 6 hours, 6 minutes, 37 seconds. Time passed: 6 minutes, 53 seconds
[INFO 07:41:59] my_main Recent Stats | t_env:      50086 | Episode:     1631
battle_won_mean:           0.0000	central_loss:              0.0067	dead_allies_mean:          9.6168	dead_enemies_mean:         0.2623
ep_length_mean:           33.9962	epsilon:                   0.2387	grad_norm:                 0.4818	loss:                      0.0207
qmix_loss:                 0.0140	return_mean:               2.3833	return_std:                0.4845	test_battle_won_mean:      0.0000
test_dead_allies_mean:     8.9062	test_dead_enemies_mean:    1.5750	test_ep_length_mean:      70.7188	test_return_mean:          4.2648
test_return_std:           0.8467	w_to_use:                  0.8047	
[INFO 07:41:59] my_main t_env: 50109 / 2050000
[INFO 07:41:59] my_main Estimated time left: 6 hours, 1 minutes, 49 seconds. Time passed: 8 minutes, 41 seconds
RequestQuit command received.
Closing Application...
DataHandler: unable to parse websocket frame.
CloseHandler: 127.0.0.1:36520 disconnected
[INFO 07:42:32] absl Shutdown gracefully.
[INFO 07:42:32] absl Shutdown with return code: -15
[INFO 07:42:32] absl Launching SC2: /labmount/users/202535331/MARL/pymarl-monotone-qmix/3rdparty/StarCraftII/Versions/Base75689/SC2_x64 -listen 127.0.0.1 -port 34263 -dataDir /labmount/users/202535331/MARL/pymarl-monotone-qmix/3rdparty/StarCraftII/ -tempDir /tmp/sc-x_exivcr/
[INFO 07:42:32] absl Connecting to: ws://127.0.0.1:34263/sc2api, attempt: 0, running: True
Version: B75689 (SC2.4.10)
Build: Aug 12 2019 17:16:57
Command Line: '"/labmount/users/202535331/MARL/pymarl-monotone-qmix/3rdparty/StarCraftII/Versions/Base75689/SC2_x64" -listen 127.0.0.1 -port 34263 -dataDir /labmount/users/202535331/MARL/pymarl-monotone-qmix/3rdparty/StarCraftII/ -tempDir /tmp/sc-x_exivcr/'
Starting up...
Startup Phase 1 complete
[INFO 07:42:33] absl Connecting to: ws://127.0.0.1:34263/sc2api, attempt: 1, running: True
Startup Phase 2 complete
Creating stub renderer...
Listening on: 127.0.0.1:34263
Startup Phase 3 complete. Ready for commands.
[INFO 07:42:34] absl Connecting to: ws://127.0.0.1:34263/sc2api, attempt: 2, running: True
ConnectHandler: Request from 127.0.0.1:47458 accepted
ReadyHandler: 127.0.0.1:47458 ready
Requesting to join a single player game
Configuring interface options
Configure: raw interface enabled
Configure: feature layer interface disabled
Configure: score interface disabled
Configure: render interface disabled
Launching next game.
Next launch phase started: 2
Next launch phase started: 3
Next launch phase started: 4
Next launch phase started: 5
Next launch phase started: 6
Next launch phase started: 7
Next launch phase started: 8
Game has started.
Using default stable ids, none found at: /labmount/users/202535331/MARL/pymarl-monotone-qmix/3rdparty/StarCraftII/stableid.json
Successfully loaded stable ids: GameData\stableid.json
Sending ResponseJoinGame
[INFO 07:43:54] my_main Recent Stats | t_env:      60099 | Episode:     2011
battle_won_mean:           0.0000	central_loss:              0.0100	dead_allies_mean:          9.4189	dead_enemies_mean:         0.5876
ep_length_mean:           31.9200	epsilon:                   0.0500	grad_norm:                 0.3834	loss:                      0.0140
qmix_loss:                 0.0040	return_mean:               3.0930	return_std:                0.6565	test_battle_won_mean:      0.0000
test_dead_allies_mean:     8.8125	test_dead_enemies_mean:    2.0063	test_ep_length_mean:      59.0312	test_return_mean:          5.0148
test_return_std:           0.8369	w_to_use:                  0.7851	
[INFO 07:43:54] my_main t_env: 60129 / 2050000
[INFO 07:43:54] my_main Estimated time left: 6 hours, 21 minutes, 17 seconds. Time passed: 10 minutes, 37 seconds
[INFO 07:45:43] my_main Recent Stats | t_env:      70107 | Episode:     2386
battle_won_mean:           0.0000	central_loss:              0.0118	dead_allies_mean:          9.2314	dead_enemies_mean:         1.0623
ep_length_mean:           29.3364	epsilon:                   0.0500	grad_norm:                 0.3936	loss:                      0.0167
qmix_loss:                 0.0049	return_mean:               3.8146	return_std:                0.7364	test_battle_won_mean:      0.0000
test_dead_allies_mean:     8.9938	test_dead_enemies_mean:    2.5000	test_ep_length_mean:      30.8062	test_return_mean:          5.5294
test_return_std:           0.6338	w_to_use:                  0.7614	
[INFO 07:45:43] my_main t_env: 70132 / 2050000
[INFO 07:45:43] my_main Estimated time left: 5 hours, 58 minutes, 3 seconds. Time passed: 12 minutes, 25 seconds
[INFO 07:47:29] my_main Recent Stats | t_env:      80109 | Episode:     2761
battle_won_mean:           0.0000	central_loss:              0.0138	dead_allies_mean:          9.0746	dead_enemies_mean:         1.5559
ep_length_mean:           26.6617	epsilon:                   0.0500	grad_norm:                 0.4488	loss:                      0.0193
qmix_loss:                 0.0055	return_mean:               4.4639	return_std:                0.7949	test_battle_won_mean:      0.0000
test_dead_allies_mean:     9.0000	test_dead_enemies_mean:    2.6562	test_ep_length_mean:      26.5875	test_return_mean:          5.8165
test_return_std:           0.6498	w_to_use:                  0.7283	
[INFO 07:47:30] my_main t_env: 80133 / 2050000
[INFO 07:47:30] my_main Estimated time left: 5 hours, 50 minutes, 24 seconds. Time passed: 14 minutes, 12 seconds
[INFO 07:49:16] my_main Recent Stats | t_env:      90123 | Episode:     3138
battle_won_mean:           0.0000	central_loss:              0.0180	dead_allies_mean:          9.0154	dead_enemies_mean:         2.0182
ep_length_mean:           26.2404	epsilon:                   0.0500	grad_norm:                 0.6836	loss:                      0.0246
qmix_loss:                 0.0066	return_mean:               5.0500	return_std:                0.8404	test_battle_won_mean:      0.0000
test_dead_allies_mean:     9.0000	test_dead_enemies_mean:    2.8500	test_ep_length_mean:      26.8562	test_return_mean:          6.1009
test_return_std:           0.6875	w_to_use:                  0.7038	
[INFO 07:49:16] my_main t_env: 90149 / 2050000
[INFO 07:49:16] my_main Estimated time left: 5 hours, 46 minutes, 41 seconds. Time passed: 15 minutes, 58 seconds
[INFO 07:51:00] my_main Recent Stats | t_env:     100139 | Episode:     3511
battle_won_mean:           0.0000	central_loss:              0.0185	dead_allies_mean:          8.9984	dead_enemies_mean:         2.3610
ep_length_mean:           26.3798	epsilon:                   0.0500	grad_norm:                 0.7459	loss:                      0.0253
qmix_loss:                 0.0067	return_mean:               5.4812	return_std:                0.8607	test_battle_won_mean:      0.0000
test_dead_allies_mean:     9.0000	test_dead_enemies_mean:    2.9562	test_ep_length_mean:      26.9250	test_return_mean:          6.1455
test_return_std:           0.7266	w_to_use:                  0.6769	
[INFO 07:51:00] my_main t_env: 100163 / 2050000
[INFO 07:51:00] my_main Estimated time left: 5 hours, 38 minutes, 29 seconds. Time passed: 17 minutes, 42 seconds
[INFO 07:52:43] my_main Recent Stats | t_env:     110155 | Episode:     3887
battle_won_mean:           0.0000	central_loss:              0.0202	dead_allies_mean:          8.9969	dead_enemies_mean:         2.6067
ep_length_mean:           26.6254	epsilon:                   0.0500	grad_norm:                 0.8824	loss:                      0.0274
qmix_loss:                 0.0073	return_mean:               5.7039	return_std:                0.8743	test_battle_won_mean:      0.0000
test_dead_allies_mean:     9.0000	test_dead_enemies_mean:    3.1125	test_ep_length_mean:      27.1687	test_return_mean:          6.2969
test_return_std:           0.8007	w_to_use:                  0.6662	
[INFO 07:52:44] my_main t_env: 110181 / 2050000
[INFO 07:52:44] my_main Estimated time left: 5 hours, 33 minutes, 56 seconds. Time passed: 19 minutes, 26 seconds
RequestQuit command received.
Closing Application...
DataHandler: unable to parse websocket frame.
CloseHandler: 127.0.0.1:47458 disconnected
[INFO 07:53:13] absl Shutdown gracefully.
[INFO 07:53:13] absl Shutdown with return code: -15
[INFO 07:53:13] absl Launching SC2: /labmount/users/202535331/MARL/pymarl-monotone-qmix/3rdparty/StarCraftII/Versions/Base75689/SC2_x64 -listen 127.0.0.1 -port 43525 -dataDir /labmount/users/202535331/MARL/pymarl-monotone-qmix/3rdparty/StarCraftII/ -tempDir /tmp/sc-pm9b6bwp/
[INFO 07:53:13] absl Connecting to: ws://127.0.0.1:43525/sc2api, attempt: 0, running: True
Version: B75689 (SC2.4.10)
Build: Aug 12 2019 17:16:57
Command Line: '"/labmount/users/202535331/MARL/pymarl-monotone-qmix/3rdparty/StarCraftII/Versions/Base75689/SC2_x64" -listen 127.0.0.1 -port 43525 -dataDir /labmount/users/202535331/MARL/pymarl-monotone-qmix/3rdparty/StarCraftII/ -tempDir /tmp/sc-pm9b6bwp/'
Starting up...
Startup Phase 1 complete
[INFO 07:53:14] absl Connecting to: ws://127.0.0.1:43525/sc2api, attempt: 1, running: True
Startup Phase 2 complete
Creating stub renderer...
Listening on: 127.0.0.1:43525
Startup Phase 3 complete. Ready for commands.
[INFO 07:53:15] absl Connecting to: ws://127.0.0.1:43525/sc2api, attempt: 2, running: True
ConnectHandler: Request from 127.0.0.1:51940 accepted
ReadyHandler: 127.0.0.1:51940 ready
Requesting to join a single player game
Configuring interface options
Configure: raw interface enabled
Configure: feature layer interface disabled
Configure: score interface disabled
Configure: render interface disabled
Launching next game.
Next launch phase started: 2
Next launch phase started: 3
Next launch phase started: 4
Next launch phase started: 5
Next launch phase started: 6
Next launch phase started: 7
Next launch phase started: 8
Game has started.
Using default stable ids, none found at: /labmount/users/202535331/MARL/pymarl-monotone-qmix/3rdparty/StarCraftII/stableid.json
Successfully loaded stable ids: GameData\stableid.json
Sending ResponseJoinGame
[INFO 07:54:32] my_main Recent Stats | t_env:     120156 | Episode:     4264
battle_won_mean:           0.0000	central_loss:              0.0270	dead_allies_mean:          9.0016	dead_enemies_mean:         2.6931
ep_length_mean:           26.6805	epsilon:                   0.0500	grad_norm:                 1.3214	loss:                      0.0348
qmix_loss:                 0.0078	return_mean:               5.7754	return_std:                0.9029	test_battle_won_mean:      0.0000
test_dead_allies_mean:     9.0000	test_dead_enemies_mean:    3.1375	test_ep_length_mean:      27.2625	test_return_mean:          6.3278
test_return_std:           0.8838	w_to_use:                  0.6498	
[INFO 07:54:33] my_main t_env: 120208 / 2050000
[INFO 07:54:33] my_main Estimated time left: 5 hours, 50 minutes, 15 seconds. Time passed: 21 minutes, 15 seconds
[INFO 07:56:17] my_main Recent Stats | t_env:     130163 | Episode:     4642
battle_won_mean:           0.0000	central_loss:              0.0280	dead_allies_mean:          8.9979	dead_enemies_mean:         2.7352
ep_length_mean:           26.6508	epsilon:                   0.0500	grad_norm:                 1.3466	loss:                      0.0368
qmix_loss:                 0.0087	return_mean:               5.7884	return_std:                0.9425	test_battle_won_mean:      0.0000
test_dead_allies_mean:     9.0000	test_dead_enemies_mean:    3.1437	test_ep_length_mean:      27.1938	test_return_mean:          6.3035
test_return_std:           0.8818	w_to_use:                  0.6362	
[INFO 07:56:18] my_main t_env: 130217 / 2050000
[INFO 07:56:18] my_main Estimated time left: 5 hours, 34 minutes, 45 seconds. Time passed: 23 minutes, 0 seconds
[INFO 07:58:02] my_main Recent Stats | t_env:     140187 | Episode:     5027
battle_won_mean:           0.0000	central_loss:              0.0331	dead_allies_mean:          8.9984	dead_enemies_mean:         2.7273
ep_length_mean:           26.6127	epsilon:                   0.0500	grad_norm:                 1.6096	loss:                      0.0426
qmix_loss:                 0.0095	return_mean:               5.7851	return_std:                0.9632	test_battle_won_mean:      0.0000
test_dead_allies_mean:     9.0000	test_dead_enemies_mean:    3.1750	test_ep_length_mean:      27.0437	test_return_mean:          6.3229
test_return_std:           0.9050	w_to_use:                  0.6174	
[INFO 07:58:03] my_main t_env: 140241 / 2050000
[INFO 07:58:03] my_main Estimated time left: 5 hours, 34 minutes, 0 seconds. Time passed: 24 minutes, 45 seconds
[INFO 07:59:43] my_main Recent Stats | t_env:     150193 | Episode:     5409
battle_won_mean:           0.0000	central_loss:              0.0370	dead_allies_mean:          8.9979	dead_enemies_mean:         2.7163
ep_length_mean:           26.5065	epsilon:                   0.0500	grad_norm:                 1.8923	loss:                      0.0495
qmix_loss:                 0.0125	return_mean:               5.7367	return_std:                0.9954	test_battle_won_mean:      0.0000
test_dead_allies_mean:     9.0000	test_dead_enemies_mean:    3.2000	test_ep_length_mean:      27.0938	test_return_mean:          6.3479
test_return_std:           0.9030	w_to_use:                  0.6014	
[INFO 07:59:44] my_main t_env: 150245 / 2050000
[INFO 07:59:44] my_main Estimated time left: 5 hours, 20 minutes, 12 seconds. Time passed: 26 minutes, 26 seconds
[INFO 08:01:18] my_main Recent Stats | t_env:     160204 | Episode:     5788
battle_won_mean:           0.0000	central_loss:              0.0361	dead_allies_mean:          8.9979	dead_enemies_mean:         2.6657
ep_length_mean:           26.3748	epsilon:                   0.0500	grad_norm:                 1.6529	loss:                      0.0497
qmix_loss:                 0.0135	return_mean:               5.7022	return_std:                1.0054	test_battle_won_mean:      0.0000
test_dead_allies_mean:     9.0000	test_dead_enemies_mean:    3.2313	test_ep_length_mean:      27.0750	test_return_mean:          6.3387
test_return_std:           0.8641	w_to_use:                  0.5927	
[INFO 08:01:19] my_main t_env: 160257 / 2050000
[INFO 08:01:19] my_main Estimated time left: 4 hours, 58 minutes, 39 seconds. Time passed: 28 minutes, 1 seconds
[INFO 08:02:51] my_main Recent Stats | t_env:     170213 | Episode:     6162
battle_won_mean:           0.0000	central_loss:              0.0347	dead_allies_mean:          8.9979	dead_enemies_mean:         2.6591
ep_length_mean:           26.3294	epsilon:                   0.0500	grad_norm:                 1.5304	loss:                      0.0495
qmix_loss:                 0.0148	return_mean:               5.7075	return_std:                1.0112	test_battle_won_mean:      0.0000
test_dead_allies_mean:     9.0000	test_dead_enemies_mean:    3.3500	test_ep_length_mean:      27.2688	test_return_mean:          6.4382
test_return_std:           0.8091	w_to_use:                  0.5795	
[INFO 08:02:52] my_main t_env: 170265 / 2050000
[INFO 08:02:52] my_main Estimated time left: 4 hours, 51 minutes, 32 seconds. Time passed: 29 minutes, 34 seconds
RequestQuit command received.
DataHandler: unable to parse websocket frame.
Closing Application...
CloseHandler: 127.0.0.1:51940 disconnected
ResponseThread: No connection, dropping the response.
[INFO 08:03:15] absl Shutdown gracefully.
[INFO 08:03:15] absl Shutdown with return code: -15
[INFO 08:03:15] absl Launching SC2: /labmount/users/202535331/MARL/pymarl-monotone-qmix/3rdparty/StarCraftII/Versions/Base75689/SC2_x64 -listen 127.0.0.1 -port 40529 -dataDir /labmount/users/202535331/MARL/pymarl-monotone-qmix/3rdparty/StarCraftII/ -tempDir /tmp/sc-vkkh5xtu/
[INFO 08:03:15] absl Connecting to: ws://127.0.0.1:40529/sc2api, attempt: 0, running: True
Version: B75689 (SC2.4.10)
Build: Aug 12 2019 17:16:57
Command Line: '"/labmount/users/202535331/MARL/pymarl-monotone-qmix/3rdparty/StarCraftII/Versions/Base75689/SC2_x64" -listen 127.0.0.1 -port 40529 -dataDir /labmount/users/202535331/MARL/pymarl-monotone-qmix/3rdparty/StarCraftII/ -tempDir /tmp/sc-vkkh5xtu/'
Starting up...
Startup Phase 1 complete
[INFO 08:03:16] absl Connecting to: ws://127.0.0.1:40529/sc2api, attempt: 1, running: True
Startup Phase 2 complete
Creating stub renderer...
Listening on: 127.0.0.1:40529
Startup Phase 3 complete. Ready for commands.
[INFO 08:03:17] absl Connecting to: ws://127.0.0.1:40529/sc2api, attempt: 2, running: True
ConnectHandler: Request from 127.0.0.1:45348 accepted
ReadyHandler: 127.0.0.1:45348 ready
Requesting to join a single player game
Configuring interface options
Configure: raw interface enabled
Configure: feature layer interface disabled
Configure: score interface disabled
Configure: render interface disabled
Launching next game.
Next launch phase started: 2
Next launch phase started: 3
Next launch phase started: 4
Next launch phase started: 5
Next launch phase started: 6
Next launch phase started: 7
Next launch phase started: 8
Game has started.
Using default stable ids, none found at: /labmount/users/202535331/MARL/pymarl-monotone-qmix/3rdparty/StarCraftII/stableid.json
Successfully loaded stable ids: GameData\stableid.json
Sending ResponseJoinGame
[INFO 08:04:30] my_main Recent Stats | t_env:     180226 | Episode:     6539
battle_won_mean:           0.0000	central_loss:              0.0363	dead_allies_mean:          9.0016	dead_enemies_mean:         2.6516
ep_length_mean:           26.3760	epsilon:                   0.0500	grad_norm:                 1.5004	loss:                      0.0522
qmix_loss:                 0.0159	return_mean:               5.7152	return_std:                0.9942	test_battle_won_mean:      0.0000
test_dead_allies_mean:     9.0000	test_dead_enemies_mean:    3.3312	test_ep_length_mean:      27.3375	test_return_mean:          6.4867
test_return_std:           0.8360	w_to_use:                  0.5737	
[INFO 08:04:30] my_main t_env: 180280 / 2050000
[INFO 08:04:30] my_main Estimated time left: 5 hours, 5 minutes, 57 seconds. Time passed: 31 minutes, 13 seconds
[INFO 08:06:03] my_main Recent Stats | t_env:     190230 | Episode:     6914
battle_won_mean:           0.0000	central_loss:              0.0324	dead_allies_mean:          8.9968	dead_enemies_mean:         2.6731
ep_length_mean:           26.3932	epsilon:                   0.0500	grad_norm:                 1.3145	loss:                      0.0506
qmix_loss:                 0.0182	return_mean:               5.7419	return_std:                1.0031	test_battle_won_mean:      0.0000
test_dead_allies_mean:     9.0000	test_dead_enemies_mean:    3.2625	test_ep_length_mean:      28.1812	test_return_mean:          6.4869
test_return_std:           0.8330	w_to_use:                  0.5701	
[INFO 08:06:03] my_main t_env: 190281 / 2050000
[INFO 08:06:03] my_main Estimated time left: 4 hours, 47 minutes, 30 seconds. Time passed: 32 minutes, 45 seconds
[INFO 08:07:29] my_main Recent Stats | t_env:     200247 | Episode:     7252
battle_won_mean:           0.0000	central_loss:              0.0308	dead_allies_mean:          8.9984	dead_enemies_mean:         2.6640
ep_length_mean:           26.5198	epsilon:                   0.0500	grad_norm:                 0.9174	loss:                      0.0474
qmix_loss:                 0.0167	return_mean:               5.7437	return_std:                1.0050	test_battle_won_mean:      0.0000
test_dead_allies_mean:     9.0000	test_dead_enemies_mean:    3.1938	test_ep_length_mean:      28.0063	test_return_mean:          6.5051
test_return_std:           0.8536	w_to_use:                  0.5757	
[INFO 08:07:30] my_main t_env: 200299 / 2050000
[INFO 08:07:30] my_main Estimated time left: 4 hours, 26 minutes, 47 seconds. Time passed: 34 minutes, 12 seconds
[INFO 08:09:00] my_main Recent Stats | t_env:     210250 | Episode:     7585
battle_won_mean:           0.0000	central_loss:              0.0327	dead_allies_mean:          9.0020	dead_enemies_mean:         2.6577
ep_length_mean:           27.2099	epsilon:                   0.0500	grad_norm:                 1.2379	loss:                      0.0495
qmix_loss:                 0.0168	return_mean:               5.7485	return_std:                1.0062	test_battle_won_mean:      0.0000
test_dead_allies_mean:     9.0000	test_dead_enemies_mean:    3.2125	test_ep_length_mean:      29.2688	test_return_mean:          6.4881
test_return_std:           0.8968	w_to_use:                  0.5686	
[INFO 08:09:01] my_main t_env: 210302 / 2050000
[INFO 08:09:01] my_main Estimated time left: 4 hours, 38 minutes, 51 seconds. Time passed: 35 minutes, 43 seconds
[INFO 08:10:31] my_main Recent Stats | t_env:     220263 | Episode:     7906
battle_won_mean:           0.0000	central_loss:              0.0310	dead_allies_mean:          9.0068	dead_enemies_mean:         2.6419
ep_length_mean:           27.9344	epsilon:                   0.0500	grad_norm:                 1.2561	loss:                      0.0497
qmix_loss:                 0.0186	return_mean:               5.7402	return_std:                1.0179	test_battle_won_mean:      0.0000
test_dead_allies_mean:     9.0000	test_dead_enemies_mean:    3.0500	test_ep_length_mean:      29.1875	test_return_mean:          6.3889
test_return_std:           0.9495	w_to_use:                  0.5747	
[INFO 08:10:32] my_main t_env: 220315 / 2050000
[INFO 08:10:32] my_main Estimated time left: 4 hours, 36 minutes, 42 seconds. Time passed: 37 minutes, 14 seconds
[INFO 08:12:06] my_main Recent Stats | t_env:     230290 | Episode:     8216
battle_won_mean:           0.0000	central_loss:              0.0302	dead_allies_mean:          9.0087	dead_enemies_mean:         2.6751
ep_length_mean:           28.8211	epsilon:                   0.0500	grad_norm:                 1.4151	loss:                      0.0477
qmix_loss:                 0.0175	return_mean:               5.7859	return_std:                1.0272	test_battle_won_mean:      0.0000
test_dead_allies_mean:     9.0000	test_dead_enemies_mean:    3.2062	test_ep_length_mean:      33.4813	test_return_mean:          6.4425
test_return_std:           0.9688	w_to_use:                  0.5806	
[INFO 08:12:06] my_main t_env: 230316 / 2050000
[INFO 08:12:06] my_main Estimated time left: 4 hours, 46 minutes, 55 seconds. Time passed: 38 minutes, 48 seconds
RequestQuit command received.
Closing Application...
DataHandler: unable to parse websocket frame.
CloseHandler: 127.0.0.1:45348 disconnected
[INFO 08:12:17] absl Shutdown gracefully.
[INFO 08:12:17] absl Shutdown with return code: -15
[INFO 08:12:17] absl Launching SC2: /labmount/users/202535331/MARL/pymarl-monotone-qmix/3rdparty/StarCraftII/Versions/Base75689/SC2_x64 -listen 127.0.0.1 -port 43003 -dataDir /labmount/users/202535331/MARL/pymarl-monotone-qmix/3rdparty/StarCraftII/ -tempDir /tmp/sc-e1wizj2o/
[INFO 08:12:17] absl Connecting to: ws://127.0.0.1:43003/sc2api, attempt: 0, running: True
Version: B75689 (SC2.4.10)
Build: Aug 12 2019 17:16:57
Command Line: '"/labmount/users/202535331/MARL/pymarl-monotone-qmix/3rdparty/StarCraftII/Versions/Base75689/SC2_x64" -listen 127.0.0.1 -port 43003 -dataDir /labmount/users/202535331/MARL/pymarl-monotone-qmix/3rdparty/StarCraftII/ -tempDir /tmp/sc-e1wizj2o/'
Starting up...
Startup Phase 1 complete
[INFO 08:12:18] absl Connecting to: ws://127.0.0.1:43003/sc2api, attempt: 1, running: True
Startup Phase 2 complete
Creating stub renderer...
Listening on: 127.0.0.1:43003
Startup Phase 3 complete. Ready for commands.
[INFO 08:12:19] absl Connecting to: ws://127.0.0.1:43003/sc2api, attempt: 2, running: True
ConnectHandler: Request from 127.0.0.1:55886 accepted
ReadyHandler: 127.0.0.1:55886 ready
Requesting to join a single player game
Configuring interface options
Configure: raw interface enabled
Configure: feature layer interface disabled
Configure: score interface disabled
Configure: render interface disabled
Launching next game.
Next launch phase started: 2
Next launch phase started: 3
Next launch phase started: 4
Next launch phase started: 5
Next launch phase started: 6
Next launch phase started: 7
Next launch phase started: 8
Game has started.
Using default stable ids, none found at: /labmount/users/202535331/MARL/pymarl-monotone-qmix/3rdparty/StarCraftII/stableid.json
Successfully loaded stable ids: GameData\stableid.json
Sending ResponseJoinGame
[INFO 08:13:51] my_main Recent Stats | t_env:     240312 | Episode:     8528
battle_won_mean:           0.0000	central_loss:              0.0323	dead_allies_mean:          9.0142	dead_enemies_mean:         2.7412
ep_length_mean:           29.9813	epsilon:                   0.0500	grad_norm:                 1.5507	loss:                      0.0480
qmix_loss:                 0.0158	return_mean:               5.8369	return_std:                1.0202	test_battle_won_mean:      0.0000
test_dead_allies_mean:     9.0000	test_dead_enemies_mean:    3.3875	test_ep_length_mean:      33.5312	test_return_mean:          6.5136
test_return_std:           0.9933	w_to_use:                  0.5925	
[INFO 08:13:52] my_main t_env: 240339 / 2050000
[INFO 08:13:52] my_main Estimated time left: 5 hours, 16 minutes, 59 seconds. Time passed: 40 minutes, 34 seconds
[INFO 08:15:39] my_main Recent Stats | t_env:     250321 | Episode:     8872
battle_won_mean:           0.0000	central_loss:              0.0318	dead_allies_mean:          9.0057	dead_enemies_mean:         2.8597
ep_length_mean:           31.0724	epsilon:                   0.0500	grad_norm:                 1.7746	loss:                      0.0479
qmix_loss:                 0.0162	return_mean:               5.9567	return_std:                1.0467	test_battle_won_mean:      0.0000
test_dead_allies_mean:     9.0000	test_dead_enemies_mean:    3.6375	test_ep_length_mean:      33.9000	test_return_mean:          6.6217
test_return_std:           1.0427	w_to_use:                  0.5904	
[INFO 08:15:40] my_main t_env: 250353 / 2050000
[INFO 08:15:40] my_main Estimated time left: 5 hours, 24 minutes, 2 seconds. Time passed: 42 minutes, 22 seconds
[INFO 08:17:16] my_main Recent Stats | t_env:     260322 | Episode:     9173
battle_won_mean:           0.0000	central_loss:              0.0288	dead_allies_mean:          9.0033	dead_enemies_mean:         2.9955
ep_length_mean:           30.9667	epsilon:                   0.0500	grad_norm:                 1.3881	loss:                      0.0451
qmix_loss:                 0.0162	return_mean:               6.0658	return_std:                1.0846	test_battle_won_mean:      0.0000
test_dead_allies_mean:     9.0000	test_dead_enemies_mean:    3.7875	test_ep_length_mean:      33.0187	test_return_mean:          6.7362
test_return_std:           1.0723	w_to_use:                  0.5910	
[INFO 08:17:17] my_main t_env: 260370 / 2050000
[INFO 08:17:17] my_main Estimated time left: 4 hours, 48 minutes, 32 seconds. Time passed: 43 minutes, 59 seconds
[INFO 08:19:06] my_main Recent Stats | t_env:     270338 | Episode:     9500
battle_won_mean:           0.0000	central_loss:              0.0265	dead_allies_mean:          9.0011	dead_enemies_mean:         3.0726
ep_length_mean:           31.5926	epsilon:                   0.0500	grad_norm:                 1.1634	loss:                      0.0398
qmix_loss:                 0.0133	return_mean:               6.1124	return_std:                1.0838	test_battle_won_mean:      0.0000
test_dead_allies_mean:     9.0000	test_dead_enemies_mean:    3.9750	test_ep_length_mean:      33.0875	test_return_mean:          6.8573
test_return_std:           1.0686	w_to_use:                  0.6033	
[INFO 08:19:07] my_main t_env: 270370 / 2050000
[INFO 08:19:07] my_main Estimated time left: 5 hours, 26 minutes, 28 seconds. Time passed: 45 minutes, 49 seconds
[INFO 08:20:56] my_main Recent Stats | t_env:     280346 | Episode:     9823
battle_won_mean:           0.0000	central_loss:              0.0259	dead_allies_mean:          9.0011	dead_enemies_mean:         3.1510
ep_length_mean:           31.4890	epsilon:                   0.0500	grad_norm:                 1.0423	loss:                      0.0395
qmix_loss:                 0.0136	return_mean:               6.1480	return_std:                1.0887	test_battle_won_mean:      0.0000
test_dead_allies_mean:     9.0000	test_dead_enemies_mean:    4.0625	test_ep_length_mean:      29.2000	test_return_mean:          6.8765
test_return_std:           1.0638	w_to_use:                  0.5969	
[INFO 08:20:56] my_main t_env: 280378 / 2050000
[INFO 08:20:56] my_main Estimated time left: 5 hours, 21 minutes, 24 seconds. Time passed: 47 minutes, 38 seconds
[INFO 08:22:46] my_main Recent Stats | t_env:     290364 | Episode:    10141
battle_won_mean:           0.0000	central_loss:              0.0224	dead_allies_mean:          9.0073	dead_enemies_mean:         3.1474
ep_length_mean:           31.2127	epsilon:                   0.0500	grad_norm:                 0.7485	loss:                      0.0360
qmix_loss:                 0.0135	return_mean:               6.1527	return_std:                1.0870	test_battle_won_mean:      0.0000
test_dead_allies_mean:     9.0062	test_dead_enemies_mean:    4.0563	test_ep_length_mean:      28.5813	test_return_mean:          6.9391
test_return_std:           1.0560	w_to_use:                  0.5950	
[INFO 08:22:46] my_main t_env: 290392 / 2050000
[INFO 08:22:46] my_main Estimated time left: 5 hours, 22 minutes, 24 seconds. Time passed: 49 minutes, 28 seconds
RequestQuit command received.
Closing Application...
DataHandler: unable to parse websocket frame.
CloseHandler: 127.0.0.1:55886 disconnected
[INFO 08:22:51] absl Shutdown gracefully.
[INFO 08:22:51] absl Shutdown with return code: -15
[INFO 08:22:51] absl Launching SC2: /labmount/users/202535331/MARL/pymarl-monotone-qmix/3rdparty/StarCraftII/Versions/Base75689/SC2_x64 -listen 127.0.0.1 -port 43015 -dataDir /labmount/users/202535331/MARL/pymarl-monotone-qmix/3rdparty/StarCraftII/ -tempDir /tmp/sc-po5th5s3/
[INFO 08:22:51] absl Connecting to: ws://127.0.0.1:43015/sc2api, attempt: 0, running: True
Version: B75689 (SC2.4.10)
Build: Aug 12 2019 17:16:57
Command Line: '"/labmount/users/202535331/MARL/pymarl-monotone-qmix/3rdparty/StarCraftII/Versions/Base75689/SC2_x64" -listen 127.0.0.1 -port 43015 -dataDir /labmount/users/202535331/MARL/pymarl-monotone-qmix/3rdparty/StarCraftII/ -tempDir /tmp/sc-po5th5s3/'
Starting up...
Startup Phase 1 complete
[INFO 08:22:52] absl Connecting to: ws://127.0.0.1:43015/sc2api, attempt: 1, running: True
Startup Phase 2 complete
Creating stub renderer...
Listening on: 127.0.0.1:43015
Startup Phase 3 complete. Ready for commands.
[INFO 08:22:53] absl Connecting to: ws://127.0.0.1:43015/sc2api, attempt: 2, running: True
ConnectHandler: Request from 127.0.0.1:40384 accepted
ReadyHandler: 127.0.0.1:40384 ready
Requesting to join a single player game
Configuring interface options
Configure: raw interface enabled
Configure: feature layer interface disabled
Configure: score interface disabled
Configure: render interface disabled
Launching next game.
Next launch phase started: 2
Next launch phase started: 3
Next launch phase started: 4
Next launch phase started: 5
Next launch phase started: 6
Next launch phase started: 7
Next launch phase started: 8
Game has started.
Using default stable ids, none found at: /labmount/users/202535331/MARL/pymarl-monotone-qmix/3rdparty/StarCraftII/stableid.json
Successfully loaded stable ids: GameData\stableid.json
Sending ResponseJoinGame
[INFO 08:24:49] my_main Recent Stats | t_env:     300385 | Episode:    10491
battle_won_mean:           0.0000	central_loss:              0.0225	dead_allies_mean:          9.0162	dead_enemies_mean:         3.1199
ep_length_mean:           31.0859	epsilon:                   0.0500	grad_norm:                 0.7133	loss:                      0.0363
qmix_loss:                 0.0138	return_mean:               6.1367	return_std:                1.0450	test_battle_won_mean:      0.0000
test_dead_allies_mean:     8.9563	test_dead_enemies_mean:    4.0187	test_ep_length_mean:      29.9937	test_return_mean:          6.9158
test_return_std:           1.0211	w_to_use:                  0.6024	
[INFO 08:24:49] my_main t_env: 300412 / 2050000
[INFO 08:24:49] my_main Estimated time left: 5 hours, 58 minutes, 46 seconds. Time passed: 51 minutes, 31 seconds
[INFO 08:26:44] my_main Recent Stats | t_env:     310407 | Episode:    10829
battle_won_mean:           0.0000	central_loss:              0.0238	dead_allies_mean:          9.0167	dead_enemies_mean:         3.1059
ep_length_mean:           30.9895	epsilon:                   0.0500	grad_norm:                 0.7778	loss:                      0.0381
qmix_loss:                 0.0143	return_mean:               6.1225	return_std:                1.0208	test_battle_won_mean:      0.0000
test_dead_allies_mean:     8.9625	test_dead_enemies_mean:    3.9937	test_ep_length_mean:      32.0250	test_return_mean:          6.9223
test_return_std:           1.0524	w_to_use:                  0.6122	
[INFO 08:26:44] my_main t_env: 310430 / 2050000
[INFO 08:26:44] my_main Estimated time left: 5 hours, 32 minutes, 27 seconds. Time passed: 53 minutes, 26 seconds
[INFO 08:28:33] my_main Recent Stats | t_env:     320410 | Episode:    11138
battle_won_mean:           0.0000	central_loss:              0.0241	dead_allies_mean:          9.0170	dead_enemies_mean:         3.1533
ep_length_mean:           30.2835	epsilon:                   0.0500	grad_norm:                 0.6984	loss:                      0.0388
qmix_loss:                 0.0147	return_mean:               6.1594	return_std:                1.0195	test_battle_won_mean:      0.0000
test_dead_allies_mean:     8.9625	test_dead_enemies_mean:    4.0312	test_ep_length_mean:      32.3125	test_return_mean:          6.9694
test_return_std:           1.0897	w_to_use:                  0.5984	
[INFO 08:28:34] my_main t_env: 320434 / 2050000
[INFO 08:28:34] my_main Estimated time left: 5 hours, 16 minutes, 17 seconds. Time passed: 55 minutes, 16 seconds
[INFO 08:30:26] my_main t_env: 330437 / 2050000
[INFO 08:30:26] my_main Estimated time left: 5 hours, 20 minutes, 18 seconds. Time passed: 57 minutes, 8 seconds
[INFO 08:30:32] my_main Recent Stats | t_env:     330437 | Episode:    11431
battle_won_mean:           0.0000	central_loss:              0.0249	dead_allies_mean:          9.0242	dead_enemies_mean:         3.1555
ep_length_mean:           31.2781	epsilon:                   0.0500	grad_norm:                 0.7562	loss:                      0.0398
qmix_loss:                 0.0149	return_mean:               6.1914	return_std:                1.0161	test_battle_won_mean:      0.0000
test_dead_allies_mean:     8.9812	test_dead_enemies_mean:    3.9375	test_ep_length_mean:      36.8125	test_return_mean:          6.9478
test_return_std:           1.2140	w_to_use:                  0.5904	
[INFO 08:32:09] my_main t_env: 340449 / 2050000
[INFO 08:32:09] my_main Estimated time left: 4 hours, 53 minutes, 32 seconds. Time passed: 58 minutes, 51 seconds
[INFO 08:32:14] my_main Recent Stats | t_env:     340449 | Episode:    11708
battle_won_mean:           0.0000	central_loss:              0.0242	dead_allies_mean:          9.0498	dead_enemies_mean:         3.1603
ep_length_mean:           32.2089	epsilon:                   0.0500	grad_norm:                 0.7451	loss:                      0.0391
qmix_loss:                 0.0149	return_mean:               6.2122	return_std:                1.0253	test_battle_won_mean:      0.0000
test_dead_allies_mean:     9.0437	test_dead_enemies_mean:    3.9250	test_ep_length_mean:      36.4438	test_return_mean:          6.9059
test_return_std:           1.2014	w_to_use:                  0.5905	
RequestQuit command received.
Closing Application...
DataHandler: unable to parse websocket frame.
CloseHandler: 127.0.0.1:40384 disconnected
[INFO 08:33:42] absl Shutdown gracefully.
[INFO 08:33:42] absl Shutdown with return code: -15
[INFO 08:33:42] absl Launching SC2: /labmount/users/202535331/MARL/pymarl-monotone-qmix/3rdparty/StarCraftII/Versions/Base75689/SC2_x64 -listen 127.0.0.1 -port 42027 -dataDir /labmount/users/202535331/MARL/pymarl-monotone-qmix/3rdparty/StarCraftII/ -tempDir /tmp/sc-g6rzol8g/
[INFO 08:33:42] absl Connecting to: ws://127.0.0.1:42027/sc2api, attempt: 0, running: True
Version: B75689 (SC2.4.10)
Build: Aug 12 2019 17:16:57
Command Line: '"/labmount/users/202535331/MARL/pymarl-monotone-qmix/3rdparty/StarCraftII/Versions/Base75689/SC2_x64" -listen 127.0.0.1 -port 42027 -dataDir /labmount/users/202535331/MARL/pymarl-monotone-qmix/3rdparty/StarCraftII/ -tempDir /tmp/sc-g6rzol8g/'
Starting up...
Startup Phase 1 complete
[INFO 08:33:43] absl Connecting to: ws://127.0.0.1:42027/sc2api, attempt: 1, running: True
Startup Phase 2 complete
Creating stub renderer...
Listening on: 127.0.0.1:42027
Startup Phase 3 complete. Ready for commands.
[INFO 08:33:44] absl Connecting to: ws://127.0.0.1:42027/sc2api, attempt: 2, running: True
ConnectHandler: Request from 127.0.0.1:37842 accepted
ReadyHandler: 127.0.0.1:37842 ready
Requesting to join a single player game
Configuring interface options
Configure: raw interface enabled
Configure: feature layer interface disabled
Configure: score interface disabled
Configure: render interface disabled
Launching next game.
Next launch phase started: 2
Next launch phase started: 3
Next launch phase started: 4
Next launch phase started: 5
Next launch phase started: 6
Next launch phase started: 7
Next launch phase started: 8
Game has started.
Using default stable ids, none found at: /labmount/users/202535331/MARL/pymarl-monotone-qmix/3rdparty/StarCraftII/stableid.json
Successfully loaded stable ids: GameData\stableid.json
Sending ResponseJoinGame
[INFO 08:33:57] my_main t_env: 350515 / 2050000
[INFO 08:33:57] my_main Estimated time left: 5 hours, 5 minutes, 31 seconds. Time passed: 1 hours, 40 seconds
[INFO 08:34:05] my_main Recent Stats | t_env:     350515 | Episode:    11957
battle_won_mean:           0.0000	central_loss:              0.0242	dead_allies_mean:          9.0652	dead_enemies_mean:         3.1195
ep_length_mean:           34.5683	epsilon:                   0.0500	grad_norm:                 0.6429	loss:                      0.0393
qmix_loss:                 0.0151	return_mean:               6.2141	return_std:                1.0458	test_battle_won_mean:      0.0000
test_dead_allies_mean:     9.0500	test_dead_enemies_mean:    3.8750	test_ep_length_mean:      40.0750	test_return_mean:          6.9017
test_return_std:           1.1760	w_to_use:                  0.5889	
[INFO 08:35:43] my_main t_env: 360515 / 2050000
[INFO 08:35:43] my_main Estimated time left: 4 hours, 57 minutes, 46 seconds. Time passed: 1 hours, 2 minutes, 25 seconds
[INFO 08:35:50] my_main Recent Stats | t_env:     360515 | Episode:    12204
battle_won_mean:           0.0000	central_loss:              0.0240	dead_allies_mean:          9.0962	dead_enemies_mean:         3.0764
ep_length_mean:           36.7376	epsilon:                   0.0500	grad_norm:                 0.5993	loss:                      0.0389
qmix_loss:                 0.0149	return_mean:               6.2081	return_std:                1.0658	test_battle_won_mean:      0.0000
test_dead_allies_mean:     9.0813	test_dead_enemies_mean:    3.8500	test_ep_length_mean:      42.8438	test_return_mean:          6.8549
test_return_std:           1.1494	w_to_use:                  0.5880	
[INFO 08:37:15] my_main t_env: 370624 / 2050000
[INFO 08:37:15] my_main Estimated time left: 4 hours, 15 minutes, 49 seconds. Time passed: 1 hours, 3 minutes, 58 seconds
[INFO 08:37:24] my_main Recent Stats | t_env:     370624 | Episode:    12398
battle_won_mean:           0.0000	central_loss:              0.0325	dead_allies_mean:          9.1348	dead_enemies_mean:         3.0265
ep_length_mean:           40.6842	epsilon:                   0.0500	grad_norm:                 1.1656	loss:                      0.0494
qmix_loss:                 0.0170	return_mean:               6.2144	return_std:                1.0970	test_battle_won_mean:      0.0000
test_dead_allies_mean:     9.0875	test_dead_enemies_mean:    3.8875	test_ep_length_mean:      45.7313	test_return_mean:          6.8812
test_return_std:           1.0969	w_to_use:                  0.5931	
[INFO 08:38:43] my_main t_env: 380648 / 2050000
[INFO 08:38:43] my_main Estimated time left: 4 hours, 1 minutes, 46 seconds. Time passed: 1 hours, 5 minutes, 25 seconds
[INFO 08:38:51] my_main Recent Stats | t_env:     380648 | Episode:    12559
battle_won_mean:           0.0000	central_loss:              0.0312	dead_allies_mean:          9.1699	dead_enemies_mean:         3.0382
ep_length_mean:           46.2850	epsilon:                   0.0500	grad_norm:                 1.0510	loss:                      0.0480
qmix_loss:                 0.0168	return_mean:               6.2908	return_std:                1.1463	test_battle_won_mean:      0.0000
test_dead_allies_mean:     9.0813	test_dead_enemies_mean:    3.8125	test_ep_length_mean:      49.8438	test_return_mean:          6.8812
test_return_std:           1.1295	w_to_use:                  0.6247	
[INFO 08:40:06] my_main t_env: 390655 / 2050000
[INFO 08:40:06] my_main Estimated time left: 3 hours, 50 minutes, 54 seconds. Time passed: 1 hours, 6 minutes, 48 seconds
[INFO 08:40:17] my_main Recent Stats | t_env:     390655 | Episode:    12704
battle_won_mean:           0.0000	central_loss:              0.0324	dead_allies_mean:          9.2080	dead_enemies_mean:         2.9581
ep_length_mean:           52.8589	epsilon:                   0.0500	grad_norm:                 1.0556	loss:                      0.0499
qmix_loss:                 0.0175	return_mean:               6.3009	return_std:                1.1866	test_battle_won_mean:      0.0000
test_dead_allies_mean:     9.1000	test_dead_enemies_mean:    3.7375	test_ep_length_mean:      60.5875	test_return_mean:          6.9902
test_return_std:           1.2281	w_to_use:                  0.6194	
[INFO 08:41:26] my_main t_env: 400665 / 2050000
[INFO 08:41:26] my_main Estimated time left: 3 hours, 39 minutes, 41 seconds. Time passed: 1 hours, 8 minutes, 8 seconds
[INFO 08:41:35] my_main Recent Stats | t_env:     400665 | Episode:    12829
battle_won_mean:           0.0000	central_loss:              0.0312	dead_allies_mean:          9.2639	dead_enemies_mean:         2.9453
ep_length_mean:           60.7897	epsilon:                   0.0500	grad_norm:                 1.0615	loss:                      0.0478
qmix_loss:                 0.0166	return_mean:               6.3598	return_std:                1.2023	test_battle_won_mean:      0.0000
test_dead_allies_mean:     9.1500	test_dead_enemies_mean:    3.7313	test_ep_length_mean:      61.9937	test_return_mean:          6.9690
test_return_std:           1.2378	w_to_use:                  0.6420	
RequestQuit command received.
Closing Application...
DataHandler: unable to parse websocket frame.
CloseHandler: 127.0.0.1:37842 disconnected
[INFO 08:41:52] absl Shutdown gracefully.
[INFO 08:41:52] absl Shutdown with return code: -15
[INFO 08:41:52] absl Launching SC2: /labmount/users/202535331/MARL/pymarl-monotone-qmix/3rdparty/StarCraftII/Versions/Base75689/SC2_x64 -listen 127.0.0.1 -port 39995 -dataDir /labmount/users/202535331/MARL/pymarl-monotone-qmix/3rdparty/StarCraftII/ -tempDir /tmp/sc-6qbdiij1/
[INFO 08:41:52] absl Connecting to: ws://127.0.0.1:39995/sc2api, attempt: 0, running: True
Version: B75689 (SC2.4.10)
Build: Aug 12 2019 17:16:57
Command Line: '"/labmount/users/202535331/MARL/pymarl-monotone-qmix/3rdparty/StarCraftII/Versions/Base75689/SC2_x64" -listen 127.0.0.1 -port 39995 -dataDir /labmount/users/202535331/MARL/pymarl-monotone-qmix/3rdparty/StarCraftII/ -tempDir /tmp/sc-6qbdiij1/'
Starting up...
Startup Phase 1 complete
[INFO 08:41:53] absl Connecting to: ws://127.0.0.1:39995/sc2api, attempt: 1, running: True
Startup Phase 2 complete
Creating stub renderer...
Listening on: 127.0.0.1:39995
Startup Phase 3 complete. Ready for commands.
[INFO 08:41:54] absl Connecting to: ws://127.0.0.1:39995/sc2api, attempt: 2, running: True
ConnectHandler: Request from 127.0.0.1:40534 accepted
ReadyHandler: 127.0.0.1:40534 ready
Requesting to join a single player game
Configuring interface options
Configure: raw interface enabled
Configure: feature layer interface disabled
Configure: score interface disabled
Configure: render interface disabled
Launching next game.
Next launch phase started: 2
Next launch phase started: 3
Next launch phase started: 4
Next launch phase started: 5
Next launch phase started: 6
Next launch phase started: 7
Next launch phase started: 8
Game has started.
Using default stable ids, none found at: /labmount/users/202535331/MARL/pymarl-monotone-qmix/3rdparty/StarCraftII/stableid.json
Successfully loaded stable ids: GameData\stableid.json
Sending ResponseJoinGame
[INFO 08:42:52] my_main t_env: 410677 / 2050000
[INFO 08:42:52] my_main Estimated time left: 3 hours, 55 minutes, 8 seconds. Time passed: 1 hours, 9 minutes, 35 seconds
[INFO 08:43:03] my_main Recent Stats | t_env:     410677 | Episode:    12954
battle_won_mean:           0.0016	central_loss:              0.0300	dead_allies_mean:          9.2683	dead_enemies_mean:         2.9363
ep_length_mean:           68.7118	epsilon:                   0.0500	grad_norm:                 1.0634	loss:                      0.0464
qmix_loss:                 0.0164	return_mean:               6.4122	return_std:                1.3075	test_battle_won_mean:      0.0000
test_dead_allies_mean:     9.1438	test_dead_enemies_mean:    3.6625	test_ep_length_mean:      70.7750	test_return_mean:          7.0173
test_return_std:           1.2740	w_to_use:                  0.6624	
[INFO 08:44:09] my_main t_env: 420795 / 2050000
[INFO 08:44:09] my_main Estimated time left: 3 hours, 26 minutes, 41 seconds. Time passed: 1 hours, 10 minutes, 52 seconds
[INFO 08:44:21] my_main Recent Stats | t_env:     420795 | Episode:    13061
battle_won_mean:           0.0016	central_loss:              0.0204	dead_allies_mean:          9.2796	dead_enemies_mean:         2.9505
ep_length_mean:           77.2023	epsilon:                   0.0500	grad_norm:                 0.5035	loss:                      0.0349
qmix_loss:                 0.0145	return_mean:               6.4852	return_std:                1.2950	test_battle_won_mean:      0.0000
test_dead_allies_mean:     9.1813	test_dead_enemies_mean:    3.5312	test_ep_length_mean:      78.0687	test_return_mean:          7.0112
test_return_std:           1.2536	w_to_use:                  0.6728	
[INFO 08:45:36] my_main t_env: 430837 / 2050000
[INFO 08:45:36] my_main Estimated time left: 3 hours, 52 minutes, 4 seconds. Time passed: 1 hours, 12 minutes, 18 seconds
[INFO 08:45:45] my_main Recent Stats | t_env:     430837 | Episode:    13190
battle_won_mean:           0.0016	central_loss:              0.0197	dead_allies_mean:          9.3093	dead_enemies_mean:         2.8888
ep_length_mean:           80.3191	epsilon:                   0.0500	grad_norm:                 0.4729	loss:                      0.0344
qmix_loss:                 0.0146	return_mean:               6.4803	return_std:                1.2965	test_battle_won_mean:      0.0000
test_dead_allies_mean:     9.2312	test_dead_enemies_mean:    3.6250	test_ep_length_mean:      80.1125	test_return_mean:          7.1474
test_return_std:           1.2678	w_to_use:                  0.6844	
[INFO 08:47:03] my_main t_env: 440849 / 2050000
[INFO 08:47:03] my_main Estimated time left: 3 hours, 52 minutes, 54 seconds. Time passed: 1 hours, 13 minutes, 45 seconds
[INFO 08:47:12] my_main Recent Stats | t_env:     440849 | Episode:    13325
battle_won_mean:           0.0016	central_loss:              0.0175	dead_allies_mean:          9.3112	dead_enemies_mean:         2.9468
ep_length_mean:           81.3489	epsilon:                   0.0500	grad_norm:                 0.4400	loss:                      0.0306
qmix_loss:                 0.0132	return_mean:               6.5712	return_std:                1.2813	test_battle_won_mean:      0.0000
test_dead_allies_mean:     9.2438	test_dead_enemies_mean:    3.7188	test_ep_length_mean:      76.7687	test_return_mean:          7.1447
test_return_std:           1.3112	w_to_use:                  0.7143	
[INFO 08:48:29] my_main t_env: 450852 / 2050000
[INFO 08:48:29] my_main Estimated time left: 3 hours, 51 minutes, 4 seconds. Time passed: 1 hours, 15 minutes, 12 seconds
[INFO 08:48:39] my_main Recent Stats | t_env:     450852 | Episode:    13460
battle_won_mean:           0.0016	central_loss:              0.0162	dead_allies_mean:          9.3058	dead_enemies_mean:         2.9466
ep_length_mean:           80.1522	epsilon:                   0.0500	grad_norm:                 0.3526	loss:                      0.0288
qmix_loss:                 0.0126	return_mean:               6.6122	return_std:                1.2640	test_battle_won_mean:      0.0000
test_dead_allies_mean:     9.2500	test_dead_enemies_mean:    3.7687	test_ep_length_mean:      77.6437	test_return_mean:          7.1873
test_return_std:           1.2935	w_to_use:                  0.7006	
RequestQuit command received.
Closing Application...
DataHandler: unable to parse websocket frame.
CloseHandler: 127.0.0.1:40534 disconnected
[INFO 08:49:19] absl Shutdown gracefully.
[INFO 08:49:19] absl Shutdown with return code: -15
[INFO 08:49:19] absl Launching SC2: /labmount/users/202535331/MARL/pymarl-monotone-qmix/3rdparty/StarCraftII/Versions/Base75689/SC2_x64 -listen 127.0.0.1 -port 39001 -dataDir /labmount/users/202535331/MARL/pymarl-monotone-qmix/3rdparty/StarCraftII/ -tempDir /tmp/sc-p__r_lg_/
[INFO 08:49:19] absl Connecting to: ws://127.0.0.1:39001/sc2api, attempt: 0, running: True
Version: B75689 (SC2.4.10)
Build: Aug 12 2019 17:16:57
Command Line: '"/labmount/users/202535331/MARL/pymarl-monotone-qmix/3rdparty/StarCraftII/Versions/Base75689/SC2_x64" -listen 127.0.0.1 -port 39001 -dataDir /labmount/users/202535331/MARL/pymarl-monotone-qmix/3rdparty/StarCraftII/ -tempDir /tmp/sc-p__r_lg_/'
Starting up...
Startup Phase 1 complete
[INFO 08:49:20] absl Connecting to: ws://127.0.0.1:39001/sc2api, attempt: 1, running: True
Startup Phase 2 complete
Creating stub renderer...
Listening on: 127.0.0.1:39001
Startup Phase 3 complete. Ready for commands.
[INFO 08:49:21] absl Connecting to: ws://127.0.0.1:39001/sc2api, attempt: 2, running: True
ConnectHandler: Request from 127.0.0.1:43914 accepted
ReadyHandler: 127.0.0.1:43914 ready
Requesting to join a single player game
Configuring interface options
Configure: raw interface enabled
Configure: feature layer interface disabled
Configure: score interface disabled
Configure: render interface disabled
Launching next game.
Next launch phase started: 2
Next launch phase started: 3
Next launch phase started: 4
Next launch phase started: 5
Next launch phase started: 6
Next launch phase started: 7
Next launch phase started: 8
Game has started.
Using default stable ids, none found at: /labmount/users/202535331/MARL/pymarl-monotone-qmix/3rdparty/StarCraftII/stableid.json
Successfully loaded stable ids: GameData\stableid.json
Sending ResponseJoinGame
[INFO 08:49:58] my_main t_env: 460862 / 2050000
[INFO 08:49:58] my_main Estimated time left: 3 hours, 55 minutes, 9 seconds. Time passed: 1 hours, 16 minutes, 40 seconds
[INFO 08:50:12] my_main Recent Stats | t_env:     460862 | Episode:    13584
battle_won_mean:           0.0000	central_loss:              0.0152	dead_allies_mean:          9.3222	dead_enemies_mean:         2.9160
ep_length_mean:           80.2782	epsilon:                   0.0500	grad_norm:                 0.3722	loss:                      0.0275
qmix_loss:                 0.0123	return_mean:               6.6498	return_std:                1.1574	test_battle_won_mean:      0.0000
test_dead_allies_mean:     9.2438	test_dead_enemies_mean:    3.7125	test_ep_length_mean:      82.6188	test_return_mean:          7.1638
test_return_std:           1.2987	w_to_use:                  0.6863	
[INFO 08:51:24] my_main t_env: 470902 / 2050000
[INFO 08:51:24] my_main Estimated time left: 3 hours, 43 minutes, 45 seconds. Time passed: 1 hours, 18 minutes, 6 seconds
[INFO 08:51:36] my_main Recent Stats | t_env:     470902 | Episode:    13700
battle_won_mean:           0.0000	central_loss:              0.0166	dead_allies_mean:          9.3476	dead_enemies_mean:         2.8745
ep_length_mean:           78.6764	epsilon:                   0.0500	grad_norm:                 0.5581	loss:                      0.0291
qmix_loss:                 0.0125	return_mean:               6.6655	return_std:                1.1564	test_battle_won_mean:      0.0000
test_dead_allies_mean:     9.2188	test_dead_enemies_mean:    3.7938	test_ep_length_mean:      83.5062	test_return_mean:          7.2876
test_return_std:           1.3526	w_to_use:                  0.6892	
[INFO 08:52:46] my_main t_env: 481040 / 2050000
[INFO 08:52:46] my_main Estimated time left: 3 hours, 32 minutes, 10 seconds. Time passed: 1 hours, 19 minutes, 28 seconds
[INFO 08:52:59] my_main Recent Stats | t_env:     481040 | Episode:    13810
battle_won_mean:           0.0000	central_loss:              0.0160	dead_allies_mean:          9.3361	dead_enemies_mean:         2.9276
ep_length_mean:           81.5401	epsilon:                   0.0500	grad_norm:                 0.6460	loss:                      0.0280
qmix_loss:                 0.0120	return_mean:               6.7359	return_std:                1.1360	test_battle_won_mean:      0.0000
test_dead_allies_mean:     9.1500	test_dead_enemies_mean:    3.6375	test_ep_length_mean:      90.5187	test_return_mean:          7.2160
test_return_std:           1.4113	w_to_use:                  0.6716	
[INFO 08:54:08] my_main t_env: 491080 / 2050000
[INFO 08:54:08] my_main Estimated time left: 3 hours, 31 minutes, 59 seconds. Time passed: 1 hours, 20 minutes, 50 seconds
[INFO 08:54:19] my_main Recent Stats | t_env:     491080 | Episode:    13917
battle_won_mean:           0.0000	central_loss:              0.0159	dead_allies_mean:          9.3446	dead_enemies_mean:         2.9525
ep_length_mean:           85.4738	epsilon:                   0.0500	grad_norm:                 0.6272	loss:                      0.0282
qmix_loss:                 0.0123	return_mean:               6.7670	return_std:                1.1477	test_battle_won_mean:      0.0000
test_dead_allies_mean:     9.0750	test_dead_enemies_mean:    3.7375	test_ep_length_mean:      94.9062	test_return_mean:          7.3693
test_return_std:           1.3333	w_to_use:                  0.6519	
[INFO 08:55:29] my_main t_env: 501103 / 2050000
[INFO 08:55:29] my_main Estimated time left: 3 hours, 28 minutes, 43 seconds. Time passed: 1 hours, 22 minutes, 11 seconds
[INFO 08:55:40] my_main Recent Stats | t_env:     501103 | Episode:    14026
battle_won_mean:           0.0000	central_loss:              0.0162	dead_allies_mean:          9.3296	dead_enemies_mean:         2.9574
ep_length_mean:           89.0454	epsilon:                   0.0500	grad_norm:                 0.7929	loss:                      0.0301
qmix_loss:                 0.0139	return_mean:               6.7953	return_std:                1.1687	test_battle_won_mean:      0.0000
test_dead_allies_mean:     9.0437	test_dead_enemies_mean:    3.6875	test_ep_length_mean:      99.4562	test_return_mean:          7.4123
test_return_std:           1.3370	w_to_use:                  0.6699	
RequestQuit command received.
Closing Application...
DataHandler: unable to parse websocket frame.
CloseHandler: 127.0.0.1:43914 disconnected
[INFO 08:56:14] absl Shutdown gracefully.
[INFO 08:56:14] absl Shutdown with return code: -15
[INFO 08:56:14] absl Launching SC2: /labmount/users/202535331/MARL/pymarl-monotone-qmix/3rdparty/StarCraftII/Versions/Base75689/SC2_x64 -listen 127.0.0.1 -port 37043 -dataDir /labmount/users/202535331/MARL/pymarl-monotone-qmix/3rdparty/StarCraftII/ -tempDir /tmp/sc-95tagaz_/
[INFO 08:56:14] absl Connecting to: ws://127.0.0.1:37043/sc2api, attempt: 0, running: True
Version: B75689 (SC2.4.10)
Build: Aug 12 2019 17:16:57
Command Line: '"/labmount/users/202535331/MARL/pymarl-monotone-qmix/3rdparty/StarCraftII/Versions/Base75689/SC2_x64" -listen 127.0.0.1 -port 37043 -dataDir /labmount/users/202535331/MARL/pymarl-monotone-qmix/3rdparty/StarCraftII/ -tempDir /tmp/sc-95tagaz_/'
Starting up...
Startup Phase 1 complete
[INFO 08:56:15] absl Connecting to: ws://127.0.0.1:37043/sc2api, attempt: 1, running: True
Startup Phase 2 complete
Creating stub renderer...
Listening on: 127.0.0.1:37043
Startup Phase 3 complete. Ready for commands.
[INFO 08:56:16] absl Connecting to: ws://127.0.0.1:37043/sc2api, attempt: 2, running: True
ConnectHandler: Request from 127.0.0.1:33904 accepted
ReadyHandler: 127.0.0.1:33904 ready
Requesting to join a single player game
Configuring interface options
Configure: raw interface enabled
Configure: feature layer interface disabled
Configure: score interface disabled
Configure: render interface disabled
Launching next game.
Next launch phase started: 2
Next launch phase started: 3
Next launch phase started: 4
Next launch phase started: 5
Next launch phase started: 6
Next launch phase started: 7
Next launch phase started: 8
Game has started.
Using default stable ids, none found at: /labmount/users/202535331/MARL/pymarl-monotone-qmix/3rdparty/StarCraftII/stableid.json
Successfully loaded stable ids: GameData\stableid.json
Sending ResponseJoinGame
[INFO 08:57:06] my_main t_env: 511194 / 2050000
[INFO 08:57:06] my_main Estimated time left: 4 hours, 7 minutes, 5 seconds. Time passed: 1 hours, 23 minutes, 48 seconds
[INFO 08:57:18] my_main Recent Stats | t_env:     511194 | Episode:    14161
battle_won_mean:           0.0000	central_loss:              0.0153	dead_allies_mean:          9.3326	dead_enemies_mean:         2.9916
ep_length_mean:           87.8499	epsilon:                   0.0500	grad_norm:                 0.7496	loss:                      0.0284
qmix_loss:                 0.0131	return_mean:               6.7975	return_std:                1.1829	test_battle_won_mean:      0.0000
test_dead_allies_mean:     9.0563	test_dead_enemies_mean:    3.7000	test_ep_length_mean:      95.5125	test_return_mean:          7.5256
test_return_std:           1.3758	w_to_use:                  0.6964	
[INFO 08:58:33] my_main t_env: 521197 / 2050000
[INFO 08:58:33] my_main Estimated time left: 3 hours, 41 minutes, 58 seconds. Time passed: 1 hours, 25 minutes, 15 seconds
[INFO 08:58:43] my_main Recent Stats | t_env:     521197 | Episode:    14288
battle_won_mean:           0.0000	central_loss:              0.0128	dead_allies_mean:          9.3055	dead_enemies_mean:         3.0895
ep_length_mean:           86.2923	epsilon:                   0.0500	grad_norm:                 0.5414	loss:                      0.0247
qmix_loss:                 0.0119	return_mean:               6.8332	return_std:                1.2003	test_battle_won_mean:      0.0000
test_dead_allies_mean:     9.1062	test_dead_enemies_mean:    3.7500	test_ep_length_mean:      90.9750	test_return_mean:          7.4607
test_return_std:           1.3963	w_to_use:                  0.7166	
[INFO 09:00:08] my_main t_env: 531256 / 2050000
[INFO 09:00:08] my_main Estimated time left: 3 hours, 58 minutes, 25 seconds. Time passed: 1 hours, 26 minutes, 50 seconds
[INFO 09:00:19] my_main Recent Stats | t_env:     531256 | Episode:    14439
battle_won_mean:           0.0000	central_loss:              0.0134	dead_allies_mean:          9.2974	dead_enemies_mean:         3.0937
ep_length_mean:           81.1827	epsilon:                   0.0500	grad_norm:                 0.4297	loss:                      0.0258
qmix_loss:                 0.0124	return_mean:               6.8254	return_std:                1.1961	test_battle_won_mean:      0.0000
test_dead_allies_mean:     9.1250	test_dead_enemies_mean:    3.9438	test_ep_length_mean:      88.7687	test_return_mean:          7.5746
test_return_std:           1.3208	w_to_use:                  0.7198	
[INFO 09:01:36] my_main t_env: 541280 / 2050000
[INFO 09:01:36] my_main Estimated time left: 3 hours, 41 minutes, 56 seconds. Time passed: 1 hours, 28 minutes, 19 seconds
[INFO 09:01:50] my_main Recent Stats | t_env:     541280 | Episode:    14568
battle_won_mean:           0.0000	central_loss:              0.0124	dead_allies_mean:          9.2843	dead_enemies_mean:         3.0989
ep_length_mean:           77.9575	epsilon:                   0.0500	grad_norm:                 0.3783	loss:                      0.0244
qmix_loss:                 0.0120	return_mean:               6.8566	return_std:                1.1801	test_battle_won_mean:      0.0000
test_dead_allies_mean:     9.1625	test_dead_enemies_mean:    3.8062	test_ep_length_mean:      93.0187	test_return_mean:          7.4649
test_return_std:           1.3306	w_to_use:                  0.7367	
[INFO 09:03:16] my_main t_env: 551375 / 2050000
[INFO 09:03:16] my_main Estimated time left: 4 hours, 7 minutes, 29 seconds. Time passed: 1 hours, 29 minutes, 59 seconds
[INFO 09:03:26] my_main Recent Stats | t_env:     551375 | Episode:    14719
battle_won_mean:           0.0000	central_loss:              0.0116	dead_allies_mean:          9.2933	dead_enemies_mean:         3.1078
ep_length_mean:           72.9375	epsilon:                   0.0500	grad_norm:                 0.2909	loss:                      0.0217
qmix_loss:                 0.0101	return_mean:               6.8479	return_std:                1.1668	test_battle_won_mean:      0.0000
test_dead_allies_mean:     9.1937	test_dead_enemies_mean:    3.6750	test_ep_length_mean:      89.0812	test_return_mean:          7.4924
test_return_std:           1.3466	w_to_use:                  0.7310	
RequestQuit command received.
Closing Application...
DataHandler: unable to parse websocket frame.
CloseHandler: 127.0.0.1:33904 disconnected
[INFO 09:04:08] absl Shutdown gracefully.
[INFO 09:04:08] absl Shutdown with return code: -15
[INFO 09:04:08] absl Launching SC2: /labmount/users/202535331/MARL/pymarl-monotone-qmix/3rdparty/StarCraftII/Versions/Base75689/SC2_x64 -listen 127.0.0.1 -port 46199 -dataDir /labmount/users/202535331/MARL/pymarl-monotone-qmix/3rdparty/StarCraftII/ -tempDir /tmp/sc-_ip0bzbm/
[INFO 09:04:08] absl Connecting to: ws://127.0.0.1:46199/sc2api, attempt: 0, running: True
Version: B75689 (SC2.4.10)
Build: Aug 12 2019 17:16:57
Command Line: '"/labmount/users/202535331/MARL/pymarl-monotone-qmix/3rdparty/StarCraftII/Versions/Base75689/SC2_x64" -listen 127.0.0.1 -port 46199 -dataDir /labmount/users/202535331/MARL/pymarl-monotone-qmix/3rdparty/StarCraftII/ -tempDir /tmp/sc-_ip0bzbm/'
Starting up...
Startup Phase 1 complete
[INFO 09:04:09] absl Connecting to: ws://127.0.0.1:46199/sc2api, attempt: 1, running: True
Startup Phase 2 complete
Creating stub renderer...
Listening on: 127.0.0.1:46199
Startup Phase 3 complete. Ready for commands.
[INFO 09:04:10] absl Connecting to: ws://127.0.0.1:46199/sc2api, attempt: 2, running: True
ConnectHandler: Request from 127.0.0.1:36604 accepted
ReadyHandler: 127.0.0.1:36604 ready
Requesting to join a single player game
Configuring interface options
Configure: raw interface enabled
Configure: feature layer interface disabled
Configure: score interface disabled
Configure: render interface disabled
Launching next game.
Next launch phase started: 2
Next launch phase started: 3
Next launch phase started: 4
Next launch phase started: 5
Next launch phase started: 6
Next launch phase started: 7
Next launch phase started: 8
Game has started.
Using default stable ids, none found at: /labmount/users/202535331/MARL/pymarl-monotone-qmix/3rdparty/StarCraftII/stableid.json
Successfully loaded stable ids: GameData\stableid.json
Sending ResponseJoinGame
[INFO 09:04:52] my_main t_env: 561396 / 2050000
[INFO 09:04:52] my_main Estimated time left: 3 hours, 55 minutes, 26 seconds. Time passed: 1 hours, 31 minutes, 34 seconds
[INFO 09:05:01] my_main Recent Stats | t_env:     561396 | Episode:    14853
battle_won_mean:           0.0000	central_loss:              0.0114	dead_allies_mean:          9.2803	dead_enemies_mean:         3.0915
ep_length_mean:           72.9446	epsilon:                   0.0500	grad_norm:                 0.2916	loss:                      0.0212
qmix_loss:                 0.0098	return_mean:               6.8790	return_std:                1.1742	test_battle_won_mean:      0.0000
test_dead_allies_mean:     9.2375	test_dead_enemies_mean:    3.6625	test_ep_length_mean:      85.6250	test_return_mean:          7.3346
test_return_std:           1.2536	w_to_use:                  0.7369	
[INFO 09:06:20] my_main t_env: 571433 / 2050000
[INFO 09:06:20] my_main Estimated time left: 3 hours, 37 minutes, 27 seconds. Time passed: 1 hours, 33 minutes, 2 seconds
[INFO 09:06:33] my_main Recent Stats | t_env:     571433 | Episode:    14985
battle_won_mean:           0.0000	central_loss:              0.0129	dead_allies_mean:          9.3058	dead_enemies_mean:         3.0256
ep_length_mean:           72.3994	epsilon:                   0.0500	grad_norm:                 0.4642	loss:                      0.0232
qmix_loss:                 0.0104	return_mean:               6.8727	return_std:                1.1904	test_battle_won_mean:      0.0000
test_dead_allies_mean:     9.1750	test_dead_enemies_mean:    3.6063	test_ep_length_mean:      91.7188	test_return_mean:          7.3671
test_return_std:           1.2511	w_to_use:                  0.7047	
[INFO 09:07:58] my_main t_env: 581451 / 2050000
[INFO 09:07:58] my_main Estimated time left: 3 hours, 58 minutes, 27 seconds. Time passed: 1 hours, 34 minutes, 40 seconds
[INFO 09:08:08] my_main Recent Stats | t_env:     581451 | Episode:    15137
battle_won_mean:           0.0000	central_loss:              0.0128	dead_allies_mean:          9.3146	dead_enemies_mean:         3.0215
ep_length_mean:           72.2578	epsilon:                   0.0500	grad_norm:                 0.5795	loss:                      0.0225
qmix_loss:                 0.0097	return_mean:               6.8663	return_std:                1.1934	test_battle_won_mean:      0.0000
test_dead_allies_mean:     9.1687	test_dead_enemies_mean:    3.5750	test_ep_length_mean:      88.1500	test_return_mean:          7.3538
test_return_std:           1.2350	w_to_use:                  0.7277	
[INFO 09:09:27] my_main t_env: 591522 / 2050000
[INFO 09:09:27] my_main Estimated time left: 3 hours, 34 minutes, 55 seconds. Time passed: 1 hours, 36 minutes, 9 seconds
[INFO 09:09:37] my_main Recent Stats | t_env:     591522 | Episode:    15269
battle_won_mean:           0.0000	central_loss:              0.0128	dead_allies_mean:          9.3207	dead_enemies_mean:         2.9803
ep_length_mean:           71.9758	epsilon:                   0.0500	grad_norm:                 0.5802	loss:                      0.0221
qmix_loss:                 0.0093	return_mean:               6.8343	return_std:                1.2037	test_battle_won_mean:      0.0000
test_dead_allies_mean:     9.2000	test_dead_enemies_mean:    3.7000	test_ep_length_mean:      82.2438	test_return_mean:          7.5181
test_return_std:           1.2339	w_to_use:                  0.7352	
[INFO 09:10:55] my_main t_env: 601525 / 2050000
[INFO 09:10:55] my_main Estimated time left: 3 hours, 33 minutes, 6 seconds. Time passed: 1 hours, 37 minutes, 37 seconds
[INFO 09:11:05] my_main Recent Stats | t_env:     601525 | Episode:    15397
battle_won_mean:           0.0000	central_loss:              0.0129	dead_allies_mean:          9.3256	dead_enemies_mean:         3.0359
ep_length_mean:           74.2346	epsilon:                   0.0500	grad_norm:                 0.5378	loss:                      0.0223
qmix_loss:                 0.0094	return_mean:               6.8856	return_std:                1.1953	test_battle_won_mean:      0.0000
test_dead_allies_mean:     9.1875	test_dead_enemies_mean:    3.8813	test_ep_length_mean:      82.9813	test_return_mean:          7.5741
test_return_std:           1.3075	w_to_use:                  0.7196	
RequestQuit command received.
Closing Application...
DataHandler: unable to parse websocket frame.
CloseHandler: 127.0.0.1:36604 disconnected
[INFO 09:11:59] absl Shutdown gracefully.
[INFO 09:11:59] absl Shutdown with return code: -15
[INFO 09:11:59] absl Launching SC2: /labmount/users/202535331/MARL/pymarl-monotone-qmix/3rdparty/StarCraftII/Versions/Base75689/SC2_x64 -listen 127.0.0.1 -port 43777 -dataDir /labmount/users/202535331/MARL/pymarl-monotone-qmix/3rdparty/StarCraftII/ -tempDir /tmp/sc-8optx1xq/
[INFO 09:12:00] absl Connecting to: ws://127.0.0.1:43777/sc2api, attempt: 0, running: True
Version: B75689 (SC2.4.10)
Build: Aug 12 2019 17:16:57
Command Line: '"/labmount/users/202535331/MARL/pymarl-monotone-qmix/3rdparty/StarCraftII/Versions/Base75689/SC2_x64" -listen 127.0.0.1 -port 43777 -dataDir /labmount/users/202535331/MARL/pymarl-monotone-qmix/3rdparty/StarCraftII/ -tempDir /tmp/sc-8optx1xq/'
Starting up...
Startup Phase 1 complete
[INFO 09:12:01] absl Connecting to: ws://127.0.0.1:43777/sc2api, attempt: 1, running: True
Startup Phase 2 complete
Creating stub renderer...
Listening on: 127.0.0.1:43777
Startup Phase 3 complete. Ready for commands.
[INFO 09:12:02] absl Connecting to: ws://127.0.0.1:43777/sc2api, attempt: 2, running: True
ConnectHandler: Request from 127.0.0.1:46504 accepted
ReadyHandler: 127.0.0.1:46504 ready
Requesting to join a single player game
Configuring interface options
Configure: raw interface enabled
Configure: feature layer interface disabled
Configure: score interface disabled
Configure: render interface disabled
Launching next game.
Next launch phase started: 2
Next launch phase started: 3
Next launch phase started: 4
Next launch phase started: 5
Next launch phase started: 6
Next launch phase started: 7
Next launch phase started: 8
Game has started.
Using default stable ids, none found at: /labmount/users/202535331/MARL/pymarl-monotone-qmix/3rdparty/StarCraftII/stableid.json
Successfully loaded stable ids: GameData\stableid.json
Sending ResponseJoinGame
[INFO 09:12:31] my_main t_env: 611527 / 2050000
[INFO 09:12:31] my_main Estimated time left: 3 hours, 49 minutes, 40 seconds. Time passed: 1 hours, 39 minutes, 13 seconds
[INFO 09:12:40] my_main Recent Stats | t_env:     611527 | Episode:    15531
battle_won_mean:           0.0000	central_loss:              0.0128	dead_allies_mean:          9.3391	dead_enemies_mean:         3.0478
ep_length_mean:           74.2063	epsilon:                   0.0500	grad_norm:                 0.5488	loss:                      0.0221
qmix_loss:                 0.0093	return_mean:               6.9166	return_std:                1.1739	test_battle_won_mean:      0.0000
test_dead_allies_mean:     9.1937	test_dead_enemies_mean:    3.8750	test_ep_length_mean:      82.3375	test_return_mean:          7.6448
test_return_std:           1.3688	w_to_use:                  0.6836	
[INFO 09:13:55] my_main t_env: 621632 / 2050000
[INFO 09:13:55] my_main Estimated time left: 3 hours, 18 minutes, 41 seconds. Time passed: 1 hours, 40 minutes, 37 seconds
[INFO 09:14:06] my_main Recent Stats | t_env:     621632 | Episode:    15652
battle_won_mean:           0.0000	central_loss:              0.0123	dead_allies_mean:          9.3392	dead_enemies_mean:         3.0141
ep_length_mean:           75.7012	epsilon:                   0.0500	grad_norm:                 0.4364	loss:                      0.0219
qmix_loss:                 0.0097	return_mean:               6.9277	return_std:                1.1685	test_battle_won_mean:      0.0000
test_dead_allies_mean:     9.2625	test_dead_enemies_mean:    3.8563	test_ep_length_mean:      77.2500	test_return_mean:          7.6403
test_return_std:           1.3206	w_to_use:                  0.6934	
[INFO 09:15:20] my_main t_env: 631785 / 2050000
[INFO 09:15:20] my_main Estimated time left: 3 hours, 17 minutes, 16 seconds. Time passed: 1 hours, 42 minutes, 2 seconds
[INFO 09:15:28] my_main Recent Stats | t_env:     631785 | Episode:    15771
battle_won_mean:           0.0000	central_loss:              0.0114	dead_allies_mean:          9.3401	dead_enemies_mean:         2.9551
ep_length_mean:           79.5835	epsilon:                   0.0500	grad_norm:                 0.3363	loss:                      0.0208
qmix_loss:                 0.0094	return_mean:               6.9405	return_std:                1.1734	test_battle_won_mean:      0.0000
test_dead_allies_mean:     9.3375	test_dead_enemies_mean:    3.7563	test_ep_length_mean:      74.1937	test_return_mean:          7.6421
test_return_std:           1.3154	w_to_use:                  0.6587	
[INFO 09:16:41] my_main t_env: 641964 / 2050000
[INFO 09:16:41] my_main Estimated time left: 3 hours, 6 minutes, 29 seconds. Time passed: 1 hours, 43 minutes, 23 seconds
[INFO 09:16:52] my_main Recent Stats | t_env:     641964 | Episode:    15885
battle_won_mean:           0.0000	central_loss:              0.0118	dead_allies_mean:          9.3195	dead_enemies_mean:         2.9731
ep_length_mean:           82.1823	epsilon:                   0.0500	grad_norm:                 0.4005	loss:                      0.0214
qmix_loss:                 0.0097	return_mean:               6.9816	return_std:                1.1742	test_battle_won_mean:      0.0000
test_dead_allies_mean:     9.3875	test_dead_enemies_mean:    3.5375	test_ep_length_mean:      75.0938	test_return_mean:          7.5151
test_return_std:           1.3080	w_to_use:                  0.6621	
[INFO 09:18:06] my_main t_env: 651982 / 2050000
[INFO 09:18:06] my_main Estimated time left: 3 hours, 18 minutes, 29 seconds. Time passed: 1 hours, 44 minutes, 48 seconds
[INFO 09:18:18] my_main Recent Stats | t_env:     651982 | Episode:    16007
battle_won_mean:           0.0000	central_loss:              0.0134	dead_allies_mean:          9.3179	dead_enemies_mean:         2.9543
ep_length_mean:           82.9755	epsilon:                   0.0500	grad_norm:                 0.5186	loss:                      0.0230
qmix_loss:                 0.0096	return_mean:               7.0338	return_std:                1.1822	test_battle_won_mean:      0.0000
test_dead_allies_mean:     9.3688	test_dead_enemies_mean:    3.5250	test_ep_length_mean:      79.7687	test_return_mean:          7.5580
test_return_std:           1.2489	w_to_use:                  0.6864	
RequestQuit command received.
Closing Application...
DataHandler: unable to parse websocket frame.
CloseHandler: 127.0.0.1:46504 disconnected
[INFO 09:19:22] absl Shutdown gracefully.
[INFO 09:19:22] absl Shutdown with return code: -15
[INFO 09:19:22] absl Launching SC2: /labmount/users/202535331/MARL/pymarl-monotone-qmix/3rdparty/StarCraftII/Versions/Base75689/SC2_x64 -listen 127.0.0.1 -port 46431 -dataDir /labmount/users/202535331/MARL/pymarl-monotone-qmix/3rdparty/StarCraftII/ -tempDir /tmp/sc-5g85mlia/
[INFO 09:19:22] absl Connecting to: ws://127.0.0.1:46431/sc2api, attempt: 0, running: True
Version: B75689 (SC2.4.10)
Build: Aug 12 2019 17:16:57
Command Line: '"/labmount/users/202535331/MARL/pymarl-monotone-qmix/3rdparty/StarCraftII/Versions/Base75689/SC2_x64" -listen 127.0.0.1 -port 46431 -dataDir /labmount/users/202535331/MARL/pymarl-monotone-qmix/3rdparty/StarCraftII/ -tempDir /tmp/sc-5g85mlia/'
Starting up...
Startup Phase 1 complete
[INFO 09:19:23] absl Connecting to: ws://127.0.0.1:46431/sc2api, attempt: 1, running: True
Startup Phase 2 complete
Creating stub renderer...
Listening on: 127.0.0.1:46431
Startup Phase 3 complete. Ready for commands.
[INFO 09:19:24] absl Connecting to: ws://127.0.0.1:46431/sc2api, attempt: 2, running: True
ConnectHandler: Request from 127.0.0.1:53566 accepted
ReadyHandler: 127.0.0.1:53566 ready
Requesting to join a single player game
Configuring interface options
Configure: raw interface enabled
Configure: feature layer interface disabled
Configure: score interface disabled
Configure: render interface disabled
Launching next game.
Next launch phase started: 2
Next launch phase started: 3
Next launch phase started: 4
Next launch phase started: 5
Next launch phase started: 6
Next launch phase started: 7
Next launch phase started: 8
Game has started.
Using default stable ids, none found at: /labmount/users/202535331/MARL/pymarl-monotone-qmix/3rdparty/StarCraftII/stableid.json
Successfully loaded stable ids: GameData\stableid.json
Sending ResponseJoinGame
[INFO 09:19:37] my_main t_env: 661997 / 2050000
[INFO 09:19:37] my_main Estimated time left: 3 hours, 30 minutes, 7 seconds. Time passed: 1 hours, 46 minutes, 19 seconds
[INFO 09:19:49] my_main Recent Stats | t_env:     661997 | Episode:    16124
battle_won_mean:           0.0000	central_loss:              0.0143	dead_allies_mean:          9.3041	dead_enemies_mean:         2.9798
ep_length_mean:           85.1668	epsilon:                   0.0500	grad_norm:                 0.6399	loss:                      0.0243
qmix_loss:                 0.0101	return_mean:               7.0611	return_std:                1.1944	test_battle_won_mean:      0.0000
test_dead_allies_mean:     9.3250	test_dead_enemies_mean:    3.6250	test_ep_length_mean:      83.1875	test_return_mean:          7.6875
test_return_std:           1.2087	w_to_use:                  0.6986	
[INFO 09:21:11] my_main t_env: 672047 / 2050000
[INFO 09:21:11] my_main Estimated time left: 3 hours, 34 minutes, 16 seconds. Time passed: 1 hours, 47 minutes, 53 seconds
[INFO 09:21:20] my_main Recent Stats | t_env:     672047 | Episode:    16266
battle_won_mean:           0.0000	central_loss:              0.0131	dead_allies_mean:          9.3199	dead_enemies_mean:         3.0676
ep_length_mean:           82.6193	epsilon:                   0.0500	grad_norm:                 0.6421	loss:                      0.0223
qmix_loss:                 0.0092	return_mean:               7.0995	return_std:                1.1746	test_battle_won_mean:      0.0000
test_dead_allies_mean:     9.3125	test_dead_enemies_mean:    3.7812	test_ep_length_mean:      81.5312	test_return_mean:          7.7603
test_return_std:           1.1768	w_to_use:                  0.7230	
[INFO 09:22:27] my_main t_env: 682100 / 2050000
[INFO 09:22:27] my_main Estimated time left: 2 hours, 52 minutes, 18 seconds. Time passed: 1 hours, 49 minutes, 9 seconds
[INFO 09:22:38] my_main Recent Stats | t_env:     682100 | Episode:    16365
battle_won_mean:           0.0000	central_loss:              0.0129	dead_allies_mean:          9.3119	dead_enemies_mean:         3.1534
ep_length_mean:           85.8645	epsilon:                   0.0500	grad_norm:                 0.6541	loss:                      0.0217
qmix_loss:                 0.0088	return_mean:               7.1407	return_std:                1.2109	test_battle_won_mean:      0.0000
test_dead_allies_mean:     9.2750	test_dead_enemies_mean:    3.9125	test_ep_length_mean:      87.1437	test_return_mean:          7.8140
test_return_std:           1.2030	w_to_use:                  0.7467	
[INFO 09:24:01] my_main t_env: 692167 / 2050000
[INFO 09:24:01] my_main Estimated time left: 3 hours, 31 minutes, 39 seconds. Time passed: 1 hours, 50 minutes, 43 seconds
[INFO 09:24:12] my_main Recent Stats | t_env:     692167 | Episode:    16508
battle_won_mean:           0.0000	central_loss:              0.0121	dead_allies_mean:          9.3355	dead_enemies_mean:         3.2496
ep_length_mean:           82.0863	epsilon:                   0.0500	grad_norm:                 0.5727	loss:                      0.0204
qmix_loss:                 0.0083	return_mean:               7.1345	return_std:                1.2250	test_battle_won_mean:      0.0000
test_dead_allies_mean:     9.2625	test_dead_enemies_mean:    4.1500	test_ep_length_mean:      86.3187	test_return_mean:          7.9406
test_return_std:           1.2326	w_to_use:                  0.7325	
[INFO 09:25:34] my_main t_env: 702172 / 2050000
[INFO 09:25:34] my_main Estimated time left: 3 hours, 27 minutes, 57 seconds. Time passed: 1 hours, 52 minutes, 16 seconds
[INFO 09:25:44] my_main Recent Stats | t_env:     702172 | Episode:    16651
battle_won_mean:           0.0000	central_loss:              0.0102	dead_allies_mean:          9.3497	dead_enemies_mean:         3.2518
ep_length_mean:           79.6564	epsilon:                   0.0500	grad_norm:                 0.4375	loss:                      0.0180
qmix_loss:                 0.0078	return_mean:               7.0868	return_std:                1.2244	test_battle_won_mean:      0.0000
test_dead_allies_mean:     9.2875	test_dead_enemies_mean:    4.1562	test_ep_length_mean:      81.1750	test_return_mean:          7.9172
test_return_std:           1.1968	w_to_use:                  0.7365	
[INFO 09:27:12] my_main t_env: 712215 / 2050000
[INFO 09:27:12] my_main Estimated time left: 3 hours, 38 minutes, 6 seconds. Time passed: 1 hours, 53 minutes, 54 seconds
RequestQuit command received.
Closing Application...
DataHandler: unable to parse websocket frame.
CloseHandler: 127.0.0.1:53566 disconnected
[INFO 09:27:16] absl Shutdown gracefully.
[INFO 09:27:16] absl Shutdown with return code: -15
[INFO 09:27:16] absl Launching SC2: /labmount/users/202535331/MARL/pymarl-monotone-qmix/3rdparty/StarCraftII/Versions/Base75689/SC2_x64 -listen 127.0.0.1 -port 44667 -dataDir /labmount/users/202535331/MARL/pymarl-monotone-qmix/3rdparty/StarCraftII/ -tempDir /tmp/sc-qjg9bvsw/
[INFO 09:27:17] absl Connecting to: ws://127.0.0.1:44667/sc2api, attempt: 0, running: True
Version: B75689 (SC2.4.10)
Build: Aug 12 2019 17:16:57
Command Line: '"/labmount/users/202535331/MARL/pymarl-monotone-qmix/3rdparty/StarCraftII/Versions/Base75689/SC2_x64" -listen 127.0.0.1 -port 44667 -dataDir /labmount/users/202535331/MARL/pymarl-monotone-qmix/3rdparty/StarCraftII/ -tempDir /tmp/sc-qjg9bvsw/'
Starting up...
Startup Phase 1 complete
[INFO 09:27:18] absl Connecting to: ws://127.0.0.1:44667/sc2api, attempt: 1, running: True
Startup Phase 2 complete
Creating stub renderer...
Listening on: 127.0.0.1:44667
Startup Phase 3 complete. Ready for commands.
[INFO 09:27:19] absl Connecting to: ws://127.0.0.1:44667/sc2api, attempt: 2, running: True
ConnectHandler: Request from 127.0.0.1:49782 accepted
ReadyHandler: 127.0.0.1:49782 ready
Requesting to join a single player game
Configuring interface options
Configure: raw interface enabled
Configure: feature layer interface disabled
Configure: score interface disabled
Configure: render interface disabled
Launching next game.
Next launch phase started: 2
Next launch phase started: 3
Next launch phase started: 4
Next launch phase started: 5
Next launch phase started: 6
Next launch phase started: 7
Next launch phase started: 8
Game has started.
Using default stable ids, none found at: /labmount/users/202535331/MARL/pymarl-monotone-qmix/3rdparty/StarCraftII/stableid.json
Successfully loaded stable ids: GameData\stableid.json
Sending ResponseJoinGame
[INFO 09:27:28] my_main Recent Stats | t_env:     712215 | Episode:    16808
battle_won_mean:           0.0000	central_loss:              0.0102	dead_allies_mean:          9.3702	dead_enemies_mean:         3.3012
ep_length_mean:           75.3304	epsilon:                   0.0500	grad_norm:                 0.3921	loss:                      0.0179
qmix_loss:                 0.0078	return_mean:               7.0824	return_std:                1.2266	test_battle_won_mean:      0.0000
test_dead_allies_mean:     9.2625	test_dead_enemies_mean:    4.2125	test_ep_length_mean:      78.6625	test_return_mean:          7.9392
test_return_std:           1.2428	w_to_use:                  0.7458	
[INFO 09:28:49] my_main t_env: 722290 / 2050000
[INFO 09:28:49] my_main Estimated time left: 3 hours, 32 minutes, 56 seconds. Time passed: 1 hours, 55 minutes, 31 seconds
[INFO 09:28:58] my_main Recent Stats | t_env:     722290 | Episode:    16944
battle_won_mean:           0.0000	central_loss:              0.0105	dead_allies_mean:          9.3595	dead_enemies_mean:         3.3239
ep_length_mean:           75.9916	epsilon:                   0.0500	grad_norm:                 0.3363	loss:                      0.0180
qmix_loss:                 0.0075	return_mean:               7.1120	return_std:                1.2473	test_battle_won_mean:      0.0000
test_dead_allies_mean:     9.2750	test_dead_enemies_mean:    4.1312	test_ep_length_mean:      76.9625	test_return_mean:          7.9395
test_return_std:           1.2841	w_to_use:                  0.7362	
[INFO 09:30:23] my_main t_env: 732293 / 2050000
[INFO 09:30:23] my_main Estimated time left: 3 hours, 26 minutes, 25 seconds. Time passed: 1 hours, 57 minutes, 5 seconds
[INFO 09:30:33] my_main Recent Stats | t_env:     732293 | Episode:    17095
battle_won_mean:           0.0000	central_loss:              0.0118	dead_allies_mean:          9.3644	dead_enemies_mean:         3.3263
ep_length_mean:           68.9315	epsilon:                   0.0500	grad_norm:                 0.4186	loss:                      0.0202
qmix_loss:                 0.0084	return_mean:               7.0972	return_std:                1.2380	test_battle_won_mean:      0.0000
test_dead_allies_mean:     9.2875	test_dead_enemies_mean:    4.1750	test_ep_length_mean:      74.8500	test_return_mean:          7.8730
test_return_std:           1.2890	w_to_use:                  0.7312	
[INFO 09:31:54] my_main t_env: 742303 / 2050000
[INFO 09:31:54] my_main Estimated time left: 3 hours, 18 minutes, 54 seconds. Time passed: 1 hours, 58 minutes, 36 seconds
[INFO 09:32:06] my_main Recent Stats | t_env:     742303 | Episode:    17233
battle_won_mean:           0.0000	central_loss:              0.0120	dead_allies_mean:          9.3685	dead_enemies_mean:         3.3308
ep_length_mean:           69.3591	epsilon:                   0.0500	grad_norm:                 0.4319	loss:                      0.0207
qmix_loss:                 0.0087	return_mean:               7.1144	return_std:                1.2335	test_battle_won_mean:      0.0000
test_dead_allies_mean:     9.2688	test_dead_enemies_mean:    4.1375	test_ep_length_mean:      76.9750	test_return_mean:          7.7933
test_return_std:           1.2691	w_to_use:                  0.7262	
[INFO 09:33:33] my_main t_env: 752481 / 2050000
[INFO 09:33:33] my_main Estimated time left: 3 hours, 30 minutes, 34 seconds. Time passed: 2 hours, 16 seconds
[INFO 09:33:43] my_main Recent Stats | t_env:     752481 | Episode:    17386
battle_won_mean:           0.0000	central_loss:              0.0120	dead_allies_mean:          9.3776	dead_enemies_mean:         3.3900
ep_length_mean:           68.6706	epsilon:                   0.0500	grad_norm:                 0.4273	loss:                      0.0207
qmix_loss:                 0.0088	return_mean:               7.1543	return_std:                1.2605	test_battle_won_mean:      0.0000
test_dead_allies_mean:     9.2625	test_dead_enemies_mean:    4.1750	test_ep_length_mean:      76.6688	test_return_mean:          7.7702
test_return_std:           1.2979	w_to_use:                  0.7149	
[INFO 09:35:08] my_main t_env: 762650 / 2050000
[INFO 09:35:08] my_main Estimated time left: 3 hours, 18 minutes, 48 seconds. Time passed: 2 hours, 1 minutes, 50 seconds
[INFO 09:35:17] my_main Recent Stats | t_env:     762650 | Episode:    17532
battle_won_mean:           0.0000	central_loss:              0.0108	dead_allies_mean:          9.3866	dead_enemies_mean:         3.4334
ep_length_mean:           69.8071	epsilon:                   0.0500	grad_norm:                 0.3312	loss:                      0.0189
qmix_loss:                 0.0081	return_mean:               7.1580	return_std:                1.2718	test_battle_won_mean:      0.0000
test_dead_allies_mean:     9.3125	test_dead_enemies_mean:    4.1375	test_ep_length_mean:      74.7062	test_return_mean:          7.6942
test_return_std:           1.2782	w_to_use:                  0.7192	
RequestQuit command received.
Closing Application...
DataHandler: unable to parse websocket frame.
CloseHandler: 127.0.0.1:49782 disconnected
[INFO 09:35:33] absl Shutdown gracefully.
[INFO 09:35:33] absl Shutdown with return code: -15
[INFO 09:35:33] absl Launching SC2: /labmount/users/202535331/MARL/pymarl-monotone-qmix/3rdparty/StarCraftII/Versions/Base75689/SC2_x64 -listen 127.0.0.1 -port 37599 -dataDir /labmount/users/202535331/MARL/pymarl-monotone-qmix/3rdparty/StarCraftII/ -tempDir /tmp/sc-7sueeker/
[INFO 09:35:33] absl Connecting to: ws://127.0.0.1:37599/sc2api, attempt: 0, running: True
Version: B75689 (SC2.4.10)
Build: Aug 12 2019 17:16:57
Command Line: '"/labmount/users/202535331/MARL/pymarl-monotone-qmix/3rdparty/StarCraftII/Versions/Base75689/SC2_x64" -listen 127.0.0.1 -port 37599 -dataDir /labmount/users/202535331/MARL/pymarl-monotone-qmix/3rdparty/StarCraftII/ -tempDir /tmp/sc-7sueeker/'
Starting up...
Startup Phase 1 complete
[INFO 09:35:34] absl Connecting to: ws://127.0.0.1:37599/sc2api, attempt: 1, running: True
Startup Phase 2 complete
Creating stub renderer...
Listening on: 127.0.0.1:37599
Startup Phase 3 complete. Ready for commands.
[INFO 09:35:35] absl Connecting to: ws://127.0.0.1:37599/sc2api, attempt: 2, running: True
ConnectHandler: Request from 127.0.0.1:46102 accepted
ReadyHandler: 127.0.0.1:46102 ready
Requesting to join a single player game
Configuring interface options
Configure: raw interface enabled
Configure: feature layer interface disabled
Configure: score interface disabled
Configure: render interface disabled
Launching next game.
Next launch phase started: 2
Next launch phase started: 3
Next launch phase started: 4
Next launch phase started: 5
Next launch phase started: 6
Next launch phase started: 7
Next launch phase started: 8
Game has started.
Using default stable ids, none found at: /labmount/users/202535331/MARL/pymarl-monotone-qmix/3rdparty/StarCraftII/stableid.json
Successfully loaded stable ids: GameData\stableid.json
Sending ResponseJoinGame
[INFO 09:36:50] my_main t_env: 772812 / 2050000
[INFO 09:36:50] my_main Estimated time left: 3 hours, 35 minutes, 2 seconds. Time passed: 2 hours, 3 minutes, 32 seconds
[INFO 09:37:01] my_main Recent Stats | t_env:     772812 | Episode:    17687
battle_won_mean:           0.0000	central_loss:              0.0105	dead_allies_mean:          9.3911	dead_enemies_mean:         3.4314
ep_length_mean:           68.1032	epsilon:                   0.0500	grad_norm:                 0.3091	loss:                      0.0183
qmix_loss:                 0.0078	return_mean:               7.1313	return_std:                1.2581	test_battle_won_mean:      0.0000
test_dead_allies_mean:     9.2875	test_dead_enemies_mean:    4.1688	test_ep_length_mean:      78.6750	test_return_mean:          7.7438
test_return_std:           1.2965	w_to_use:                  0.7309	
[INFO 09:38:14] my_main t_env: 782849 / 2050000
[INFO 09:38:14] my_main Estimated time left: 2 hours, 55 minutes, 38 seconds. Time passed: 2 hours, 4 minutes, 56 seconds
[INFO 09:38:25] my_main Recent Stats | t_env:     782849 | Episode:    17802
battle_won_mean:           0.0000	central_loss:              0.0091	dead_allies_mean:          9.3983	dead_enemies_mean:         3.4827
ep_length_mean:           72.3099	epsilon:                   0.0500	grad_norm:                 0.2172	loss:                      0.0163
qmix_loss:                 0.0071	return_mean:               7.1786	return_std:                1.2434	test_battle_won_mean:      0.0000
test_dead_allies_mean:     9.2875	test_dead_enemies_mean:    4.1437	test_ep_length_mean:      81.3438	test_return_mean:          7.7994
test_return_std:           1.3082	w_to_use:                  0.7285	
[INFO 09:39:49] my_main t_env: 792879 / 2050000
[INFO 09:39:49] my_main Estimated time left: 3 hours, 19 minutes, 4 seconds. Time passed: 2 hours, 6 minutes, 31 seconds
[INFO 09:40:00] my_main Recent Stats | t_env:     792879 | Episode:    17946
battle_won_mean:           0.0000	central_loss:              0.0100	dead_allies_mean:          9.4285	dead_enemies_mean:         3.4068
ep_length_mean:           71.7332	epsilon:                   0.0500	grad_norm:                 0.2490	loss:                      0.0171
qmix_loss:                 0.0071	return_mean:               7.1397	return_std:                1.2378	test_battle_won_mean:      0.0000
test_dead_allies_mean:     9.3125	test_dead_enemies_mean:    4.0563	test_ep_length_mean:      79.3625	test_return_mean:          7.8046
test_return_std:           1.2934	w_to_use:                  0.7365	
[INFO 09:41:21] my_main t_env: 802899 / 2050000
[INFO 09:41:21] my_main Estimated time left: 3 hours, 11 minutes, 35 seconds. Time passed: 2 hours, 8 minutes, 4 seconds
[INFO 09:41:33] my_main Recent Stats | t_env:     802899 | Episode:    18087
battle_won_mean:           0.0000	central_loss:              0.0112	dead_allies_mean:          9.4360	dead_enemies_mean:         3.3609
ep_length_mean:           72.6414	epsilon:                   0.0500	grad_norm:                 0.3257	loss:                      0.0183
qmix_loss:                 0.0071	return_mean:               7.1018	return_std:                1.1964	test_battle_won_mean:      0.0000
test_dead_allies_mean:     9.3375	test_dead_enemies_mean:    4.0250	test_ep_length_mean:      83.4125	test_return_mean:          7.8308
test_return_std:           1.3061	w_to_use:                  0.7398	
[INFO 09:42:55] my_main t_env: 813052 / 2050000
[INFO 09:42:55] my_main Estimated time left: 3 hours, 9 minutes, 12 seconds. Time passed: 2 hours, 9 minutes, 37 seconds
[INFO 09:43:06] my_main Recent Stats | t_env:     813052 | Episode:    18231
battle_won_mean:           0.0000	central_loss:              0.0132	dead_allies_mean:          9.4579	dead_enemies_mean:         3.2711
ep_length_mean:           72.8126	epsilon:                   0.0500	grad_norm:                 0.5043	loss:                      0.0208
qmix_loss:                 0.0076	return_mean:               7.0977	return_std:                1.1817	test_battle_won_mean:      0.0000
test_dead_allies_mean:     9.3438	test_dead_enemies_mean:    3.9813	test_ep_length_mean:      89.9188	test_return_mean:          7.8453
test_return_std:           1.2669	w_to_use:                  0.7432	
RequestQuit command received.
Closing Application...
DataHandler: unable to parse websocket frame.
CloseHandler: 127.0.0.1:46102 disconnected
[INFO 09:43:19] absl Shutdown gracefully.
[INFO 09:43:19] absl Shutdown with return code: -15
[INFO 09:43:19] absl Launching SC2: /labmount/users/202535331/MARL/pymarl-monotone-qmix/3rdparty/StarCraftII/Versions/Base75689/SC2_x64 -listen 127.0.0.1 -port 34073 -dataDir /labmount/users/202535331/MARL/pymarl-monotone-qmix/3rdparty/StarCraftII/ -tempDir /tmp/sc-n9wsnrbv/
[INFO 09:43:19] absl Connecting to: ws://127.0.0.1:34073/sc2api, attempt: 0, running: True
Version: B75689 (SC2.4.10)
Build: Aug 12 2019 17:16:57
Command Line: '"/labmount/users/202535331/MARL/pymarl-monotone-qmix/3rdparty/StarCraftII/Versions/Base75689/SC2_x64" -listen 127.0.0.1 -port 34073 -dataDir /labmount/users/202535331/MARL/pymarl-monotone-qmix/3rdparty/StarCraftII/ -tempDir /tmp/sc-n9wsnrbv/'
Starting up...
Startup Phase 1 complete
[INFO 09:43:20] absl Connecting to: ws://127.0.0.1:34073/sc2api, attempt: 1, running: True
Startup Phase 2 complete
Creating stub renderer...
Listening on: 127.0.0.1:34073
Startup Phase 3 complete. Ready for commands.
[INFO 09:43:21] absl Connecting to: ws://127.0.0.1:34073/sc2api, attempt: 2, running: True
ConnectHandler: Request from 127.0.0.1:44396 accepted
ReadyHandler: 127.0.0.1:44396 ready
Requesting to join a single player game
Configuring interface options
Configure: raw interface enabled
Configure: feature layer interface disabled
Configure: score interface disabled
Configure: render interface disabled
Launching next game.
Next launch phase started: 2
Next launch phase started: 3
Next launch phase started: 4
Next launch phase started: 5
Next launch phase started: 6
Next launch phase started: 7
Next launch phase started: 8
Game has started.
Using default stable ids, none found at: /labmount/users/202535331/MARL/pymarl-monotone-qmix/3rdparty/StarCraftII/stableid.json
Successfully loaded stable ids: GameData\stableid.json
Sending ResponseJoinGame
[INFO 09:44:25] my_main t_env: 823073 / 2050000
[INFO 09:44:25] my_main Estimated time left: 3 hours, 4 minutes, 38 seconds. Time passed: 2 hours, 11 minutes, 7 seconds
[INFO 09:44:34] my_main Recent Stats | t_env:     823073 | Episode:    18354
battle_won_mean:           0.0000	central_loss:              0.0136	dead_allies_mean:          9.4326	dead_enemies_mean:         3.2658
ep_length_mean:           75.9947	epsilon:                   0.0500	grad_norm:                 0.5143	loss:                      0.0216
qmix_loss:                 0.0080	return_mean:               7.1045	return_std:                1.2070	test_battle_won_mean:      0.0000
test_dead_allies_mean:     9.4125	test_dead_enemies_mean:    3.8750	test_ep_length_mean:      87.4625	test_return_mean:          7.8121
test_return_std:           1.2079	w_to_use:                  0.7253	
[INFO 09:45:57] my_main t_env: 833074 / 2050000
[INFO 09:45:57] my_main Estimated time left: 3 hours, 7 minutes, 3 seconds. Time passed: 2 hours, 12 minutes, 39 seconds
[INFO 09:46:08] my_main Recent Stats | t_env:     833074 | Episode:    18509
battle_won_mean:           0.0000	central_loss:              0.0137	dead_allies_mean:          9.4507	dead_enemies_mean:         3.2504
ep_length_mean:           71.4435	epsilon:                   0.0500	grad_norm:                 0.5572	loss:                      0.0214
qmix_loss:                 0.0077	return_mean:               7.0884	return_std:                1.2208	test_battle_won_mean:      0.0000
test_dead_allies_mean:     9.3750	test_dead_enemies_mean:    3.9500	test_ep_length_mean:      86.4000	test_return_mean:          7.8352
test_return_std:           1.1761	w_to_use:                  0.7309	
[INFO 09:47:35] my_main t_env: 843100 / 2050000
[INFO 09:47:35] my_main Estimated time left: 3 hours, 16 minutes, 34 seconds. Time passed: 2 hours, 14 minutes, 17 seconds
[INFO 09:47:45] my_main Recent Stats | t_env:     843100 | Episode:    18675
battle_won_mean:           0.0000	central_loss:              0.0126	dead_allies_mean:          9.4413	dead_enemies_mean:         3.3150
ep_length_mean:           69.5925	epsilon:                   0.0500	grad_norm:                 0.4997	loss:                      0.0198
qmix_loss:                 0.0072	return_mean:               7.1011	return_std:                1.2282	test_battle_won_mean:      0.0000
test_dead_allies_mean:     9.3500	test_dead_enemies_mean:    4.0812	test_ep_length_mean:      85.2875	test_return_mean:          7.8430
test_return_std:           1.1761	w_to_use:                  0.7379	
[INFO 09:49:08] my_main t_env: 853111 / 2050000
[INFO 09:49:08] my_main Estimated time left: 3 hours, 5 minutes, 7 seconds. Time passed: 2 hours, 15 minutes, 50 seconds
[INFO 09:49:19] my_main Recent Stats | t_env:     853111 | Episode:    18828
battle_won_mean:           0.0000	central_loss:              0.0129	dead_allies_mean:          9.4403	dead_enemies_mean:         3.3544
ep_length_mean:           68.4660	epsilon:                   0.0500	grad_norm:                 0.5649	loss:                      0.0203
qmix_loss:                 0.0074	return_mean:               7.0909	return_std:                1.2479	test_battle_won_mean:      0.0000
test_dead_allies_mean:     9.3313	test_dead_enemies_mean:    4.0812	test_ep_length_mean:      84.8375	test_return_mean:          7.8763
test_return_std:           1.1638	w_to_use:                  0.7532	
[INFO 09:50:41] my_main t_env: 863122 / 2050000
[INFO 09:50:41] my_main Estimated time left: 3 hours, 2 minutes, 45 seconds. Time passed: 2 hours, 17 minutes, 23 seconds
[INFO 09:50:48] my_main Recent Stats | t_env:     863122 | Episode:    18978
battle_won_mean:           0.0000	central_loss:              0.0116	dead_allies_mean:          9.4458	dead_enemies_mean:         3.3608
ep_length_mean:           67.7126	epsilon:                   0.0500	grad_norm:                 0.3815	loss:                      0.0191
qmix_loss:                 0.0075	return_mean:               7.0784	return_std:                1.2473	test_battle_won_mean:      0.0000
test_dead_allies_mean:     9.3438	test_dead_enemies_mean:    4.0000	test_ep_length_mean:      75.5687	test_return_mean:          7.7630
test_return_std:           1.1987	w_to_use:                  0.7575	
RequestQuit command received.
Closing Application...
DataHandler: unable to parse websocket frame.
CloseHandler: 127.0.0.1:44396 disconnected
[INFO 09:51:32] absl Shutdown gracefully.
[INFO 09:51:32] absl Shutdown with return code: -15
[INFO 09:51:32] absl Launching SC2: /labmount/users/202535331/MARL/pymarl-monotone-qmix/3rdparty/StarCraftII/Versions/Base75689/SC2_x64 -listen 127.0.0.1 -port 46151 -dataDir /labmount/users/202535331/MARL/pymarl-monotone-qmix/3rdparty/StarCraftII/ -tempDir /tmp/sc-vddxuliv/
[INFO 09:51:32] absl Connecting to: ws://127.0.0.1:46151/sc2api, attempt: 0, running: True
Version: B75689 (SC2.4.10)
Build: Aug 12 2019 17:16:57
Command Line: '"/labmount/users/202535331/MARL/pymarl-monotone-qmix/3rdparty/StarCraftII/Versions/Base75689/SC2_x64" -listen 127.0.0.1 -port 46151 -dataDir /labmount/users/202535331/MARL/pymarl-monotone-qmix/3rdparty/StarCraftII/ -tempDir /tmp/sc-vddxuliv/'
Starting up...
Startup Phase 1 complete
[INFO 09:51:33] absl Connecting to: ws://127.0.0.1:46151/sc2api, attempt: 1, running: True
Startup Phase 2 complete
Creating stub renderer...
Listening on: 127.0.0.1:46151
Startup Phase 3 complete. Ready for commands.
[INFO 09:51:34] absl Connecting to: ws://127.0.0.1:46151/sc2api, attempt: 2, running: True
ConnectHandler: Request from 127.0.0.1:41906 accepted
ReadyHandler: 127.0.0.1:41906 ready
Requesting to join a single player game
Configuring interface options
Configure: raw interface enabled
Configure: feature layer interface disabled
Configure: score interface disabled
Configure: render interface disabled
Launching next game.
Next launch phase started: 2
Next launch phase started: 3
Next launch phase started: 4
Next launch phase started: 5
Next launch phase started: 6
Next launch phase started: 7
Next launch phase started: 8
Game has started.
Using default stable ids, none found at: /labmount/users/202535331/MARL/pymarl-monotone-qmix/3rdparty/StarCraftII/stableid.json
Successfully loaded stable ids: GameData\stableid.json
Sending ResponseJoinGame
[INFO 09:52:22] my_main t_env: 873227 / 2050000
[INFO 09:52:22] my_main Estimated time left: 3 hours, 16 minutes, 42 seconds. Time passed: 2 hours, 19 minutes, 4 seconds
[INFO 09:52:30] my_main Recent Stats | t_env:     873227 | Episode:    19142
battle_won_mean:           0.0000	central_loss:              0.0115	dead_allies_mean:          9.4653	dead_enemies_mean:         3.3637
ep_length_mean:           63.7415	epsilon:                   0.0500	grad_norm:                 0.4204	loss:                      0.0192
qmix_loss:                 0.0076	return_mean:               7.0614	return_std:                1.2409	test_battle_won_mean:      0.0000
test_dead_allies_mean:     9.3187	test_dead_enemies_mean:    4.0563	test_ep_length_mean:      73.2875	test_return_mean:          7.7521
test_return_std:           1.1941	w_to_use:                  0.7726	
[INFO 09:54:06] my_main t_env: 883233 / 2050000
[INFO 09:54:06] my_main Estimated time left: 3 hours, 22 minutes, 13 seconds. Time passed: 2 hours, 20 minutes, 48 seconds
[INFO 09:54:14] my_main Recent Stats | t_env:     883233 | Episode:    19317
battle_won_mean:           0.0000	central_loss:              0.0131	dead_allies_mean:          9.4558	dead_enemies_mean:         3.3901
ep_length_mean:           62.2724	epsilon:                   0.0500	grad_norm:                 0.5231	loss:                      0.0207
qmix_loss:                 0.0076	return_mean:               7.0602	return_std:                1.2232	test_battle_won_mean:      0.0000
test_dead_allies_mean:     9.3562	test_dead_enemies_mean:    4.0125	test_ep_length_mean:      67.4125	test_return_mean:          7.7410
test_return_std:           1.2219	w_to_use:                  0.7744	
[INFO 09:55:49] my_main t_env: 893411 / 2050000
[INFO 09:55:49] my_main Estimated time left: 3 hours, 14 minutes, 39 seconds. Time passed: 2 hours, 22 minutes, 31 seconds
[INFO 09:55:57] my_main Recent Stats | t_env:     893411 | Episode:    19485
battle_won_mean:           0.0000	central_loss:              0.0134	dead_allies_mean:          9.4535	dead_enemies_mean:         3.4177
ep_length_mean:           62.3095	epsilon:                   0.0500	grad_norm:                 0.6013	loss:                      0.0214
qmix_loss:                 0.0080	return_mean:               7.0764	return_std:                1.2144	test_battle_won_mean:      0.0000
test_dead_allies_mean:     9.3812	test_dead_enemies_mean:    3.9562	test_ep_length_mean:      62.7625	test_return_mean:          7.7022
test_return_std:           1.2540	w_to_use:                  0.7826	
[INFO 09:57:36] my_main t_env: 903445 / 2050000
[INFO 09:57:36] my_main Estimated time left: 3 hours, 23 minutes, 18 seconds. Time passed: 2 hours, 24 minutes, 18 seconds
[INFO 09:57:44] my_main Recent Stats | t_env:     903445 | Episode:    19668
battle_won_mean:           0.0000	central_loss:              0.0119	dead_allies_mean:          9.4422	dead_enemies_mean:         3.4416
ep_length_mean:           60.1894	epsilon:                   0.0500	grad_norm:                 0.4371	loss:                      0.0197
qmix_loss:                 0.0079	return_mean:               7.0931	return_std:                1.1876	test_battle_won_mean:      0.0000
test_dead_allies_mean:     9.4000	test_dead_enemies_mean:    3.9312	test_ep_length_mean:      56.0250	test_return_mean:          7.5852
test_return_std:           1.2366	w_to_use:                  0.7782	
[INFO 09:59:15] my_main t_env: 913451 / 2050000
[INFO 09:59:15] my_main Estimated time left: 3 hours, 7 minutes, 57 seconds. Time passed: 2 hours, 25 minutes, 57 seconds
[INFO 09:59:24] my_main Recent Stats | t_env:     913451 | Episode:    19831
battle_won_mean:           0.0000	central_loss:              0.0137	dead_allies_mean:          9.4071	dead_enemies_mean:         3.5018
ep_length_mean:           59.1187	epsilon:                   0.0500	grad_norm:                 0.6616	loss:                      0.0211
qmix_loss:                 0.0073	return_mean:               7.1316	return_std:                1.1779	test_battle_won_mean:      0.0000
test_dead_allies_mean:     9.4000	test_dead_enemies_mean:    4.0938	test_ep_length_mean:      59.2437	test_return_mean:          7.8510
test_return_std:           1.2967	w_to_use:                  0.7754	
[INFO 10:00:56] my_main t_env: 923468 / 2050000
[INFO 10:00:56] my_main Estimated time left: 3 hours, 8 minutes, 40 seconds. Time passed: 2 hours, 27 minutes, 38 seconds
RequestQuit command received.
Closing Application...
DataHandler: unable to parse websocket frame.
CloseHandler: 127.0.0.1:41906 disconnected
[INFO 10:00:59] absl Shutdown gracefully.
[INFO 10:00:59] absl Shutdown with return code: -15
[INFO 10:00:59] absl Launching SC2: /labmount/users/202535331/MARL/pymarl-monotone-qmix/3rdparty/StarCraftII/Versions/Base75689/SC2_x64 -listen 127.0.0.1 -port 38743 -dataDir /labmount/users/202535331/MARL/pymarl-monotone-qmix/3rdparty/StarCraftII/ -tempDir /tmp/sc-2qlsukrh/
[INFO 10:00:59] absl Connecting to: ws://127.0.0.1:38743/sc2api, attempt: 0, running: True
Version: B75689 (SC2.4.10)
Build: Aug 12 2019 17:16:57
Command Line: '"/labmount/users/202535331/MARL/pymarl-monotone-qmix/3rdparty/StarCraftII/Versions/Base75689/SC2_x64" -listen 127.0.0.1 -port 38743 -dataDir /labmount/users/202535331/MARL/pymarl-monotone-qmix/3rdparty/StarCraftII/ -tempDir /tmp/sc-2qlsukrh/'
Starting up...
Startup Phase 1 complete
[INFO 10:01:00] absl Connecting to: ws://127.0.0.1:38743/sc2api, attempt: 1, running: True
Startup Phase 2 complete
Creating stub renderer...
Listening on: 127.0.0.1:38743
Startup Phase 3 complete. Ready for commands.
[INFO 10:01:01] absl Connecting to: ws://127.0.0.1:38743/sc2api, attempt: 2, running: True
ConnectHandler: Request from 127.0.0.1:46992 accepted
ReadyHandler: 127.0.0.1:46992 ready
Requesting to join a single player game
Configuring interface options
Configure: raw interface enabled
Configure: feature layer interface disabled
Configure: score interface disabled
Configure: render interface disabled
Launching next game.
Next launch phase started: 2
Next launch phase started: 3
Next launch phase started: 4
Next launch phase started: 5
Next launch phase started: 6
Next launch phase started: 7
Next launch phase started: 8
Game has started.
Using default stable ids, none found at: /labmount/users/202535331/MARL/pymarl-monotone-qmix/3rdparty/StarCraftII/stableid.json
Successfully loaded stable ids: GameData\stableid.json
Sending ResponseJoinGame
[INFO 10:01:11] my_main Recent Stats | t_env:     923468 | Episode:    19994
battle_won_mean:           0.0000	central_loss:              0.0159	dead_allies_mean:          9.4272	dead_enemies_mean:         3.5084
ep_length_mean:           59.0863	epsilon:                   0.0500	grad_norm:                 0.8197	loss:                      0.0232
qmix_loss:                 0.0073	return_mean:               7.1565	return_std:                1.1673	test_battle_won_mean:      0.0000
test_dead_allies_mean:     9.3125	test_dead_enemies_mean:    4.1250	test_ep_length_mean:      61.7687	test_return_mean:          7.8829
test_return_std:           1.3461	w_to_use:                  0.7625	
[INFO 10:02:35] my_main t_env: 933483 / 2050000
[INFO 10:02:35] my_main Estimated time left: 3 hours, 4 minutes, 55 seconds. Time passed: 2 hours, 29 minutes, 17 seconds
[INFO 10:02:45] my_main Recent Stats | t_env:     933483 | Episode:    20138
battle_won_mean:           0.0000	central_loss:              0.0144	dead_allies_mean:          9.4521	dead_enemies_mean:         3.4457
ep_length_mean:           61.5606	epsilon:                   0.0500	grad_norm:                 0.6607	loss:                      0.0219
qmix_loss:                 0.0075	return_mean:               7.1045	return_std:                1.1591	test_battle_won_mean:      0.0000
test_dead_allies_mean:     9.3438	test_dead_enemies_mean:    4.0750	test_ep_length_mean:      65.9313	test_return_mean:          7.8616
test_return_std:           1.3430	w_to_use:                  0.7442	
[INFO 10:04:16] my_main t_env: 943486 / 2050000
[INFO 10:04:16] my_main Estimated time left: 3 hours, 7 minutes, 2 seconds. Time passed: 2 hours, 30 minutes, 59 seconds
[INFO 10:04:25] my_main Recent Stats | t_env:     943486 | Episode:    20303
battle_won_mean:           0.0000	central_loss:              0.0145	dead_allies_mean:          9.4684	dead_enemies_mean:         3.3785
ep_length_mean:           61.5688	epsilon:                   0.0500	grad_norm:                 0.5888	loss:                      0.0221
qmix_loss:                 0.0076	return_mean:               7.0836	return_std:                1.1700	test_battle_won_mean:      0.0000
test_dead_allies_mean:     9.3375	test_dead_enemies_mean:    4.1375	test_ep_length_mean:      67.5438	test_return_mean:          7.9274
test_return_std:           1.3691	w_to_use:                  0.7257	
[INFO 10:05:59] my_main t_env: 953541 / 2050000
[INFO 10:05:59] my_main Estimated time left: 3 hours, 6 minutes, 7 seconds. Time passed: 2 hours, 32 minutes, 41 seconds
[INFO 10:06:11] my_main Recent Stats | t_env:     953541 | Episode:    20473
battle_won_mean:           0.0000	central_loss:              0.0166	dead_allies_mean:          9.4807	dead_enemies_mean:         3.3953
ep_length_mean:           62.4321	epsilon:                   0.0500	grad_norm:                 0.7668	loss:                      0.0242
qmix_loss:                 0.0077	return_mean:               7.1282	return_std:                1.2050	test_battle_won_mean:      0.0000
test_dead_allies_mean:     9.3125	test_dead_enemies_mean:    4.2000	test_ep_length_mean:      75.3000	test_return_mean:          8.0450
test_return_std:           1.4045	w_to_use:                  0.7269	
[INFO 10:07:39] my_main t_env: 963552 / 2050000
[INFO 10:07:39] my_main Estimated time left: 3 hours, 1 minutes, 20 seconds. Time passed: 2 hours, 34 minutes, 21 seconds
[INFO 10:07:48] my_main Recent Stats | t_env:     963552 | Episode:    20631
battle_won_mean:           0.0000	central_loss:              0.0151	dead_allies_mean:          9.5069	dead_enemies_mean:         3.3822
ep_length_mean:           62.8269	epsilon:                   0.0500	grad_norm:                 0.6654	loss:                      0.0228
qmix_loss:                 0.0077	return_mean:               7.1147	return_std:                1.2247	test_battle_won_mean:      0.0000
test_dead_allies_mean:     9.3125	test_dead_enemies_mean:    4.2687	test_ep_length_mean:      73.7313	test_return_mean:          7.9840
test_return_std:           1.3434	w_to_use:                  0.7106	
[INFO 10:09:16] my_main t_env: 973580 / 2050000
[INFO 10:09:16] my_main Estimated time left: 2 hours, 53 minutes, 52 seconds. Time passed: 2 hours, 35 minutes, 59 seconds
[INFO 10:09:26] my_main Recent Stats | t_env:     973580 | Episode:    20790
battle_won_mean:           0.0000	central_loss:              0.0131	dead_allies_mean:          9.4968	dead_enemies_mean:         3.4204
ep_length_mean:           63.1500	epsilon:                   0.0500	grad_norm:                 0.5160	loss:                      0.0206
qmix_loss:                 0.0074	return_mean:               7.1348	return_std:                1.2519	test_battle_won_mean:      0.0000
test_dead_allies_mean:     9.4000	test_dead_enemies_mean:    4.2313	test_ep_length_mean:      73.2438	test_return_mean:          7.9468
test_return_std:           1.3526	w_to_use:                  0.7110	
RequestQuit command received.
Closing Application...
DataHandler: unable to parse websocket frame.
CloseHandler: 127.0.0.1:46992 disconnected
ResponseThread: No connection, dropping the response.
[INFO 10:09:45] absl Shutdown gracefully.
[INFO 10:09:45] absl Shutdown with return code: -15
[INFO 10:09:45] absl Launching SC2: /labmount/users/202535331/MARL/pymarl-monotone-qmix/3rdparty/StarCraftII/Versions/Base75689/SC2_x64 -listen 127.0.0.1 -port 34563 -dataDir /labmount/users/202535331/MARL/pymarl-monotone-qmix/3rdparty/StarCraftII/ -tempDir /tmp/sc-nb7j_bwv/
[INFO 10:09:45] absl Connecting to: ws://127.0.0.1:34563/sc2api, attempt: 0, running: True
Version: B75689 (SC2.4.10)
Build: Aug 12 2019 17:16:57
Command Line: '"/labmount/users/202535331/MARL/pymarl-monotone-qmix/3rdparty/StarCraftII/Versions/Base75689/SC2_x64" -listen 127.0.0.1 -port 34563 -dataDir /labmount/users/202535331/MARL/pymarl-monotone-qmix/3rdparty/StarCraftII/ -tempDir /tmp/sc-nb7j_bwv/'
Starting up...
Startup Phase 1 complete
[INFO 10:09:46] absl Connecting to: ws://127.0.0.1:34563/sc2api, attempt: 1, running: True
Startup Phase 2 complete
Creating stub renderer...
Listening on: 127.0.0.1:34563
Startup Phase 3 complete. Ready for commands.
[INFO 10:09:47] absl Connecting to: ws://127.0.0.1:34563/sc2api, attempt: 2, running: True
ConnectHandler: Request from 127.0.0.1:55624 accepted
ReadyHandler: 127.0.0.1:55624 ready
Requesting to join a single player game
Configuring interface options
Configure: raw interface enabled
Configure: feature layer interface disabled
Configure: score interface disabled
Configure: render interface disabled
Launching next game.
Next launch phase started: 2
Next launch phase started: 3
Next launch phase started: 4
Next launch phase started: 5
Next launch phase started: 6
Next launch phase started: 7
Next launch phase started: 8
Game has started.
Using default stable ids, none found at: /labmount/users/202535331/MARL/pymarl-monotone-qmix/3rdparty/StarCraftII/stableid.json
Successfully loaded stable ids: GameData\stableid.json
Sending ResponseJoinGame
[INFO 10:11:11] my_main t_env: 983601 / 2050000
[INFO 10:11:11] my_main Estimated time left: 3 hours, 23 minutes, 35 seconds. Time passed: 2 hours, 37 minutes, 53 seconds
[INFO 10:11:20] my_main Recent Stats | t_env:     983601 | Episode:    20979
battle_won_mean:           0.0000	central_loss:              0.0141	dead_allies_mean:          9.4488	dead_enemies_mean:         3.4851
ep_length_mean:           59.8445	epsilon:                   0.0500	grad_norm:                 0.5899	loss:                      0.0218
qmix_loss:                 0.0077	return_mean:               7.1902	return_std:                1.2865	test_battle_won_mean:      0.0000
test_dead_allies_mean:     9.3562	test_dead_enemies_mean:    4.3312	test_ep_length_mean:      70.1562	test_return_mean:          8.0218
test_return_std:           1.3180	w_to_use:                  0.7283	
[INFO 10:12:53] my_main t_env: 993639 / 2050000
[INFO 10:12:53] my_main Estimated time left: 2 hours, 59 minutes, 11 seconds. Time passed: 2 hours, 39 minutes, 36 seconds
[INFO 10:13:02] my_main Recent Stats | t_env:     993639 | Episode:    21151
battle_won_mean:           0.0000	central_loss:              0.0140	dead_allies_mean:          9.4268	dead_enemies_mean:         3.5499
ep_length_mean:           59.3917	epsilon:                   0.0500	grad_norm:                 0.6129	loss:                      0.0218
qmix_loss:                 0.0078	return_mean:               7.2473	return_std:                1.2751	test_battle_won_mean:      0.0000
test_dead_allies_mean:     9.3500	test_dead_enemies_mean:    4.2938	test_ep_length_mean:      71.1500	test_return_mean:          8.0614
test_return_std:           1.2426	w_to_use:                  0.7307	
[INFO 10:14:43] my_main t_env: 1003642 / 2050000
[INFO 10:14:43] my_main Estimated time left: 3 hours, 11 minutes, 11 seconds. Time passed: 2 hours, 41 minutes, 25 seconds
[INFO 10:14:52] my_main Recent Stats | t_env:    1003642 | Episode:    21341
battle_won_mean:           0.0000	central_loss:              0.0124	dead_allies_mean:          9.3935	dead_enemies_mean:         3.5543
ep_length_mean:           58.0918	epsilon:                   0.0500	grad_norm:                 0.4946	loss:                      0.0205
qmix_loss:                 0.0081	return_mean:               7.2442	return_std:                1.2451	test_battle_won_mean:      0.0000
test_dead_allies_mean:     9.3500	test_dead_enemies_mean:    4.3563	test_ep_length_mean:      66.2000	test_return_mean:          8.1404
test_return_std:           1.2833	w_to_use:                  0.7230	
[INFO 10:16:27] my_main t_env: 1013679 / 2050000
[INFO 10:16:27] my_main Estimated time left: 2 hours, 59 minutes, 2 seconds. Time passed: 2 hours, 43 minutes, 9 seconds
[INFO 10:16:35] my_main Recent Stats | t_env:    1013679 | Episode:    21518
battle_won_mean:           0.0000	central_loss:              0.0121	dead_allies_mean:          9.3576	dead_enemies_mean:         3.6189
ep_length_mean:           56.7609	epsilon:                   0.0500	grad_norm:                 0.3804	loss:                      0.0205
qmix_loss:                 0.0084	return_mean:               7.2808	return_std:                1.2571	test_battle_won_mean:      0.0000
test_dead_allies_mean:     9.3375	test_dead_enemies_mean:    4.3063	test_ep_length_mean:      65.9375	test_return_mean:          8.1390
test_return_std:           1.3423	w_to_use:                  0.7306	
[INFO 10:18:10] my_main t_env: 1023698 / 2050000
[INFO 10:18:10] my_main Estimated time left: 2 hours, 56 minutes, 39 seconds. Time passed: 2 hours, 44 minutes, 53 seconds
[INFO 10:18:20] my_main Recent Stats | t_env:    1023698 | Episode:    21697
battle_won_mean:           0.0000	central_loss:              0.0175	dead_allies_mean:          9.3533	dead_enemies_mean:         3.6112
ep_length_mean:           55.3415	epsilon:                   0.0500	grad_norm:                 0.6754	loss:                      0.0268
qmix_loss:                 0.0093	return_mean:               7.2517	return_std:                1.2445	test_battle_won_mean:      0.0000
test_dead_allies_mean:     9.3000	test_dead_enemies_mean:    4.4188	test_ep_length_mean:      65.7687	test_return_mean:          8.2126
test_return_std:           1.3590	w_to_use:                  0.7417	
RequestQuit command received.
Closing Application...
DataHandler: unable to parse websocket frame.
CloseHandler: 127.0.0.1:55624 disconnected
[INFO 10:19:22] absl Shutdown gracefully.
[INFO 10:19:22] absl Shutdown with return code: -15
[INFO 10:19:22] absl Launching SC2: /labmount/users/202535331/MARL/pymarl-monotone-qmix/3rdparty/StarCraftII/Versions/Base75689/SC2_x64 -listen 127.0.0.1 -port 34737 -dataDir /labmount/users/202535331/MARL/pymarl-monotone-qmix/3rdparty/StarCraftII/ -tempDir /tmp/sc-kofbq683/
[INFO 10:19:22] absl Connecting to: ws://127.0.0.1:34737/sc2api, attempt: 0, running: True
Version: B75689 (SC2.4.10)
Build: Aug 12 2019 17:16:57
Command Line: '"/labmount/users/202535331/MARL/pymarl-monotone-qmix/3rdparty/StarCraftII/Versions/Base75689/SC2_x64" -listen 127.0.0.1 -port 34737 -dataDir /labmount/users/202535331/MARL/pymarl-monotone-qmix/3rdparty/StarCraftII/ -tempDir /tmp/sc-kofbq683/'
Starting up...
Startup Phase 1 complete
[INFO 10:19:23] absl Connecting to: ws://127.0.0.1:34737/sc2api, attempt: 1, running: True
Startup Phase 2 complete
Creating stub renderer...
Listening on: 127.0.0.1:34737
Startup Phase 3 complete. Ready for commands.
[INFO 10:19:24] absl Connecting to: ws://127.0.0.1:34737/sc2api, attempt: 2, running: True
ConnectHandler: Request from 127.0.0.1:50164 accepted
ReadyHandler: 127.0.0.1:50164 ready
Requesting to join a single player game
Configuring interface options
Configure: raw interface enabled
Configure: feature layer interface disabled
Configure: score interface disabled
Configure: render interface disabled
Launching next game.
Next launch phase started: 2
Next launch phase started: 3
Next launch phase started: 4
Next launch phase started: 5
Next launch phase started: 6
Next launch phase started: 7
Next launch phase started: 8
Game has started.
Using default stable ids, none found at: /labmount/users/202535331/MARL/pymarl-monotone-qmix/3rdparty/StarCraftII/stableid.json
Successfully loaded stable ids: GameData\stableid.json
Sending ResponseJoinGame
[INFO 10:20:08] my_main t_env: 1033717 / 2050000
[INFO 10:20:08] my_main Estimated time left: 3 hours, 18 minutes, 14 seconds. Time passed: 2 hours, 46 minutes, 50 seconds
[INFO 10:20:16] my_main Recent Stats | t_env:    1033717 | Episode:    21893
battle_won_mean:           0.0000	central_loss:              0.0170	dead_allies_mean:          9.3471	dead_enemies_mean:         3.6110
ep_length_mean:           54.9607	epsilon:                   0.0500	grad_norm:                 0.6424	loss:                      0.0264
qmix_loss:                 0.0094	return_mean:               7.2678	return_std:                1.2251	test_battle_won_mean:      0.0000
test_dead_allies_mean:     9.3063	test_dead_enemies_mean:    4.3812	test_ep_length_mean:      64.6937	test_return_mean:          8.1301
test_return_std:           1.3945	w_to_use:                  0.7465	
[INFO 10:21:58] my_main t_env: 1043726 / 2050000
[INFO 10:21:58] my_main Estimated time left: 3 hours, 4 minutes, 8 seconds. Time passed: 2 hours, 48 minutes, 40 seconds
[INFO 10:22:06] my_main Recent Stats | t_env:    1043726 | Episode:    22090
battle_won_mean:           0.0000	central_loss:              0.0170	dead_allies_mean:          9.3337	dead_enemies_mean:         3.6600
ep_length_mean:           53.4500	epsilon:                   0.0500	grad_norm:                 0.6733	loss:                      0.0260
qmix_loss:                 0.0091	return_mean:               7.2837	return_std:                1.2123	test_battle_won_mean:      0.0000
test_dead_allies_mean:     9.3125	test_dead_enemies_mean:    4.3563	test_ep_length_mean:      62.8875	test_return_mean:          8.0631
test_return_std:           1.4436	w_to_use:                  0.7386	
[INFO 10:23:45] my_main t_env: 1053839 / 2050000
[INFO 10:23:45] my_main Estimated time left: 2 hours, 56 minutes, 23 seconds. Time passed: 2 hours, 50 minutes, 27 seconds
[INFO 10:23:53] my_main Recent Stats | t_env:    1053839 | Episode:    22283
battle_won_mean:           0.0000	central_loss:              0.0171	dead_allies_mean:          9.3368	dead_enemies_mean:         3.6911
ep_length_mean:           53.4003	epsilon:                   0.0500	grad_norm:                 0.6715	loss:                      0.0263
qmix_loss:                 0.0093	return_mean:               7.3040	return_std:                1.2432	test_battle_won_mean:      0.0000
test_dead_allies_mean:     9.3250	test_dead_enemies_mean:    4.2875	test_ep_length_mean:      60.1000	test_return_mean:          7.9488
test_return_std:           1.3853	w_to_use:                  0.7224	
[INFO 10:25:26] my_main t_env: 1063841 / 2050000
[INFO 10:25:26] my_main Estimated time left: 2 hours, 45 minutes, 4 seconds. Time passed: 2 hours, 52 minutes, 8 seconds
[INFO 10:25:34] my_main Recent Stats | t_env:    1063841 | Episode:    22465
battle_won_mean:           0.0000	central_loss:              0.0171	dead_allies_mean:          9.3562	dead_enemies_mean:         3.6934
ep_length_mean:           53.0503	epsilon:                   0.0500	grad_norm:                 0.6732	loss:                      0.0265
qmix_loss:                 0.0093	return_mean:               7.2978	return_std:                1.2288	test_battle_won_mean:      0.0000
test_dead_allies_mean:     9.3063	test_dead_enemies_mean:    4.3187	test_ep_length_mean:      59.8750	test_return_mean:          7.9004
test_return_std:           1.3191	w_to_use:                  0.6981	
[INFO 10:27:16] my_main t_env: 1073844 / 2050000
[INFO 10:27:16] my_main Estimated time left: 2 hours, 59 minutes, 40 seconds. Time passed: 2 hours, 53 minutes, 58 seconds
[INFO 10:27:25] my_main Recent Stats | t_env:    1073844 | Episode:    22676
battle_won_mean:           0.0000	central_loss:              0.0136	dead_allies_mean:          9.3425	dead_enemies_mean:         3.7860
ep_length_mean:           51.3374	epsilon:                   0.0500	grad_norm:                 0.4450	loss:                      0.0231
qmix_loss:                 0.0095	return_mean:               7.3465	return_std:                1.2143	test_battle_won_mean:      0.0000
test_dead_allies_mean:     9.3187	test_dead_enemies_mean:    4.2438	test_ep_length_mean:      59.1187	test_return_mean:          7.8138
test_return_std:           1.2351	w_to_use:                  0.6901	
[INFO 10:29:07] my_main t_env: 1083844 / 2050000
[INFO 10:29:07] my_main Estimated time left: 2 hours, 58 minutes, 46 seconds. Time passed: 2 hours, 55 minutes, 49 seconds
[INFO 10:29:15] my_main Recent Stats | t_env:    1083844 | Episode:    22886
battle_won_mean:           0.0000	central_loss:              0.0136	dead_allies_mean:          9.3513	dead_enemies_mean:         3.7982
ep_length_mean:           50.6377	epsilon:                   0.0500	grad_norm:                 0.4436	loss:                      0.0230
qmix_loss:                 0.0094	return_mean:               7.3067	return_std:                1.2234	test_battle_won_mean:      0.0000
test_dead_allies_mean:     9.3187	test_dead_enemies_mean:    4.3187	test_ep_length_mean:      59.5625	test_return_mean:          7.8684
test_return_std:           1.2418	w_to_use:                  0.6639	
RequestQuit command received.
Closing Application...
DataHandler: unable to parse websocket frame.
CloseHandler: 127.0.0.1:50164 disconnected
[INFO 10:29:18] absl Shutdown gracefully.
[INFO 10:29:18] absl Shutdown with return code: -15
[INFO 10:29:18] absl Launching SC2: /labmount/users/202535331/MARL/pymarl-monotone-qmix/3rdparty/StarCraftII/Versions/Base75689/SC2_x64 -listen 127.0.0.1 -port 46717 -dataDir /labmount/users/202535331/MARL/pymarl-monotone-qmix/3rdparty/StarCraftII/ -tempDir /tmp/sc-_8p2z0qy/
[INFO 10:29:18] absl Connecting to: ws://127.0.0.1:46717/sc2api, attempt: 0, running: True
Version: B75689 (SC2.4.10)
Build: Aug 12 2019 17:16:57
Command Line: '"/labmount/users/202535331/MARL/pymarl-monotone-qmix/3rdparty/StarCraftII/Versions/Base75689/SC2_x64" -listen 127.0.0.1 -port 46717 -dataDir /labmount/users/202535331/MARL/pymarl-monotone-qmix/3rdparty/StarCraftII/ -tempDir /tmp/sc-_8p2z0qy/'
Starting up...
Startup Phase 1 complete
[INFO 10:29:19] absl Connecting to: ws://127.0.0.1:46717/sc2api, attempt: 1, running: True
Startup Phase 2 complete
Creating stub renderer...
Listening on: 127.0.0.1:46717
Startup Phase 3 complete. Ready for commands.
[INFO 10:29:20] absl Connecting to: ws://127.0.0.1:46717/sc2api, attempt: 2, running: True
ConnectHandler: Request from 127.0.0.1:42630 accepted
ReadyHandler: 127.0.0.1:42630 ready
Requesting to join a single player game
Configuring interface options
Configure: raw interface enabled
Configure: feature layer interface disabled
Configure: score interface disabled
Configure: render interface disabled
Launching next game.
Next launch phase started: 2
Next launch phase started: 3
Next launch phase started: 4
Next launch phase started: 5
Next launch phase started: 6
Next launch phase started: 7
Next launch phase started: 8
Game has started.
Using default stable ids, none found at: /labmount/users/202535331/MARL/pymarl-monotone-qmix/3rdparty/StarCraftII/stableid.json
Successfully loaded stable ids: GameData\stableid.json
Sending ResponseJoinGame
[INFO 10:30:49] my_main t_env: 1093885 / 2050000
[INFO 10:30:49] my_main Estimated time left: 2 hours, 41 minutes, 31 seconds. Time passed: 2 hours, 57 minutes, 31 seconds
[INFO 10:30:59] my_main Recent Stats | t_env:    1093885 | Episode:    23054
battle_won_mean:           0.0000	central_loss:              0.0151	dead_allies_mean:          9.3359	dead_enemies_mean:         3.7743
ep_length_mean:           52.4299	epsilon:                   0.0500	grad_norm:                 0.5448	loss:                      0.0252
qmix_loss:                 0.0100	return_mean:               7.2760	return_std:                1.2583	test_battle_won_mean:      0.0000
test_dead_allies_mean:     9.3063	test_dead_enemies_mean:    4.4313	test_ep_length_mean:      64.0062	test_return_mean:          7.9767
test_return_std:           1.2658	w_to_use:                  0.6770	
[INFO 10:32:26] my_main t_env: 1104014 / 2050000
[INFO 10:32:26] my_main Estimated time left: 2 hours, 31 minutes, 49 seconds. Time passed: 2 hours, 59 minutes, 9 seconds
[INFO 10:32:34] my_main Recent Stats | t_env:    1104014 | Episode:    23218
battle_won_mean:           0.0000	central_loss:              0.0163	dead_allies_mean:          9.3330	dead_enemies_mean:         3.7679
ep_length_mean:           54.3025	epsilon:                   0.0500	grad_norm:                 0.5232	loss:                      0.0266
qmix_loss:                 0.0103	return_mean:               7.2718	return_std:                1.2628	test_battle_won_mean:      0.0000
test_dead_allies_mean:     9.2875	test_dead_enemies_mean:    4.5062	test_ep_length_mean:      63.2437	test_return_mean:          7.9866
test_return_std:           1.2979	w_to_use:                  0.6863	
[INFO 10:34:04] my_main t_env: 1114039 / 2050000
[INFO 10:34:04] my_main Estimated time left: 2 hours, 32 minutes, 2 seconds. Time passed: 3 hours, 46 seconds
[INFO 10:34:14] my_main Recent Stats | t_env:    1114039 | Episode:    23393
battle_won_mean:           0.0000	central_loss:              0.0173	dead_allies_mean:          9.3291	dead_enemies_mean:         3.7971
ep_length_mean:           54.7685	epsilon:                   0.0500	grad_norm:                 0.5350	loss:                      0.0281
qmix_loss:                 0.0108	return_mean:               7.3241	return_std:                1.2516	test_battle_won_mean:      0.0000
test_dead_allies_mean:     9.2812	test_dead_enemies_mean:    4.4938	test_ep_length_mean:      65.8500	test_return_mean:          8.0335
test_return_std:           1.3327	w_to_use:                  0.6882	
[INFO 10:35:45] my_main t_env: 1124128 / 2050000
[INFO 10:35:45] my_main Estimated time left: 2 hours, 33 minutes, 56 seconds. Time passed: 3 hours, 2 minutes, 27 seconds
[INFO 10:35:54] my_main Recent Stats | t_env:    1124128 | Episode:    23573
battle_won_mean:           0.0000	central_loss:              0.0158	dead_allies_mean:          9.3312	dead_enemies_mean:         3.7550
ep_length_mean:           56.4970	epsilon:                   0.0500	grad_norm:                 0.4120	loss:                      0.0261
qmix_loss:                 0.0103	return_mean:               7.3192	return_std:                1.2534	test_battle_won_mean:      0.0000
test_dead_allies_mean:     9.2500	test_dead_enemies_mean:    4.6375	test_ep_length_mean:      68.2125	test_return_mean:          8.1553
test_return_std:           1.4309	w_to_use:                  0.6798	
[INFO 10:37:27] my_main t_env: 1134141 / 2050000
[INFO 10:37:27] my_main Estimated time left: 2 hours, 35 minutes, 52 seconds. Time passed: 3 hours, 4 minutes, 9 seconds
[INFO 10:37:35] my_main Recent Stats | t_env:    1134141 | Episode:    23758
battle_won_mean:           0.0000	central_loss:              0.0195	dead_allies_mean:          9.3408	dead_enemies_mean:         3.8158
ep_length_mean:           57.7980	epsilon:                   0.0500	grad_norm:                 0.6788	loss:                      0.0312
qmix_loss:                 0.0117	return_mean:               7.3883	return_std:                1.2382	test_battle_won_mean:      0.0000
test_dead_allies_mean:     9.2500	test_dead_enemies_mean:    4.6375	test_ep_length_mean:      68.6875	test_return_mean:          8.2161
test_return_std:           1.4021	w_to_use:                  0.6895	
RequestQuit command received.
Closing Application...
DataHandler: unable to parse websocket frame.
CloseHandler: 127.0.0.1:42630 disconnected
[INFO 10:38:14] absl Shutdown gracefully.
[INFO 10:38:14] absl Shutdown with return code: -15
[INFO 10:38:14] absl Launching SC2: /labmount/users/202535331/MARL/pymarl-monotone-qmix/3rdparty/StarCraftII/Versions/Base75689/SC2_x64 -listen 127.0.0.1 -port 38171 -dataDir /labmount/users/202535331/MARL/pymarl-monotone-qmix/3rdparty/StarCraftII/ -tempDir /tmp/sc-ijnbbi7z/
[INFO 10:38:15] absl Connecting to: ws://127.0.0.1:38171/sc2api, attempt: 0, running: True
Version: B75689 (SC2.4.10)
Build: Aug 12 2019 17:16:57
Command Line: '"/labmount/users/202535331/MARL/pymarl-monotone-qmix/3rdparty/StarCraftII/Versions/Base75689/SC2_x64" -listen 127.0.0.1 -port 38171 -dataDir /labmount/users/202535331/MARL/pymarl-monotone-qmix/3rdparty/StarCraftII/ -tempDir /tmp/sc-ijnbbi7z/'
Starting up...
Startup Phase 1 complete
[INFO 10:38:16] absl Connecting to: ws://127.0.0.1:38171/sc2api, attempt: 1, running: True
Startup Phase 2 complete
Creating stub renderer...
Listening on: 127.0.0.1:38171
Startup Phase 3 complete. Ready for commands.
[INFO 10:38:17] absl Connecting to: ws://127.0.0.1:38171/sc2api, attempt: 2, running: True
ConnectHandler: Request from 127.0.0.1:44186 accepted
ReadyHandler: 127.0.0.1:44186 ready
Requesting to join a single player game
Configuring interface options
Configure: raw interface enabled
Configure: feature layer interface disabled
Configure: score interface disabled
Configure: render interface disabled
Launching next game.
Next launch phase started: 2
Next launch phase started: 3
Next launch phase started: 4
Next launch phase started: 5
Next launch phase started: 6
Next launch phase started: 7
Next launch phase started: 8
Game has started.
Using default stable ids, none found at: /labmount/users/202535331/MARL/pymarl-monotone-qmix/3rdparty/StarCraftII/stableid.json
Successfully loaded stable ids: GameData\stableid.json
Sending ResponseJoinGame
[INFO 10:39:18] my_main t_env: 1144168 / 2050000
[INFO 10:39:18] my_main Estimated time left: 2 hours, 47 minutes, 5 seconds. Time passed: 3 hours, 6 minutes, 0 seconds
[INFO 10:39:27] my_main Recent Stats | t_env:    1144168 | Episode:    23950
battle_won_mean:           0.0000	central_loss:              0.0201	dead_allies_mean:          9.3426	dead_enemies_mean:         3.8488
ep_length_mean:           56.2892	epsilon:                   0.0500	grad_norm:                 0.7652	loss:                      0.0348
qmix_loss:                 0.0147	return_mean:               7.4529	return_std:                1.2660	test_battle_won_mean:      0.0000
test_dead_allies_mean:     9.2312	test_dead_enemies_mean:    4.5812	test_ep_length_mean:      66.0000	test_return_mean:          8.2121
test_return_std:           1.4274	w_to_use:                  0.6625	
[INFO 10:41:03] my_main t_env: 1154181 / 2050000
[INFO 10:41:03] my_main Estimated time left: 2 hours, 37 minutes, 2 seconds. Time passed: 3 hours, 7 minutes, 46 seconds
[INFO 10:41:14] my_main Recent Stats | t_env:    1154181 | Episode:    24142
battle_won_mean:           0.0000	central_loss:              0.0197	dead_allies_mean:          9.3364	dead_enemies_mean:         3.8571
ep_length_mean:           54.3670	epsilon:                   0.0500	grad_norm:                 0.7269	loss:                      0.0342
qmix_loss:                 0.0145	return_mean:               7.4679	return_std:                1.2584	test_battle_won_mean:      0.0000
test_dead_allies_mean:     9.1937	test_dead_enemies_mean:    4.5938	test_ep_length_mean:      72.0250	test_return_mean:          8.3882
test_return_std:           1.4801	w_to_use:                  0.6481	
[INFO 10:42:49] my_main t_env: 1164216 / 2050000
[INFO 10:42:49] my_main Estimated time left: 2 hours, 34 minutes, 50 seconds. Time passed: 3 hours, 9 minutes, 31 seconds
[INFO 10:43:00] my_main Recent Stats | t_env:    1164216 | Episode:    24333
battle_won_mean:           0.0000	central_loss:              0.0204	dead_allies_mean:          9.3231	dead_enemies_mean:         3.8329
ep_length_mean:           53.4177	epsilon:                   0.0500	grad_norm:                 0.7817	loss:                      0.0349
qmix_loss:                 0.0146	return_mean:               7.3975	return_std:                1.2849	test_battle_won_mean:      0.0000
test_dead_allies_mean:     9.1687	test_dead_enemies_mean:    4.6188	test_ep_length_mean:      76.5750	test_return_mean:          8.4470
test_return_std:           1.5364	w_to_use:                  0.6681	
[INFO 10:44:31] my_main t_env: 1174246 / 2050000
[INFO 10:44:31] my_main Estimated time left: 2 hours, 29 minutes, 1 seconds. Time passed: 3 hours, 11 minutes, 13 seconds
[INFO 10:44:40] my_main Recent Stats | t_env:    1174246 | Episode:    24509
battle_won_mean:           0.0000	central_loss:              0.0207	dead_allies_mean:          9.3179	dead_enemies_mean:         3.8364
ep_length_mean:           53.6054	epsilon:                   0.0500	grad_norm:                 0.7828	loss:                      0.0351
qmix_loss:                 0.0144	return_mean:               7.3856	return_std:                1.3000	test_battle_won_mean:      0.0000
test_dead_allies_mean:     9.1875	test_dead_enemies_mean:    4.5687	test_ep_length_mean:      74.5250	test_return_mean:          8.4260
test_return_std:           1.5841	w_to_use:                  0.6753	
[INFO 10:46:13] my_main t_env: 1184303 / 2050000
[INFO 10:46:13] my_main Estimated time left: 2 hours, 25 minutes, 50 seconds. Time passed: 3 hours, 12 minutes, 55 seconds
[INFO 10:46:22] my_main Recent Stats | t_env:    1184303 | Episode:    24692
battle_won_mean:           0.0000	central_loss:              0.0180	dead_allies_mean:          9.3209	dead_enemies_mean:         3.7554
ep_length_mean:           53.7718	epsilon:                   0.0500	grad_norm:                 0.6170	loss:                      0.0312
qmix_loss:                 0.0132	return_mean:               7.3306	return_std:                1.3087	test_battle_won_mean:      0.0000
test_dead_allies_mean:     9.1625	test_dead_enemies_mean:    4.5750	test_ep_length_mean:      77.2562	test_return_mean:          8.4672
test_return_std:           1.6427	w_to_use:                  0.6714	
RequestQuit command received.
Closing Application...
DataHandler: unable to parse websocket frame.
CloseHandler: 127.0.0.1:44186 disconnected
[INFO 10:47:23] absl Shutdown gracefully.
[INFO 10:47:23] absl Shutdown with return code: -15
[INFO 10:47:23] absl Launching SC2: /labmount/users/202535331/MARL/pymarl-monotone-qmix/3rdparty/StarCraftII/Versions/Base75689/SC2_x64 -listen 127.0.0.1 -port 35763 -dataDir /labmount/users/202535331/MARL/pymarl-monotone-qmix/3rdparty/StarCraftII/ -tempDir /tmp/sc-yozqi57e/
[INFO 10:47:23] absl Connecting to: ws://127.0.0.1:35763/sc2api, attempt: 0, running: True
Version: B75689 (SC2.4.10)
Build: Aug 12 2019 17:16:57
Command Line: '"/labmount/users/202535331/MARL/pymarl-monotone-qmix/3rdparty/StarCraftII/Versions/Base75689/SC2_x64" -listen 127.0.0.1 -port 35763 -dataDir /labmount/users/202535331/MARL/pymarl-monotone-qmix/3rdparty/StarCraftII/ -tempDir /tmp/sc-yozqi57e/'
Starting up...
Startup Phase 1 complete
[INFO 10:47:24] absl Connecting to: ws://127.0.0.1:35763/sc2api, attempt: 1, running: True
Startup Phase 2 complete
Creating stub renderer...
Listening on: 127.0.0.1:35763
Startup Phase 3 complete. Ready for commands.
[INFO 10:47:25] absl Connecting to: ws://127.0.0.1:35763/sc2api, attempt: 2, running: True
ConnectHandler: Request from 127.0.0.1:46618 accepted
ReadyHandler: 127.0.0.1:46618 ready
Requesting to join a single player game
Configuring interface options
Configure: raw interface enabled
Configure: feature layer interface disabled
Configure: score interface disabled
Configure: render interface disabled
Launching next game.
Next launch phase started: 2
Next launch phase started: 3
Next launch phase started: 4
Next launch phase started: 5
Next launch phase started: 6
Next launch phase started: 7
Next launch phase started: 8
Game has started.
Using default stable ids, none found at: /labmount/users/202535331/MARL/pymarl-monotone-qmix/3rdparty/StarCraftII/stableid.json
Successfully loaded stable ids: GameData\stableid.json
Sending ResponseJoinGame
[INFO 10:47:55] my_main t_env: 1194320 / 2050000
[INFO 10:47:55] my_main Estimated time left: 2 hours, 26 minutes, 7 seconds. Time passed: 3 hours, 14 minutes, 37 seconds
[INFO 10:48:05] my_main Recent Stats | t_env:    1194320 | Episode:    24860
battle_won_mean:           0.0000	central_loss:              0.0168	dead_allies_mean:          9.3084	dead_enemies_mean:         3.7664
ep_length_mean:           55.2520	epsilon:                   0.0500	grad_norm:                 0.5250	loss:                      0.0277
qmix_loss:                 0.0108	return_mean:               7.3432	return_std:                1.2779	test_battle_won_mean:      0.0000
test_dead_allies_mean:     9.1188	test_dead_enemies_mean:    4.7938	test_ep_length_mean:      76.9750	test_return_mean:          8.5591
test_return_std:           1.6085	w_to_use:                  0.6895	
[INFO 10:49:35] my_main t_env: 1204321 / 2050000
[INFO 10:49:35] my_main Estimated time left: 2 hours, 20 minutes, 5 seconds. Time passed: 3 hours, 16 minutes, 17 seconds
[INFO 10:49:43] my_main Recent Stats | t_env:    1204321 | Episode:    25020
battle_won_mean:           0.0000	central_loss:              0.0160	dead_allies_mean:          9.3048	dead_enemies_mean:         3.7920
ep_length_mean:           57.3231	epsilon:                   0.0500	grad_norm:                 0.5246	loss:                      0.0264
qmix_loss:                 0.0104	return_mean:               7.3659	return_std:                1.2948	test_battle_won_mean:      0.0000
test_dead_allies_mean:     9.1500	test_dead_enemies_mean:    4.8875	test_ep_length_mean:      72.4125	test_return_mean:          8.5157
test_return_std:           1.5228	w_to_use:                  0.7035	
[INFO 10:51:17] my_main t_env: 1214492 / 2050000
[INFO 10:51:17] my_main Estimated time left: 2 hours, 19 minutes, 32 seconds. Time passed: 3 hours, 17 minutes, 59 seconds
[INFO 10:51:26] my_main Recent Stats | t_env:    1214492 | Episode:    25186
battle_won_mean:           0.0000	central_loss:              0.0179	dead_allies_mean:          9.3113	dead_enemies_mean:         3.7927
ep_length_mean:           59.0695	epsilon:                   0.0500	grad_norm:                 0.7269	loss:                      0.0289
qmix_loss:                 0.0110	return_mean:               7.4396	return_std:                1.3050	test_battle_won_mean:      0.0000
test_dead_allies_mean:     9.2000	test_dead_enemies_mean:    4.8688	test_ep_length_mean:      66.8812	test_return_mean:          8.4388
test_return_std:           1.4735	w_to_use:                  0.7062	
[INFO 10:52:54] my_main t_env: 1224502 / 2050000
[INFO 10:52:54] my_main Estimated time left: 2 hours, 13 minutes, 26 seconds. Time passed: 3 hours, 19 minutes, 36 seconds
[INFO 10:53:03] my_main Recent Stats | t_env:    1224502 | Episode:    25342
battle_won_mean:           0.0000	central_loss:              0.0229	dead_allies_mean:          9.3006	dead_enemies_mean:         3.8037
ep_length_mean:           60.5051	epsilon:                   0.0500	grad_norm:                 1.0534	loss:                      0.0361
qmix_loss:                 0.0132	return_mean:               7.4794	return_std:                1.2831	test_battle_won_mean:      0.0000
test_dead_allies_mean:     9.1750	test_dead_enemies_mean:    4.9625	test_ep_length_mean:      67.5438	test_return_mean:          8.4988
test_return_std:           1.3773	w_to_use:                  0.6947	
[INFO 10:54:25] my_main t_env: 1234511 / 2050000
[INFO 10:54:25] my_main Estimated time left: 2 hours, 3 minutes, 35 seconds. Time passed: 3 hours, 21 minutes, 7 seconds
[INFO 10:54:35] my_main Recent Stats | t_env:    1234511 | Episode:    25480
battle_won_mean:           0.0000	central_loss:              0.0253	dead_allies_mean:          9.2759	dead_enemies_mean:         3.8843
ep_length_mean:           64.0196	epsilon:                   0.0500	grad_norm:                 1.2069	loss:                      0.0394
qmix_loss:                 0.0140	return_mean:               7.6389	return_std:                1.3000	test_battle_won_mean:      0.0000
test_dead_allies_mean:     9.1312	test_dead_enemies_mean:    5.1000	test_ep_length_mean:      68.4062	test_return_mean:          8.5817
test_return_std:           1.3573	w_to_use:                  0.6986	
[INFO 10:56:04] my_main t_env: 1244578 / 2050000
[INFO 10:56:04] my_main Estimated time left: 2 hours, 12 minutes, 12 seconds. Time passed: 3 hours, 22 minutes, 46 seconds
RequestQuit command received.
Closing Application...
DataHandler: unable to parse websocket frame.
CloseHandler: 127.0.0.1:46618 disconnected
[INFO 10:56:08] absl Shutdown gracefully.
[INFO 10:56:08] absl Shutdown with return code: -15
[INFO 10:56:08] absl Launching SC2: /labmount/users/202535331/MARL/pymarl-monotone-qmix/3rdparty/StarCraftII/Versions/Base75689/SC2_x64 -listen 127.0.0.1 -port 34349 -dataDir /labmount/users/202535331/MARL/pymarl-monotone-qmix/3rdparty/StarCraftII/ -tempDir /tmp/sc-sgoi4or3/
[INFO 10:56:09] absl Connecting to: ws://127.0.0.1:34349/sc2api, attempt: 0, running: True
Version: B75689 (SC2.4.10)
Build: Aug 12 2019 17:16:57
Command Line: '"/labmount/users/202535331/MARL/pymarl-monotone-qmix/3rdparty/StarCraftII/Versions/Base75689/SC2_x64" -listen 127.0.0.1 -port 34349 -dataDir /labmount/users/202535331/MARL/pymarl-monotone-qmix/3rdparty/StarCraftII/ -tempDir /tmp/sc-sgoi4or3/'
Starting up...
Startup Phase 1 complete
[INFO 10:56:10] absl Connecting to: ws://127.0.0.1:34349/sc2api, attempt: 1, running: True
Startup Phase 2 complete
Creating stub renderer...
Listening on: 127.0.0.1:34349
Startup Phase 3 complete. Ready for commands.
[INFO 10:56:11] absl Connecting to: ws://127.0.0.1:34349/sc2api, attempt: 2, running: True
ConnectHandler: Request from 127.0.0.1:38490 accepted
ReadyHandler: 127.0.0.1:38490 ready
Requesting to join a single player game
Configuring interface options
Configure: raw interface enabled
Configure: feature layer interface disabled
Configure: score interface disabled
Configure: render interface disabled
Launching next game.
Next launch phase started: 2
Next launch phase started: 3
Next launch phase started: 4
Next launch phase started: 5
Next launch phase started: 6
Next launch phase started: 7
Next launch phase started: 8
Game has started.
Using default stable ids, none found at: /labmount/users/202535331/MARL/pymarl-monotone-qmix/3rdparty/StarCraftII/stableid.json
Successfully loaded stable ids: GameData\stableid.json
Sending ResponseJoinGame
[INFO 10:56:20] my_main Recent Stats | t_env:    1244578 | Episode:    25640
battle_won_mean:           0.0000	central_loss:              0.0265	dead_allies_mean:          9.2709	dead_enemies_mean:         3.9453
ep_length_mean:           64.6783	epsilon:                   0.0500	grad_norm:                 1.1674	loss:                      0.0401
qmix_loss:                 0.0137	return_mean:               7.6583	return_std:                1.3261	test_battle_won_mean:      0.0000
test_dead_allies_mean:     9.1250	test_dead_enemies_mean:    4.8375	test_ep_length_mean:      71.0625	test_return_mean:          8.5127
test_return_std:           1.3535	w_to_use:                  0.6940	
[INFO 10:57:50] my_main t_env: 1254683 / 2050000
[INFO 10:57:50] my_main Estimated time left: 2 hours, 19 minutes, 40 seconds. Time passed: 3 hours, 24 minutes, 33 seconds
[INFO 10:58:00] my_main Recent Stats | t_env:    1254683 | Episode:    25803
battle_won_mean:           0.0000	central_loss:              0.0277	dead_allies_mean:          9.2773	dead_enemies_mean:         3.9332
ep_length_mean:           64.5759	epsilon:                   0.0500	grad_norm:                 1.1674	loss:                      0.0423
qmix_loss:                 0.0146	return_mean:               7.6422	return_std:                1.3110	test_battle_won_mean:      0.0000
test_dead_allies_mean:     9.1312	test_dead_enemies_mean:    4.6625	test_ep_length_mean:      73.7812	test_return_mean:          8.4120
test_return_std:           1.3607	w_to_use:                  0.6866	
[INFO 10:59:29] my_main t_env: 1264696 / 2050000
[INFO 10:59:29] my_main Estimated time left: 2 hours, 8 minutes, 33 seconds. Time passed: 3 hours, 26 minutes, 11 seconds
[INFO 10:59:39] my_main Recent Stats | t_env:    1264696 | Episode:    25960
battle_won_mean:           0.0000	central_loss:              0.0253	dead_allies_mean:          9.2454	dead_enemies_mean:         3.9949
ep_length_mean:           65.0771	epsilon:                   0.0500	grad_norm:                 0.9126	loss:                      0.0396
qmix_loss:                 0.0143	return_mean:               7.6340	return_std:                1.3208	test_battle_won_mean:      0.0000
test_dead_allies_mean:     9.0875	test_dead_enemies_mean:    4.6875	test_ep_length_mean:      75.6188	test_return_mean:          8.4663
test_return_std:           1.3368	w_to_use:                  0.6742	
[INFO 11:01:13] my_main t_env: 1274719 / 2050000
[INFO 11:01:13] my_main Estimated time left: 2 hours, 13 minutes, 57 seconds. Time passed: 3 hours, 27 minutes, 55 seconds
[INFO 11:01:23] my_main Recent Stats | t_env:    1274719 | Episode:    26133
battle_won_mean:           0.0000	central_loss:              0.0209	dead_allies_mean:          9.2237	dead_enemies_mean:         4.0375
ep_length_mean:           63.8310	epsilon:                   0.0500	grad_norm:                 0.6315	loss:                      0.0337
qmix_loss:                 0.0128	return_mean:               7.6483	return_std:                1.3554	test_battle_won_mean:      0.0000
test_dead_allies_mean:     9.0813	test_dead_enemies_mean:    4.5250	test_ep_length_mean:      78.3500	test_return_mean:          8.4250
test_return_std:           1.4157	w_to_use:                  0.6733	
[INFO 11:03:03] my_main t_env: 1284800 / 2050000
[INFO 11:03:03] my_main Estimated time left: 2 hours, 19 minutes, 12 seconds. Time passed: 3 hours, 29 minutes, 45 seconds
[INFO 11:03:14] my_main Recent Stats | t_env:    1284800 | Episode:    26320
battle_won_mean:           0.0000	central_loss:              0.0206	dead_allies_mean:          9.2050	dead_enemies_mean:         4.0669
ep_length_mean:           60.1070	epsilon:                   0.0500	grad_norm:                 0.3563	loss:                      0.0343
qmix_loss:                 0.0137	return_mean:               7.5752	return_std:                1.3437	test_battle_won_mean:      0.0000
test_dead_allies_mean:     9.0875	test_dead_enemies_mean:    4.4062	test_ep_length_mean:      80.7750	test_return_mean:          8.3245
test_return_std:           1.4438	w_to_use:                  0.6640	
[INFO 11:04:47] my_main t_env: 1294810 / 2050000
[INFO 11:04:47] my_main Estimated time left: 2 hours, 10 minutes, 55 seconds. Time passed: 3 hours, 31 minutes, 29 seconds
[INFO 11:04:57] my_main Recent Stats | t_env:    1294810 | Episode:    26490
battle_won_mean:           0.0000	central_loss:              0.0199	dead_allies_mean:          9.1977	dead_enemies_mean:         4.0532
ep_length_mean:           59.2998	epsilon:                   0.0500	grad_norm:                 0.3188	loss:                      0.0340
qmix_loss:                 0.0140	return_mean:               7.5434	return_std:                1.3298	test_battle_won_mean:      0.0000
test_dead_allies_mean:     9.0938	test_dead_enemies_mean:    4.6437	test_ep_length_mean:      80.2375	test_return_mean:          8.4253
test_return_std:           1.4706	w_to_use:                  0.6652	
RequestQuit command received.
Closing Application...
DataHandler: unable to parse websocket frame.
CloseHandler: 127.0.0.1:38490 disconnected
[INFO 11:05:03] absl Shutdown gracefully.
[INFO 11:05:03] absl Shutdown with return code: -15
[INFO 11:05:03] absl Launching SC2: /labmount/users/202535331/MARL/pymarl-monotone-qmix/3rdparty/StarCraftII/Versions/Base75689/SC2_x64 -listen 127.0.0.1 -port 44303 -dataDir /labmount/users/202535331/MARL/pymarl-monotone-qmix/3rdparty/StarCraftII/ -tempDir /tmp/sc-femsrbjb/
[INFO 11:05:04] absl Connecting to: ws://127.0.0.1:44303/sc2api, attempt: 0, running: True
Version: B75689 (SC2.4.10)
Build: Aug 12 2019 17:16:57
Command Line: '"/labmount/users/202535331/MARL/pymarl-monotone-qmix/3rdparty/StarCraftII/Versions/Base75689/SC2_x64" -listen 127.0.0.1 -port 44303 -dataDir /labmount/users/202535331/MARL/pymarl-monotone-qmix/3rdparty/StarCraftII/ -tempDir /tmp/sc-femsrbjb/'
Starting up...
Startup Phase 1 complete
[INFO 11:05:05] absl Connecting to: ws://127.0.0.1:44303/sc2api, attempt: 1, running: True
Startup Phase 2 complete
Creating stub renderer...
Listening on: 127.0.0.1:44303
Startup Phase 3 complete. Ready for commands.
[INFO 11:05:06] absl Connecting to: ws://127.0.0.1:44303/sc2api, attempt: 2, running: True
ConnectHandler: Request from 127.0.0.1:56334 accepted
ReadyHandler: 127.0.0.1:56334 ready
Requesting to join a single player game
Configuring interface options
Configure: raw interface enabled
Configure: feature layer interface disabled
Configure: score interface disabled
Configure: render interface disabled
Launching next game.
Next launch phase started: 2
Next launch phase started: 3
Next launch phase started: 4
Next launch phase started: 5
Next launch phase started: 6
Next launch phase started: 7
Next launch phase started: 8
Game has started.
Using default stable ids, none found at: /labmount/users/202535331/MARL/pymarl-monotone-qmix/3rdparty/StarCraftII/stableid.json
Successfully loaded stable ids: GameData\stableid.json
Sending ResponseJoinGame
[INFO 11:06:42] my_main t_env: 1304830 / 2050000
[INFO 11:06:42] my_main Estimated time left: 2 hours, 23 minutes, 1 seconds. Time passed: 3 hours, 33 minutes, 24 seconds
[INFO 11:06:50] my_main Recent Stats | t_env:    1304830 | Episode:    26677
battle_won_mean:           0.0000	central_loss:              0.0204	dead_allies_mean:          9.1675	dead_enemies_mean:         4.0602
ep_length_mean:           57.6176	epsilon:                   0.0500	grad_norm:                 0.4479	loss:                      0.0353
qmix_loss:                 0.0150	return_mean:               7.5718	return_std:                1.3503	test_battle_won_mean:      0.0000
test_dead_allies_mean:     9.0875	test_dead_enemies_mean:    4.7188	test_ep_length_mean:      76.7687	test_return_mean:          8.4832
test_return_std:           1.4905	w_to_use:                  0.6707	
[INFO 11:08:16] my_main t_env: 1314981 / 2050000
[INFO 11:08:16] my_main Estimated time left: 1 hours, 53 minutes, 0 seconds. Time passed: 3 hours, 34 minutes, 58 seconds
[INFO 11:08:26] my_main Recent Stats | t_env:    1314981 | Episode:    26830
battle_won_mean:           0.0000	central_loss:              0.0217	dead_allies_mean:          9.1697	dead_enemies_mean:         4.0060
ep_length_mean:           58.1314	epsilon:                   0.0500	grad_norm:                 0.6507	loss:                      0.0372
qmix_loss:                 0.0155	return_mean:               7.5868	return_std:                1.3379	test_battle_won_mean:      0.0000
test_dead_allies_mean:     9.0687	test_dead_enemies_mean:    4.8063	test_ep_length_mean:      76.7938	test_return_mean:          8.5316
test_return_std:           1.5095	w_to_use:                  0.6801	
[INFO 11:09:54] my_main t_env: 1325036 / 2050000
[INFO 11:09:54] my_main Estimated time left: 1 hours, 58 minutes, 18 seconds. Time passed: 3 hours, 36 minutes, 36 seconds
[INFO 11:10:03] my_main Recent Stats | t_env:    1325036 | Episode:    26998
battle_won_mean:           0.0000	central_loss:              0.0238	dead_allies_mean:          9.1671	dead_enemies_mean:         4.0420
ep_length_mean:           58.5144	epsilon:                   0.0500	grad_norm:                 0.8572	loss:                      0.0402
qmix_loss:                 0.0164	return_mean:               7.6330	return_std:                1.3461	test_battle_won_mean:      0.0000
test_dead_allies_mean:     9.0813	test_dead_enemies_mean:    4.9313	test_ep_length_mean:      73.1875	test_return_mean:          8.5622
test_return_std:           1.4139	w_to_use:                  0.6785	
[INFO 11:11:25] my_main t_env: 1335199 / 2050000
[INFO 11:11:25] my_main Estimated time left: 1 hours, 46 minutes, 21 seconds. Time passed: 3 hours, 38 minutes, 7 seconds
[INFO 11:11:35] my_main Recent Stats | t_env:    1335199 | Episode:    27147
battle_won_mean:           0.0000	central_loss:              0.0233	dead_allies_mean:          9.1605	dead_enemies_mean:         4.0563
ep_length_mean:           61.3742	epsilon:                   0.0500	grad_norm:                 1.0794	loss:                      0.0404
qmix_loss:                 0.0171	return_mean:               7.6856	return_std:                1.3623	test_battle_won_mean:      0.0000
test_dead_allies_mean:     9.1000	test_dead_enemies_mean:    4.8812	test_ep_length_mean:      71.0125	test_return_mean:          8.4830
test_return_std:           1.3647	w_to_use:                  0.6895	
[INFO 11:12:49] my_main t_env: 1345211 / 2050000
[INFO 11:12:49] my_main Estimated time left: 1 hours, 38 minutes, 39 seconds. Time passed: 3 hours, 39 minutes, 31 seconds
[INFO 11:12:58] my_main Recent Stats | t_env:    1345211 | Episode:    27279
battle_won_mean:           0.0000	central_loss:              0.0242	dead_allies_mean:          9.1562	dead_enemies_mean:         3.9753
ep_length_mean:           64.7674	epsilon:                   0.0500	grad_norm:                 1.0230	loss:                      0.0418
qmix_loss:                 0.0175	return_mean:               7.6938	return_std:                1.3753	test_battle_won_mean:      0.0000
test_dead_allies_mean:     9.0938	test_dead_enemies_mean:    4.8312	test_ep_length_mean:      70.0750	test_return_mean:          8.4348
test_return_std:           1.3388	w_to_use:                  0.6766	
RequestQuit command received.
Closing Application...
DataHandler: unable to parse websocket frame.
CloseHandler: 127.0.0.1:56334 disconnected
ResponseThread: No connection, dropping the response.
[INFO 11:13:33] absl Shutdown gracefully.
[INFO 11:13:33] absl Shutdown with return code: -15
[INFO 11:13:33] absl Launching SC2: /labmount/users/202535331/MARL/pymarl-monotone-qmix/3rdparty/StarCraftII/Versions/Base75689/SC2_x64 -listen 127.0.0.1 -port 46247 -dataDir /labmount/users/202535331/MARL/pymarl-monotone-qmix/3rdparty/StarCraftII/ -tempDir /tmp/sc-l85decaf/
[INFO 11:13:33] absl Connecting to: ws://127.0.0.1:46247/sc2api, attempt: 0, running: True
Version: B75689 (SC2.4.10)
Build: Aug 12 2019 17:16:57
Command Line: '"/labmount/users/202535331/MARL/pymarl-monotone-qmix/3rdparty/StarCraftII/Versions/Base75689/SC2_x64" -listen 127.0.0.1 -port 46247 -dataDir /labmount/users/202535331/MARL/pymarl-monotone-qmix/3rdparty/StarCraftII/ -tempDir /tmp/sc-l85decaf/'
Starting up...
Startup Phase 1 complete
[INFO 11:13:34] absl Connecting to: ws://127.0.0.1:46247/sc2api, attempt: 1, running: True
Startup Phase 2 complete
Creating stub renderer...
Listening on: 127.0.0.1:46247
Startup Phase 3 complete. Ready for commands.
[INFO 11:13:35] absl Connecting to: ws://127.0.0.1:46247/sc2api, attempt: 2, running: True
ConnectHandler: Request from 127.0.0.1:33306 accepted
ReadyHandler: 127.0.0.1:33306 ready
Requesting to join a single player game
Configuring interface options
Configure: raw interface enabled
Configure: feature layer interface disabled
Configure: score interface disabled
Configure: render interface disabled
Launching next game.
Next launch phase started: 2
Next launch phase started: 3
Next launch phase started: 4
Next launch phase started: 5
Next launch phase started: 6
Next launch phase started: 7
Next launch phase started: 8
Game has started.
Using default stable ids, none found at: /labmount/users/202535331/MARL/pymarl-monotone-qmix/3rdparty/StarCraftII/stableid.json
Successfully loaded stable ids: GameData\stableid.json
Sending ResponseJoinGame
[INFO 11:14:23] my_main t_env: 1355262 / 2050000
[INFO 11:14:23] my_main Estimated time left: 1 hours, 48 minutes, 31 seconds. Time passed: 3 hours, 41 minutes, 5 seconds
[INFO 11:14:32] my_main Recent Stats | t_env:    1355262 | Episode:    27425
battle_won_mean:           0.0000	central_loss:              0.0235	dead_allies_mean:          9.1482	dead_enemies_mean:         3.9988
ep_length_mean:           67.8193	epsilon:                   0.0500	grad_norm:                 0.9253	loss:                      0.0400
qmix_loss:                 0.0165	return_mean:               7.7532	return_std:                1.3844	test_battle_won_mean:      0.0000
test_dead_allies_mean:     9.0563	test_dead_enemies_mean:    4.9688	test_ep_length_mean:      72.8063	test_return_mean:          8.5383
test_return_std:           1.3752	w_to_use:                  0.6808	
[INFO 11:15:50] my_main t_env: 1365321 / 2050000
[INFO 11:15:50] my_main Estimated time left: 1 hours, 38 minutes, 33 seconds. Time passed: 3 hours, 42 minutes, 32 seconds
[INFO 11:16:01] my_main Recent Stats | t_env:    1365321 | Episode:    27570
battle_won_mean:           0.0000	central_loss:              0.0212	dead_allies_mean:          9.1488	dead_enemies_mean:         4.0483
ep_length_mean:           68.4245	epsilon:                   0.0500	grad_norm:                 0.7181	loss:                      0.0365
qmix_loss:                 0.0153	return_mean:               7.8032	return_std:                1.3911	test_battle_won_mean:      0.0000
test_dead_allies_mean:     9.1188	test_dead_enemies_mean:    4.7812	test_ep_length_mean:      74.6937	test_return_mean:          8.4811
test_return_std:           1.4002	w_to_use:                  0.6725	
[INFO 11:17:18] my_main t_env: 1375452 / 2050000
[INFO 11:17:18] my_main Estimated time left: 1 hours, 37 minutes, 7 seconds. Time passed: 3 hours, 44 minutes, 0 seconds
[INFO 11:17:28] my_main Recent Stats | t_env:    1375452 | Episode:    27714
battle_won_mean:           0.0000	central_loss:              0.0183	dead_allies_mean:          9.1486	dead_enemies_mean:         3.9975
ep_length_mean:           70.5251	epsilon:                   0.0500	grad_norm:                 0.6155	loss:                      0.0334
qmix_loss:                 0.0151	return_mean:               7.7886	return_std:                1.3774	test_battle_won_mean:      0.0000
test_dead_allies_mean:     9.0813	test_dead_enemies_mean:    4.8563	test_ep_length_mean:      78.2250	test_return_mean:          8.5353
test_return_std:           1.4105	w_to_use:                  0.6759	
[INFO 11:18:44] my_main t_env: 1385467 / 2050000
[INFO 11:18:44] my_main Estimated time left: 1 hours, 35 minutes, 43 seconds. Time passed: 3 hours, 45 minutes, 26 seconds
[INFO 11:18:54] my_main Recent Stats | t_env:    1385467 | Episode:    27857
battle_won_mean:           0.0000	central_loss:              0.0162	dead_allies_mean:          9.1580	dead_enemies_mean:         3.9430
ep_length_mean:           70.8905	epsilon:                   0.0500	grad_norm:                 0.4723	loss:                      0.0290
qmix_loss:                 0.0127	return_mean:               7.7601	return_std:                1.3624	test_battle_won_mean:      0.0000
test_dead_allies_mean:     9.0813	test_dead_enemies_mean:    4.9188	test_ep_length_mean:      78.5125	test_return_mean:          8.6845
test_return_std:           1.5370	w_to_use:                  0.6938	
[INFO 11:20:19] my_main t_env: 1395508 / 2050000
[INFO 11:20:19] my_main Estimated time left: 1 hours, 42 minutes, 32 seconds. Time passed: 3 hours, 47 minutes, 1 seconds
[INFO 11:20:28] my_main Recent Stats | t_env:    1395508 | Episode:    28023
battle_won_mean:           0.0000	central_loss:              0.0163	dead_allies_mean:          9.1512	dead_enemies_mean:         4.0401
ep_length_mean:           67.8184	epsilon:                   0.0500	grad_norm:                 0.7101	loss:                      0.0304
qmix_loss:                 0.0141	return_mean:               7.8269	return_std:                1.3359	test_battle_won_mean:      0.0000
test_dead_allies_mean:     9.0938	test_dead_enemies_mean:    4.9750	test_ep_length_mean:      79.4375	test_return_mean:          8.6930
test_return_std:           1.4998	w_to_use:                  0.7129	
RequestQuit command received.
Closing Application...
DataHandler: unable to parse websocket frame.
CloseHandler: 127.0.0.1:33306 disconnected
[INFO 11:21:25] absl Shutdown gracefully.
[INFO 11:21:25] absl Shutdown with return code: -15
[INFO 11:21:25] absl Launching SC2: /labmount/users/202535331/MARL/pymarl-monotone-qmix/3rdparty/StarCraftII/Versions/Base75689/SC2_x64 -listen 127.0.0.1 -port 38403 -dataDir /labmount/users/202535331/MARL/pymarl-monotone-qmix/3rdparty/StarCraftII/ -tempDir /tmp/sc-72uj59xv/
[INFO 11:21:25] absl Connecting to: ws://127.0.0.1:38403/sc2api, attempt: 0, running: True
Version: B75689 (SC2.4.10)
Build: Aug 12 2019 17:16:57
Command Line: '"/labmount/users/202535331/MARL/pymarl-monotone-qmix/3rdparty/StarCraftII/Versions/Base75689/SC2_x64" -listen 127.0.0.1 -port 38403 -dataDir /labmount/users/202535331/MARL/pymarl-monotone-qmix/3rdparty/StarCraftII/ -tempDir /tmp/sc-72uj59xv/'
Starting up...
Startup Phase 1 complete
[INFO 11:21:26] absl Connecting to: ws://127.0.0.1:38403/sc2api, attempt: 1, running: True
Startup Phase 2 complete
Creating stub renderer...
Listening on: 127.0.0.1:38403
Startup Phase 3 complete. Ready for commands.
[INFO 11:21:27] absl Connecting to: ws://127.0.0.1:38403/sc2api, attempt: 2, running: True
ConnectHandler: Request from 127.0.0.1:34344 accepted
ReadyHandler: 127.0.0.1:34344 ready
Requesting to join a single player game
Configuring interface options
Configure: raw interface enabled
Configure: feature layer interface disabled
Configure: score interface disabled
Configure: render interface disabled
Launching next game.
Next launch phase started: 2
Next launch phase started: 3
Next launch phase started: 4
Next launch phase started: 5
Next launch phase started: 6
Next launch phase started: 7
Next launch phase started: 8
Game has started.
Using default stable ids, none found at: /labmount/users/202535331/MARL/pymarl-monotone-qmix/3rdparty/StarCraftII/stableid.json
Successfully loaded stable ids: GameData\stableid.json
Sending ResponseJoinGame
[INFO 11:21:59] my_main t_env: 1405653 / 2050000
[INFO 11:21:59] my_main Estimated time left: 1 hours, 45 minutes, 56 seconds. Time passed: 3 hours, 48 minutes, 41 seconds
[INFO 11:22:08] my_main Recent Stats | t_env:    1405653 | Episode:    28182
battle_won_mean:           0.0000	central_loss:              0.0162	dead_allies_mean:          9.1419	dead_enemies_mean:         4.0015
ep_length_mean:           66.8109	epsilon:                   0.0500	grad_norm:                 0.7697	loss:                      0.0297
qmix_loss:                 0.0136	return_mean:               7.7737	return_std:                1.3447	test_battle_won_mean:      0.0000
test_dead_allies_mean:     9.0875	test_dead_enemies_mean:    4.9938	test_ep_length_mean:      79.8187	test_return_mean:          8.6597
test_return_std:           1.4776	w_to_use:                  0.7097	
[INFO 11:23:24] my_main t_env: 1415653 / 2050000
[INFO 11:23:24] my_main Estimated time left: 1 hours, 30 minutes, 39 seconds. Time passed: 3 hours, 50 minutes, 7 seconds
[INFO 11:23:33] my_main Recent Stats | t_env:    1415653 | Episode:    28315
battle_won_mean:           0.0000	central_loss:              0.0175	dead_allies_mean:          9.1331	dead_enemies_mean:         3.9810
ep_length_mean:           67.9740	epsilon:                   0.0500	grad_norm:                 0.8779	loss:                      0.0319
qmix_loss:                 0.0144	return_mean:               7.7711	return_std:                1.3339	test_battle_won_mean:      0.0000
test_dead_allies_mean:     9.0437	test_dead_enemies_mean:    5.1437	test_ep_length_mean:      74.5312	test_return_mean:          8.7022
test_return_std:           1.4186	w_to_use:                  0.7137	
[INFO 11:24:54] my_main t_env: 1425674 / 2050000
[INFO 11:24:54] my_main Estimated time left: 1 hours, 33 minutes, 20 seconds. Time passed: 3 hours, 51 minutes, 37 seconds
[INFO 11:25:06] my_main Recent Stats | t_env:    1425674 | Episode:    28466
battle_won_mean:           0.0000	central_loss:              0.0176	dead_allies_mean:          9.1250	dead_enemies_mean:         3.9971
ep_length_mean:           67.1760	epsilon:                   0.0500	grad_norm:                 0.7768	loss:                      0.0310
qmix_loss:                 0.0135	return_mean:               7.7905	return_std:                1.3557	test_battle_won_mean:      0.0000
test_dead_allies_mean:     9.0312	test_dead_enemies_mean:    5.1813	test_ep_length_mean:      77.5812	test_return_mean:          8.7580
test_return_std:           1.5147	w_to_use:                  0.7266	
[INFO 11:26:24] my_main t_env: 1435706 / 2050000
[INFO 11:26:24] my_main Estimated time left: 1 hours, 31 minutes, 21 seconds. Time passed: 3 hours, 53 minutes, 6 seconds
[INFO 11:26:36] my_main Recent Stats | t_env:    1435706 | Episode:    28604
battle_won_mean:           0.0000	central_loss:              0.0217	dead_allies_mean:          9.1132	dead_enemies_mean:         4.0398
ep_length_mean:           67.7082	epsilon:                   0.0500	grad_norm:                 0.9704	loss:                      0.0358
qmix_loss:                 0.0141	return_mean:               7.8165	return_std:                1.3593	test_battle_won_mean:      0.0000
test_dead_allies_mean:     9.0250	test_dead_enemies_mean:    5.1250	test_ep_length_mean:      81.9750	test_return_mean:          8.7614
test_return_std:           1.4066	w_to_use:                  0.7167	
[INFO 11:27:54] my_main t_env: 1445843 / 2050000
[INFO 11:27:54] my_main Estimated time left: 1 hours, 29 minutes, 55 seconds. Time passed: 3 hours, 54 minutes, 37 seconds
[INFO 11:28:06] my_main Recent Stats | t_env:    1445843 | Episode:    28749
battle_won_mean:           0.0000	central_loss:              0.0205	dead_allies_mean:          9.1101	dead_enemies_mean:         3.9925
ep_length_mean:           69.5926	epsilon:                   0.0500	grad_norm:                 0.7240	loss:                      0.0326
qmix_loss:                 0.0121	return_mean:               7.7744	return_std:                1.3563	test_battle_won_mean:      0.0000
test_dead_allies_mean:     9.0250	test_dead_enemies_mean:    5.1250	test_ep_length_mean:      84.4125	test_return_mean:          8.8465
test_return_std:           1.5020	w_to_use:                  0.7134	
RequestQuit command received.
Closing Application...
DataHandler: unable to parse websocket frame.
CloseHandler: 127.0.0.1:34344 disconnected
[INFO 11:29:04] absl Shutdown gracefully.
[INFO 11:29:04] absl Shutdown with return code: -15
[INFO 11:29:04] absl Launching SC2: /labmount/users/202535331/MARL/pymarl-monotone-qmix/3rdparty/StarCraftII/Versions/Base75689/SC2_x64 -listen 127.0.0.1 -port 41467 -dataDir /labmount/users/202535331/MARL/pymarl-monotone-qmix/3rdparty/StarCraftII/ -tempDir /tmp/sc-jhvm9yg_/
[INFO 11:29:04] absl Connecting to: ws://127.0.0.1:41467/sc2api, attempt: 0, running: True
Version: B75689 (SC2.4.10)
Build: Aug 12 2019 17:16:57
Command Line: '"/labmount/users/202535331/MARL/pymarl-monotone-qmix/3rdparty/StarCraftII/Versions/Base75689/SC2_x64" -listen 127.0.0.1 -port 41467 -dataDir /labmount/users/202535331/MARL/pymarl-monotone-qmix/3rdparty/StarCraftII/ -tempDir /tmp/sc-jhvm9yg_/'
Starting up...
Startup Phase 1 complete
[INFO 11:29:05] absl Connecting to: ws://127.0.0.1:41467/sc2api, attempt: 1, running: True
Startup Phase 2 complete
Creating stub renderer...
Listening on: 127.0.0.1:41467
Startup Phase 3 complete. Ready for commands.
[INFO 11:29:06] absl Connecting to: ws://127.0.0.1:41467/sc2api, attempt: 2, running: True
ConnectHandler: Request from 127.0.0.1:54726 accepted
ReadyHandler: 127.0.0.1:54726 ready
Requesting to join a single player game
Configuring interface options
Configure: raw interface enabled
Configure: feature layer interface disabled
Configure: score interface disabled
Configure: render interface disabled
Launching next game.
Next launch phase started: 2
Next launch phase started: 3
Next launch phase started: 4
Next launch phase started: 5
Next launch phase started: 6
Next launch phase started: 7
Next launch phase started: 8
Game has started.
Using default stable ids, none found at: /labmount/users/202535331/MARL/pymarl-monotone-qmix/3rdparty/StarCraftII/stableid.json
Successfully loaded stable ids: GameData\stableid.json
Sending ResponseJoinGame
[INFO 11:29:26] my_main t_env: 1455862 / 2050000
[INFO 11:29:26] my_main Estimated time left: 1 hours, 30 minutes, 5 seconds. Time passed: 3 hours, 56 minutes, 8 seconds
[INFO 11:29:35] my_main Recent Stats | t_env:    1455862 | Episode:    28883
battle_won_mean:           0.0000	central_loss:              0.0199	dead_allies_mean:          9.0990	dead_enemies_mean:         4.0707
ep_length_mean:           71.7854	epsilon:                   0.0500	grad_norm:                 0.6394	loss:                      0.0320
qmix_loss:                 0.0121	return_mean:               7.8292	return_std:                1.3605	test_battle_won_mean:      0.0000
test_dead_allies_mean:     9.0437	test_dead_enemies_mean:    4.9750	test_ep_length_mean:      84.5438	test_return_mean:          8.8110
test_return_std:           1.4415	w_to_use:                  0.7194	
[INFO 11:30:50] my_main t_env: 1465988 / 2050000
[INFO 11:30:50] my_main Estimated time left: 1 hours, 21 minutes, 8 seconds. Time passed: 3 hours, 57 minutes, 32 seconds
[INFO 11:31:02] my_main Recent Stats | t_env:    1465988 | Episode:    29016
battle_won_mean:           0.0000	central_loss:              0.0208	dead_allies_mean:          9.0825	dead_enemies_mean:         4.1534
ep_length_mean:           71.9748	epsilon:                   0.0500	grad_norm:                 0.7297	loss:                      0.0329
qmix_loss:                 0.0121	return_mean:               7.8511	return_std:                1.3714	test_battle_won_mean:      0.0000
test_dead_allies_mean:     8.9938	test_dead_enemies_mean:    5.1063	test_ep_length_mean:      92.2625	test_return_mean:          8.9353
test_return_std:           1.4798	w_to_use:                  0.7151	
[INFO 11:32:17] my_main t_env: 1476031 / 2050000
[INFO 11:32:17] my_main Estimated time left: 1 hours, 22 minutes, 54 seconds. Time passed: 3 hours, 58 minutes, 59 seconds
[INFO 11:32:29] my_main Recent Stats | t_env:    1476031 | Episode:    29149
battle_won_mean:           0.0000	central_loss:              0.0217	dead_allies_mean:          9.0767	dead_enemies_mean:         4.1864
ep_length_mean:           73.8043	epsilon:                   0.0500	grad_norm:                 0.7284	loss:                      0.0340
qmix_loss:                 0.0124	return_mean:               7.8737	return_std:                1.3773	test_battle_won_mean:      0.0000
test_dead_allies_mean:     9.0188	test_dead_enemies_mean:    5.1000	test_ep_length_mean:      91.4500	test_return_mean:          8.9289
test_return_std:           1.4733	w_to_use:                  0.7048	
[INFO 11:33:41] my_main t_env: 1486073 / 2050000
[INFO 11:33:41] my_main Estimated time left: 1 hours, 18 minutes, 43 seconds. Time passed: 4 hours, 23 seconds
[INFO 11:33:54] my_main Recent Stats | t_env:    1486073 | Episode:    29272
battle_won_mean:           0.0000	central_loss:              0.0179	dead_allies_mean:          9.0730	dead_enemies_mean:         4.1988
ep_length_mean:           75.5936	epsilon:                   0.0500	grad_norm:                 0.4326	loss:                      0.0297
qmix_loss:                 0.0119	return_mean:               7.8878	return_std:                1.3879	test_battle_won_mean:      0.0000
test_dead_allies_mean:     9.0125	test_dead_enemies_mean:    5.2938	test_ep_length_mean:      91.4250	test_return_mean:          9.0958
test_return_std:           1.5683	w_to_use:                  0.7007	
[INFO 11:35:10] my_main t_env: 1496198 / 2050000
[INFO 11:35:10] my_main Estimated time left: 1 hours, 20 minutes, 44 seconds. Time passed: 4 hours, 1 minutes, 52 seconds
[INFO 11:35:22] my_main Recent Stats | t_env:    1496198 | Episode:    29399
battle_won_mean:           0.0000	central_loss:              0.0181	dead_allies_mean:          9.0811	dead_enemies_mean:         4.2317
ep_length_mean:           77.5564	epsilon:                   0.0500	grad_norm:                 0.4407	loss:                      0.0302
qmix_loss:                 0.0122	return_mean:               7.9194	return_std:                1.4388	test_battle_won_mean:      0.0000
test_dead_allies_mean:     9.0062	test_dead_enemies_mean:    5.1250	test_ep_length_mean:      93.7938	test_return_mean:          8.9961
test_return_std:           1.4696	w_to_use:                  0.7041	
RequestQuit command received.
Closing Application...
DataHandler: unable to parse websocket frame.
CloseHandler: 127.0.0.1:54726 disconnected
[INFO 11:36:25] absl Shutdown gracefully.
[INFO 11:36:25] absl Shutdown with return code: -15
[INFO 11:36:25] absl Launching SC2: /labmount/users/202535331/MARL/pymarl-monotone-qmix/3rdparty/StarCraftII/Versions/Base75689/SC2_x64 -listen 127.0.0.1 -port 36189 -dataDir /labmount/users/202535331/MARL/pymarl-monotone-qmix/3rdparty/StarCraftII/ -tempDir /tmp/sc-tl8n14ku/
[INFO 11:36:25] absl Connecting to: ws://127.0.0.1:36189/sc2api, attempt: 0, running: True
Version: B75689 (SC2.4.10)
Build: Aug 12 2019 17:16:57
Command Line: '"/labmount/users/202535331/MARL/pymarl-monotone-qmix/3rdparty/StarCraftII/Versions/Base75689/SC2_x64" -listen 127.0.0.1 -port 36189 -dataDir /labmount/users/202535331/MARL/pymarl-monotone-qmix/3rdparty/StarCraftII/ -tempDir /tmp/sc-tl8n14ku/'
Starting up...
Startup Phase 1 complete
[INFO 11:36:26] absl Connecting to: ws://127.0.0.1:36189/sc2api, attempt: 1, running: True
Startup Phase 2 complete
Creating stub renderer...
Listening on: 127.0.0.1:36189
Startup Phase 3 complete. Ready for commands.
[INFO 11:36:27] absl Connecting to: ws://127.0.0.1:36189/sc2api, attempt: 2, running: True
ConnectHandler: Request from 127.0.0.1:53284 accepted
ReadyHandler: 127.0.0.1:53284 ready
Requesting to join a single player game
Configuring interface options
Configure: raw interface enabled
Configure: feature layer interface disabled
Configure: score interface disabled
Configure: render interface disabled
Launching next game.
Next launch phase started: 2
Next launch phase started: 3
Next launch phase started: 4
Next launch phase started: 5
Next launch phase started: 6
Next launch phase started: 7
Next launch phase started: 8
Game has started.
Using default stable ids, none found at: /labmount/users/202535331/MARL/pymarl-monotone-qmix/3rdparty/StarCraftII/stableid.json
Successfully loaded stable ids: GameData\stableid.json
Sending ResponseJoinGame
[INFO 11:36:47] my_main t_env: 1506209 / 2050000
[INFO 11:36:47] my_main Estimated time left: 1 hours, 28 minutes, 26 seconds. Time passed: 4 hours, 3 minutes, 30 seconds
[INFO 11:37:01] my_main Recent Stats | t_env:    1506209 | Episode:    29535
battle_won_mean:           0.0000	central_loss:              0.0187	dead_allies_mean:          9.0766	dead_enemies_mean:         4.2339
ep_length_mean:           77.3247	epsilon:                   0.0500	grad_norm:                 0.5094	loss:                      0.0316
qmix_loss:                 0.0130	return_mean:               7.9285	return_std:                1.4394	test_battle_won_mean:      0.0000
test_dead_allies_mean:     8.9750	test_dead_enemies_mean:    5.2062	test_ep_length_mean:     101.4125	test_return_mean:          9.0482
test_return_std:           1.5469	w_to_use:                  0.7098	
[INFO 11:38:16] my_main t_env: 1516354 / 2050000
[INFO 11:38:16] my_main Estimated time left: 1 hours, 17 minutes, 28 seconds. Time passed: 4 hours, 4 minutes, 58 seconds
[INFO 11:38:25] my_main Recent Stats | t_env:    1516354 | Episode:    29655
battle_won_mean:           0.0000	central_loss:              0.0174	dead_allies_mean:          9.0761	dead_enemies_mean:         4.1930
ep_length_mean:           79.0060	epsilon:                   0.0500	grad_norm:                 0.3919	loss:                      0.0304
qmix_loss:                 0.0130	return_mean:               7.9443	return_std:                1.4300	test_battle_won_mean:      0.0000
test_dead_allies_mean:     9.0125	test_dead_enemies_mean:    5.1000	test_ep_length_mean:      95.5625	test_return_mean:          8.9681
test_return_std:           1.5080	w_to_use:                  0.7266	
[INFO 11:39:46] my_main t_env: 1526377 / 2050000
[INFO 11:39:46] my_main Estimated time left: 1 hours, 18 minutes, 24 seconds. Time passed: 4 hours, 6 minutes, 28 seconds
[INFO 11:39:58] my_main Recent Stats | t_env:    1526377 | Episode:    29786
battle_won_mean:           0.0000	central_loss:              0.0171	dead_allies_mean:          9.0672	dead_enemies_mean:         4.1983
ep_length_mean:           79.2060	epsilon:                   0.0500	grad_norm:                 0.3966	loss:                      0.0303
qmix_loss:                 0.0132	return_mean:               7.9734	return_std:                1.4527	test_battle_won_mean:      0.0000
test_dead_allies_mean:     9.0250	test_dead_enemies_mean:    4.9875	test_ep_length_mean:      95.4875	test_return_mean:          8.9228
test_return_std:           1.4470	w_to_use:                  0.7379	
[INFO 11:41:18] my_main t_env: 1536390 / 2050000
[INFO 11:41:18] my_main Estimated time left: 1 hours, 18 minutes, 51 seconds. Time passed: 4 hours, 8 minutes, 0 seconds
[INFO 11:41:30] my_main Recent Stats | t_env:    1536390 | Episode:    29920
battle_won_mean:           0.0000	central_loss:              0.0170	dead_allies_mean:          9.0626	dead_enemies_mean:         4.1403
ep_length_mean:           77.8223	epsilon:                   0.0500	grad_norm:                 0.4349	loss:                      0.0303
qmix_loss:                 0.0133	return_mean:               7.9364	return_std:                1.4588	test_battle_won_mean:      0.0000
test_dead_allies_mean:     9.0125	test_dead_enemies_mean:    4.9375	test_ep_length_mean:      94.6688	test_return_mean:          8.7456
test_return_std:           1.3836	w_to_use:                  0.7533	
[INFO 11:42:49] my_main t_env: 1546508 / 2050000
[INFO 11:42:49] my_main Estimated time left: 1 hours, 15 minutes, 31 seconds. Time passed: 4 hours, 9 minutes, 31 seconds
[INFO 11:42:58] my_main Recent Stats | t_env:    1546508 | Episode:    30047
battle_won_mean:           0.0000	central_loss:              0.0167	dead_allies_mean:          9.0422	dead_enemies_mean:         4.1434
ep_length_mean:           77.8113	epsilon:                   0.0500	grad_norm:                 0.4641	loss:                      0.0300
qmix_loss:                 0.0133	return_mean:               7.9439	return_std:                1.4056	test_battle_won_mean:      0.0000
test_dead_allies_mean:     9.0125	test_dead_enemies_mean:    5.0563	test_ep_length_mean:      87.6688	test_return_mean:          8.7157
test_return_std:           1.3919	w_to_use:                  0.7555	
RequestQuit command received.
Closing Application...
DataHandler: unable to parse websocket frame.
CloseHandler: 127.0.0.1:53284 disconnected
[INFO 11:44:13] absl Shutdown gracefully.
[INFO 11:44:13] absl Shutdown with return code: -15
[INFO 11:44:13] absl Launching SC2: /labmount/users/202535331/MARL/pymarl-monotone-qmix/3rdparty/StarCraftII/Versions/Base75689/SC2_x64 -listen 127.0.0.1 -port 44767 -dataDir /labmount/users/202535331/MARL/pymarl-monotone-qmix/3rdparty/StarCraftII/ -tempDir /tmp/sc-u24wtuo9/
[INFO 11:44:13] absl Connecting to: ws://127.0.0.1:44767/sc2api, attempt: 0, running: True
Version: B75689 (SC2.4.10)
Build: Aug 12 2019 17:16:57
Command Line: '"/labmount/users/202535331/MARL/pymarl-monotone-qmix/3rdparty/StarCraftII/Versions/Base75689/SC2_x64" -listen 127.0.0.1 -port 44767 -dataDir /labmount/users/202535331/MARL/pymarl-monotone-qmix/3rdparty/StarCraftII/ -tempDir /tmp/sc-u24wtuo9/'
Starting up...
Startup Phase 1 complete
[INFO 11:44:14] absl Connecting to: ws://127.0.0.1:44767/sc2api, attempt: 1, running: True
Startup Phase 2 complete
Creating stub renderer...
Listening on: 127.0.0.1:44767
Startup Phase 3 complete. Ready for commands.
[INFO 11:44:15] absl Connecting to: ws://127.0.0.1:44767/sc2api, attempt: 2, running: True
ConnectHandler: Request from 127.0.0.1:49642 accepted
ReadyHandler: 127.0.0.1:49642 ready
Requesting to join a single player game
Configuring interface options
Configure: raw interface enabled
Configure: feature layer interface disabled
Configure: score interface disabled
Configure: render interface disabled
Launching next game.
Next launch phase started: 2
Next launch phase started: 3
Next launch phase started: 4
Next launch phase started: 5
Next launch phase started: 6
Next launch phase started: 7
Next launch phase started: 8
Game has started.
Using default stable ids, none found at: /labmount/users/202535331/MARL/pymarl-monotone-qmix/3rdparty/StarCraftII/stableid.json
Successfully loaded stable ids: GameData\stableid.json
Sending ResponseJoinGame
[INFO 11:44:27] my_main t_env: 1556670 / 2050000
[INFO 11:44:27] my_main Estimated time left: 1 hours, 19 minutes, 38 seconds. Time passed: 4 hours, 11 minutes, 10 seconds
[INFO 11:44:40] my_main Recent Stats | t_env:    1556670 | Episode:    30190
battle_won_mean:           0.0000	central_loss:              0.0195	dead_allies_mean:          9.0409	dead_enemies_mean:         4.1437
ep_length_mean:           77.3018	epsilon:                   0.0500	grad_norm:                 0.7078	loss:                      0.0344
qmix_loss:                 0.0149	return_mean:               7.9219	return_std:                1.3896	test_battle_won_mean:      0.0000
test_dead_allies_mean:     9.0125	test_dead_enemies_mean:    5.1312	test_ep_length_mean:      86.7625	test_return_mean:          8.6596
test_return_std:           1.4026	w_to_use:                  0.7535	
[INFO 11:46:00] my_main t_env: 1566766 / 2050000
[INFO 11:46:00] my_main Estimated time left: 1 hours, 13 minutes, 50 seconds. Time passed: 4 hours, 12 minutes, 42 seconds
[INFO 11:46:12] my_main Recent Stats | t_env:    1566766 | Episode:    30320
battle_won_mean:           0.0000	central_loss:              0.0196	dead_allies_mean:          9.0463	dead_enemies_mean:         4.1588
ep_length_mean:           75.9258	epsilon:                   0.0500	grad_norm:                 0.6663	loss:                      0.0343
qmix_loss:                 0.0147	return_mean:               7.9097	return_std:                1.3818	test_battle_won_mean:      0.0000
test_dead_allies_mean:     8.9938	test_dead_enemies_mean:    5.1750	test_ep_length_mean:      91.8312	test_return_mean:          8.7136
test_return_std:           1.4659	w_to_use:                  0.7425	
[INFO 11:47:35] my_main t_env: 1576772 / 2050000
[INFO 11:47:35] my_main Estimated time left: 1 hours, 14 minutes, 39 seconds. Time passed: 4 hours, 14 minutes, 17 seconds
[INFO 11:47:47] my_main Recent Stats | t_env:    1576772 | Episode:    30461
battle_won_mean:           0.0000	central_loss:              0.0202	dead_allies_mean:          9.0456	dead_enemies_mean:         4.1894
ep_length_mean:           74.8164	epsilon:                   0.0500	grad_norm:                 0.6791	loss:                      0.0352
qmix_loss:                 0.0150	return_mean:               7.8762	return_std:                1.3039	test_battle_won_mean:      0.0000
test_dead_allies_mean:     8.9688	test_dead_enemies_mean:    5.2438	test_ep_length_mean:      93.6937	test_return_mean:          8.7656
test_return_std:           1.5032	w_to_use:                  0.7335	
[INFO 11:49:01] my_main t_env: 1586801 / 2050000
[INFO 11:49:01] my_main Estimated time left: 1 hours, 6 minutes, 34 seconds. Time passed: 4 hours, 15 minutes, 44 seconds
[INFO 11:49:11] my_main Recent Stats | t_env:    1586801 | Episode:    30581
battle_won_mean:           0.0000	central_loss:              0.0198	dead_allies_mean:          9.0441	dead_enemies_mean:         4.2766
ep_length_mean:           76.5867	epsilon:                   0.0500	grad_norm:                 0.7163	loss:                      0.0342
qmix_loss:                 0.0145	return_mean:               7.9674	return_std:                1.3033	test_battle_won_mean:      0.0000
test_dead_allies_mean:     8.9688	test_dead_enemies_mean:    5.2812	test_ep_length_mean:      89.3563	test_return_mean:          8.7520
test_return_std:           1.4591	w_to_use:                  0.7353	
[INFO 11:50:30] my_main t_env: 1596952 / 2050000
[INFO 11:50:30] my_main Estimated time left: 1 hours, 6 minutes, 16 seconds. Time passed: 4 hours, 17 minutes, 13 seconds
[INFO 11:50:43] my_main Recent Stats | t_env:    1596952 | Episode:    30714
battle_won_mean:           0.0000	central_loss:              0.0198	dead_allies_mean:          9.0481	dead_enemies_mean:         4.2891
ep_length_mean:           75.9175	epsilon:                   0.0500	grad_norm:                 0.7615	loss:                      0.0345
qmix_loss:                 0.0147	return_mean:               7.9845	return_std:                1.3216	test_battle_won_mean:      0.0000
test_dead_allies_mean:     8.9625	test_dead_enemies_mean:    5.2313	test_ep_length_mean:      96.6250	test_return_mean:          8.8321
test_return_std:           1.4205	w_to_use:                  0.7457	
RequestQuit command received.
Closing Application...
DataHandler: unable to parse websocket frame.
CloseHandler: 127.0.0.1:49642 disconnected
[INFO 11:51:48] absl Shutdown gracefully.
[INFO 11:51:48] absl Shutdown with return code: -15
[INFO 11:51:48] absl Launching SC2: /labmount/users/202535331/MARL/pymarl-monotone-qmix/3rdparty/StarCraftII/Versions/Base75689/SC2_x64 -listen 127.0.0.1 -port 36075 -dataDir /labmount/users/202535331/MARL/pymarl-monotone-qmix/3rdparty/StarCraftII/ -tempDir /tmp/sc-fidpjh40/
[INFO 11:51:48] absl Connecting to: ws://127.0.0.1:36075/sc2api, attempt: 0, running: True
Version: B75689 (SC2.4.10)
Build: Aug 12 2019 17:16:57
Command Line: '"/labmount/users/202535331/MARL/pymarl-monotone-qmix/3rdparty/StarCraftII/Versions/Base75689/SC2_x64" -listen 127.0.0.1 -port 36075 -dataDir /labmount/users/202535331/MARL/pymarl-monotone-qmix/3rdparty/StarCraftII/ -tempDir /tmp/sc-fidpjh40/'
Starting up...
Startup Phase 1 complete
[INFO 11:51:49] absl Connecting to: ws://127.0.0.1:36075/sc2api, attempt: 1, running: True
Startup Phase 2 complete
Creating stub renderer...
Listening on: 127.0.0.1:36075
Startup Phase 3 complete. Ready for commands.
[INFO 11:51:50] absl Connecting to: ws://127.0.0.1:36075/sc2api, attempt: 2, running: True
ConnectHandler: Request from 127.0.0.1:53348 accepted
ReadyHandler: 127.0.0.1:53348 ready
Requesting to join a single player game
Configuring interface options
Configure: raw interface enabled
Configure: feature layer interface disabled
Configure: score interface disabled
Configure: render interface disabled
Launching next game.
Next launch phase started: 2
Next launch phase started: 3
Next launch phase started: 4
Next launch phase started: 5
Next launch phase started: 6
Next launch phase started: 7
Next launch phase started: 8
Game has started.
Using default stable ids, none found at: /labmount/users/202535331/MARL/pymarl-monotone-qmix/3rdparty/StarCraftII/stableid.json
Successfully loaded stable ids: GameData\stableid.json
Sending ResponseJoinGame
[INFO 11:52:04] my_main t_env: 1607011 / 2050000
[INFO 11:52:04] my_main Estimated time left: 1 hours, 9 minutes, 2 seconds. Time passed: 4 hours, 18 minutes, 47 seconds
[INFO 11:52:17] my_main Recent Stats | t_env:    1607011 | Episode:    30839
battle_won_mean:           0.0000	central_loss:              0.0174	dead_allies_mean:          9.0427	dead_enemies_mean:         4.2693
ep_length_mean:           77.7993	epsilon:                   0.0500	grad_norm:                 0.5538	loss:                      0.0299
qmix_loss:                 0.0125	return_mean:               8.0166	return_std:                1.3091	test_battle_won_mean:      0.0000
test_dead_allies_mean:     8.9750	test_dead_enemies_mean:    5.1500	test_ep_length_mean:      95.9562	test_return_mean:          8.9010
test_return_std:           1.3951	w_to_use:                  0.7370	
[INFO 11:53:29] my_main t_env: 1617098 / 2050000
[INFO 11:53:29] my_main Estimated time left: 1 hours, 38 seconds. Time passed: 4 hours, 20 minutes, 11 seconds
[INFO 11:53:40] my_main Recent Stats | t_env:    1617098 | Episode:    30949
battle_won_mean:           0.0000	central_loss:              0.0166	dead_allies_mean:          9.0309	dead_enemies_mean:         4.3145
ep_length_mean:           80.6070	epsilon:                   0.0500	grad_norm:                 0.5381	loss:                      0.0284
qmix_loss:                 0.0118	return_mean:               8.0209	return_std:                1.3233	test_battle_won_mean:      0.0000
test_dead_allies_mean:     8.9875	test_dead_enemies_mean:    5.0500	test_ep_length_mean:      94.7875	test_return_mean:          8.7951
test_return_std:           1.3919	w_to_use:                  0.7508	
[INFO 11:54:53] my_main t_env: 1627237 / 2050000
[INFO 11:54:53] my_main Estimated time left: 58 minutes, 2 seconds. Time passed: 4 hours, 21 minutes, 35 seconds
[INFO 11:55:05] my_main Recent Stats | t_env:    1627237 | Episode:    31061
battle_won_mean:           0.0000	central_loss:              0.0169	dead_allies_mean:          9.0349	dead_enemies_mean:         4.3458
ep_length_mean:           84.5194	epsilon:                   0.0500	grad_norm:                 0.6588	loss:                      0.0280
qmix_loss:                 0.0111	return_mean:               8.0981	return_std:                1.3728	test_battle_won_mean:      0.0000
test_dead_allies_mean:     8.9938	test_dead_enemies_mean:    4.9562	test_ep_length_mean:      94.3250	test_return_mean:          8.8070
test_return_std:           1.4139	w_to_use:                  0.7534	
[INFO 11:56:27] my_main t_env: 1637393 / 2050000
[INFO 11:56:27] my_main Estimated time left: 1 hours, 3 minutes, 56 seconds. Time passed: 4 hours, 23 minutes, 9 seconds
[INFO 11:56:37] my_main Recent Stats | t_env:    1637393 | Episode:    31203
battle_won_mean:           0.0000	central_loss:              0.0167	dead_allies_mean:          9.0483	dead_enemies_mean:         4.3191
ep_length_mean:           82.1086	epsilon:                   0.0500	grad_norm:                 0.6407	loss:                      0.0282
qmix_loss:                 0.0115	return_mean:               8.0404	return_std:                1.3948	test_battle_won_mean:      0.0000
test_dead_allies_mean:     9.0125	test_dead_enemies_mean:    4.7812	test_ep_length_mean:      95.0000	test_return_mean:          8.7856
test_return_std:           1.4072	w_to_use:                  0.7477	
[INFO 11:57:49] my_main t_env: 1647401 / 2050000
[INFO 11:57:49] my_main Estimated time left: 55 minutes, 9 seconds. Time passed: 4 hours, 24 minutes, 32 seconds
[INFO 11:58:01] my_main Recent Stats | t_env:    1647401 | Episode:    31321
battle_won_mean:           0.0000	central_loss:              0.0193	dead_allies_mean:          9.0469	dead_enemies_mean:         4.3440
ep_length_mean:           83.8067	epsilon:                   0.0500	grad_norm:                 0.7582	loss:                      0.0303
qmix_loss:                 0.0109	return_mean:               8.0838	return_std:                1.4103	test_battle_won_mean:      0.0000
test_dead_allies_mean:     9.0250	test_dead_enemies_mean:    4.7313	test_ep_length_mean:      93.7625	test_return_mean:          8.7381
test_return_std:           1.4944	w_to_use:                  0.7347	
RequestQuit command received.
Closing Application...
DataHandler: unable to parse websocket frame.
CloseHandler: 127.0.0.1:53348 disconnected
[INFO 11:59:01] absl Shutdown gracefully.
[INFO 11:59:01] absl Shutdown with return code: -15
[INFO 11:59:01] absl Launching SC2: /labmount/users/202535331/MARL/pymarl-monotone-qmix/3rdparty/StarCraftII/Versions/Base75689/SC2_x64 -listen 127.0.0.1 -port 35543 -dataDir /labmount/users/202535331/MARL/pymarl-monotone-qmix/3rdparty/StarCraftII/ -tempDir /tmp/sc-sgmmcwzc/
[INFO 11:59:01] absl Connecting to: ws://127.0.0.1:35543/sc2api, attempt: 0, running: True
Version: B75689 (SC2.4.10)
Build: Aug 12 2019 17:16:57
Command Line: '"/labmount/users/202535331/MARL/pymarl-monotone-qmix/3rdparty/StarCraftII/Versions/Base75689/SC2_x64" -listen 127.0.0.1 -port 35543 -dataDir /labmount/users/202535331/MARL/pymarl-monotone-qmix/3rdparty/StarCraftII/ -tempDir /tmp/sc-sgmmcwzc/'
Starting up...
Startup Phase 1 complete
[INFO 11:59:02] absl Connecting to: ws://127.0.0.1:35543/sc2api, attempt: 1, running: True
Startup Phase 2 complete
Creating stub renderer...
Listening on: 127.0.0.1:35543
Startup Phase 3 complete. Ready for commands.
[INFO 11:59:03] absl Connecting to: ws://127.0.0.1:35543/sc2api, attempt: 2, running: True
ConnectHandler: Request from 127.0.0.1:41538 accepted
ReadyHandler: 127.0.0.1:41538 ready
Requesting to join a single player game
Configuring interface options
Configure: raw interface enabled
Configure: feature layer interface disabled
Configure: score interface disabled
Configure: render interface disabled
Launching next game.
Next launch phase started: 2
Next launch phase started: 3
Next launch phase started: 4
Next launch phase started: 5
Next launch phase started: 6
Next launch phase started: 7
Next launch phase started: 8
Game has started.
Using default stable ids, none found at: /labmount/users/202535331/MARL/pymarl-monotone-qmix/3rdparty/StarCraftII/stableid.json
Successfully loaded stable ids: GameData\stableid.json
Sending ResponseJoinGame
[INFO 11:59:18] my_main t_env: 1657569 / 2050000
[INFO 11:59:18] my_main Estimated time left: 57 minutes, 6 seconds. Time passed: 4 hours, 26 minutes, 0 seconds
[INFO 11:59:30] my_main Recent Stats | t_env:    1657569 | Episode:    31439
battle_won_mean:           0.0000	central_loss:              0.0185	dead_allies_mean:          9.0514	dead_enemies_mean:         4.3883
ep_length_mean:           84.9462	epsilon:                   0.0500	grad_norm:                 0.7006	loss:                      0.0290
qmix_loss:                 0.0105	return_mean:               8.0945	return_std:                1.4333	test_battle_won_mean:      0.0000
test_dead_allies_mean:     9.0312	test_dead_enemies_mean:    4.7062	test_ep_length_mean:      93.8187	test_return_mean:          8.7481
test_return_std:           1.4545	w_to_use:                  0.7448	
[INFO 12:00:42] my_main t_env: 1667746 / 2050000
[INFO 12:00:42] my_main Estimated time left: 52 minutes, 22 seconds. Time passed: 4 hours, 27 minutes, 24 seconds
[INFO 12:00:55] my_main Recent Stats | t_env:    1667746 | Episode:    31554
battle_won_mean:           0.0000	central_loss:              0.0182	dead_allies_mean:          9.0651	dead_enemies_mean:         4.3211
ep_length_mean:           84.3053	epsilon:                   0.0500	grad_norm:                 0.7212	loss:                      0.0287
qmix_loss:                 0.0106	return_mean:               8.0955	return_std:                1.4228	test_battle_won_mean:      0.0000
test_dead_allies_mean:     9.0125	test_dead_enemies_mean:    4.8875	test_ep_length_mean:      99.1562	test_return_mean:          8.8656
test_return_std:           1.4722	w_to_use:                  0.7422	
[INFO 12:02:09] my_main t_env: 1677765 / 2050000
[INFO 12:02:09] my_main Estimated time left: 54 minutes, 8 seconds. Time passed: 4 hours, 28 minutes, 52 seconds
[INFO 12:02:22] my_main Recent Stats | t_env:    1677765 | Episode:    31676
battle_won_mean:           0.0000	central_loss:              0.0167	dead_allies_mean:          9.0690	dead_enemies_mean:         4.2662
ep_length_mean:           82.6246	epsilon:                   0.0500	grad_norm:                 0.5579	loss:                      0.0269
qmix_loss:                 0.0102	return_mean:               8.0732	return_std:                1.4284	test_battle_won_mean:      0.0000
test_dead_allies_mean:     9.0062	test_dead_enemies_mean:    4.9813	test_ep_length_mean:      99.5938	test_return_mean:          8.8748
test_return_std:           1.4069	w_to_use:                  0.7507	
[INFO 12:03:33] my_main t_env: 1687768 / 2050000
[INFO 12:03:33] my_main Estimated time left: 50 minutes, 30 seconds. Time passed: 4 hours, 30 minutes, 15 seconds
[INFO 12:03:45] my_main Recent Stats | t_env:    1687768 | Episode:    31791
battle_won_mean:           0.0000	central_loss:              0.0171	dead_allies_mean:          9.0597	dead_enemies_mean:         4.2991
ep_length_mean:           85.7169	epsilon:                   0.0500	grad_norm:                 0.5438	loss:                      0.0277
qmix_loss:                 0.0106	return_mean:               8.1233	return_std:                1.4017	test_battle_won_mean:      0.0000
test_dead_allies_mean:     8.9812	test_dead_enemies_mean:    5.1625	test_ep_length_mean:     102.3937	test_return_mean:          8.9769
test_return_std:           1.4813	w_to_use:                  0.7386	
[INFO 12:04:52] my_main t_env: 1697907 / 2050000
[INFO 12:04:52] my_main Estimated time left: 45 minutes, 47 seconds. Time passed: 4 hours, 31 minutes, 34 seconds
[INFO 12:05:05] my_main Recent Stats | t_env:    1697907 | Episode:    31901
battle_won_mean:           0.0000	central_loss:              0.0159	dead_allies_mean:          9.0552	dead_enemies_mean:         4.2799
ep_length_mean:           87.1887	epsilon:                   0.0500	grad_norm:                 0.5248	loss:                      0.0264
qmix_loss:                 0.0105	return_mean:               8.0952	return_std:                1.3698	test_battle_won_mean:      0.0000
test_dead_allies_mean:     8.9750	test_dead_enemies_mean:    5.1875	test_ep_length_mean:     105.5625	test_return_mean:          9.0091
test_return_std:           1.4470	w_to_use:                  0.7471	
RequestQuit command received.
Closing Application...
DataHandler: unable to parse websocket frame.
CloseHandler: 127.0.0.1:41538 disconnected
[INFO 12:05:49] absl Shutdown gracefully.
[INFO 12:05:49] absl Shutdown with return code: -15
[INFO 12:05:49] absl Launching SC2: /labmount/users/202535331/MARL/pymarl-monotone-qmix/3rdparty/StarCraftII/Versions/Base75689/SC2_x64 -listen 127.0.0.1 -port 35045 -dataDir /labmount/users/202535331/MARL/pymarl-monotone-qmix/3rdparty/StarCraftII/ -tempDir /tmp/sc-f_nz6281/
[INFO 12:05:49] absl Connecting to: ws://127.0.0.1:35045/sc2api, attempt: 0, running: True
Version: B75689 (SC2.4.10)
Build: Aug 12 2019 17:16:57
Command Line: '"/labmount/users/202535331/MARL/pymarl-monotone-qmix/3rdparty/StarCraftII/Versions/Base75689/SC2_x64" -listen 127.0.0.1 -port 35045 -dataDir /labmount/users/202535331/MARL/pymarl-monotone-qmix/3rdparty/StarCraftII/ -tempDir /tmp/sc-f_nz6281/'
Starting up...
Startup Phase 1 complete
[INFO 12:05:50] absl Connecting to: ws://127.0.0.1:35045/sc2api, attempt: 1, running: True
Startup Phase 2 complete
Creating stub renderer...
Listening on: 127.0.0.1:35045
Startup Phase 3 complete. Ready for commands.
[INFO 12:05:51] absl Connecting to: ws://127.0.0.1:35045/sc2api, attempt: 2, running: True
ConnectHandler: Request from 127.0.0.1:35854 accepted
ReadyHandler: 127.0.0.1:35854 ready
Requesting to join a single player game
Configuring interface options
Configure: raw interface enabled
Configure: feature layer interface disabled
Configure: score interface disabled
Configure: render interface disabled
Launching next game.
Next launch phase started: 2
Next launch phase started: 3
Next launch phase started: 4
Next launch phase started: 5
Next launch phase started: 6
Next launch phase started: 7
Next launch phase started: 8
Game has started.
Using default stable ids, none found at: /labmount/users/202535331/MARL/pymarl-monotone-qmix/3rdparty/StarCraftII/stableid.json
Successfully loaded stable ids: GameData\stableid.json
Sending ResponseJoinGame
[INFO 12:06:21] my_main t_env: 1707982 / 2050000
[INFO 12:06:21] my_main Estimated time left: 50 minutes, 5 seconds. Time passed: 4 hours, 33 minutes, 3 seconds
[INFO 12:06:34] my_main Recent Stats | t_env:    1707982 | Episode:    32019
battle_won_mean:           0.0000	central_loss:              0.0157	dead_allies_mean:          9.0501	dead_enemies_mean:         4.2003
ep_length_mean:           87.0311	epsilon:                   0.0500	grad_norm:                 0.5308	loss:                      0.0268
qmix_loss:                 0.0112	return_mean:               8.0405	return_std:                1.3909	test_battle_won_mean:      0.0000
test_dead_allies_mean:     8.9625	test_dead_enemies_mean:    5.1937	test_ep_length_mean:     107.1688	test_return_mean:          9.0407
test_return_std:           1.4983	w_to_use:                  0.7359	
[INFO 12:07:48] my_main t_env: 1718079 / 2050000
[INFO 12:07:48] my_main Estimated time left: 47 minutes, 55 seconds. Time passed: 4 hours, 34 minutes, 30 seconds
[INFO 12:08:01] my_main Recent Stats | t_env:    1718079 | Episode:    32147
battle_won_mean:           0.0000	central_loss:              0.0159	dead_allies_mean:          9.0546	dead_enemies_mean:         4.1997
ep_length_mean:           85.1085	epsilon:                   0.0500	grad_norm:                 0.5413	loss:                      0.0271
qmix_loss:                 0.0113	return_mean:               8.0070	return_std:                1.3865	test_battle_won_mean:      0.0000
test_dead_allies_mean:     8.9750	test_dead_enemies_mean:    5.0875	test_ep_length_mean:     105.7250	test_return_mean:          9.0249
test_return_std:           1.5472	w_to_use:                  0.7383	
[INFO 12:09:06] my_main t_env: 1728090 / 2050000
[INFO 12:09:06] my_main Estimated time left: 41 minutes, 37 seconds. Time passed: 4 hours, 35 minutes, 48 seconds
[INFO 12:09:19] my_main Recent Stats | t_env:    1728090 | Episode:    32249
battle_won_mean:           0.0000	central_loss:              0.0166	dead_allies_mean:          9.0343	dead_enemies_mean:         4.1812
ep_length_mean:           88.3133	epsilon:                   0.0500	grad_norm:                 0.6609	loss:                      0.0280
qmix_loss:                 0.0114	return_mean:               7.9997	return_std:                1.3918	test_battle_won_mean:      0.0000
test_dead_allies_mean:     8.9688	test_dead_enemies_mean:    5.0438	test_ep_length_mean:     107.5438	test_return_mean:          9.0659
test_return_std:           1.5884	w_to_use:                  0.7285	
[INFO 12:10:21] my_main t_env: 1738172 / 2050000
[INFO 12:10:21] my_main Estimated time left: 38 minutes, 54 seconds. Time passed: 4 hours, 37 minutes, 4 seconds
[INFO 12:10:32] my_main Recent Stats | t_env:    1738172 | Episode:    32344
battle_won_mean:           0.0000	central_loss:              0.0167	dead_allies_mean:          9.0316	dead_enemies_mean:         4.1748
ep_length_mean:           92.1421	epsilon:                   0.0500	grad_norm:                 0.6954	loss:                      0.0277
qmix_loss:                 0.0110	return_mean:               8.0064	return_std:                1.4430	test_battle_won_mean:      0.0000
test_dead_allies_mean:     8.9812	test_dead_enemies_mean:    4.8688	test_ep_length_mean:     106.3625	test_return_mean:          8.9421
test_return_std:           1.4989	w_to_use:                  0.7355	
[INFO 12:11:42] my_main t_env: 1748182 / 2050000
[INFO 12:11:42] my_main Estimated time left: 40 minutes, 22 seconds. Time passed: 4 hours, 38 minutes, 24 seconds
[INFO 12:11:54] my_main Recent Stats | t_env:    1748182 | Episode:    32461
battle_won_mean:           0.0000	central_loss:              0.0173	dead_allies_mean:          9.0362	dead_enemies_mean:         4.1808
ep_length_mean:           90.8186	epsilon:                   0.0500	grad_norm:                 0.7889	loss:                      0.0288
qmix_loss:                 0.0115	return_mean:               8.0179	return_std:                1.4492	test_battle_won_mean:      0.0000
test_dead_allies_mean:     8.9750	test_dead_enemies_mean:    4.9500	test_ep_length_mean:     104.1250	test_return_mean:          8.9707
test_return_std:           1.5084	w_to_use:                  0.7241	
RequestQuit command received.
Closing Application...
DataHandler: unable to parse websocket frame.
CloseHandler: 127.0.0.1:35854 disconnected
[INFO 12:12:28] absl Shutdown gracefully.
[INFO 12:12:28] absl Shutdown with return code: -15
[INFO 12:12:28] absl Launching SC2: /labmount/users/202535331/MARL/pymarl-monotone-qmix/3rdparty/StarCraftII/Versions/Base75689/SC2_x64 -listen 127.0.0.1 -port 33019 -dataDir /labmount/users/202535331/MARL/pymarl-monotone-qmix/3rdparty/StarCraftII/ -tempDir /tmp/sc-3g2gmkw9/
[INFO 12:12:28] absl Connecting to: ws://127.0.0.1:33019/sc2api, attempt: 0, running: True
Version: B75689 (SC2.4.10)
Build: Aug 12 2019 17:16:57
Command Line: '"/labmount/users/202535331/MARL/pymarl-monotone-qmix/3rdparty/StarCraftII/Versions/Base75689/SC2_x64" -listen 127.0.0.1 -port 33019 -dataDir /labmount/users/202535331/MARL/pymarl-monotone-qmix/3rdparty/StarCraftII/ -tempDir /tmp/sc-3g2gmkw9/'
Starting up...
Startup Phase 1 complete
[INFO 12:12:29] absl Connecting to: ws://127.0.0.1:33019/sc2api, attempt: 1, running: True
Startup Phase 2 complete
Creating stub renderer...
Listening on: 127.0.0.1:33019
Startup Phase 3 complete. Ready for commands.
[INFO 12:12:30] absl Connecting to: ws://127.0.0.1:33019/sc2api, attempt: 2, running: True
ConnectHandler: Request from 127.0.0.1:39798 accepted
ReadyHandler: 127.0.0.1:39798 ready
Requesting to join a single player game
Configuring interface options
Configure: raw interface enabled
Configure: feature layer interface disabled
Configure: score interface disabled
Configure: render interface disabled
Launching next game.
Next launch phase started: 2
Next launch phase started: 3
Next launch phase started: 4
Next launch phase started: 5
Next launch phase started: 6
Next launch phase started: 7
Next launch phase started: 8
Game has started.
Using default stable ids, none found at: /labmount/users/202535331/MARL/pymarl-monotone-qmix/3rdparty/StarCraftII/stableid.json
Successfully loaded stable ids: GameData\stableid.json
Sending ResponseJoinGame
[INFO 12:13:11] my_main t_env: 1758309 / 2050000
[INFO 12:13:11] my_main Estimated time left: 42 minutes, 45 seconds. Time passed: 4 hours, 39 minutes, 53 seconds
[INFO 12:13:24] my_main Recent Stats | t_env:    1758309 | Episode:    32581
battle_won_mean:           0.0000	central_loss:              0.0192	dead_allies_mean:          9.0530	dead_enemies_mean:         4.1925
ep_length_mean:           90.6207	epsilon:                   0.0500	grad_norm:                 0.9389	loss:                      0.0305
qmix_loss:                 0.0113	return_mean:               8.0534	return_std:                1.4258	test_battle_won_mean:      0.0000
test_dead_allies_mean:     8.9750	test_dead_enemies_mean:    4.8000	test_ep_length_mean:     104.9188	test_return_mean:          8.8983
test_return_std:           1.4629	w_to_use:                  0.7340	
[INFO 12:14:34] my_main t_env: 1768334 / 2050000
[INFO 12:14:34] my_main Estimated time left: 39 minutes, 4 seconds. Time passed: 4 hours, 41 minutes, 16 seconds
[INFO 12:14:45] my_main Recent Stats | t_env:    1768334 | Episode:    32698
battle_won_mean:           0.0000	central_loss:              0.0194	dead_allies_mean:          9.0500	dead_enemies_mean:         4.1446
ep_length_mean:           91.9809	epsilon:                   0.0500	grad_norm:                 0.8753	loss:                      0.0313
qmix_loss:                 0.0119	return_mean:               8.0612	return_std:                1.4617	test_battle_won_mean:      0.0000
test_dead_allies_mean:     8.9875	test_dead_enemies_mean:    4.7375	test_ep_length_mean:     101.1750	test_return_mean:          8.8253
test_return_std:           1.3635	w_to_use:                  0.7250	
[INFO 12:15:53] my_main t_env: 1778376 / 2050000
[INFO 12:15:53] my_main Estimated time left: 35 minutes, 27 seconds. Time passed: 4 hours, 42 minutes, 35 seconds
[INFO 12:16:06] my_main Recent Stats | t_env:    1778376 | Episode:    32804
battle_won_mean:           0.0000	central_loss:              0.0186	dead_allies_mean:          9.0539	dead_enemies_mean:         4.0980
ep_length_mean:           91.2986	epsilon:                   0.0500	grad_norm:                 0.7682	loss:                      0.0307
qmix_loss:                 0.0121	return_mean:               8.0340	return_std:                1.4421	test_battle_won_mean:      0.0000
test_dead_allies_mean:     9.0000	test_dead_enemies_mean:    4.8000	test_ep_length_mean:     100.2875	test_return_mean:          8.7718
test_return_std:           1.3269	w_to_use:                  0.7325	
[INFO 12:17:18] my_main t_env: 1788469 / 2050000
[INFO 12:17:18] my_main Estimated time left: 36 minutes, 51 seconds. Time passed: 4 hours, 44 minutes, 0 seconds
[INFO 12:17:29] my_main Recent Stats | t_env:    1788469 | Episode:    32927
battle_won_mean:           0.0000	central_loss:              0.0183	dead_allies_mean:          9.0505	dead_enemies_mean:         4.1421
ep_length_mean:           86.4847	epsilon:                   0.0500	grad_norm:                 0.7207	loss:                      0.0302
qmix_loss:                 0.0119	return_mean:               8.0267	return_std:                1.3999	test_battle_won_mean:      0.0000
test_dead_allies_mean:     9.0312	test_dead_enemies_mean:    4.9125	test_ep_length_mean:     100.6437	test_return_mean:          8.8994
test_return_std:           1.3728	w_to_use:                  0.7380	
[INFO 12:18:37] my_main t_env: 1798496 / 2050000
[INFO 12:18:37] my_main Estimated time left: 33 minutes, 6 seconds. Time passed: 4 hours, 45 minutes, 20 seconds
[INFO 12:18:50] my_main Recent Stats | t_env:    1798496 | Episode:    33037
battle_won_mean:           0.0000	central_loss:              0.0149	dead_allies_mean:          9.0314	dead_enemies_mean:         4.1252
ep_length_mean:           87.6045	epsilon:                   0.0500	grad_norm:                 0.4432	loss:                      0.0259
qmix_loss:                 0.0110	return_mean:               8.0392	return_std:                1.4370	test_battle_won_mean:      0.0000
test_dead_allies_mean:     9.0375	test_dead_enemies_mean:    4.9125	test_ep_length_mean:      99.5812	test_return_mean:          8.9312
test_return_std:           1.3955	w_to_use:                  0.7510	
RequestQuit command received.
DataHandler: unable to parse websocket frame.
Closing Application...
CloseHandler: 127.0.0.1:39798 disconnected
ResponseThread: No connection, dropping the response.
[INFO 12:19:17] absl Shutdown gracefully.
[INFO 12:19:17] absl Shutdown with return code: -15
[INFO 12:19:17] absl Launching SC2: /labmount/users/202535331/MARL/pymarl-monotone-qmix/3rdparty/StarCraftII/Versions/Base75689/SC2_x64 -listen 127.0.0.1 -port 34709 -dataDir /labmount/users/202535331/MARL/pymarl-monotone-qmix/3rdparty/StarCraftII/ -tempDir /tmp/sc-ozlkj5fz/
[INFO 12:19:18] absl Connecting to: ws://127.0.0.1:34709/sc2api, attempt: 0, running: True
Version: B75689 (SC2.4.10)
Build: Aug 12 2019 17:16:57
Command Line: '"/labmount/users/202535331/MARL/pymarl-monotone-qmix/3rdparty/StarCraftII/Versions/Base75689/SC2_x64" -listen 127.0.0.1 -port 34709 -dataDir /labmount/users/202535331/MARL/pymarl-monotone-qmix/3rdparty/StarCraftII/ -tempDir /tmp/sc-ozlkj5fz/'
Starting up...
Startup Phase 1 complete
[INFO 12:19:19] absl Connecting to: ws://127.0.0.1:34709/sc2api, attempt: 1, running: True
Startup Phase 2 complete
Creating stub renderer...
Listening on: 127.0.0.1:34709
Startup Phase 3 complete. Ready for commands.
[INFO 12:19:20] absl Connecting to: ws://127.0.0.1:34709/sc2api, attempt: 2, running: True
ConnectHandler: Request from 127.0.0.1:57362 accepted
ReadyHandler: 127.0.0.1:57362 ready
Requesting to join a single player game
Configuring interface options
Configure: raw interface enabled
Configure: feature layer interface disabled
Configure: score interface disabled
Configure: render interface disabled
Launching next game.
Next launch phase started: 2
Next launch phase started: 3
Next launch phase started: 4
Next launch phase started: 5
Next launch phase started: 6
Next launch phase started: 7
Next launch phase started: 8
Game has started.
Using default stable ids, none found at: /labmount/users/202535331/MARL/pymarl-monotone-qmix/3rdparty/StarCraftII/stableid.json
Successfully loaded stable ids: GameData\stableid.json
Sending ResponseJoinGame
[INFO 12:20:08] my_main t_env: 1808613 / 2050000
[INFO 12:20:08] my_main Estimated time left: 36 minutes, 4 seconds. Time passed: 4 hours, 46 minutes, 50 seconds
[INFO 12:20:22] my_main Recent Stats | t_env:    1808613 | Episode:    33151
battle_won_mean:           0.0000	central_loss:              0.0130	dead_allies_mean:          9.0212	dead_enemies_mean:         4.1116
ep_length_mean:           88.4753	epsilon:                   0.0500	grad_norm:                 0.2796	loss:                      0.0237
qmix_loss:                 0.0107	return_mean:               8.0777	return_std:                1.4716	test_battle_won_mean:      0.0000
test_dead_allies_mean:     9.0625	test_dead_enemies_mean:    4.9250	test_ep_length_mean:      99.2188	test_return_mean:          8.9423
test_return_std:           1.4383	w_to_use:                  0.7238	
[INFO 12:21:40] my_main t_env: 1818730 / 2050000
[INFO 12:21:40] my_main Estimated time left: 35 minutes, 2 seconds. Time passed: 4 hours, 48 minutes, 22 seconds
[INFO 12:21:53] my_main Recent Stats | t_env:    1818730 | Episode:    33275
battle_won_mean:           0.0000	central_loss:              0.0122	dead_allies_mean:          9.0137	dead_enemies_mean:         4.1171
ep_length_mean:           87.6563	epsilon:                   0.0500	grad_norm:                 0.3028	loss:                      0.0223
qmix_loss:                 0.0102	return_mean:               8.0652	return_std:                1.4751	test_battle_won_mean:      0.0000
test_dead_allies_mean:     9.0625	test_dead_enemies_mean:    4.9125	test_ep_length_mean:     102.2375	test_return_mean:          9.0302
test_return_std:           1.4053	w_to_use:                  0.7390	
[INFO 12:22:56] my_main t_env: 1828787 / 2050000
[INFO 12:22:56] my_main Estimated time left: 27 minutes, 59 seconds. Time passed: 4 hours, 49 minutes, 39 seconds
[INFO 12:23:11] my_main Recent Stats | t_env:    1828787 | Episode:    33362
battle_won_mean:           0.0000	central_loss:              0.0125	dead_allies_mean:          9.0183	dead_enemies_mean:         4.1035
ep_length_mean:           91.8287	epsilon:                   0.0500	grad_norm:                 0.3776	loss:                      0.0225
qmix_loss:                 0.0100	return_mean:               8.0908	return_std:                1.4899	test_battle_won_mean:      0.0000
test_dead_allies_mean:     9.0500	test_dead_enemies_mean:    4.8125	test_ep_length_mean:     105.9500	test_return_mean:          9.0729
test_return_std:           1.4839	w_to_use:                  0.7383	
[INFO 12:24:25] my_main t_env: 1838825 / 2050000
[INFO 12:24:25] my_main Estimated time left: 31 minutes, 5 seconds. Time passed: 4 hours, 51 minutes, 7 seconds
[INFO 12:24:39] my_main Recent Stats | t_env:    1838825 | Episode:    33476
battle_won_mean:           0.0000	central_loss:              0.0119	dead_allies_mean:          9.0175	dead_enemies_mean:         4.0383
ep_length_mean:           93.0278	epsilon:                   0.0500	grad_norm:                 0.3829	loss:                      0.0219
qmix_loss:                 0.0100	return_mean:               8.0679	return_std:                1.4677	test_battle_won_mean:      0.0000
test_dead_allies_mean:     9.0062	test_dead_enemies_mean:    4.7250	test_ep_length_mean:     112.4938	test_return_mean:          9.0343
test_return_std:           1.4706	w_to_use:                  0.7383	
[INFO 12:25:55] my_main t_env: 1848891 / 2050000
[INFO 12:25:55] my_main Estimated time left: 30 minutes, 3 seconds. Time passed: 4 hours, 52 minutes, 38 seconds
[INFO 12:26:08] my_main Recent Stats | t_env:    1848891 | Episode:    33596
battle_won_mean:           0.0000	central_loss:              0.0125	dead_allies_mean:          9.0329	dead_enemies_mean:         4.0357
ep_length_mean:           91.5736	epsilon:                   0.0500	grad_norm:                 0.3893	loss:                      0.0229
qmix_loss:                 0.0104	return_mean:               8.0479	return_std:                1.4388	test_battle_won_mean:      0.0000
test_dead_allies_mean:     8.9812	test_dead_enemies_mean:    4.7188	test_ep_length_mean:     114.0563	test_return_mean:          8.9918
test_return_std:           1.5031	w_to_use:                  0.7353	
RequestQuit command received.
Closing Application...
DataHandler: unable to parse websocket frame.
CloseHandler: 127.0.0.1:57362 disconnected
[INFO 12:26:12] absl Shutdown gracefully.
[INFO 12:26:12] absl Shutdown with return code: -15
[INFO 12:26:12] absl Launching SC2: /labmount/users/202535331/MARL/pymarl-monotone-qmix/3rdparty/StarCraftII/Versions/Base75689/SC2_x64 -listen 127.0.0.1 -port 37421 -dataDir /labmount/users/202535331/MARL/pymarl-monotone-qmix/3rdparty/StarCraftII/ -tempDir /tmp/sc-4e2rrutk/
[INFO 12:26:13] absl Connecting to: ws://127.0.0.1:37421/sc2api, attempt: 0, running: True
Version: B75689 (SC2.4.10)
Build: Aug 12 2019 17:16:57
Command Line: '"/labmount/users/202535331/MARL/pymarl-monotone-qmix/3rdparty/StarCraftII/Versions/Base75689/SC2_x64" -listen 127.0.0.1 -port 37421 -dataDir /labmount/users/202535331/MARL/pymarl-monotone-qmix/3rdparty/StarCraftII/ -tempDir /tmp/sc-4e2rrutk/'
Starting up...
Startup Phase 1 complete
[INFO 12:26:14] absl Connecting to: ws://127.0.0.1:37421/sc2api, attempt: 1, running: True
Startup Phase 2 complete
Creating stub renderer...
Listening on: 127.0.0.1:37421
Startup Phase 3 complete. Ready for commands.
[INFO 12:26:15] absl Connecting to: ws://127.0.0.1:37421/sc2api, attempt: 2, running: True
ConnectHandler: Request from 127.0.0.1:34208 accepted
ReadyHandler: 127.0.0.1:34208 ready
Requesting to join a single player game
Configuring interface options
Configure: raw interface enabled
Configure: feature layer interface disabled
Configure: score interface disabled
Configure: render interface disabled
Launching next game.
Next launch phase started: 2
Next launch phase started: 3
Next launch phase started: 4
Next launch phase started: 5
Next launch phase started: 6
Next launch phase started: 7
Next launch phase started: 8
Game has started.
Using default stable ids, none found at: /labmount/users/202535331/MARL/pymarl-monotone-qmix/3rdparty/StarCraftII/stableid.json
Successfully loaded stable ids: GameData\stableid.json
Sending ResponseJoinGame
[INFO 12:27:27] my_main t_env: 1858894 / 2050000
[INFO 12:27:27] my_main Estimated time left: 29 minutes, 7 seconds. Time passed: 4 hours, 54 minutes, 9 seconds
[INFO 12:27:39] my_main Recent Stats | t_env:    1858894 | Episode:    33708
battle_won_mean:           0.0000	central_loss:              0.0130	dead_allies_mean:          9.0203	dead_enemies_mean:         4.0785
ep_length_mean:           91.6870	epsilon:                   0.0500	grad_norm:                 0.3949	loss:                      0.0238
qmix_loss:                 0.0109	return_mean:               8.0439	return_std:                1.3954	test_battle_won_mean:      0.0000
test_dead_allies_mean:     8.9625	test_dead_enemies_mean:    4.9250	test_ep_length_mean:     111.8750	test_return_mean:          9.0729
test_return_std:           1.4799	w_to_use:                  0.7621	
[INFO 12:28:53] my_main t_env: 1869003 / 2050000
[INFO 12:28:53] my_main Estimated time left: 25 minutes, 49 seconds. Time passed: 4 hours, 55 minutes, 36 seconds
[INFO 12:29:05] my_main Recent Stats | t_env:    1869003 | Episode:    33822
battle_won_mean:           0.0000	central_loss:              0.0136	dead_allies_mean:          9.0196	dead_enemies_mean:         4.1130
ep_length_mean:           93.1043	epsilon:                   0.0500	grad_norm:                 0.4104	loss:                      0.0247
qmix_loss:                 0.0110	return_mean:               8.0842	return_std:                1.3794	test_battle_won_mean:      0.0000
test_dead_allies_mean:     8.9625	test_dead_enemies_mean:    5.0938	test_ep_length_mean:     110.0250	test_return_mean:          9.1049
test_return_std:           1.5243	w_to_use:                  0.7623	
[INFO 12:30:17] my_main t_env: 1879009 / 2050000
[INFO 12:30:17] my_main Estimated time left: 23 minutes, 50 seconds. Time passed: 4 hours, 56 minutes, 59 seconds
[INFO 12:30:30] my_main Recent Stats | t_env:    1879009 | Episode:    33932
battle_won_mean:           0.0000	central_loss:              0.0128	dead_allies_mean:          9.0095	dead_enemies_mean:         4.1506
ep_length_mean:           88.1775	epsilon:                   0.0500	grad_norm:                 0.3451	loss:                      0.0238
qmix_loss:                 0.0110	return_mean:               8.0650	return_std:                1.3613	test_battle_won_mean:      0.0000
test_dead_allies_mean:     8.9688	test_dead_enemies_mean:    5.1813	test_ep_length_mean:     106.3500	test_return_mean:          9.1337
test_return_std:           1.4728	w_to_use:                  0.7689	
[INFO 12:31:49] my_main t_env: 1889133 / 2050000
[INFO 12:31:49] my_main Estimated time left: 24 minutes, 19 seconds. Time passed: 4 hours, 58 minutes, 31 seconds
[INFO 12:32:00] my_main Recent Stats | t_env:    1889133 | Episode:    34058
battle_won_mean:           0.0000	central_loss:              0.0126	dead_allies_mean:          9.0212	dead_enemies_mean:         4.0862
ep_length_mean:           86.6368	epsilon:                   0.0500	grad_norm:                 0.3179	loss:                      0.0236
qmix_loss:                 0.0109	return_mean:               8.0608	return_std:                1.3307	test_battle_won_mean:      0.0000
test_dead_allies_mean:     8.9688	test_dead_enemies_mean:    5.2875	test_ep_length_mean:      98.8688	test_return_mean:          9.1793
test_return_std:           1.4840	w_to_use:                  0.7724	
[INFO 12:33:09] my_main t_env: 1899171 / 2050000
[INFO 12:33:09] my_main Estimated time left: 19 minutes, 56 seconds. Time passed: 4 hours, 59 minutes, 51 seconds
RequestQuit command received.
Closing Application...
DataHandler: unable to parse websocket frame.
CloseHandler: 127.0.0.1:34208 disconnected
[INFO 12:33:21] absl Shutdown gracefully.
[INFO 12:33:21] absl Shutdown with return code: -15
[INFO 12:33:21] absl Launching SC2: /labmount/users/202535331/MARL/pymarl-monotone-qmix/3rdparty/StarCraftII/Versions/Base75689/SC2_x64 -listen 127.0.0.1 -port 41839 -dataDir /labmount/users/202535331/MARL/pymarl-monotone-qmix/3rdparty/StarCraftII/ -tempDir /tmp/sc-l__5147l/
[INFO 12:33:21] absl Connecting to: ws://127.0.0.1:41839/sc2api, attempt: 0, running: True
Version: B75689 (SC2.4.10)
Build: Aug 12 2019 17:16:57
Command Line: '"/labmount/users/202535331/MARL/pymarl-monotone-qmix/3rdparty/StarCraftII/Versions/Base75689/SC2_x64" -listen 127.0.0.1 -port 41839 -dataDir /labmount/users/202535331/MARL/pymarl-monotone-qmix/3rdparty/StarCraftII/ -tempDir /tmp/sc-l__5147l/'
Starting up...
Startup Phase 1 complete
[INFO 12:33:22] absl Connecting to: ws://127.0.0.1:41839/sc2api, attempt: 1, running: True
Startup Phase 2 complete
Creating stub renderer...
Listening on: 127.0.0.1:41839
Startup Phase 3 complete. Ready for commands.
[INFO 12:33:23] absl Connecting to: ws://127.0.0.1:41839/sc2api, attempt: 2, running: True
ConnectHandler: Request from 127.0.0.1:41058 accepted
ReadyHandler: 127.0.0.1:41058 ready
Requesting to join a single player game
Configuring interface options
Configure: raw interface enabled
Configure: feature layer interface disabled
Configure: score interface disabled
Configure: render interface disabled
Launching next game.
Next launch phase started: 2
Next launch phase started: 3
Next launch phase started: 4
Next launch phase started: 5
Next launch phase started: 6
Next launch phase started: 7
Next launch phase started: 8
Game has started.
Using default stable ids, none found at: /labmount/users/202535331/MARL/pymarl-monotone-qmix/3rdparty/StarCraftII/stableid.json
Successfully loaded stable ids: GameData\stableid.json
Sending ResponseJoinGame
[INFO 12:33:28] my_main Recent Stats | t_env:    1899171 | Episode:    34160
battle_won_mean:           0.0000	central_loss:              0.0147	dead_allies_mean:          9.0093	dead_enemies_mean:         4.0893
ep_length_mean:           89.5425	epsilon:                   0.0500	grad_norm:                 0.5093	loss:                      0.0258
qmix_loss:                 0.0112	return_mean:               8.0859	return_std:                1.3792	test_battle_won_mean:      0.0000
test_dead_allies_mean:     8.9125	test_dead_enemies_mean:    5.2188	test_ep_length_mean:      99.9875	test_return_mean:          9.1800
test_return_std:           1.3959	w_to_use:                  0.7803	
[INFO 12:34:41] my_main t_env: 1909301 / 2050000
[INFO 12:34:41] my_main Estimated time left: 21 minutes, 20 seconds. Time passed: 5 hours, 1 minutes, 23 seconds
[INFO 12:34:53] my_main Recent Stats | t_env:    1909301 | Episode:    34273
battle_won_mean:           0.0000	central_loss:              0.0148	dead_allies_mean:          9.0271	dead_enemies_mean:         4.0535
ep_length_mean:           89.6092	epsilon:                   0.0500	grad_norm:                 0.4800	loss:                      0.0257
qmix_loss:                 0.0109	return_mean:               8.0409	return_std:                1.3675	test_battle_won_mean:      0.0000
test_dead_allies_mean:     8.9125	test_dead_enemies_mean:    5.1375	test_ep_length_mean:      99.6625	test_return_mean:          9.1139
test_return_std:           1.3620	w_to_use:                  0.7861	
[INFO 12:36:02] my_main t_env: 1919360 / 2050000
[INFO 12:36:02] my_main Estimated time left: 17 minutes, 29 seconds. Time passed: 5 hours, 2 minutes, 44 seconds
[INFO 12:36:14] my_main Recent Stats | t_env:    1919360 | Episode:    34371
battle_won_mean:           0.0000	central_loss:              0.0149	dead_allies_mean:          9.0186	dead_enemies_mean:         4.0234
ep_length_mean:           92.4027	epsilon:                   0.0500	grad_norm:                 0.4822	loss:                      0.0260
qmix_loss:                 0.0111	return_mean:               8.0783	return_std:                1.3856	test_battle_won_mean:      0.0000
test_dead_allies_mean:     8.9125	test_dead_enemies_mean:    5.0625	test_ep_length_mean:     101.6188	test_return_mean:          9.0686
test_return_std:           1.3735	w_to_use:                  0.7588	
[INFO 12:37:20] my_main t_env: 1929362 / 2050000
[INFO 12:37:20] my_main Estimated time left: 15 minutes, 50 seconds. Time passed: 5 hours, 4 minutes, 3 seconds
[INFO 12:37:35] my_main Recent Stats | t_env:    1929362 | Episode:    34464
battle_won_mean:           0.0000	central_loss:              0.0146	dead_allies_mean:          9.0305	dead_enemies_mean:         3.9487
ep_length_mean:           95.7196	epsilon:                   0.0500	grad_norm:                 0.5013	loss:                      0.0255
qmix_loss:                 0.0109	return_mean:               8.0490	return_std:                1.4149	test_battle_won_mean:      0.0000
test_dead_allies_mean:     8.9125	test_dead_enemies_mean:    4.9625	test_ep_length_mean:     104.0875	test_return_mean:          8.9216
test_return_std:           1.3168	w_to_use:                  0.7644	
[INFO 12:38:43] my_main t_env: 1939362 / 2050000
[INFO 12:38:43] my_main Estimated time left: 15 minutes, 8 seconds. Time passed: 5 hours, 5 minutes, 25 seconds
[INFO 12:38:54] my_main Recent Stats | t_env:    1939362 | Episode:    34565
battle_won_mean:           0.0000	central_loss:              0.0164	dead_allies_mean:          9.0123	dead_enemies_mean:         3.9649
ep_length_mean:           99.4518	epsilon:                   0.0500	grad_norm:                 0.5253	loss:                      0.0282
qmix_loss:                 0.0118	return_mean:               8.0668	return_std:                1.4874	test_battle_won_mean:      0.0000
test_dead_allies_mean:     8.8938	test_dead_enemies_mean:    4.9125	test_ep_length_mean:     105.5125	test_return_mean:          8.8358
test_return_std:           1.3674	w_to_use:                  0.7623	
[INFO 12:40:01] my_main t_env: 1949469 / 2050000
[INFO 12:40:01] my_main Estimated time left: 12 minutes, 55 seconds. Time passed: 5 hours, 6 minutes, 43 seconds
RequestQuit command received.
Closing Application...
DataHandler: unable to parse websocket frame.
CloseHandler: 127.0.0.1:41058 disconnected
[INFO 12:40:06] absl Shutdown gracefully.
[INFO 12:40:06] absl Shutdown with return code: -15
[INFO 12:40:06] absl Launching SC2: /labmount/users/202535331/MARL/pymarl-monotone-qmix/3rdparty/StarCraftII/Versions/Base75689/SC2_x64 -listen 127.0.0.1 -port 39709 -dataDir /labmount/users/202535331/MARL/pymarl-monotone-qmix/3rdparty/StarCraftII/ -tempDir /tmp/sc-yuz8klmv/
[INFO 12:40:06] absl Connecting to: ws://127.0.0.1:39709/sc2api, attempt: 0, running: True
Version: B75689 (SC2.4.10)
Build: Aug 12 2019 17:16:57
Command Line: '"/labmount/users/202535331/MARL/pymarl-monotone-qmix/3rdparty/StarCraftII/Versions/Base75689/SC2_x64" -listen 127.0.0.1 -port 39709 -dataDir /labmount/users/202535331/MARL/pymarl-monotone-qmix/3rdparty/StarCraftII/ -tempDir /tmp/sc-yuz8klmv/'
Starting up...
Startup Phase 1 complete
[INFO 12:40:07] absl Connecting to: ws://127.0.0.1:39709/sc2api, attempt: 1, running: True
Startup Phase 2 complete
Creating stub renderer...
Listening on: 127.0.0.1:39709
Startup Phase 3 complete. Ready for commands.
[INFO 12:40:08] absl Connecting to: ws://127.0.0.1:39709/sc2api, attempt: 2, running: True
ConnectHandler: Request from 127.0.0.1:52952 accepted
ReadyHandler: 127.0.0.1:52952 ready
Requesting to join a single player game
Configuring interface options
Configure: raw interface enabled
Configure: feature layer interface disabled
Configure: score interface disabled
Configure: render interface disabled
Launching next game.
Next launch phase started: 2
Next launch phase started: 3
Next launch phase started: 4
Next launch phase started: 5
Next launch phase started: 6
Next launch phase started: 7
Next launch phase started: 8
Game has started.
Using default stable ids, none found at: /labmount/users/202535331/MARL/pymarl-monotone-qmix/3rdparty/StarCraftII/stableid.json
Successfully loaded stable ids: GameData\stableid.json
Sending ResponseJoinGame
[INFO 12:40:20] my_main Recent Stats | t_env:    1949469 | Episode:    34663
battle_won_mean:           0.0000	central_loss:              0.0135	dead_allies_mean:          9.0101	dead_enemies_mean:         3.9560
ep_length_mean:          100.3960	epsilon:                   0.0500	grad_norm:                 0.3208	loss:                      0.0242
qmix_loss:                 0.0106	return_mean:               8.0562	return_std:                1.4959	test_battle_won_mean:      0.0000
test_dead_allies_mean:     8.9000	test_dead_enemies_mean:    4.8812	test_ep_length_mean:     106.3000	test_return_mean:          8.7957
test_return_std:           1.3575	w_to_use:                  0.7597	
[INFO 12:41:28] my_main t_env: 1959506 / 2050000
[INFO 12:41:28] my_main Estimated time left: 13 minutes, 7 seconds. Time passed: 5 hours, 8 minutes, 10 seconds
[INFO 12:41:41] my_main Recent Stats | t_env:    1959506 | Episode:    34769
battle_won_mean:           0.0000	central_loss:              0.0135	dead_allies_mean:          9.0065	dead_enemies_mean:         3.9467
ep_length_mean:          101.4045	epsilon:                   0.0500	grad_norm:                 0.4003	loss:                      0.0236
qmix_loss:                 0.0101	return_mean:               8.0717	return_std:                1.5176	test_battle_won_mean:      0.0000
test_dead_allies_mean:     8.8562	test_dead_enemies_mean:    5.0000	test_ep_length_mean:     109.2125	test_return_mean:          8.8774
test_return_std:           1.4507	w_to_use:                  0.7593	
[INFO 12:42:41] my_main t_env: 1969506 / 2050000
[INFO 12:42:41] my_main Estimated time left: 9 minutes, 52 seconds. Time passed: 5 hours, 9 minutes, 24 seconds
[INFO 12:42:55] my_main Recent Stats | t_env:    1969506 | Episode:    34854
battle_won_mean:           0.0000	central_loss:              0.0133	dead_allies_mean:          8.9927	dead_enemies_mean:         3.9346
ep_length_mean:          104.4053	epsilon:                   0.0500	grad_norm:                 0.4526	loss:                      0.0232
qmix_loss:                 0.0099	return_mean:               8.0216	return_std:                1.4737	test_battle_won_mean:      0.0000
test_dead_allies_mean:     8.8250	test_dead_enemies_mean:    5.0312	test_ep_length_mean:     111.6125	test_return_mean:          8.9314
test_return_std:           1.4763	w_to_use:                  0.7882	
[INFO 12:43:57] my_main t_env: 1979513 / 2050000
[INFO 12:43:57] my_main Estimated time left: 8 minutes, 51 seconds. Time passed: 5 hours, 10 minutes, 39 seconds
[INFO 12:44:11] my_main Recent Stats | t_env:    1979513 | Episode:    34944
battle_won_mean:           0.0000	central_loss:              0.0146	dead_allies_mean:          8.9818	dead_enemies_mean:         4.0015
ep_length_mean:          105.1334	epsilon:                   0.0500	grad_norm:                 0.4748	loss:                      0.0247
qmix_loss:                 0.0100	return_mean:               8.0685	return_std:                1.4295	test_battle_won_mean:      0.0000
test_dead_allies_mean:     8.8438	test_dead_enemies_mean:    5.0250	test_ep_length_mean:     113.1875	test_return_mean:          9.0324
test_return_std:           1.4885	w_to_use:                  0.7896	
[INFO 12:45:11] my_main t_env: 1989639 / 2050000
[INFO 12:45:11] my_main Estimated time left: 7 minutes, 23 seconds. Time passed: 5 hours, 11 minutes, 53 seconds
[INFO 12:45:23] my_main Recent Stats | t_env:    1989639 | Episode:    35028
battle_won_mean:           0.0000	central_loss:              0.0134	dead_allies_mean:          8.9778	dead_enemies_mean:         4.0217
ep_length_mean:          109.4410	epsilon:                   0.0500	grad_norm:                 0.4945	loss:                      0.0226
qmix_loss:                 0.0092	return_mean:               8.0909	return_std:                1.4366	test_battle_won_mean:      0.0000
test_dead_allies_mean:     8.8750	test_dead_enemies_mean:    4.9625	test_ep_length_mean:     115.4750	test_return_mean:          9.0736
test_return_std:           1.4271	w_to_use:                  0.7910	
RequestQuit command received.
Closing Application...
DataHandler: unable to parse websocket frame.
CloseHandler: 127.0.0.1:52952 disconnected
[INFO 12:46:09] absl Shutdown gracefully.
[INFO 12:46:09] absl Shutdown with return code: -15
[INFO 12:46:09] absl Launching SC2: /labmount/users/202535331/MARL/pymarl-monotone-qmix/3rdparty/StarCraftII/Versions/Base75689/SC2_x64 -listen 127.0.0.1 -port 44405 -dataDir /labmount/users/202535331/MARL/pymarl-monotone-qmix/3rdparty/StarCraftII/ -tempDir /tmp/sc-aiyeqdyw/
[INFO 12:46:10] absl Connecting to: ws://127.0.0.1:44405/sc2api, attempt: 0, running: True
Version: B75689 (SC2.4.10)
Build: Aug 12 2019 17:16:57
Command Line: '"/labmount/users/202535331/MARL/pymarl-monotone-qmix/3rdparty/StarCraftII/Versions/Base75689/SC2_x64" -listen 127.0.0.1 -port 44405 -dataDir /labmount/users/202535331/MARL/pymarl-monotone-qmix/3rdparty/StarCraftII/ -tempDir /tmp/sc-aiyeqdyw/'
Starting up...
Startup Phase 1 complete
[INFO 12:46:11] absl Connecting to: ws://127.0.0.1:44405/sc2api, attempt: 1, running: True
Startup Phase 2 complete
Creating stub renderer...
Listening on: 127.0.0.1:44405
Startup Phase 3 complete. Ready for commands.
[INFO 12:46:12] absl Connecting to: ws://127.0.0.1:44405/sc2api, attempt: 2, running: True
ConnectHandler: Request from 127.0.0.1:49618 accepted
ReadyHandler: 127.0.0.1:49618 ready
Requesting to join a single player game
Configuring interface options
Configure: raw interface enabled
Configure: feature layer interface disabled
Configure: score interface disabled
Configure: render interface disabled
Launching next game.
Next launch phase started: 2
Next launch phase started: 3
Next launch phase started: 4
Next launch phase started: 5
Next launch phase started: 6
Next launch phase started: 7
Next launch phase started: 8
Game has started.
Using default stable ids, none found at: /labmount/users/202535331/MARL/pymarl-monotone-qmix/3rdparty/StarCraftII/stableid.json
Successfully loaded stable ids: GameData\stableid.json
Sending ResponseJoinGame
[INFO 12:46:27] my_main t_env: 1999801 / 2050000
[INFO 12:46:27] my_main Estimated time left: 6 minutes, 16 seconds. Time passed: 5 hours, 13 minutes, 10 seconds
[INFO 12:46:42] my_main Recent Stats | t_env:    1999801 | Episode:    35108
battle_won_mean:           0.0000	central_loss:              0.0139	dead_allies_mean:          8.9569	dead_enemies_mean:         4.0293
ep_length_mean:          114.2194	epsilon:                   0.0500	grad_norm:                 0.5410	loss:                      0.0232
qmix_loss:                 0.0092	return_mean:               8.1615	return_std:                1.4016	test_battle_won_mean:      0.0000
test_dead_allies_mean:     8.9313	test_dead_enemies_mean:    5.0687	test_ep_length_mean:     117.7250	test_return_mean:          9.1745
test_return_std:           1.4805	w_to_use:                  0.8003	
[INFO 12:46:44] my_main Saving models to results/models/cw_qmix_MMM2_seed141__2026-09-17_07-33-12/2000196
[INFO 12:47:44] my_main t_env: 2009977 / 2050000
[INFO 12:47:44] my_main Estimated time left: 5 minutes, 0 seconds. Time passed: 5 hours, 14 minutes, 26 seconds
[INFO 12:48:00] my_main Recent Stats | t_env:    2009977 | Episode:    35195
battle_won_mean:           0.0000	central_loss:              0.0127	dead_allies_mean:          8.9496	dead_enemies_mean:         4.0897
ep_length_mean:          118.6748	epsilon:                   0.0500	grad_norm:                 0.4857	loss:                      0.0221
qmix_loss:                 0.0094	return_mean:               8.2694	return_std:                1.4177	test_battle_won_mean:      0.0000
test_dead_allies_mean:     8.9500	test_dead_enemies_mean:    5.0250	test_ep_length_mean:     123.5312	test_return_mean:          9.1218
test_return_std:           1.4140	w_to_use:                  0.8085	
[INFO 12:49:02] my_main t_env: 2019994 / 2050000
[INFO 12:49:02] my_main Estimated time left: 3 minutes, 55 seconds. Time passed: 5 hours, 15 minutes, 45 seconds
[INFO 12:49:18] my_main Recent Stats | t_env:    2019994 | Episode:    35287
battle_won_mean:           0.0000	central_loss:              0.0128	dead_allies_mean:          8.9527	dead_enemies_mean:         4.1277
ep_length_mean:          116.9215	epsilon:                   0.0500	grad_norm:                 0.4220	loss:                      0.0222
qmix_loss:                 0.0094	return_mean:               8.3297	return_std:                1.4601	test_battle_won_mean:      0.0000
test_dead_allies_mean:     8.9812	test_dead_enemies_mean:    4.9562	test_ep_length_mean:     127.6625	test_return_mean:          9.0951
test_return_std:           1.3186	w_to_use:                  0.7968	
[INFO 12:50:18] my_main t_env: 2030150 / 2050000
[INFO 12:50:18] my_main Estimated time left: 2 minutes, 26 seconds. Time passed: 5 hours, 17 minutes, 0 seconds
[INFO 12:50:30] my_main Recent Stats | t_env:    2030150 | Episode:    35370
battle_won_mean:           0.0000	central_loss:              0.0122	dead_allies_mean:          8.9499	dead_enemies_mean:         4.0849
ep_length_mean:          119.1560	epsilon:                   0.0500	grad_norm:                 0.3599	loss:                      0.0216
qmix_loss:                 0.0094	return_mean:               8.3703	return_std:                1.4627	test_battle_won_mean:      0.0000
test_dead_allies_mean:     8.9812	test_dead_enemies_mean:    4.9813	test_ep_length_mean:     122.6063	test_return_mean:          9.0297
test_return_std:           1.2843	w_to_use:                  0.7808	
[INFO 12:51:28] my_main t_env: 2040157 / 2050000
[INFO 12:51:28] my_main Estimated time left: 1 minutes, 9 seconds. Time passed: 5 hours, 18 minutes, 10 seconds
[INFO 12:51:42] my_main Recent Stats | t_env:    2040157 | Episode:    35451
battle_won_mean:           0.0000	central_loss:              0.0118	dead_allies_mean:          8.9301	dead_enemies_mean:         4.0706
ep_length_mean:          119.7551	epsilon:                   0.0500	grad_norm:                 0.3336	loss:                      0.0209
qmix_loss:                 0.0091	return_mean:               8.3604	return_std:                1.4323	test_battle_won_mean:      0.0000
test_dead_allies_mean:     8.9375	test_dead_enemies_mean:    5.0250	test_ep_length_mean:     126.4062	test_return_mean:          9.0379
test_return_std:           1.2869	w_to_use:                  0.7843	
RequestQuit command received.
Closing Application...
DataHandler: unable to parse websocket frame.
CloseHandler: 127.0.0.1:49618 disconnected
[INFO 12:51:59] absl Shutdown gracefully.
[INFO 12:51:59] absl Shutdown with return code: -15
[INFO 12:51:59] absl Launching SC2: /labmount/users/202535331/MARL/pymarl-monotone-qmix/3rdparty/StarCraftII/Versions/Base75689/SC2_x64 -listen 127.0.0.1 -port 38929 -dataDir /labmount/users/202535331/MARL/pymarl-monotone-qmix/3rdparty/StarCraftII/ -tempDir /tmp/sc-16wpo3qt/
[INFO 12:52:00] absl Connecting to: ws://127.0.0.1:38929/sc2api, attempt: 0, running: True
Version: B75689 (SC2.4.10)
Build: Aug 12 2019 17:16:57
Command Line: '"/labmount/users/202535331/MARL/pymarl-monotone-qmix/3rdparty/StarCraftII/Versions/Base75689/SC2_x64" -listen 127.0.0.1 -port 38929 -dataDir /labmount/users/202535331/MARL/pymarl-monotone-qmix/3rdparty/StarCraftII/ -tempDir /tmp/sc-16wpo3qt/'
Starting up...
Startup Phase 1 complete
[INFO 12:52:01] absl Connecting to: ws://127.0.0.1:38929/sc2api, attempt: 1, running: True
Startup Phase 2 complete
Creating stub renderer...
Listening on: 127.0.0.1:38929
Startup Phase 3 complete. Ready for commands.
[INFO 12:52:02] absl Connecting to: ws://127.0.0.1:38929/sc2api, attempt: 2, running: True
ConnectHandler: Request from 127.0.0.1:36552 accepted
ReadyHandler: 127.0.0.1:36552 ready
Requesting to join a single player game
Configuring interface options
Configure: raw interface enabled
Configure: feature layer interface disabled
Configure: score interface disabled
Configure: render interface disabled
Launching next game.
Next launch phase started: 2
Next launch phase started: 3
Next launch phase started: 4
Next launch phase started: 5
Next launch phase started: 6
Next launch phase started: 7
Next launch phase started: 8
Game has started.
Using default stable ids, none found at: /labmount/users/202535331/MARL/pymarl-monotone-qmix/3rdparty/StarCraftII/stableid.json
Successfully loaded stable ids: GameData\stableid.json
Sending ResponseJoinGame
RequestQuit command received.
Closing Application...
DataHandler: unable to parse websocket frame.
CloseHandler: 127.0.0.1:36552 disconnected
[INFO 12:52:50] absl Shutdown gracefully.
[INFO 12:52:50] absl Shutdown with return code: -15
[INFO 12:52:50] my_main Finished Training
