{
  "battle_won_mean": [
    0.0,
    0.0,
    0.0,
    0.0,
    0.0,
    0.041916167664670656,
    0.09876543209876543,
    0.11834319526627218,
    0.20245398773006135,
    0.15976331360946747,
    0.14634146341463414,
    0.05228758169934641,
    0.07432432432432433,
    0.04697986577181208,
    0.05405405405405406,
    0.09433962264150944,
    0.06756756756756757,
    0.06790123456790123,
    0.013333333333333334,
    0.04819277108433735,
    0.013422818791946308,
    0.03896103896103896,
    0.12025316455696203,
    0.09090909090909091,
    0.10738255033557047,
    0.12903225806451613,
    0.10191082802547771,
    0.11538461538461539,
    0.11392405063291139,
    0.10666666666666667,
    0.14556962025316456
  ],
  "battle_won_mean_T": [
    47,
    10070,
    20115,
    30143,
    40267,
    50315,
    60341,
    70380,
    80438,
    90468,
    100549,
    110583,
    120600,
    130637,
    140685,
    150764,
    160804,
    170812,
    180951,
    191089,
    201090,
    211127,
    221143,
    231181,
    241215,
    251226,
    261277,
    271279,
    281308,
    291357,
    301458
  ],
  "dead_allies_mean": [
    8.0,
    8.0,
    7.994949494949495,
    8.0,
    7.995145631067961,
    7.802395209580839,
    7.6234567901234565,
    7.609467455621302,
    7.411042944785276,
    7.414201183431953,
    7.304878048780488,
    7.470588235294118,
    7.506756756756757,
    7.530201342281879,
    7.513513513513513,
    7.415094339622642,
    7.371621621621622,
    7.574074074074074,
    7.573333333333333,
    7.554216867469879,
    7.651006711409396,
    7.512987012987013,
    7.272151898734177,
    7.376623376623376,
    7.3624161073825505,
    7.341935483870968,
    7.477707006369426,
    7.365384615384615,
    7.436708860759493,
    7.433333333333334,
    7.360759493670886
  ],
  "dead_allies_mean_T": [
    47,
    10070,
    20115,
    30143,
    40267,
    50315,
    60341,
    70380,
    80438,
    90468,
    100549,
    110583,
    120600,
    130637,
    140685,
    150764,
    160804,
    170812,
    180951,
    191089,
    201090,
    211127,
    221143,
    231181,
    241215,
    251226,
    261277,
    271279,
    281308,
    291357,
    301458
  ],
  "dead_enemies_mean": [
    0.0,
    0.15463917525773196,
    0.4090909090909091,
    1.2980769230769231,
    2.354368932038835,
    4.065868263473054,
    4.827160493827161,
    4.810650887573964,
    5.233128834355829,
    5.0828402366863905,
    5.030487804878049,
    4.163398692810458,
    4.216216216216216,
    4.295302013422819,
    4.202702702702703,
    4.440251572327044,
    4.25,
    3.993827160493827,
    3.7,
    3.789156626506024,
    3.5503355704697985,
    3.8181818181818183,
    4.341772151898734,
    4.266233766233766,
    4.456375838926174,
    4.503225806451613,
    4.426751592356688,
    4.378205128205129,
    4.341772151898734,
    4.5,
    4.860759493670886
  ],
  "dead_enemies_mean_T": [
    47,
    10070,
    20115,
    30143,
    40267,
    50315,
    60341,
    70380,
    80438,
    90468,
    100549,
    110583,
    120600,
    130637,
    140685,
    150764,
    160804,
    170812,
    180951,
    191089,
    201090,
    211127,
    221143,
    231181,
    241215,
    251226,
    261277,
    271279,
    281308,
    291357,
    301458
  ],
  "ep_length_mean": [
    47.0,
    51.66494845360825,
    50.73232323232323,
    48.21153846153846,
    49.14563106796116,
    60.16766467065868,
    61.888888888888886,
    59.40236686390533,
    61.70552147239264,
    59.349112426035504,
    61.46951219512195,
    65.58169934640523,
    67.68243243243244,
    67.36241610738254,
    67.89189189189189,
    63.38993710691824,
    67.83783783783784,
    61.77777777777778,
    67.59333333333333,
    61.0722891566265,
    67.12080536912751,
    65.17532467532467,
    63.392405063291136,
    65.18181818181819,
    67.34228187919463,
    64.58709677419355,
    64.01910828025478,
    64.11538461538461,
    63.4746835443038,
    66.99333333333334,
    63.93037974683544
  ],
  "ep_length_mean_T": [
    47,
    10070,
    20115,
    30143,
    40267,
    50315,
    60341,
    70380,
    80438,
    90468,
    100549,
    110583,
    120600,
    130637,
    140685,
    150764,
    160804,
    170812,
    180951,
    191089,
    201090,
    211127,
    221143,
    231181,
    241215,
    251226,
    261277,
    271279,
    281308,
    291357,
    301458
  ],
  "episode": [
    194,
    392,
    600,
    806,
    971,
    1134,
    1304,
    1467,
    1636,
    1801,
    1954,
    2102,
    2251,
    2399,
    2558,
    2706,
    2868,
    3018,
    3184,
    3333,
    3487,
    3645,
    3799,
    3948,
    4103,
    4260,
    4416,
    4574,
    4724,
    4882
  ],
  "episode_T": [
    10023,
    20069,
    30092,
    40117,
    50164,
    60207,
    70321,
    80366,
    90402,
    100549,
    110583,
    120600,
    130637,
    140685,
    150764,
    160804,
    170812,
    180951,
    191089,
    201090,
    211127,
    221143,
    231181,
    241215,
    251226,
    261277,
    271279,
    281308,
    291357,
    301458
  ],
  "epsilon": [
    1.0,
    0.809563,
    0.618689,
    0.4282520000000001,
    0.23777700000000013,
    0.05,
    0.05,
    0.05,
    0.05,
    0.05,
    0.05,
    0.05,
    0.05,
    0.05,
    0.05,
    0.05,
    0.05,
    0.05,
    0.05,
    0.05,
    0.05,
    0.05,
    0.05,
    0.05,
    0.05,
    0.05,
    0.05,
    0.05,
    0.05,
    0.05,
    0.05
  ],
  "epsilon_T": [
    47,
    10070,
    20115,
    30143,
    40267,
    50315,
    60341,
    70380,
    80438,
    90468,
    100549,
    110583,
    120600,
    130637,
    140685,
    150764,
    160804,
    170812,
    180951,
    191089,
    201090,
    211127,
    221143,
    231181,
    241215,
    251226,
    261277,
    271279,
    281308,
    291357,
    301458
  ],
  "grad_norm": [
    4.378572940826416,
    0.32452094554901123,
    0.11986429989337921,
    0.16176174581050873,
    0.26997384428977966,
    0.3013497292995453,
    0.216451957821846,
    0.7816552519798279,
    0.7374964952468872,
    0.6273205280303955,
    0.09934218227863312,
    0.5459210872650146,
    0.2552570104598999,
    0.6347968578338623,
    0.12288767844438553,
    0.7242770791053772,
    0.24828337132930756,
    1.6702172756195068,
    1.2319163084030151,
    2.681532144546509,
    1.2009119987487793,
    0.31268617510795593,
    0.34777629375457764,
    0.1783115714788437,
    1.0056240558624268,
    0.22282114624977112,
    0.834659218788147,
    1.4490952491760254,
    1.0794470310211182,
    0.101369209587574,
    0.9532272815704346
  ],
  "grad_norm_T": [
    1648,
    11652,
    21675,
    31708,
    41737,
    51768,
    61806,
    71830,
    81868,
    91908,
    101923,
    111952,
    122020,
    132031,
    142069,
    152205,
    162216,
    172330,
    182369,
    192409,
    202464,
    212480,
    222541,
    232572,
    242713,
    252752,
    262790,
    272818,
    282827,
    292850,
    302863
  ],
  "loss": [
    0.19045166671276093,
    0.016124537214636803,
    0.016316434368491173,
    0.017828673124313354,
    0.015537694096565247,
    0.015580502338707447,
    0.016777055338025093,
    0.02841256372630596,
    0.02332308702170849,
    0.025976475328207016,
    0.024815121665596962,
    0.031901247799396515,
    0.029535572975873947,
    0.027285218238830566,
    0.03231657296419144,
    0.03008442372083664,
    0.024190394207835197,
    0.0410708449780941,
    0.03453139588236809,
    0.052296459674835205,
    0.03582681715488434,
    0.03648841008543968,
    0.03412835672497749,
    0.034829601645469666,
    0.03111819177865982,
    0.03246337175369263,
    0.032947853207588196,
    0.06684695929288864,
    0.04003871604800224,
    0.02829565666615963,
    0.03522779792547226
  ],