/labmount/users/202535331/miniconda3/envs/pymarl/lib/python3.9/site-packages/sacred/dependencies.py:11: UserWarning: pkg_resources is deprecated as an API. See https://setuptools.pypa.io/en/latest/pkg_resources.html. The pkg_resources package is slated for removal as early as 2025-11-30. Refrain from using this package or pin to Setuptools<81.
  import pkg_resources
[DEBUG 05:12:32] git.cmd Popen(['git', 'version'], cwd=/labmount/users/202535331/MARL/pymarl-monotone-qmix, stdin=None, shell=False, universal_newlines=False)
[DEBUG 05:12:32] git.cmd Popen(['git', 'version'], cwd=/labmount/users/202535331/MARL/pymarl-monotone-qmix, stdin=None, shell=False, universal_newlines=False)
[DEBUG 05:12:32] git.util sys.platform='linux', git_executable='git'
[DEBUG 05:12:32] git.cmd Popen(['git', 'diff', '--cached', '--abbrev=40', '--full-index', '--raw'], cwd=/labmount/users/202535331/MARL/pymarl-monotone-qmix, stdin=None, shell=False, universal_newlines=False)
[DEBUG 05:12:32] git.cmd Popen(['git', 'diff', '--abbrev=40', '--full-index', '--raw'], cwd=/labmount/users/202535331/MARL/pymarl-monotone-qmix, stdin=None, shell=False, universal_newlines=False)
[DEBUG 05:12:33] git.cmd Popen(['git', 'cat-file', '--batch-check'], cwd=/labmount/users/202535331/MARL/pymarl-monotone-qmix, stdin=<valid stream>, shell=False, universal_newlines=False)
[DEBUG 05:12:33] git.util sys.platform='linux', git_executable='git'
[DEBUG 05:12:33] git.cmd Popen(['git', 'diff', '--cached', '--abbrev=40', '--full-index', '--raw'], cwd=/labmount/users/202535331/MARL/pymarl-monotone-qmix, stdin=None, shell=False, universal_newlines=False)
[DEBUG 05:12:33] git.cmd Popen(['git', 'diff', '--abbrev=40', '--full-index', '--raw'], cwd=/labmount/users/202535331/MARL/pymarl-monotone-qmix, stdin=None, shell=False, universal_newlines=False)
[DEBUG 05:12:33] git.cmd Popen(['git', 'cat-file', '--batch-check'], cwd=/labmount/users/202535331/MARL/pymarl-monotone-qmix, stdin=<valid stream>, shell=False, universal_newlines=False)
[DEBUG 05:12:33] git.util sys.platform='linux', git_executable='git'
[DEBUG 05:12:33] git.cmd Popen(['git', 'diff', '--cached', '--abbrev=40', '--full-index', '--raw'], cwd=/labmount/users/202535331/MARL/pymarl-monotone-qmix, stdin=None, shell=False, universal_newlines=False)
[DEBUG 05:12:33] git.cmd Popen(['git', 'diff', '--abbrev=40', '--full-index', '--raw'], cwd=/labmount/users/202535331/MARL/pymarl-monotone-qmix, stdin=None, shell=False, universal_newlines=False)
[DEBUG 05:12:33] git.cmd Popen(['git', 'cat-file', '--batch-check'], cwd=/labmount/users/202535331/MARL/pymarl-monotone-qmix, stdin=<valid stream>, shell=False, universal_newlines=False)
[INFO 05:12:33] root Saving to FileStorageObserver in /labmount/users/202535331/MARL/pymarl-monotone-qmix/results/sacred/s2q_pmix_kan.
[DEBUG 05:12:34] pymarl Using capture mode "fd"
[INFO 05:12:34] pymarl Running command 'my_main'
[INFO 05:12:34] pymarl Started run with ID "3"
[DEBUG 05:12:34] pymarl Starting Heartbeat
[DEBUG 05:12:34] my_main Started
[INFO 05:12:34] my_main Experiment Parameters:
[INFO 05:12:34] my_main 

{   'action_selector': 's2q_epsilon_greedy',
    'agent': 's2q_rnn',
    'agent_output_type': 'q',
    'batch_size': 32,
    'batch_size_run': 1,
    'buffer_cpu_only': True,
    'buffer_size': 5000,
    'central_action_embed': 1,
    'central_mixing_embed_dim': 256,
    'checkpoint_path': '',
    'common_reward': True,
    'critic_lr': 0.0005,
    'double_q': True,
    'env': 'sc2',
    'env_args': {   'continuing_episode': False,
                    'debug': False,
                    'difficulty': '7',
                    'game_version': None,
                    'heuristic_ai': False,
                    'heuristic_rest': False,
                    'map_name': '3s_vs_5z',
                    'move_amount': 2,
                    'obs_all_health': True,
                    'obs_instead_of_state': False,
                    'obs_last_action': False,
                    'obs_own_health': True,
                    'obs_pathing_grid': False,
                    'obs_terrain_height': False,
                    'obs_timestep_number': False,
                    'replay_dir': '',
                    'replay_prefix': '',
                    'reward_death_value': 10,
                    'reward_defeat': 0,
                    'reward_negative_scale': 0.5,
                    'reward_only_positive': True,
                    'reward_scale': True,
                    'reward_scale_rate': 20,
                    'reward_sparse': False,
                    'reward_win': 200,
                    'seed': 1,
                    'state_last_action': True,
                    'state_timestep_number': False,
                    'step_mul': 8},
    'epsilon_anneal_time': 50000,
    'epsilon_finish': 0.05,
    'epsilon_start': 1.0,
    'evaluate': False,
    'evaluation_epsilon': 0.0,
    'gamma': 0.99,
    'grad_norm_clip': 10,
    'label': 'default_label',
    'learner': 's2q_learner',
    'learner_log_interval': 10000,
    'load_step': 0,
    'local_results_path': 'results',
    'log_interval': 10000,
    'lr': 0.0005,
    'mac': 's2q_mac',
    'mixer': 's2q_pmix_kan',
    'monokan_grid': 7,
    'monokan_grid_by_map': {   '1c3s5z': 7,
                               '27m_vs_30m': 7,
                               '2c_vs_64zg': 7,
                               '2s3z': 7,
                               '3s5z': 7,
                               '3s_vs_5z': 7,
                               '5m_vs_6m': 7,
                               'MMM2': 7,
                               'bane_vs_bane': 7},
    'monokan_grid_max': 1.0,
    'monokan_grid_min': -1.0,
    'monokan_hidden_dim': 32,
    'monokan_hidden_dim_by_map': {   '27m_vs_30m': 64,
                                     '2c_vs_64zg': 64,
                                     'bane_vs_bane': 64},
    'monokan_min_increment': 0.0001,
    'monokan_noise_scale': 0.02,
    'monokan_q_temperature': 1.0,
    'monokan_state_activation': 'silu',
    'monokan_state_embed_dim': 32,
    'monokan_state_embed_dim_by_map': {   '1c3s5z': 32,
                                          '27m_vs_30m': 64,
                                          '2c_vs_64zg': 64,
                                          '2s3z': 32,
                                          '3s5z': 32,
                                          '3s_vs_5z': 32,
                                          '5m_vs_6m': 32,
                                          'MMM2': 32,
                                          'bane_vs_bane': 64},
    'monokan_state_encoder_depth': 1,
    'monokan_state_value_activation': 'relu',
    'monokan_state_value_dim': 32,
    'name': 's2q_pmix_kan_3s_vs_5z_seed1',
    'obs_agent_id': True,
    'obs_last_action': True,
    'optim_alpha': 0.99,
    'optim_eps': 1e-05,
    'optimizer': 'rmsprop',
    'repeat_id': 1,
    'rnn_hidden_dim': 64,
    'runner': 'episode',
    'runner_log_interval': 10000,
    's2q_alpha': 1.0,
    's2q_central_hidden_dim': 64,
    's2q_central_use_agent_id': True,
    's2q_encoder_hidden_dim': 64,
    's2q_hidden_dim': 64,
    's2q_k': 2,
    's2q_latent_dim': 32,
    's2q_temperature': 0.1,
    'save_model': True,
    'save_model_interval': 2000000,
    'save_replay': False,
    'seed': 1,
    't_max': 2050000,
    'target_update_interval': 200,
    'test_greedy': True,
    'test_interval': 10000,
    'test_nepisode': 32,
    'use_cuda': True,
    'use_tensorboard': True,
    'w_c': 0.9}

[INFO 05:12:37] my_main Beginning training for 2050000 timesteps
[INFO 05:12:37] absl Launching SC2: /labmount/users/202535331/MARL/pymarl-monotone-qmix/3rdparty/StarCraftII/Versions/Base75689/SC2_x64 -listen 127.0.0.1 -port 38903 -dataDir /labmount/users/202535331/MARL/pymarl-monotone-qmix/3rdparty/StarCraftII/ -tempDir /tmp/sc-cs_ba_f0/
[INFO 05:12:37] absl Connecting to: ws://127.0.0.1:38903/sc2api, attempt: 0, running: True
Version: B75689 (SC2.4.10)
Build: Aug 12 2019 17:16:57
Command Line: '"/labmount/users/202535331/MARL/pymarl-monotone-qmix/3rdparty/StarCraftII/Versions/Base75689/SC2_x64" -listen 127.0.0.1 -port 38903 -dataDir /labmount/users/202535331/MARL/pymarl-monotone-qmix/3rdparty/StarCraftII/ -tempDir /tmp/sc-cs_ba_f0/'
Starting up...
Startup Phase 1 complete
[INFO 05:12:38] absl Connecting to: ws://127.0.0.1:38903/sc2api, attempt: 1, running: True
Startup Phase 2 complete
Creating stub renderer...
Listening on: 127.0.0.1:38903
Startup Phase 3 complete. Ready for commands.
[INFO 05:12:39] absl Connecting to: ws://127.0.0.1:38903/sc2api, attempt: 2, running: True
ConnectHandler: Request from 127.0.0.1:42160 accepted
ReadyHandler: 127.0.0.1:42160 ready
Requesting to join a single player game
Configuring interface options
Configure: raw interface enabled
Configure: feature layer interface disabled
Configure: score interface disabled
Configure: render interface disabled
Launching next game.
Next launch phase started: 2
Next launch phase started: 3
Next launch phase started: 4
Next launch phase started: 5
Next launch phase started: 6
Next launch phase started: 7
Next launch phase started: 8
Game has started.
Using default stable ids, none found at: /labmount/users/202535331/MARL/pymarl-monotone-qmix/3rdparty/StarCraftII/stableid.json
Successfully loaded stable ids: GameData\stableid.json
Sending ResponseJoinGame
[INFO 05:12:45] my_main t_env: 45 / 2050000
[INFO 05:12:45] my_main Estimated time left: 25 minutes, 56 seconds. Time passed: 7 seconds
[INFO 05:13:11] my_main Saving models to results/models/s2q_pmix_kan_3s_vs_5z_seed1__2026-10-02_05-12-34/45
[INFO 05:16:19] my_main Recent Stats | t_env:      10007 | Episode:      205
battle_won_mean:           0.0000	dead_allies_mean:          3.0000	dead_enemies_mean:         0.0000	ep_length_mean:           45.0000
epsilon:                   1.0000	grad_norm:                 5.7809	loss:                      0.3618	loss_central:              0.0197
loss_latent:               0.1634	loss_td:                   0.1788	q_taken_mean:              0.1992	return_mean:               3.6450
return_std:                0.0000	target_mean:               0.1130	td_error_abs:              0.1393	test_battle_won_mean:      0.0000
test_dead_allies_mean:     2.4688	test_dead_enemies_mean:    0.0000	test_ep_length_mean:     148.9375	test_return_mean:          0.1649
test_return_std:           0.3172	
[INFO 05:16:21] my_main t_env: 10076 / 2050000
[INFO 05:16:21] my_main Estimated time left: 12 hours, 11 minutes, 8 seconds. Time passed: 3 minutes, 43 seconds
[INFO 05:21:06] my_main t_env: 20176 / 2050000
[INFO 05:21:06] my_main Estimated time left: 15 hours, 54 minutes, 33 seconds. Time passed: 8 minutes, 28 seconds
[INFO 05:21:12] my_main Recent Stats | t_env:      20176 | Episode:      456
battle_won_mean:           0.0000	dead_allies_mean:          2.9887	dead_enemies_mean:         0.0016	ep_length_mean:           44.7521
epsilon:                   0.6214	grad_norm:                 3.6023	loss:                      0.4558	loss_central:              0.0155
loss_latent:               0.3303	loss_td:                   0.1099	q_taken_mean:              0.2150	return_mean:               3.5111
return_std:                0.3560	target_mean:               0.1732	td_error_abs:              0.1106	test_battle_won_mean:      0.0000
test_dead_allies_mean:     2.4896	test_dead_enemies_mean:    0.0000	test_ep_length_mean:     141.5938	test_return_mean:          2.4554
test_return_std:           0.2637	
[INFO 05:25:24] my_main t_env: 30203 / 2050000
[INFO 05:25:24] my_main Estimated time left: 14 hours, 27 minutes, 41 seconds. Time passed: 12 minutes, 46 seconds
[INFO 05:25:31] my_main Recent Stats | t_env:      30203 | Episode:      755
battle_won_mean:           0.0000	dead_allies_mean:          2.9907	dead_enemies_mean:         0.0020	ep_length_mean:           41.9479
epsilon:                   0.4267	grad_norm:                 3.2869	loss:                      0.4530	loss_central:              0.0142
loss_latent:               0.3498	loss_td:                   0.0891	q_taken_mean:              0.2646	return_mean:               3.5599
return_std:                0.3695	target_mean:               0.2235	td_error_abs:              0.1014	test_battle_won_mean:      0.0000
test_dead_allies_mean:     2.6172	test_dead_enemies_mean:    0.0000	test_ep_length_mean:     112.9531	test_return_mean:          2.8102
test_return_std:           0.2500	
[INFO 05:29:42] my_main t_env: 40214 / 2050000
[INFO 05:29:42] my_main Estimated time left: 14 hours, 23 minutes, 24 seconds. Time passed: 17 minutes, 4 seconds
[INFO 05:29:49] my_main Recent Stats | t_env:      40214 | Episode:     1081
battle_won_mean:           0.0000	dead_allies_mean:          2.9926	dead_enemies_mean:         0.0016	ep_length_mean:           39.7000
epsilon:                   0.2365	grad_norm:                 4.3264	loss:                      0.6288	loss_central:              0.0208
loss_latent:               0.5214	loss_td:                   0.0866	q_taken_mean:              0.3538	return_mean:               3.5996
return_std:                0.3701	target_mean:               0.3375	td_error_abs:              0.1015	test_battle_won_mean:      0.0000
test_dead_allies_mean:     2.6938	test_dead_enemies_mean:    0.0000	test_ep_length_mean:      95.6125	test_return_mean:          3.0090
test_return_std:           0.2513	
RequestQuit command received.
Closing Application...
DataHandler: unable to parse websocket frame.
CloseHandler: 127.0.0.1:42160 disconnected
[INFO 05:33:22] absl Shutdown gracefully.
[INFO 05:33:22] absl Shutdown with return code: -15
[INFO 05:33:22] absl Launching SC2: /labmount/users/202535331/MARL/pymarl-monotone-qmix/3rdparty/StarCraftII/Versions/Base75689/SC2_x64 -listen 127.0.0.1 -port 37429 -dataDir /labmount/users/202535331/MARL/pymarl-monotone-qmix/3rdparty/StarCraftII/ -tempDir /tmp/sc-2zh_x9sv/
[INFO 05:33:22] absl Connecting to: ws://127.0.0.1:37429/sc2api, attempt: 0, running: True
Version: B75689 (SC2.4.10)
Build: Aug 12 2019 17:16:57
Command Line: '"/labmount/users/202535331/MARL/pymarl-monotone-qmix/3rdparty/StarCraftII/Versions/Base75689/SC2_x64" -listen 127.0.0.1 -port 37429 -dataDir /labmount/users/202535331/MARL/pymarl-monotone-qmix/3rdparty/StarCraftII/ -tempDir /tmp/sc-2zh_x9sv/'
Starting up...
Startup Phase 1 complete
[INFO 05:33:23] absl Connecting to: ws://127.0.0.1:37429/sc2api, attempt: 1, running: True
Startup Phase 2 complete
Creating stub renderer...
Listening on: 127.0.0.1:37429
Startup Phase 3 complete. Ready for commands.
[INFO 05:33:24] absl Connecting to: ws://127.0.0.1:37429/sc2api, attempt: 2, running: True
ConnectHandler: Request from 127.0.0.1:43670 accepted
ReadyHandler: 127.0.0.1:43670 ready
Requesting to join a single player game
Configuring interface options
Configure: raw interface enabled
Configure: feature layer interface disabled
Configure: score interface disabled
Configure: render interface disabled
Launching next game.
Next launch phase started: 2
Next launch phase started: 3
Next launch phase started: 4
Next launch phase started: 5
Next launch phase started: 6
Next launch phase started: 7
Next launch phase started: 8
Game has started.
Using default stable ids, none found at: /labmount/users/202535331/MARL/pymarl-monotone-qmix/3rdparty/StarCraftII/stableid.json
Successfully loaded stable ids: GameData\stableid.json
Sending ResponseJoinGame
[INFO 05:33:37] my_main t_env: 50223 / 2050000
[INFO 05:33:37] my_main Estimated time left: 13 hours, 1 minutes, 9 seconds. Time passed: 20 minutes, 59 seconds
[INFO 05:33:44] my_main Recent Stats | t_env:      50223 | Episode:     1426
battle_won_mean:           0.0000	dead_allies_mean:          2.9908	dead_enemies_mean:         0.0022	ep_length_mean:           36.5023
epsilon:                   0.0500	grad_norm:                 3.7511	loss:                      0.7074	loss_central:              0.0186
loss_latent:               0.5996	loss_td:                   0.0892	q_taken_mean:              0.4165	return_mean:               3.6248
return_std:                0.4424	target_mean:               0.4051	td_error_abs:              0.0960	test_battle_won_mean:      0.0000
test_dead_allies_mean:     2.8000	test_dead_enemies_mean:    0.0000	test_ep_length_mean:      71.5187	test_return_mean:          3.7948
test_return_std:           0.2412	
[INFO 05:37:15] my_main t_env: 60250 / 2050000
[INFO 05:37:15] my_main Estimated time left: 12 hours, 2 minutes, 9 seconds. Time passed: 24 minutes, 37 seconds
[INFO 05:37:22] my_main Recent Stats | t_env:      60250 | Episode:     1760
battle_won_mean:           0.0000	dead_allies_mean:          2.9922	dead_enemies_mean:         0.0012	ep_length_mean:           32.7677
epsilon:                   0.0500	grad_norm:                 2.7794	loss:                      0.8028	loss_central:              0.0163
loss_latent:               0.7052	loss_td:                   0.0813	q_taken_mean:              0.5586	return_mean:               3.7407
return_std:                0.3913	target_mean:               0.5585	td_error_abs:              0.0835	test_battle_won_mean:      0.0000
test_dead_allies_mean:     3.0000	test_dead_enemies_mean:    0.0000	test_ep_length_mean:      26.8062	test_return_mean:          3.8985
test_return_std:           0.2301	
[INFO 05:40:54] my_main t_env: 70268 / 2050000
[INFO 05:40:54] my_main Estimated time left: 12 hours, 1 minutes, 25 seconds. Time passed: 28 minutes, 16 seconds
[INFO 05:41:01] my_main Recent Stats | t_env:      70268 | Episode:     2089
battle_won_mean:           0.0000	dead_allies_mean:          2.9940	dead_enemies_mean:         0.0012	ep_length_mean:           30.7452
epsilon:                   0.0500	grad_norm:                 2.9212	loss:                      0.9195	loss_central:              0.0157
loss_latent:               0.7873	loss_td:                   0.1165	q_taken_mean:              0.7179	return_mean:               3.7902
return_std:                0.3878	target_mean:               0.7105	td_error_abs:              0.0812	test_battle_won_mean:      0.0000
test_dead_allies_mean:     3.0000	test_dead_enemies_mean:    0.0000	test_ep_length_mean:      27.1062	test_return_mean:          3.9182
test_return_std:           0.2479	
[INFO 05:44:33] my_main t_env: 80286 / 2050000
[INFO 05:44:33] my_main Estimated time left: 11 hours, 56 minutes, 1 seconds. Time passed: 31 minutes, 55 seconds
[INFO 05:44:40] my_main Recent Stats | t_env:      80286 | Episode:     2441
battle_won_mean:           0.0000	dead_allies_mean:          2.9946	dead_enemies_mean:         0.0006	ep_length_mean:           29.7302
epsilon:                   0.0500	grad_norm:                 2.6153	loss:                      1.0502	loss_central:              0.0156
loss_latent:               0.8593	loss_td:                   0.1753	q_taken_mean:              0.8875	return_mean:               3.8242
return_std:                0.3781	target_mean:               0.8916	td_error_abs:              0.0786	test_battle_won_mean:      0.0000
test_dead_allies_mean:     3.0000	test_dead_enemies_mean:    0.0000	test_ep_length_mean:      27.8250	test_return_mean:          3.9861
test_return_std:           0.2560	
[INFO 05:47:54] my_main t_env: 90309 / 2050000
[INFO 05:47:54] my_main Estimated time left: 10 hours, 57 minutes, 10 seconds. Time passed: 35 minutes, 16 seconds
[INFO 05:48:01] my_main Recent Stats | t_env:      90309 | Episode:     2772
battle_won_mean:           0.0000	dead_allies_mean:          2.9946	dead_enemies_mean:         0.0012	ep_length_mean:           29.6447
epsilon:                   0.0500	grad_norm:                 1.4116	loss:                      1.0298	loss_central:              0.0097
loss_latent:               0.8083	loss_td:                   0.2117	q_taken_mean:              1.0491	return_mean:               3.8732
return_std:                0.3812	target_mean:               1.0441	td_error_abs:              0.0709	test_battle_won_mean:      0.0000
test_dead_allies_mean:     3.0000	test_dead_enemies_mean:    0.0000	test_ep_length_mean:      28.6313	test_return_mean:          4.0602
test_return_std:           0.2647	
[INFO 05:51:05] my_main t_env: 100333 / 2050000
[INFO 05:51:05] my_main Estimated time left: 10 hours, 17 minutes, 23 seconds. Time passed: 38 minutes, 27 seconds
[INFO 05:51:13] my_main Recent Stats | t_env:     100333 | Episode:     3085
battle_won_mean:           0.0000	dead_allies_mean:          2.9964	dead_enemies_mean:         0.0006	ep_length_mean:           30.2475
epsilon:                   0.0500	grad_norm:                 1.4130	loss:                      0.9881	loss_central:              0.0091
loss_latent:               0.7437	loss_td:                   0.2352	q_taken_mean:              1.1663	return_mean:               3.9460
return_std:                0.3935	target_mean:               1.1671	td_error_abs:              0.0689	test_battle_won_mean:      0.0000
test_dead_allies_mean:     3.0000	test_dead_enemies_mean:    0.0000	test_ep_length_mean:      29.5938	test_return_mean:          4.1680
test_return_std:           0.2890	
RequestQuit command received.
DataHandler: unable to parse websocket frame.
CloseHandler: 127.0.0.1:43670 disconnected
Closing Application...
[INFO 05:53:53] absl Shutdown gracefully.
[INFO 05:53:53] absl Shutdown with return code: -15
[INFO 05:53:53] absl Launching SC2: /labmount/users/202535331/MARL/pymarl-monotone-qmix/3rdparty/StarCraftII/Versions/Base75689/SC2_x64 -listen 127.0.0.1 -port 44463 -dataDir /labmount/users/202535331/MARL/pymarl-monotone-qmix/3rdparty/StarCraftII/ -tempDir /tmp/sc-rmurbomy/
[INFO 05:53:53] absl Connecting to: ws://127.0.0.1:44463/sc2api, attempt: 0, running: True
Version: B75689 (SC2.4.10)
Build: Aug 12 2019 17:16:57
Command Line: '"/labmount/users/202535331/MARL/pymarl-monotone-qmix/3rdparty/StarCraftII/Versions/Base75689/SC2_x64" -listen 127.0.0.1 -port 44463 -dataDir /labmount/users/202535331/MARL/pymarl-monotone-qmix/3rdparty/StarCraftII/ -tempDir /tmp/sc-rmurbomy/'
Starting up...
Startup Phase 1 complete
[INFO 05:53:54] absl Connecting to: ws://127.0.0.1:44463/sc2api, attempt: 1, running: True
Startup Phase 2 complete
Creating stub renderer...
Listening on: 127.0.0.1:44463
Startup Phase 3 complete. Ready for commands.
[INFO 05:53:55] absl Connecting to: ws://127.0.0.1:44463/sc2api, attempt: 2, running: True
ConnectHandler: Request from 127.0.0.1:43098 accepted
ReadyHandler: 127.0.0.1:43098 ready
Requesting to join a single player game
Configuring interface options
Configure: raw interface enabled
Configure: feature layer interface disabled
Configure: score interface disabled
Configure: render interface disabled
Launching next game.
Next launch phase started: 2
Next launch phase started: 3
Next launch phase started: 4
Next launch phase started: 5
Next launch phase started: 6
Next launch phase started: 7
Next launch phase started: 8
Game has started.
Using default stable ids, none found at: /labmount/users/202535331/MARL/pymarl-monotone-qmix/3rdparty/StarCraftII/stableid.json
Successfully loaded stable ids: GameData\stableid.json
Sending ResponseJoinGame
[INFO 05:54:17] my_main t_env: 110338 / 2050000
[INFO 05:54:17] my_main Estimated time left: 10 hours, 19 minutes, 57 seconds. Time passed: 41 minutes, 39 seconds
[INFO 05:54:25] my_main Recent Stats | t_env:     110338 | Episode:     3393
battle_won_mean:           0.0000	dead_allies_mean:          2.9944	dead_enemies_mean:         0.0019	ep_length_mean:           30.7401
epsilon:                   0.0500	grad_norm:                 1.5080	loss:                      0.9664	loss_central:              0.0094
loss_latent:               0.6986	loss_td:                   0.2584	q_taken_mean:              1.3020	return_mean:               3.9937
return_std:                0.4293	target_mean:               1.3048	td_error_abs:              0.0654	test_battle_won_mean:      0.0000
test_dead_allies_mean:     3.0000	test_dead_enemies_mean:    0.0000	test_ep_length_mean:      31.2937	test_return_mean:          4.3138
test_return_std:           0.3273	
[INFO 05:57:22] my_main t_env: 120363 / 2050000
[INFO 05:57:22] my_main Estimated time left: 9 hours, 55 minutes, 25 seconds. Time passed: 44 minutes, 44 seconds
[INFO 05:57:30] my_main Recent Stats | t_env:     120363 | Episode:     3698
battle_won_mean:           0.0000	dead_allies_mean:          2.9967	dead_enemies_mean:         0.0052	ep_length_mean:           31.2239
epsilon:                   0.0500	grad_norm:                 1.2874	loss:                      0.8936	loss_central:              0.0091
loss_latent:               0.6051	loss_td:                   0.2794	q_taken_mean:              1.4252	return_mean:               4.0589
return_std:                0.4489	target_mean:               1.4306	td_error_abs:              0.0640	test_battle_won_mean:      0.0000
test_dead_allies_mean:     3.0000	test_dead_enemies_mean:    0.0250	test_ep_length_mean:      32.2125	test_return_mean:          4.4026
test_return_std:           0.3684	
[INFO 06:00:19] my_main t_env: 130366 / 2050000
[INFO 06:00:19] my_main Estimated time left: 9 hours, 26 minutes, 19 seconds. Time passed: 47 minutes, 41 seconds
[INFO 06:00:28] my_main Recent Stats | t_env:     130366 | Episode:     3999
battle_won_mean:           0.0000	dead_allies_mean:          2.9954	dead_enemies_mean:         0.0151	ep_length_mean:           32.1783
epsilon:                   0.0500	grad_norm:                 1.3232	loss:                      0.8386	loss_central:              0.0103
loss_latent:               0.5557	loss_td:                   0.2725	q_taken_mean:              1.5074	return_mean:               4.1040
return_std:                0.4844	target_mean:               1.4954	td_error_abs:              0.0688	test_battle_won_mean:      0.0000
test_dead_allies_mean:     2.9937	test_dead_enemies_mean:    0.0563	test_ep_length_mean:      33.7375	test_return_mean:          4.4652
test_return_std:           0.4321	
[INFO 06:03:18] my_main t_env: 140393 / 2050000
[INFO 06:03:18] my_main Estimated time left: 9 hours, 27 minutes, 53 seconds. Time passed: 50 minutes, 40 seconds
[INFO 06:03:27] my_main Recent Stats | t_env:     140393 | Episode:     4291
battle_won_mean:           0.0000	dead_allies_mean:          2.9947	dead_enemies_mean:         0.0255	ep_length_mean:           32.9900
epsilon:                   0.0500	grad_norm:                 1.6568	loss:                      0.7830	loss_central:              0.0098
loss_latent:               0.4912	loss_td:                   0.2820	q_taken_mean:              1.5109	return_mean:               4.1396
return_std:                0.5201	target_mean:               1.4913	td_error_abs:              0.0694	test_battle_won_mean:      0.0000
test_dead_allies_mean:     2.9937	test_dead_enemies_mean:    0.0625	test_ep_length_mean:      34.9875	test_return_mean:          4.5539
test_return_std:           0.4484	
[INFO 06:05:55] my_main t_env: 150394 / 2050000
[INFO 06:05:55] my_main Estimated time left: 8 hours, 16 minutes, 33 seconds. Time passed: 53 minutes, 17 seconds
[INFO 06:06:08] my_main Recent Stats | t_env:     150394 | Episode:     4522
battle_won_mean:           0.0000	dead_allies_mean:          2.9895	dead_enemies_mean:         0.0376	ep_length_mean:           35.2437
epsilon:                   0.0500	grad_norm:                 1.5929	loss:                      0.7704	loss_central:              0.0098
loss_latent:               0.4665	loss_td:                   0.2941	q_taken_mean:              1.5772	return_mean:               4.1904
return_std:                0.5742	target_mean:               1.5514	td_error_abs:              0.0683	test_battle_won_mean:      0.0000
test_dead_allies_mean:     2.9813	test_dead_enemies_mean:    0.1812	test_ep_length_mean:      39.4250	test_return_mean:          4.6336
test_return_std:           0.5091	
[INFO 06:08:52] my_main t_env: 160408 / 2050000
[INFO 06:08:52] my_main Estimated time left: 9 hours, 15 minutes, 47 seconds. Time passed: 56 minutes, 14 seconds
[INFO 06:09:05] my_main Recent Stats | t_env:     160408 | Episode:     4777
battle_won_mean:           0.0000	dead_allies_mean:          2.9906	dead_enemies_mean:         0.0544	ep_length_mean:           36.6011
epsilon:                   0.0500	grad_norm:                 1.6343	loss:                      0.7509	loss_central:              0.0100
loss_latent:               0.4386	loss_td:                   0.3023	q_taken_mean:              1.5944	return_mean:               4.2319
return_std:                0.6126	target_mean:               1.5696	td_error_abs:              0.0683	test_battle_won_mean:      0.0000
test_dead_allies_mean:     2.9688	test_dead_enemies_mean:    0.2375	test_ep_length_mean:      43.7875	test_return_mean:          4.7249
test_return_std:           0.5419	
RequestQuit command received.
DataHandler: unable to parse websocket frame.
Closing Application...
CloseHandler: 127.0.0.1:43098 disconnected
[INFO 06:10:29] absl Shutdown gracefully.
[INFO 06:10:29] absl Shutdown with return code: -15
[INFO 06:10:29] absl Launching SC2: /labmount/users/202535331/MARL/pymarl-monotone-qmix/3rdparty/StarCraftII/Versions/Base75689/SC2_x64 -listen 127.0.0.1 -port 41977 -dataDir /labmount/users/202535331/MARL/pymarl-monotone-qmix/3rdparty/StarCraftII/ -tempDir /tmp/sc-mt9jlchr/
[INFO 06:10:29] absl Connecting to: ws://127.0.0.1:41977/sc2api, attempt: 0, running: True
Version: B75689 (SC2.4.10)
Build: Aug 12 2019 17:16:57
Command Line: '"/labmount/users/202535331/MARL/pymarl-monotone-qmix/3rdparty/StarCraftII/Versions/Base75689/SC2_x64" -listen 127.0.0.1 -port 41977 -dataDir /labmount/users/202535331/MARL/pymarl-monotone-qmix/3rdparty/StarCraftII/ -tempDir /tmp/sc-mt9jlchr/'
Starting up...
Startup Phase 1 complete
[INFO 06:10:30] absl Connecting to: ws://127.0.0.1:41977/sc2api, attempt: 1, running: True
Startup Phase 2 complete
Creating stub renderer...
Listening on: 127.0.0.1:41977
Startup Phase 3 complete. Ready for commands.
[INFO 06:10:31] absl Connecting to: ws://127.0.0.1:41977/sc2api, attempt: 2, running: True
ConnectHandler: Request from 127.0.0.1:51410 accepted
ReadyHandler: 127.0.0.1:51410 ready
Requesting to join a single player game
Configuring interface options
Configure: raw interface enabled
Configure: feature layer interface disabled
Configure: score interface disabled
Configure: render interface disabled
Launching next game.
Next launch phase started: 2
Next launch phase started: 3
Next launch phase started: 4
Next launch phase started: 5
Next launch phase started: 6
Next launch phase started: 7
Next launch phase started: 8
Game has started.
Using default stable ids, none found at: /labmount/users/202535331/MARL/pymarl-monotone-qmix/3rdparty/StarCraftII/stableid.json
Successfully loaded stable ids: GameData\stableid.json
Sending ResponseJoinGame
[INFO 06:11:43] my_main t_env: 170437 / 2050000
[INFO 06:11:43] my_main Estimated time left: 8 hours, 53 minutes, 4 seconds. Time passed: 59 minutes, 5 seconds
[INFO 06:11:57] my_main Recent Stats | t_env:     170437 | Episode:     4982
battle_won_mean:           0.0000	dead_allies_mean:          2.9795	dead_enemies_mean:         0.0930	ep_length_mean:           39.8117
epsilon:                   0.0500	grad_norm:                 1.7778	loss:                      0.7357	loss_central:              0.0108
loss_latent:               0.4355	loss_td:                   0.2894	q_taken_mean:              1.6007	return_mean:               4.2998
return_std:                0.6555	target_mean:               1.5728	td_error_abs:              0.0697	test_battle_won_mean:      0.0000
test_dead_allies_mean:     2.9500	test_dead_enemies_mean:    0.2625	test_ep_length_mean:      49.9312	test_return_mean:          4.8034
test_return_std:           0.5558	
[INFO 06:14:29] my_main t_env: 180439 / 2050000
[INFO 06:14:29] my_main Estimated time left: 8 hours, 38 minutes, 11 seconds. Time passed: 1 hours, 1 minutes, 51 seconds
[INFO 06:14:44] my_main Recent Stats | t_env:     180439 | Episode:     5186
battle_won_mean:           0.0000	dead_allies_mean:          2.9720	dead_enemies_mean:         0.1203	ep_length_mean:           42.9711
epsilon:                   0.0500	grad_norm:                 1.7146	loss:                      0.7319	loss_central:              0.0091
loss_latent:               0.4489	loss_td:                   0.2738	q_taken_mean:              1.6410	return_mean:               4.3753
return_std:                0.6886	target_mean:               1.6230	td_error_abs:              0.0636	test_battle_won_mean:      0.0000
test_dead_allies_mean:     2.9312	test_dead_enemies_mean:    0.2750	test_ep_length_mean:      56.4375	test_return_mean:          4.9253
test_return_std:           0.5575	
[INFO 06:16:58] my_main t_env: 190439 / 2050000
[INFO 06:16:58] my_main Estimated time left: 7 hours, 41 minutes, 0 seconds. Time passed: 1 hours, 4 minutes, 20 seconds
[INFO 06:17:17] my_main Recent Stats | t_env:     190439 | Episode:     5345
battle_won_mean:           0.0000	dead_allies_mean:          2.9513	dead_enemies_mean:         0.1383	ep_length_mean:           48.6819
epsilon:                   0.0500	grad_norm:                 1.3614	loss:                      0.7496	loss_central:              0.0101
loss_latent:               0.4629	loss_td:                   0.2767	q_taken_mean:              1.7147	return_mean:               4.4753
return_std:                0.7667	target_mean:               1.6988	td_error_abs:              0.0632	test_battle_won_mean:      0.0000
test_dead_allies_mean:     2.8813	test_dead_enemies_mean:    0.3312	test_ep_length_mean:      67.2438	test_return_mean:          5.0484
test_return_std:           0.5982	
[INFO 06:19:59] my_main t_env: 200457 / 2050000
[INFO 06:19:59] my_main Estimated time left: 9 hours, 18 minutes, 17 seconds. Time passed: 1 hours, 7 minutes, 21 seconds
[INFO 06:20:13] my_main Recent Stats | t_env:     200457 | Episode:     5543
battle_won_mean:           0.0000	dead_allies_mean:          2.9464	dead_enemies_mean:         0.1666	ep_length_mean:           50.1422
epsilon:                   0.0500	grad_norm:                 1.3468	loss:                      0.7514	loss_central:              0.0104
loss_latent:               0.4601	loss_td:                   0.2809	q_taken_mean:              1.7745	return_mean:               4.5122
return_std:                0.8036	target_mean:               1.7474	td_error_abs:              0.0668	test_battle_won_mean:      0.0000
test_dead_allies_mean:     2.8813	test_dead_enemies_mean:    0.3125	test_ep_length_mean:      68.3875	test_return_mean:          5.1016
test_return_std:           0.6418	
[INFO 06:22:48] my_main t_env: 210458 / 2050000
[INFO 06:22:48] my_main Estimated time left: 8 hours, 37 minutes, 28 seconds. Time passed: 1 hours, 10 minutes, 10 seconds
[INFO 06:23:03] my_main Recent Stats | t_env:     210458 | Episode:     5723
battle_won_mean:           0.0000	dead_allies_mean:          2.9347	dead_enemies_mean:         0.1830	ep_length_mean:           53.4003
epsilon:                   0.0500	grad_norm:                 1.2917	loss:                      0.7945	loss_central:              0.0102
loss_latent:               0.5041	loss_td:                   0.2802	q_taken_mean:              1.8076	return_mean:               4.5814
return_std:                0.8255	target_mean:               1.7779	td_error_abs:              0.0686	test_battle_won_mean:      0.0000
test_dead_allies_mean:     2.8750	test_dead_enemies_mean:    0.3063	test_ep_length_mean:      70.4562	test_return_mean:          5.2184
test_return_std:           0.6382	
RequestQuit command received.
DataHandler: unable to parse websocket frame.
Closing Application...
CloseHandler: 127.0.0.1:51410 disconnected
ResponseThread: No connection, dropping the response.
[INFO 06:25:31] absl Shutdown gracefully.
[INFO 06:25:31] absl Shutdown with return code: -15
[INFO 06:25:31] absl Launching SC2: /labmount/users/202535331/MARL/pymarl-monotone-qmix/3rdparty/StarCraftII/Versions/Base75689/SC2_x64 -listen 127.0.0.1 -port 41553 -dataDir /labmount/users/202535331/MARL/pymarl-monotone-qmix/3rdparty/StarCraftII/ -tempDir /tmp/sc-bo7x7g3x/
[INFO 06:25:31] absl Connecting to: ws://127.0.0.1:41553/sc2api, attempt: 0, running: True
Version: B75689 (SC2.4.10)
Build: Aug 12 2019 17:16:57
Command Line: '"/labmount/users/202535331/MARL/pymarl-monotone-qmix/3rdparty/StarCraftII/Versions/Base75689/SC2_x64" -listen 127.0.0.1 -port 41553 -dataDir /labmount/users/202535331/MARL/pymarl-monotone-qmix/3rdparty/StarCraftII/ -tempDir /tmp/sc-bo7x7g3x/'
Starting up...
Startup Phase 1 complete
[INFO 06:25:32] absl Connecting to: ws://127.0.0.1:41553/sc2api, attempt: 1, running: True
Startup Phase 2 complete
Creating stub renderer...
Listening on: 127.0.0.1:41553
Startup Phase 3 complete. Ready for commands.
[INFO 06:25:33] absl Connecting to: ws://127.0.0.1:41553/sc2api, attempt: 2, running: True
ConnectHandler: Request from 127.0.0.1:56708 accepted
ReadyHandler: 127.0.0.1:56708 ready
Requesting to join a single player game
Configuring interface options
Configure: raw interface enabled
Configure: feature layer interface disabled
Configure: score interface disabled
Configure: render interface disabled
Launching next game.
Next launch phase started: 2
Next launch phase started: 3
Next launch phase started: 4
Next launch phase started: 5
Next launch phase started: 6
Next launch phase started: 7
Next launch phase started: 8
Game has started.
Using default stable ids, none found at: /labmount/users/202535331/MARL/pymarl-monotone-qmix/3rdparty/StarCraftII/stableid.json
Successfully loaded stable ids: GameData\stableid.json
Sending ResponseJoinGame
[INFO 06:25:40] my_main t_env: 220458 / 2050000
[INFO 06:25:40] my_main Estimated time left: 8 hours, 45 minutes, 18 seconds. Time passed: 1 hours, 13 minutes, 2 seconds
[INFO 06:25:51] my_main Recent Stats | t_env:     220458 | Episode:     5877
battle_won_mean:           0.0000	dead_allies_mean:          2.9204	dead_enemies_mean:         0.1670	ep_length_mean:           56.6029
epsilon:                   0.0500	grad_norm:                 1.4351	loss:                      0.7919	loss_central:              0.0100
loss_latent:               0.5016	loss_td:                   0.2803	q_taken_mean:              1.8169	return_mean:               4.6268
return_std:                0.8675	target_mean:               1.7903	td_error_abs:              0.0665	test_battle_won_mean:      0.0000
test_dead_allies_mean:     2.8937	test_dead_enemies_mean:    0.3063	test_ep_length_mean:      67.0438	test_return_mean:          5.3450
test_return_std:           0.6127	
[INFO 06:28:54] my_main t_env: 230478 / 2050000
[INFO 06:28:54] my_main Estimated time left: 9 hours, 46 minutes, 24 seconds. Time passed: 1 hours, 16 minutes, 16 seconds
[INFO 06:29:05] my_main Recent Stats | t_env:     230478 | Episode:     6077
battle_won_mean:           0.0000	dead_allies_mean:          2.9202	dead_enemies_mean:         0.1568	ep_length_mean:           56.8170
epsilon:                   0.0500	grad_norm:                 1.4785	loss:                      0.8211	loss_central:              0.0107
loss_latent:               0.5005	loss_td:                   0.3098	q_taken_mean:              1.8139	return_mean:               4.6645
return_std:                0.9060	target_mean:               1.7967	td_error_abs:              0.0680	test_battle_won_mean:      0.0000
test_dead_allies_mean:     2.9125	test_dead_enemies_mean:    0.3688	test_ep_length_mean:      63.0750	test_return_mean:          5.3610
test_return_std:           0.5899	
[INFO 06:32:22] my_main t_env: 240490 / 2050000
[INFO 06:32:22] my_main Estimated time left: 10 hours, 25 minutes, 39 seconds. Time passed: 1 hours, 19 minutes, 44 seconds
[INFO 06:32:34] my_main Recent Stats | t_env:     240490 | Episode:     6295
battle_won_mean:           0.0000	dead_allies_mean:          2.9370	dead_enemies_mean:         0.1627	ep_length_mean:           53.4237
epsilon:                   0.0500	grad_norm:                 1.4885	loss:                      0.8407	loss_central:              0.0097
loss_latent:               0.5086	loss_td:                   0.3224	q_taken_mean:              1.8174	return_mean:               4.7044
return_std:                0.8956	target_mean:               1.8027	td_error_abs:              0.0680	test_battle_won_mean:      0.0000
test_dead_allies_mean:     2.9562	test_dead_enemies_mean:    0.3625	test_ep_length_mean:      55.7250	test_return_mean:          5.5042
test_return_std:           0.6390	
[INFO 06:35:45] my_main t_env: 250509 / 2050000
[INFO 06:35:45] my_main Estimated time left: 10 hours, 9 minutes, 51 seconds. Time passed: 1 hours, 23 minutes, 7 seconds
[INFO 06:35:58] my_main Recent Stats | t_env:     250509 | Episode:     6498
battle_won_mean:           0.0000	dead_allies_mean:          2.9422	dead_enemies_mean:         0.1646	ep_length_mean:           53.1755
epsilon:                   0.0500	grad_norm:                 1.7560	loss:                      0.9008	loss_central:              0.0093
loss_latent:               0.5436	loss_td:                   0.3478	q_taken_mean:              1.7804	return_mean:               4.8124
return_std:                0.9440	target_mean:               1.7793	td_error_abs:              0.0656	test_battle_won_mean:      0.0000
test_dead_allies_mean:     2.9625	test_dead_enemies_mean:    0.3625	test_ep_length_mean:      54.7000	test_return_mean:          5.6436
test_return_std:           0.6089	
[INFO 06:39:19] my_main t_env: 260589 / 2050000
[INFO 06:39:19] my_main Estimated time left: 10 hours, 32 minutes, 5 seconds. Time passed: 1 hours, 26 minutes, 41 seconds
[INFO 06:39:31] my_main Recent Stats | t_env:     260589 | Episode:     6721
battle_won_mean:           0.0000	dead_allies_mean:          2.9510	dead_enemies_mean:         0.1616	ep_length_mean:           51.1036
epsilon:                   0.0500	grad_norm:                 1.7830	loss:                      0.9617	loss_central:              0.0103
loss_latent:               0.5671	loss_td:                   0.3843	q_taken_mean:              1.7599	return_mean:               4.8593
return_std:                0.9741	target_mean:               1.7661	td_error_abs:              0.0647	test_battle_won_mean:      0.0000
test_dead_allies_mean:     2.9750	test_dead_enemies_mean:    0.4562	test_ep_length_mean:      52.3375	test_return_mean:          5.7346
test_return_std:           0.6672	
[INFO 06:42:54] my_main t_env: 270619 / 2050000
[INFO 06:42:54] my_main Estimated time left: 10 hours, 36 minutes, 55 seconds. Time passed: 1 hours, 30 minutes, 16 seconds
[INFO 06:43:05] my_main Recent Stats | t_env:     270619 | Episode:     6934
battle_won_mean:           0.0000	dead_allies_mean:          2.9714	dead_enemies_mean:         0.1788	ep_length_mean:           47.5345
epsilon:                   0.0500	grad_norm:                 1.4763	loss:                      1.0283	loss_central:              0.0098
loss_latent:               0.5900	loss_td:                   0.4285	q_taken_mean:              1.7975	return_mean:               4.9386
return_std:                1.0213	target_mean:               1.8024	td_error_abs:              0.0654	test_battle_won_mean:      0.0000
test_dead_allies_mean:     2.9750	test_dead_enemies_mean:    0.4375	test_ep_length_mean:      52.1562	test_return_mean:          5.8468
test_return_std:           0.6562	
RequestQuit command received.
DataHandler: unable to parse websocket frame.
Closing Application...
CloseHandler: 127.0.0.1:56708 disconnected
ResponseThread: No connection, dropping the response.
[INFO 06:44:33] absl Shutdown gracefully.
[INFO 06:44:33] absl Shutdown with return code: -15
[INFO 06:44:33] absl Launching SC2: /labmount/users/202535331/MARL/pymarl-monotone-qmix/3rdparty/StarCraftII/Versions/Base75689/SC2_x64 -listen 127.0.0.1 -port 40007 -dataDir /labmount/users/202535331/MARL/pymarl-monotone-qmix/3rdparty/StarCraftII/ -tempDir /tmp/sc-hk5iav56/
[INFO 06:44:33] absl Connecting to: ws://127.0.0.1:40007/sc2api, attempt: 0, running: True
Version: B75689 (SC2.4.10)
Build: Aug 12 2019 17:16:57
Command Line: '"/labmount/users/202535331/MARL/pymarl-monotone-qmix/3rdparty/StarCraftII/Versions/Base75689/SC2_x64" -listen 127.0.0.1 -port 40007 -dataDir /labmount/users/202535331/MARL/pymarl-monotone-qmix/3rdparty/StarCraftII/ -tempDir /tmp/sc-hk5iav56/'
Starting up...
Startup Phase 1 complete
[INFO 06:44:34] absl Connecting to: ws://127.0.0.1:40007/sc2api, attempt: 1, running: True
Startup Phase 2 complete
Creating stub renderer...
Listening on: 127.0.0.1:40007
Startup Phase 3 complete. Ready for commands.
[INFO 06:44:35] absl Connecting to: ws://127.0.0.1:40007/sc2api, attempt: 2, running: True
ConnectHandler: Request from 127.0.0.1:57092 accepted
ReadyHandler: 127.0.0.1:57092 ready
Requesting to join a single player game
Configuring interface options
Configure: raw interface enabled
Configure: feature layer interface disabled
Configure: score interface disabled
Configure: render interface disabled
Launching next game.
Next launch phase started: 2
Next launch phase started: 3
Next launch phase started: 4
Next launch phase started: 5
Next launch phase started: 6
Next launch phase started: 7
Next launch phase started: 8
Game has started.
Using default stable ids, none found at: /labmount/users/202535331/MARL/pymarl-monotone-qmix/3rdparty/StarCraftII/stableid.json
Successfully loaded stable ids: GameData\stableid.json
Sending ResponseJoinGame
[INFO 06:46:14] my_main t_env: 280640 / 2050000
[INFO 06:46:14] my_main Estimated time left: 9 hours, 46 minutes, 15 seconds. Time passed: 1 hours, 33 minutes, 36 seconds
[INFO 06:46:30] my_main Recent Stats | t_env:     280640 | Episode:     7113
battle_won_mean:           0.0000	dead_allies_mean:          2.9647	dead_enemies_mean:         0.2010	ep_length_mean:           48.7111
epsilon:                   0.0500	grad_norm:                 1.7330	loss:                      1.0714	loss_central:              0.0095
loss_latent:               0.6119	loss_td:                   0.4500	q_taken_mean:              1.7870	return_mean:               5.0963
return_std:                1.0926	target_mean:               1.8000	td_error_abs:              0.0689	test_battle_won_mean:      0.0000
test_dead_allies_mean:     2.9500	test_dead_enemies_mean:    0.5250	test_ep_length_mean:      57.0187	test_return_mean:          6.0965
test_return_std:           0.7225	
[INFO 06:49:56] my_main t_env: 290662 / 2050000
[INFO 06:49:56] my_main Estimated time left: 10 hours, 50 minutes, 6 seconds. Time passed: 1 hours, 37 minutes, 18 seconds
[INFO 06:50:10] my_main Recent Stats | t_env:     290662 | Episode:     7321
battle_won_mean:           0.0000	dead_allies_mean:          2.9645	dead_enemies_mean:         0.2325	ep_length_mean:           49.1623
epsilon:                   0.0500	grad_norm:                 1.7326	loss:                      1.1066	loss_central:              0.0094
loss_latent:               0.6226	loss_td:                   0.4746	q_taken_mean:              1.7789	return_mean:               5.1932
return_std:                1.1581	target_mean:               1.7972	td_error_abs:              0.0679	test_battle_won_mean:      0.0000
test_dead_allies_mean:     2.9375	test_dead_enemies_mean:    0.5875	test_ep_length_mean:      59.7437	test_return_mean:          6.2041
test_return_std:           0.7264	
[INFO 06:53:33] my_main t_env: 300681 / 2050000
[INFO 06:53:33] my_main Estimated time left: 10 hours, 31 minutes, 43 seconds. Time passed: 1 hours, 40 minutes, 55 seconds
[INFO 06:53:48] my_main Recent Stats | t_env:     300681 | Episode:     7519
battle_won_mean:           0.0000	dead_allies_mean:          2.9634	dead_enemies_mean:         0.2487	ep_length_mean:           49.4116
epsilon:                   0.0500	grad_norm:                 1.8667	loss:                      1.1063	loss_central:              0.0096
loss_latent:               0.6285	loss_td:                   0.4682	q_taken_mean:              1.7840	return_mean:               5.2628
return_std:                1.1648	target_mean:               1.7926	td_error_abs:              0.0675	test_battle_won_mean:      0.0000
test_dead_allies_mean:     2.9250	test_dead_enemies_mean:    0.6250	test_ep_length_mean:      62.5063	test_return_mean:          6.3493
test_return_std:           0.7390	
[INFO 06:57:01] my_main t_env: 310691 / 2050000
[INFO 06:57:01] my_main Estimated time left: 10 hours, 2 minutes, 26 seconds. Time passed: 1 hours, 44 minutes, 23 seconds
[INFO 06:57:18] my_main Recent Stats | t_env:     310691 | Episode:     7691
battle_won_mean:           0.0000	dead_allies_mean:          2.9562	dead_enemies_mean:         0.2684	ep_length_mean:           52.0108
epsilon:                   0.0500	grad_norm:                 1.9687	loss:                      1.1277	loss_central:              0.0086
loss_latent:               0.6335	loss_td:                   0.4856	q_taken_mean:              1.8310	return_mean:               5.4149
return_std:                1.2274	target_mean:               1.8378	td_error_abs:              0.0680	test_battle_won_mean:      0.0000
test_dead_allies_mean:     2.8937	test_dead_enemies_mean:    0.6000	test_ep_length_mean:      68.7625	test_return_mean:          6.3856
test_return_std:           0.7029	
[INFO 07:00:23] my_main t_env: 320708 / 2050000
[INFO 07:00:23] my_main Estimated time left: 9 hours, 40 minutes, 42 seconds. Time passed: 1 hours, 47 minutes, 45 seconds
[INFO 07:00:34] my_main Recent Stats | t_env:     320708 | Episode:     7864
battle_won_mean:           0.0000	dead_allies_mean:          2.9480	dead_enemies_mean:         0.2807	ep_length_mean:           54.1733
epsilon:                   0.0500	grad_norm:                 2.3710	loss:                      1.1913	loss_central:              0.0087
loss_latent:               0.6733	loss_td:                   0.5092	q_taken_mean:              1.8286	return_mean:               5.4964
return_std:                1.2220	target_mean:               1.8362	td_error_abs:              0.0694	test_battle_won_mean:      0.0000
test_dead_allies_mean:     2.8937	test_dead_enemies_mean:    0.6937	test_ep_length_mean:      70.0062	test_return_mean:          6.4685
test_return_std:           0.7922	
RequestQuit command received.
Closing Application...
DataHandler: unable to parse websocket frame.
CloseHandler: 127.0.0.1:57092 disconnected
ResponseThread: No connection, dropping the response.
[INFO 07:03:17] absl Shutdown gracefully.
[INFO 07:03:17] absl Shutdown with return code: -15
[INFO 07:03:17] absl Launching SC2: /labmount/users/202535331/MARL/pymarl-monotone-qmix/3rdparty/StarCraftII/Versions/Base75689/SC2_x64 -listen 127.0.0.1 -port 39297 -dataDir /labmount/users/202535331/MARL/pymarl-monotone-qmix/3rdparty/StarCraftII/ -tempDir /tmp/sc-ahd6ro1v/
[INFO 07:03:17] absl Connecting to: ws://127.0.0.1:39297/sc2api, attempt: 0, running: True
Version: B75689 (SC2.4.10)
Build: Aug 12 2019 17:16:57
Command Line: '"/labmount/users/202535331/MARL/pymarl-monotone-qmix/3rdparty/StarCraftII/Versions/Base75689/SC2_x64" -listen 127.0.0.1 -port 39297 -dataDir /labmount/users/202535331/MARL/pymarl-monotone-qmix/3rdparty/StarCraftII/ -tempDir /tmp/sc-ahd6ro1v/'
Starting up...
Startup Phase 1 complete
[INFO 07:03:18] absl Connecting to: ws://127.0.0.1:39297/sc2api, attempt: 1, running: True
Startup Phase 2 complete
Creating stub renderer...
Listening on: 127.0.0.1:39297
Startup Phase 3 complete. Ready for commands.
[INFO 07:03:19] absl Connecting to: ws://127.0.0.1:39297/sc2api, attempt: 2, running: True
ConnectHandler: Request from 127.0.0.1:59648 accepted
ReadyHandler: 127.0.0.1:59648 ready
Requesting to join a single player game
Configuring interface options
Configure: raw interface enabled
Configure: feature layer interface disabled
Configure: score interface disabled
Configure: render interface disabled
Launching next game.
Next launch phase started: 2
Next launch phase started: 3
Next launch phase started: 4
Next launch phase started: 5
Next launch phase started: 6
Next launch phase started: 7
Next launch phase started: 8
Game has started.
Using default stable ids, none found at: /labmount/users/202535331/MARL/pymarl-monotone-qmix/3rdparty/StarCraftII/stableid.json
Successfully loaded stable ids: GameData\stableid.json
Sending ResponseJoinGame
[INFO 07:03:48] my_main t_env: 330732 / 2050000
[INFO 07:03:48] my_main Estimated time left: 9 hours, 45 minutes, 50 seconds. Time passed: 1 hours, 51 minutes, 10 seconds
[INFO 07:04:08] my_main Recent Stats | t_env:     330732 | Episode:     8025
battle_won_mean:           0.0000	dead_allies_mean:          2.9313	dead_enemies_mean:         0.3111	ep_length_mean:           55.4288
epsilon:                   0.0500	grad_norm:                 2.1629	loss:                      1.2028	loss_central:              0.0088
loss_latent:               0.6709	loss_td:                   0.5231	q_taken_mean:              1.8293	return_mean:               5.4994
return_std:                1.2576	target_mean:               1.8229	td_error_abs:              0.0644	test_battle_won_mean:      0.0000
test_dead_allies_mean:     2.8687	test_dead_enemies_mean:    0.6687	test_ep_length_mean:      75.0938	test_return_mean:          6.4824
test_return_std:           0.7614	
[INFO 07:07:05] my_main t_env: 340790 / 2050000
[INFO 07:07:05] my_main Estimated time left: 9 hours, 18 minutes, 21 seconds. Time passed: 1 hours, 54 minutes, 27 seconds
[INFO 07:07:20] my_main Recent Stats | t_env:     340790 | Episode:     8174
battle_won_mean:           0.0000	dead_allies_mean:          2.9133	dead_enemies_mean:         0.3360	ep_length_mean:           59.2929
epsilon:                   0.0500	grad_norm:                 2.5059	loss:                      1.3078	loss_central:              0.0090
loss_latent:               0.7148	loss_td:                   0.5840	q_taken_mean:              1.8312	return_mean:               5.6182
return_std:                1.2789	target_mean:               1.8263	td_error_abs:              0.0665	test_battle_won_mean:      0.0000
test_dead_allies_mean:     2.8687	test_dead_enemies_mean:    0.7875	test_ep_length_mean:      75.5938	test_return_mean:          6.5844
test_return_std:           0.7165	
[INFO 07:10:41] my_main t_env: 350831 / 2050000
[INFO 07:10:41] my_main Estimated time left: 10 hours, 9 minutes, 57 seconds. Time passed: 1 hours, 58 minutes, 3 seconds
[INFO 07:10:57] my_main Recent Stats | t_env:     350831 | Episode:     8348
battle_won_mean:           0.0000	dead_allies_mean:          2.9102	dead_enemies_mean:         0.3924	ep_length_mean:           60.7141
epsilon:                   0.0500	grad_norm:                 2.1757	loss:                      1.4238	loss_central:              0.0094
loss_latent:               0.7643	loss_td:                   0.6501	q_taken_mean:              1.8505	return_mean:               5.7707
return_std:                1.2919	target_mean:               1.8503	td_error_abs:              0.0685	test_battle_won_mean:      0.0000
test_dead_allies_mean:     2.8625	test_dead_enemies_mean:    0.9313	test_ep_length_mean:      76.8625	test_return_mean:          6.7551
test_return_std:           0.6883	
[INFO 07:14:02] my_main t_env: 360834 / 2050000
[INFO 07:14:02] my_main Estimated time left: 9 hours, 24 minutes, 32 seconds. Time passed: 2 hours, 1 minutes, 24 seconds
[INFO 07:14:19] my_main Recent Stats | t_env:     360834 | Episode:     8504
battle_won_mean:           0.0000	dead_allies_mean:          2.9051	dead_enemies_mean:         0.4399	ep_length_mean:           61.8989
epsilon:                   0.0500	grad_norm:                 2.2576	loss:                      1.4729	loss_central:              0.0100
loss_latent:               0.8083	loss_td:                   0.6546	q_taken_mean:              1.8036	return_mean:               5.8970
return_std:                1.2885	target_mean:               1.7980	td_error_abs:              0.0674	test_battle_won_mean:      0.0000
test_dead_allies_mean:     2.8625	test_dead_enemies_mean:    1.0437	test_ep_length_mean:      76.7438	test_return_mean:          6.9490
test_return_std:           0.6971	
[INFO 07:17:38] my_main t_env: 370861 / 2050000
[INFO 07:17:38] my_main Estimated time left: 10 hours, 4 minutes, 49 seconds. Time passed: 2 hours, 5 minutes, 0 seconds
[INFO 07:17:59] my_main Recent Stats | t_env:     370861 | Episode:     8679
battle_won_mean:           0.0000	dead_allies_mean:          2.9122	dead_enemies_mean:         0.5159	ep_length_mean:           61.7780
epsilon:                   0.0500	grad_norm:                 1.9406	loss:                      1.4550	loss_central:              0.0102
loss_latent:               0.8234	loss_td:                   0.6214	q_taken_mean:              1.8225	return_mean:               6.0483
return_std:                1.3170	target_mean:               1.8176	td_error_abs:              0.0681	test_battle_won_mean:      0.0000
test_dead_allies_mean:     2.8125	test_dead_enemies_mean:    1.1187	test_ep_length_mean:      85.5187	test_return_mean:          7.1094
test_return_std:           0.6978	
[INFO 07:21:31] my_main t_env: 380888 / 2050000
[INFO 07:21:31] my_main Estimated time left: 10 hours, 45 minutes, 12 seconds. Time passed: 2 hours, 8 minutes, 53 seconds
RequestQuit command received.
Closing Application...
DataHandler: unable to parse websocket frame.
CloseHandler: 127.0.0.1:59648 disconnected
[INFO 07:21:33] absl Shutdown gracefully.
[INFO 07:21:33] absl Shutdown with return code: -15
[INFO 07:21:33] absl Launching SC2: /labmount/users/202535331/MARL/pymarl-monotone-qmix/3rdparty/StarCraftII/Versions/Base75689/SC2_x64 -listen 127.0.0.1 -port 35427 -dataDir /labmount/users/202535331/MARL/pymarl-monotone-qmix/3rdparty/StarCraftII/ -tempDir /tmp/sc-9akx8or2/
[INFO 07:21:33] absl Connecting to: ws://127.0.0.1:35427/sc2api, attempt: 0, running: True
Version: B75689 (SC2.4.10)
Build: Aug 12 2019 17:16:57
Command Line: '"/labmount/users/202535331/MARL/pymarl-monotone-qmix/3rdparty/StarCraftII/Versions/Base75689/SC2_x64" -listen 127.0.0.1 -port 35427 -dataDir /labmount/users/202535331/MARL/pymarl-monotone-qmix/3rdparty/StarCraftII/ -tempDir /tmp/sc-9akx8or2/'
Starting up...
Startup Phase 1 complete
[INFO 07:21:34] absl Connecting to: ws://127.0.0.1:35427/sc2api, attempt: 1, running: True
Startup Phase 2 complete
Creating stub renderer...
Listening on: 127.0.0.1:35427
Startup Phase 3 complete. Ready for commands.
[INFO 07:21:35] absl Connecting to: ws://127.0.0.1:35427/sc2api, attempt: 2, running: True
ConnectHandler: Request from 127.0.0.1:40950 accepted
ReadyHandler: 127.0.0.1:40950 ready
Requesting to join a single player game
Configuring interface options
Configure: raw interface enabled
Configure: feature layer interface disabled
Configure: score interface disabled
Configure: render interface disabled
Launching next game.
Next launch phase started: 2
Next launch phase started: 3
Next launch phase started: 4
Next launch phase started: 5
Next launch phase started: 6
Next launch phase started: 7
Next launch phase started: 8
Game has started.
Using default stable ids, none found at: /labmount/users/202535331/MARL/pymarl-monotone-qmix/3rdparty/StarCraftII/stableid.json
Successfully loaded stable ids: GameData\stableid.json
Sending ResponseJoinGame
[INFO 07:21:55] my_main Recent Stats | t_env:     380888 | Episode:     8854
battle_won_mean:           0.0000	dead_allies_mean:          2.9365	dead_enemies_mean:         0.5575	ep_length_mean:           60.7853
epsilon:                   0.0500	grad_norm:                 2.2064	loss:                      1.4797	loss_central:              0.0102
loss_latent:               0.8592	loss_td:                   0.6104	q_taken_mean:              1.8374	return_mean:               6.1899
return_std:                1.2895	target_mean:               1.8347	td_error_abs:              0.0691	test_battle_won_mean:      0.0000
test_dead_allies_mean:     2.8250	test_dead_enemies_mean:    1.1562	test_ep_length_mean:      82.3750	test_return_mean:          7.2842
test_return_std:           0.8098	
[INFO 07:25:17] my_main t_env: 390916 / 2050000
[INFO 07:25:17] my_main Estimated time left: 10 hours, 22 minutes, 13 seconds. Time passed: 2 hours, 12 minutes, 39 seconds
[INFO 07:25:33] my_main Recent Stats | t_env:     390916 | Episode:     9026
battle_won_mean:           0.0000	dead_allies_mean:          2.9500	dead_enemies_mean:         0.5651	ep_length_mean:           58.9451
epsilon:                   0.0500	grad_norm:                 1.9225	loss:                      1.4218	loss_central:              0.0102
loss_latent:               0.8638	loss_td:                   0.5478	q_taken_mean:              1.8526	return_mean:               6.2295
return_std:                1.2730	target_mean:               1.8449	td_error_abs:              0.0697	test_battle_won_mean:      0.0000
test_dead_allies_mean:     2.8250	test_dead_enemies_mean:    1.1625	test_ep_length_mean:      83.0000	test_return_mean:          7.3960
test_return_std:           0.8757	
[INFO 07:28:34] my_main t_env: 400928 / 2050000
[INFO 07:28:34] my_main Estimated time left: 9 hours, 2 minutes, 37 seconds. Time passed: 2 hours, 15 minutes, 56 seconds
[INFO 07:28:53] my_main Recent Stats | t_env:     400928 | Episode:     9173
battle_won_mean:           0.0000	dead_allies_mean:          2.9428	dead_enemies_mean:         0.5889	ep_length_mean:           61.0254
epsilon:                   0.0500	grad_norm:                 2.0053	loss:                      1.3465	loss_central:              0.0098
loss_latent:               0.8530	loss_td:                   0.4837	q_taken_mean:              1.8149	return_mean:               6.2880
return_std:                1.3145	target_mean:               1.8053	td_error_abs:              0.0688	test_battle_won_mean:      0.0000
test_dead_allies_mean:     2.8188	test_dead_enemies_mean:    1.0813	test_ep_length_mean:      84.7438	test_return_mean:          7.4235
test_return_std:           0.9391	
[INFO 07:32:16] my_main t_env: 410940 / 2050000
[INFO 07:32:16] my_main Estimated time left: 10 hours, 6 minutes, 13 seconds. Time passed: 2 hours, 19 minutes, 39 seconds
[INFO 07:32:29] my_main Recent Stats | t_env:     410940 | Episode:     9334
battle_won_mean:           0.0000	dead_allies_mean:          2.9446	dead_enemies_mean:         0.6169	ep_length_mean:           60.6384
epsilon:                   0.0500	grad_norm:                 2.5126	loss:                      1.3466	loss_central:              0.0093
loss_latent:               0.8544	loss_td:                   0.4828	q_taken_mean:              1.8465	return_mean:               6.2949
return_std:                1.3261	target_mean:               1.8391	td_error_abs:              0.0713	test_battle_won_mean:      0.0000
test_dead_allies_mean:     2.8563	test_dead_enemies_mean:    1.0875	test_ep_length_mean:      78.1250	test_return_mean:          7.4798
test_return_std:           0.9258	
[INFO 07:35:53] my_main t_env: 420943 / 2050000
[INFO 07:35:53] my_main Estimated time left: 9 hours, 47 minutes, 14 seconds. Time passed: 2 hours, 23 minutes, 15 seconds
[INFO 07:36:18] my_main Recent Stats | t_env:     420943 | Episode:     9501
battle_won_mean:           0.0000	dead_allies_mean:          2.9419	dead_enemies_mean:         0.6088	ep_length_mean:           61.1586
epsilon:                   0.0500	grad_norm:                 2.8692	loss:                      1.3863	loss_central:              0.0088
loss_latent:               0.8804	loss_td:                   0.4970	q_taken_mean:              1.7518	return_mean:               6.3316
return_std:                1.3487	target_mean:               1.7521	td_error_abs:              0.0696	test_battle_won_mean:      0.0000
test_dead_allies_mean:     2.8438	test_dead_enemies_mean:    1.0625	test_ep_length_mean:      83.2313	test_return_mean:          7.6921
test_return_std:           1.0072	
[INFO 07:39:21] my_main t_env: 430968 / 2050000
[INFO 07:39:21] my_main Estimated time left: 9 hours, 21 minutes, 8 seconds. Time passed: 2 hours, 26 minutes, 43 seconds
RequestQuit command received.
Closing Application...
DataHandler: unable to parse websocket frame.
CloseHandler: 127.0.0.1:40950 disconnected
ResponseThread: No connection, dropping the response.
[INFO 07:39:37] absl Shutdown gracefully.
[INFO 07:39:37] absl Shutdown with return code: -15
[INFO 07:39:37] absl Launching SC2: /labmount/users/202535331/MARL/pymarl-monotone-qmix/3rdparty/StarCraftII/Versions/Base75689/SC2_x64 -listen 127.0.0.1 -port 46299 -dataDir /labmount/users/202535331/MARL/pymarl-monotone-qmix/3rdparty/StarCraftII/ -tempDir /tmp/sc-5ny04m30/
[INFO 07:39:37] absl Connecting to: ws://127.0.0.1:46299/sc2api, attempt: 0, running: True
Version: B75689 (SC2.4.10)
Build: Aug 12 2019 17:16:57
Command Line: '"/labmount/users/202535331/MARL/pymarl-monotone-qmix/3rdparty/StarCraftII/Versions/Base75689/SC2_x64" -listen 127.0.0.1 -port 46299 -dataDir /labmount/users/202535331/MARL/pymarl-monotone-qmix/3rdparty/StarCraftII/ -tempDir /tmp/sc-5ny04m30/'
Starting up...
Startup Phase 1 complete
[INFO 07:39:38] absl Connecting to: ws://127.0.0.1:46299/sc2api, attempt: 1, running: True
Startup Phase 2 complete
Creating stub renderer...
Listening on: 127.0.0.1:46299
Startup Phase 3 complete. Ready for commands.
[INFO 07:39:39] absl Connecting to: ws://127.0.0.1:46299/sc2api, attempt: 2, running: True
ConnectHandler: Request from 127.0.0.1:41384 accepted
ReadyHandler: 127.0.0.1:41384 ready
Requesting to join a single player game
Configuring interface options
Configure: raw interface enabled
Configure: feature layer interface disabled
Configure: score interface disabled
Configure: render interface disabled
Launching next game.
Next launch phase started: 2
Next launch phase started: 3
Next launch phase started: 4
Next launch phase started: 5
Next launch phase started: 6
Next launch phase started: 7
Next launch phase started: 8
Game has started.
Using default stable ids, none found at: /labmount/users/202535331/MARL/pymarl-monotone-qmix/3rdparty/StarCraftII/stableid.json
Successfully loaded stable ids: GameData\stableid.json
Sending ResponseJoinGame
[INFO 07:39:46] my_main Recent Stats | t_env:     430968 | Episode:     9648
battle_won_mean:           0.0000	dead_allies_mean:          2.9349	dead_enemies_mean:         0.6360	ep_length_mean:           63.3386
epsilon:                   0.0500	grad_norm:                 2.6273	loss:                      1.3896	loss_central:              0.0084
loss_latent:               0.8760	loss_td:                   0.5052	q_taken_mean:              1.8096	return_mean:               6.4493
return_std:                1.4076	target_mean:               1.8080	td_error_abs:              0.0698	test_battle_won_mean:      0.0000
test_dead_allies_mean:     2.8563	test_dead_enemies_mean:    1.1562	test_ep_length_mean:      82.4688	test_return_mean:          7.8846
test_return_std:           1.0298	
[INFO 07:42:59] my_main t_env: 441006 / 2050000
[INFO 07:42:59] my_main Estimated time left: 9 hours, 41 minutes, 50 seconds. Time passed: 2 hours, 30 minutes, 21 seconds
[INFO 07:43:15] my_main Recent Stats | t_env:     441006 | Episode:     9799
battle_won_mean:           0.0000	dead_allies_mean:          2.9310	dead_enemies_mean:         0.7053	ep_length_mean:           64.9735
epsilon:                   0.0500	grad_norm:                 2.7502	loss:                      1.4040	loss_central:              0.0090
loss_latent:               0.8678	loss_td:                   0.5272	q_taken_mean:              1.8546	return_mean:               6.5921
return_std:                1.4842	target_mean:               1.8559	td_error_abs:              0.0703	test_battle_won_mean:      0.0000
test_dead_allies_mean:     2.8750	test_dead_enemies_mean:    1.2000	test_ep_length_mean:      81.0250	test_return_mean:          8.0464
test_return_std:           1.0609	
[INFO 07:45:59] my_main t_env: 451030 / 2050000
[INFO 07:45:59] my_main Estimated time left: 7 hours, 57 minutes, 18 seconds. Time passed: 2 hours, 33 minutes, 21 seconds
[INFO 07:46:22] my_main Recent Stats | t_env:     451030 | Episode:     9918
battle_won_mean:           0.0000	dead_allies_mean:          2.9120	dead_enemies_mean:         0.7094	ep_length_mean:           68.1988
epsilon:                   0.0500	grad_norm:                 3.3945	loss:                      1.5331	loss_central:              0.0102
loss_latent:               0.9476	loss_td:                   0.5754	q_taken_mean:              1.9382	return_mean:               6.6413
return_std:                1.5349	target_mean:               1.9463	td_error_abs:              0.0726	test_battle_won_mean:      0.0000
test_dead_allies_mean:     2.8750	test_dead_enemies_mean:    1.2500	test_ep_length_mean:      85.4188	test_return_mean:          8.4419
test_return_std:           1.1854	
[INFO 07:49:02] my_main t_env: 461189 / 2050000
[INFO 07:49:02] my_main Estimated time left: 7 hours, 56 minutes, 46 seconds. Time passed: 2 hours, 36 minutes, 24 seconds
[INFO 07:49:26] my_main Recent Stats | t_env:     461189 | Episode:    10028
battle_won_mean:           0.0000	dead_allies_mean:          2.8924	dead_enemies_mean:         0.7136	ep_length_mean:           74.2324
epsilon:                   0.0500	grad_norm:                 2.9375	loss:                      1.5258	loss_central:              0.0105
loss_latent:               0.9426	loss_td:                   0.5727	q_taken_mean:              1.9925	return_mean:               6.8245
return_std:                1.7012	target_mean:               2.0009	td_error_abs:              0.0719	test_battle_won_mean:      0.0000
test_dead_allies_mean:     2.8312	test_dead_enemies_mean:    1.2750	test_ep_length_mean:      97.0812	test_return_mean:          8.7542
test_return_std:           1.3511	
[INFO 07:52:35] my_main t_env: 471202 / 2050000
[INFO 07:52:35] my_main Estimated time left: 9 hours, 21 minutes, 34 seconds. Time passed: 2 hours, 39 minutes, 57 seconds
[INFO 07:52:54] my_main Recent Stats | t_env:     471202 | Episode:    10176
battle_won_mean:           0.0000	dead_allies_mean:          2.8911	dead_enemies_mean:         0.7443	ep_length_mean:           75.7839
epsilon:                   0.0500	grad_norm:                 2.6147	loss:                      1.5654	loss_central:              0.0107
loss_latent:               0.9304	loss_td:                   0.6243	q_taken_mean:              2.0551	return_mean:               6.8982
return_std:                1.8332	target_mean:               2.0606	td_error_abs:              0.0727	test_battle_won_mean:      0.0000
test_dead_allies_mean:     2.8875	test_dead_enemies_mean:    1.3813	test_ep_length_mean:      89.7938	test_return_mean:          8.9753
test_return_std:           1.5400	
[INFO 07:55:58] my_main t_env: 481207 / 2050000
[INFO 07:55:58] my_main Estimated time left: 8 hours, 51 minutes, 3 seconds. Time passed: 2 hours, 43 minutes, 20 seconds
RequestQuit command received.
DataHandler: unable to parse websocket frame.
Closing Application...
CloseHandler: 127.0.0.1:41384 disconnected
[INFO 07:56:19] absl Shutdown gracefully.
[INFO 07:56:19] absl Shutdown with return code: -15
[INFO 07:56:19] absl Launching SC2: /labmount/users/202535331/MARL/pymarl-monotone-qmix/3rdparty/StarCraftII/Versions/Base75689/SC2_x64 -listen 127.0.0.1 -port 33067 -dataDir /labmount/users/202535331/MARL/pymarl-monotone-qmix/3rdparty/StarCraftII/ -tempDir /tmp/sc-ihhcv9ea/
[INFO 07:56:19] absl Connecting to: ws://127.0.0.1:33067/sc2api, attempt: 0, running: True
Version: B75689 (SC2.4.10)
Build: Aug 12 2019 17:16:57
Command Line: '"/labmount/users/202535331/MARL/pymarl-monotone-qmix/3rdparty/StarCraftII/Versions/Base75689/SC2_x64" -listen 127.0.0.1 -port 33067 -dataDir /labmount/users/202535331/MARL/pymarl-monotone-qmix/3rdparty/StarCraftII/ -tempDir /tmp/sc-ihhcv9ea/'
Starting up...
Startup Phase 1 complete
[INFO 07:56:20] absl Connecting to: ws://127.0.0.1:33067/sc2api, attempt: 1, running: True
Startup Phase 2 complete
Creating stub renderer...
Listening on: 127.0.0.1:33067
Startup Phase 3 complete. Ready for commands.
[INFO 07:56:21] absl Connecting to: ws://127.0.0.1:33067/sc2api, attempt: 2, running: True
ConnectHandler: Request from 127.0.0.1:42152 accepted
ReadyHandler: 127.0.0.1:42152 ready
Requesting to join a single player game
Configuring interface options
Configure: raw interface enabled
Configure: feature layer interface disabled
Configure: score interface disabled
Configure: render interface disabled
Launching next game.
Next launch phase started: 2
Next launch phase started: 3
Next launch phase started: 4
Next launch phase started: 5
Next launch phase started: 6
Next launch phase started: 7
Next launch phase started: 8
Game has started.
Using default stable ids, none found at: /labmount/users/202535331/MARL/pymarl-monotone-qmix/3rdparty/StarCraftII/stableid.json
Successfully loaded stable ids: GameData\stableid.json
Sending ResponseJoinGame
[INFO 07:56:26] my_main Recent Stats | t_env:     481207 | Episode:    10313
battle_won_mean:           0.0000	dead_allies_mean:          2.8857	dead_enemies_mean:         0.7420	ep_length_mean:           76.7503
epsilon:                   0.0500	grad_norm:                 3.0102	loss:                      1.6676	loss_central:              0.0106
loss_latent:               0.9916	loss_td:                   0.6654	q_taken_mean:              2.0194	return_mean:               6.9357
return_std:                1.8997	target_mean:               2.0287	td_error_abs:              0.0721	test_battle_won_mean:      0.0000
test_dead_allies_mean:     2.8750	test_dead_enemies_mean:    1.3125	test_ep_length_mean:      92.4625	test_return_mean:          9.0880
test_return_std:           1.5881	
[INFO 07:59:45] my_main t_env: 491222 / 2050000
[INFO 07:59:45] my_main Estimated time left: 9 hours, 48 minutes, 52 seconds. Time passed: 2 hours, 47 minutes, 8 seconds
[INFO 08:00:03] my_main Recent Stats | t_env:     491222 | Episode:    10468
battle_won_mean:           0.0000	dead_allies_mean:          2.8886	dead_enemies_mean:         0.7235	ep_length_mean:           76.3775
epsilon:                   0.0500	grad_norm:                 2.9181	loss:                      1.7420	loss_central:              0.0105
loss_latent:               1.0064	loss_td:                   0.7251	q_taken_mean:              2.1126	return_mean:               6.9587
return_std:                1.9358	target_mean:               2.1202	td_error_abs:              0.0723	test_battle_won_mean:      0.0000
test_dead_allies_mean:     2.8750	test_dead_enemies_mean:    1.2750	test_ep_length_mean:      93.6437	test_return_mean:          9.2685
test_return_std:           1.6100	
[INFO 08:03:16] my_main t_env: 501226 / 2050000
[INFO 08:03:16] my_main Estimated time left: 9 hours, 3 minutes, 3 seconds. Time passed: 2 hours, 50 minutes, 38 seconds
[INFO 08:03:33] my_main Recent Stats | t_env:     501226 | Episode:    10611
battle_won_mean:           0.0000	dead_allies_mean:          2.9141	dead_enemies_mean:         0.7275	ep_length_mean:           73.5220
epsilon:                   0.0500	grad_norm:                 2.4995	loss:                      1.7607	loss_central:              0.0099
loss_latent:               0.9839	loss_td:                   0.7670	q_taken_mean:              2.1534	return_mean:               7.0588
return_std:                1.9802	target_mean:               2.1615	td_error_abs:              0.0729	test_battle_won_mean:      0.0000
test_dead_allies_mean:     2.9062	test_dead_enemies_mean:    1.3125	test_ep_length_mean:      86.2375	test_return_mean:          9.1363
test_return_std:           1.6086	
[INFO 08:06:58] my_main t_env: 511248 / 2050000
[INFO 08:06:58] my_main Estimated time left: 9 hours, 27 minutes, 28 seconds. Time passed: 2 hours, 54 minutes, 20 seconds
[INFO 08:07:13] my_main Recent Stats | t_env:     511248 | Episode:    10770
battle_won_mean:           0.0000	dead_allies_mean:          2.9411	dead_enemies_mean:         0.7047	ep_length_mean:           67.6574
epsilon:                   0.0500	grad_norm:                 2.3836	loss:                      1.8459	loss_central:              0.0093
loss_latent:               0.9737	loss_td:                   0.8628	q_taken_mean:              2.2098	return_mean:               6.9869
return_std:                1.9686	target_mean:               2.2270	td_error_abs:              0.0749	test_battle_won_mean:      0.0000
test_dead_allies_mean:     2.9500	test_dead_enemies_mean:    1.2437	test_ep_length_mean:      77.2000	test_return_mean:          9.1031
test_return_std:           1.5791	
[INFO 08:10:22] my_main t_env: 521332 / 2050000
[INFO 08:10:22] my_main Estimated time left: 8 hours, 35 minutes, 52 seconds. Time passed: 2 hours, 57 minutes, 44 seconds
[INFO 08:10:40] my_main Recent Stats | t_env:     521332 | Episode:    10916
battle_won_mean:           0.0000	dead_allies_mean:          2.9396	dead_enemies_mean:         0.6671	ep_length_mean:           67.9400
epsilon:                   0.0500	grad_norm:                 2.6000	loss:                      1.9493	loss_central:              0.0096
loss_latent:               1.0197	loss_td:                   0.9201	q_taken_mean:              2.2956	return_mean:               7.0537
return_std:                1.9744	target_mean:               2.3079	td_error_abs:              0.0776	test_battle_won_mean:      0.0000
test_dead_allies_mean:     2.9375	test_dead_enemies_mean:    1.1875	test_ep_length_mean:      77.9813	test_return_mean:          9.1507
test_return_std:           1.4702	
[INFO 08:13:53] my_main t_env: 531376 / 2050000
[INFO 08:13:53] my_main Estimated time left: 8 hours, 52 minutes, 48 seconds. Time passed: 3 hours, 1 minutes, 15 seconds
[INFO 08:14:11] my_main Recent Stats | t_env:     531376 | Episode:    11065
battle_won_mean:           0.0000	dead_allies_mean:          2.9479	dead_enemies_mean:         0.6164	ep_length_mean:           66.8161
epsilon:                   0.0500	grad_norm:                 2.9971	loss:                      1.9760	loss_central:              0.0098
loss_latent:               0.9946	loss_td:                   0.9716	q_taken_mean:              2.3778	return_mean:               7.0878
return_std:                2.0032	target_mean:               2.3782	td_error_abs:              0.0816	test_battle_won_mean:      0.0000
test_dead_allies_mean:     2.9688	test_dead_enemies_mean:    1.0938	test_ep_length_mean:      75.3625	test_return_mean:          9.2633
test_return_std:           1.3651	
RequestQuit command received.
Closing Application...
DataHandler: unable to parse websocket frame.
CloseHandler: 127.0.0.1:42152 disconnected
[INFO 08:15:15] absl Shutdown gracefully.
[INFO 08:15:15] absl Shutdown with return code: -15
[INFO 08:15:15] absl Launching SC2: /labmount/users/202535331/MARL/pymarl-monotone-qmix/3rdparty/StarCraftII/Versions/Base75689/SC2_x64 -listen 127.0.0.1 -port 39899 -dataDir /labmount/users/202535331/MARL/pymarl-monotone-qmix/3rdparty/StarCraftII/ -tempDir /tmp/sc-baepxrl2/
[INFO 08:15:15] absl Connecting to: ws://127.0.0.1:39899/sc2api, attempt: 0, running: True
Version: B75689 (SC2.4.10)
Build: Aug 12 2019 17:16:57
Command Line: '"/labmount/users/202535331/MARL/pymarl-monotone-qmix/3rdparty/StarCraftII/Versions/Base75689/SC2_x64" -listen 127.0.0.1 -port 39899 -dataDir /labmount/users/202535331/MARL/pymarl-monotone-qmix/3rdparty/StarCraftII/ -tempDir /tmp/sc-baepxrl2/'
Starting up...
Startup Phase 1 complete
[INFO 08:15:16] absl Connecting to: ws://127.0.0.1:39899/sc2api, attempt: 1, running: True
Startup Phase 2 complete
Creating stub renderer...
Listening on: 127.0.0.1:39899
Startup Phase 3 complete. Ready for commands.
[INFO 08:15:17] absl Connecting to: ws://127.0.0.1:39899/sc2api, attempt: 2, running: True
ConnectHandler: Request from 127.0.0.1:42812 accepted
ReadyHandler: 127.0.0.1:42812 ready
Requesting to join a single player game
Configuring interface options
Configure: raw interface enabled
Configure: feature layer interface disabled
Configure: score interface disabled
Configure: render interface disabled
Launching next game.
Next launch phase started: 2
Next launch phase started: 3
Next launch phase started: 4
Next launch phase started: 5
Next launch phase started: 6
Next launch phase started: 7
Next launch phase started: 8
Game has started.
Using default stable ids, none found at: /labmount/users/202535331/MARL/pymarl-monotone-qmix/3rdparty/StarCraftII/stableid.json
Successfully loaded stable ids: GameData\stableid.json
Sending ResponseJoinGame
[INFO 08:17:27] my_main t_env: 541444 / 2050000
[INFO 08:17:27] my_main Estimated time left: 8 hours, 52 minutes, 55 seconds. Time passed: 3 hours, 4 minutes, 49 seconds
[INFO 08:17:48] my_main Recent Stats | t_env:     541444 | Episode:    11209
battle_won_mean:           0.0000	dead_allies_mean:          2.9388	dead_enemies_mean:         0.5279	ep_length_mean:           67.8768
epsilon:                   0.0500	grad_norm:                 3.7786	loss:                      2.0575	loss_central:              0.0094
loss_latent:               1.0331	loss_td:                   1.0150	q_taken_mean:              2.3135	return_mean:               7.0961
return_std:                2.0438	target_mean:               2.3052	td_error_abs:              0.0834	test_battle_won_mean:      0.0000
test_dead_allies_mean:     2.9375	test_dead_enemies_mean:    0.9875	test_ep_length_mean:      80.4000	test_return_mean:          9.2686
test_return_std:           1.4335	
[INFO 08:21:03] my_main t_env: 551466 / 2050000
[INFO 08:21:03] my_main Estimated time left: 8 hours, 58 minutes, 19 seconds. Time passed: 3 hours, 8 minutes, 25 seconds
[INFO 08:21:22] my_main Recent Stats | t_env:     551466 | Episode:    11351
battle_won_mean:           0.0000	dead_allies_mean:          2.9331	dead_enemies_mean:         0.4472	ep_length_mean:           68.0007
epsilon:                   0.0500	grad_norm:                 4.0622	loss:                      2.0500	loss_central:              0.0091
loss_latent:               0.9989	loss_td:                   1.0420	q_taken_mean:              2.3351	return_mean:               7.0362
return_std:                2.0899	target_mean:               2.3271	td_error_abs:              0.0830	test_battle_won_mean:      0.0000
test_dead_allies_mean:     2.9188	test_dead_enemies_mean:    0.8125	test_ep_length_mean:      84.3625	test_return_mean:          9.2265
test_return_std:           1.4744	
[INFO 08:24:31] my_main t_env: 561499 / 2050000
[INFO 08:24:31] my_main Estimated time left: 8 hours, 35 minutes, 27 seconds. Time passed: 3 hours, 11 minutes, 53 seconds
[INFO 08:24:50] my_main Recent Stats | t_env:     561499 | Episode:    11493
battle_won_mean:           0.0000	dead_allies_mean:          2.9252	dead_enemies_mean:         0.4193	ep_length_mean:           69.5254
epsilon:                   0.0500	grad_norm:                 4.9426	loss:                      2.1342	loss_central:              0.0093
loss_latent:               1.0720	loss_td:                   1.0529	q_taken_mean:              2.3330	return_mean:               7.0433
return_std:                2.0561	target_mean:               2.3037	td_error_abs:              0.0874	test_battle_won_mean:      0.0000
test_dead_allies_mean:     2.8875	test_dead_enemies_mean:    0.7937	test_ep_length_mean:      88.5250	test_return_mean:          9.2178
test_return_std:           1.4894	
[INFO 08:27:59] my_main t_env: 571539 / 2050000
[INFO 08:27:59] my_main Estimated time left: 8 hours, 29 minutes, 11 seconds. Time passed: 3 hours, 15 minutes, 21 seconds
[INFO 08:28:23] my_main Recent Stats | t_env:     571539 | Episode:    11632
battle_won_mean:           0.0000	dead_allies_mean:          2.9202	dead_enemies_mean:         0.3935	ep_length_mean:           70.1577
epsilon:                   0.0500	grad_norm:                 4.9532	loss:                      2.0803	loss_central:              0.0092
loss_latent:               1.0296	loss_td:                   1.0415	q_taken_mean:              2.3558	return_mean:               7.0419
return_std:                2.0415	target_mean:               2.3245	td_error_abs:              0.0875	test_battle_won_mean:      0.0000
test_dead_allies_mean:     2.8875	test_dead_enemies_mean:    0.7438	test_ep_length_mean:      93.4813	test_return_mean:          9.2915
test_return_std:           1.6526	
[INFO 08:31:11] my_main t_env: 581544 / 2050000
[INFO 08:31:11] my_main Estimated time left: 7 hours, 50 minutes, 54 seconds. Time passed: 3 hours, 18 minutes, 33 seconds
[INFO 08:31:29] my_main Recent Stats | t_env:     581544 | Episode:    11750
battle_won_mean:           0.0000	dead_allies_mean:          2.9069	dead_enemies_mean:         0.3830	ep_length_mean:           73.6335
epsilon:                   0.0500	grad_norm:                 4.5676	loss:                      2.0689	loss_central:              0.0088
loss_latent:               1.0254	loss_td:                   1.0347	q_taken_mean:              2.2975	return_mean:               7.0405
return_std:                2.1339	target_mean:               2.2742	td_error_abs:              0.0838	test_battle_won_mean:      0.0000
test_dead_allies_mean:     2.8875	test_dead_enemies_mean:    0.7375	test_ep_length_mean:      93.3187	test_return_mean:          9.1190
test_return_std:           1.7484	
RequestQuit command received.
DataHandler: unable to parse websocket frame.
Closing Application...
CloseHandler: 127.0.0.1:42812 disconnected
ResponseThread: No connection, dropping the response.
[INFO 08:32:26] absl Shutdown gracefully.
[INFO 08:32:26] absl Shutdown with return code: -15
[INFO 08:32:26] absl Launching SC2: /labmount/users/202535331/MARL/pymarl-monotone-qmix/3rdparty/StarCraftII/Versions/Base75689/SC2_x64 -listen 127.0.0.1 -port 38535 -dataDir /labmount/users/202535331/MARL/pymarl-monotone-qmix/3rdparty/StarCraftII/ -tempDir /tmp/sc-acfugsg0/
[INFO 08:32:26] absl Connecting to: ws://127.0.0.1:38535/sc2api, attempt: 0, running: True
Version: B75689 (SC2.4.10)
Build: Aug 12 2019 17:16:57
Command Line: '"/labmount/users/202535331/MARL/pymarl-monotone-qmix/3rdparty/StarCraftII/Versions/Base75689/SC2_x64" -listen 127.0.0.1 -port 38535 -dataDir /labmount/users/202535331/MARL/pymarl-monotone-qmix/3rdparty/StarCraftII/ -tempDir /tmp/sc-acfugsg0/'
Starting up...
Startup Phase 1 complete
[INFO 08:32:27] absl Connecting to: ws://127.0.0.1:38535/sc2api, attempt: 1, running: True
Startup Phase 2 complete
Creating stub renderer...
Listening on: 127.0.0.1:38535
Startup Phase 3 complete. Ready for commands.
[INFO 08:32:28] absl Connecting to: ws://127.0.0.1:38535/sc2api, attempt: 2, running: True
ConnectHandler: Request from 127.0.0.1:48928 accepted
ReadyHandler: 127.0.0.1:48928 ready
Requesting to join a single player game
Configuring interface options
Configure: raw interface enabled
Configure: feature layer interface disabled
Configure: score interface disabled
Configure: render interface disabled
Launching next game.
Next launch phase started: 2
Next launch phase started: 3
Next launch phase started: 4
Next launch phase started: 5
Next launch phase started: 6
Next launch phase started: 7
Next launch phase started: 8
Game has started.
Using default stable ids, none found at: /labmount/users/202535331/MARL/pymarl-monotone-qmix/3rdparty/StarCraftII/stableid.json
Successfully loaded stable ids: GameData\stableid.json
Sending ResponseJoinGame
[INFO 08:34:25] my_main t_env: 591551 / 2050000
[INFO 08:34:25] my_main Estimated time left: 7 hours, 50 minutes, 13 seconds. Time passed: 3 hours, 21 minutes, 47 seconds
[INFO 08:34:48] my_main Recent Stats | t_env:     591551 | Episode:    11864
battle_won_mean:           0.0000	dead_allies_mean:          2.8842	dead_enemies_mean:         0.4043	ep_length_mean:           77.2063
epsilon:                   0.0500	grad_norm:                 3.9835	loss:                      2.0925	loss_central:              0.0091
loss_latent:               1.0235	loss_td:                   1.0599	q_taken_mean:              2.2920	return_mean:               7.0446
return_std:                2.1832	target_mean:               2.2779	td_error_abs:              0.0825	test_battle_won_mean:      0.0000
test_dead_allies_mean:     2.8625	test_dead_enemies_mean:    0.7750	test_ep_length_mean:      95.3937	test_return_mean:          9.1325
test_return_std:           1.8352	
[INFO 08:37:44] my_main t_env: 601595 / 2050000
[INFO 08:37:44] my_main Estimated time left: 7 hours, 59 minutes, 50 seconds. Time passed: 3 hours, 25 minutes, 6 seconds
[INFO 08:38:03] my_main Recent Stats | t_env:     601595 | Episode:    11987
battle_won_mean:           0.0000	dead_allies_mean:          2.8688	dead_enemies_mean:         0.4454	ep_length_mean:           79.4225
epsilon:                   0.0500	grad_norm:                 3.9155	loss:                      2.1287	loss_central:              0.0097
loss_latent:               1.0254	loss_td:                   1.0936	q_taken_mean:              2.3337	return_mean:               7.1384
return_std:                2.2225	target_mean:               2.3061	td_error_abs:              0.0841	test_battle_won_mean:      0.0000
test_dead_allies_mean:     2.8563	test_dead_enemies_mean:    0.8625	test_ep_length_mean:      94.0687	test_return_mean:          9.0903
test_return_std:           1.8340	
[INFO 08:41:08] my_main t_env: 611745 / 2050000
[INFO 08:41:08] my_main Estimated time left: 8 hours, 9 seconds. Time passed: 3 hours, 28 minutes, 30 seconds
[INFO 08:41:26] my_main Recent Stats | t_env:     611745 | Episode:    12120
battle_won_mean:           0.0000	dead_allies_mean:          2.8648	dead_enemies_mean:         0.4810	ep_length_mean:           80.5547
epsilon:                   0.0500	grad_norm:                 3.4229	loss:                      2.1056	loss_central:              0.0131
loss_latent:               0.9987	loss_td:                   1.0937	q_taken_mean:              2.2825	return_mean:               7.2473
return_std:                2.3170	target_mean:               2.2730	td_error_abs:              0.0793	test_battle_won_mean:      0.0000
test_dead_allies_mean:     2.8687	test_dead_enemies_mean:    0.9125	test_ep_length_mean:      93.8625	test_return_mean:          9.1558
test_return_std:           1.8880	
[INFO 08:44:41] my_main t_env: 621909 / 2050000
[INFO 08:44:41] my_main Estimated time left: 8 hours, 18 minutes, 26 seconds. Time passed: 3 hours, 32 minutes, 3 seconds
[INFO 08:44:56] my_main Recent Stats | t_env:     621909 | Episode:    12264
battle_won_mean:           0.0000	dead_allies_mean:          2.8681	dead_enemies_mean:         0.4875	ep_length_mean:           80.2253
epsilon:                   0.0500	grad_norm:                 3.4996	loss:                      2.1583	loss_central:              0.0135
loss_latent:               1.0245	loss_td:                   1.1203	q_taken_mean:              2.2664	return_mean:               7.2728
return_std:                2.3639	target_mean:               2.2557	td_error_abs:              0.0797	test_battle_won_mean:      0.0000
test_dead_allies_mean:     2.8875	test_dead_enemies_mean:    0.9000	test_ep_length_mean:      85.6688	test_return_mean:          8.9529
test_return_std:           1.6241	
[INFO 08:47:51] my_main t_env: 631918 / 2050000
[INFO 08:47:51] my_main Estimated time left: 7 hours, 28 minutes, 56 seconds. Time passed: 3 hours, 35 minutes, 13 seconds
[INFO 08:48:08] my_main Recent Stats | t_env:     631918 | Episode:    12386
battle_won_mean:           0.0000	dead_allies_mean:          2.8673	dead_enemies_mean:         0.5159	ep_length_mean:           79.6759
epsilon:                   0.0500	grad_norm:                 3.2516	loss:                      2.1876	loss_central:              0.0136
loss_latent:               1.0450	loss_td:                   1.1289	q_taken_mean:              2.2993	return_mean:               7.3607
return_std:                2.3540	target_mean:               2.2888	td_error_abs:              0.0827	test_battle_won_mean:      0.0000
test_dead_allies_mean:     2.8875	test_dead_enemies_mean:    0.9250	test_ep_length_mean:      86.3750	test_return_mean:          9.1655
test_return_std:           1.6747	
RequestQuit command received.
DataHandler: unable to parse websocket frame.
Closing Application...
CloseHandler: 127.0.0.1:48928 disconnected
ResponseThread: No connection, dropping the response.
[INFO 08:49:33] absl Shutdown gracefully.
[INFO 08:49:33] absl Shutdown with return code: -15
[INFO 08:49:33] absl Launching SC2: /labmount/users/202535331/MARL/pymarl-monotone-qmix/3rdparty/StarCraftII/Versions/Base75689/SC2_x64 -listen 127.0.0.1 -port 36381 -dataDir /labmount/users/202535331/MARL/pymarl-monotone-qmix/3rdparty/StarCraftII/ -tempDir /tmp/sc-9gpmw2gs/
[INFO 08:49:33] absl Connecting to: ws://127.0.0.1:36381/sc2api, attempt: 0, running: True
Version: B75689 (SC2.4.10)
Build: Aug 12 2019 17:16:57
Command Line: '"/labmount/users/202535331/MARL/pymarl-monotone-qmix/3rdparty/StarCraftII/Versions/Base75689/SC2_x64" -listen 127.0.0.1 -port 36381 -dataDir /labmount/users/202535331/MARL/pymarl-monotone-qmix/3rdparty/StarCraftII/ -tempDir /tmp/sc-9gpmw2gs/'
Starting up...
Startup Phase 1 complete
[INFO 08:49:34] absl Connecting to: ws://127.0.0.1:36381/sc2api, attempt: 1, running: True
Startup Phase 2 complete
Creating stub renderer...
Listening on: 127.0.0.1:36381
Startup Phase 3 complete. Ready for commands.
[INFO 08:49:35] absl Connecting to: ws://127.0.0.1:36381/sc2api, attempt: 2, running: True
ConnectHandler: Request from 127.0.0.1:45892 accepted
ReadyHandler: 127.0.0.1:45892 ready
Requesting to join a single player game
Configuring interface options
Configure: raw interface enabled
Configure: feature layer interface disabled
Configure: score interface disabled
Configure: render interface disabled
Launching next game.
Next launch phase started: 2
Next launch phase started: 3
Next launch phase started: 4
Next launch phase started: 5
Next launch phase started: 6
Next launch phase started: 7
Next launch phase started: 8
Game has started.
Using default stable ids, none found at: /labmount/users/202535331/MARL/pymarl-monotone-qmix/3rdparty/StarCraftII/stableid.json
Successfully loaded stable ids: GameData\stableid.json
Sending ResponseJoinGame
[INFO 08:51:20] my_main t_env: 641922 / 2050000
[INFO 08:51:20] my_main Estimated time left: 8 hours, 10 minutes, 28 seconds. Time passed: 3 hours, 38 minutes, 42 seconds
[INFO 08:51:40] my_main Recent Stats | t_env:     641922 | Episode:    12520
battle_won_mean:           0.0000	dead_allies_mean:          2.8871	dead_enemies_mean:         0.5454	ep_length_mean:           77.0511
epsilon:                   0.0500	grad_norm:                 3.2894	loss:                      2.2205	loss_central:              0.0133
loss_latent:               1.0488	loss_td:                   1.1583	q_taken_mean:              2.3476	return_mean:               7.4291
return_std:                2.3757	target_mean:               2.3193	td_error_abs:              0.0874	test_battle_won_mean:      0.0000
test_dead_allies_mean:     2.9188	test_dead_enemies_mean:    0.9313	test_ep_length_mean:      82.7188	test_return_mean:          9.1997
test_return_std:           1.6248	
[INFO 08:54:42] my_main t_env: 652004 / 2050000
[INFO 08:54:42] my_main Estimated time left: 7 hours, 47 minutes, 56 seconds. Time passed: 3 hours, 42 minutes, 4 seconds
[INFO 08:55:04] my_main Recent Stats | t_env:     652004 | Episode:    12648
battle_won_mean:           0.0000	dead_allies_mean:          2.8976	dead_enemies_mean:         0.5584	ep_length_mean:           76.4725
epsilon:                   0.0500	grad_norm:                 3.6275	loss:                      2.3597	loss_central:              0.0129
loss_latent:               1.1226	loss_td:                   1.2242	q_taken_mean:              2.3138	return_mean:               7.4608
return_std:                2.4166	target_mean:               2.2836	td_error_abs:              0.0887	test_battle_won_mean:      0.0000
test_dead_allies_mean:     2.9062	test_dead_enemies_mean:    0.9125	test_ep_length_mean:      85.9875	test_return_mean:          9.3192
test_return_std:           1.5570	
[INFO 08:58:17] my_main t_env: 662116 / 2050000
[INFO 08:58:17] my_main Estimated time left: 8 hours, 10 minutes, 44 seconds. Time passed: 3 hours, 45 minutes, 39 seconds
[INFO 08:58:38] my_main Recent Stats | t_env:     662116 | Episode:    12782
battle_won_mean:           0.0000	dead_allies_mean:          2.8993	dead_enemies_mean:         0.5426	ep_length_mean:           76.3019
epsilon:                   0.0500	grad_norm:                 3.6802	loss:                      2.3537	loss_central:              0.0092
loss_latent:               1.1163	loss_td:                   1.2282	q_taken_mean:              2.2455	return_mean:               7.4417
return_std:                2.4741	target_mean:               2.2364	td_error_abs:              0.0991	test_battle_won_mean:      0.0063
test_dead_allies_mean:     2.8937	test_dead_enemies_mean:    0.9375	test_ep_length_mean:      88.1375	test_return_mean:          9.5997
test_return_std:           1.7457	
[INFO 09:01:29] my_main t_env: 672148 / 2050000
[INFO 09:01:29] my_main Estimated time left: 7 hours, 21 minutes, 13 seconds. Time passed: 3 hours, 48 minutes, 52 seconds
[INFO 09:01:52] my_main Recent Stats | t_env:     672148 | Episode:    12896
battle_won_mean:           0.0018	dead_allies_mean:          2.8781	dead_enemies_mean:         0.5647	ep_length_mean:           79.7852
epsilon:                   0.0500	grad_norm:                 4.5648	loss:                      2.3882	loss_central:              0.0115
loss_latent:               1.1710	loss_td:                   1.2056	q_taken_mean:              2.1596	return_mean:               7.5587
return_std:                2.6510	target_mean:               2.1643	td_error_abs:              0.0984	test_battle_won_mean:      0.0063
test_dead_allies_mean:     2.8625	test_dead_enemies_mean:    1.0437	test_ep_length_mean:      94.7938	test_return_mean:          9.9801
test_return_std:           2.0281	
[INFO 09:04:59] my_main t_env: 682190 / 2050000
[INFO 09:04:59] my_main Estimated time left: 7 hours, 56 minutes, 17 seconds. Time passed: 3 hours, 52 minutes, 21 seconds
[INFO 09:05:23] my_main Recent Stats | t_env:     682190 | Episode:    13027
battle_won_mean:           0.0018	dead_allies_mean:          2.8890	dead_enemies_mean:         0.5905	ep_length_mean:           78.7083
epsilon:                   0.0500	grad_norm:                 4.5980	loss:                      2.3861	loss_central:              0.0121
loss_latent:               1.1440	loss_td:                   1.2301	q_taken_mean:              2.1635	return_mean:               7.6306
return_std:                2.7066	target_mean:               2.1734	td_error_abs:              0.0976	test_battle_won_mean:      0.0063
test_dead_allies_mean:     2.8375	test_dead_enemies_mean:    1.1250	test_ep_length_mean:     101.0500	test_return_mean:         10.2263
test_return_std:           2.1128	
RequestQuit command received.
DataHandler: unable to parse websocket frame.
Closing Application...
CloseHandler: 127.0.0.1:45892 disconnected
ResponseThread: No connection, dropping the response.
[INFO 09:06:16] absl Shutdown gracefully.
[INFO 09:06:16] absl Shutdown with return code: -15
[INFO 09:06:16] absl Launching SC2: /labmount/users/202535331/MARL/pymarl-monotone-qmix/3rdparty/StarCraftII/Versions/Base75689/SC2_x64 -listen 127.0.0.1 -port 37157 -dataDir /labmount/users/202535331/MARL/pymarl-monotone-qmix/3rdparty/StarCraftII/ -tempDir /tmp/sc-it9qvoyq/
[INFO 09:06:16] absl Connecting to: ws://127.0.0.1:37157/sc2api, attempt: 0, running: True
Version: B75689 (SC2.4.10)
Build: Aug 12 2019 17:16:57
Command Line: '"/labmount/users/202535331/MARL/pymarl-monotone-qmix/3rdparty/StarCraftII/Versions/Base75689/SC2_x64" -listen 127.0.0.1 -port 37157 -dataDir /labmount/users/202535331/MARL/pymarl-monotone-qmix/3rdparty/StarCraftII/ -tempDir /tmp/sc-it9qvoyq/'
Starting up...
Startup Phase 1 complete
[INFO 09:06:17] absl Connecting to: ws://127.0.0.1:37157/sc2api, attempt: 1, running: True
Startup Phase 2 complete
Creating stub renderer...
Listening on: 127.0.0.1:37157
Startup Phase 3 complete. Ready for commands.
[INFO 09:06:18] absl Connecting to: ws://127.0.0.1:37157/sc2api, attempt: 2, running: True
ConnectHandler: Request from 127.0.0.1:51400 accepted
ReadyHandler: 127.0.0.1:51400 ready
Requesting to join a single player game
Configuring interface options
Configure: raw interface enabled
Configure: feature layer interface disabled
Configure: score interface disabled
Configure: render interface disabled
Launching next game.
Next launch phase started: 2
Next launch phase started: 3
Next launch phase started: 4
Next launch phase started: 5
Next launch phase started: 6
Next launch phase started: 7
Next launch phase started: 8
Game has started.
Using default stable ids, none found at: /labmount/users/202535331/MARL/pymarl-monotone-qmix/3rdparty/StarCraftII/stableid.json
Successfully loaded stable ids: GameData\stableid.json
Sending ResponseJoinGame
[INFO 09:08:24] my_main t_env: 692264 / 2050000
[INFO 09:08:24] my_main Estimated time left: 7 hours, 38 minutes, 53 seconds. Time passed: 3 hours, 55 minutes, 46 seconds
[INFO 09:08:44] my_main Recent Stats | t_env:     692264 | Episode:    13147
battle_won_mean:           0.0018	dead_allies_mean:          2.8798	dead_enemies_mean:         0.6202	ep_length_mean:           80.5670
epsilon:                   0.0500	grad_norm:                 5.0896	loss:                      2.3324	loss_central:              0.0136
loss_latent:               1.1798	loss_td:                   1.1390	q_taken_mean:              2.1337	return_mean:               7.7419
return_std:                2.8193	target_mean:               2.1611	td_error_abs:              0.0928	test_battle_won_mean:      0.0063
test_dead_allies_mean:     2.8438	test_dead_enemies_mean:    1.2063	test_ep_length_mean:     103.5938	test_return_mean:         10.5320
test_return_std:           2.1607	
[INFO 09:11:28] my_main t_env: 702294 / 2050000
[INFO 09:11:28] my_main Estimated time left: 6 hours, 53 minutes, 16 seconds. Time passed: 3 hours, 58 minutes, 50 seconds
[INFO 09:11:55] my_main Recent Stats | t_env:     702294 | Episode:    13256
battle_won_mean:           0.0018	dead_allies_mean:          2.8670	dead_enemies_mean:         0.6412	ep_length_mean:           83.2175
epsilon:                   0.0500	grad_norm:                 4.5758	loss:                      2.2174	loss_central:              0.0133
loss_latent:               1.1558	loss_td:                   1.0482	q_taken_mean:              2.0764	return_mean:               7.9112
return_std:                2.8663	target_mean:               2.1058	td_error_abs:              0.0906	test_battle_won_mean:      0.0063
test_dead_allies_mean:     2.8250	test_dead_enemies_mean:    1.2625	test_ep_length_mean:     109.5938	test_return_mean:         10.8480
test_return_std:           2.1773	
[INFO 09:14:33] my_main t_env: 712400 / 2050000
[INFO 09:14:33] my_main Estimated time left: 6 hours, 47 minutes, 9 seconds. Time passed: 4 hours, 1 minutes, 55 seconds
[INFO 09:14:54] my_main Recent Stats | t_env:     712400 | Episode:    13358
battle_won_mean:           0.0018	dead_allies_mean:          2.8457	dead_enemies_mean:         0.6667	ep_length_mean:           87.9407
epsilon:                   0.0500	grad_norm:                 4.7497	loss:                      2.2730	loss_central:              0.0145
loss_latent:               1.1919	loss_td:                   1.0666	q_taken_mean:              2.2303	return_mean:               8.1363
return_std:                2.9205	target_mean:               2.2285	td_error_abs:              0.0822	test_battle_won_mean:      0.0000
test_dead_allies_mean:     2.8438	test_dead_enemies_mean:    1.3000	test_ep_length_mean:     110.1125	test_return_mean:         10.9437
test_return_std:           2.0047	
[INFO 09:17:44] my_main t_env: 722495 / 2050000
[INFO 09:17:44] my_main Estimated time left: 6 hours, 59 minutes, 43 seconds. Time passed: 4 hours, 5 minutes, 6 seconds
[INFO 09:18:10] my_main Recent Stats | t_env:     722495 | Episode:    13473
battle_won_mean:           0.0000	dead_allies_mean:          2.8565	dead_enemies_mean:         0.7161	ep_length_mean:           87.8972
epsilon:                   0.0500	grad_norm:                 4.2516	loss:                      2.3468	loss_central:              0.0125
loss_latent:               1.2271	loss_td:                   1.1071	q_taken_mean:              2.2851	return_mean:               8.2605
return_std:                2.8497	target_mean:               2.2917	td_error_abs:              0.0880	test_battle_won_mean:      0.0000
test_dead_allies_mean:     2.8375	test_dead_enemies_mean:    1.3875	test_ep_length_mean:     113.4500	test_return_mean:         11.2333
test_return_std:           1.9107	
[INFO 09:21:04] my_main t_env: 732502 / 2050000
[INFO 09:21:04] my_main Estimated time left: 7 hours, 17 minutes, 32 seconds. Time passed: 4 hours, 8 minutes, 26 seconds
RequestQuit command received.
DataHandler: unable to parse websocket frame.
Closing Application...
CloseHandler: 127.0.0.1:51400 disconnected
ResponseThread: No connection, dropping the response.
[INFO 09:21:30] absl Shutdown gracefully.
[INFO 09:21:30] absl Shutdown with return code: -15
[INFO 09:21:30] absl Launching SC2: /labmount/users/202535331/MARL/pymarl-monotone-qmix/3rdparty/StarCraftII/Versions/Base75689/SC2_x64 -listen 127.0.0.1 -port 32869 -dataDir /labmount/users/202535331/MARL/pymarl-monotone-qmix/3rdparty/StarCraftII/ -tempDir /tmp/sc-oab_y9zh/
[INFO 09:21:30] absl Connecting to: ws://127.0.0.1:32869/sc2api, attempt: 0, running: True
Version: B75689 (SC2.4.10)
Build: Aug 12 2019 17:16:57
Command Line: '"/labmount/users/202535331/MARL/pymarl-monotone-qmix/3rdparty/StarCraftII/Versions/Base75689/SC2_x64" -listen 127.0.0.1 -port 32869 -dataDir /labmount/users/202535331/MARL/pymarl-monotone-qmix/3rdparty/StarCraftII/ -tempDir /tmp/sc-oab_y9zh/'
Starting up...
Startup Phase 1 complete
[INFO 09:21:31] absl Connecting to: ws://127.0.0.1:32869/sc2api, attempt: 1, running: True
Startup Phase 2 complete
Creating stub renderer...
Listening on: 127.0.0.1:32869
Startup Phase 3 complete. Ready for commands.
[INFO 09:21:32] absl Connecting to: ws://127.0.0.1:32869/sc2api, attempt: 2, running: True
ConnectHandler: Request from 127.0.0.1:48720 accepted
ReadyHandler: 127.0.0.1:48720 ready
Requesting to join a single player game
Configuring interface options
Configure: raw interface enabled
Configure: feature layer interface disabled
Configure: score interface disabled
Configure: render interface disabled
Launching next game.
Next launch phase started: 2
Next launch phase started: 3
Next launch phase started: 4
Next launch phase started: 5
Next launch phase started: 6
Next launch phase started: 7
Next launch phase started: 8
Game has started.
Using default stable ids, none found at: /labmount/users/202535331/MARL/pymarl-monotone-qmix/3rdparty/StarCraftII/stableid.json
Successfully loaded stable ids: GameData\stableid.json
Sending ResponseJoinGame
[INFO 09:21:36] my_main Recent Stats | t_env:     732502 | Episode:    13592
battle_won_mean:           0.0000	dead_allies_mean:          2.8533	dead_enemies_mean:         0.7469	ep_length_mean:           89.3844
epsilon:                   0.0500	grad_norm:                 4.4591	loss:                      2.3788	loss_central:              0.0125
loss_latent:               1.2726	loss_td:                   1.0936	q_taken_mean:              2.3615	return_mean:               8.4161
return_std:                2.9233	target_mean:               2.3631	td_error_abs:              0.0885	test_battle_won_mean:      0.0000
test_dead_allies_mean:     2.8188	test_dead_enemies_mean:    1.4688	test_ep_length_mean:     114.4875	test_return_mean:         11.4222
test_return_std:           1.7939	
[INFO 09:24:24] my_main t_env: 742560 / 2050000
[INFO 09:24:24] my_main Estimated time left: 7 hours, 14 minutes, 59 seconds. Time passed: 4 hours, 11 minutes, 46 seconds
[INFO 09:24:46] my_main Recent Stats | t_env:     742560 | Episode:    13700
battle_won_mean:           0.0000	dead_allies_mean:          2.8590	dead_enemies_mean:         0.7571	ep_length_mean:           91.2203
epsilon:                   0.0500	grad_norm:                 4.7152	loss:                      2.4872	loss_central:              0.0115
loss_latent:               1.3365	loss_td:                   1.1392	q_taken_mean:              2.3489	return_mean:               8.5354
return_std:                2.9428	target_mean:               2.3417	td_error_abs:              0.0903	test_battle_won_mean:      0.0000
test_dead_allies_mean:     2.8125	test_dead_enemies_mean:    1.4375	test_ep_length_mean:     113.6250	test_return_mean:         11.2136
test_return_std:           1.8541	
[INFO 09:27:33] my_main t_env: 752616 / 2050000
[INFO 09:27:33] my_main Estimated time left: 6 hours, 45 minutes, 35 seconds. Time passed: 4 hours, 14 minutes, 55 seconds
[INFO 09:27:57] my_main Recent Stats | t_env:     752616 | Episode:    13812
battle_won_mean:           0.0036	dead_allies_mean:          2.8617	dead_enemies_mean:         0.7676	ep_length_mean:           90.7738
epsilon:                   0.0500	grad_norm:                 5.4709	loss:                      2.5815	loss_central:              0.0124
loss_latent:               1.3875	loss_td:                   1.1816	q_taken_mean:              2.4111	return_mean:               8.5709
return_std:                3.0822	target_mean:               2.4146	td_error_abs:              0.0899	test_battle_won_mean:      0.0063
test_dead_allies_mean:     2.8375	test_dead_enemies_mean:    1.5063	test_ep_length_mean:     109.6625	test_return_mean:         11.4832
test_return_std:           1.9842	
[INFO 09:30:28] my_main t_env: 762823 / 2050000
[INFO 09:30:28] my_main Estimated time left: 6 hours, 7 minutes, 5 seconds. Time passed: 4 hours, 17 minutes, 50 seconds
[INFO 09:30:53] my_main Recent Stats | t_env:     762823 | Episode:    13908
battle_won_mean:           0.0036	dead_allies_mean:          2.8592	dead_enemies_mean:         0.7983	ep_length_mean:           92.2227
epsilon:                   0.0500	grad_norm:                 5.0949	loss:                      2.6805	loss_central:              0.0121
loss_latent:               1.4905	loss_td:                   1.1780	q_taken_mean:              2.2886	return_mean:               8.7148
return_std:                3.1533	target_mean:               2.2924	td_error_abs:              0.0920	test_battle_won_mean:      0.0063
test_dead_allies_mean:     2.8188	test_dead_enemies_mean:    1.5312	test_ep_length_mean:     112.8875	test_return_mean:         11.7862
test_return_std:           1.9660	
[INFO 09:33:35] my_main t_env: 772893 / 2050000
[INFO 09:33:35] my_main Estimated time left: 6 hours, 36 minutes, 5 seconds. Time passed: 4 hours, 20 minutes, 57 seconds
[INFO 09:34:01] my_main Recent Stats | t_env:     772893 | Episode:    14015
battle_won_mean:           0.0036	dead_allies_mean:          2.8555	dead_enemies_mean:         0.7810	ep_length_mean:           93.4886
epsilon:                   0.0500	grad_norm:                 4.7705	loss:                      2.6116	loss_central:              0.0113
loss_latent:               1.4623	loss_td:                   1.1380	q_taken_mean:              2.2491	return_mean:               8.7982
return_std:                3.2440	target_mean:               2.2334	td_error_abs:              0.0845	test_battle_won_mean:      0.0125
test_dead_allies_mean:     2.8125	test_dead_enemies_mean:    1.5500	test_ep_length_mean:     112.0875	test_return_mean:         11.9129
test_return_std:           2.0118	
[INFO 09:36:43] my_main t_env: 783008 / 2050000
[INFO 09:36:43] my_main Estimated time left: 6 hours, 32 minutes, 44 seconds. Time passed: 4 hours, 24 minutes, 5 seconds
RequestQuit command received.
DataHandler: unable to parse websocket frame.
Closing Application...
CloseHandler: 127.0.0.1:48720 disconnected
ResponseThread: No connection, dropping the response.
[INFO 09:36:49] absl Shutdown gracefully.
[INFO 09:36:49] absl Shutdown with return code: -15
[INFO 09:36:49] absl Launching SC2: /labmount/users/202535331/MARL/pymarl-monotone-qmix/3rdparty/StarCraftII/Versions/Base75689/SC2_x64 -listen 127.0.0.1 -port 35843 -dataDir /labmount/users/202535331/MARL/pymarl-monotone-qmix/3rdparty/StarCraftII/ -tempDir /tmp/sc-_brdjtbs/
[INFO 09:36:49] absl Connecting to: ws://127.0.0.1:35843/sc2api, attempt: 0, running: True
Version: B75689 (SC2.4.10)
Build: Aug 12 2019 17:16:57
Command Line: '"/labmount/users/202535331/MARL/pymarl-monotone-qmix/3rdparty/StarCraftII/Versions/Base75689/SC2_x64" -listen 127.0.0.1 -port 35843 -dataDir /labmount/users/202535331/MARL/pymarl-monotone-qmix/3rdparty/StarCraftII/ -tempDir /tmp/sc-_brdjtbs/'
Starting up...
Startup Phase 1 complete
[INFO 09:36:50] absl Connecting to: ws://127.0.0.1:35843/sc2api, attempt: 1, running: True
Startup Phase 2 complete
Creating stub renderer...
Listening on: 127.0.0.1:35843
Startup Phase 3 complete. Ready for commands.
[INFO 09:36:51] absl Connecting to: ws://127.0.0.1:35843/sc2api, attempt: 2, running: True
ConnectHandler: Request from 127.0.0.1:43712 accepted
ReadyHandler: 127.0.0.1:43712 ready
Requesting to join a single player game
Configuring interface options
Configure: raw interface enabled
Configure: feature layer interface disabled
Configure: score interface disabled
Configure: render interface disabled
Launching next game.
Next launch phase started: 2
Next launch phase started: 3
Next launch phase started: 4
Next launch phase started: 5
Next launch phase started: 6
Next launch phase started: 7
Next launch phase started: 8
Game has started.
Using default stable ids, none found at: /labmount/users/202535331/MARL/pymarl-monotone-qmix/3rdparty/StarCraftII/stableid.json
Successfully loaded stable ids: GameData\stableid.json
Sending ResponseJoinGame
[INFO 09:37:14] my_main Recent Stats | t_env:     783008 | Episode:    14121
battle_won_mean:           0.0036	dead_allies_mean:          2.8438	dead_enemies_mean:         0.7396	ep_length_mean:           95.7550
epsilon:                   0.0500	grad_norm:                 4.9178	loss:                      2.6794	loss_central:              0.0110
loss_latent:               1.5257	loss_td:                   1.1428	q_taken_mean:              2.1462	return_mean:               8.8366
return_std:                3.3275	target_mean:               2.1265	td_error_abs:              0.0844	test_battle_won_mean:      0.0312
test_dead_allies_mean:     2.7938	test_dead_enemies_mean:    1.5938	test_ep_length_mean:     110.8750	test_return_mean:         12.1435
test_return_std:           2.3112	
[INFO 09:39:50] my_main t_env: 793016 / 2050000
[INFO 09:39:50] my_main Estimated time left: 6 hours, 31 minutes, 1 seconds. Time passed: 4 hours, 27 minutes, 12 seconds
[INFO 09:40:16] my_main Recent Stats | t_env:     793016 | Episode:    14220
battle_won_mean:           0.0036	dead_allies_mean:          2.8435	dead_enemies_mean:         0.7514	ep_length_mean:           97.3472
epsilon:                   0.0500	grad_norm:                 4.2822	loss:                      2.6817	loss_central:              0.0131
loss_latent:               1.5442	loss_td:                   1.1243	q_taken_mean:              2.1079	return_mean:               9.0029
return_std:                3.3461	target_mean:               2.1051	td_error_abs:              0.0857	test_battle_won_mean:      0.0312
test_dead_allies_mean:     2.7875	test_dead_enemies_mean:    1.6438	test_ep_length_mean:     115.1750	test_return_mean:         12.6060
test_return_std:           2.2224	
[INFO 09:42:48] my_main t_env: 803062 / 2050000
[INFO 09:42:48] my_main Estimated time left: 6 hours, 9 minutes, 10 seconds. Time passed: 4 hours, 30 minutes, 10 seconds
[INFO 09:43:20] my_main Recent Stats | t_env:     803062 | Episode:    14318
battle_won_mean:           0.0000	dead_allies_mean:          2.8371	dead_enemies_mean:         0.7261	ep_length_mean:           99.8921
epsilon:                   0.0500	grad_norm:                 3.5522	loss:                      2.6274	loss_central:              0.0126
loss_latent:               1.4982	loss_td:                   1.1166	q_taken_mean:              2.1058	return_mean:               9.1709
return_std:                3.2818	target_mean:               2.0945	td_error_abs:              0.0875	test_battle_won_mean:      0.0250
test_dead_allies_mean:     2.7563	test_dead_enemies_mean:    1.5688	test_ep_length_mean:     122.7750	test_return_mean:         12.7645
test_return_std:           2.1662	
[INFO 09:45:57] my_main t_env: 813305 / 2050000
[INFO 09:45:57] my_main Estimated time left: 6 hours, 20 minutes, 27 seconds. Time passed: 4 hours, 33 minutes, 20 seconds
[INFO 09:46:23] my_main Recent Stats | t_env:     813305 | Episode:    14418
battle_won_mean:           0.0000	dead_allies_mean:          2.8408	dead_enemies_mean:         0.7039	ep_length_mean:           99.1136
epsilon:                   0.0500	grad_norm:                 3.5095	loss:                      2.5649	loss_central:              0.0127
loss_latent:               1.4607	loss_td:                   1.0914	q_taken_mean:              2.1174	return_mean:               9.0664
return_std:                3.2869	target_mean:               2.1168	td_error_abs:              0.0847	test_battle_won_mean:      0.0250
test_dead_allies_mean:     2.7563	test_dead_enemies_mean:    1.5125	test_ep_length_mean:     124.2500	test_return_mean:         12.7556
test_return_std:           2.2281	
[INFO 09:48:43] my_main t_env: 823319 / 2050000
[INFO 09:48:43] my_main Estimated time left: 5 hours, 38 minutes, 48 seconds. Time passed: 4 hours, 36 minutes, 6 seconds
[INFO 09:49:11] my_main Recent Stats | t_env:     823319 | Episode:    14502
battle_won_mean:           0.0000	dead_allies_mean:          2.8188	dead_enemies_mean:         0.6501	ep_length_mean:          104.1340
epsilon:                   0.0500	grad_norm:                 3.6424	loss:                      2.6947	loss_central:              0.0136
loss_latent:               1.5397	loss_td:                   1.1414	q_taken_mean:              2.2027	return_mean:               9.0829
return_std:                3.2583	target_mean:               2.1988	td_error_abs:              0.0894	test_battle_won_mean:      0.0187
test_dead_allies_mean:     2.7313	test_dead_enemies_mean:    1.4688	test_ep_length_mean:     126.9125	test_return_mean:         12.6147
test_return_std:           2.2265	
RequestQuit command received.
DataHandler: unable to parse websocket frame.
Closing Application...
CloseHandler: 127.0.0.1:43712 disconnected
[INFO 09:50:34] absl Shutdown gracefully.
[INFO 09:50:34] absl Shutdown with return code: -15
[INFO 09:50:34] absl Launching SC2: /labmount/users/202535331/MARL/pymarl-monotone-qmix/3rdparty/StarCraftII/Versions/Base75689/SC2_x64 -listen 127.0.0.1 -port 40315 -dataDir /labmount/users/202535331/MARL/pymarl-monotone-qmix/3rdparty/StarCraftII/ -tempDir /tmp/sc-vechu_ll/
[INFO 09:50:34] absl Connecting to: ws://127.0.0.1:40315/sc2api, attempt: 0, running: True
Version: B75689 (SC2.4.10)
Build: Aug 12 2019 17:16:57
Command Line: '"/labmount/users/202535331/MARL/pymarl-monotone-qmix/3rdparty/StarCraftII/Versions/Base75689/SC2_x64" -listen 127.0.0.1 -port 40315 -dataDir /labmount/users/202535331/MARL/pymarl-monotone-qmix/3rdparty/StarCraftII/ -tempDir /tmp/sc-vechu_ll/'
Starting up...
Startup Phase 1 complete
[INFO 09:50:35] absl Connecting to: ws://127.0.0.1:40315/sc2api, attempt: 1, running: True
Startup Phase 2 complete
Creating stub renderer...
Listening on: 127.0.0.1:40315
Startup Phase 3 complete. Ready for commands.
[INFO 09:50:36] absl Connecting to: ws://127.0.0.1:40315/sc2api, attempt: 2, running: True
ConnectHandler: Request from 127.0.0.1:36642 accepted
ReadyHandler: 127.0.0.1:36642 ready
Requesting to join a single player game
Configuring interface options
Configure: raw interface enabled
Configure: feature layer interface disabled
Configure: score interface disabled
Configure: render interface disabled
Launching next game.
Next launch phase started: 2
Next launch phase started: 3
Next launch phase started: 4
Next launch phase started: 5
Next launch phase started: 6
Next launch phase started: 7
Next launch phase started: 8
Game has started.
Using default stable ids, none found at: /labmount/users/202535331/MARL/pymarl-monotone-qmix/3rdparty/StarCraftII/stableid.json
Successfully loaded stable ids: GameData\stableid.json
Sending ResponseJoinGame
[INFO 09:51:43] my_main t_env: 833354 / 2050000
[INFO 09:51:43] my_main Estimated time left: 6 hours, 2 minutes, 46 seconds. Time passed: 4 hours, 39 minutes, 5 seconds
[INFO 09:52:17] my_main Recent Stats | t_env:     833354 | Episode:    14590
battle_won_mean:           0.0023	dead_allies_mean:          2.7990	dead_enemies_mean:         0.6695	ep_length_mean:          107.8559
epsilon:                   0.0500	grad_norm:                 3.5776	loss:                      2.7153	loss_central:              0.0135
loss_latent:               1.5403	loss_td:                   1.1614	q_taken_mean:              2.2027	return_mean:               9.1855
return_std:                3.2163	target_mean:               2.2043	td_error_abs:              0.0904	test_battle_won_mean:      0.0063
test_dead_allies_mean:     2.7125	test_dead_enemies_mean:    1.3687	test_ep_length_mean:     136.2625	test_return_mean:         12.4950
test_return_std:           2.2701	
[INFO 09:54:47] my_main t_env: 843415 / 2050000
[INFO 09:54:47] my_main Estimated time left: 6 hours, 7 minutes, 51 seconds. Time passed: 4 hours, 42 minutes, 9 seconds
[INFO 09:55:13] my_main Recent Stats | t_env:     843415 | Episode:    14684
battle_won_mean:           0.0023	dead_allies_mean:          2.7763	dead_enemies_mean:         0.6229	ep_length_mean:          109.0441
epsilon:                   0.0500	grad_norm:                 3.8145	loss:                      2.8440	loss_central:              0.0118
loss_latent:               1.6651	loss_td:                   1.1671	q_taken_mean:              2.1833	return_mean:               9.1170
return_std:                3.1784	target_mean:               2.1693	td_error_abs:              0.0913	test_battle_won_mean:      0.0125
test_dead_allies_mean:     2.6938	test_dead_enemies_mean:    1.4750	test_ep_length_mean:     135.7625	test_return_mean:         12.5403
test_return_std:           2.3927	
[INFO 09:57:44] my_main t_env: 853537 / 2050000
[INFO 09:57:44] my_main Estimated time left: 5 hours, 47 minutes, 49 seconds. Time passed: 4 hours, 45 minutes, 6 seconds
[INFO 09:58:15] my_main Recent Stats | t_env:     853537 | Episode:    14778
battle_won_mean:           0.0023	dead_allies_mean:          2.7684	dead_enemies_mean:         0.6219	ep_length_mean:          110.0782
epsilon:                   0.0500	grad_norm:                 4.3037	loss:                      2.9008	loss_central:              0.0120
loss_latent:               1.7713	loss_td:                   1.1175	q_taken_mean:              2.1076	return_mean:               9.0784
return_std:                3.2456	target_mean:               2.0987	td_error_abs:              0.0911	test_battle_won_mean:      0.0187
test_dead_allies_mean:     2.6500	test_dead_enemies_mean:    1.5688	test_ep_length_mean:     135.4187	test_return_mean:         12.5060
test_return_std:           2.5857	
[INFO 10:00:44] my_main t_env: 863558 / 2050000
[INFO 10:00:44] my_main Estimated time left: 5 hours, 55 minutes, 50 seconds. Time passed: 4 hours, 48 minutes, 6 seconds
[INFO 10:01:10] my_main Recent Stats | t_env:     863558 | Episode:    14873
battle_won_mean:           0.0023	dead_allies_mean:          2.7516	dead_enemies_mean:         0.6184	ep_length_mean:          110.6891
epsilon:                   0.0500	grad_norm:                 4.9669	loss:                      2.8354	loss_central:              0.0114
loss_latent:               1.7402	loss_td:                   1.0838	q_taken_mean:              2.0687	return_mean:               9.1927
return_std:                3.1196	target_mean:               2.0524	td_error_abs:              0.0900	test_battle_won_mean:      0.0250
test_dead_allies_mean:     2.6250	test_dead_enemies_mean:    1.6812	test_ep_length_mean:     135.1188	test_return_mean:         12.6002
test_return_std:           2.7083	
[INFO 10:03:29] my_main t_env: 873604 / 2050000
[INFO 10:03:29] my_main Estimated time left: 5 hours, 22 minutes, 18 seconds. Time passed: 4 hours, 50 minutes, 51 seconds
RequestQuit command received.
Closing Application...
DataHandler: unable to parse websocket frame.
CloseHandler: 127.0.0.1:36642 disconnected
[INFO 10:03:50] absl Shutdown gracefully.
[INFO 10:03:50] absl Shutdown with return code: -15
[INFO 10:03:50] absl Launching SC2: /labmount/users/202535331/MARL/pymarl-monotone-qmix/3rdparty/StarCraftII/Versions/Base75689/SC2_x64 -listen 127.0.0.1 -port 34499 -dataDir /labmount/users/202535331/MARL/pymarl-monotone-qmix/3rdparty/StarCraftII/ -tempDir /tmp/sc-itjnhw3u/
[INFO 10:03:50] absl Connecting to: ws://127.0.0.1:34499/sc2api, attempt: 0, running: True
Version: B75689 (SC2.4.10)
Build: Aug 12 2019 17:16:57
Command Line: '"/labmount/users/202535331/MARL/pymarl-monotone-qmix/3rdparty/StarCraftII/Versions/Base75689/SC2_x64" -listen 127.0.0.1 -port 34499 -dataDir /labmount/users/202535331/MARL/pymarl-monotone-qmix/3rdparty/StarCraftII/ -tempDir /tmp/sc-itjnhw3u/'
Starting up...
Startup Phase 1 complete
[INFO 10:03:51] absl Connecting to: ws://127.0.0.1:34499/sc2api, attempt: 1, running: True
Startup Phase 2 complete
Creating stub renderer...
Listening on: 127.0.0.1:34499
Startup Phase 3 complete. Ready for commands.
[INFO 10:03:52] absl Connecting to: ws://127.0.0.1:34499/sc2api, attempt: 2, running: True
ConnectHandler: Request from 127.0.0.1:56396 accepted
ReadyHandler: 127.0.0.1:56396 ready
Requesting to join a single player game
Configuring interface options
Configure: raw interface enabled
Configure: feature layer interface disabled
Configure: score interface disabled
Configure: render interface disabled
Launching next game.
Next launch phase started: 2
Next launch phase started: 3
Next launch phase started: 4
Next launch phase started: 5
Next launch phase started: 6
Next launch phase started: 7
Next launch phase started: 8
Game has started.
Using default stable ids, none found at: /labmount/users/202535331/MARL/pymarl-monotone-qmix/3rdparty/StarCraftII/stableid.json
Successfully loaded stable ids: GameData\stableid.json
Sending ResponseJoinGame
[INFO 10:04:08] my_main Recent Stats | t_env:     873604 | Episode:    14955
battle_won_mean:           0.0023	dead_allies_mean:          2.7455	dead_enemies_mean:         0.6720	ep_length_mean:          111.3487
epsilon:                   0.0500	grad_norm:                 4.7465	loss:                      2.7564	loss_central:              0.0105
loss_latent:               1.7160	loss_td:                   1.0299	q_taken_mean:              1.9550	return_mean:               9.3868
return_std:                3.0194	target_mean:               1.9428	td_error_abs:              0.0867	test_battle_won_mean:      0.0250
test_dead_allies_mean:     2.5750	test_dead_enemies_mean:    1.7000	test_ep_length_mean:     139.6500	test_return_mean:         12.7823
test_return_std:           2.8214	
[INFO 10:06:40] my_main t_env: 883751 / 2050000
[INFO 10:06:40] my_main Estimated time left: 6 hours, 5 minutes, 40 seconds. Time passed: 4 hours, 54 minutes, 2 seconds
[INFO 10:07:12] my_main Recent Stats | t_env:     883751 | Episode:    15049
battle_won_mean:           0.0000	dead_allies_mean:          2.7530	dead_enemies_mean:         0.6328	ep_length_mean:          110.1312
epsilon:                   0.0500	grad_norm:                 5.1050	loss:                      2.7858	loss_central:              0.0108
loss_latent:               1.8141	loss_td:                   0.9609	q_taken_mean:              1.9260	return_mean:               9.3167
return_std:                2.9115	target_mean:               1.9089	td_error_abs:              0.0877	test_battle_won_mean:      0.0250
test_dead_allies_mean:     2.5750	test_dead_enemies_mean:    1.7500	test_ep_length_mean:     138.5938	test_return_mean:         12.9150
test_return_std:           2.7102	
[INFO 10:09:59] my_main t_env: 893773 / 2050000
[INFO 10:09:59] my_main Estimated time left: 6 hours, 22 minutes, 17 seconds. Time passed: 4 hours, 57 minutes, 21 seconds
[INFO 10:10:29] my_main Recent Stats | t_env:     893773 | Episode:    15159
battle_won_mean:           0.0000	dead_allies_mean:          2.7747	dead_enemies_mean:         0.6303	ep_length_mean:          106.9466
epsilon:                   0.0500	grad_norm:                 4.7455	loss:                      2.6809	loss_central:              0.0100
loss_latent:               1.7099	loss_td:                   0.9609	q_taken_mean:              1.9211	return_mean:               9.2714
return_std:                2.8718	target_mean:               1.9128	td_error_abs:              0.0863	test_battle_won_mean:      0.0187
test_dead_allies_mean:     2.5438	test_dead_enemies_mean:    1.5875	test_ep_length_mean:     144.1438	test_return_mean:         12.8062
test_return_std:           2.6814	
[INFO 10:13:04] my_main t_env: 903809 / 2050000
[INFO 10:13:04] my_main Estimated time left: 5 hours, 53 minutes, 21 seconds. Time passed: 5 hours, 26 seconds
[INFO 10:13:28] my_main Recent Stats | t_env:     903809 | Episode:    15256
battle_won_mean:           0.0021	dead_allies_mean:          2.7740	dead_enemies_mean:         0.6574	ep_length_mean:          106.1032
epsilon:                   0.0500	grad_norm:                 4.3680	loss:                      2.7551	loss_central:              0.0102
loss_latent:               1.7597	loss_td:                   0.9851	q_taken_mean:              1.8966	return_mean:               9.3592
return_std:                2.7436	target_mean:               1.8923	td_error_abs:              0.0855	test_battle_won_mean:      0.0125
test_dead_allies_mean:     2.6125	test_dead_enemies_mean:    1.4625	test_ep_length_mean:     136.8000	test_return_mean:         12.4150
test_return_std:           2.4587	
[INFO 10:16:06] my_main t_env: 913884 / 2050000
[INFO 10:16:06] my_main Estimated time left: 5 hours, 41 minutes, 42 seconds. Time passed: 5 hours, 3 minutes, 28 seconds
[INFO 10:16:37] my_main Recent Stats | t_env:     913884 | Episode:    15356
battle_won_mean:           0.0021	dead_allies_mean:          2.7967	dead_enemies_mean:         0.6729	ep_length_mean:          105.1564
epsilon:                   0.0500	grad_norm:                 3.8869	loss:                      2.8987	loss_central:              0.0101
loss_latent:               1.8885	loss_td:                   1.0000	q_taken_mean:              1.9171	return_mean:               9.3156
return_std:                2.7467	target_mean:               1.9140	td_error_abs:              0.0878	test_battle_won_mean:      0.0187
test_dead_allies_mean:     2.5688	test_dead_enemies_mean:    1.4625	test_ep_length_mean:     141.3875	test_return_mean:         12.3342
test_return_std:           2.5421	
DataHandler: unable to parse websocket frame.
RequestQuit command received.
CloseHandler: 127.0.0.1:56396 disconnected
Closing Application...
ResponseThread: No connection, dropping the response.
[INFO 10:18:08] absl Shutdown gracefully.
[INFO 10:18:08] absl Shutdown with return code: -15
[INFO 10:18:08] absl Launching SC2: /labmount/users/202535331/MARL/pymarl-monotone-qmix/3rdparty/StarCraftII/Versions/Base75689/SC2_x64 -listen 127.0.0.1 -port 33171 -dataDir /labmount/users/202535331/MARL/pymarl-monotone-qmix/3rdparty/StarCraftII/ -tempDir /tmp/sc-9wj_026a/
[INFO 10:18:08] absl Connecting to: ws://127.0.0.1:33171/sc2api, attempt: 0, running: True
Version: B75689 (SC2.4.10)
Build: Aug 12 2019 17:16:57
Command Line: '"/labmount/users/202535331/MARL/pymarl-monotone-qmix/3rdparty/StarCraftII/Versions/Base75689/SC2_x64" -listen 127.0.0.1 -port 33171 -dataDir /labmount/users/202535331/MARL/pymarl-monotone-qmix/3rdparty/StarCraftII/ -tempDir /tmp/sc-9wj_026a/'
Starting up...
Startup Phase 1 complete
[INFO 10:18:09] absl Connecting to: ws://127.0.0.1:33171/sc2api, attempt: 1, running: True
Startup Phase 2 complete
Creating stub renderer...
Listening on: 127.0.0.1:33171
Startup Phase 3 complete. Ready for commands.
[INFO 10:18:10] absl Connecting to: ws://127.0.0.1:33171/sc2api, attempt: 2, running: True
ConnectHandler: Request from 127.0.0.1:36864 accepted
ReadyHandler: 127.0.0.1:36864 ready
Requesting to join a single player game
Configuring interface options
Configure: raw interface enabled
Configure: feature layer interface disabled
Configure: score interface disabled
Configure: render interface disabled
Launching next game.
Next launch phase started: 2
Next launch phase started: 3
Next launch phase started: 4
Next launch phase started: 5
Next launch phase started: 6
Next launch phase started: 7
Next launch phase started: 8
Game has started.
Using default stable ids, none found at: /labmount/users/202535331/MARL/pymarl-monotone-qmix/3rdparty/StarCraftII/stableid.json
Successfully loaded stable ids: GameData\stableid.json
Sending ResponseJoinGame
[INFO 10:19:40] my_main t_env: 924068 / 2050000
[INFO 10:19:40] my_main Estimated time left: 6 hours, 34 minutes, 9 seconds. Time passed: 5 hours, 7 minutes, 2 seconds
[INFO 10:19:55] my_main Recent Stats | t_env:     924068 | Episode:    15477
battle_won_mean:           0.0021	dead_allies_mean:          2.8280	dead_enemies_mean:         0.6737	ep_length_mean:           97.4870
epsilon:                   0.0500	grad_norm:                 5.6370	loss:                      3.0592	loss_central:              0.0107
loss_latent:               2.0441	loss_td:                   1.0044	q_taken_mean:              1.9465	return_mean:               9.0794
return_std:                2.7537	target_mean:               1.9568	td_error_abs:              0.0910	test_battle_won_mean:      0.0187
test_dead_allies_mean:     2.6750	test_dead_enemies_mean:    1.3687	test_ep_length_mean:     124.1000	test_return_mean:         11.5729
test_return_std:           2.3696	
[INFO 10:22:50] my_main t_env: 934154 / 2050000
[INFO 10:22:50] my_main Estimated time left: 5 hours, 50 minutes, 51 seconds. Time passed: 5 hours, 10 minutes, 12 seconds
[INFO 10:23:09] my_main Recent Stats | t_env:     934154 | Episode:    15597
battle_won_mean:           0.0021	dead_allies_mean:          2.8456	dead_enemies_mean:         0.7302	ep_length_mean:           92.7077
epsilon:                   0.0500	grad_norm:                 5.6138	loss:                      3.1417	loss_central:              0.0129
loss_latent:               2.0213	loss_td:                   1.1075	q_taken_mean:              2.0228	return_mean:               8.9344
return_std:                2.6272	target_mean:               2.0266	td_error_abs:              0.0936	test_battle_won_mean:      0.0125
test_dead_allies_mean:     2.7375	test_dead_enemies_mean:    1.3687	test_ep_length_mean:     111.9062	test_return_mean:         11.0912
test_return_std:           2.2477	
[INFO 10:25:49] my_main t_env: 944181 / 2050000
[INFO 10:25:49] my_main Estimated time left: 5 hours, 27 minutes, 59 seconds. Time passed: 5 hours, 13 minutes, 11 seconds
[INFO 10:26:17] my_main Recent Stats | t_env:     944181 | Episode:    15702
battle_won_mean:           0.0021	dead_allies_mean:          2.8328	dead_enemies_mean:         0.8004	ep_length_mean:           93.5849
epsilon:                   0.0500	grad_norm:                 5.6599	loss:                      3.2632	loss_central:              0.0135
loss_latent:               2.0920	loss_td:                   1.1577	q_taken_mean:              2.1193	return_mean:               8.9999
return_std:                2.5950	target_mean:               2.1209	td_error_abs:              0.0957	test_battle_won_mean:      0.0375
test_dead_allies_mean:     2.7188	test_dead_enemies_mean:    1.5938	test_ep_length_mean:     113.1625	test_return_mean:         11.6149
test_return_std:           2.5855	
[INFO 10:28:44] my_main t_env: 954202 / 2050000
[INFO 10:28:44] my_main Estimated time left: 5 hours, 20 minutes, 1 seconds. Time passed: 5 hours, 16 minutes, 7 seconds
[INFO 10:29:11] my_main Recent Stats | t_env:     954202 | Episode:    15796
battle_won_mean:           0.0000	dead_allies_mean:          2.8293	dead_enemies_mean:         0.8266	ep_length_mean:           94.2134
epsilon:                   0.0500	grad_norm:                 5.8392	loss:                      3.3412	loss_central:              0.0135
loss_latent:               2.1709	loss_td:                   1.1568	q_taken_mean:              2.1224	return_mean:               8.9470
return_std:                2.6522	target_mean:               2.1239	td_error_abs:              0.0969	test_battle_won_mean:      0.0375
test_dead_allies_mean:     2.6625	test_dead_enemies_mean:    1.7063	test_ep_length_mean:     121.0375	test_return_mean:         11.8697
test_return_std:           2.6586	
[INFO 10:31:53] my_main t_env: 964315 / 2050000
[INFO 10:31:53] my_main Estimated time left: 5 hours, 36 minutes, 52 seconds. Time passed: 5 hours, 19 minutes, 15 seconds
[INFO 10:32:16] my_main Recent Stats | t_env:     964315 | Episode:    15910
battle_won_mean:           0.0000	dead_allies_mean:          2.8350	dead_enemies_mean:         0.8700	ep_length_mean:           91.8055
epsilon:                   0.0500	grad_norm:                 6.3605	loss:                      3.4854	loss_central:              0.0141
loss_latent:               2.3215	loss_td:                   1.1497	q_taken_mean:              2.1175	return_mean:               8.9467
return_std:                2.6275	target_mean:               2.1247	td_error_abs:              0.0972	test_battle_won_mean:      0.0250
test_dead_allies_mean:     2.7250	test_dead_enemies_mean:    1.6938	test_ep_length_mean:     116.1688	test_return_mean:         11.7806
test_return_std:           2.3493	
RequestQuit command received.
DataHandler: unable to parse websocket frame.
Closing Application...
CloseHandler: 127.0.0.1:36864 disconnected
ResponseThread: No connection, dropping the response.
[INFO 10:32:51] absl Shutdown gracefully.
[INFO 10:32:51] absl Shutdown with return code: -15
[INFO 10:32:51] absl Launching SC2: /labmount/users/202535331/MARL/pymarl-monotone-qmix/3rdparty/StarCraftII/Versions/Base75689/SC2_x64 -listen 127.0.0.1 -port 45999 -dataDir /labmount/users/202535331/MARL/pymarl-monotone-qmix/3rdparty/StarCraftII/ -tempDir /tmp/sc-5y9nv0jn/
[INFO 10:32:51] absl Connecting to: ws://127.0.0.1:45999/sc2api, attempt: 0, running: True
Version: B75689 (SC2.4.10)
Build: Aug 12 2019 17:16:57
Command Line: '"/labmount/users/202535331/MARL/pymarl-monotone-qmix/3rdparty/StarCraftII/Versions/Base75689/SC2_x64" -listen 127.0.0.1 -port 45999 -dataDir /labmount/users/202535331/MARL/pymarl-monotone-qmix/3rdparty/StarCraftII/ -tempDir /tmp/sc-5y9nv0jn/'
Starting up...
Startup Phase 1 complete
[INFO 10:32:52] absl Connecting to: ws://127.0.0.1:45999/sc2api, attempt: 1, running: True
Startup Phase 2 complete
Creating stub renderer...
Listening on: 127.0.0.1:45999
Startup Phase 3 complete. Ready for commands.
[INFO 10:32:53] absl Connecting to: ws://127.0.0.1:45999/sc2api, attempt: 2, running: True
ConnectHandler: Request from 127.0.0.1:46706 accepted
ReadyHandler: 127.0.0.1:46706 ready
Requesting to join a single player game
Configuring interface options
Configure: raw interface enabled
Configure: feature layer interface disabled
Configure: score interface disabled
Configure: render interface disabled
Launching next game.
Next launch phase started: 2
Next launch phase started: 3
Next launch phase started: 4
Next launch phase started: 5
Next launch phase started: 6
Next launch phase started: 7
Next launch phase started: 8
Game has started.
Using default stable ids, none found at: /labmount/users/202535331/MARL/pymarl-monotone-qmix/3rdparty/StarCraftII/stableid.json
Successfully loaded stable ids: GameData\stableid.json
Sending ResponseJoinGame
[INFO 10:34:56] my_main t_env: 974325 / 2050000
[INFO 10:34:56] my_main Estimated time left: 5 hours, 28 minutes, 34 seconds. Time passed: 5 hours, 22 minutes, 18 seconds
[INFO 10:35:15] my_main Recent Stats | t_env:     974325 | Episode:    16015
battle_won_mean:           0.0000	dead_allies_mean:          2.8274	dead_enemies_mean:         0.9084	ep_length_mean:           94.0391
epsilon:                   0.0500	grad_norm:                 4.5731	loss:                      3.4770	loss_central:              0.0160
loss_latent:               2.2919	loss_td:                   1.1690	q_taken_mean:              2.1595	return_mean:               9.1156
return_std:                2.6311	target_mean:               2.1547	td_error_abs:              0.0977	test_battle_won_mean:      0.0250
test_dead_allies_mean:     2.7188	test_dead_enemies_mean:    1.8875	test_ep_length_mean:     121.5312	test_return_mean:         12.3203
test_return_std:           2.3433	
[INFO 10:37:46] my_main t_env: 984398 / 2050000
[INFO 10:37:46] my_main Estimated time left: 4 hours, 58 minutes, 56 seconds. Time passed: 5 hours, 25 minutes, 8 seconds
[INFO 10:38:07] my_main Recent Stats | t_env:     984398 | Episode:    16115
battle_won_mean:           0.0000	dead_allies_mean:          2.8224	dead_enemies_mean:         0.9994	ep_length_mean:           97.3751
epsilon:                   0.0500	grad_norm:                 4.9437	loss:                      3.4996	loss_central:              0.0135
loss_latent:               2.3826	loss_td:                   1.1034	q_taken_mean:              2.0795	return_mean:               9.5116
return_std:                2.8006	target_mean:               2.0705	td_error_abs:              0.0994	test_battle_won_mean:      0.0312
test_dead_allies_mean:     2.7250	test_dead_enemies_mean:    2.0312	test_ep_length_mean:     122.8750	test_return_mean:         12.7996
test_return_std:           2.4252	
[INFO 10:40:32] my_main t_env: 994409 / 2050000
[INFO 10:40:32] my_main Estimated time left: 4 hours, 51 minutes, 36 seconds. Time passed: 5 hours, 27 minutes, 54 seconds
[INFO 10:40:54] my_main Recent Stats | t_env:     994409 | Episode:    16209
battle_won_mean:           0.0021	dead_allies_mean:          2.8241	dead_enemies_mean:         1.0977	ep_length_mean:           99.5760
epsilon:                   0.0500	grad_norm:                 6.0756	loss:                      3.4459	loss_central:              0.0131
loss_latent:               2.3912	loss_td:                   1.0415	q_taken_mean:              1.9831	return_mean:               9.7850
return_std:                2.8713	target_mean:               1.9679	td_error_abs:              0.0978	test_battle_won_mean:      0.0063
test_dead_allies_mean:     2.8125	test_dead_enemies_mean:    2.0375	test_ep_length_mean:     114.7687	test_return_mean:         12.5294
test_return_std:           2.0325	
[INFO 10:43:29] my_main t_env: 1004470 / 2050000
[INFO 10:43:29] my_main Estimated time left: 5 hours, 7 minutes, 27 seconds. Time passed: 5 hours, 30 minutes, 51 seconds
[INFO 10:43:57] my_main Recent Stats | t_env:    1004470 | Episode:    16315
battle_won_mean:           0.0021	dead_allies_mean:          2.8447	dead_enemies_mean:         1.1397	ep_length_mean:           97.2378
epsilon:                   0.0500	grad_norm:                 5.9612	loss:                      3.3963	loss_central:              0.0138
loss_latent:               2.3568	loss_td:                   1.0257	q_taken_mean:              2.0344	return_mean:               9.9424
return_std:                2.8717	target_mean:               2.0169	td_error_abs:              0.0985	test_battle_won_mean:      0.0187
test_dead_allies_mean:     2.8438	test_dead_enemies_mean:    2.1562	test_ep_length_mean:     112.5812	test_return_mean:         12.9208
test_return_std:           2.2406	
[INFO 10:46:25] my_main t_env: 1014544 / 2050000
[INFO 10:46:25] my_main Estimated time left: 5 hours, 30 seconds. Time passed: 5 hours, 33 minutes, 47 seconds
RequestQuit command received.
DataHandler: unable to parse websocket frame.
Closing Application...
CloseHandler: 127.0.0.1:46706 disconnected
ResponseThread: No connection, dropping the response.
[INFO 10:46:44] absl Shutdown gracefully.
[INFO 10:46:44] absl Shutdown with return code: -15
[INFO 10:46:44] absl Launching SC2: /labmount/users/202535331/MARL/pymarl-monotone-qmix/3rdparty/StarCraftII/Versions/Base75689/SC2_x64 -listen 127.0.0.1 -port 43959 -dataDir /labmount/users/202535331/MARL/pymarl-monotone-qmix/3rdparty/StarCraftII/ -tempDir /tmp/sc-p1s8md6q/
Version: B75689 (SC2.4.10)
Build: Aug 12 2019 17:16:57
Command Line: '"/labmount/users/202535331/MARL/pymarl-monotone-qmix/3rdparty/StarCraftII/Versions/Base75689/SC2_x64" -listen 127.0.0.1 -port 43959 -dataDir /labmount/users/202535331/MARL/pymarl-monotone-qmix/3rdparty/StarCraftII/ -tempDir /tmp/sc-p1s8md6q/'
[INFO 10:46:44] absl Connecting to: ws://127.0.0.1:43959/sc2api, attempt: 0, running: True
Starting up...
Startup Phase 1 complete
[INFO 10:46:45] absl Connecting to: ws://127.0.0.1:43959/sc2api, attempt: 1, running: True
Startup Phase 2 complete
Creating stub renderer...
Listening on: 127.0.0.1:43959
Startup Phase 3 complete. Ready for commands.
[INFO 10:46:46] absl Connecting to: ws://127.0.0.1:43959/sc2api, attempt: 2, running: True
ConnectHandler: Request from 127.0.0.1:59736 accepted
ReadyHandler: 127.0.0.1:59736 ready
Requesting to join a single player game
Configuring interface options
Configure: raw interface enabled
Configure: feature layer interface disabled
Configure: score interface disabled
Configure: render interface disabled
Launching next game.
Next launch phase started: 2
Next launch phase started: 3
Next launch phase started: 4
Next launch phase started: 5
Next launch phase started: 6
Next launch phase started: 7
Next launch phase started: 8
Game has started.
Using default stable ids, none found at: /labmount/users/202535331/MARL/pymarl-monotone-qmix/3rdparty/StarCraftII/stableid.json
Successfully loaded stable ids: GameData\stableid.json
Sending ResponseJoinGame
[INFO 10:46:55] my_main Recent Stats | t_env:    1014544 | Episode:    16412
battle_won_mean:           0.0021	dead_allies_mean:          2.8277	dead_enemies_mean:         1.1605	ep_length_mean:          100.2668
epsilon:                   0.0500	grad_norm:                 5.6768	loss:                      3.4576	loss_central:              0.0136
loss_latent:               2.3767	loss_td:                   1.0674	q_taken_mean:              2.0315	return_mean:              10.0791
return_std:                2.8817	target_mean:               2.0116	td_error_abs:              0.0981	test_battle_won_mean:      0.0187
test_dead_allies_mean:     2.8375	test_dead_enemies_mean:    2.2188	test_ep_length_mean:     112.1125	test_return_mean:         13.2096
test_return_std:           2.2983	
[INFO 10:49:35] my_main t_env: 1024751 / 2050000
[INFO 10:49:35] my_main Estimated time left: 5 hours, 19 minutes, 14 seconds. Time passed: 5 hours, 36 minutes, 57 seconds
[INFO 10:50:07] my_main Recent Stats | t_env:    1024751 | Episode:    16520
battle_won_mean:           0.0021	dead_allies_mean:          2.8360	dead_enemies_mean:         1.2126	ep_length_mean:          100.1020
epsilon:                   0.0500	grad_norm:                 5.8789	loss:                      3.5201	loss_central:              0.0121
loss_latent:               2.4434	loss_td:                   1.0647	q_taken_mean:              2.0192	return_mean:              10.1808
return_std:                2.9775	target_mean:               1.9955	td_error_abs:              0.0978	test_battle_won_mean:      0.0312
test_dead_allies_mean:     2.7563	test_dead_enemies_mean:    2.2062	test_ep_length_mean:     125.1750	test_return_mean:         13.6841
test_return_std:           2.4701	
[INFO 10:52:46] my_main t_env: 1034825 / 2050000
[INFO 10:52:46] my_main Estimated time left: 5 hours, 20 minutes, 15 seconds. Time passed: 5 hours, 40 minutes, 8 seconds
[INFO 10:53:09] my_main Recent Stats | t_env:    1034825 | Episode:    16628
battle_won_mean:           0.0021	dead_allies_mean:          2.8420	dead_enemies_mean:         1.1640	ep_length_mean:           98.6116
epsilon:                   0.0500	grad_norm:                 5.1057	loss:                      3.5076	loss_central:              0.0144
loss_latent:               2.4031	loss_td:                   1.0901	q_taken_mean:              2.0840	return_mean:              10.1034
return_std:                2.9831	target_mean:               2.0792	td_error_abs:              0.0958	test_battle_won_mean:      0.0312
test_dead_allies_mean:     2.7437	test_dead_enemies_mean:    2.1500	test_ep_length_mean:     127.2938	test_return_mean:         13.6167
test_return_std:           2.4339	
[INFO 10:55:46] my_main t_env: 1044910 / 2050000
[INFO 10:55:46] my_main Estimated time left: 4 hours, 59 minutes, 13 seconds. Time passed: 5 hours, 43 minutes, 8 seconds
[INFO 10:56:05] my_main Recent Stats | t_env:    1044910 | Episode:    16733
battle_won_mean:           0.0019	dead_allies_mean:          2.8479	dead_enemies_mean:         1.1153	ep_length_mean:           96.5211
epsilon:                   0.0500	grad_norm:                 4.4001	loss:                      3.7421	loss_central:              0.0153
loss_latent:               2.5794	loss_td:                   1.1475	q_taken_mean:              2.1590	return_mean:              10.0520
return_std:                2.9397	target_mean:               2.1575	td_error_abs:              0.0985	test_battle_won_mean:      0.0375
test_dead_allies_mean:     2.7375	test_dead_enemies_mean:    2.0875	test_ep_length_mean:     123.9188	test_return_mean:         13.4566
test_return_std:           2.4204	
[INFO 10:58:35] my_main t_env: 1055079 / 2050000
[INFO 10:58:35] my_main Estimated time left: 4 hours, 36 minutes, 5 seconds. Time passed: 5 hours, 45 minutes, 58 seconds
[INFO 10:58:59] my_main Recent Stats | t_env:    1055079 | Episode:    16832
battle_won_mean:           0.0059	dead_allies_mean:          2.8418	dead_enemies_mean:         1.1613	ep_length_mean:           98.0815
epsilon:                   0.0500	grad_norm:                 5.4128	loss:                      3.8327	loss_central:              0.0149
loss_latent:               2.6534	loss_td:                   1.1644	q_taken_mean:              2.1506	return_mean:              10.1632
return_std:                3.0143	target_mean:               2.1462	td_error_abs:              0.1001	test_battle_won_mean:      0.0437
test_dead_allies_mean:     2.7687	test_dead_enemies_mean:    2.0875	test_ep_length_mean:     117.7625	test_return_mean:         13.3854
test_return_std:           2.3618	
RequestQuit command received.
DataHandler: unable to parse websocket frame.
Closing Application...
CloseHandler: 127.0.0.1:59736 disconnected
ResponseThread: No connection, dropping the response.
[INFO 11:01:10] absl Shutdown gracefully.
[INFO 11:01:10] absl Shutdown with return code: -15
[INFO 11:01:10] absl Launching SC2: /labmount/users/202535331/MARL/pymarl-monotone-qmix/3rdparty/StarCraftII/Versions/Base75689/SC2_x64 -listen 127.0.0.1 -port 34359 -dataDir /labmount/users/202535331/MARL/pymarl-monotone-qmix/3rdparty/StarCraftII/ -tempDir /tmp/sc-5o0x37uq/
[INFO 11:01:10] absl Connecting to: ws://127.0.0.1:34359/sc2api, attempt: 0, running: True
Version: B75689 (SC2.4.10)
Build: Aug 12 2019 17:16:57
Command Line: '"/labmount/users/202535331/MARL/pymarl-monotone-qmix/3rdparty/StarCraftII/Versions/Base75689/SC2_x64" -listen 127.0.0.1 -port 34359 -dataDir /labmount/users/202535331/MARL/pymarl-monotone-qmix/3rdparty/StarCraftII/ -tempDir /tmp/sc-5o0x37uq/'
Starting up...
Startup Phase 1 complete
[INFO 11:01:11] absl Connecting to: ws://127.0.0.1:34359/sc2api, attempt: 1, running: True
Startup Phase 2 complete
Creating stub renderer...
Listening on: 127.0.0.1:34359
Startup Phase 3 complete. Ready for commands.
[INFO 11:01:12] absl Connecting to: ws://127.0.0.1:34359/sc2api, attempt: 2, running: True
ConnectHandler: Request from 127.0.0.1:34442 accepted
ReadyHandler: 127.0.0.1:34442 ready
Requesting to join a single player game
Configuring interface options
Configure: raw interface enabled
Configure: feature layer interface disabled
Configure: score interface disabled
Configure: render interface disabled
Launching next game.
Next launch phase started: 2
Next launch phase started: 3
Next launch phase started: 4
Next launch phase started: 5
Next launch phase started: 6
Next launch phase started: 7
Next launch phase started: 8
Game has started.
Using default stable ids, none found at: /labmount/users/202535331/MARL/pymarl-monotone-qmix/3rdparty/StarCraftII/stableid.json
Successfully loaded stable ids: GameData\stableid.json
Sending ResponseJoinGame
[INFO 11:01:34] my_main t_env: 1065292 / 2050000
[INFO 11:01:34] my_main Estimated time left: 4 hours, 46 minutes, 7 seconds. Time passed: 5 hours, 48 minutes, 56 seconds
[INFO 11:01:56] my_main Recent Stats | t_env:    1065292 | Episode:    16931
battle_won_mean:           0.0100	dead_allies_mean:          2.8427	dead_enemies_mean:         1.2217	ep_length_mean:           97.9427
epsilon:                   0.0500	grad_norm:                 6.1742	loss:                      3.7739	loss_central:              0.0159
loss_latent:               2.5873	loss_td:                   1.1707	q_taken_mean:              2.1943	return_mean:              10.3781
return_std:                3.0707	target_mean:               2.1827	td_error_abs:              0.1015	test_battle_won_mean:      0.0437
test_dead_allies_mean:     2.7938	test_dead_enemies_mean:    2.0000	test_ep_length_mean:     115.5500	test_return_mean:         13.1449
test_return_std:           2.4210	
[INFO 11:04:24] my_main t_env: 1075305 / 2050000
[INFO 11:04:24] my_main Estimated time left: 4 hours, 36 minutes, 29 seconds. Time passed: 5 hours, 51 minutes, 46 seconds
[INFO 11:04:47] my_main Recent Stats | t_env:    1075305 | Episode:    17028
battle_won_mean:           0.0120	dead_allies_mean:          2.8338	dead_enemies_mean:         1.2327	ep_length_mean:           99.6862
epsilon:                   0.0500	grad_norm:                 6.7863	loss:                      3.8232	loss_central:              0.0153
loss_latent:               2.6468	loss_td:                   1.1611	q_taken_mean:              2.1780	return_mean:              10.4981
return_std:                3.0123	target_mean:               2.1645	td_error_abs:              0.1018	test_battle_won_mean:      0.0563
test_dead_allies_mean:     2.8500	test_dead_enemies_mean:    1.9812	test_ep_length_mean:     104.9938	test_return_mean:         12.9481
test_return_std:           2.6869	
[INFO 11:07:25] my_main t_env: 1085317 / 2050000
[INFO 11:07:25] my_main Estimated time left: 4 hours, 51 minutes, 17 seconds. Time passed: 5 hours, 54 minutes, 47 seconds
[INFO 11:07:52] my_main Recent Stats | t_env:    1085317 | Episode:    17132
battle_won_mean:           0.0140	dead_allies_mean:          2.8386	dead_enemies_mean:         1.2830	ep_length_mean:          100.2845
epsilon:                   0.0500	grad_norm:                 7.0407	loss:                      3.9448	loss_central:              0.0140
loss_latent:               2.7386	loss_td:                   1.1922	q_taken_mean:              2.1825	return_mean:              10.5884
return_std:                2.9461	target_mean:               2.1715	td_error_abs:              0.1025	test_battle_won_mean:      0.1000
test_dead_allies_mean:     2.7687	test_dead_enemies_mean:    2.1812	test_ep_length_mean:     108.8125	test_return_mean:         13.5934
test_return_std:           2.9698	
[INFO 11:10:25] my_main t_env: 1095523 / 2050000
[INFO 11:10:25] my_main Estimated time left: 4 hours, 40 minutes, 9 seconds. Time passed: 5 hours, 57 minutes, 47 seconds
[INFO 11:10:47] my_main Recent Stats | t_env:    1095523 | Episode:    17232
battle_won_mean:           0.0161	dead_allies_mean:          2.8390	dead_enemies_mean:         1.3187	ep_length_mean:          101.4870
epsilon:                   0.0500	grad_norm:                 7.9231	loss:                      3.8438	loss_central:              0.0131
loss_latent:               2.6763	loss_td:                   1.1544	q_taken_mean:              2.1568	return_mean:              10.6966
return_std:                2.9966	target_mean:               2.1484	td_error_abs:              0.0981	test_battle_won_mean:      0.1125
test_dead_allies_mean:     2.7625	test_dead_enemies_mean:    2.2313	test_ep_length_mean:     112.4000	test_return_mean:         13.8285
test_return_std:           3.1866	
[INFO 11:13:28] my_main t_env: 1105629 / 2050000
[INFO 11:13:28] my_main Estimated time left: 4 hours, 45 minutes, 9 seconds. Time passed: 6 hours, 50 seconds
[INFO 11:13:55] my_main Recent Stats | t_env:    1105629 | Episode:    17342
battle_won_mean:           0.0138	dead_allies_mean:          2.8552	dead_enemies_mean:         1.3029	ep_length_mean:           99.3181
epsilon:                   0.0500	grad_norm:                 7.5131	loss:                      3.9033	loss_central:              0.0125
loss_latent:               2.7607	loss_td:                   1.1301	q_taken_mean:              2.1643	return_mean:              10.6192
return_std:                2.8563	target_mean:               2.1583	td_error_abs:              0.0966	test_battle_won_mean:      0.1125
test_dead_allies_mean:     2.7188	test_dead_enemies_mean:    2.2188	test_ep_length_mean:     117.7687	test_return_mean:         13.8014
test_return_std:           3.2063	
RequestQuit command received.
Closing Application...
DataHandler: unable to parse websocket frame.
CloseHandler: 127.0.0.1:34442 disconnected
[INFO 11:15:18] absl Shutdown gracefully.
[INFO 11:15:18] absl Shutdown with return code: -15
[INFO 11:15:18] absl Launching SC2: /labmount/users/202535331/MARL/pymarl-monotone-qmix/3rdparty/StarCraftII/Versions/Base75689/SC2_x64 -listen 127.0.0.1 -port 35577 -dataDir /labmount/users/202535331/MARL/pymarl-monotone-qmix/3rdparty/StarCraftII/ -tempDir /tmp/sc-uize6m24/
[INFO 11:15:18] absl Connecting to: ws://127.0.0.1:35577/sc2api, attempt: 0, running: True
Version: B75689 (SC2.4.10)
Build: Aug 12 2019 17:16:57
Command Line: '"/labmount/users/202535331/MARL/pymarl-monotone-qmix/3rdparty/StarCraftII/Versions/Base75689/SC2_x64" -listen 127.0.0.1 -port 35577 -dataDir /labmount/users/202535331/MARL/pymarl-monotone-qmix/3rdparty/StarCraftII/ -tempDir /tmp/sc-uize6m24/'
Starting up...
Startup Phase 1 complete
[INFO 11:15:19] absl Connecting to: ws://127.0.0.1:35577/sc2api, attempt: 1, running: True
Startup Phase 2 complete
Creating stub renderer...
Listening on: 127.0.0.1:35577
Startup Phase 3 complete. Ready for commands.
[INFO 11:15:20] absl Connecting to: ws://127.0.0.1:35577/sc2api, attempt: 2, running: True
ConnectHandler: Request from 127.0.0.1:57286 accepted
ReadyHandler: 127.0.0.1:57286 ready
Requesting to join a single player game
Configuring interface options
Configure: raw interface enabled
Configure: feature layer interface disabled
Configure: score interface disabled
Configure: render interface disabled
Launching next game.
Next launch phase started: 2
Next launch phase started: 3
Next launch phase started: 4
Next launch phase started: 5
Next launch phase started: 6
Next launch phase started: 7
Next launch phase started: 8
Game has started.
Using default stable ids, none found at: /labmount/users/202535331/MARL/pymarl-monotone-qmix/3rdparty/StarCraftII/stableid.json
Successfully loaded stable ids: GameData\stableid.json
Sending ResponseJoinGame
[INFO 11:16:38] my_main t_env: 1115686 / 2050000
[INFO 11:16:38] my_main Estimated time left: 4 hours, 54 minutes, 15 seconds. Time passed: 6 hours, 4 minutes, 0 seconds
[INFO 11:17:07] my_main Recent Stats | t_env:    1115686 | Episode:    17447
battle_won_mean:           0.0117	dead_allies_mean:          2.8709	dead_enemies_mean:         1.2798	ep_length_mean:           97.8419
epsilon:                   0.0500	grad_norm:                 6.3869	loss:                      3.9095	loss_central:              0.0127
loss_latent:               2.7523	loss_td:                   1.1445	q_taken_mean:              2.2564	return_mean:              10.5278
return_std:                2.8536	target_mean:               2.2521	td_error_abs:              0.0974	test_battle_won_mean:      0.1250
test_dead_allies_mean:     2.6625	test_dead_enemies_mean:    2.3750	test_ep_length_mean:     124.3250	test_return_mean:         14.1511
test_return_std:           3.3834	
[INFO 11:19:45] my_main t_env: 1125763 / 2050000
[INFO 11:19:45] my_main Estimated time left: 4 hours, 45 minutes, 52 seconds. Time passed: 6 hours, 7 minutes, 7 seconds
[INFO 11:20:14] my_main Recent Stats | t_env:    1125763 | Episode:    17552
battle_won_mean:           0.0096	dead_allies_mean:          2.8925	dead_enemies_mean:         1.3443	ep_length_mean:           96.3909
epsilon:                   0.0500	grad_norm:                 6.0063	loss:                      3.9102	loss_central:              0.0135
loss_latent:               2.7116	loss_td:                   1.1852	q_taken_mean:              2.3247	return_mean:              10.5949
return_std:                2.8346	target_mean:               2.3356	td_error_abs:              0.0979	test_battle_won_mean:      0.1313
test_dead_allies_mean:     2.6125	test_dead_enemies_mean:    2.5000	test_ep_length_mean:     131.3250	test_return_mean:         14.4086
test_return_std:           3.2537	
[INFO 11:22:56] my_main t_env: 1135785 / 2050000
[INFO 11:22:56] my_main Estimated time left: 4 hours, 49 minutes, 29 seconds. Time passed: 6 hours, 10 minutes, 18 seconds
[INFO 11:23:19] my_main Recent Stats | t_env:    1135785 | Episode:    17660
battle_won_mean:           0.0114	dead_allies_mean:          2.8969	dead_enemies_mean:         1.3551	ep_length_mean:           95.6963
epsilon:                   0.0500	grad_norm:                 7.5132	loss:                      4.0523	loss_central:              0.0135
loss_latent:               2.8336	loss_td:                   1.2052	q_taken_mean:              2.3196	return_mean:              10.6887
return_std:                2.8511	target_mean:               2.3203	td_error_abs:              0.0974	test_battle_won_mean:      0.0875
test_dead_allies_mean:     2.7062	test_dead_enemies_mean:    2.3000	test_ep_length_mean:     125.7875	test_return_mean:         13.8437
test_return_std:           3.0996	
[INFO 11:25:59] my_main t_env: 1145836 / 2050000
[INFO 11:25:59] my_main Estimated time left: 4 hours, 34 minutes, 25 seconds. Time passed: 6 hours, 13 minutes, 21 seconds
[INFO 11:26:25] my_main Recent Stats | t_env:    1145836 | Episode:    17767
battle_won_mean:           0.0093	dead_allies_mean:          2.9083	dead_enemies_mean:         1.3225	ep_length_mean:           94.0712
epsilon:                   0.0500	grad_norm:                 6.9189	loss:                      4.1020	loss_central:              0.0141
loss_latent:               2.8486	loss_td:                   1.2393	q_taken_mean:              2.3223	return_mean:              10.6687
return_std:                2.8250	target_mean:               2.3146	td_error_abs:              0.0998	test_battle_won_mean:      0.1000
test_dead_allies_mean:     2.6437	test_dead_enemies_mean:    2.3375	test_ep_length_mean:     128.3125	test_return_mean:         13.9899
test_return_std:           3.1616	
[INFO 11:29:03] my_main t_env: 1155840 / 2050000
[INFO 11:29:03] my_main Estimated time left: 4 hours, 34 minutes, 14 seconds. Time passed: 6 hours, 16 minutes, 25 seconds
[INFO 11:29:26] my_main Recent Stats | t_env:    1155840 | Episode:    17873
battle_won_mean:           0.0094	dead_allies_mean:          2.9133	dead_enemies_mean:         1.3452	ep_length_mean:           94.5721
epsilon:                   0.0500	grad_norm:                 6.2252	loss:                      4.0477	loss_central:              0.0148
loss_latent:               2.7790	loss_td:                   1.2538	q_taken_mean:              2.3157	return_mean:              10.7826
return_std:                2.8617	target_mean:               2.3142	td_error_abs:              0.0993	test_battle_won_mean:      0.0938
test_dead_allies_mean:     2.6625	test_dead_enemies_mean:    2.3625	test_ep_length_mean:     124.3438	test_return_mean:         13.8810
test_return_std:           3.1684	
RequestQuit command received.
Closing Application...
DataHandler: unable to parse websocket frame.
CloseHandler: 127.0.0.1:57286 disconnected
[INFO 11:29:31] absl Shutdown gracefully.
[INFO 11:29:31] absl Shutdown with return code: -15
[INFO 11:29:31] absl Launching SC2: /labmount/users/202535331/MARL/pymarl-monotone-qmix/3rdparty/StarCraftII/Versions/Base75689/SC2_x64 -listen 127.0.0.1 -port 34063 -dataDir /labmount/users/202535331/MARL/pymarl-monotone-qmix/3rdparty/StarCraftII/ -tempDir /tmp/sc-lth82bdw/
[INFO 11:29:31] absl Connecting to: ws://127.0.0.1:34063/sc2api, attempt: 0, running: True
Version: B75689 (SC2.4.10)
Build: Aug 12 2019 17:16:57
Command Line: '"/labmount/users/202535331/MARL/pymarl-monotone-qmix/3rdparty/StarCraftII/Versions/Base75689/SC2_x64" -listen 127.0.0.1 -port 34063 -dataDir /labmount/users/202535331/MARL/pymarl-monotone-qmix/3rdparty/StarCraftII/ -tempDir /tmp/sc-lth82bdw/'
Starting up...
Startup Phase 1 complete
[INFO 11:29:32] absl Connecting to: ws://127.0.0.1:34063/sc2api, attempt: 1, running: True
Startup Phase 2 complete
Creating stub renderer...
Listening on: 127.0.0.1:34063
Startup Phase 3 complete. Ready for commands.
[INFO 11:29:33] absl Connecting to: ws://127.0.0.1:34063/sc2api, attempt: 2, running: True
ConnectHandler: Request from 127.0.0.1:48630 accepted
ReadyHandler: 127.0.0.1:48630 ready
Requesting to join a single player game
Configuring interface options
Configure: raw interface enabled
Configure: feature layer interface disabled
Configure: score interface disabled
Configure: render interface disabled
Launching next game.
Next launch phase started: 2
Next launch phase started: 3
Next launch phase started: 4
Next launch phase started: 5
Next launch phase started: 6
Next launch phase started: 7
Next launch phase started: 8
Game has started.
Using default stable ids, none found at: /labmount/users/202535331/MARL/pymarl-monotone-qmix/3rdparty/StarCraftII/stableid.json
Successfully loaded stable ids: GameData\stableid.json
Sending ResponseJoinGame
[INFO 11:32:05] my_main t_env: 1165968 / 2050000
[INFO 11:32:05] my_main Estimated time left: 4 hours, 24 minutes, 44 seconds. Time passed: 6 hours, 19 minutes, 27 seconds
[INFO 11:32:26] my_main Recent Stats | t_env:    1165968 | Episode:    17973
battle_won_mean:           0.0115	dead_allies_mean:          2.9060	dead_enemies_mean:         1.3676	ep_length_mean:           95.6719
epsilon:                   0.0500	grad_norm:                 6.5378	loss:                      4.2051	loss_central:              0.0140
loss_latent:               2.9685	loss_td:                   1.2226	q_taken_mean:              2.2299	return_mean:              10.8829
return_std:                2.9178	target_mean:               2.2358	td_error_abs:              0.0987	test_battle_won_mean:      0.1062
test_dead_allies_mean:     2.6688	test_dead_enemies_mean:    2.3937	test_ep_length_mean:     118.2000	test_return_mean:         13.9337
test_return_std:           3.2868	
[INFO 11:35:00] my_main t_env: 1176045 / 2050000
[INFO 11:35:00] my_main Estimated time left: 4 hours, 12 minutes, 51 seconds. Time passed: 6 hours, 22 minutes, 22 seconds
[INFO 11:35:20] my_main Recent Stats | t_env:    1176045 | Episode:    18073
battle_won_mean:           0.0115	dead_allies_mean:          2.8834	dead_enemies_mean:         1.2875	ep_length_mean:           96.6316
epsilon:                   0.0500	grad_norm:                 6.8848	loss:                      4.3142	loss_central:              0.0143
loss_latent:               3.0607	loss_td:                   1.2392	q_taken_mean:              2.2395	return_mean:              10.7808
return_std:                2.8768	target_mean:               2.2414	td_error_abs:              0.1000	test_battle_won_mean:      0.0813
test_dead_allies_mean:     2.7313	test_dead_enemies_mean:    2.3000	test_ep_length_mean:     110.2062	test_return_mean:         13.6548
test_return_std:           3.1093	
[INFO 11:37:47] my_main t_env: 1186088 / 2050000
[INFO 11:37:47] my_main Estimated time left: 4 hours, 25 seconds. Time passed: 6 hours, 25 minutes, 9 seconds
[INFO 11:38:13] my_main Recent Stats | t_env:    1186088 | Episode:    18167
battle_won_mean:           0.0120	dead_allies_mean:          2.8684	dead_enemies_mean:         1.3232	ep_length_mean:           99.4405
epsilon:                   0.0500	grad_norm:                 5.5068	loss:                      4.2645	loss_central:              0.0162
loss_latent:               2.9642	loss_td:                   1.2841	q_taken_mean:              2.3181	return_mean:              10.9650
return_std:                2.9357	target_mean:               2.3262	td_error_abs:              0.1010	test_battle_won_mean:      0.0938
test_dead_allies_mean:     2.7188	test_dead_enemies_mean:    2.3687	test_ep_length_mean:     113.8063	test_return_mean:         13.8557
test_return_std:           3.1647	
[INFO 11:40:47] my_main t_env: 1196241 / 2050000
[INFO 11:40:47] my_main Estimated time left: 4 hours, 11 minutes, 28 seconds. Time passed: 6 hours, 28 minutes, 9 seconds
[INFO 11:41:14] my_main Recent Stats | t_env:    1196241 | Episode:    18268
battle_won_mean:           0.0141	dead_allies_mean:          2.8613	dead_enemies_mean:         1.3710	ep_length_mean:          100.7585
epsilon:                   0.0500	grad_norm:                 6.2380	loss:                      4.3656	loss_central:              0.0165
loss_latent:               3.0220	loss_td:                   1.3270	q_taken_mean:              2.4516	return_mean:              11.0330
return_std:                3.0248	target_mean:               2.4603	td_error_abs:              0.1040	test_battle_won_mean:      0.0813
test_dead_allies_mean:     2.7437	test_dead_enemies_mean:    2.3500	test_ep_length_mean:     114.5875	test_return_mean:         13.8093
test_return_std:           3.1848	
[INFO 11:43:45] my_main t_env: 1206455 / 2050000
[INFO 11:43:45] my_main Estimated time left: 4 hours, 5 minutes, 23 seconds. Time passed: 6 hours, 31 minutes, 7 seconds
RequestQuit command received.
DataHandler: unable to parse websocket frame.
Closing Application...
CloseHandler: 127.0.0.1:48630 disconnected
ResponseThread: No connection, dropping the response.
[INFO 11:43:48] absl Shutdown gracefully.
[INFO 11:43:48] absl Shutdown with return code: -15
[INFO 11:43:48] absl Launching SC2: /labmount/users/202535331/MARL/pymarl-monotone-qmix/3rdparty/StarCraftII/Versions/Base75689/SC2_x64 -listen 127.0.0.1 -port 37693 -dataDir /labmount/users/202535331/MARL/pymarl-monotone-qmix/3rdparty/StarCraftII/ -tempDir /tmp/sc-wqqqroib/
[INFO 11:43:48] absl Connecting to: ws://127.0.0.1:37693/sc2api, attempt: 0, running: True
Version: B75689 (SC2.4.10)
Build: Aug 12 2019 17:16:57
Command Line: '"/labmount/users/202535331/MARL/pymarl-monotone-qmix/3rdparty/StarCraftII/Versions/Base75689/SC2_x64" -listen 127.0.0.1 -port 37693 -dataDir /labmount/users/202535331/MARL/pymarl-monotone-qmix/3rdparty/StarCraftII/ -tempDir /tmp/sc-wqqqroib/'
Starting up...
Startup Phase 1 complete
[INFO 11:43:49] absl Connecting to: ws://127.0.0.1:37693/sc2api, attempt: 1, running: True
Startup Phase 2 complete
Creating stub renderer...
Listening on: 127.0.0.1:37693
Startup Phase 3 complete. Ready for commands.
[INFO 11:43:50] absl Connecting to: ws://127.0.0.1:37693/sc2api, attempt: 2, running: True
ConnectHandler: Request from 127.0.0.1:58754 accepted
ReadyHandler: 127.0.0.1:58754 ready
Requesting to join a single player game
Configuring interface options
Configure: raw interface enabled
Configure: feature layer interface disabled
Configure: score interface disabled
Configure: render interface disabled
Launching next game.
Next launch phase started: 2
Next launch phase started: 3
Next launch phase started: 4
Next launch phase started: 5
Next launch phase started: 6
Next launch phase started: 7
Next launch phase started: 8
Game has started.
Using default stable ids, none found at: /labmount/users/202535331/MARL/pymarl-monotone-qmix/3rdparty/StarCraftII/stableid.json
Successfully loaded stable ids: GameData\stableid.json
Sending ResponseJoinGame
[INFO 11:44:15] my_main Recent Stats | t_env:    1206455 | Episode:    18363
battle_won_mean:           0.0206	dead_allies_mean:          2.8408	dead_enemies_mean:         1.3964	ep_length_mean:          103.3862
epsilon:                   0.0500	grad_norm:                 6.5082	loss:                      4.5627	loss_central:              0.0176
loss_latent:               3.1028	loss_td:                   1.4423	q_taken_mean:              2.5152	return_mean:              11.1246
return_std:                3.1531	target_mean:               2.5142	td_error_abs:              0.1071	test_battle_won_mean:      0.0938
test_dead_allies_mean:     2.7250	test_dead_enemies_mean:    2.4562	test_ep_length_mean:     113.7500	test_return_mean:         14.0190
test_return_std:           3.2320	
[INFO 11:46:54] my_main t_env: 1216481 / 2050000
[INFO 11:46:54] my_main Estimated time left: 4 hours, 21 minutes, 30 seconds. Time passed: 6 hours, 34 minutes, 16 seconds
[INFO 11:47:22] my_main Recent Stats | t_env:    1216481 | Episode:    18461
battle_won_mean:           0.0207	dead_allies_mean:          2.8401	dead_enemies_mean:         1.4223	ep_length_mean:          103.5914
epsilon:                   0.0500	grad_norm:                 8.0831	loss:                      4.5678	loss_central:              0.0180
loss_latent:               3.0752	loss_td:                   1.4746	q_taken_mean:              2.5563	return_mean:              11.1408
return_std:                3.0874	target_mean:               2.5415	td_error_abs:              0.1088	test_battle_won_mean:      0.1625
test_dead_allies_mean:     2.6313	test_dead_enemies_mean:    2.6437	test_ep_length_mean:     118.0250	test_return_mean:         14.6644
test_return_std:           3.3983	
[INFO 11:49:54] my_main t_env: 1226544 / 2050000
[INFO 11:49:54] my_main Estimated time left: 4 hours, 5 minutes, 55 seconds. Time passed: 6 hours, 37 minutes, 16 seconds
[INFO 11:50:23] my_main Recent Stats | t_env:    1226544 | Episode:    18559
battle_won_mean:           0.0370	dead_allies_mean:          2.8353	dead_enemies_mean:         1.5190	ep_length_mean:          103.9742
epsilon:                   0.0500	grad_norm:                 7.9862	loss:                      4.4870	loss_central:              0.0177
loss_latent:               2.9941	loss_td:                   1.4752	q_taken_mean:              2.5302	return_mean:              11.4038
return_std:                3.4054	target_mean:               2.5104	td_error_abs:              0.1062	test_battle_won_mean:      0.2188
test_dead_allies_mean:     2.5312	test_dead_enemies_mean:    2.8875	test_ep_length_mean:     125.1437	test_return_mean:         15.4162
test_return_std:           3.5032	
[INFO 11:52:44] my_main t_env: 1236675 / 2050000
[INFO 11:52:44] my_main Estimated time left: 3 hours, 47 minutes, 15 seconds. Time passed: 6 hours, 40 minutes, 6 seconds
[INFO 11:53:08] my_main Recent Stats | t_env:    1236675 | Episode:    18646
battle_won_mean:           0.0420	dead_allies_mean:          2.8191	dead_enemies_mean:         1.5044	ep_length_mean:          105.8957
epsilon:                   0.0500	grad_norm:                 8.3746	loss:                      4.4892	loss_central:              0.0155
loss_latent:               3.0080	loss_td:                   1.4657	q_taken_mean:              2.4916	return_mean:              11.3394
return_std:                3.5042	target_mean:               2.4650	td_error_abs:              0.1034	test_battle_won_mean:      0.2375
test_dead_allies_mean:     2.4937	test_dead_enemies_mean:    2.9000	test_ep_length_mean:     123.7750	test_return_mean:         15.5584
test_return_std:           3.6258	
[INFO 11:55:34] my_main t_env: 1246739 / 2050000
[INFO 11:55:34] my_main Estimated time left: 3 hours, 46 minutes, 26 seconds. Time passed: 6 hours, 42 minutes, 56 seconds
[INFO 11:56:02] my_main Recent Stats | t_env:    1246739 | Episode:    18737
battle_won_mean:           0.0490	dead_allies_mean:          2.8029	dead_enemies_mean:         1.5643	ep_length_mean:          107.9095
epsilon:                   0.0500	grad_norm:                 7.3217	loss:                      4.5250	loss_central:              0.0152
loss_latent:               3.0482	loss_td:                   1.4617	q_taken_mean:              2.3947	return_mean:              11.5349
return_std:                3.6496	target_mean:               2.3798	td_error_abs:              0.1007	test_battle_won_mean:      0.3000
test_dead_allies_mean:     2.4125	test_dead_enemies_mean:    3.1063	test_ep_length_mean:     125.3312	test_return_mean:         16.1931
test_return_std:           3.7240	
RequestQuit command received.
Closing Application...
DataHandler: unable to parse websocket frame.
CloseHandler: 127.0.0.1:58754 disconnected
[INFO 11:57:17] absl Shutdown gracefully.
[INFO 11:57:17] absl Shutdown with return code: -15
[INFO 11:57:17] absl Launching SC2: /labmount/users/202535331/MARL/pymarl-monotone-qmix/3rdparty/StarCraftII/Versions/Base75689/SC2_x64 -listen 127.0.0.1 -port 41827 -dataDir /labmount/users/202535331/MARL/pymarl-monotone-qmix/3rdparty/StarCraftII/ -tempDir /tmp/sc-l276z0qs/
[INFO 11:57:17] absl Connecting to: ws://127.0.0.1:41827/sc2api, attempt: 0, running: True
Version: B75689 (SC2.4.10)
Build: Aug 12 2019 17:16:57
Command Line: '"/labmount/users/202535331/MARL/pymarl-monotone-qmix/3rdparty/StarCraftII/Versions/Base75689/SC2_x64" -listen 127.0.0.1 -port 41827 -dataDir /labmount/users/202535331/MARL/pymarl-monotone-qmix/3rdparty/StarCraftII/ -tempDir /tmp/sc-l276z0qs/'
Starting up...
Startup Phase 1 complete
[INFO 11:57:18] absl Connecting to: ws://127.0.0.1:41827/sc2api, attempt: 1, running: True
Startup Phase 2 complete
Creating stub renderer...
Listening on: 127.0.0.1:41827
Startup Phase 3 complete. Ready for commands.
[INFO 11:57:19] absl Connecting to: ws://127.0.0.1:41827/sc2api, attempt: 2, running: True
ConnectHandler: Request from 127.0.0.1:36832 accepted
ReadyHandler: 127.0.0.1:36832 ready
Requesting to join a single player game
Configuring interface options
Configure: raw interface enabled
Configure: feature layer interface disabled
Configure: score interface disabled
Configure: render interface disabled
Launching next game.
Next launch phase started: 2
Next launch phase started: 3
Next launch phase started: 4
Next launch phase started: 5
Next launch phase started: 6
Next launch phase started: 7
Next launch phase started: 8
Game has started.
Using default stable ids, none found at: /labmount/users/202535331/MARL/pymarl-monotone-qmix/3rdparty/StarCraftII/stableid.json
Successfully loaded stable ids: GameData\stableid.json
Sending ResponseJoinGame
[INFO 11:58:31] my_main t_env: 1256765 / 2050000
[INFO 11:58:31] my_main Estimated time left: 3 hours, 53 minutes, 12 seconds. Time passed: 6 hours, 45 minutes, 53 seconds
[INFO 11:58:58] my_main Recent Stats | t_env:    1256765 | Episode:    18824
battle_won_mean:           0.0521	dead_allies_mean:          2.7837	dead_enemies_mean:         1.5619	ep_length_mean:          109.4546
epsilon:                   0.0500	grad_norm:                 7.2050	loss:                      4.5005	loss_central:              0.0147
loss_latent:               2.9725	loss_td:                   1.5134	q_taken_mean:              2.4867	return_mean:              11.5320
return_std:                3.7373	target_mean:               2.4721	td_error_abs:              0.1010	test_battle_won_mean:      0.3187
test_dead_allies_mean:     2.3813	test_dead_enemies_mean:    3.1625	test_ep_length_mean:     130.5625	test_return_mean:         16.5572
test_return_std:           3.7190	
[INFO 12:01:31] my_main t_env: 1266810 / 2050000
[INFO 12:01:31] my_main Estimated time left: 3 hours, 53 minutes, 54 seconds. Time passed: 6 hours, 48 minutes, 53 seconds
[INFO 12:02:01] my_main Recent Stats | t_env:    1266810 | Episode:    18921
battle_won_mean:           0.0583	dead_allies_mean:          2.7813	dead_enemies_mean:         1.5216	ep_length_mean:          109.7047
epsilon:                   0.0500	grad_norm:                 5.4931	loss:                      4.4712	loss_central:              0.0146
loss_latent:               2.9112	loss_td:                   1.5453	q_taken_mean:              2.5432	return_mean:              11.6287
return_std:                3.9466	target_mean:               2.5439	td_error_abs:              0.1009	test_battle_won_mean:      0.2750
test_dead_allies_mean:     2.3875	test_dead_enemies_mean:    3.0812	test_ep_length_mean:     134.0875	test_return_mean:         16.1762
test_return_std:           3.5589	
[INFO 12:04:34] my_main t_env: 1276849 / 2050000
[INFO 12:04:34] my_main Estimated time left: 3 hours, 55 minutes, 0 seconds. Time passed: 6 hours, 51 minutes, 56 seconds
[INFO 12:05:04] my_main Recent Stats | t_env:    1276849 | Episode:    19021
battle_won_mean:           0.0500	dead_allies_mean:          2.7901	dead_enemies_mean:         1.4429	ep_length_mean:          109.2460
epsilon:                   0.0500	grad_norm:                 5.2619	loss:                      4.4645	loss_central:              0.0144
loss_latent:               2.9209	loss_td:                   1.5292	q_taken_mean:              2.5767	return_mean:              11.4668
return_std:                3.9314	target_mean:               2.5875	td_error_abs:              0.1006	test_battle_won_mean:      0.2562
test_dead_allies_mean:     2.3937	test_dead_enemies_mean:    2.9688	test_ep_length_mean:     136.0875	test_return_mean:         15.9889
test_return_std:           3.6169	
[INFO 12:07:23] my_main t_env: 1286868 / 2050000
[INFO 12:07:23] my_main Estimated time left: 3 hours, 34 minutes, 52 seconds. Time passed: 6 hours, 54 minutes, 46 seconds
[INFO 12:07:53] my_main Recent Stats | t_env:    1286868 | Episode:    19106
battle_won_mean:           0.0502	dead_allies_mean:          2.7772	dead_enemies_mean:         1.4803	ep_length_mean:          109.5304
epsilon:                   0.0500	grad_norm:                 5.0172	loss:                      4.5052	loss_central:              0.0158
loss_latent:               2.8606	loss_td:                   1.6288	q_taken_mean:              2.6865	return_mean:              11.5527
return_std:                4.0528	target_mean:               2.7052	td_error_abs:              0.1034	test_battle_won_mean:      0.2875
test_dead_allies_mean:     2.3375	test_dead_enemies_mean:    3.2000	test_ep_length_mean:     141.3812	test_return_mean:         16.4348
test_return_std:           3.5419	
[INFO 12:10:15] my_main t_env: 1296877 / 2050000
[INFO 12:10:15] my_main Estimated time left: 3 hours, 35 minutes, 24 seconds. Time passed: 6 hours, 57 minutes, 37 seconds
RequestQuit command received.
DataHandler: unable to parse websocket frame.
Closing Application...
CloseHandler: 127.0.0.1:36832 disconnected
ResponseThread: No connection, dropping the response.
[INFO 12:10:30] absl Shutdown gracefully.
[INFO 12:10:30] absl Shutdown with return code: -15
[INFO 12:10:30] absl Launching SC2: /labmount/users/202535331/MARL/pymarl-monotone-qmix/3rdparty/StarCraftII/Versions/Base75689/SC2_x64 -listen 127.0.0.1 -port 43459 -dataDir /labmount/users/202535331/MARL/pymarl-monotone-qmix/3rdparty/StarCraftII/ -tempDir /tmp/sc-2t3rdwxt/
[INFO 12:10:30] absl Connecting to: ws://127.0.0.1:43459/sc2api, attempt: 0, running: True
Version: B75689 (SC2.4.10)
Build: Aug 12 2019 17:16:57
Command Line: '"/labmount/users/202535331/MARL/pymarl-monotone-qmix/3rdparty/StarCraftII/Versions/Base75689/SC2_x64" -listen 127.0.0.1 -port 43459 -dataDir /labmount/users/202535331/MARL/pymarl-monotone-qmix/3rdparty/StarCraftII/ -tempDir /tmp/sc-2t3rdwxt/'
Starting up...
Startup Phase 1 complete
[INFO 12:10:31] absl Connecting to: ws://127.0.0.1:43459/sc2api, attempt: 1, running: True
Startup Phase 2 complete
Creating stub renderer...
Listening on: 127.0.0.1:43459
Startup Phase 3 complete. Ready for commands.
[INFO 12:10:32] absl Connecting to: ws://127.0.0.1:43459/sc2api, attempt: 2, running: True
ConnectHandler: Request from 127.0.0.1:59802 accepted
ReadyHandler: 127.0.0.1:59802 ready
Requesting to join a single player game
Configuring interface options
Configure: raw interface enabled
Configure: feature layer interface disabled
Configure: score interface disabled
Configure: render interface disabled
Launching next game.
Next launch phase started: 2
Next launch phase started: 3
Next launch phase started: 4
Next launch phase started: 5
Next launch phase started: 6
Next launch phase started: 7
Next launch phase started: 8
Game has started.
Using default stable ids, none found at: /labmount/users/202535331/MARL/pymarl-monotone-qmix/3rdparty/StarCraftII/stableid.json
Successfully loaded stable ids: GameData\stableid.json
Sending ResponseJoinGame
[INFO 12:10:50] my_main Recent Stats | t_env:    1296877 | Episode:    19194
battle_won_mean:           0.0529	dead_allies_mean:          2.7666	dead_enemies_mean:         1.4535	ep_length_mean:          110.1595
epsilon:                   0.0500	grad_norm:                 5.6346	loss:                      4.5100	loss_central:              0.0170
loss_latent:               2.8660	loss_td:                   1.6270	q_taken_mean:              2.7428	return_mean:              11.5112
return_std:                4.1129	target_mean:               2.7533	td_error_abs:              0.1030	test_battle_won_mean:      0.2750
test_dead_allies_mean:     2.2938	test_dead_enemies_mean:    3.2062	test_ep_length_mean:     142.3000	test_return_mean:         16.3219
test_return_std:           3.4283	
[INFO 12:13:16] my_main t_env: 1307054 / 2050000
[INFO 12:13:16] my_main Estimated time left: 3 hours, 39 minutes, 32 seconds. Time passed: 7 hours, 38 seconds
[INFO 12:13:44] my_main Recent Stats | t_env:    1307054 | Episode:    19284
battle_won_mean:           0.0547	dead_allies_mean:          2.7751	dead_enemies_mean:         1.4702	ep_length_mean:          109.7267
epsilon:                   0.0500	grad_norm:                 5.5700	loss:                      4.6121	loss_central:              0.0169
loss_latent:               2.9842	loss_td:                   1.6110	q_taken_mean:              2.6885	return_mean:              11.6326
return_std:                4.1565	target_mean:               2.7143	td_error_abs:              0.1053	test_battle_won_mean:      0.3125
test_dead_allies_mean:     2.2250	test_dead_enemies_mean:    3.3000	test_ep_length_mean:     142.2063	test_return_mean:         16.6876
test_return_std:           3.4767	
[INFO 12:16:06] my_main t_env: 1317160 / 2050000
[INFO 12:16:06] my_main Estimated time left: 3 hours, 25 minutes, 35 seconds. Time passed: 7 hours, 3 minutes, 28 seconds
[INFO 12:16:32] my_main Recent Stats | t_env:    1317160 | Episode:    19371
battle_won_mean:           0.0605	dead_allies_mean:          2.7547	dead_enemies_mean:         1.5594	ep_length_mean:          112.2476
epsilon:                   0.0500	grad_norm:                 5.6945	loss:                      4.7526	loss_central:              0.0174
loss_latent:               3.0703	loss_td:                   1.6650	q_taken_mean:              2.6984	return_mean:              11.7904
return_std:                4.2429	target_mean:               2.7236	td_error_abs:              0.1042	test_battle_won_mean:      0.3500
test_dead_allies_mean:     2.1625	test_dead_enemies_mean:    3.3875	test_ep_length_mean:     137.9875	test_return_mean:         17.0351
test_return_std:           3.4805	
[INFO 12:18:58] my_main t_env: 1327186 / 2050000
[INFO 12:18:58] my_main Estimated time left: 3 hours, 26 minutes, 40 seconds. Time passed: 7 hours, 6 minutes, 20 seconds
[INFO 12:19:26] my_main Recent Stats | t_env:    1327186 | Episode:    19462
battle_won_mean:           0.0723	dead_allies_mean:          2.7232	dead_enemies_mean:         1.6023	ep_length_mean:          114.2047
epsilon:                   0.0500	grad_norm:                 6.0676	loss:                      5.0125	loss_central:              0.0187
loss_latent:               3.2252	loss_td:                   1.7686	q_taken_mean:              2.7916	return_mean:              11.9498
return_std:                4.3255	target_mean:               2.8138	td_error_abs:              0.1089	test_battle_won_mean:      0.3625
test_dead_allies_mean:     2.1812	test_dead_enemies_mean:    3.4438	test_ep_length_mean:     136.1312	test_return_mean:         17.2064
test_return_std:           3.5189	
[INFO 12:21:50] my_main t_env: 1337199 / 2050000
[INFO 12:21:50] my_main Estimated time left: 3 hours, 24 minutes, 27 seconds. Time passed: 7 hours, 9 minutes, 12 seconds
[INFO 12:22:15] my_main Recent Stats | t_env:    1337199 | Episode:    19552
battle_won_mean:           0.0806	dead_allies_mean:          2.7287	dead_enemies_mean:         1.5908	ep_length_mean:          112.8817
epsilon:                   0.0500	grad_norm:                 5.8780	loss:                      5.1597	loss_central:              0.0187
loss_latent:               3.4421	loss_td:                   1.6989	q_taken_mean:              2.7628	return_mean:              12.0356
return_std:                4.4337	target_mean:               2.7749	td_error_abs:              0.1095	test_battle_won_mean:      0.3750
test_dead_allies_mean:     2.1562	test_dead_enemies_mean:    3.4688	test_ep_length_mean:     133.5188	test_return_mean:         17.3085
test_return_std:           3.6223	
RequestQuit command received.
DataHandler: unable to parse websocket frame.
Closing Application...
CloseHandler: 127.0.0.1:59802 disconnected
ResponseThread: No connection, dropping the response.
[INFO 12:23:41] absl Shutdown gracefully.
[INFO 12:23:41] absl Shutdown with return code: -15
[INFO 12:23:41] absl Launching SC2: /labmount/users/202535331/MARL/pymarl-monotone-qmix/3rdparty/StarCraftII/Versions/Base75689/SC2_x64 -listen 127.0.0.1 -port 41733 -dataDir /labmount/users/202535331/MARL/pymarl-monotone-qmix/3rdparty/StarCraftII/ -tempDir /tmp/sc-1gqp3ekw/
[INFO 12:23:41] absl Connecting to: ws://127.0.0.1:41733/sc2api, attempt: 0, running: True
Version: B75689 (SC2.4.10)
Build: Aug 12 2019 17:16:57
Command Line: '"/labmount/users/202535331/MARL/pymarl-monotone-qmix/3rdparty/StarCraftII/Versions/Base75689/SC2_x64" -listen 127.0.0.1 -port 41733 -dataDir /labmount/users/202535331/MARL/pymarl-monotone-qmix/3rdparty/StarCraftII/ -tempDir /tmp/sc-1gqp3ekw/'
Starting up...
Startup Phase 1 complete
[INFO 12:23:42] absl Connecting to: ws://127.0.0.1:41733/sc2api, attempt: 1, running: True
Startup Phase 2 complete
Creating stub renderer...
Listening on: 127.0.0.1:41733
Startup Phase 3 complete. Ready for commands.
[INFO 12:23:43] absl Connecting to: ws://127.0.0.1:41733/sc2api, attempt: 2, running: True
ConnectHandler: Request from 127.0.0.1:34944 accepted
ReadyHandler: 127.0.0.1:34944 ready
Requesting to join a single player game
Configuring interface options
Configure: raw interface enabled
Configure: feature layer interface disabled
Configure: score interface disabled
Configure: render interface disabled
Launching next game.
Next launch phase started: 2
Next launch phase started: 3
Next launch phase started: 4
Next launch phase started: 5
Next launch phase started: 6
Next launch phase started: 7
Next launch phase started: 8
Game has started.
Using default stable ids, none found at: /labmount/users/202535331/MARL/pymarl-monotone-qmix/3rdparty/StarCraftII/stableid.json
Successfully loaded stable ids: GameData\stableid.json
Sending ResponseJoinGame
[INFO 12:24:50] my_main t_env: 1347256 / 2050000
[INFO 12:24:50] my_main Estimated time left: 3 hours, 29 minutes, 53 seconds. Time passed: 7 hours, 12 minutes, 12 seconds
[INFO 12:25:13] my_main Recent Stats | t_env:    1347256 | Episode:    19646
battle_won_mean:           0.0755	dead_allies_mean:          2.7321	dead_enemies_mean:         1.5343	ep_length_mean:          111.5319
epsilon:                   0.0500	grad_norm:                 5.4131	loss:                      5.1355	loss_central:              0.0185
loss_latent:               3.3520	loss_td:                   1.7650	q_taken_mean:              2.7760	return_mean:              11.8473
return_std:                4.3742	target_mean:               2.8006	td_error_abs:              0.1116	test_battle_won_mean:      0.3625
test_dead_allies_mean:     2.2500	test_dead_enemies_mean:    3.4188	test_ep_length_mean:     129.0687	test_return_mean:         17.2806
test_return_std:           3.7089	
[INFO 12:27:37] my_main t_env: 1357298 / 2050000
[INFO 12:27:37] my_main Estimated time left: 3 hours, 11 minutes, 11 seconds. Time passed: 7 hours, 14 minutes, 59 seconds
[INFO 12:28:06] my_main Recent Stats | t_env:    1357298 | Episode:    19734
battle_won_mean:           0.0690	dead_allies_mean:          2.7334	dead_enemies_mean:         1.4437	ep_length_mean:          111.7391
epsilon:                   0.0500	grad_norm:                 5.5520	loss:                      5.1471	loss_central:              0.0181
loss_latent:               3.3505	loss_td:                   1.7784	q_taken_mean:              2.7959	return_mean:              11.6797
return_std:                4.2240	target_mean:               2.8088	td_error_abs:              0.1077	test_battle_won_mean:      0.3438
test_dead_allies_mean:     2.2500	test_dead_enemies_mean:    3.4250	test_ep_length_mean:     132.1188	test_return_mean:         17.1838
test_return_std:           3.7198	
[INFO 12:30:31] my_main t_env: 1367362 / 2050000
[INFO 12:30:31] my_main Estimated time left: 3 hours, 17 minutes, 12 seconds. Time passed: 7 hours, 17 minutes, 53 seconds
[INFO 12:31:00] my_main Recent Stats | t_env:    1367362 | Episode:    19823
battle_won_mean:           0.0664	dead_allies_mean:          2.7392	dead_enemies_mean:         1.3775	ep_length_mean:          111.1226
epsilon:                   0.0500	grad_norm:                 6.2001	loss:                      5.0812	loss_central:              0.0190
loss_latent:               3.2262	loss_td:                   1.8360	q_taken_mean:              2.8150	return_mean:              11.5746
return_std:                4.2187	target_mean:               2.8209	td_error_abs:              0.1065	test_battle_won_mean:      0.3063
test_dead_allies_mean:     2.3250	test_dead_enemies_mean:    3.3375	test_ep_length_mean:     136.2750	test_return_mean:         17.0246
test_return_std:           3.7236	
[INFO 12:33:09] my_main t_env: 1377471 / 2050000
[INFO 12:33:09] my_main Estimated time left: 2 hours, 55 minutes, 21 seconds. Time passed: 7 hours, 20 minutes, 31 seconds
[INFO 12:33:35] my_main Recent Stats | t_env:    1377471 | Episode:    19897
battle_won_mean:           0.0655	dead_allies_mean:          2.6899	dead_enemies_mean:         1.4003	ep_length_mean:          116.4091
epsilon:                   0.0500	grad_norm:                 6.0763	loss:                      5.1198	loss_central:              0.0184
loss_latent:               3.1918	loss_td:                   1.9096	q_taken_mean:              2.8186	return_mean:              11.7133
return_std:                4.2030	target_mean:               2.8077	td_error_abs:              0.1070	test_battle_won_mean:      0.3438
test_dead_allies_mean:     2.2563	test_dead_enemies_mean:    3.4188	test_ep_length_mean:     135.2063	test_return_mean:         17.1053
test_return_std:           3.8076	
[INFO 12:36:03] my_main t_env: 1387485 / 2050000
[INFO 12:36:03] my_main Estimated time left: 3 hours, 11 minutes, 41 seconds. Time passed: 7 hours, 23 minutes, 25 seconds
RequestQuit command received.
Closing Application...
DataHandler: unable to parse websocket frame.
CloseHandler: 127.0.0.1:34944 disconnected
[INFO 12:36:26] absl Shutdown gracefully.
[INFO 12:36:26] absl Shutdown with return code: -15
[INFO 12:36:26] absl Launching SC2: /labmount/users/202535331/MARL/pymarl-monotone-qmix/3rdparty/StarCraftII/Versions/Base75689/SC2_x64 -listen 127.0.0.1 -port 34203 -dataDir /labmount/users/202535331/MARL/pymarl-monotone-qmix/3rdparty/StarCraftII/ -tempDir /tmp/sc-9agx6uit/
[INFO 12:36:26] absl Connecting to: ws://127.0.0.1:34203/sc2api, attempt: 0, running: True
Version: B75689 (SC2.4.10)
Build: Aug 12 2019 17:16:57
Command Line: '"/labmount/users/202535331/MARL/pymarl-monotone-qmix/3rdparty/StarCraftII/Versions/Base75689/SC2_x64" -listen 127.0.0.1 -port 34203 -dataDir /labmount/users/202535331/MARL/pymarl-monotone-qmix/3rdparty/StarCraftII/ -tempDir /tmp/sc-9agx6uit/'
Starting up...
Startup Phase 1 complete
[INFO 12:36:27] absl Connecting to: ws://127.0.0.1:34203/sc2api, attempt: 1, running: True
Startup Phase 2 complete
Creating stub renderer...
Listening on: 127.0.0.1:34203
Startup Phase 3 complete. Ready for commands.
[INFO 12:36:28] absl Connecting to: ws://127.0.0.1:34203/sc2api, attempt: 2, running: True
ConnectHandler: Request from 127.0.0.1:43684 accepted
ReadyHandler: 127.0.0.1:43684 ready
Requesting to join a single player game
Configuring interface options
Configure: raw interface enabled
Configure: feature layer interface disabled
Configure: score interface disabled
Configure: render interface disabled
Launching next game.
Next launch phase started: 2
Next launch phase started: 3
Next launch phase started: 4
Next launch phase started: 5
Next launch phase started: 6
Next launch phase started: 7
Next launch phase started: 8
Game has started.
Using default stable ids, none found at: /labmount/users/202535331/MARL/pymarl-monotone-qmix/3rdparty/StarCraftII/stableid.json
Successfully loaded stable ids: GameData\stableid.json
Sending ResponseJoinGame
[INFO 12:36:37] my_main Recent Stats | t_env:    1387485 | Episode:    19986
battle_won_mean:           0.0612	dead_allies_mean:          2.6871	dead_enemies_mean:         1.4083	ep_length_mean:          116.6613
epsilon:                   0.0500	grad_norm:                 6.7163	loss:                      5.3189	loss_central:              0.0177
loss_latent:               3.3099	loss_td:                   1.9913	q_taken_mean:              2.8099	return_mean:              11.6458
return_std:                4.1448	target_mean:               2.8116	td_error_abs:              0.1080	test_battle_won_mean:      0.3500
test_dead_allies_mean:     2.1812	test_dead_enemies_mean:    3.3813	test_ep_length_mean:     137.9187	test_return_mean:         17.1137
test_return_std:           3.7861	
[INFO 12:39:00] my_main t_env: 1397696 / 2050000
[INFO 12:39:00] my_main Estimated time left: 3 hours, 8 minutes, 45 seconds. Time passed: 7 hours, 26 minutes, 22 seconds
[INFO 12:39:29] my_main Recent Stats | t_env:    1397696 | Episode:    20072
battle_won_mean:           0.0597	dead_allies_mean:          2.6823	dead_enemies_mean:         1.4187	ep_length_mean:          119.0100
epsilon:                   0.0500	grad_norm:                 6.7219	loss:                      5.3496	loss_central:              0.0173
loss_latent:               3.3335	loss_td:                   1.9988	q_taken_mean:              2.8419	return_mean:              11.7984
return_std:                4.1275	target_mean:               2.8221	td_error_abs:              0.1096	test_battle_won_mean:      0.3625
test_dead_allies_mean:     2.1313	test_dead_enemies_mean:    3.3750	test_ep_length_mean:     143.3438	test_return_mean:         17.2364
test_return_std:           3.6702	
[INFO 12:41:50] my_main t_env: 1407842 / 2050000
[INFO 12:41:50] my_main Estimated time left: 2 hours, 58 minutes, 52 seconds. Time passed: 7 hours, 29 minutes, 12 seconds
[INFO 12:42:19] my_main Recent Stats | t_env:    1407842 | Episode:    20158
battle_won_mean:           0.0668	dead_allies_mean:          2.6697	dead_enemies_mean:         1.4936	ep_length_mean:          119.7826
epsilon:                   0.0500	grad_norm:                 6.9089	loss:                      5.3647	loss_central:              0.0177
loss_latent:               3.3279	loss_td:                   2.0192	q_taken_mean:              2.8571	return_mean:              11.9254
return_std:                4.3956	target_mean:               2.8409	td_error_abs:              0.1118	test_battle_won_mean:      0.3625
test_dead_allies_mean:     2.1625	test_dead_enemies_mean:    3.3500	test_ep_length_mean:     141.9688	test_return_mean:         17.3185
test_return_std:           3.6172	
[INFO 12:44:40] my_main t_env: 1417842 / 2050000
[INFO 12:44:40] my_main Estimated time left: 2 hours, 58 minutes, 53 seconds. Time passed: 7 hours, 32 minutes, 2 seconds
[INFO 12:45:11] my_main Recent Stats | t_env:    1417842 | Episode:    20245
battle_won_mean:           0.0671	dead_allies_mean:          2.6708	dead_enemies_mean:         1.5230	ep_length_mean:          120.1554
epsilon:                   0.0500	grad_norm:                 6.6602	loss:                      5.7000	loss_central:              0.0187
loss_latent:               3.5588	loss_td:                   2.1224	q_taken_mean:              2.9420	return_mean:              11.9569
return_std:                4.4548	target_mean:               2.9247	td_error_abs:              0.1166	test_battle_won_mean:      0.3750
test_dead_allies_mean:     2.1562	test_dead_enemies_mean:    3.3750	test_ep_length_mean:     143.1500	test_return_mean:         17.5161
test_return_std:           3.5680	
[INFO 12:47:31] my_main t_env: 1427859 / 2050000
[INFO 12:47:31] my_main Estimated time left: 2 hours, 57 minutes, 8 seconds. Time passed: 7 hours, 34 minutes, 53 seconds
[INFO 12:48:01] my_main Recent Stats | t_env:    1427859 | Episode:    20330
battle_won_mean:           0.0694	dead_allies_mean:          2.7110	dead_enemies_mean:         1.5332	ep_length_mean:          116.4031
epsilon:                   0.0500	grad_norm:                 6.5873	loss:                      5.5832	loss_central:              0.0200
loss_latent:               3.4886	loss_td:                   2.0746	q_taken_mean:              2.9402	return_mean:              11.9739
return_std:                4.5701	target_mean:               2.9285	td_error_abs:              0.1148	test_battle_won_mean:      0.3750
test_dead_allies_mean:     2.1250	test_dead_enemies_mean:    3.4125	test_ep_length_mean:     147.3938	test_return_mean:         17.7838
test_return_std:           3.5042	
RequestQuit command received.
DataHandler: unable to parse websocket frame.
Closing Application...
CloseHandler: 127.0.0.1:43684 disconnected
ResponseThread: No connection, dropping the response.
[INFO 12:49:17] absl Shutdown gracefully.
[INFO 12:49:17] absl Shutdown with return code: -15
[INFO 12:49:17] absl Launching SC2: /labmount/users/202535331/MARL/pymarl-monotone-qmix/3rdparty/StarCraftII/Versions/Base75689/SC2_x64 -listen 127.0.0.1 -port 40599 -dataDir /labmount/users/202535331/MARL/pymarl-monotone-qmix/3rdparty/StarCraftII/ -tempDir /tmp/sc-cy5f4kvq/
[INFO 12:49:17] absl Connecting to: ws://127.0.0.1:40599/sc2api, attempt: 0, running: True
Version: B75689 (SC2.4.10)
Build: Aug 12 2019 17:16:57
Command Line: '"/labmount/users/202535331/MARL/pymarl-monotone-qmix/3rdparty/StarCraftII/Versions/Base75689/SC2_x64" -listen 127.0.0.1 -port 40599 -dataDir /labmount/users/202535331/MARL/pymarl-monotone-qmix/3rdparty/StarCraftII/ -tempDir /tmp/sc-cy5f4kvq/'
Starting up...
Startup Phase 1 complete
[INFO 12:49:18] absl Connecting to: ws://127.0.0.1:40599/sc2api, attempt: 1, running: True
Startup Phase 2 complete
Creating stub renderer...
Listening on: 127.0.0.1:40599
Startup Phase 3 complete. Ready for commands.
[INFO 12:49:19] absl Connecting to: ws://127.0.0.1:40599/sc2api, attempt: 2, running: True
ConnectHandler: Request from 127.0.0.1:53794 accepted
ReadyHandler: 127.0.0.1:53794 ready
Requesting to join a single player game
Configuring interface options
Configure: raw interface enabled
Configure: feature layer interface disabled
Configure: score interface disabled
Configure: render interface disabled
Launching next game.
Next launch phase started: 2
Next launch phase started: 3
Next launch phase started: 4
Next launch phase started: 5
Next launch phase started: 6
Next launch phase started: 7
Next launch phase started: 8
Game has started.
Using default stable ids, none found at: /labmount/users/202535331/MARL/pymarl-monotone-qmix/3rdparty/StarCraftII/stableid.json
Successfully loaded stable ids: GameData\stableid.json
Sending ResponseJoinGame
[INFO 12:50:25] my_main t_env: 1437888 / 2050000
[INFO 12:50:25] my_main Estimated time left: 2 hours, 57 minutes, 2 seconds. Time passed: 7 hours, 37 minutes, 47 seconds
[INFO 12:50:52] my_main Recent Stats | t_env:    1437888 | Episode:    20413
battle_won_mean:           0.0800	dead_allies_mean:          2.6732	dead_enemies_mean:         1.5783	ep_length_mean:          118.0660
epsilon:                   0.0500	grad_norm:                 6.1147	loss:                      5.3248	loss_central:              0.0205
loss_latent:               3.2377	loss_td:                   2.0666	q_taken_mean:              2.9464	return_mean:              12.1237
return_std:                4.6350	target_mean:               2.9296	td_error_abs:              0.1124	test_battle_won_mean:      0.3875
test_dead_allies_mean:     2.1812	test_dead_enemies_mean:    3.5187	test_ep_length_mean:     146.0563	test_return_mean:         18.0522
test_return_std:           3.2709	
[INFO 12:53:15] my_main t_env: 1448056 / 2050000
[INFO 12:53:15] my_main Estimated time left: 2 hours, 48 minutes, 17 seconds. Time passed: 7 hours, 40 minutes, 38 seconds
[INFO 12:53:45] my_main Recent Stats | t_env:    1448056 | Episode:    20502
battle_won_mean:           0.0910	dead_allies_mean:          2.6819	dead_enemies_mean:         1.6253	ep_length_mean:          117.1690
epsilon:                   0.0500	grad_norm:                 6.7421	loss:                      5.6711	loss_central:              0.0224
loss_latent:               3.3776	loss_td:                   2.2711	q_taken_mean:              3.0037	return_mean:              12.2134
return_std:                4.7408	target_mean:               2.9915	td_error_abs:              0.1134	test_battle_won_mean:      0.4000
test_dead_allies_mean:     2.1688	test_dead_enemies_mean:    3.5250	test_ep_length_mean:     144.3125	test_return_mean:         18.2101
test_return_std:           3.4518	
[INFO 12:56:06] my_main t_env: 1458299 / 2050000
[INFO 12:56:06] my_main Estimated time left: 2 hours, 44 minutes, 28 seconds. Time passed: 7 hours, 43 minutes, 28 seconds
[INFO 12:56:36] my_main Recent Stats | t_env:    1458299 | Episode:    20587
battle_won_mean:           0.0912	dead_allies_mean:          2.6836	dead_enemies_mean:         1.6382	ep_length_mean:          117.6748
epsilon:                   0.0500	grad_norm:                 7.4698	loss:                      5.7276	loss_central:              0.0224
loss_latent:               3.3366	loss_td:                   2.3686	q_taken_mean:              3.0542	return_mean:              12.2541
return_std:                4.7061	target_mean:               3.0490	td_error_abs:              0.1146	test_battle_won_mean:      0.4250
test_dead_allies_mean:     2.1437	test_dead_enemies_mean:    3.5938	test_ep_length_mean:     143.0687	test_return_mean:         18.3236
test_return_std:           3.5462	
[INFO 12:58:50] my_main t_env: 1468314 / 2050000
[INFO 12:58:50] my_main Estimated time left: 2 hours, 38 minutes, 18 seconds. Time passed: 7 hours, 46 minutes, 12 seconds
[INFO 12:59:24] my_main Recent Stats | t_env:    1468314 | Episode:    20668
battle_won_mean:           0.0947	dead_allies_mean:          2.6675	dead_enemies_mean:         1.6561	ep_length_mean:          119.4147
epsilon:                   0.0500	grad_norm:                 8.7092	loss:                      5.5530	loss_central:              0.0223
loss_latent:               3.2117	loss_td:                   2.3189	q_taken_mean:              2.9790	return_mean:              12.3995
return_std:                4.6812	target_mean:               2.9632	td_error_abs:              0.1169	test_battle_won_mean:      0.4562
test_dead_allies_mean:     2.0625	test_dead_enemies_mean:    3.7125	test_ep_length_mean:     145.6188	test_return_mean:         18.5753
test_return_std:           3.4796	
[INFO 13:01:41] my_main t_env: 1478326 / 2050000
[INFO 13:01:41] my_main Estimated time left: 2 hours, 42 minutes, 45 seconds. Time passed: 7 hours, 49 minutes, 3 seconds
RequestQuit command received.
Closing Application...
DataHandler: unable to parse websocket frame.
CloseHandler: 127.0.0.1:53794 disconnected
[INFO 13:01:52] absl Shutdown gracefully.
[INFO 13:01:52] absl Shutdown with return code: -15
[INFO 13:01:52] absl Launching SC2: /labmount/users/202535331/MARL/pymarl-monotone-qmix/3rdparty/StarCraftII/Versions/Base75689/SC2_x64 -listen 127.0.0.1 -port 38947 -dataDir /labmount/users/202535331/MARL/pymarl-monotone-qmix/3rdparty/StarCraftII/ -tempDir /tmp/sc-fxd2ckm2/
[INFO 13:01:52] absl Connecting to: ws://127.0.0.1:38947/sc2api, attempt: 0, running: True
Version: B75689 (SC2.4.10)
Build: Aug 12 2019 17:16:57
Command Line: '"/labmount/users/202535331/MARL/pymarl-monotone-qmix/3rdparty/StarCraftII/Versions/Base75689/SC2_x64" -listen 127.0.0.1 -port 38947 -dataDir /labmount/users/202535331/MARL/pymarl-monotone-qmix/3rdparty/StarCraftII/ -tempDir /tmp/sc-fxd2ckm2/'
Starting up...
Startup Phase 1 complete
[INFO 13:01:53] absl Connecting to: ws://127.0.0.1:38947/sc2api, attempt: 1, running: True
Startup Phase 2 complete
Creating stub renderer...
Listening on: 127.0.0.1:38947
Startup Phase 3 complete. Ready for commands.
[INFO 13:01:54] absl Connecting to: ws://127.0.0.1:38947/sc2api, attempt: 2, running: True
ConnectHandler: Request from 127.0.0.1:34728 accepted
ReadyHandler: 127.0.0.1:34728 ready
Requesting to join a single player game
Configuring interface options
Configure: raw interface enabled
Configure: feature layer interface disabled
Configure: score interface disabled
Configure: render interface disabled
Launching next game.
Next launch phase started: 2
Next launch phase started: 3
Next launch phase started: 4
Next launch phase started: 5
Next launch phase started: 6
Next launch phase started: 7
Next launch phase started: 8
Game has started.
Using default stable ids, none found at: /labmount/users/202535331/MARL/pymarl-monotone-qmix/3rdparty/StarCraftII/stableid.json
Successfully loaded stable ids: GameData\stableid.json
Sending ResponseJoinGame
[INFO 13:02:20] my_main Recent Stats | t_env:    1478326 | Episode:    20751
battle_won_mean:           0.1048	dead_allies_mean:          2.6417	dead_enemies_mean:         1.7122	ep_length_mean:          119.9706
epsilon:                   0.0500	grad_norm:                 9.3139	loss:                      5.9580	loss_central:              0.0223
loss_latent:               3.4924	loss_td:                   2.4433	q_taken_mean:              2.9880	return_mean:              12.4881
return_std:                4.6594	target_mean:               2.9823	td_error_abs:              0.1181	test_battle_won_mean:      0.4625
test_dead_allies_mean:     2.0125	test_dead_enemies_mean:    3.7000	test_ep_length_mean:     146.2937	test_return_mean:         18.6513
test_return_std:           3.4744	
[INFO 13:04:39] my_main t_env: 1488506 / 2050000
[INFO 13:04:39] my_main Estimated time left: 2 hours, 43 minutes, 47 seconds. Time passed: 7 hours, 52 minutes, 1 seconds
[INFO 13:05:08] my_main Recent Stats | t_env:    1488506 | Episode:    20837
battle_won_mean:           0.0923	dead_allies_mean:          2.6822	dead_enemies_mean:         1.6622	ep_length_mean:          119.4787
epsilon:                   0.0500	grad_norm:                10.0702	loss:                      6.2813	loss_central:              0.0223
loss_latent:               3.7156	loss_td:                   2.5435	q_taken_mean:              3.0532	return_mean:              12.3549
return_std:                4.5625	target_mean:               3.0321	td_error_abs:              0.1244	test_battle_won_mean:      0.4000
test_dead_allies_mean:     2.0875	test_dead_enemies_mean:    3.5063	test_ep_length_mean:     147.1500	test_return_mean:         18.1074
test_return_std:           3.5883	
[INFO 13:07:25] my_main t_env: 1498611 / 2050000
[INFO 13:07:25] my_main Estimated time left: 2 hours, 30 minutes, 43 seconds. Time passed: 7 hours, 54 minutes, 47 seconds
[INFO 13:07:57] my_main Recent Stats | t_env:    1498611 | Episode:    20917
battle_won_mean:           0.0994	dead_allies_mean:          2.6593	dead_enemies_mean:         1.7081	ep_length_mean:          121.8918
epsilon:                   0.0500	grad_norm:                10.3725	loss:                      6.3369	loss_central:              0.0211
loss_latent:               3.7596	loss_td:                   2.5562	q_taken_mean:              3.0883	return_mean:              12.4907
return_std:                4.7091	target_mean:               3.0656	td_error_abs:              0.1241	test_battle_won_mean:      0.4250
test_dead_allies_mean:     2.0063	test_dead_enemies_mean:    3.6812	test_ep_length_mean:     149.9875	test_return_mean:         18.2690
test_return_std:           3.4012	
[INFO 13:10:21] my_main t_env: 1508659 / 2050000
[INFO 13:10:21] my_main Estimated time left: 2 hours, 38 minutes, 34 seconds. Time passed: 7 hours, 57 minutes, 43 seconds
[INFO 13:10:53] my_main Recent Stats | t_env:    1508659 | Episode:    21007
battle_won_mean:           0.1119	dead_allies_mean:          2.6401	dead_enemies_mean:         1.7597	ep_length_mean:          120.1195
epsilon:                   0.0500	grad_norm:                10.7112	loss:                      6.3352	loss_central:              0.0265
loss_latent:               3.8347	loss_td:                   2.4740	q_taken_mean:              3.0487	return_mean:              12.5097
return_std:                4.7635	target_mean:               3.0090	td_error_abs:              0.1242	test_battle_won_mean:      0.4375
test_dead_allies_mean:     1.9062	test_dead_enemies_mean:    3.7000	test_ep_length_mean:     152.2063	test_return_mean:         18.3594
test_return_std:           3.3570	
[INFO 13:13:05] my_main t_env: 1518781 / 2050000
[INFO 13:13:05] my_main Estimated time left: 2 hours, 23 minutes, 27 seconds. Time passed: 8 hours, 27 seconds
[INFO 13:13:37] my_main Recent Stats | t_env:    1518781 | Episode:    21084
battle_won_mean:           0.1154	dead_allies_mean:          2.6211	dead_enemies_mean:         1.8026	ep_length_mean:          121.6820
epsilon:                   0.0500	grad_norm:                 9.7585	loss:                      6.2610	loss_central:              0.0240
loss_latent:               3.8178	loss_td:                   2.4192	q_taken_mean:              2.9924	return_mean:              12.5138
return_std:                4.7765	target_mean:               2.9668	td_error_abs:              0.1182	test_battle_won_mean:      0.4688
test_dead_allies_mean:     1.8438	test_dead_enemies_mean:    3.7375	test_ep_length_mean:     148.6625	test_return_mean:         18.3778
test_return_std:           3.4922	
RequestQuit command received.
DataHandler: unable to parse websocket frame.
Closing Application...
CloseHandler: 127.0.0.1:34728 disconnected
ResponseThread: No connection, dropping the response.
[INFO 13:14:13] absl Shutdown gracefully.
[INFO 13:14:13] absl Shutdown with return code: -15
[INFO 13:14:13] absl Launching SC2: /labmount/users/202535331/MARL/pymarl-monotone-qmix/3rdparty/StarCraftII/Versions/Base75689/SC2_x64 -listen 127.0.0.1 -port 38451 -dataDir /labmount/users/202535331/MARL/pymarl-monotone-qmix/3rdparty/StarCraftII/ -tempDir /tmp/sc-dlti9in7/
[INFO 13:14:13] absl Connecting to: ws://127.0.0.1:38451/sc2api, attempt: 0, running: True
Version: B75689 (SC2.4.10)
Build: Aug 12 2019 17:16:57
Command Line: '"/labmount/users/202535331/MARL/pymarl-monotone-qmix/3rdparty/StarCraftII/Versions/Base75689/SC2_x64" -listen 127.0.0.1 -port 38451 -dataDir /labmount/users/202535331/MARL/pymarl-monotone-qmix/3rdparty/StarCraftII/ -tempDir /tmp/sc-dlti9in7/'
Starting up...
Startup Phase 1 complete
[INFO 13:14:14] absl Connecting to: ws://127.0.0.1:38451/sc2api, attempt: 1, running: True
Startup Phase 2 complete
Creating stub renderer...
Listening on: 127.0.0.1:38451
Startup Phase 3 complete. Ready for commands.
[INFO 13:14:16] absl Connecting to: ws://127.0.0.1:38451/sc2api, attempt: 2, running: True
ConnectHandler: Request from 127.0.0.1:60104 accepted
ReadyHandler: 127.0.0.1:60104 ready
Requesting to join a single player game
Configuring interface options
Configure: raw interface enabled
Configure: feature layer interface disabled
Configure: score interface disabled
Configure: render interface disabled
Launching next game.
Next launch phase started: 2
Next launch phase started: 3
Next launch phase started: 4
Next launch phase started: 5
Next launch phase started: 6
Next launch phase started: 7
Next launch phase started: 8
Game has started.
Using default stable ids, none found at: /labmount/users/202535331/MARL/pymarl-monotone-qmix/3rdparty/StarCraftII/stableid.json
Successfully loaded stable ids: GameData\stableid.json
Sending ResponseJoinGame
[INFO 13:15:58] my_main t_env: 1528876 / 2050000
[INFO 13:15:58] my_main Estimated time left: 2 hours, 28 minutes, 5 seconds. Time passed: 8 hours, 3 minutes, 20 seconds
[INFO 13:16:30] my_main Recent Stats | t_env:    1528876 | Episode:    21160
battle_won_mean:           0.1051	dead_allies_mean:          2.6148	dead_enemies_mean:         1.7515	ep_length_mean:          124.1225
epsilon:                   0.0500	grad_norm:                 9.2333	loss:                      6.0952	loss_central:              0.0239
loss_latent:               3.5852	loss_td:                   2.4860	q_taken_mean:              3.0873	return_mean:              12.3357
return_std:                4.7383	target_mean:               3.0549	td_error_abs:              0.1194	test_battle_won_mean:      0.4375
test_dead_allies_mean:     1.9375	test_dead_enemies_mean:    3.6750	test_ep_length_mean:     150.7750	test_return_mean:         18.0077
test_return_std:           3.6641	
[INFO 13:18:52] my_main t_env: 1538998 / 2050000
[INFO 13:18:52] my_main Estimated time left: 2 hours, 27 minutes, 6 seconds. Time passed: 8 hours, 6 minutes, 14 seconds
[INFO 13:19:25] my_main Recent Stats | t_env:    1538998 | Episode:    21245
battle_won_mean:           0.1100	dead_allies_mean:          2.6048	dead_enemies_mean:         1.7505	ep_length_mean:          124.2646
epsilon:                   0.0500	grad_norm:                 8.3998	loss:                      5.9787	loss_central:              0.0248
loss_latent:               3.4815	loss_td:                   2.4724	q_taken_mean:              3.0201	return_mean:              12.2982
return_std:                4.7559	target_mean:               3.0061	td_error_abs:              0.1163	test_battle_won_mean:      0.4688
test_dead_allies_mean:     1.8875	test_dead_enemies_mean:    3.8125	test_ep_length_mean:     155.1875	test_return_mean:         18.3814
test_return_std:           3.7308	
[INFO 13:21:51] my_main t_env: 1549026 / 2050000
[INFO 13:21:51] my_main Estimated time left: 2 hours, 29 minutes, 9 seconds. Time passed: 8 hours, 9 minutes, 14 seconds
[INFO 13:22:19] my_main Recent Stats | t_env:    1549026 | Episode:    21336
battle_won_mean:           0.1004	dead_allies_mean:          2.6176	dead_enemies_mean:         1.6669	ep_length_mean:          121.0416
epsilon:                   0.0500	grad_norm:                 7.4021	loss:                      5.7703	loss_central:              0.0238
loss_latent:               3.3561	loss_td:                   2.3904	q_taken_mean:              2.9195	return_mean:              12.0013
return_std:                4.5899	target_mean:               2.9180	td_error_abs:              0.1150	test_battle_won_mean:      0.4562
test_dead_allies_mean:     1.9187	test_dead_enemies_mean:    3.7437	test_ep_length_mean:     152.2875	test_return_mean:         18.2000
test_return_std:           3.7772	
[INFO 13:24:49] my_main t_env: 1559079 / 2050000
[INFO 13:24:49] my_main Estimated time left: 2 hours, 24 minutes, 31 seconds. Time passed: 8 hours, 12 minutes, 11 seconds
[INFO 13:25:20] my_main Recent Stats | t_env:    1559079 | Episode:    21431
battle_won_mean:           0.0842	dead_allies_mean:          2.6384	dead_enemies_mean:         1.5762	ep_length_mean:          119.8769
epsilon:                   0.0500	grad_norm:                 6.3980	loss:                      5.8729	loss_central:              0.0185
loss_latent:               3.3592	loss_td:                   2.4952	q_taken_mean:              2.8870	return_mean:              11.8044
return_std:                4.4397	target_mean:               2.8920	td_error_abs:              0.1146	test_battle_won_mean:      0.4500
test_dead_allies_mean:     2.0063	test_dead_enemies_mean:    3.7125	test_ep_length_mean:     152.8063	test_return_mean:         18.1147
test_return_std:           3.8879	
RequestQuit command received.
DataHandler: unable to parse websocket frame.
Closing Application...
CloseHandler: 127.0.0.1:60104 disconnected
ResponseThread: No connection, dropping the response.
[INFO 13:27:10] absl Shutdown gracefully.
[INFO 13:27:10] absl Shutdown with return code: -15
[INFO 13:27:10] absl Launching SC2: /labmount/users/202535331/MARL/pymarl-monotone-qmix/3rdparty/StarCraftII/Versions/Base75689/SC2_x64 -listen 127.0.0.1 -port 40145 -dataDir /labmount/users/202535331/MARL/pymarl-monotone-qmix/3rdparty/StarCraftII/ -tempDir /tmp/sc-1_d_vpwj/
[INFO 13:27:11] absl Connecting to: ws://127.0.0.1:40145/sc2api, attempt: 0, running: True
Version: B75689 (SC2.4.10)
Build: Aug 12 2019 17:16:57
Command Line: '"/labmount/users/202535331/MARL/pymarl-monotone-qmix/3rdparty/StarCraftII/Versions/Base75689/SC2_x64" -listen 127.0.0.1 -port 40145 -dataDir /labmount/users/202535331/MARL/pymarl-monotone-qmix/3rdparty/StarCraftII/ -tempDir /tmp/sc-1_d_vpwj/'
Starting up...
Startup Phase 1 complete
[INFO 13:27:12] absl Connecting to: ws://127.0.0.1:40145/sc2api, attempt: 1, running: True
Startup Phase 2 complete
Creating stub renderer...
Listening on: 127.0.0.1:40145
Startup Phase 3 complete. Ready for commands.
[INFO 13:27:13] absl Connecting to: ws://127.0.0.1:40145/sc2api, attempt: 2, running: True
ConnectHandler: Request from 127.0.0.1:43948 accepted
ReadyHandler: 127.0.0.1:43948 ready
Requesting to join a single player game
Configuring interface options
Configure: raw interface enabled
Configure: feature layer interface disabled
Configure: score interface disabled
Configure: render interface disabled
Launching next game.
Next launch phase started: 2
Next launch phase started: 3
Next launch phase started: 4
Next launch phase started: 5
Next launch phase started: 6
Next launch phase started: 7
Next launch phase started: 8
Game has started.
Using default stable ids, none found at: /labmount/users/202535331/MARL/pymarl-monotone-qmix/3rdparty/StarCraftII/stableid.json
Successfully loaded stable ids: GameData\stableid.json
Sending ResponseJoinGame
[INFO 13:27:42] my_main t_env: 1569179 / 2050000
[INFO 13:27:42] my_main Estimated time left: 2 hours, 17 minutes, 28 seconds. Time passed: 8 hours, 15 minutes, 4 seconds
[INFO 13:28:15] my_main Recent Stats | t_env:    1569179 | Episode:    21510
battle_won_mean:           0.0786	dead_allies_mean:          2.6456	dead_enemies_mean:         1.5188	ep_length_mean:          119.1557
epsilon:                   0.0500	grad_norm:                 5.8545	loss:                      6.0123	loss_central:              0.0195
loss_latent:               3.4073	loss_td:                   2.5855	q_taken_mean:              2.9666	return_mean:              11.6818
return_std:                4.4859	target_mean:               2.9779	td_error_abs:              0.1179	test_battle_won_mean:      0.4562
test_dead_allies_mean:     1.9500	test_dead_enemies_mean:    3.7812	test_ep_length_mean:     155.0000	test_return_mean:         18.2020
test_return_std:           3.7717	
[INFO 13:30:21] my_main t_env: 1579392 / 2050000
[INFO 13:30:21] my_main Estimated time left: 2 hours, 1 minutes, 40 seconds. Time passed: 8 hours, 17 minutes, 43 seconds
[INFO 13:30:51] my_main Recent Stats | t_env:    1579392 | Episode:    21579
battle_won_mean:           0.0837	dead_allies_mean:          2.6410	dead_enemies_mean:         1.5935	ep_length_mean:          122.1928
epsilon:                   0.0500	grad_norm:                 6.6421	loss:                      6.1920	loss_central:              0.0196
loss_latent:               3.6324	loss_td:                   2.5400	q_taken_mean:              2.8787	return_mean:              11.8003
return_std:                4.5883	target_mean:               2.8829	td_error_abs:              0.1178	test_battle_won_mean:      0.5000
test_dead_allies_mean:     1.8313	test_dead_enemies_mean:    3.9188	test_ep_length_mean:     150.5375	test_return_mean:         18.4819
test_return_std:           3.4558	
[INFO 13:33:05] my_main t_env: 1589393 / 2050000
[INFO 13:33:05] my_main Estimated time left: 2 hours, 6 minutes, 19 seconds. Time passed: 8 hours, 20 minutes, 27 seconds
[INFO 13:33:37] my_main Recent Stats | t_env:    1589393 | Episode:    21658
battle_won_mean:           0.0874	dead_allies_mean:          2.6285	dead_enemies_mean:         1.6430	ep_length_mean:          123.6953
epsilon:                   0.0500	grad_norm:                 6.7473	loss:                      6.4656	loss_central:              0.0193
loss_latent:               3.7902	loss_td:                   2.6561	q_taken_mean:              2.9676	return_mean:              11.8865
return_std:                4.6730	target_mean:               2.9718	td_error_abs:              0.1180	test_battle_won_mean:      0.5312
test_dead_allies_mean:     1.7812	test_dead_enemies_mean:    3.9125	test_ep_length_mean:     148.7188	test_return_mean:         18.6956
test_return_std:           3.4188	
[INFO 13:35:57] my_main t_env: 1599477 / 2050000
[INFO 13:35:57] my_main Estimated time left: 2 hours, 7 minutes, 41 seconds. Time passed: 8 hours, 23 minutes, 19 seconds
[INFO 13:36:33] my_main Recent Stats | t_env:    1599477 | Episode:    21742
battle_won_mean:           0.0887	dead_allies_mean:          2.6214	dead_enemies_mean:         1.6902	ep_length_mean:          125.6652
epsilon:                   0.0500	grad_norm:                 8.1730	loss:                      6.5481	loss_central:              0.0226
loss_latent:               3.8839	loss_td:                   2.6416	q_taken_mean:              3.0117	return_mean:              12.0394
return_std:                4.7394	target_mean:               3.0085	td_error_abs:              0.1167	test_battle_won_mean:      0.5312
test_dead_allies_mean:     1.7563	test_dead_enemies_mean:    3.9688	test_ep_length_mean:     155.9688	test_return_mean:         18.9619
test_return_std:           3.3808	
[INFO 13:38:47] my_main t_env: 1609525 / 2050000
[INFO 13:38:47] my_main Estimated time left: 2 hours, 4 minutes, 19 seconds. Time passed: 8 hours, 26 minutes, 9 seconds
RequestQuit command received.
Closing Application...
DataHandler: unable to parse websocket frame.
CloseHandler: 127.0.0.1:43948 disconnected
[INFO 13:39:08] absl Shutdown gracefully.
[INFO 13:39:08] absl Shutdown with return code: -15
[INFO 13:39:08] absl Launching SC2: /labmount/users/202535331/MARL/pymarl-monotone-qmix/3rdparty/StarCraftII/Versions/Base75689/SC2_x64 -listen 127.0.0.1 -port 34481 -dataDir /labmount/users/202535331/MARL/pymarl-monotone-qmix/3rdparty/StarCraftII/ -tempDir /tmp/sc-z07s2ppf/
[INFO 13:39:08] absl Connecting to: ws://127.0.0.1:34481/sc2api, attempt: 0, running: True
Version: B75689 (SC2.4.10)
Build: Aug 12 2019 17:16:57
Command Line: '"/labmount/users/202535331/MARL/pymarl-monotone-qmix/3rdparty/StarCraftII/Versions/Base75689/SC2_x64" -listen 127.0.0.1 -port 34481 -dataDir /labmount/users/202535331/MARL/pymarl-monotone-qmix/3rdparty/StarCraftII/ -tempDir /tmp/sc-z07s2ppf/'
Starting up...
Startup Phase 1 complete
[INFO 13:39:09] absl Connecting to: ws://127.0.0.1:34481/sc2api, attempt: 1, running: True
Startup Phase 2 complete
Creating stub renderer...
Listening on: 127.0.0.1:34481
Startup Phase 3 complete. Ready for commands.
[INFO 13:39:10] absl Connecting to: ws://127.0.0.1:34481/sc2api, attempt: 2, running: True
ConnectHandler: Request from 127.0.0.1:53920 accepted
ReadyHandler: 127.0.0.1:53920 ready
Requesting to join a single player game
Configuring interface options
Configure: raw interface enabled
Configure: feature layer interface disabled
Configure: score interface disabled
Configure: render interface disabled
Launching next game.
Next launch phase started: 2
Next launch phase started: 3
Next launch phase started: 4
Next launch phase started: 5
Next launch phase started: 6
Next launch phase started: 7
Next launch phase started: 8
Game has started.
Using default stable ids, none found at: /labmount/users/202535331/MARL/pymarl-monotone-qmix/3rdparty/StarCraftII/stableid.json
Successfully loaded stable ids: GameData\stableid.json
Sending ResponseJoinGame
[INFO 13:39:24] my_main Recent Stats | t_env:    1609525 | Episode:    21823
battle_won_mean:           0.0881	dead_allies_mean:          2.5876	dead_enemies_mean:         1.7100	ep_length_mean:          129.3109
epsilon:                   0.0500	grad_norm:                 8.7750	loss:                      6.8628	loss_central:              0.0236
loss_latent:               4.0139	loss_td:                   2.8253	q_taken_mean:              3.1523	return_mean:              12.0983
return_std:                4.7798	target_mean:               3.1404	td_error_abs:              0.1171	test_battle_won_mean:      0.5375
test_dead_allies_mean:     1.7375	test_dead_enemies_mean:    4.0500	test_ep_length_mean:     155.1188	test_return_mean:         19.1628
test_return_std:           3.3033	
[INFO 13:41:45] my_main t_env: 1619605 / 2050000
[INFO 13:41:45] my_main Estimated time left: 2 hours, 6 minutes, 34 seconds. Time passed: 8 hours, 29 minutes, 7 seconds
[INFO 13:42:14] my_main Recent Stats | t_env:    1619605 | Episode:    21906
battle_won_mean:           0.0994	dead_allies_mean:          2.5818	dead_enemies_mean:         1.7673	ep_length_mean:          128.0304
epsilon:                   0.0500	grad_norm:                 9.7076	loss:                      7.1117	loss_central:              0.0242
loss_latent:               4.1651	loss_td:                   2.9225	q_taken_mean:              3.2067	return_mean:              12.2363
return_std:                4.8884	target_mean:               3.1767	td_error_abs:              0.1196	test_battle_won_mean:      0.5750
test_dead_allies_mean:     1.7375	test_dead_enemies_mean:    4.1188	test_ep_length_mean:     152.2937	test_return_mean:         19.4792
test_return_std:           3.0004	
[INFO 13:44:33] my_main t_env: 1629685 / 2050000
[INFO 13:44:33] my_main Estimated time left: 1 hours, 57 minutes, 0 seconds. Time passed: 8 hours, 31 minutes, 55 seconds
[INFO 13:45:03] my_main Recent Stats | t_env:    1629685 | Episode:    21988
battle_won_mean:           0.1026	dead_allies_mean:          2.6158	dead_enemies_mean:         1.7069	ep_length_mean:          123.0129
epsilon:                   0.0500	grad_norm:                 8.9010	loss:                      7.1013	loss_central:              0.0245
loss_latent:               4.1376	loss_td:                   2.9392	q_taken_mean:              3.2059	return_mean:              12.2468
return_std:                4.9094	target_mean:               3.1799	td_error_abs:              0.1181	test_battle_won_mean:      0.5687
test_dead_allies_mean:     1.7563	test_dead_enemies_mean:    4.0750	test_ep_length_mean:     152.8750	test_return_mean:         19.5373
test_return_std:           3.2185	
[INFO 13:47:21] my_main t_env: 1639817 / 2050000
[INFO 13:47:21] my_main Estimated time left: 1 hours, 52 minutes, 53 seconds. Time passed: 8 hours, 34 minutes, 43 seconds
[INFO 13:47:54] my_main Recent Stats | t_env:    1639817 | Episode:    22070
battle_won_mean:           0.1091	dead_allies_mean:          2.6137	dead_enemies_mean:         1.6691	ep_length_mean:          122.4061
epsilon:                   0.0500	grad_norm:                 8.8757	loss:                      7.0011	loss_central:              0.0251
loss_latent:               4.0973	loss_td:                   2.8787	q_taken_mean:              3.2034	return_mean:              12.2391
return_std:                5.0183	target_mean:               3.1726	td_error_abs:              0.1207	test_battle_won_mean:      0.5625
test_dead_allies_mean:     1.6875	test_dead_enemies_mean:    4.1813	test_ep_length_mean:     156.4375	test_return_mean:         19.5343
test_return_std:           3.0454	
[INFO 13:50:09] my_main t_env: 1649942 / 2050000
[INFO 13:50:09] my_main Estimated time left: 1 hours, 50 minutes, 46 seconds. Time passed: 8 hours, 37 minutes, 31 seconds
[INFO 13:50:41] my_main Recent Stats | t_env:    1649942 | Episode:    22148
battle_won_mean:           0.1104	dead_allies_mean:          2.5857	dead_enemies_mean:         1.6482	ep_length_mean:          124.3581
epsilon:                   0.0500	grad_norm:                 7.7159	loss:                      7.0770	loss_central:              0.0229
loss_latent:               3.9102	loss_td:                   3.1439	q_taken_mean:              3.2999	return_mean:              12.2235
return_std:                5.1145	target_mean:               3.2723	td_error_abs:              0.1223	test_battle_won_mean:      0.6000
test_dead_allies_mean:     1.6375	test_dead_enemies_mean:    4.2687	test_ep_length_mean:     152.9062	test_return_mean:         19.7618
test_return_std:           2.9846	
RequestQuit command received.
Closing Application...
DataHandler: unable to parse websocket frame.
CloseHandler: 127.0.0.1:53920 disconnected
[INFO 13:51:25] absl Shutdown gracefully.
[INFO 13:51:25] absl Shutdown with return code: -15
[INFO 13:51:25] absl Launching SC2: /labmount/users/202535331/MARL/pymarl-monotone-qmix/3rdparty/StarCraftII/Versions/Base75689/SC2_x64 -listen 127.0.0.1 -port 34351 -dataDir /labmount/users/202535331/MARL/pymarl-monotone-qmix/3rdparty/StarCraftII/ -tempDir /tmp/sc-8xb1o8y2/
[INFO 13:51:25] absl Connecting to: ws://127.0.0.1:34351/sc2api, attempt: 0, running: True
Version: B75689 (SC2.4.10)
Build: Aug 12 2019 17:16:57
Command Line: '"/labmount/users/202535331/MARL/pymarl-monotone-qmix/3rdparty/StarCraftII/Versions/Base75689/SC2_x64" -listen 127.0.0.1 -port 34351 -dataDir /labmount/users/202535331/MARL/pymarl-monotone-qmix/3rdparty/StarCraftII/ -tempDir /tmp/sc-8xb1o8y2/'
Starting up...
Startup Phase 1 complete
[INFO 13:51:26] absl Connecting to: ws://127.0.0.1:34351/sc2api, attempt: 1, running: True
Startup Phase 2 complete
Creating stub renderer...
Listening on: 127.0.0.1:34351
Startup Phase 3 complete. Ready for commands.
[INFO 13:51:27] absl Connecting to: ws://127.0.0.1:34351/sc2api, attempt: 2, running: True
ConnectHandler: Request from 127.0.0.1:38198 accepted
ReadyHandler: 127.0.0.1:38198 ready
Requesting to join a single player game
Configuring interface options
Configure: raw interface enabled
Configure: feature layer interface disabled
Configure: score interface disabled
Configure: render interface disabled
Launching next game.
Next launch phase started: 2
Next launch phase started: 3
Next launch phase started: 4
Next launch phase started: 5
Next launch phase started: 6
Next launch phase started: 7
Next launch phase started: 8
Game has started.
Using default stable ids, none found at: /labmount/users/202535331/MARL/pymarl-monotone-qmix/3rdparty/StarCraftII/stableid.json
Successfully loaded stable ids: GameData\stableid.json
Sending ResponseJoinGame
[INFO 13:52:58] my_main t_env: 1659971 / 2050000
[INFO 13:52:58] my_main Estimated time left: 1 hours, 49 minutes, 27 seconds. Time passed: 8 hours, 40 minutes, 20 seconds
[INFO 13:53:28] my_main Recent Stats | t_env:    1659971 | Episode:    22225
battle_won_mean:           0.1369	dead_allies_mean:          2.5604	dead_enemies_mean:         1.7439	ep_length_mean:          125.5976
epsilon:                   0.0500	grad_norm:                 7.4412	loss:                      7.0468	loss_central:              0.0223
loss_latent:               3.8979	loss_td:                   3.1265	q_taken_mean:              3.2117	return_mean:              12.6736
return_std:                5.4471	target_mean:               3.1889	td_error_abs:              0.1203	test_battle_won_mean:      0.5750
test_dead_allies_mean:     1.6687	test_dead_enemies_mean:    4.1750	test_ep_length_mean:     152.1687	test_return_mean:         19.5501
test_return_std:           3.0774	
[INFO 13:55:34] my_main t_env: 1670183 / 2050000
[INFO 13:55:34] my_main Estimated time left: 1 hours, 37 minutes, 6 seconds. Time passed: 8 hours, 42 minutes, 56 seconds
[INFO 13:56:06] my_main Recent Stats | t_env:    1670183 | Episode:    22296
battle_won_mean:           0.1527	dead_allies_mean:          2.5152	dead_enemies_mean:         1.8259	ep_length_mean:          130.0746
epsilon:                   0.0500	grad_norm:                 7.0789	loss:                      7.1602	loss_central:              0.0228
loss_latent:               4.0579	loss_td:                   3.0795	q_taken_mean:              3.1467	return_mean:              12.9108
return_std:                5.5112	target_mean:               3.1382	td_error_abs:              0.1174	test_battle_won_mean:      0.4875
test_dead_allies_mean:     1.8000	test_dead_enemies_mean:    3.9562	test_ep_length_mean:     155.2375	test_return_mean:         18.9357
test_return_std:           3.5661	
[INFO 13:58:19] my_main t_env: 1680320 / 2050000
[INFO 13:58:19] my_main Estimated time left: 1 hours, 39 minutes, 50 seconds. Time passed: 8 hours, 45 minutes, 41 seconds
[INFO 13:58:52] my_main Recent Stats | t_env:    1680320 | Episode:    22373
battle_won_mean:           0.1312	dead_allies_mean:          2.5234	dead_enemies_mean:         1.7916	ep_length_mean:          131.8192
epsilon:                   0.0500	grad_norm:                 8.1432	loss:                      7.2122	loss_central:              0.0241
loss_latent:               4.0119	loss_td:                   3.1762	q_taken_mean:              3.2453	return_mean:              12.7784
return_std:                5.3291	target_mean:               3.2355	td_error_abs:              0.1191	test_battle_won_mean:      0.5000
test_dead_allies_mean:     1.8062	test_dead_enemies_mean:    4.0000	test_ep_length_mean:     157.9437	test_return_mean:         19.1078
test_return_std:           3.4247	
[INFO 14:01:06] my_main t_env: 1690430 / 2050000
[INFO 14:01:06] my_main Estimated time left: 1 hours, 39 minutes, 19 seconds. Time passed: 8 hours, 48 minutes, 28 seconds
[INFO 14:01:39] my_main Recent Stats | t_env:    1690430 | Episode:    22453
battle_won_mean:           0.1369	dead_allies_mean:          2.5215	dead_enemies_mean:         1.8523	ep_length_mean:          132.3820
epsilon:                   0.0500	grad_norm:                 8.2365	loss:                      7.2474	loss_central:              0.0235
loss_latent:               4.0515	loss_td:                   3.1724	q_taken_mean:              3.2076	return_mean:              12.8757
return_std:                5.3887	target_mean:               3.1914	td_error_abs:              0.1178	test_battle_won_mean:      0.5375
test_dead_allies_mean:     1.7812	test_dead_enemies_mean:    4.0438	test_ep_length_mean:     155.4750	test_return_mean:         19.3666
test_return_std:           3.3985	
RequestQuit command received.
DataHandler: unable to parse websocket frame.
CloseHandler: 127.0.0.1:38198 disconnected
Closing Application...
[INFO 14:03:32] absl Shutdown gracefully.
[INFO 14:03:32] absl Shutdown with return code: -15
[INFO 14:03:32] absl Launching SC2: /labmount/users/202535331/MARL/pymarl-monotone-qmix/3rdparty/StarCraftII/Versions/Base75689/SC2_x64 -listen 127.0.0.1 -port 33789 -dataDir /labmount/users/202535331/MARL/pymarl-monotone-qmix/3rdparty/StarCraftII/ -tempDir /tmp/sc-xlej3pza/
[INFO 14:03:32] absl Connecting to: ws://127.0.0.1:33789/sc2api, attempt: 0, running: True
Version: B75689 (SC2.4.10)
Build: Aug 12 2019 17:16:57
Command Line: '"/labmount/users/202535331/MARL/pymarl-monotone-qmix/3rdparty/StarCraftII/Versions/Base75689/SC2_x64" -listen 127.0.0.1 -port 33789 -dataDir /labmount/users/202535331/MARL/pymarl-monotone-qmix/3rdparty/StarCraftII/ -tempDir /tmp/sc-xlej3pza/'
Starting up...
Startup Phase 1 complete
[INFO 14:03:33] absl Connecting to: ws://127.0.0.1:33789/sc2api, attempt: 1, running: True
Startup Phase 2 complete
Creating stub renderer...
Listening on: 127.0.0.1:33789
Startup Phase 3 complete. Ready for commands.
[INFO 14:03:34] absl Connecting to: ws://127.0.0.1:33789/sc2api, attempt: 2, running: True
ConnectHandler: Request from 127.0.0.1:56180 accepted
ReadyHandler: 127.0.0.1:56180 ready
Requesting to join a single player game
Configuring interface options
Configure: raw interface enabled
Configure: feature layer interface disabled
Configure: score interface disabled
Configure: render interface disabled
Launching next game.
Next launch phase started: 2
Next launch phase started: 3
Next launch phase started: 4
Next launch phase started: 5
Next launch phase started: 6
Next launch phase started: 7
Next launch phase started: 8
Game has started.
Using default stable ids, none found at: /labmount/users/202535331/MARL/pymarl-monotone-qmix/3rdparty/StarCraftII/stableid.json
Successfully loaded stable ids: GameData\stableid.json
Sending ResponseJoinGame
[INFO 14:03:56] my_main t_env: 1700476 / 2050000
[INFO 14:03:56] my_main Estimated time left: 1 hours, 38 minutes, 15 seconds. Time passed: 8 hours, 51 minutes, 18 seconds
[INFO 14:04:28] my_main Recent Stats | t_env:    1700476 | Episode:    22528
battle_won_mean:           0.1402	dead_allies_mean:          2.5338	dead_enemies_mean:         1.9206	ep_length_mean:          133.2098
epsilon:                   0.0500	grad_norm:                 8.3741	loss:                      7.4748	loss_central:              0.0261
loss_latent:               4.4703	loss_td:                   2.9784	q_taken_mean:              3.1073	return_mean:              13.1419
return_std:                5.3716	target_mean:               3.0939	td_error_abs:              0.1223	test_battle_won_mean:      0.4875
test_dead_allies_mean:     1.8438	test_dead_enemies_mean:    3.9375	test_ep_length_mean:     157.0062	test_return_mean:         19.0681
test_return_std:           3.4351	
[INFO 14:06:47] my_main t_env: 1710500 / 2050000
[INFO 14:06:47] my_main Estimated time left: 1 hours, 36 minutes, 58 seconds. Time passed: 8 hours, 54 minutes, 9 seconds
[INFO 14:07:18] my_main Recent Stats | t_env:    1710500 | Episode:    22613
battle_won_mean:           0.1298	dead_allies_mean:          2.5820	dead_enemies_mean:         1.8512	ep_length_mean:          130.7463
epsilon:                   0.0500	grad_norm:                 8.6711	loss:                      7.2541	loss_central:              0.0263
loss_latent:               4.4294	loss_td:                   2.7984	q_taken_mean:              3.1384	return_mean:              12.9091
return_std:                5.1295	target_mean:               3.1291	td_error_abs:              0.1229	test_battle_won_mean:      0.5563
test_dead_allies_mean:     1.6938	test_dead_enemies_mean:    4.0938	test_ep_length_mean:     160.2438	test_return_mean:         19.5833
test_return_std:           3.1120	
[INFO 14:09:31] my_main t_env: 1720511 / 2050000
[INFO 14:09:31] my_main Estimated time left: 1 hours, 29 minutes, 49 seconds. Time passed: 8 hours, 56 minutes, 53 seconds
[INFO 14:10:01] my_main Recent Stats | t_env:    1720511 | Episode:    22691
battle_won_mean:           0.1183	dead_allies_mean:          2.6090	dead_enemies_mean:         1.7262	ep_length_mean:          127.6493
epsilon:                   0.0500	grad_norm:                 8.3882	loss:                      7.1263	loss_central:              0.0262
loss_latent:               4.2684	loss_td:                   2.8317	q_taken_mean:              3.1439	return_mean:              12.6192
return_std:                5.0761	target_mean:               3.1357	td_error_abs:              0.1249	test_battle_won_mean:      0.5813
test_dead_allies_mean:     1.6687	test_dead_enemies_mean:    4.1937	test_ep_length_mean:     158.9125	test_return_mean:         19.8725
test_return_std:           2.8903	
[INFO 14:12:10] my_main t_env: 1730554 / 2050000
[INFO 14:12:10] my_main Estimated time left: 1 hours, 24 minutes, 25 seconds. Time passed: 8 hours, 59 minutes, 32 seconds
[INFO 14:12:39] my_main Recent Stats | t_env:    1730554 | Episode:    22765
battle_won_mean:           0.1402	dead_allies_mean:          2.6009	dead_enemies_mean:         1.7985	ep_length_mean:          128.4627
epsilon:                   0.0500	grad_norm:                 7.2060	loss:                      6.8700	loss_central:              0.0241
loss_latent:               4.0540	loss_td:                   2.7919	q_taken_mean:              3.0837	return_mean:              12.9270
return_std:                5.3006	target_mean:               3.0882	td_error_abs:              0.1239	test_battle_won_mean:      0.5750
test_dead_allies_mean:     1.6500	test_dead_enemies_mean:    4.1625	test_ep_length_mean:     156.1188	test_return_mean:         19.7304
test_return_std:           2.8622	
[INFO 14:14:49] my_main t_env: 1740575 / 2050000
[INFO 14:14:49] my_main Estimated time left: 1 hours, 21 minutes, 41 seconds. Time passed: 9 hours, 2 minutes, 11 seconds
RequestQuit command received.
Closing Application...
DataHandler: unable to parse websocket frame.
CloseHandler: 127.0.0.1:56180 disconnected
[INFO 14:15:12] absl Shutdown gracefully.
[INFO 14:15:12] absl Shutdown with return code: -15
[INFO 14:15:12] absl Launching SC2: /labmount/users/202535331/MARL/pymarl-monotone-qmix/3rdparty/StarCraftII/Versions/Base75689/SC2_x64 -listen 127.0.0.1 -port 39425 -dataDir /labmount/users/202535331/MARL/pymarl-monotone-qmix/3rdparty/StarCraftII/ -tempDir /tmp/sc-n7qfhjx0/
[INFO 14:15:12] absl Connecting to: ws://127.0.0.1:39425/sc2api, attempt: 0, running: True
Version: B75689 (SC2.4.10)
Build: Aug 12 2019 17:16:57
Command Line: '"/labmount/users/202535331/MARL/pymarl-monotone-qmix/3rdparty/StarCraftII/Versions/Base75689/SC2_x64" -listen 127.0.0.1 -port 39425 -dataDir /labmount/users/202535331/MARL/pymarl-monotone-qmix/3rdparty/StarCraftII/ -tempDir /tmp/sc-n7qfhjx0/'
Starting up...
Startup Phase 1 complete
[INFO 14:15:13] absl Connecting to: ws://127.0.0.1:39425/sc2api, attempt: 1, running: True
Startup Phase 2 complete
Creating stub renderer...
Listening on: 127.0.0.1:39425
Startup Phase 3 complete. Ready for commands.
[INFO 14:15:14] absl Connecting to: ws://127.0.0.1:39425/sc2api, attempt: 2, running: True
ConnectHandler: Request from 127.0.0.1:51780 accepted
ReadyHandler: 127.0.0.1:51780 ready
Requesting to join a single player game
Configuring interface options
Configure: raw interface enabled
Configure: feature layer interface disabled
Configure: score interface disabled
Configure: render interface disabled
Launching next game.
Next launch phase started: 2
Next launch phase started: 3
Next launch phase started: 4
Next launch phase started: 5
Next launch phase started: 6
Next launch phase started: 7
Next launch phase started: 8
Game has started.
Using default stable ids, none found at: /labmount/users/202535331/MARL/pymarl-monotone-qmix/3rdparty/StarCraftII/stableid.json
Successfully loaded stable ids: GameData\stableid.json
Sending ResponseJoinGame
[INFO 14:15:24] my_main Recent Stats | t_env:    1740575 | Episode:    22839
battle_won_mean:           0.1483	dead_allies_mean:          2.5701	dead_enemies_mean:         1.8517	ep_length_mean:          130.2715
epsilon:                   0.0500	grad_norm:                 7.3721	loss:                      6.8996	loss_central:              0.0251
loss_latent:               4.1000	loss_td:                   2.7744	q_taken_mean:              3.1106	return_mean:              13.1798
return_std:                5.3479	target_mean:               3.1069	td_error_abs:              0.1266	test_battle_won_mean:      0.5875
test_dead_allies_mean:     1.6187	test_dead_enemies_mean:    4.1437	test_ep_length_mean:     154.7250	test_return_mean:         19.6634
test_return_std:           3.1889	
[INFO 14:17:42] my_main t_env: 1750583 / 2050000
[INFO 14:17:42] my_main Estimated time left: 1 hours, 26 minutes, 8 seconds. Time passed: 9 hours, 5 minutes, 4 seconds
[INFO 14:18:12] my_main Recent Stats | t_env:    1750583 | Episode:    22919
battle_won_mean:           0.1444	dead_allies_mean:          2.5851	dead_enemies_mean:         1.8282	ep_length_mean:          128.5021
epsilon:                   0.0500	grad_norm:                 7.2906	loss:                      6.7123	loss_central:              0.0265
loss_latent:               3.8263	loss_td:                   2.8594	q_taken_mean:              3.1331	return_mean:              13.0818
return_std:                5.3275	target_mean:               3.1309	td_error_abs:              0.1229	test_battle_won_mean:      0.6250
test_dead_allies_mean:     1.5938	test_dead_enemies_mean:    4.1312	test_ep_length_mean:     152.7812	test_return_mean:         19.7887
test_return_std:           3.2599	
[INFO 14:20:40] my_main t_env: 1760625 / 2050000
[INFO 14:20:40] my_main Estimated time left: 1 hours, 25 minutes, 25 seconds. Time passed: 9 hours, 8 minutes, 2 seconds
[INFO 14:21:09] my_main Recent Stats | t_env:    1760625 | Episode:    23011
battle_won_mean:           0.1468	dead_allies_mean:          2.5834	dead_enemies_mean:         1.8410	ep_length_mean:          126.7467
epsilon:                   0.0500	grad_norm:                 6.7802	loss:                      6.7327	loss_central:              0.0269
loss_latent:               3.8161	loss_td:                   2.8897	q_taken_mean:              3.1172	return_mean:              13.0607
return_std:                5.3921	target_mean:               3.1151	td_error_abs:              0.1249	test_battle_won_mean:      0.6250
test_dead_allies_mean:     1.5813	test_dead_enemies_mean:    4.1562	test_ep_length_mean:     148.3750	test_return_mean:         19.7091
test_return_std:           3.2265	
[INFO 14:23:14] my_main t_env: 1770759 / 2050000
[INFO 14:23:14] my_main Estimated time left: 1 hours, 11 minutes, 5 seconds. Time passed: 9 hours, 10 minutes, 37 seconds
[INFO 14:23:43] my_main Recent Stats | t_env:    1770759 | Episode:    23079
battle_won_mean:           0.1484	dead_allies_mean:          2.5654	dead_enemies_mean:         1.8948	ep_length_mean:          130.8833
epsilon:                   0.0500	grad_norm:                 6.7071	loss:                      6.5740	loss_central:              0.0266
loss_latent:               3.6514	loss_td:                   2.8960	q_taken_mean:              3.1518	return_mean:              13.2805
return_std:                5.4768	target_mean:               3.1304	td_error_abs:              0.1279	test_battle_won_mean:      0.6750
test_dead_allies_mean:     1.5125	test_dead_enemies_mean:    4.2500	test_ep_length_mean:     144.8688	test_return_mean:         19.9153
test_return_std:           3.2360	
[INFO 14:26:00] my_main t_env: 1780832 / 2050000
[INFO 14:26:00] my_main Estimated time left: 1 hours, 13 minutes, 46 seconds. Time passed: 9 hours, 13 minutes, 22 seconds
[INFO 14:26:29] my_main Recent Stats | t_env:    1780832 | Episode:    23158
battle_won_mean:           0.1566	dead_allies_mean:          2.5396	dead_enemies_mean:         1.8626	ep_length_mean:          129.2414
epsilon:                   0.0500	grad_norm:                 7.9616	loss:                      6.8424	loss_central:              0.0269
loss_latent:               3.9847	loss_td:                   2.8308	q_taken_mean:              3.1581	return_mean:              13.2339
return_std:                5.4938	target_mean:               3.1170	td_error_abs:              0.1319	test_battle_won_mean:      0.6750
test_dead_allies_mean:     1.5562	test_dead_enemies_mean:    4.2125	test_ep_length_mean:     144.0250	test_return_mean:         19.7683
test_return_std:           3.5160	
RequestQuit command received.
Closing Application...
DataHandler: unable to parse websocket frame.
CloseHandler: 127.0.0.1:51780 disconnected
ResponseThread: No connection, dropping the response.
[INFO 14:27:50] absl Shutdown gracefully.
[INFO 14:27:50] absl Shutdown with return code: -15
[INFO 14:27:50] absl Launching SC2: /labmount/users/202535331/MARL/pymarl-monotone-qmix/3rdparty/StarCraftII/Versions/Base75689/SC2_x64 -listen 127.0.0.1 -port 37083 -dataDir /labmount/users/202535331/MARL/pymarl-monotone-qmix/3rdparty/StarCraftII/ -tempDir /tmp/sc-awffu7x5/
[INFO 14:27:50] absl Connecting to: ws://127.0.0.1:37083/sc2api, attempt: 0, running: True
Version: B75689 (SC2.4.10)
Build: Aug 12 2019 17:16:57
Command Line: '"/labmount/users/202535331/MARL/pymarl-monotone-qmix/3rdparty/StarCraftII/Versions/Base75689/SC2_x64" -listen 127.0.0.1 -port 37083 -dataDir /labmount/users/202535331/MARL/pymarl-monotone-qmix/3rdparty/StarCraftII/ -tempDir /tmp/sc-awffu7x5/'
Starting up...
Startup Phase 1 complete
[INFO 14:27:51] absl Connecting to: ws://127.0.0.1:37083/sc2api, attempt: 1, running: True
Startup Phase 2 complete
Creating stub renderer...
Listening on: 127.0.0.1:37083
Startup Phase 3 complete. Ready for commands.
[INFO 14:27:52] absl Connecting to: ws://127.0.0.1:37083/sc2api, attempt: 2, running: True
ConnectHandler: Request from 127.0.0.1:56984 accepted
ReadyHandler: 127.0.0.1:56984 ready
Requesting to join a single player game
Configuring interface options
Configure: raw interface enabled
Configure: feature layer interface disabled
Configure: score interface disabled
Configure: render interface disabled
Launching next game.
Next launch phase started: 2
Next launch phase started: 3
Next launch phase started: 4
Next launch phase started: 5
Next launch phase started: 6
Next launch phase started: 7
Next launch phase started: 8
Game has started.
Using default stable ids, none found at: /labmount/users/202535331/MARL/pymarl-monotone-qmix/3rdparty/StarCraftII/stableid.json
Successfully loaded stable ids: GameData\stableid.json
Sending ResponseJoinGame
[INFO 14:28:47] my_main t_env: 1790892 / 2050000
[INFO 14:28:47] my_main Estimated time left: 1 hours, 11 minutes, 37 seconds. Time passed: 9 hours, 16 minutes, 9 seconds
[INFO 14:29:13] my_main Recent Stats | t_env:    1790892 | Episode:    23232
battle_won_mean:           0.1377	dead_allies_mean:          2.5613	dead_enemies_mean:         1.7842	ep_length_mean:          129.3468
epsilon:                   0.0500	grad_norm:                 8.4075	loss:                      6.8692	loss_central:              0.0256
loss_latent:               3.9682	loss_td:                   2.8754	q_taken_mean:              3.1440	return_mean:              13.0280
return_std:                5.3198	target_mean:               3.1220	td_error_abs:              0.1305	test_battle_won_mean:      0.6562
test_dead_allies_mean:     1.6187	test_dead_enemies_mean:    4.1688	test_ep_length_mean:     139.0750	test_return_mean:         19.5466
test_return_std:           3.4651	
[INFO 14:31:33] my_main t_env: 1801022 / 2050000
[INFO 14:31:33] my_main Estimated time left: 1 hours, 7 minutes, 58 seconds. Time passed: 9 hours, 18 minutes, 55 seconds
[INFO 14:32:02] my_main Recent Stats | t_env:    1801022 | Episode:    23315
battle_won_mean:           0.1298	dead_allies_mean:          2.5684	dead_enemies_mean:         1.7208	ep_length_mean:          128.7364
epsilon:                   0.0500	grad_norm:                 8.3446	loss:                      6.8330	loss_central:              0.0222
loss_latent:               4.0754	loss_td:                   2.7354	q_taken_mean:              3.0813	return_mean:              12.8501
return_std:                5.1552	target_mean:               3.0627	td_error_abs:              0.1316	test_battle_won_mean:      0.6813
test_dead_allies_mean:     1.5500	test_dead_enemies_mean:    4.2500	test_ep_length_mean:     136.6875	test_return_mean:         19.6457
test_return_std:           3.4440	
[INFO 14:34:15] my_main t_env: 1811062 / 2050000
[INFO 14:34:15] my_main Estimated time left: 1 hours, 4 minutes, 9 seconds. Time passed: 9 hours, 21 minutes, 37 seconds
[INFO 14:34:45] my_main Recent Stats | t_env:    1811062 | Episode:    23392
battle_won_mean:           0.1405	dead_allies_mean:          2.5350	dead_enemies_mean:         1.7540	ep_length_mean:          132.9839
epsilon:                   0.0500	grad_norm:                 8.1782	loss:                      6.9442	loss_central:              0.0242
loss_latent:               4.1827	loss_td:                   2.7374	q_taken_mean:              3.1493	return_mean:              12.9838
return_std:                5.2123	target_mean:               3.1217	td_error_abs:              0.1363	test_battle_won_mean:      0.6687
test_dead_allies_mean:     1.5375	test_dead_enemies_mean:    4.1500	test_ep_length_mean:     138.3688	test_return_mean:         19.4803
test_return_std:           3.6002	
[INFO 14:36:53] my_main t_env: 1821068 / 2050000
[INFO 14:36:53] my_main Estimated time left: 1 hours, 23 seconds. Time passed: 9 hours, 24 minutes, 15 seconds
[INFO 14:37:24] my_main Recent Stats | t_env:    1821068 | Episode:    23464
battle_won_mean:           0.1471	dead_allies_mean:          2.5555	dead_enemies_mean:         1.8274	ep_length_mean:          130.9725
epsilon:                   0.0500	grad_norm:                 8.0693	loss:                      7.0584	loss_central:              0.0245
loss_latent:               4.2824	loss_td:                   2.7515	q_taken_mean:              3.1333	return_mean:              13.1995
return_std:                5.0510	target_mean:               3.1211	td_error_abs:              0.1338	test_battle_won_mean:      0.6375
test_dead_allies_mean:     1.5437	test_dead_enemies_mean:    4.0625	test_ep_length_mean:     141.8313	test_return_mean:         19.2579
test_return_std:           3.6810	
[INFO 14:39:42] my_main t_env: 1831154 / 2050000
[INFO 14:39:42] my_main Estimated time left: 1 hours, 1 minutes, 16 seconds. Time passed: 9 hours, 27 minutes, 5 seconds
RequestQuit command received.
DataHandler: unable to parse websocket frame.
Closing Application...
CloseHandler: 127.0.0.1:56984 disconnected
ResponseThread: No connection, dropping the response.
[INFO 14:40:03] absl Shutdown gracefully.
[INFO 14:40:03] absl Shutdown with return code: -15
[INFO 14:40:03] absl Launching SC2: /labmount/users/202535331/MARL/pymarl-monotone-qmix/3rdparty/StarCraftII/Versions/Base75689/SC2_x64 -listen 127.0.0.1 -port 44371 -dataDir /labmount/users/202535331/MARL/pymarl-monotone-qmix/3rdparty/StarCraftII/ -tempDir /tmp/sc-0vihboq1/
[INFO 14:40:03] absl Connecting to: ws://127.0.0.1:44371/sc2api, attempt: 0, running: True
Version: B75689 (SC2.4.10)
Build: Aug 12 2019 17:16:57
Command Line: '"/labmount/users/202535331/MARL/pymarl-monotone-qmix/3rdparty/StarCraftII/Versions/Base75689/SC2_x64" -listen 127.0.0.1 -port 44371 -dataDir /labmount/users/202535331/MARL/pymarl-monotone-qmix/3rdparty/StarCraftII/ -tempDir /tmp/sc-0vihboq1/'
Starting up...
Startup Phase 1 complete
[INFO 14:40:04] absl Connecting to: ws://127.0.0.1:44371/sc2api, attempt: 1, running: True
Startup Phase 2 complete
Creating stub renderer...
Listening on: 127.0.0.1:44371
Startup Phase 3 complete. Ready for commands.
[INFO 14:40:05] absl Connecting to: ws://127.0.0.1:44371/sc2api, attempt: 2, running: True
ConnectHandler: Request from 127.0.0.1:37652 accepted
ReadyHandler: 127.0.0.1:37652 ready
Requesting to join a single player game
Configuring interface options
Configure: raw interface enabled
Configure: feature layer interface disabled
Configure: score interface disabled
Configure: render interface disabled
Launching next game.
Next launch phase started: 2
Next launch phase started: 3
Next launch phase started: 4
Next launch phase started: 5
Next launch phase started: 6
Next launch phase started: 7
Next launch phase started: 8
Game has started.
Using default stable ids, none found at: /labmount/users/202535331/MARL/pymarl-monotone-qmix/3rdparty/StarCraftII/stableid.json
Successfully loaded stable ids: GameData\stableid.json
Sending ResponseJoinGame
[INFO 14:40:18] my_main Recent Stats | t_env:    1831154 | Episode:    23543
battle_won_mean:           0.1420	dead_allies_mean:          2.5733	dead_enemies_mean:         1.8603	ep_length_mean:          131.0054
epsilon:                   0.0500	grad_norm:                 7.5199	loss:                      7.1463	loss_central:              0.0263
loss_latent:               4.2924	loss_td:                   2.8275	q_taken_mean:              3.1476	return_mean:              13.2003
return_std:                5.0101	target_mean:               3.1490	td_error_abs:              0.1329	test_battle_won_mean:      0.6312
test_dead_allies_mean:     1.4812	test_dead_enemies_mean:    4.0500	test_ep_length_mean:     141.6125	test_return_mean:         19.2401
test_return_std:           3.5719	
[INFO 14:42:35] my_main t_env: 1841187 / 2050000
[INFO 14:42:35] my_main Estimated time left: 1 hours, 0 seconds. Time passed: 9 hours, 29 minutes, 58 seconds
[INFO 14:43:07] my_main Recent Stats | t_env:    1841187 | Episode:    23624
battle_won_mean:           0.1451	dead_allies_mean:          2.5785	dead_enemies_mean:         1.8263	ep_length_mean:          128.5890
epsilon:                   0.0500	grad_norm:                 6.9121	loss:                      7.3541	loss_central:              0.0278
loss_latent:               4.4350	loss_td:                   2.8914	q_taken_mean:              3.1801	return_mean:              13.1654
return_std:                5.0117	target_mean:               3.1835	td_error_abs:              0.1336	test_battle_won_mean:      0.6438
test_dead_allies_mean:     1.4312	test_dead_enemies_mean:    4.0625	test_ep_length_mean:     146.3562	test_return_mean:         19.4863
test_return_std:           3.3512	
[INFO 14:45:16] my_main t_env: 1851210 / 2050000
[INFO 14:45:16] my_main Estimated time left: 52 minutes, 57 seconds. Time passed: 9 hours, 32 minutes, 38 seconds
[INFO 14:45:41] my_main Recent Stats | t_env:    1851210 | Episode:    23698
battle_won_mean:           0.1706	dead_allies_mean:          2.5336	dead_enemies_mean:         1.9561	ep_length_mean:          131.2686
epsilon:                   0.0500	grad_norm:                 8.0846	loss:                      7.5428	loss_central:              0.0279
loss_latent:               4.4928	loss_td:                   3.0222	q_taken_mean:              3.2933	return_mean:              13.5928
return_std:                5.1785	target_mean:               3.2863	td_error_abs:              0.1341	test_battle_won_mean:      0.6937
test_dead_allies_mean:     1.3125	test_dead_enemies_mean:    4.1875	test_ep_length_mean:     142.1438	test_return_mean:         19.6825
test_return_std:           3.0774	
[INFO 14:47:58] my_main t_env: 1861211 / 2050000
[INFO 14:47:58] my_main Estimated time left: 51 minutes, 9 seconds. Time passed: 9 hours, 35 minutes, 20 seconds
[INFO 14:48:29] my_main Recent Stats | t_env:    1861211 | Episode:    23780
battle_won_mean:           0.1560	dead_allies_mean:          2.5518	dead_enemies_mean:         1.9022	ep_length_mean:          129.5833
epsilon:                   0.0500	grad_norm:                 8.3678	loss:                      7.8648	loss_central:              0.0260
loss_latent:               4.7254	loss_td:                   3.1134	q_taken_mean:              3.2432	return_mean:              13.4275
return_std:                5.0756	target_mean:               3.2491	td_error_abs:              0.1321	test_battle_won_mean:      0.7063
test_dead_allies_mean:     1.3438	test_dead_enemies_mean:    4.2438	test_ep_length_mean:     143.3313	test_return_mean:         19.8321
test_return_std:           3.0653	
[INFO 14:50:39] my_main t_env: 1871272 / 2050000
[INFO 14:50:39] my_main Estimated time left: 47 minutes, 41 seconds. Time passed: 9 hours, 38 minutes, 1 seconds
[INFO 14:51:05] my_main Recent Stats | t_env:    1871272 | Episode:    23854
battle_won_mean:           0.1469	dead_allies_mean:          2.5573	dead_enemies_mean:         1.8197	ep_length_mean:          128.9808
epsilon:                   0.0500	grad_norm:                 9.6578	loss:                      8.1507	loss_central:              0.0266
loss_latent:               4.9822	loss_td:                   3.1420	q_taken_mean:              3.2753	return_mean:              13.0481
return_std:                5.1442	target_mean:               3.2733	td_error_abs:              0.1349	test_battle_won_mean:      0.7125
test_dead_allies_mean:     1.3813	test_dead_enemies_mean:    4.2062	test_ep_length_mean:     138.7875	test_return_mean:         19.7141
test_return_std:           3.3097	
RequestQuit command received.
DataHandler: unable to parse websocket frame.
CloseHandler: 127.0.0.1:37652 disconnected
Closing Application...
[INFO 14:52:28] absl Shutdown gracefully.
[INFO 14:52:28] absl Shutdown with return code: -15
[INFO 14:52:28] absl Launching SC2: /labmount/users/202535331/MARL/pymarl-monotone-qmix/3rdparty/StarCraftII/Versions/Base75689/SC2_x64 -listen 127.0.0.1 -port 46827 -dataDir /labmount/users/202535331/MARL/pymarl-monotone-qmix/3rdparty/StarCraftII/ -tempDir /tmp/sc-c1868y3y/
[INFO 14:52:28] absl Connecting to: ws://127.0.0.1:46827/sc2api, attempt: 0, running: True
Version: B75689 (SC2.4.10)
Build: Aug 12 2019 17:16:57
Command Line: '"/labmount/users/202535331/MARL/pymarl-monotone-qmix/3rdparty/StarCraftII/Versions/Base75689/SC2_x64" -listen 127.0.0.1 -port 46827 -dataDir /labmount/users/202535331/MARL/pymarl-monotone-qmix/3rdparty/StarCraftII/ -tempDir /tmp/sc-c1868y3y/'
Starting up...
Startup Phase 1 complete
[INFO 14:52:29] absl Connecting to: ws://127.0.0.1:46827/sc2api, attempt: 1, running: True
Startup Phase 2 complete
Creating stub renderer...
Listening on: 127.0.0.1:46827
Startup Phase 3 complete. Ready for commands.
[INFO 14:52:30] absl Connecting to: ws://127.0.0.1:46827/sc2api, attempt: 2, running: True
ConnectHandler: Request from 127.0.0.1:59262 accepted
ReadyHandler: 127.0.0.1:59262 ready
Requesting to join a single player game
Configuring interface options
Configure: raw interface enabled
Configure: feature layer interface disabled
Configure: score interface disabled
Configure: render interface disabled
Launching next game.
Next launch phase started: 2
Next launch phase started: 3
Next launch phase started: 4
Next launch phase started: 5
Next launch phase started: 6
Next launch phase started: 7
Next launch phase started: 8
Game has started.
Using default stable ids, none found at: /labmount/users/202535331/MARL/pymarl-monotone-qmix/3rdparty/StarCraftII/stableid.json
Successfully loaded stable ids: GameData\stableid.json
Sending ResponseJoinGame
[INFO 14:53:27] my_main t_env: 1881282 / 2050000
[INFO 14:53:27] my_main Estimated time left: 47 minutes, 1 seconds. Time passed: 9 hours, 40 minutes, 49 seconds
[INFO 14:53:57] my_main Recent Stats | t_env:    1881282 | Episode:    23933
battle_won_mean:           0.1418	dead_allies_mean:          2.5421	dead_enemies_mean:         1.8121	ep_length_mean:          128.7884
epsilon:                   0.0500	grad_norm:                 9.4122	loss:                      8.0543	loss_central:              0.0249
loss_latent:               4.9779	loss_td:                   3.0516	q_taken_mean:              3.2544	return_mean:              12.9968
return_std:                5.0200	target_mean:               3.2612	td_error_abs:              0.1354	test_battle_won_mean:      0.7625
test_dead_allies_mean:     1.3313	test_dead_enemies_mean:    4.3750	test_ep_length_mean:     141.2688	test_return_mean:         20.2026
test_return_std:           3.0591	
[INFO 14:56:09] my_main t_env: 1891303 / 2050000
[INFO 14:56:09] my_main Estimated time left: 42 minutes, 42 seconds. Time passed: 9 hours, 43 minutes, 31 seconds
[INFO 14:56:37] my_main Recent Stats | t_env:    1891303 | Episode:    24006
battle_won_mean:           0.1746	dead_allies_mean:          2.4972	dead_enemies_mean:         1.9881	ep_length_mean:          131.4703
epsilon:                   0.0500	grad_norm:                 9.5878	loss:                      7.9355	loss_central:              0.0244
loss_latent:               5.0748	loss_td:                   2.8363	q_taken_mean:              3.1674	return_mean:              13.4324
return_std:                5.0681	target_mean:               3.1494	td_error_abs:              0.1372	test_battle_won_mean:      0.7625
test_dead_allies_mean:     1.3188	test_dead_enemies_mean:    4.4125	test_ep_length_mean:     141.0875	test_return_mean:         20.1568
test_return_std:           3.2000	
[INFO 14:58:45] my_main t_env: 1901318 / 2050000
[INFO 14:58:45] my_main Estimated time left: 38 minutes, 49 seconds. Time passed: 9 hours, 46 minutes, 7 seconds
[INFO 14:59:15] my_main Recent Stats | t_env:    1901318 | Episode:    24076
battle_won_mean:           0.1824	dead_allies_mean:          2.4828	dead_enemies_mean:         2.0434	ep_length_mean:          132.9954
epsilon:                   0.0500	grad_norm:                 8.7736	loss:                      8.2148	loss_central:              0.0244
loss_latent:               5.4681	loss_td:                   2.7223	q_taken_mean:              3.0992	return_mean:              13.6289
return_std:                5.1021	target_mean:               3.0894	td_error_abs:              0.1385	test_battle_won_mean:      0.7125
test_dead_allies_mean:     1.4187	test_dead_enemies_mean:    4.2875	test_ep_length_mean:     147.5062	test_return_mean:         19.9808
test_return_std:           3.4215	
[INFO 15:01:28] my_main t_env: 1911434 / 2050000
[INFO 15:01:28] my_main Estimated time left: 37 minutes, 4 seconds. Time passed: 9 hours, 48 minutes, 50 seconds
[INFO 15:02:00] my_main Recent Stats | t_env:    1911434 | Episode:    24151
battle_won_mean:           0.2060	dead_allies_mean:          2.4380	dead_enemies_mean:         2.1604	ep_length_mean:          135.5787
epsilon:                   0.0500	grad_norm:                 9.1104	loss:                      7.9944	loss_central:              0.0245
loss_latent:               5.3715	loss_td:                   2.5983	q_taken_mean:              3.0321	return_mean:              14.0311
return_std:                5.1826	target_mean:               3.0291	td_error_abs:              0.1384	test_battle_won_mean:      0.7188
test_dead_allies_mean:     1.3625	test_dead_enemies_mean:    4.3438	test_ep_length_mean:     149.4125	test_return_mean:         20.1593
test_return_std:           3.2711	
[INFO 15:04:01] my_main t_env: 1921578 / 2050000
[INFO 15:04:01] my_main Estimated time left: 32 minutes, 19 seconds. Time passed: 9 hours, 51 minutes, 23 seconds
RequestQuit command received.
Closing Application...
DataHandler: unable to parse websocket frame.
CloseHandler: 127.0.0.1:59262 disconnected
[INFO 15:04:10] absl Shutdown gracefully.
[INFO 15:04:10] absl Shutdown with return code: -15
[INFO 15:04:10] absl Launching SC2: /labmount/users/202535331/MARL/pymarl-monotone-qmix/3rdparty/StarCraftII/Versions/Base75689/SC2_x64 -listen 127.0.0.1 -port 39115 -dataDir /labmount/users/202535331/MARL/pymarl-monotone-qmix/3rdparty/StarCraftII/ -tempDir /tmp/sc-7kqwkm_a/
[INFO 15:04:10] absl Connecting to: ws://127.0.0.1:39115/sc2api, attempt: 0, running: True
Version: B75689 (SC2.4.10)
Build: Aug 12 2019 17:16:57
Command Line: '"/labmount/users/202535331/MARL/pymarl-monotone-qmix/3rdparty/StarCraftII/Versions/Base75689/SC2_x64" -listen 127.0.0.1 -port 39115 -dataDir /labmount/users/202535331/MARL/pymarl-monotone-qmix/3rdparty/StarCraftII/ -tempDir /tmp/sc-7kqwkm_a/'
Starting up...
Startup Phase 1 complete
[INFO 15:04:11] absl Connecting to: ws://127.0.0.1:39115/sc2api, attempt: 1, running: True
Startup Phase 2 complete
Creating stub renderer...
Listening on: 127.0.0.1:39115
Startup Phase 3 complete. Ready for commands.
[INFO 15:04:12] absl Connecting to: ws://127.0.0.1:39115/sc2api, attempt: 2, running: True
ConnectHandler: Request from 127.0.0.1:42440 accepted
ReadyHandler: 127.0.0.1:42440 ready
Requesting to join a single player game
Configuring interface options
Configure: raw interface enabled
Configure: feature layer interface disabled
Configure: score interface disabled
Configure: render interface disabled
Launching next game.
Next launch phase started: 2
Next launch phase started: 3
Next launch phase started: 4
Next launch phase started: 5
Next launch phase started: 6
Next launch phase started: 7
Next launch phase started: 8
Game has started.
Using default stable ids, none found at: /labmount/users/202535331/MARL/pymarl-monotone-qmix/3rdparty/StarCraftII/stableid.json
Successfully loaded stable ids: GameData\stableid.json
Sending ResponseJoinGame
[INFO 15:04:34] my_main Recent Stats | t_env:    1921578 | Episode:    24219
battle_won_mean:           0.2233	dead_allies_mean:          2.3943	dead_enemies_mean:         2.2842	ep_length_mean:          138.2221
epsilon:                   0.0500	grad_norm:                 7.8715	loss:                      7.9455	loss_central:              0.0267
loss_latent:               5.3065	loss_td:                   2.6123	q_taken_mean:              2.9917	return_mean:              14.5397
return_std:                5.1390	target_mean:               3.0059	td_error_abs:              0.1373	test_battle_won_mean:      0.7188
test_dead_allies_mean:     1.3000	test_dead_enemies_mean:    4.4062	test_ep_length_mean:     153.0000	test_return_mean:         20.3147
test_return_std:           3.1098	
[INFO 15:06:44] my_main t_env: 1931621 / 2050000
[INFO 15:06:44] my_main Estimated time left: 31 minutes, 56 seconds. Time passed: 9 hours, 54 minutes, 6 seconds
[INFO 15:07:11] my_main Recent Stats | t_env:    1931621 | Episode:    24300
battle_won_mean:           0.2300	dead_allies_mean:          2.4016	dead_enemies_mean:         2.3143	ep_length_mean:          137.6779
epsilon:                   0.0500	grad_norm:                 7.9335	loss:                      8.0289	loss_central:              0.0267
loss_latent:               5.2781	loss_td:                   2.7241	q_taken_mean:              3.0085	return_mean:              14.6143
return_std:                5.1873	target_mean:               3.0202	td_error_abs:              0.1368	test_battle_won_mean:      0.6937
test_dead_allies_mean:     1.3313	test_dead_enemies_mean:    4.4062	test_ep_length_mean:     152.3438	test_return_mean:         20.1921
test_return_std:           3.1275	
[INFO 15:09:19] my_main t_env: 1941822 / 2050000
[INFO 15:09:19] my_main Estimated time left: 27 minutes, 30 seconds. Time passed: 9 hours, 56 minutes, 41 seconds
[INFO 15:09:48] my_main Recent Stats | t_env:    1941822 | Episode:    24378
battle_won_mean:           0.2058	dead_allies_mean:          2.4535	dead_enemies_mean:         2.2202	ep_length_mean:          136.3795
epsilon:                   0.0500	grad_norm:                 7.9386	loss:                      7.9573	loss_central:              0.0266
loss_latent:               4.9907	loss_td:                   2.9399	q_taken_mean:              3.1199	return_mean:              14.2549
return_std:                5.2161	target_mean:               3.1457	td_error_abs:              0.1334	test_battle_won_mean:      0.6813
test_dead_allies_mean:     1.3500	test_dead_enemies_mean:    4.4062	test_ep_length_mean:     155.8375	test_return_mean:         20.2000
test_return_std:           2.9923	
[INFO 15:11:59] my_main t_env: 1951935 / 2050000
[INFO 15:11:59] my_main Estimated time left: 25 minutes, 52 seconds. Time passed: 9 hours, 59 minutes, 21 seconds
[INFO 15:12:25] my_main Recent Stats | t_env:    1951935 | Episode:    24459
battle_won_mean:           0.1901	dead_allies_mean:          2.4891	dead_enemies_mean:         2.0966	ep_length_mean:          132.7356
epsilon:                   0.0500	grad_norm:                 7.9046	loss:                      7.7376	loss_central:              0.0273
loss_latent:               4.5949	loss_td:                   3.1154	q_taken_mean:              3.2066	return_mean:              13.7714
return_std:                5.1026	target_mean:               3.2354	td_error_abs:              0.1345	test_battle_won_mean:      0.6937
test_dead_allies_mean:     1.3875	test_dead_enemies_mean:    4.4688	test_ep_length_mean:     154.7562	test_return_mean:         20.3408
test_return_std:           2.9153	
[INFO 15:14:28] my_main t_env: 1962057 / 2050000
[INFO 15:14:28] my_main Estimated time left: 21 minutes, 33 seconds. Time passed: 10 hours, 1 minutes, 50 seconds
[INFO 15:14:53] my_main Recent Stats | t_env:    1962057 | Episode:    24533
battle_won_mean:           0.1773	dead_allies_mean:          2.5199	dead_enemies_mean:         2.1077	ep_length_mean:          133.1164
epsilon:                   0.0500	grad_norm:                 8.0836	loss:                      7.7305	loss_central:              0.0266
loss_latent:               4.5757	loss_td:                   3.1282	q_taken_mean:              3.2051	return_mean:              13.6829
return_std:                4.9988	target_mean:               3.2217	td_error_abs:              0.1318	test_battle_won_mean:      0.6937
test_dead_allies_mean:     1.4312	test_dead_enemies_mean:    4.4437	test_ep_length_mean:     150.0500	test_return_mean:         20.1644
test_return_std:           2.9296	
RequestQuit command received.
DataHandler: unable to parse websocket frame.
CloseHandler: 127.0.0.1:42440 disconnected
Closing Application...
ResponseThread: No connection, dropping the response.
[INFO 15:15:25] absl Shutdown gracefully.
[INFO 15:15:25] absl Shutdown with return code: -15
[INFO 15:15:25] absl Launching SC2: /labmount/users/202535331/MARL/pymarl-monotone-qmix/3rdparty/StarCraftII/Versions/Base75689/SC2_x64 -listen 127.0.0.1 -port 40167 -dataDir /labmount/users/202535331/MARL/pymarl-monotone-qmix/3rdparty/StarCraftII/ -tempDir /tmp/sc-ostpmby0/
[INFO 15:15:25] absl Connecting to: ws://127.0.0.1:40167/sc2api, attempt: 0, running: True
Version: B75689 (SC2.4.10)
Build: Aug 12 2019 17:16:57
Command Line: '"/labmount/users/202535331/MARL/pymarl-monotone-qmix/3rdparty/StarCraftII/Versions/Base75689/SC2_x64" -listen 127.0.0.1 -port 40167 -dataDir /labmount/users/202535331/MARL/pymarl-monotone-qmix/3rdparty/StarCraftII/ -tempDir /tmp/sc-ostpmby0/'
Starting up...
Startup Phase 1 complete
[INFO 15:15:26] absl Connecting to: ws://127.0.0.1:40167/sc2api, attempt: 1, running: True
Startup Phase 2 complete
Creating stub renderer...
Listening on: 127.0.0.1:40167
Startup Phase 3 complete. Ready for commands.
[INFO 15:15:27] absl Connecting to: ws://127.0.0.1:40167/sc2api, attempt: 2, running: True
ConnectHandler: Request from 127.0.0.1:42474 accepted
ReadyHandler: 127.0.0.1:42474 ready
Requesting to join a single player game
Configuring interface options
Configure: raw interface enabled
Configure: feature layer interface disabled
Configure: score interface disabled
Configure: render interface disabled
Launching next game.
Next launch phase started: 2
Next launch phase started: 3
Next launch phase started: 4
Next launch phase started: 5
Next launch phase started: 6
Next launch phase started: 7
Next launch phase started: 8
Game has started.
Using default stable ids, none found at: /labmount/users/202535331/MARL/pymarl-monotone-qmix/3rdparty/StarCraftII/stableid.json
Successfully loaded stable ids: GameData\stableid.json
Sending ResponseJoinGame
[INFO 15:17:10] my_main t_env: 1972130 / 2050000
[INFO 15:17:10] my_main Estimated time left: 20 minutes, 51 seconds. Time passed: 10 hours, 4 minutes, 32 seconds
[INFO 15:17:37] my_main Recent Stats | t_env:    1972130 | Episode:    24614
battle_won_mean:           0.1598	dead_allies_mean:          2.5742	dead_enemies_mean:         1.9914	ep_length_mean:          128.1527
epsilon:                   0.0500	grad_norm:                 8.4583	loss:                      7.6760	loss_central:              0.0236
loss_latent:               4.6092	loss_td:                   3.0432	q_taken_mean:              3.2732	return_mean:              13.3080
return_std:                4.9123	target_mean:               3.2854	td_error_abs:              0.1304	test_battle_won_mean:      0.6813
test_dead_allies_mean:     1.5250	test_dead_enemies_mean:    4.4125	test_ep_length_mean:     149.4187	test_return_mean:         20.1329
test_return_std:           2.8671	
[INFO 15:19:40] my_main t_env: 1982162 / 2050000
[INFO 15:19:40] my_main Estimated time left: 16 minutes, 55 seconds. Time passed: 10 hours, 7 minutes, 2 seconds
[INFO 15:20:08] my_main Recent Stats | t_env:    1982162 | Episode:    24686
battle_won_mean:           0.1586	dead_allies_mean:          2.5658	dead_enemies_mean:         2.0013	ep_length_mean:          131.2218
epsilon:                   0.0500	grad_norm:                 8.2448	loss:                      7.6215	loss_central:              0.0245
loss_latent:               4.6045	loss_td:                   2.9925	q_taken_mean:              3.2151	return_mean:              13.3756
return_std:                4.9119	target_mean:               3.2312	td_error_abs:              0.1304	test_battle_won_mean:      0.6875
test_dead_allies_mean:     1.5312	test_dead_enemies_mean:    4.3500	test_ep_length_mean:     149.1562	test_return_mean:         20.1854
test_return_std:           2.8673	
[INFO 15:22:09] my_main t_env: 1992221 / 2050000
[INFO 15:22:09] my_main Estimated time left: 14 minutes, 12 seconds. Time passed: 10 hours, 9 minutes, 31 seconds
[INFO 15:22:32] my_main Recent Stats | t_env:    1992221 | Episode:    24762
battle_won_mean:           0.1674	dead_allies_mean:          2.5559	dead_enemies_mean:         2.0411	ep_length_mean:          131.5365
epsilon:                   0.0500	grad_norm:                 8.7805	loss:                      7.7394	loss_central:              0.0287
loss_latent:               4.6669	loss_td:                   3.0437	q_taken_mean:              3.2408	return_mean:              13.6577
return_std:                4.7728	target_mean:               3.2653	td_error_abs:              0.1344	test_battle_won_mean:      0.7312
test_dead_allies_mean:     1.4625	test_dead_enemies_mean:    4.4125	test_ep_length_mean:     144.2500	test_return_mean:         20.3328
test_return_std:           2.7173	
[INFO 15:24:07] my_main Saving models to results/models/s2q_pmix_kan_3s_vs_5z_seed1__2026-10-02_05-12-34/2000237
[INFO 15:24:34] my_main t_env: 2002299 / 2050000
[INFO 15:24:34] my_main Estimated time left: 11 minutes, 25 seconds. Time passed: 10 hours, 11 minutes, 56 seconds
[INFO 15:24:58] my_main Recent Stats | t_env:    2002299 | Episode:    24841
battle_won_mean:           0.1782	dead_allies_mean:          2.5336	dead_enemies_mean:         2.1133	ep_length_mean:          132.0800
epsilon:                   0.0500	grad_norm:                 8.8140	loss:                      7.6566	loss_central:              0.0276
loss_latent:               4.7181	loss_td:                   2.9108	q_taken_mean:              3.1778	return_mean:              13.8923
return_std:                4.8630	target_mean:               3.1767	td_error_abs:              0.1357	test_battle_won_mean:      0.7063
test_dead_allies_mean:     1.4563	test_dead_enemies_mean:    4.3625	test_ep_length_mean:     144.6000	test_return_mean:         20.1600
test_return_std:           2.7103	
RequestQuit command received.
DataHandler: unable to parse websocket frame.
Closing Application...
CloseHandler: 127.0.0.1:42474 disconnected
ResponseThread: No connection, dropping the response.
[INFO 15:26:35] absl Shutdown gracefully.
[INFO 15:26:35] absl Shutdown with return code: -15
[INFO 15:26:35] absl Launching SC2: /labmount/users/202535331/MARL/pymarl-monotone-qmix/3rdparty/StarCraftII/Versions/Base75689/SC2_x64 -listen 127.0.0.1 -port 35971 -dataDir /labmount/users/202535331/MARL/pymarl-monotone-qmix/3rdparty/StarCraftII/ -tempDir /tmp/sc-j3fd7r97/
[INFO 15:26:35] absl Connecting to: ws://127.0.0.1:35971/sc2api, attempt: 0, running: True
Version: B75689 (SC2.4.10)
Build: Aug 12 2019 17:16:57
Command Line: '"/labmount/users/202535331/MARL/pymarl-monotone-qmix/3rdparty/StarCraftII/Versions/Base75689/SC2_x64" -listen 127.0.0.1 -port 35971 -dataDir /labmount/users/202535331/MARL/pymarl-monotone-qmix/3rdparty/StarCraftII/ -tempDir /tmp/sc-j3fd7r97/'
Starting up...
Startup Phase 1 complete
[INFO 15:26:36] absl Connecting to: ws://127.0.0.1:35971/sc2api, attempt: 1, running: True
Startup Phase 2 complete
Creating stub renderer...
Listening on: 127.0.0.1:35971
Startup Phase 3 complete. Ready for commands.
[INFO 15:26:37] absl Connecting to: ws://127.0.0.1:35971/sc2api, attempt: 2, running: True
ConnectHandler: Request from 127.0.0.1:37984 accepted
ReadyHandler: 127.0.0.1:37984 ready
Requesting to join a single player game
Configuring interface options
Configure: raw interface enabled
Configure: feature layer interface disabled
Configure: score interface disabled
Configure: render interface disabled
Launching next game.
Next launch phase started: 2
Next launch phase started: 3
Next launch phase started: 4
Next launch phase started: 5
Next launch phase started: 6
Next launch phase started: 7
Next launch phase started: 8
Game has started.
Using default stable ids, none found at: /labmount/users/202535331/MARL/pymarl-monotone-qmix/3rdparty/StarCraftII/stableid.json
Successfully loaded stable ids: GameData\stableid.json
Sending ResponseJoinGame
[INFO 15:26:53] my_main t_env: 2012315 / 2050000
[INFO 15:26:53] my_main Estimated time left: 8 minutes, 43 seconds. Time passed: 10 hours, 14 minutes, 15 seconds
[INFO 15:27:16] my_main Recent Stats | t_env:    2012315 | Episode:    24909
battle_won_mean:           0.1989	dead_allies_mean:          2.5047	dead_enemies_mean:         2.2019	ep_length_mean:          134.1821
epsilon:                   0.0500	grad_norm:                 7.9552	loss:                      7.8261	loss_central:              0.0296
loss_latent:               4.7755	loss_td:                   3.0210	q_taken_mean:              3.3317	return_mean:              14.3194
return_std:                4.8453	target_mean:               3.3238	td_error_abs:              0.1429	test_battle_won_mean:      0.7188
test_dead_allies_mean:     1.4125	test_dead_enemies_mean:    4.4000	test_ep_length_mean:     145.0750	test_return_mean:         20.2908
test_return_std:           2.7269	
[INFO 15:29:16] my_main t_env: 2022335 / 2050000
[INFO 15:29:16] my_main Estimated time left: 6 minutes, 36 seconds. Time passed: 10 hours, 16 minutes, 39 seconds
[INFO 15:29:41] my_main Recent Stats | t_env:    2022335 | Episode:    24988
battle_won_mean:           0.2123	dead_allies_mean:          2.4899	dead_enemies_mean:         2.2773	ep_length_mean:          134.6776
epsilon:                   0.0500	grad_norm:                 8.2834	loss:                      7.9908	loss_central:              0.0310
loss_latent:               4.7987	loss_td:                   3.1611	q_taken_mean:              3.4009	return_mean:              14.4743
return_std:                4.8830	target_mean:               3.3910	td_error_abs:              0.1459	test_battle_won_mean:      0.7625
test_dead_allies_mean:     1.3313	test_dead_enemies_mean:    4.4875	test_ep_length_mean:     146.3688	test_return_mean:         20.5633
test_return_std:           2.5802	
[INFO 15:31:40] my_main t_env: 2032451 / 2050000
[INFO 15:31:40] my_main Estimated time left: 4 minutes, 8 seconds. Time passed: 10 hours, 19 minutes, 2 seconds
[INFO 15:32:04] my_main Recent Stats | t_env:    2032451 | Episode:    25064
battle_won_mean:           0.2316	dead_allies_mean:          2.5003	dead_enemies_mean:         2.3445	ep_length_mean:          133.4319
epsilon:                   0.0500	grad_norm:                 8.2069	loss:                      8.2926	loss_central:              0.0317
loss_latent:               5.0229	loss_td:                   3.2379	q_taken_mean:              3.5283	return_mean:              14.6819
return_std:                4.9550	target_mean:               3.5080	td_error_abs:              0.1493	test_battle_won_mean:      0.7750
test_dead_allies_mean:     1.3188	test_dead_enemies_mean:    4.5250	test_ep_length_mean:     145.5563	test_return_mean:         20.5446
test_return_std:           2.5428	
[INFO 15:34:00] my_main t_env: 2042489 / 2050000
[INFO 15:34:00] my_main Estimated time left: 1 minutes, 45 seconds. Time passed: 10 hours, 21 minutes, 23 seconds
[INFO 15:34:23] my_main Recent Stats | t_env:    2042489 | Episode:    25138
battle_won_mean:           0.2436	dead_allies_mean:          2.4871	dead_enemies_mean:         2.4054	ep_length_mean:          134.0906
epsilon:                   0.0500	grad_norm:                 7.7074	loss:                      8.4917	loss_central:              0.0294
loss_latent:               5.2770	loss_td:                   3.1853	q_taken_mean:              3.5379	return_mean:              14.8814
return_std:                5.0154	target_mean:               3.5263	td_error_abs:              0.1528	test_battle_won_mean:      0.7750
test_dead_allies_mean:     1.3062	test_dead_enemies_mean:    4.4938	test_ep_length_mean:     144.4875	test_return_mean:         20.4773
test_return_std:           2.7529	
DataHandler: unable to parse websocket frame.
RequestQuit command received.
CloseHandler: 127.0.0.1:37984 disconnected
QueueResponse: No outstanding requests to this connection, dropping response: quit, id: 999999999
Closing Application...
[INFO 15:35:47] absl Shutdown gracefully.
[INFO 15:35:47] absl Shutdown with return code: -15
[INFO 15:35:47] my_main Finished Training
