{
  "battle_won_mean": [
    0.0,
    0.0,
    0.0,
    0.0,
    0.0,
    0.0
  ],
  "battle_won_mean_T": [
    36,
    10048,
    20054,
    30060,
    40065,
    50071
  ],
  "dead_allies_mean": [
    10.0,
    9.90272373540856,
    9.551612903225806,
    9.150510204081632,
    9.036745406824148,
    9.115384615384615
  ],
  "dead_allies_mean_T": [
    36,
    10048,
    20054,
    30060,
    40065,
    50071
  ],
  "dead_enemies_mean": [
    0.0,
    0.0,
    0.1,
    0.2653061224489796,
    1.0026246719160106,
    2.0961538461538463
  ],
  "dead_enemies_mean_T": [
    36,
    10048,
    20054,
    30060,
    40065,
    50071
  ],
  "ep_length_mean": [
    36.0,
    38.95719844357976,
    32.27741935483871,
    25.525510204081634,
    26.25984251968504,
    32.07051282051282
  ],
  "ep_length_mean_T": [
    36,
    10048,
    20054,
    30060,
    40065,
    50071
  ],
  "episode": [
    257,
    567,
    959,
    1341,
    1653
  ],
  "episode_T": [
    10017,
    20029,
    30039,
    40065,
    50071
  ],
  "epsilon": [
    1.0,
    0.809677,
    0.619449,
    0.42925900000000006,
    0.23933500000000008,
    0.05
  ],
  "epsilon_T": [
    36,
    10048,
    20054,
    30060,
    40065,
    50071
  ],
  "grad_norm": [
    0.6040255427360535,
    0.08501153439283371,
    0.01060614176094532,
    0.01786430925130844,
    0.1121528223156929,
    0.13788007199764252
  ],
  "grad_norm_T": [
    1256,
    11260,
    21277,
    31281,
    41303,
    51341
  ],
  "loss": [
    0.021475713700056076,
    0.003125847550109029,
    0.004686302505433559,
    0.009104116819798946,
    0.008590876124799252,
    0.010953961871564388
  ],
  "loss_T": [
    1256,
    11260,
    21277,
    31281,
    41303,
    51341
  ],
  "q_taken_mean": [
    -0.009326179164230444,
    0.012089232893179584,
    0.03665225063996755,
    0.07635967154777487,
    0.08987855635862299,
    0.11880632545701902
  ],
  "q_taken_mean_T": [
    1256,
    11260,
    21277,
    31281,
    41303,
    51341
  ],
  "return_mean": [
    1.164013874481328,
    1.9528710404574403,
    2.293685453545376,
    2.600549478698053,
    3.498702766455931,
    4.798309712552531
  ],
  "return_mean_T": [
    36,
    10048,
    20054,
    30060,
    40065,
    50071
  ],
  "return_std": [
    0.0,
    0.47781929077613633,
    0.6170428702196258,
    0.5677076898511411,
    0.7190221290692782,
    0.9007870987731409
  ],
  "return_std_T": [
    36,
    10048,
    20054,
    30060,
    40065,
    50071
  ],
  "target_mean": [
    0.0026924655695629725,
    0.010305260664579884,
    0.03663223526151242,
    0.07654758313563481,
    0.08759136342747326,
    0.11651554047999219
  ],
  "target_mean_T": [
    1256,
    11260,
    21277,
    31281,
    41303,
    51341
  ],
  "td_error_abs": [
    0.1210654799345952,
    0.043635542029576584,
    0.051969389885583944,
    0.06783632607984293,
    0.06758387764507437,
    0.07354257402628878
  ],
  "td_error_abs_T": [
    1256,
    11260,
    21277,
    31281,
    41303,
    51341
  ],
  "test_battle_won_mean": [
    0.0,
    0.0,
    0.0,
    0.0,
    0.0,
    0.0
  ],
  "test_battle_won_mean_T": [
    36,
    10048,
    20054,
    30060,
    40065,
    50071
  ],
  "test_dead_allies_mean": [
    9.46875,
    9.21875,
    9.0,
    9.0,
    9.125,
    9.15625
  ],
  "test_dead_allies_mean_T": [
    36,
    10048,
    20054,
    30060,
    40065,
    50071
  ],
  "test_dead_enemies_mean": [
    0.34375,
    1.9375,
    2.71875,
    3.0625,
    3.5,
    3.09375
  ],
  "test_dead_enemies_mean_T": [
    36,
    10048,
    20054,
    30060,
    40065,
    50071
  ],
  "test_ep_length_mean": [
    84.5,
    65.5625,
    26.71875,
    28.34375,
    35.28125,
    43.125
  ],
  "test_ep_length_mean_T": [
    36,
    10048,
    20054,
    30060,
    40065,
    50071
  ],
  "test_return_mean": [
    2.0918523384822354,
    4.636261619472899,
    5.477414206350491,
    5.807483214065741,
    6.155468699348416,
    5.95965766115307
  ],
  "test_return_mean_T": [
    36,
    10048,
    20054,
    30060,
    40065,
    50071
  ],
  "test_return_std": [
    0.6387391218360943,
    0.838284273546928,
    0.6458587292698111,
    1.0764752776639945,
    1.0539110473788516,
    0.9139315184069143
  ],
  "test_return_std_T": [
    36,
    10048,
    20054,
    30060,
    40065,
    50071
  ]
}