{
  "battle_won_mean": [
    0.0,
    0.0,
    0.0,
    0.0,
    0.0,
    0.0,
    0.0,
    0.0,
    0.0
  ],
  "battle_won_mean_T": [
    36,
    10069,
    20107,
    30113,
    40130,
    50185,
    60341,
    70354,
    80390
  ],
  "dead_allies_mean": [
    10.0,
    9.9272030651341,
    9.667832167832168,
    9.35693215339233,
    9.430921052631579,
    9.536796536796537,
    9.724137931034482,
    9.73943661971831,
    9.786206896551723
  ],
  "dead_allies_mean_T": [
    36,
    10069,
    20107,
    30113,
    40130,
    50185,
    60341,
    70354,
    80390
  ],
  "dead_enemies_mean": [
    0.0,
    0.0,
    0.045454545454545456,
    0.21238938053097345,
    0.8552631578947368,
    1.6147186147186148,
    2.2701149425287355,
    2.4014084507042255,
    2.56551724137931
  ],
  "dead_enemies_mean_T": [
    36,
    10069,
    20107,
    30113,
    40130,
    50185,
    60341,
    70354,
    80390
  ],
  "ep_length_mean": [
    36.0,
    38.440613026819925,
    35.0979020979021,
    29.51622418879056,
    32.95065789473684,
    43.52813852813853,
    58.367816091954026,
    70.51408450704226,
    69.21379310344828
  ],
  "ep_length_mean_T": [
    36,
    10069,
    20107,
    30113,
    40130,
    50185,
    60341,
    70354,
    80390
  ],
  "episode": [
    261,
    546,
    885,
    1189,
    1420,
    1595,
    1735,
    1880
  ],
  "episode_T": [
    10032,
    20040,
    30042,
    40061,
    50064,
    60161,
    70165,
    80265
  ],
  "epsilon": [
    1.0,
    0.809392,
    0.618784,
    0.4287270000000001,
    0.23825200000000013,
    0.05,
    0.05,
    0.05,
    0.05
  ],
  "epsilon_T": [
    36,
    10069,
    20107,
    30113,
    40130,
    50185,
    60341,
    70354,
    80390
  ],
  "grad_norm": [
    5.340427398681641,
    0.7475766539573669,
    0.43363794684410095,
    0.23749947547912598,
    0.10220441222190857,
    0.5138121843338013,
    0.847688615322113,
    0.10827504843473434,
    0.5036249756813049
  ],
  "grad_norm_T": [
    1183,
    11205,
    21219,
    31219,
    41236,
    51272,
    61286,
    71293,
    81378
  ],
  "loss": [
    0.5308141112327576,
    0.020389320328831673,
    0.014060866087675095,
    0.014930090866982937,
    0.01749097928404808,
    0.016690757125616074,
    0.028950992971658707,
    0.016902899369597435,
    0.02092435024678707
  ],
  "loss_T": [
    1183,
    11205,
    21219,
    31219,
    41236,
    51272,
    61286,
    71293,
    81378
  ],
  "q_taken_mean": [
    0.06607483374498098,
    0.08582981346352121,
    0.11121778466235632,
    0.1415267377040634,
    0.17857780383604208,
    0.14042620626919677,
    0.2157426107074208,
    0.19253329848245423,
    0.19384510151332612
  ],
  "q_taken_mean_T": [
    1183,
    11205,
    21219,
    31219,
    41236,
    51272,
    61286,
    71293,
    81378
  ],
  "return_mean": [
    1.4605809128630705,
    1.9154731213285556,
    2.3278077723301074,
    2.792165879095828,
    3.915361273208022,
    5.032223983874008,
    6.193385969991532,
    6.362718375378043,
    6.313197357007437
  ],
  "return_mean_T": [
    36,
    10069,
    20107,
    30113,
    40130,
    50185,
    60341,
    70354,
    80390
  ],
  "return_std": [
    0.0,
    0.46395653572985257,
    0.5562987112477585,
    0.65265401471916,
    0.8753714784498641,
    0.911924783734275,
    1.1422969215894276,
    1.2440560301508692,
    1.1477553279432564
  ],
  "return_std_T": [
    36,
    10069,
    20107,
    30113,
    40130,
    50185,
    60341,
    70354,
    80390
  ],
  "target_mean": [
    0.12420636755071851,
    0.09465911217964454,
    0.10550504370210728,
    0.1447550494518589,
    0.17746963646854086,
    0.14714839932462304,
    0.20504342654211324,
    0.19396583138077594,
    0.18735098009687254
  ],
  "target_mean_T": [
    1183,
    11205,
    21219,
    31219,
    41236,
    51272,
    61286,
    71293,
    81378
  ],
  "td_error_abs": [
    0.6119112351740807,
    0.11476602726626939,
    0.0805387182710728,
    0.0904647056208666,
    0.09454026231346349,
    0.09964898195359037,
    0.13208767196783258,
    0.09322915912817745,
    0.09869482008891252
  ],
  "td_error_abs_T": [
    1183,
    11205,
    21219,
    31219,
    41236,
    51272,
    61286,
    71293,
    81378
  ],
  "test_battle_won_mean": [
    0.0,
    0.0,
    0.0,
    0.0,
    0.0,
    0.0,
    0.0,
    0.0,
    0.0
  ],
  "test_battle_won_mean_T": [
    36,
    10069,
    20107,
    30113,
    40130,
    50185,
    60341,
    70354,
    80390
  ],
  "test_dead_allies_mean": [
    10.0,
    9.5,
    9.25,
    9.34375,
    9.4375,
    9.65625,
    9.5,
    9.6875,
    9.78125
  ],
  "test_dead_allies_mean_T": [
    36,
    10069,
    20107,
    30113,
    40130,
    50185,
    60341,
    70354,
    80390
  ],
  "test_dead_enemies_mean": [
    0.03125,
    1.3125,
    2.1875,
    2.78125,
    2.53125,
    3.03125,
    2.40625,
    2.75,
    2.375
  ],
  "test_dead_enemies_mean_T": [
    36,
    10069,
    20107,
    30113,
    40130,
    50185,
    60341,
    70354,
    80390
  ],
  "test_ep_length_mean": [
    31.53125,
    35.875,
    30.15625,
    44.34375,
    47.46875,
    73.03125,
    85.40625,
    87.625,
    74.53125
  ],
  "test_ep_length_mean_T": [
    36,
    10069,
    20107,
    30113,
    40130,
    50185,
    60341,
    70354,
    80390
  ],
  "test_return_mean": [
    0.8684697447970693,
    4.193243636135245,
    5.128156100071315,
    5.923808244254082,
    6.06824490242479,
    6.972199119472895,
    6.449974978118513,
    6.711092620469719,
    6.415021840962133
  ],
  "test_return_mean_T": [
    36,
    10069,
    20107,
    30113,
    40130,
    50185,
    60341,
    70354,
    80390
  ],
  "test_return_std": [
    0.7555517843100888,
    0.5334418930952958,
    0.721652255992414,
    1.0790836815994338,
    0.9155829364936426,
    1.2204900001042134,
    1.2776710009848096,
    1.0282700027033367,
    1.2230319582898272
  ],
  "test_return_std_T": [
    36,
    10069,
    20107,
    30113,
    40130,
    50185,
    60341,
    70354,
    80390
  ]
}