{
  "battle_won_mean": [
    0.0,
    0.0,
    0.0,
    0.0,
    0.0,
    0.0,
    0.0,
    0.0,
    0.0
  ],
  "battle_won_mean_T": [
    36,
    10043,
    20066,
    30074,
    40088,
    50127,
    60156,
    70189,
    80216
  ],
  "dead_allies_mean": [
    10.0,
    9.937007874015748,
    9.766323024054984,
    9.223433242506813,
    9.43235294117647,
    9.464788732394366,
    9.472868217054264,
    9.540322580645162,
    9.666666666666666
  ],
  "dead_allies_mean_T": [
    36,
    10043,
    20066,
    30074,
    40088,
    50127,
    60156,
    70189,
    80216
  ],
  "dead_enemies_mean": [
    0.0,
    0.0,
    0.024054982817869417,
    0.21525885558583105,
    1.0970588235294119,
    2.2253521126760565,
    2.794573643410853,
    3.060483870967742,
    3.0933333333333333
  ],
  "dead_enemies_mean_T": [
    36,
    10043,
    20066,
    30074,
    40088,
    50127,
    60156,
    70189,
    80216
  ],
  "ep_length_mean": [
    36.0,
    39.39763779527559,
    34.44329896907217,
    27.26975476839237,
    29.45294117647059,
    35.348591549295776,
    38.872093023255815,
    40.45564516129032,
    44.56444444444445
  ],
  "ep_length_mean_T": [
    36,
    10043,
    20066,
    30074,
    40088,
    50127,
    60156,
    70189,
    80216
  ],
  "episode": [
    254,
    545,
    912,
    1252,
    1536,
    1794,
    2042,
    2267
  ],
  "episode_T": [
    10006,
    20035,
    30051,
    40057,
    50087,
    60111,
    70139,
    80176
  ],
  "epsilon": [
    1.0,
    0.809886,
    0.619335,
    0.42903100000000005,
    0.23891700000000005,
    0.05,
    0.05,
    0.05,
    0.05
  ],
  "epsilon_T": [
    36,
    10043,
    20066,
    30074,
    40088,
    50127,
    60156,
    70189,
    80216
  ],
  "grad_norm": [
    0.3759500980377197,
    0.047447193413972855,
    0.012877831235527992,
    0.12844601273536682,
    0.18962998688220978,
    0.23998525738716125,
    0.29220953583717346,
    0.21783246099948883,
    0.3117997646331787
  ],
  "grad_norm_T": [
    1182,
    11183,
    21197,
    31211,
    41241,
    51259,
    61276,
    71280,
    81310
  ],
  "loss": [
    0.013166139833629131,
    0.0037348309997469187,
    0.003970368765294552,
    0.00641202088445425,
    0.009645961225032806,
    0.012452171184122562,
    0.0134405717253685,
    0.011658800765872002,
    0.014737473800778389
  ],
  "loss_T": [
    1182,
    11183,
    21197,
    31211,
    41241,
    51259,
    61276,
    71280,
    81310
  ],
  "q_taken_mean": [
    0.018733740740419443,
    0.03135709844083868,
    0.04193669563330314,
    0.07395391127642463,
    0.10404107323382493,
    0.12011794892868193,
    0.13616012832327973,
    0.1389305822929127,
    0.14681432569349134
  ],
  "q_taken_mean_T": [
    1182,
    11183,
    21197,
    31211,
    41241,
    51259,
    61276,
    71280,
    81310
  ],
  "return_mean": [
    2.2180368257261405,
    1.911813170930057,
    2.2356107872009163,
    2.634216125723597,
    4.169074587255156,
    5.567701817589926,
    6.265513770696626,
    6.4768069837486175,
    6.52290099844398
  ],
  "return_mean_T": [
    36,
    10043,
    20066,
    30074,
    40088,
    50127,
    60156,
    70189,
    80216
  ],
  "return_std": [
    0.0,
    0.4714574137381624,
    0.520357983026098,
    0.6226796458167895,
    1.0559116407640685,
    1.0708842793473468,
    1.152467809605482,
    1.1380645252316768,
    1.0811414812284812
  ],
  "return_std_T": [
    36,
    10043,
    20066,
    30074,
    40088,
    50127,
    60156,
    70189,
    80216
  ],
  "target_mean": [
    0.027039555325322547,
    0.03252670655624757,
    0.041677079991633954,
    0.07106193991268382,
    0.1003911128166627,
    0.11603290822246287,
    0.13176247713499778,
    0.14222455330442585,
    0.15130712148305533
  ],
  "target_mean_T": [
    1182,
    11183,
    21197,
    31211,
    41241,
    51259,
    61276,
    71280,
    81310
  ],
  "td_error_abs": [
    0.09204355875651042,
    0.043719492499552315,
    0.04499412696334667,
    0.06073645423440372,
    0.07255745841479097,
    0.08183614900796721,
    0.0813043030166967,
    0.0787969999906549,
    0.08612577335254566
  ],
  "td_error_abs_T": [
    1182,
    11183,
    21197,
    31211,
    41241,
    51259,
    61276,
    71280,
    81310
  ],
  "test_battle_won_mean": [
    0.0,
    0.0,
    0.0,
    0.0,
    0.0,
    0.0,
    0.0,
    0.0,
    0.0
  ],
  "test_battle_won_mean_T": [
    36,
    10043,
    20066,
    30074,
    40088,
    50127,
    60156,
    70189,
    80216
  ],
  "test_dead_allies_mean": [
    9.09375,
    9.59375,
    9.03125,
    9.125,
    9.375,
    9.4375,
    9.46875,
    9.65625,
    9.625
  ],
  "test_dead_allies_mean_T": [
    36,
    10043,
    20066,
    30074,
    40088,
    50127,
    60156,
    70189,
    80216
  ],
  "test_dead_enemies_mean": [
    0.0,
    0.28125,
    0.375,
    2.21875,
    3.625,
    3.65625,
    3.0625,
    3.3125,
    3.375
  ],
  "test_dead_enemies_mean_T": [
    36,
    10043,
    20066,
    30074,
    40088,
    50127,
    60156,
    70189,
    80216
  ],
  "test_ep_length_mean": [
    106.03125,
    99.4375,
    99.53125,
    30.75,
    38.625,
    39.90625,
    39.03125,
    42.40625,
    43.09375
  ],
  "test_ep_length_mean_T": [
    36,
    10043,
    20066,
    30074,
    40088,
    50127,
    60156,
    70189,
    80216
  ],
  "test_return_mean": [
    0.2639537510535529,
    2.7296636431049013,
    2.9299731749221993,
    5.650329589843749,
    6.7353405457809234,
    7.405387150301477,
    6.652136331771912,
    6.869543051818591,
    6.985422221456817
  ],
  "test_return_mean_T": [
    36,
    10043,
    20066,
    30074,
    40088,
    50127,
    60156,
    70189,
    80216
  ],
  "test_return_std": [
    0.41794578418759687,
    0.5237561863911834,
    0.6253163547518634,
    1.1026606756864048,
    1.2717247799881237,
    1.2282532325398219,
    0.9341882220928662,
    1.0386870935729122,
    1.227519852748041
  ],
  "test_return_std_T": [
    36,
    10043,
    20066,
    30074,
    40088,
    50127,
    60156,
    70189,
    80216
  ]
}