/labmount/users/202535331/miniconda3/envs/pymarl/lib/python3.9/site-packages/sacred/dependencies.py:11: UserWarning: pkg_resources is deprecated as an API. See https://setuptools.pypa.io/en/latest/pkg_resources.html. The pkg_resources package is slated for removal as early as 2025-11-30. Refrain from using this package or pin to Setuptools<81.
  import pkg_resources
[DEBUG 08:19:39] git.cmd Popen(['git', 'version'], cwd=/labmount/users/202535331/MARL/pymarl-monotone-qmix, stdin=None, shell=False, universal_newlines=False)
[DEBUG 08:19:39] git.cmd Popen(['git', 'version'], cwd=/labmount/users/202535331/MARL/pymarl-monotone-qmix, stdin=None, shell=False, universal_newlines=False)
[DEBUG 08:19:39] git.util sys.platform='linux', git_executable='git'
[DEBUG 08:19:39] git.cmd Popen(['git', 'diff', '--cached', '--abbrev=40', '--full-index', '--raw'], cwd=/labmount/users/202535331/MARL/pymarl-monotone-qmix, stdin=None, shell=False, universal_newlines=False)
[DEBUG 08:19:39] git.cmd Popen(['git', 'diff', '--abbrev=40', '--full-index', '--raw'], cwd=/labmount/users/202535331/MARL/pymarl-monotone-qmix, stdin=None, shell=False, universal_newlines=False)
[DEBUG 08:19:39] git.cmd Popen(['git', 'cat-file', '--batch-check'], cwd=/labmount/users/202535331/MARL/pymarl-monotone-qmix, stdin=<valid stream>, shell=False, universal_newlines=False)
[DEBUG 08:19:39] git.util sys.platform='linux', git_executable='git'
[DEBUG 08:19:39] git.cmd Popen(['git', 'diff', '--cached', '--abbrev=40', '--full-index', '--raw'], cwd=/labmount/users/202535331/MARL/pymarl-monotone-qmix, stdin=None, shell=False, universal_newlines=False)
[DEBUG 08:19:39] git.cmd Popen(['git', 'diff', '--abbrev=40', '--full-index', '--raw'], cwd=/labmount/users/202535331/MARL/pymarl-monotone-qmix, stdin=None, shell=False, universal_newlines=False)
[DEBUG 08:19:39] git.cmd Popen(['git', 'cat-file', '--batch-check'], cwd=/labmount/users/202535331/MARL/pymarl-monotone-qmix, stdin=<valid stream>, shell=False, universal_newlines=False)
[DEBUG 08:19:39] git.util sys.platform='linux', git_executable='git'
[DEBUG 08:19:39] git.cmd Popen(['git', 'diff', '--cached', '--abbrev=40', '--full-index', '--raw'], cwd=/labmount/users/202535331/MARL/pymarl-monotone-qmix, stdin=None, shell=False, universal_newlines=False)
[DEBUG 08:19:39] git.cmd Popen(['git', 'diff', '--abbrev=40', '--full-index', '--raw'], cwd=/labmount/users/202535331/MARL/pymarl-monotone-qmix, stdin=None, shell=False, universal_newlines=False)
[DEBUG 08:19:39] git.cmd Popen(['git', 'cat-file', '--batch-check'], cwd=/labmount/users/202535331/MARL/pymarl-monotone-qmix, stdin=<valid stream>, shell=False, universal_newlines=False)
[INFO 08:19:39] root Saving to FileStorageObserver in /labmount/users/202535331/MARL/pymarl-monotone-qmix/results/sacred/ices.
[DEBUG 08:19:40] pymarl Using capture mode "fd"
[INFO 08:19:40] pymarl Running command 'my_main'
[INFO 08:19:40] pymarl Started run with ID "2"
[DEBUG 08:19:40] pymarl Starting Heartbeat
[DEBUG 08:19:40] my_main Started
[INFO 08:19:40] my_main Experiment Parameters:
[INFO 08:19:40] my_main 

{   'action_selector': 'epsilon_expl',
    'agent': 'rnn',
    'agent_output_type': 'q',
    'batch_size': 32,
    'batch_size_run': 1,
    'buffer_cpu_only': True,
    'buffer_size': 5000,
    'checkpoint_path': '',
    'critic_lr': 0.0005,
    'double_q': True,
    'env': 'sc2',
    'env_args': {   'continuing_episode': False,
                    'debug': False,
                    'difficulty': '7',
                    'game_version': None,
                    'heuristic_ai': False,
                    'heuristic_rest': False,
                    'map_name': '3s_vs_5z',
                    'move_amount': 2,
                    'obs_all_health': True,
                    'obs_instead_of_state': False,
                    'obs_last_action': False,
                    'obs_own_health': True,
                    'obs_pathing_grid': False,
                    'obs_terrain_height': False,
                    'obs_timestep_number': False,
                    'replay_dir': '',
                    'replay_prefix': '',
                    'reward_death_value': 10,
                    'reward_defeat': 0,
                    'reward_negative_scale': 0.5,
                    'reward_only_positive': True,
                    'reward_scale': True,
                    'reward_scale_rate': 20,
                    'reward_sparse': False,
                    'reward_win': 200,
                    'seed': 41,
                    'state_last_action': True,
                    'state_timestep_number': False,
                    'step_mul': 8},
    'epsilon_anneal_time': 50000,
    'epsilon_finish': 0.05,
    'epsilon_start': 1.0,
    'evaluate': False,
    'gamma': 0.99,
    'grad_norm_clip': 10,
    'hypernet_embed': 64,
    'hypernet_layers': 2,
    'ices_int_critic_lr': 0.001,
    'ices_int_entropy_coef': 0.1,
    'ices_int_finish': 0.1,
    'ices_int_lr': 0.01,
    'ices_int_ratio': 0.1,
    'ices_intrinsic_hidden_dim': 64,
    'ices_world_hidden_dim': 64,
    'ices_world_lr': 0.0001,
    'label': 'default_label',
    'learner': 'ices_q_learner',
    'learner_log_interval': 10000,
    'load_step': 0,
    'local_results_path': 'results',
    'log_interval': 10000,
    'lr': 0.0005,
    'mac': 'ices_mac',
    'mixer': 'qmix',
    'mixing_embed_dim': 32,
    'name': 'ices_3s_vs_5z_seed41',
    'obs_agent_id': True,
    'obs_last_action': True,
    'optim_alpha': 0.99,
    'optim_eps': 1e-05,
    'optimizer': 'rmsprop',
    'repeat_id': 1,
    'rnn_hidden_dim': 64,
    'runner': 'episode',
    'runner_log_interval': 10000,
    'save_model': True,
    'save_model_interval': 2000000,
    'save_replay': False,
    'seed': 41,
    't_max': 2050000,
    'target_update_interval': 200,
    'test_greedy': True,
    'test_interval': 10000,
    'test_nepisode': 32,
    'use_cuda': True,
    'use_tensorboard': True}

[INFO 08:19:42] my_main Beginning training for 2050000 timesteps
[INFO 08:19:42] absl Launching SC2: /labmount/users/202535331/MARL/pymarl-monotone-qmix/3rdparty/StarCraftII/Versions/Base75689/SC2_x64 -listen 127.0.0.1 -port 41595 -dataDir /labmount/users/202535331/MARL/pymarl-monotone-qmix/3rdparty/StarCraftII/ -tempDir /tmp/sc-n79q96jt/
[INFO 08:19:42] absl Connecting to: ws://127.0.0.1:41595/sc2api, attempt: 0, running: True
Version: B75689 (SC2.4.10)
Build: Aug 12 2019 17:16:57
Command Line: '"/labmount/users/202535331/MARL/pymarl-monotone-qmix/3rdparty/StarCraftII/Versions/Base75689/SC2_x64" -listen 127.0.0.1 -port 41595 -dataDir /labmount/users/202535331/MARL/pymarl-monotone-qmix/3rdparty/StarCraftII/ -tempDir /tmp/sc-n79q96jt/'
Starting up...
Startup Phase 1 complete
[INFO 08:19:43] absl Connecting to: ws://127.0.0.1:41595/sc2api, attempt: 1, running: True
Startup Phase 2 complete
Creating stub renderer...
Listening on: 127.0.0.1:41595
Startup Phase 3 complete. Ready for commands.
[INFO 08:19:44] absl Connecting to: ws://127.0.0.1:41595/sc2api, attempt: 2, running: True
ConnectHandler: Request from 127.0.0.1:50762 accepted
ReadyHandler: 127.0.0.1:50762 ready
Requesting to join a single player game
Configuring interface options
Configure: raw interface enabled
Configure: feature layer interface disabled
Configure: score interface disabled
Configure: render interface disabled
Launching next game.
Next launch phase started: 2
Next launch phase started: 3
Next launch phase started: 4
Next launch phase started: 5
Next launch phase started: 6
Next launch phase started: 7
Next launch phase started: 8
Game has started.
Using default stable ids, none found at: /labmount/users/202535331/MARL/pymarl-monotone-qmix/3rdparty/StarCraftII/stableid.json
Successfully loaded stable ids: GameData\stableid.json
Sending ResponseJoinGame
[INFO 08:19:48] my_main t_env: 35 / 2050000
[INFO 08:19:48] my_main Estimated time left: 21 minutes, 24 seconds. Time passed: 6 seconds
[INFO 08:19:53] my_main Saving models to results/models/ices_3s_vs_5z_seed41__2026-09-26_08-19-40/35
[INFO 08:20:57] my_main Updated target network
[INFO 08:20:59] my_main Recent Stats | t_env:      10023 | Episode:      206
battle_won_mean:           0.0000	dead_allies_mean:          3.0000	dead_enemies_mean:         0.0000	ep_length_mean:           35.0000
epsilon:                   1.0000	grad_norm:                 1.7326	ices_int_critic_grad_norm:  0.6547	ices_int_critic_loss:      0.0239
ices_int_grad_norm:        0.0123	ices_int_loss:             0.0717	ices_intrinsic_reward_mean:  0.0120	ices_world_grad_norm:      0.1145
ices_world_loss:           0.0653	loss:                      0.1012	q_taken_mean:              0.1286	return_mean:               2.9025
return_std:                0.0000	target_mean:               0.1932	td_error_abs:              0.2382	test_battle_won_mean:      0.0000
test_dead_allies_mean:     3.0000	test_dead_enemies_mean:    0.0000	test_ep_length_mean:      41.8125	test_return_mean:          0.0731
test_return_std:           0.1865	
[INFO 08:21:00] my_main t_env: 10059 / 2050000
[INFO 08:21:00] my_main Estimated time left: 4 hours, 1 minutes, 22 seconds. Time passed: 1 minutes, 17 seconds
[INFO 08:22:43] my_main Updated target network
[INFO 08:22:44] my_main Recent Stats | t_env:      20031 | Episode:      405
battle_won_mean:           0.0000	dead_allies_mean:          2.9927	dead_enemies_mean:         0.0000	ep_length_mean:           41.8301
epsilon:                   0.8096	grad_norm:                 0.8978	ices_int_critic_grad_norm:  0.3294	ices_int_critic_loss:      0.0120
ices_int_grad_norm:        0.0063	ices_int_loss:            -0.0272	ices_intrinsic_reward_mean:  0.0751	ices_world_grad_norm:      0.5305
ices_world_loss:          -0.7430	loss:                      0.0600	q_taken_mean:              0.1773	return_mean:               3.0803
return_std:                0.3195	target_mean:               0.2089	td_error_abs:              0.1712	test_battle_won_mean:      0.0000
test_dead_allies_mean:     2.5000	test_dead_enemies_mean:    0.0000	test_ep_length_mean:     145.9062	test_return_mean:          2.1009
test_return_std:           0.2495	
[INFO 08:22:45] my_main t_env: 20065 / 2050000
[INFO 08:22:45] my_main Estimated time left: 5 hours, 56 minutes, 21 seconds. Time passed: 3 minutes, 2 seconds
[INFO 08:23:59] my_main Updated target network
[INFO 08:24:31] my_main Recent Stats | t_env:      30032 | Episode:      699
battle_won_mean:           0.0000	dead_allies_mean:          2.9851	dead_enemies_mean:         0.0000	ep_length_mean:           44.6472
epsilon:                   0.6194	grad_norm:                 0.9327	ices_int_critic_grad_norm:  0.2371	ices_int_critic_loss:      0.0085
ices_int_grad_norm:        0.0048	ices_int_loss:            -0.0616	ices_intrinsic_reward_mean:  0.1025	ices_world_grad_norm:      3.4873
ices_world_loss:          -1.6288	loss:                      0.0508	q_taken_mean:              0.1968	return_mean:               3.2151
return_std:                0.3973	target_mean:               0.2305	td_error_abs:              0.1600	test_battle_won_mean:      0.0000
test_dead_allies_mean:     2.6667	test_dead_enemies_mean:    0.0000	test_ep_length_mean:     107.2188	test_return_mean:          2.5596
test_return_std:           0.2555	
[INFO 08:24:32] my_main t_env: 30092 / 2050000
[INFO 08:24:32] my_main Estimated time left: 6 hours, 0 seconds. Time passed: 4 minutes, 50 seconds
[INFO 08:25:08] my_main Updated target network
[INFO 08:26:10] my_main Updated target network
[INFO 08:26:15] my_main Recent Stats | t_env:      40060 | Episode:     1017
battle_won_mean:           0.0000	dead_allies_mean:          2.9871	dead_enemies_mean:         0.0000	ep_length_mean:           41.9829
epsilon:                   0.4289	grad_norm:                 0.7185	ices_int_critic_grad_norm:  0.1792	ices_int_critic_loss:      0.0065
ices_int_grad_norm:        0.0037	ices_int_loss:            -0.0845	ices_intrinsic_reward_mean:  0.0957	ices_world_grad_norm:      4.6193
ices_world_loss:          -2.1186	loss:                      0.0413	q_taken_mean:              0.2283	return_mean:               3.2911
return_std:                0.4169	target_mean:               0.2527	td_error_abs:              0.1423	test_battle_won_mean:      0.0000
test_dead_allies_mean:     2.7500	test_dead_enemies_mean:    0.0000	test_ep_length_mean:      86.8984	test_return_mean:          2.8892
test_return_std:           0.2559	
[INFO 08:26:15] my_main t_env: 40115 / 2050000
[INFO 08:26:15] my_main Estimated time left: 5 hours, 45 minutes, 13 seconds. Time passed: 6 minutes, 33 seconds
[INFO 08:27:21] my_main Updated target network
[INFO 08:27:56] my_main Recent Stats | t_env:      50080 | Episode:     1330
battle_won_mean:           0.0000	dead_allies_mean:          2.9884	dead_enemies_mean:         0.0000	ep_length_mean:           39.8901
epsilon:                   0.2383	grad_norm:                 0.5848	ices_int_critic_grad_norm:  0.1445	ices_int_critic_loss:      0.0052
ices_int_grad_norm:        0.0031	ices_int_loss:            -0.0930	ices_intrinsic_reward_mean:  0.0879	ices_world_grad_norm:      5.4387
ices_world_loss:          -2.5013	loss:                      0.0346	q_taken_mean:              0.2512	return_mean:               3.3795
return_std:                0.4105	target_mean:               0.2711	td_error_abs:              0.1266	test_battle_won_mean:      0.0000
test_dead_allies_mean:     2.7750	test_dead_enemies_mean:    0.0000	test_ep_length_mean:      80.6937	test_return_mean:          3.1420
test_return_std:           0.3766	
[INFO 08:27:56] my_main t_env: 50135 / 2050000
[INFO 08:27:56] my_main Estimated time left: 5 hours, 36 minutes, 11 seconds. Time passed: 8 minutes, 14 seconds
RequestQuit command received.
DataHandler: unable to parse websocket frame.
CloseHandler: 127.0.0.1:50762 disconnected
Closing Application...
ResponseThread: No connection, dropping the response.
[INFO 08:28:13] absl Shutdown gracefully.
[INFO 08:28:13] absl Shutdown with return code: -15
[INFO 08:28:13] absl Launching SC2: /labmount/users/202535331/MARL/pymarl-monotone-qmix/3rdparty/StarCraftII/Versions/Base75689/SC2_x64 -listen 127.0.0.1 -port 37713 -dataDir /labmount/users/202535331/MARL/pymarl-monotone-qmix/3rdparty/StarCraftII/ -tempDir /tmp/sc-lkgmkz5v/
[INFO 08:28:13] absl Connecting to: ws://127.0.0.1:37713/sc2api, attempt: 0, running: True
Version: B75689 (SC2.4.10)
Build: Aug 12 2019 17:16:57
Command Line: '"/labmount/users/202535331/MARL/pymarl-monotone-qmix/3rdparty/StarCraftII/Versions/Base75689/SC2_x64" -listen 127.0.0.1 -port 37713 -dataDir /labmount/users/202535331/MARL/pymarl-monotone-qmix/3rdparty/StarCraftII/ -tempDir /tmp/sc-lkgmkz5v/'
Starting up...
Startup Phase 1 complete
[INFO 08:28:14] absl Connecting to: ws://127.0.0.1:37713/sc2api, attempt: 1, running: True
Startup Phase 2 complete
Creating stub renderer...
Listening on: 127.0.0.1:37713
Startup Phase 3 complete. Ready for commands.
[INFO 08:28:15] absl Connecting to: ws://127.0.0.1:37713/sc2api, attempt: 2, running: True
ConnectHandler: Request from 127.0.0.1:49912 accepted
ReadyHandler: 127.0.0.1:49912 ready
Requesting to join a single player game
Configuring interface options
Configure: raw interface enabled
Configure: feature layer interface disabled
Configure: score interface disabled
Configure: render interface disabled
Launching next game.
Next launch phase started: 2
Next launch phase started: 3
Next launch phase started: 4
Next launch phase started: 5
Next launch phase started: 6
Next launch phase started: 7
Next launch phase started: 8
Game has started.
Using default stable ids, none found at: /labmount/users/202535331/MARL/pymarl-monotone-qmix/3rdparty/StarCraftII/stableid.json
Successfully loaded stable ids: GameData\stableid.json
Sending ResponseJoinGame
[INFO 08:28:24] my_main Updated target network
[INFO 08:29:20] my_main Updated target network
[INFO 08:29:44] my_main Recent Stats | t_env:      60082 | Episode:     1691
battle_won_mean:           0.0000	dead_allies_mean:          2.9852	dead_enemies_mean:         0.0000	ep_length_mean:           39.2926
epsilon:                   0.0500	grad_norm:                 0.3629	ices_int_critic_grad_norm:  0.0141	ices_int_critic_loss:      0.0005
ices_int_grad_norm:        0.0009	ices_int_loss:            -0.1380	ices_intrinsic_reward_mean:  0.0964	ices_world_grad_norm:      7.1112
ices_world_loss:          -3.2607	loss:                      0.0172	q_taken_mean:              0.3186	return_mean:               3.5595
return_std:                0.4999	target_mean:               0.3221	td_error_abs:              0.0975	test_battle_won_mean:      0.0000
test_dead_allies_mean:     2.7750	test_dead_enemies_mean:    0.0000	test_ep_length_mean:      77.5687	test_return_mean:          3.9105
test_return_std:           0.4016	
[INFO 08:29:44] my_main t_env: 60138 / 2050000
[INFO 08:29:44] my_main Estimated time left: 5 hours, 57 minutes, 22 seconds. Time passed: 10 minutes, 2 seconds
[INFO 08:30:17] my_main Updated target network
[INFO 08:31:11] my_main Updated target network
[INFO 08:31:23] my_main Recent Stats | t_env:      70085 | Episode:     2046
battle_won_mean:           0.0000	dead_allies_mean:          2.9865	dead_enemies_mean:         0.0006	ep_length_mean:           35.1024
epsilon:                   0.0500	grad_norm:                 0.4326	ices_int_critic_grad_norm:  0.0142	ices_int_critic_loss:      0.0005
ices_int_grad_norm:        0.0018	ices_int_loss:            -0.1419	ices_intrinsic_reward_mean:  0.0798	ices_world_grad_norm:      9.6871
ices_world_loss:          -3.7349	loss:                      0.0157	q_taken_mean:              0.3653	return_mean:               3.6759
return_std:                0.4414	target_mean:               0.3709	td_error_abs:              0.0929	test_battle_won_mean:      0.0000
test_dead_allies_mean:     2.9750	test_dead_enemies_mean:    0.0000	test_ep_length_mean:      32.8062	test_return_mean:          3.8324
test_return_std:           0.3901	
[INFO 08:31:23] my_main t_env: 70156 / 2050000
[INFO 08:31:23] my_main Estimated time left: 5 hours, 25 minutes, 47 seconds. Time passed: 11 minutes, 41 seconds
[INFO 08:32:05] my_main Updated target network
[INFO 08:32:55] my_main Recent Stats | t_env:      80109 | Episode:     2387
battle_won_mean:           0.0000	dead_allies_mean:          2.9925	dead_enemies_mean:         0.0011	ep_length_mean:           30.6901
epsilon:                   0.0500	grad_norm:                 0.2496	ices_int_critic_grad_norm:  0.0047	ices_int_critic_loss:      0.0003
ices_int_grad_norm:        0.0044	ices_int_loss:            -0.2383	ices_intrinsic_reward_mean:  0.0589	ices_world_grad_norm:      9.2205
ices_world_loss:          -3.8181	loss:                      0.0110	q_taken_mean:              0.4315	return_mean:               3.7409
return_std:                0.3898	target_mean:               0.4299	td_error_abs:              0.0798	test_battle_won_mean:      0.0000
test_dead_allies_mean:     2.9750	test_dead_enemies_mean:    0.0000	test_ep_length_mean:      33.1500	test_return_mean:          3.8860
test_return_std:           0.3942	
[INFO 08:32:55] my_main t_env: 80162 / 2050000
[INFO 08:32:55] my_main Estimated time left: 5 hours, 2 minutes, 24 seconds. Time passed: 13 minutes, 13 seconds
[INFO 08:33:02] my_main Updated target network
[INFO 08:33:57] my_main Updated target network
[INFO 08:34:16] my_main Recent Stats | t_env:      90137 | Episode:     2665
battle_won_mean:           0.0000	dead_allies_mean:          2.9939	dead_enemies_mean:         0.0035	ep_length_mean:           29.7607
epsilon:                   0.0500	grad_norm:                 0.2577	ices_int_critic_grad_norm:  0.0053	ices_int_critic_loss:      0.0003
ices_int_grad_norm:        0.0068	ices_int_loss:            -0.3794	ices_intrinsic_reward_mean:  0.0551	ices_world_grad_norm:      9.4805
ices_world_loss:          -3.9284	loss:                      0.0100	q_taken_mean:              0.4753	return_mean:               3.7874
return_std:                0.3555	target_mean:               0.4750	td_error_abs:              0.0744	test_battle_won_mean:      0.0000
test_dead_allies_mean:     2.9750	test_dead_enemies_mean:    0.0000	test_ep_length_mean:      34.1812	test_return_mean:          3.8770
test_return_std:           0.4036	
[INFO 08:34:16] my_main t_env: 90170 / 2050000
[INFO 08:34:16] my_main Estimated time left: 4 hours, 23 minutes, 34 seconds. Time passed: 14 minutes, 34 seconds
[INFO 08:35:01] my_main Updated target network
[INFO 08:35:35] my_main t_env: 100189 / 2050000
[INFO 08:35:35] my_main Estimated time left: 4 hours, 16 minutes, 21 seconds. Time passed: 15 minutes, 53 seconds
[INFO 08:35:40] my_main Recent Stats | t_env:     100189 | Episode:     2911
battle_won_mean:           0.0000	dead_allies_mean:          2.9914	dead_enemies_mean:         0.0065	ep_length_mean:           32.4592
epsilon:                   0.0500	grad_norm:                 0.3506	ices_int_critic_grad_norm:  0.0057	ices_int_critic_loss:      0.0003
ices_int_grad_norm:        0.0089	ices_int_loss:            -0.5257	ices_intrinsic_reward_mean:  0.0572	ices_world_grad_norm:      9.4345
ices_world_loss:          -3.8980	loss:                      0.0107	q_taken_mean:              0.5339	return_mean:               3.8926
return_std:                0.3844	target_mean:               0.5357	td_error_abs:              0.0782	test_battle_won_mean:      0.0000
test_dead_allies_mean:     3.0000	test_dead_enemies_mean:    0.0000	test_ep_length_mean:      31.8438	test_return_mean:          3.9848
test_return_std:           0.3129	
[INFO 08:36:10] my_main Updated target network
[INFO 08:36:48] my_main t_env: 110235 / 2050000
[INFO 08:36:48] my_main Estimated time left: 3 hours, 55 minutes, 9 seconds. Time passed: 17 minutes, 6 seconds
RequestQuit command received.
Closing Application...
DataHandler: unable to parse websocket frame.
CloseHandler: 127.0.0.1:49912 disconnected
[INFO 08:36:52] absl Shutdown gracefully.
[INFO 08:36:52] absl Shutdown with return code: -15
[INFO 08:36:52] absl Launching SC2: /labmount/users/202535331/MARL/pymarl-monotone-qmix/3rdparty/StarCraftII/Versions/Base75689/SC2_x64 -listen 127.0.0.1 -port 40231 -dataDir /labmount/users/202535331/MARL/pymarl-monotone-qmix/3rdparty/StarCraftII/ -tempDir /tmp/sc-xrsn5ct9/
[INFO 08:36:52] absl Connecting to: ws://127.0.0.1:40231/sc2api, attempt: 0, running: True
Version: B75689 (SC2.4.10)
Build: Aug 12 2019 17:16:57
Command Line: '"/labmount/users/202535331/MARL/pymarl-monotone-qmix/3rdparty/StarCraftII/Versions/Base75689/SC2_x64" -listen 127.0.0.1 -port 40231 -dataDir /labmount/users/202535331/MARL/pymarl-monotone-qmix/3rdparty/StarCraftII/ -tempDir /tmp/sc-xrsn5ct9/'
Starting up...
Startup Phase 1 complete
[INFO 08:36:53] absl Connecting to: ws://127.0.0.1:40231/sc2api, attempt: 1, running: True
Startup Phase 2 complete
Creating stub renderer...
Listening on: 127.0.0.1:40231
Startup Phase 3 complete. Ready for commands.
[INFO 08:36:54] absl Connecting to: ws://127.0.0.1:40231/sc2api, attempt: 2, running: True
ConnectHandler: Request from 127.0.0.1:54126 accepted
ReadyHandler: 127.0.0.1:54126 ready
Requesting to join a single player game
Configuring interface options
Configure: raw interface enabled
Configure: feature layer interface disabled
Configure: score interface disabled
Configure: render interface disabled
Launching next game.
Next launch phase started: 2
Next launch phase started: 3
Next launch phase started: 4
Next launch phase started: 5
Next launch phase started: 6
Next launch phase started: 7
Next launch phase started: 8
Game has started.
Using default stable ids, none found at: /labmount/users/202535331/MARL/pymarl-monotone-qmix/3rdparty/StarCraftII/stableid.json
Successfully loaded stable ids: GameData\stableid.json
Sending ResponseJoinGame
[INFO 08:37:00] my_main Recent Stats | t_env:     110235 | Episode:     3115
battle_won_mean:           0.0000	dead_allies_mean:          2.9832	dead_enemies_mean:         0.0060	ep_length_mean:           36.7664
epsilon:                   0.0500	grad_norm:                 0.2943	ices_int_critic_grad_norm:  0.0055	ices_int_critic_loss:      0.0003
ices_int_grad_norm:        0.0141	ices_int_loss:            -0.7853	ices_intrinsic_reward_mean:  0.0620	ices_world_grad_norm:      9.8518
ices_world_loss:          -3.9173	loss:                      0.0100	q_taken_mean:              0.5810	return_mean:               3.9736
return_std:                0.4270	target_mean:               0.5848	td_error_abs:              0.0752	test_battle_won_mean:      0.0000
test_dead_allies_mean:     2.9688	test_dead_enemies_mean:    0.0000	test_ep_length_mean:      37.1437	test_return_mean:          4.1354
test_return_std:           0.3966	
[INFO 08:37:26] my_main Updated target network
[INFO 08:38:11] my_main t_env: 120249 / 2050000
[INFO 08:38:11] my_main Estimated time left: 4 hours, 24 minutes, 38 seconds. Time passed: 18 minutes, 28 seconds
[INFO 08:38:16] my_main Recent Stats | t_env:     120249 | Episode:     3333
battle_won_mean:           0.0000	dead_allies_mean:          2.9777	dead_enemies_mean:         0.0054	ep_length_mean:           40.3096
epsilon:                   0.0500	grad_norm:                 0.2278	ices_int_critic_grad_norm:  0.0064	ices_int_critic_loss:      0.0004
ices_int_grad_norm:        0.0171	ices_int_loss:            -0.8413	ices_intrinsic_reward_mean:  0.0658	ices_world_grad_norm:      9.0563
ices_world_loss:          -4.0012	loss:                      0.0094	q_taken_mean:              0.6014	return_mean:               4.0739
return_std:                0.4857	target_mean:               0.6036	td_error_abs:              0.0706	test_battle_won_mean:      0.0000
test_dead_allies_mean:     2.9688	test_dead_enemies_mean:    0.0000	test_ep_length_mean:      38.8438	test_return_mean:          4.2817
test_return_std:           0.4014	
[INFO 08:38:36] my_main Updated target network
[INFO 08:39:21] my_main t_env: 130266 / 2050000
[INFO 08:39:21] my_main Estimated time left: 3 hours, 46 minutes, 16 seconds. Time passed: 19 minutes, 39 seconds
[INFO 08:39:31] my_main Recent Stats | t_env:     130266 | Episode:     3508
battle_won_mean:           0.0000	dead_allies_mean:          2.9606	dead_enemies_mean:         0.0042	ep_length_mean:           45.8889
epsilon:                   0.0500	grad_norm:                 0.4673	ices_int_critic_grad_norm:  0.0119	ices_int_critic_loss:      0.0005
ices_int_grad_norm:        0.0736	ices_int_loss:            -1.1917	ices_intrinsic_reward_mean:  0.0726	ices_world_grad_norm:      9.1318
ices_world_loss:          -4.0314	loss:                      0.0116	q_taken_mean:              0.6123	return_mean:               4.2216
return_std:                0.5769	target_mean:               0.6204	td_error_abs:              0.0800	test_battle_won_mean:      0.0000
test_dead_allies_mean:     2.9375	test_dead_enemies_mean:    0.0000	test_ep_length_mean:      47.5187	test_return_mean:          4.4468
test_return_std:           0.5338	
[INFO 08:40:11] my_main Updated target network
[INFO 08:40:37] my_main t_env: 140309 / 2050000
[INFO 08:40:37] my_main Estimated time left: 3 hours, 59 minutes, 58 seconds. Time passed: 20 minutes, 55 seconds
[INFO 08:40:42] my_main Recent Stats | t_env:     140309 | Episode:     3674
battle_won_mean:           0.0000	dead_allies_mean:          2.9442	dead_enemies_mean:         0.0040	ep_length_mean:           50.7630
epsilon:                   0.0500	grad_norm:                 0.5058	ices_int_critic_grad_norm:  0.0124	ices_int_critic_loss:      0.0006
ices_int_grad_norm:        0.1069	ices_int_loss:            -1.3750	ices_intrinsic_reward_mean:  0.0812	ices_world_grad_norm:      9.0919
ices_world_loss:          -3.9930	loss:                      0.0121	q_taken_mean:              0.6392	return_mean:               4.3368
return_std:                0.6476	target_mean:               0.6449	td_error_abs:              0.0825	test_battle_won_mean:      0.0000
test_dead_allies_mean:     2.9375	test_dead_enemies_mean:    0.0312	test_ep_length_mean:      47.0812	test_return_mean:          4.4354
test_return_std:           0.5495	
[INFO 08:41:32] my_main Updated target network
[INFO 08:41:52] my_main t_env: 150334 / 2050000
[INFO 08:41:52] my_main Estimated time left: 3 hours, 57 minutes, 38 seconds. Time passed: 22 minutes, 10 seconds
[INFO 08:41:58] my_main Recent Stats | t_env:     150334 | Episode:     3853
battle_won_mean:           0.0000	dead_allies_mean:          2.9337	dead_enemies_mean:         0.0035	ep_length_mean:           53.7853
epsilon:                   0.0500	grad_norm:                 0.4148	ices_int_critic_grad_norm:  0.0122	ices_int_critic_loss:      0.0007
ices_int_grad_norm:        0.1124	ices_int_loss:            -1.4632	ices_intrinsic_reward_mean:  0.0886	ices_world_grad_norm:      9.2843
ices_world_loss:          -4.0663	loss:                      0.0114	q_taken_mean:              0.6275	return_mean:               4.4168
return_std:                0.7039	target_mean:               0.6307	td_error_abs:              0.0780	test_battle_won_mean:      0.0000
test_dead_allies_mean:     2.9312	test_dead_enemies_mean:    0.0500	test_ep_length_mean:      49.4688	test_return_mean:          4.4267
test_return_std:           0.5509	
[INFO 08:43:01] my_main Updated target network
[INFO 08:43:05] my_main t_env: 160453 / 2050000
[INFO 08:43:05] my_main Estimated time left: 3 hours, 46 minutes, 10 seconds. Time passed: 23 minutes, 23 seconds
[INFO 08:43:21] my_main Recent Stats | t_env:     160453 | Episode:     4008
battle_won_mean:           0.0000	dead_allies_mean:          2.9216	dead_enemies_mean:         0.0035	ep_length_mean:           56.9930
epsilon:                   0.0500	grad_norm:                 0.4445	ices_int_critic_grad_norm:  0.0149	ices_int_critic_loss:      0.0008
ices_int_grad_norm:        0.1646	ices_int_loss:            -1.4868	ices_intrinsic_reward_mean:  0.0973	ices_world_grad_norm:     10.9014
ices_world_loss:          -4.1427	loss:                      0.0110	q_taken_mean:              0.6091	return_mean:               4.4894
return_std:                0.7769	target_mean:               0.6111	td_error_abs:              0.0768	test_battle_won_mean:      0.0000
test_dead_allies_mean:     2.8563	test_dead_enemies_mean:    0.0563	test_ep_length_mean:      68.9688	test_return_mean:          4.6777
test_return_std:           0.6203	
RequestQuit command received.
Closing Application...
DataHandler: unable to parse websocket frame.
CloseHandler: 127.0.0.1:54126 disconnected
[INFO 08:43:44] absl Shutdown gracefully.
[INFO 08:43:44] absl Shutdown with return code: -15
[INFO 08:43:44] absl Launching SC2: /labmount/users/202535331/MARL/pymarl-monotone-qmix/3rdparty/StarCraftII/Versions/Base75689/SC2_x64 -listen 127.0.0.1 -port 34895 -dataDir /labmount/users/202535331/MARL/pymarl-monotone-qmix/3rdparty/StarCraftII/ -tempDir /tmp/sc-3mghqm7x/
[INFO 08:43:44] absl Connecting to: ws://127.0.0.1:34895/sc2api, attempt: 0, running: True
Version: B75689 (SC2.4.10)
Build: Aug 12 2019 17:16:57
Command Line: '"/labmount/users/202535331/MARL/pymarl-monotone-qmix/3rdparty/StarCraftII/Versions/Base75689/SC2_x64" -listen 127.0.0.1 -port 34895 -dataDir /labmount/users/202535331/MARL/pymarl-monotone-qmix/3rdparty/StarCraftII/ -tempDir /tmp/sc-3mghqm7x/'
Starting up...
Startup Phase 1 complete
[INFO 08:43:45] absl Connecting to: ws://127.0.0.1:34895/sc2api, attempt: 1, running: True
Startup Phase 2 complete
Creating stub renderer...
Listening on: 127.0.0.1:34895
Startup Phase 3 complete. Ready for commands.
[INFO 08:43:46] absl Connecting to: ws://127.0.0.1:34895/sc2api, attempt: 2, running: True
ConnectHandler: Request from 127.0.0.1:60358 accepted
ReadyHandler: 127.0.0.1:60358 ready
Requesting to join a single player game
Configuring interface options
Configure: raw interface enabled
Configure: feature layer interface disabled
Configure: score interface disabled
Configure: render interface disabled
Launching next game.
Next launch phase started: 2
Next launch phase started: 3
Next launch phase started: 4
Next launch phase started: 5
Next launch phase started: 6
Next launch phase started: 7
Next launch phase started: 8
Game has started.
Using default stable ids, none found at: /labmount/users/202535331/MARL/pymarl-monotone-qmix/3rdparty/StarCraftII/stableid.json
Successfully loaded stable ids: GameData\stableid.json
Sending ResponseJoinGame
[INFO 08:44:35] my_main t_env: 170589 / 2050000
[INFO 08:44:35] my_main Estimated time left: 4 hours, 36 minutes, 40 seconds. Time passed: 24 minutes, 52 seconds
[INFO 08:44:41] my_main Recent Stats | t_env:     170589 | Episode:     4157
battle_won_mean:           0.0000	dead_allies_mean:          2.9016	dead_enemies_mean:         0.0061	ep_length_mean:           61.4113
epsilon:                   0.0500	grad_norm:                 0.4556	ices_int_critic_grad_norm:  0.0221	ices_int_critic_loss:      0.0010
ices_int_grad_norm:        0.1849	ices_int_loss:            -1.4959	ices_intrinsic_reward_mean:  0.1083	ices_world_grad_norm:     10.4500
ices_world_loss:          -4.0733	loss:                      0.0113	q_taken_mean:              0.6292	return_mean:               4.6142
return_std:                0.8358	target_mean:               0.6313	td_error_abs:              0.0794	test_battle_won_mean:      0.0000
test_dead_allies_mean:     2.8563	test_dead_enemies_mean:    0.0625	test_ep_length_mean:      70.8875	test_return_mean:          4.8364
test_return_std:           0.7537	
[INFO 08:45:04] my_main Updated target network
[INFO 08:45:40] my_main t_env: 180688 / 2050000
[INFO 08:45:40] my_main Estimated time left: 3 hours, 23 minutes, 6 seconds. Time passed: 25 minutes, 58 seconds
[INFO 08:45:48] my_main Recent Stats | t_env:     180688 | Episode:     4264
battle_won_mean:           0.0000	dead_allies_mean:          2.8683	dead_enemies_mean:         0.0144	ep_length_mean:           68.8399
epsilon:                   0.0500	grad_norm:                 0.3154	ices_int_critic_grad_norm:  0.0171	ices_int_critic_loss:      0.0011
ices_int_grad_norm:        0.1574	ices_int_loss:            -1.3696	ices_intrinsic_reward_mean:  0.1191	ices_world_grad_norm:     10.8349
ices_world_loss:          -4.1452	loss:                      0.0093	q_taken_mean:              0.6212	return_mean:               4.7628
return_std:                0.9203	target_mean:               0.6196	td_error_abs:              0.0706	test_battle_won_mean:      0.0000
test_dead_allies_mean:     2.8813	test_dead_enemies_mean:    0.0625	test_ep_length_mean:      67.7000	test_return_mean:          4.9583
test_return_std:           0.6941	
[INFO 08:46:46] my_main t_env: 190703 / 2050000
[INFO 08:46:46] my_main Estimated time left: 3 hours, 21 minutes, 58 seconds. Time passed: 27 minutes, 3 seconds
[INFO 08:46:54] my_main Recent Stats | t_env:     190703 | Episode:     4361
battle_won_mean:           0.0000	dead_allies_mean:          2.8237	dead_enemies_mean:         0.0235	ep_length_mean:           77.3894
epsilon:                   0.0500	grad_norm:                 0.2999	ices_int_critic_grad_norm:  0.0178	ices_int_critic_loss:      0.0013
ices_int_grad_norm:        0.1507	ices_int_loss:            -1.8708	ices_intrinsic_reward_mean:  0.1300	ices_world_grad_norm:     11.0962
ices_world_loss:          -4.1662	loss:                      0.0090	q_taken_mean:              0.6137	return_mean:               4.9520
return_std:                1.0012	target_mean:               0.6151	td_error_abs:              0.0693	test_battle_won_mean:      0.0000
test_dead_allies_mean:     2.8625	test_dead_enemies_mean:    0.0437	test_ep_length_mean:      74.6312	test_return_mean:          5.1774
test_return_std:           0.8199	
[INFO 08:47:16] my_main Updated target network
[INFO 08:47:56] my_main t_env: 200731 / 2050000
[INFO 08:47:56] my_main Estimated time left: 3 hours, 35 minutes, 54 seconds. Time passed: 28 minutes, 13 seconds
[INFO 08:48:08] my_main Recent Stats | t_env:     200731 | Episode:     4469
battle_won_mean:           0.0000	dead_allies_mean:          2.7900	dead_enemies_mean:         0.0279	ep_length_mean:           84.7586
epsilon:                   0.0500	grad_norm:                 0.5690	ices_int_critic_grad_norm:  0.0209	ices_int_critic_loss:      0.0015
ices_int_grad_norm:        0.1780	ices_int_loss:            -2.0269	ices_intrinsic_reward_mean:  0.1425	ices_world_grad_norm:     12.5094
ices_world_loss:          -4.2210	loss:                      0.0120	q_taken_mean:              0.6128	return_mean:               5.1167
return_std:                1.0422	target_mean:               0.6079	td_error_abs:              0.0801	test_battle_won_mean:      0.0000
test_dead_allies_mean:     2.8125	test_dead_enemies_mean:    0.0250	test_ep_length_mean:      86.6625	test_return_mean:          5.3438
test_return_std:           0.9012	
[INFO 08:49:07] my_main t_env: 210754 / 2050000
[INFO 08:49:07] my_main Estimated time left: 3 hours, 37 minutes, 58 seconds. Time passed: 29 minutes, 25 seconds
[INFO 08:49:20] my_main Recent Stats | t_env:     210754 | Episode:     4570
battle_won_mean:           0.0000	dead_allies_mean:          2.7526	dead_enemies_mean:         0.0477	ep_length_mean:           91.5494
epsilon:                   0.0500	grad_norm:                 0.6087	ices_int_critic_grad_norm:  0.0208	ices_int_critic_loss:      0.0017
ices_int_grad_norm:        0.1512	ices_int_loss:            -1.9409	ices_intrinsic_reward_mean:  0.1529	ices_world_grad_norm:     12.3578
ices_world_loss:          -4.2896	loss:                      0.0125	q_taken_mean:              0.6015	return_mean:               5.2718
return_std:                1.0378	target_mean:               0.6023	td_error_abs:              0.0816	test_battle_won_mean:      0.0000
test_dead_allies_mean:     2.8500	test_dead_enemies_mean:    0.0437	test_ep_length_mean:      80.0000	test_return_mean:          5.2481
test_return_std:           0.9336	
[INFO 08:49:38] my_main Updated target network
RequestQuit command received.
Closing Application...
DataHandler: unable to parse websocket frame.
CloseHandler: 127.0.0.1:60358 disconnected
[INFO 08:49:57] absl Shutdown gracefully.
[INFO 08:49:57] absl Shutdown with return code: -15
[INFO 08:49:57] absl Launching SC2: /labmount/users/202535331/MARL/pymarl-monotone-qmix/3rdparty/StarCraftII/Versions/Base75689/SC2_x64 -listen 127.0.0.1 -port 41043 -dataDir /labmount/users/202535331/MARL/pymarl-monotone-qmix/3rdparty/StarCraftII/ -tempDir /tmp/sc-d5_ujrv3/
[INFO 08:49:57] absl Connecting to: ws://127.0.0.1:41043/sc2api, attempt: 0, running: True
Version: B75689 (SC2.4.10)
Build: Aug 12 2019 17:16:57
Command Line: '"/labmount/users/202535331/MARL/pymarl-monotone-qmix/3rdparty/StarCraftII/Versions/Base75689/SC2_x64" -listen 127.0.0.1 -port 41043 -dataDir /labmount/users/202535331/MARL/pymarl-monotone-qmix/3rdparty/StarCraftII/ -tempDir /tmp/sc-d5_ujrv3/'
Starting up...
Startup Phase 1 complete
[INFO 08:49:58] absl Connecting to: ws://127.0.0.1:41043/sc2api, attempt: 1, running: True
Startup Phase 2 complete
Creating stub renderer...
Listening on: 127.0.0.1:41043
Startup Phase 3 complete. Ready for commands.
[INFO 08:49:59] absl Connecting to: ws://127.0.0.1:41043/sc2api, attempt: 2, running: True
ConnectHandler: Request from 127.0.0.1:49220 accepted
ReadyHandler: 127.0.0.1:49220 ready
Requesting to join a single player game
Configuring interface options
Configure: raw interface enabled
Configure: feature layer interface disabled
Configure: score interface disabled
Configure: render interface disabled
Launching next game.
Next launch phase started: 2
Next launch phase started: 3
Next launch phase started: 4
Next launch phase started: 5
Next launch phase started: 6
Next launch phase started: 7
Next launch phase started: 8
Game has started.
Using default stable ids, none found at: /labmount/users/202535331/MARL/pymarl-monotone-qmix/3rdparty/StarCraftII/stableid.json
Successfully loaded stable ids: GameData\stableid.json
Sending ResponseJoinGame
[INFO 08:50:32] my_main t_env: 220882 / 2050000
[INFO 08:50:32] my_main Estimated time left: 4 hours, 15 minutes, 37 seconds. Time passed: 30 minutes, 50 seconds
[INFO 08:50:44] my_main Recent Stats | t_env:     220882 | Episode:     4688
battle_won_mean:           0.0000	dead_allies_mean:          2.7391	dead_enemies_mean:         0.0721	ep_length_mean:           95.1101
epsilon:                   0.0500	grad_norm:                 0.6778	ices_int_critic_grad_norm:  0.0163	ices_int_critic_loss:      0.0018
ices_int_grad_norm:        0.2119	ices_int_loss:            -3.0631	ices_intrinsic_reward_mean:  0.1649	ices_world_grad_norm:     13.1382
ices_world_loss:          -4.3678	loss:                      0.0129	q_taken_mean:              0.5883	return_mean:               5.3848
return_std:                1.0987	target_mean:               0.5919	td_error_abs:              0.0836	test_battle_won_mean:      0.0000
test_dead_allies_mean:     2.7875	test_dead_enemies_mean:    0.0688	test_ep_length_mean:      91.1250	test_return_mean:          5.3040
test_return_std:           0.9668	
[INFO 08:51:40] my_main t_env: 230912 / 2050000
[INFO 08:51:40] my_main Estimated time left: 3 hours, 25 minutes, 47 seconds. Time passed: 31 minutes, 58 seconds
[INFO 08:51:55] my_main Recent Stats | t_env:     230912 | Episode:     4774
battle_won_mean:           0.0000	dead_allies_mean:          2.7175	dead_enemies_mean:         0.0814	ep_length_mean:           99.5591
epsilon:                   0.0500	grad_norm:                 0.5864	ices_int_critic_grad_norm:  0.0248	ices_int_critic_loss:      0.0021
ices_int_grad_norm:        0.2528	ices_int_loss:            -3.6781	ices_intrinsic_reward_mean:  0.1762	ices_world_grad_norm:     13.7157
ices_world_loss:          -4.3849	loss:                      0.0125	q_taken_mean:              0.5986	return_mean:               5.4089
return_std:                1.1401	target_mean:               0.5987	td_error_abs:              0.0812	test_battle_won_mean:      0.0000
test_dead_allies_mean:     2.6688	test_dead_enemies_mean:    0.0875	test_ep_length_mean:     106.2250	test_return_mean:          5.1585
test_return_std:           1.1065	
[INFO 08:52:15] my_main Updated target network
[INFO 08:52:50] my_main t_env: 240929 / 2050000
[INFO 08:52:50] my_main Estimated time left: 3 hours, 29 minutes, 42 seconds. Time passed: 33 minutes, 7 seconds
[INFO 08:53:01] my_main Recent Stats | t_env:     240929 | Episode:     4855
battle_won_mean:           0.0000	dead_allies_mean:          2.7024	dead_enemies_mean:         0.0859	ep_length_mean:          103.6429
epsilon:                   0.0500	grad_norm:                 0.6507	ices_int_critic_grad_norm:  0.0342	ices_int_critic_loss:      0.0024
ices_int_grad_norm:        0.2644	ices_int_loss:            -2.9332	ices_intrinsic_reward_mean:  0.1905	ices_world_grad_norm:     14.7119
ices_world_loss:          -4.4360	loss:                      0.0127	q_taken_mean:              0.5939	return_mean:               5.3497
return_std:                1.1760	target_mean:               0.5897	td_error_abs:              0.0826	test_battle_won_mean:      0.0000
test_dead_allies_mean:     2.6250	test_dead_enemies_mean:    0.0938	test_ep_length_mean:     113.3375	test_return_mean:          5.1116
test_return_std:           1.1301	
[INFO 08:54:02] my_main t_env: 251013 / 2050000
[INFO 08:54:02] my_main Estimated time left: 3 hours, 34 minutes, 52 seconds. Time passed: 34 minutes, 20 seconds
[INFO 08:54:15] my_main Recent Stats | t_env:     251013 | Episode:     4954
battle_won_mean:           0.0000	dead_allies_mean:          2.6980	dead_enemies_mean:         0.1066	ep_length_mean:          105.4443
epsilon:                   0.0500	grad_norm:                 0.4956	ices_int_critic_grad_norm:  0.0333	ices_int_critic_loss:      0.0027
ices_int_grad_norm:        0.3494	ices_int_loss:            -3.7753	ices_intrinsic_reward_mean:  0.2017	ices_world_grad_norm:     13.9497
ices_world_loss:          -4.3999	loss:                      0.0104	q_taken_mean:              0.6092	return_mean:               5.3543
return_std:                1.2166	target_mean:               0.6143	td_error_abs:              0.0758	test_battle_won_mean:      0.0000
test_dead_allies_mean:     2.5812	test_dead_enemies_mean:    0.1187	test_ep_length_mean:     116.5625	test_return_mean:          5.0310
test_return_std:           1.2158	
[INFO 08:54:46] my_main Updated target network
[INFO 08:55:10] my_main t_env: 261059 / 2050000
[INFO 08:55:10] my_main Estimated time left: 3 hours, 20 minutes, 53 seconds. Time passed: 35 minutes, 27 seconds
[INFO 08:55:19] my_main Recent Stats | t_env:     261059 | Episode:     5033
battle_won_mean:           0.0000	dead_allies_mean:          2.6511	dead_enemies_mean:         0.1096	ep_length_mean:          111.0296
epsilon:                   0.0500	grad_norm:                 0.4250	ices_int_critic_grad_norm:  0.0414	ices_int_critic_loss:      0.0030
ices_int_grad_norm:        0.3484	ices_int_loss:            -3.3056	ices_intrinsic_reward_mean:  0.2125	ices_world_grad_norm:     13.5398
ices_world_loss:          -4.4021	loss:                      0.0097	q_taken_mean:              0.6206	return_mean:               5.2973
return_std:                1.3893	target_mean:               0.6247	td_error_abs:              0.0733	test_battle_won_mean:      0.0000
test_dead_allies_mean:     2.6063	test_dead_enemies_mean:    0.1437	test_ep_length_mean:     109.4125	test_return_mean:          5.1305
test_return_std:           1.1745	
RequestQuit command received.
Closing Application...
DataHandler: unable to parse websocket frame.
CloseHandler: 127.0.0.1:49220 disconnected
[INFO 08:55:39] absl Shutdown gracefully.
[INFO 08:55:39] absl Shutdown with return code: -15
[INFO 08:55:39] absl Launching SC2: /labmount/users/202535331/MARL/pymarl-monotone-qmix/3rdparty/StarCraftII/Versions/Base75689/SC2_x64 -listen 127.0.0.1 -port 43757 -dataDir /labmount/users/202535331/MARL/pymarl-monotone-qmix/3rdparty/StarCraftII/ -tempDir /tmp/sc-_ppm30n7/
[INFO 08:55:39] absl Connecting to: ws://127.0.0.1:43757/sc2api, attempt: 0, running: True
Version: B75689 (SC2.4.10)
Build: Aug 12 2019 17:16:57
Command Line: '"/labmount/users/202535331/MARL/pymarl-monotone-qmix/3rdparty/StarCraftII/Versions/Base75689/SC2_x64" -listen 127.0.0.1 -port 43757 -dataDir /labmount/users/202535331/MARL/pymarl-monotone-qmix/3rdparty/StarCraftII/ -tempDir /tmp/sc-_ppm30n7/'
Starting up...
Startup Phase 1 complete
[INFO 08:55:40] absl Connecting to: ws://127.0.0.1:43757/sc2api, attempt: 1, running: True
Startup Phase 2 complete
Creating stub renderer...
Listening on: 127.0.0.1:43757
Startup Phase 3 complete. Ready for commands.
[INFO 08:55:41] absl Connecting to: ws://127.0.0.1:43757/sc2api, attempt: 2, running: True
ConnectHandler: Request from 127.0.0.1:34390 accepted
ReadyHandler: 127.0.0.1:34390 ready
Requesting to join a single player game
Configuring interface options
Configure: raw interface enabled
Configure: feature layer interface disabled
Configure: score interface disabled
Configure: render interface disabled
Launching next game.
Next launch phase started: 2
Next launch phase started: 3
Next launch phase started: 4
Next launch phase started: 5
Next launch phase started: 6
Next launch phase started: 7
Next launch phase started: 8
Game has started.
Using default stable ids, none found at: /labmount/users/202535331/MARL/pymarl-monotone-qmix/3rdparty/StarCraftII/stableid.json
Successfully loaded stable ids: GameData\stableid.json
Sending ResponseJoinGame
[INFO 08:56:26] my_main t_env: 271228 / 2050000
[INFO 08:56:26] my_main Estimated time left: 3 hours, 40 minutes, 42 seconds. Time passed: 36 minutes, 43 seconds
[INFO 08:56:42] my_main Recent Stats | t_env:     271228 | Episode:     5131
battle_won_mean:           0.0000	dead_allies_mean:          2.6247	dead_enemies_mean:         0.1110	ep_length_mean:          114.6166
epsilon:                   0.0500	grad_norm:                 0.5395	ices_int_critic_grad_norm:  0.0546	ices_int_critic_loss:      0.0034
ices_int_grad_norm:        0.2884	ices_int_loss:            -2.3533	ices_intrinsic_reward_mean:  0.2217	ices_world_grad_norm:     14.5589
ices_world_loss:          -4.4947	loss:                      0.0131	q_taken_mean:              0.6253	return_mean:               5.3442
return_std:                1.4703	target_mean:               0.6331	td_error_abs:              0.0816	test_battle_won_mean:      0.0000
test_dead_allies_mean:     2.5562	test_dead_enemies_mean:    0.1125	test_ep_length_mean:     120.7500	test_return_mean:          5.1732
test_return_std:           1.0837	
[INFO 08:57:29] my_main Updated target network
[INFO 08:57:42] my_main t_env: 281328 / 2050000
[INFO 08:57:42] my_main Estimated time left: 3 hours, 44 minutes, 24 seconds. Time passed: 38 minutes, 0 seconds
[INFO 08:57:56] my_main Recent Stats | t_env:     281328 | Episode:     5225
battle_won_mean:           0.0000	dead_allies_mean:          2.6351	dead_enemies_mean:         0.1116	ep_length_mean:          112.7804
epsilon:                   0.0500	grad_norm:                 0.5488	ices_int_critic_grad_norm:  0.0512	ices_int_critic_loss:      0.0036
ices_int_grad_norm:        0.2947	ices_int_loss:            -3.2763	ices_intrinsic_reward_mean:  0.2276	ices_world_grad_norm:     15.0343
ices_world_loss:          -4.5482	loss:                      0.0132	q_taken_mean:              0.6303	return_mean:               5.4217
return_std:                1.4035	target_mean:               0.6396	td_error_abs:              0.0809	test_battle_won_mean:      0.0000
test_dead_allies_mean:     2.5500	test_dead_enemies_mean:    0.1437	test_ep_length_mean:     118.6937	test_return_mean:          5.1978
test_return_std:           1.0231	
[INFO 08:58:54] my_main t_env: 291397 / 2050000
[INFO 08:58:54] my_main Estimated time left: 3 hours, 28 minutes, 32 seconds. Time passed: 39 minutes, 12 seconds
[INFO 08:59:11] my_main Recent Stats | t_env:     291397 | Episode:     5312
battle_won_mean:           0.0000	dead_allies_mean:          2.6475	dead_enemies_mean:         0.1450	ep_length_mean:          111.1942
epsilon:                   0.0500	grad_norm:                 0.4580	ices_int_critic_grad_norm:  0.0448	ices_int_critic_loss:      0.0036
ices_int_grad_norm:        0.4013	ices_int_loss:            -2.9187	ices_intrinsic_reward_mean:  0.2266	ices_world_grad_norm:     15.5808
ices_world_loss:          -4.6821	loss:                      0.0131	q_taken_mean:              0.6299	return_mean:               5.5971
return_std:                1.4153	target_mean:               0.6428	td_error_abs:              0.0765	test_battle_won_mean:      0.0000
test_dead_allies_mean:     2.4813	test_dead_enemies_mean:    0.1500	test_ep_length_mean:     129.7750	test_return_mean:          5.2909
test_return_std:           1.0354	
[INFO 09:00:06] my_main t_env: 301573 / 2050000
[INFO 09:00:06] my_main Estimated time left: 3 hours, 24 minutes, 28 seconds. Time passed: 40 minutes, 23 seconds
[INFO 09:00:21] my_main Recent Stats | t_env:     301573 | Episode:     5388
battle_won_mean:           0.0000	dead_allies_mean:          2.6158	dead_enemies_mean:         0.1530	ep_length_mean:          117.6014
epsilon:                   0.0500	grad_norm:                 0.3517	ices_int_critic_grad_norm:  0.0487	ices_int_critic_loss:      0.0036
ices_int_grad_norm:        0.8206	ices_int_loss:            -3.1935	ices_intrinsic_reward_mean:  0.2286	ices_world_grad_norm:     16.6070
ices_world_loss:          -4.7795	loss:                      0.0132	q_taken_mean:              0.6260	return_mean:               5.6950
return_std:                1.4310	target_mean:               0.6360	td_error_abs:              0.0722	test_battle_won_mean:      0.0000
test_dead_allies_mean:     2.4562	test_dead_enemies_mean:    0.1562	test_ep_length_mean:     133.6875	test_return_mean:          5.4843
test_return_std:           1.0825	
[INFO 09:00:30] my_main Updated target network
RequestQuit command received.
Closing Application...
DataHandler: unable to parse websocket frame.
CloseHandler: 127.0.0.1:34390 disconnected
[INFO 09:01:10] absl Shutdown gracefully.
[INFO 09:01:10] absl Shutdown with return code: -15
[INFO 09:01:10] absl Launching SC2: /labmount/users/202535331/MARL/pymarl-monotone-qmix/3rdparty/StarCraftII/Versions/Base75689/SC2_x64 -listen 127.0.0.1 -port 38411 -dataDir /labmount/users/202535331/MARL/pymarl-monotone-qmix/3rdparty/StarCraftII/ -tempDir /tmp/sc-9y2do2rs/
[INFO 09:01:10] absl Connecting to: ws://127.0.0.1:38411/sc2api, attempt: 0, running: True
Version: B75689 (SC2.4.10)
Build: Aug 12 2019 17:16:57
Command Line: '"/labmount/users/202535331/MARL/pymarl-monotone-qmix/3rdparty/StarCraftII/Versions/Base75689/SC2_x64" -listen 127.0.0.1 -port 38411 -dataDir /labmount/users/202535331/MARL/pymarl-monotone-qmix/3rdparty/StarCraftII/ -tempDir /tmp/sc-9y2do2rs/'
Starting up...
Startup Phase 1 complete
[INFO 09:01:11] absl Connecting to: ws://127.0.0.1:38411/sc2api, attempt: 1, running: True
Startup Phase 2 complete
Creating stub renderer...
Listening on: 127.0.0.1:38411
Startup Phase 3 complete. Ready for commands.
[INFO 09:01:12] absl Connecting to: ws://127.0.0.1:38411/sc2api, attempt: 2, running: True
ConnectHandler: Request from 127.0.0.1:58510 accepted
ReadyHandler: 127.0.0.1:58510 ready
Requesting to join a single player game
Configuring interface options
Configure: raw interface enabled
Configure: feature layer interface disabled
Configure: score interface disabled
Configure: render interface disabled
Launching next game.
Next launch phase started: 2
Next launch phase started: 3
Next launch phase started: 4
Next launch phase started: 5
Next launch phase started: 6
Next launch phase started: 7
Next launch phase started: 8
Game has started.
Using default stable ids, none found at: /labmount/users/202535331/MARL/pymarl-monotone-qmix/3rdparty/StarCraftII/stableid.json
Successfully loaded stable ids: GameData\stableid.json
Sending ResponseJoinGame
[INFO 09:01:19] my_main t_env: 311683 / 2050000
[INFO 09:01:19] my_main Estimated time left: 3 hours, 31 minutes, 46 seconds. Time passed: 41 minutes, 37 seconds
[INFO 09:01:38] my_main Recent Stats | t_env:     311683 | Episode:     5461
battle_won_mean:           0.0000	dead_allies_mean:          2.6180	dead_enemies_mean:         0.1740	ep_length_mean:          119.8671
epsilon:                   0.0500	grad_norm:                 0.4333	ices_int_critic_grad_norm:  0.0429	ices_int_critic_loss:      0.0036
ices_int_grad_norm:        1.2725	ices_int_loss:            -3.9510	ices_intrinsic_reward_mean:  0.2291	ices_world_grad_norm:     16.0862
ices_world_loss:          -4.7939	loss:                      0.0143	q_taken_mean:              0.6383	return_mean:               5.8523
return_std:                1.4287	target_mean:               0.6428	td_error_abs:              0.0740	test_battle_won_mean:      0.0000
test_dead_allies_mean:     2.3625	test_dead_enemies_mean:    0.1437	test_ep_length_mean:     152.4563	test_return_mean:          5.5835
test_return_std:           1.2279	
[INFO 09:02:41] my_main t_env: 321857 / 2050000
[INFO 09:02:41] my_main Estimated time left: 3 hours, 51 minutes, 5 seconds. Time passed: 42 minutes, 59 seconds
[INFO 09:02:53] my_main Recent Stats | t_env:     321857 | Episode:     5553
battle_won_mean:           0.0000	dead_allies_mean:          2.6290	dead_enemies_mean:         0.1955	ep_length_mean:          121.2315
epsilon:                   0.0500	grad_norm:                 0.3361	ices_int_critic_grad_norm:  0.0306	ices_int_critic_loss:      0.0035
ices_int_grad_norm:        1.9104	ices_int_loss:            -4.4133	ices_intrinsic_reward_mean:  0.2273	ices_world_grad_norm:     14.6337
ices_world_loss:          -4.6522	loss:                      0.0115	q_taken_mean:              0.6713	return_mean:               5.9355
return_std:                1.4121	target_mean:               0.6653	td_error_abs:              0.0665	test_battle_won_mean:      0.0000
test_dead_allies_mean:     2.4250	test_dead_enemies_mean:    0.2125	test_ep_length_mean:     139.6687	test_return_mean:          5.7055
test_return_std:           1.2956	
[INFO 09:03:26] my_main Updated target network
[INFO 09:04:00] my_main t_env: 331910 / 2050000
[INFO 09:04:00] my_main Estimated time left: 3 hours, 44 minutes, 11 seconds. Time passed: 44 minutes, 17 seconds
[INFO 09:04:10] my_main Recent Stats | t_env:     331910 | Episode:     5653
battle_won_mean:           0.0000	dead_allies_mean:          2.6527	dead_enemies_mean:         0.2163	ep_length_mean:          119.8481
epsilon:                   0.0500	grad_norm:                 0.3602	ices_int_critic_grad_norm:  0.0389	ices_int_critic_loss:      0.0036
ices_int_grad_norm:        1.9851	ices_int_loss:            -2.8152	ices_intrinsic_reward_mean:  0.2311	ices_world_grad_norm:     14.7520
ices_world_loss:          -4.6822	loss:                      0.0118	q_taken_mean:              0.6694	return_mean:               6.0547
return_std:                1.4819	target_mean:               0.6645	td_error_abs:              0.0669	test_battle_won_mean:      0.0000
test_dead_allies_mean:     2.5312	test_dead_enemies_mean:    0.1938	test_ep_length_mean:     132.1000	test_return_mean:          5.9900
test_return_std:           1.3234	
[INFO 09:05:13] my_main t_env: 341998 / 2050000
[INFO 09:05:13] my_main Estimated time left: 3 hours, 25 minutes, 32 seconds. Time passed: 45 minutes, 30 seconds
[INFO 09:05:26] my_main Recent Stats | t_env:     341998 | Episode:     5740
battle_won_mean:           0.0000	dead_allies_mean:          2.6619	dead_enemies_mean:         0.2278	ep_length_mean:          119.8918
epsilon:                   0.0500	grad_norm:                 0.5937	ices_int_critic_grad_norm:  0.0360	ices_int_critic_loss:      0.0036
ices_int_grad_norm:        2.3952	ices_int_loss:            -4.1996	ices_intrinsic_reward_mean:  0.2310	ices_world_grad_norm:     13.6943
ices_world_loss:          -4.5860	loss:                      0.0141	q_taken_mean:              0.6833	return_mean:               6.1918
return_std:                1.5535	target_mean:               0.6845	td_error_abs:              0.0802	test_battle_won_mean:      0.0000
test_dead_allies_mean:     2.5750	test_dead_enemies_mean:    0.2250	test_ep_length_mean:     122.8312	test_return_mean:          6.1345
test_return_std:           1.3497	
[INFO 09:06:06] my_main Updated target network
[INFO 09:06:31] my_main t_env: 352033 / 2050000
[INFO 09:06:31] my_main Estimated time left: 3 hours, 40 minutes, 59 seconds. Time passed: 46 minutes, 48 seconds
[INFO 09:06:38] my_main Recent Stats | t_env:     352033 | Episode:     5839
battle_won_mean:           0.0000	dead_allies_mean:          2.6915	dead_enemies_mean:         0.2340	ep_length_mean:          113.3856
epsilon:                   0.0500	grad_norm:                 0.6858	ices_int_critic_grad_norm:  0.0323	ices_int_critic_loss:      0.0041
ices_int_grad_norm:        1.9468	ices_int_loss:            -3.7349	ices_intrinsic_reward_mean:  0.2339	ices_world_grad_norm:     12.7757
ices_world_loss:          -4.5870	loss:                      0.0145	q_taken_mean:              0.6933	return_mean:               6.2444
return_std:                1.5713	target_mean:               0.6916	td_error_abs:              0.0826	test_battle_won_mean:      0.0000
test_dead_allies_mean:     2.7000	test_dead_enemies_mean:    0.2062	test_ep_length_mean:     106.2812	test_return_mean:          6.2165
test_return_std:           1.1829	
RequestQuit command received.
Closing Application...
DataHandler: unable to parse websocket frame.
CloseHandler: 127.0.0.1:58510 disconnected
[INFO 09:07:32] absl Shutdown gracefully.
[INFO 09:07:32] absl Shutdown with return code: -15
[INFO 09:07:32] absl Launching SC2: /labmount/users/202535331/MARL/pymarl-monotone-qmix/3rdparty/StarCraftII/Versions/Base75689/SC2_x64 -listen 127.0.0.1 -port 42087 -dataDir /labmount/users/202535331/MARL/pymarl-monotone-qmix/3rdparty/StarCraftII/ -tempDir /tmp/sc-dvzvjwal/
[INFO 09:07:32] absl Connecting to: ws://127.0.0.1:42087/sc2api, attempt: 0, running: True
Version: B75689 (SC2.4.10)
Build: Aug 12 2019 17:16:57
Command Line: '"/labmount/users/202535331/MARL/pymarl-monotone-qmix/3rdparty/StarCraftII/Versions/Base75689/SC2_x64" -listen 127.0.0.1 -port 42087 -dataDir /labmount/users/202535331/MARL/pymarl-monotone-qmix/3rdparty/StarCraftII/ -tempDir /tmp/sc-dvzvjwal/'
Starting up...
Startup Phase 1 complete
[INFO 09:07:33] absl Connecting to: ws://127.0.0.1:42087/sc2api, attempt: 1, running: True
Startup Phase 2 complete
Creating stub renderer...
Listening on: 127.0.0.1:42087
Startup Phase 3 complete. Ready for commands.
[INFO 09:07:34] absl Connecting to: ws://127.0.0.1:42087/sc2api, attempt: 2, running: True
ConnectHandler: Request from 127.0.0.1:33272 accepted
ReadyHandler: 127.0.0.1:33272 ready
Requesting to join a single player game
Configuring interface options
Configure: raw interface enabled
Configure: feature layer interface disabled
Configure: score interface disabled
Configure: render interface disabled
Launching next game.
Next launch phase started: 2
Next launch phase started: 3
Next launch phase started: 4
Next launch phase started: 5
Next launch phase started: 6
Next launch phase started: 7
Next launch phase started: 8
Game has started.
Using default stable ids, none found at: /labmount/users/202535331/MARL/pymarl-monotone-qmix/3rdparty/StarCraftII/stableid.json
Successfully loaded stable ids: GameData\stableid.json
Sending ResponseJoinGame
[INFO 09:08:01] my_main t_env: 362184 / 2050000
[INFO 09:08:01] my_main Estimated time left: 4 hours, 8 minutes, 21 seconds. Time passed: 48 minutes, 18 seconds
[INFO 09:08:10] my_main Recent Stats | t_env:     362184 | Episode:     5967
battle_won_mean:           0.0000	dead_allies_mean:          2.7675	dead_enemies_mean:         0.2339	ep_length_mean:          101.5479
epsilon:                   0.0500	grad_norm:                 0.7158	ices_int_critic_grad_norm:  0.0294	ices_int_critic_loss:      0.0044
ices_int_grad_norm:        1.5395	ices_int_loss:            -4.4783	ices_intrinsic_reward_mean:  0.2340	ices_world_grad_norm:     12.7510
ices_world_loss:          -4.5954	loss:                      0.0153	q_taken_mean:              0.7022	return_mean:               6.3249
return_std:                1.5189	target_mean:               0.6991	td_error_abs:              0.0859	test_battle_won_mean:      0.0000
test_dead_allies_mean:     2.8125	test_dead_enemies_mean:    0.2125	test_ep_length_mean:      87.6688	test_return_mean:          6.2600
test_return_std:           1.1581	
[INFO 09:08:30] my_main Updated target network
[INFO 09:09:23] my_main t_env: 372230 / 2050000
[INFO 09:09:23] my_main Estimated time left: 3 hours, 49 minutes, 43 seconds. Time passed: 49 minutes, 41 seconds
[INFO 09:09:31] my_main Recent Stats | t_env:     372230 | Episode:     6096
battle_won_mean:           0.0000	dead_allies_mean:          2.7955	dead_enemies_mean:         0.2428	ep_length_mean:           95.0057
epsilon:                   0.0500	grad_norm:                 0.7976	ices_int_critic_grad_norm:  0.0280	ices_int_critic_loss:      0.0046
ices_int_grad_norm:        1.0608	ices_int_loss:            -4.3884	ices_intrinsic_reward_mean:  0.2333	ices_world_grad_norm:     13.7678
ices_world_loss:          -4.7603	loss:                      0.0160	q_taken_mean:              0.6899	return_mean:               6.3260
return_std:                1.4687	target_mean:               0.6854	td_error_abs:              0.0865	test_battle_won_mean:      0.0000
test_dead_allies_mean:     2.8563	test_dead_enemies_mean:    0.1875	test_ep_length_mean:      80.3438	test_return_mean:          6.1786
test_return_std:           1.1422	
[INFO 09:10:28] my_main Updated target network
[INFO 09:10:44] my_main t_env: 382274 / 2050000
[INFO 09:10:44] my_main Estimated time left: 3 hours, 43 minutes, 58 seconds. Time passed: 51 minutes, 2 seconds
[INFO 09:10:52] my_main Recent Stats | t_env:     382274 | Episode:     6229
battle_won_mean:           0.0000	dead_allies_mean:          2.8140	dead_enemies_mean:         0.2540	ep_length_mean:           90.0034
epsilon:                   0.0500	grad_norm:                 0.8893	ices_int_critic_grad_norm:  0.0151	ices_int_critic_loss:      0.0047
ices_int_grad_norm:        0.9527	ices_int_loss:            -5.5220	ices_intrinsic_reward_mean:  0.2248	ices_world_grad_norm:     14.0064
ices_world_loss:          -4.8045	loss:                      0.0172	q_taken_mean:              0.6978	return_mean:               6.2668
return_std:                1.4366	target_mean:               0.6875	td_error_abs:              0.0902	test_battle_won_mean:      0.0000
test_dead_allies_mean:     2.8687	test_dead_enemies_mean:    0.1938	test_ep_length_mean:      76.9938	test_return_mean:          6.1895
test_return_std:           1.1817	
[INFO 09:12:02] my_main t_env: 392362 / 2050000
[INFO 09:12:02] my_main Estimated time left: 3 hours, 33 minutes, 51 seconds. Time passed: 52 minutes, 20 seconds
[INFO 09:12:10] my_main Recent Stats | t_env:     392362 | Episode:     6349
battle_won_mean:           0.0000	dead_allies_mean:          2.8414	dead_enemies_mean:         0.2509	ep_length_mean:           83.6260
epsilon:                   0.0500	grad_norm:                 0.6633	ices_int_critic_grad_norm:  0.0230	ices_int_critic_loss:      0.0049
ices_int_grad_norm:        0.8067	ices_int_loss:            -6.6067	ices_intrinsic_reward_mean:  0.2249	ices_world_grad_norm:     14.0858
ices_world_loss:          -4.8052	loss:                      0.0148	q_taken_mean:              0.7069	return_mean:               6.1905
return_std:                1.3279	target_mean:               0.6894	td_error_abs:              0.0785	test_battle_won_mean:      0.0000
test_dead_allies_mean:     2.9500	test_dead_enemies_mean:    0.1875	test_ep_length_mean:      67.9250	test_return_mean:          6.1865
test_return_std:           1.1646	
[INFO 09:12:40] my_main Updated target network
[INFO 09:13:21] my_main t_env: 402382 / 2050000
[INFO 09:13:21] my_main Estimated time left: 3 hours, 35 minutes, 47 seconds. Time passed: 53 minutes, 38 seconds
[INFO 09:13:32] my_main Recent Stats | t_env:     402382 | Episode:     6473
battle_won_mean:           0.0000	dead_allies_mean:          2.8766	dead_enemies_mean:         0.2524	ep_length_mean:           79.5145
epsilon:                   0.0500	grad_norm:                 0.5906	ices_int_critic_grad_norm:  0.0228	ices_int_critic_loss:      0.0047
ices_int_grad_norm:        0.9348	ices_int_loss:            -5.8849	ices_intrinsic_reward_mean:  0.2220	ices_world_grad_norm:     13.3001
ices_world_loss:          -4.7525	loss:                      0.0143	q_taken_mean:              0.7179	return_mean:               6.2640
return_std:                1.3454	target_mean:               0.7024	td_error_abs:              0.0771	test_battle_won_mean:      0.0000
test_dead_allies_mean:     2.9000	test_dead_enemies_mean:    0.2313	test_ep_length_mean:      74.5500	test_return_mean:          6.2985
test_return_std:           1.3575	
[INFO 09:14:44] my_main Updated target network
[INFO 09:14:44] my_main t_env: 412438 / 2050000
[INFO 09:14:44] my_main Estimated time left: 3 hours, 45 minutes, 46 seconds. Time passed: 55 minutes, 2 seconds
RequestQuit command received.
DataHandler: unable to parse websocket frame.
CloseHandler: 127.0.0.1:33272 disconnected
Closing Application...
ResponseThread: No connection, dropping the response.
[INFO 09:14:45] absl Shutdown gracefully.
[INFO 09:14:45] absl Shutdown with return code: -15
[INFO 09:14:45] absl Launching SC2: /labmount/users/202535331/MARL/pymarl-monotone-qmix/3rdparty/StarCraftII/Versions/Base75689/SC2_x64 -listen 127.0.0.1 -port 41381 -dataDir /labmount/users/202535331/MARL/pymarl-monotone-qmix/3rdparty/StarCraftII/ -tempDir /tmp/sc-zn073p2p/
[INFO 09:14:45] absl Connecting to: ws://127.0.0.1:41381/sc2api, attempt: 0, running: True
Version: B75689 (SC2.4.10)
Build: Aug 12 2019 17:16:57
Command Line: '"/labmount/users/202535331/MARL/pymarl-monotone-qmix/3rdparty/StarCraftII/Versions/Base75689/SC2_x64" -listen 127.0.0.1 -port 41381 -dataDir /labmount/users/202535331/MARL/pymarl-monotone-qmix/3rdparty/StarCraftII/ -tempDir /tmp/sc-zn073p2p/'
Starting up...
Startup Phase 1 complete
[INFO 09:14:46] absl Connecting to: ws://127.0.0.1:41381/sc2api, attempt: 1, running: True
Startup Phase 2 complete
Creating stub renderer...
Listening on: 127.0.0.1:41381
Startup Phase 3 complete. Ready for commands.
[INFO 09:14:47] absl Connecting to: ws://127.0.0.1:41381/sc2api, attempt: 2, running: True
ConnectHandler: Request from 127.0.0.1:44372 accepted
ReadyHandler: 127.0.0.1:44372 ready
Requesting to join a single player game
Configuring interface options
Configure: raw interface enabled
Configure: feature layer interface disabled
Configure: score interface disabled
Configure: render interface disabled
Launching next game.
Next launch phase started: 2
Next launch phase started: 3
Next launch phase started: 4
Next launch phase started: 5
Next launch phase started: 6
Next launch phase started: 7
Next launch phase started: 8
Game has started.
Using default stable ids, none found at: /labmount/users/202535331/MARL/pymarl-monotone-qmix/3rdparty/StarCraftII/stableid.json
Successfully loaded stable ids: GameData\stableid.json
Sending ResponseJoinGame
[INFO 09:14:56] my_main Recent Stats | t_env:     412438 | Episode:     6601
battle_won_mean:           0.0000	dead_allies_mean:          2.8829	dead_enemies_mean:         0.2571	ep_length_mean:           79.3661
epsilon:                   0.0500	grad_norm:                 0.4216	ices_int_critic_grad_norm:  0.0246	ices_int_critic_loss:      0.0043
ices_int_grad_norm:        1.2435	ices_int_loss:            -5.2641	ices_intrinsic_reward_mean:  0.2188	ices_world_grad_norm:     14.3980
ices_world_loss:          -4.8666	loss:                      0.0125	q_taken_mean:              0.7011	return_mean:               6.2969
return_std:                1.3265	target_mean:               0.6906	td_error_abs:              0.0682	test_battle_won_mean:      0.0000
test_dead_allies_mean:     2.9062	test_dead_enemies_mean:    0.2125	test_ep_length_mean:      69.2125	test_return_mean:          6.2254
test_return_std:           1.1933	
[INFO 09:16:10] my_main t_env: 422532 / 2050000
[INFO 09:16:10] my_main Estimated time left: 3 hours, 50 minutes, 9 seconds. Time passed: 56 minutes, 27 seconds
[INFO 09:16:21] my_main Recent Stats | t_env:     422532 | Episode:     6727
battle_won_mean:           0.0000	dead_allies_mean:          2.8886	dead_enemies_mean:         0.2505	ep_length_mean:           79.8131
epsilon:                   0.0500	grad_norm:                 0.2787	ices_int_critic_grad_norm:  0.0310	ices_int_critic_loss:      0.0042
ices_int_grad_norm:        1.1559	ices_int_loss:            -5.7030	ices_intrinsic_reward_mean:  0.2181	ices_world_grad_norm:     14.0606
ices_world_loss:          -4.8738	loss:                      0.0114	q_taken_mean:              0.7037	return_mean:               6.3603
return_std:                1.3263	target_mean:               0.6967	td_error_abs:              0.0619	test_battle_won_mean:      0.0000
test_dead_allies_mean:     2.8750	test_dead_enemies_mean:    0.2313	test_ep_length_mean:      76.5938	test_return_mean:          6.3952
test_return_std:           1.3069	
[INFO 09:17:09] my_main Updated target network
[INFO 09:17:29] my_main t_env: 432767 / 2050000
[INFO 09:17:29] my_main Estimated time left: 3 hours, 29 minutes, 41 seconds. Time passed: 57 minutes, 47 seconds
[INFO 09:17:43] my_main Recent Stats | t_env:     432767 | Episode:     6836
battle_won_mean:           0.0000	dead_allies_mean:          2.8788	dead_enemies_mean:         0.2581	ep_length_mean:           83.4892
epsilon:                   0.0500	grad_norm:                 0.2793	ices_int_critic_grad_norm:  0.0344	ices_int_critic_loss:      0.0046
ices_int_grad_norm:        1.3821	ices_int_loss:            -4.1153	ices_intrinsic_reward_mean:  0.2312	ices_world_grad_norm:     13.9804
ices_world_loss:          -4.8429	loss:                      0.0117	q_taken_mean:              0.7130	return_mean:               6.5650
return_std:                1.4369	target_mean:               0.7139	td_error_abs:              0.0629	test_battle_won_mean:      0.0000
test_dead_allies_mean:     2.8125	test_dead_enemies_mean:    0.2562	test_ep_length_mean:      86.2188	test_return_mean:          6.5220
test_return_std:           1.2633	
[INFO 09:18:47] my_main t_env: 442776 / 2050000
[INFO 09:18:47] my_main Estimated time left: 3 hours, 28 minutes, 53 seconds. Time passed: 59 minutes, 5 seconds
[INFO 09:19:01] my_main Recent Stats | t_env:     442776 | Episode:     6929
battle_won_mean:           0.0000	dead_allies_mean:          2.8679	dead_enemies_mean:         0.2767	ep_length_mean:           88.2006
epsilon:                   0.0500	grad_norm:                 0.2702	ices_int_critic_grad_norm:  0.0406	ices_int_critic_loss:      0.0054
ices_int_grad_norm:        1.6903	ices_int_loss:            -2.7555	ices_intrinsic_reward_mean:  0.2390	ices_world_grad_norm:     14.5646
ices_world_loss:          -4.9116	loss:                      0.0126	q_taken_mean:              0.7127	return_mean:               6.8019
return_std:                1.6746	target_mean:               0.7137	td_error_abs:              0.0631	test_battle_won_mean:      0.0000
test_dead_allies_mean:     2.7625	test_dead_enemies_mean:    0.3312	test_ep_length_mean:      95.8187	test_return_mean:          6.7934
test_return_std:           1.4412	
[INFO 09:19:49] my_main Updated target network
[INFO 09:20:06] my_main t_env: 452795 / 2050000
[INFO 09:20:06] my_main Estimated time left: 3 hours, 28 minutes, 10 seconds. Time passed: 1 hours, 23 seconds
[INFO 09:20:19] my_main Recent Stats | t_env:     452795 | Episode:     7026
battle_won_mean:           0.0000	dead_allies_mean:          2.8419	dead_enemies_mean:         0.3070	ep_length_mean:           92.6970
epsilon:                   0.0500	grad_norm:                 0.2829	ices_int_critic_grad_norm:  0.0418	ices_int_critic_loss:      0.0056
ices_int_grad_norm:        1.7969	ices_int_loss:            -2.8650	ices_intrinsic_reward_mean:  0.2423	ices_world_grad_norm:     15.1521
ices_world_loss:          -4.9481	loss:                      0.0124	q_taken_mean:              0.7100	return_mean:               6.9795
return_std:                1.7876	target_mean:               0.7136	td_error_abs:              0.0637	test_battle_won_mean:      0.0000
test_dead_allies_mean:     2.7250	test_dead_enemies_mean:    0.3625	test_ep_length_mean:     101.5312	test_return_mean:          6.9883
test_return_std:           1.5798	
RequestQuit command received.
DataHandler: unable to parse websocket frame.
Closing Application...
CloseHandler: 127.0.0.1:44372 disconnected
ResponseThread: No connection, dropping the response.
[INFO 09:21:16] absl Shutdown gracefully.
[INFO 09:21:16] absl Shutdown with return code: -15
[INFO 09:21:16] absl Launching SC2: /labmount/users/202535331/MARL/pymarl-monotone-qmix/3rdparty/StarCraftII/Versions/Base75689/SC2_x64 -listen 127.0.0.1 -port 44461 -dataDir /labmount/users/202535331/MARL/pymarl-monotone-qmix/3rdparty/StarCraftII/ -tempDir /tmp/sc-8qefp3v1/
[INFO 09:21:16] absl Connecting to: ws://127.0.0.1:44461/sc2api, attempt: 0, running: True
Version: B75689 (SC2.4.10)
Build: Aug 12 2019 17:16:57
Command Line: '"/labmount/users/202535331/MARL/pymarl-monotone-qmix/3rdparty/StarCraftII/Versions/Base75689/SC2_x64" -listen 127.0.0.1 -port 44461 -dataDir /labmount/users/202535331/MARL/pymarl-monotone-qmix/3rdparty/StarCraftII/ -tempDir /tmp/sc-8qefp3v1/'
Starting up...
Startup Phase 1 complete
[INFO 09:21:17] absl Connecting to: ws://127.0.0.1:44461/sc2api, attempt: 1, running: True
Startup Phase 2 complete
Creating stub renderer...
Listening on: 127.0.0.1:44461
Startup Phase 3 complete. Ready for commands.
[INFO 09:21:18] absl Connecting to: ws://127.0.0.1:44461/sc2api, attempt: 2, running: True
ConnectHandler: Request from 127.0.0.1:46316 accepted
ReadyHandler: 127.0.0.1:46316 ready
Requesting to join a single player game
Configuring interface options
Configure: raw interface enabled
Configure: feature layer interface disabled
Configure: score interface disabled
Configure: render interface disabled
Launching next game.
Next launch phase started: 2
Next launch phase started: 3
Next launch phase started: 4
Next launch phase started: 5
Next launch phase started: 6
Next launch phase started: 7
Next launch phase started: 8
Game has started.
Using default stable ids, none found at: /labmount/users/202535331/MARL/pymarl-monotone-qmix/3rdparty/StarCraftII/stableid.json
Successfully loaded stable ids: GameData\stableid.json
Sending ResponseJoinGame
[INFO 09:21:29] my_main t_env: 462874 / 2050000
[INFO 09:21:29] my_main Estimated time left: 3 hours, 37 minutes, 23 seconds. Time passed: 1 hours, 1 minutes, 46 seconds
[INFO 09:21:46] my_main Recent Stats | t_env:     462874 | Episode:     7124
battle_won_mean:           0.0000	dead_allies_mean:          2.8168	dead_enemies_mean:         0.3565	ep_length_mean:           97.5539
epsilon:                   0.0500	grad_norm:                 0.3286	ices_int_critic_grad_norm:  0.0398	ices_int_critic_loss:      0.0062
ices_int_grad_norm:        2.0224	ices_int_loss:            -3.9929	ices_intrinsic_reward_mean:  0.2466	ices_world_grad_norm:     13.5293
ices_world_loss:          -4.8453	loss:                      0.0128	q_taken_mean:              0.7252	return_mean:               7.1340
return_std:                1.9024	target_mean:               0.7271	td_error_abs:              0.0679	test_battle_won_mean:      0.0000
test_dead_allies_mean:     2.6812	test_dead_enemies_mean:    0.4875	test_ep_length_mean:     118.9625	test_return_mean:          7.6196
test_return_std:           1.9364	
[INFO 09:22:37] my_main Updated target network
[INFO 09:22:49] my_main t_env: 472950 / 2050000
[INFO 09:22:49] my_main Estimated time left: 3 hours, 29 minutes, 21 seconds. Time passed: 1 hours, 3 minutes, 6 seconds
[INFO 09:22:59] my_main Recent Stats | t_env:     472950 | Episode:     7220
battle_won_mean:           0.0000	dead_allies_mean:          2.7916	dead_enemies_mean:         0.3999	ep_length_mean:          102.5233
epsilon:                   0.0500	grad_norm:                 0.2999	ices_int_critic_grad_norm:  0.0308	ices_int_critic_loss:      0.0067
ices_int_grad_norm:        2.9862	ices_int_loss:            -4.3565	ices_intrinsic_reward_mean:  0.2561	ices_world_grad_norm:     13.7431
ices_world_loss:          -4.8111	loss:                      0.0127	q_taken_mean:              0.7293	return_mean:               7.2712
return_std:                2.0000	target_mean:               0.7331	td_error_abs:              0.0683	test_battle_won_mean:      0.0000
test_dead_allies_mean:     2.7125	test_dead_enemies_mean:    0.4437	test_ep_length_mean:     115.2000	test_return_mean:          7.7921
test_return_std:           2.1175	
[INFO 09:24:07] my_main t_env: 483138 / 2050000
[INFO 09:24:07] my_main Estimated time left: 3 hours, 21 minutes, 1 seconds. Time passed: 1 hours, 4 minutes, 25 seconds
[INFO 09:24:21] my_main Recent Stats | t_env:     483138 | Episode:     7331
battle_won_mean:           0.0000	dead_allies_mean:          2.7994	dead_enemies_mean:         0.4511	ep_length_mean:          102.1003
epsilon:                   0.0500	grad_norm:                 0.1942	ices_int_critic_grad_norm:  0.0324	ices_int_critic_loss:      0.0063
ices_int_grad_norm:        2.8693	ices_int_loss:            -5.3230	ices_intrinsic_reward_mean:  0.2524	ices_world_grad_norm:     14.2409
ices_world_loss:          -4.8549	loss:                      0.0116	q_taken_mean:              0.7169	return_mean:               7.3243
return_std:                1.9801	target_mean:               0.7186	td_error_abs:              0.0638	test_battle_won_mean:      0.0000
test_dead_allies_mean:     2.7000	test_dead_enemies_mean:    0.4813	test_ep_length_mean:     115.7438	test_return_mean:          7.9503
test_return_std:           2.3601	
[INFO 09:25:05] my_main Updated target network
[INFO 09:25:26] my_main t_env: 493159 / 2050000
[INFO 09:25:26] my_main Estimated time left: 3 hours, 24 minutes, 33 seconds. Time passed: 1 hours, 5 minutes, 44 seconds
[INFO 09:25:42] my_main Recent Stats | t_env:     493159 | Episode:     7433
battle_won_mean:           0.0000	dead_allies_mean:          2.8128	dead_enemies_mean:         0.4759	ep_length_mean:          100.2246
epsilon:                   0.0500	grad_norm:                 0.2032	ices_int_critic_grad_norm:  0.0172	ices_int_critic_loss:      0.0055
ices_int_grad_norm:        2.3076	ices_int_loss:            -5.2848	ices_intrinsic_reward_mean:  0.2484	ices_world_grad_norm:     14.6022
ices_world_loss:          -4.9279	loss:                      0.0111	q_taken_mean:              0.7163	return_mean:               7.2738
return_std:                1.8668	target_mean:               0.7177	td_error_abs:              0.0616	test_battle_won_mean:      0.0000
test_dead_allies_mean:     2.7000	test_dead_enemies_mean:    0.5375	test_ep_length_mean:     120.3875	test_return_mean:          8.3001
test_return_std:           2.5062	
[INFO 09:26:46] my_main t_env: 503203 / 2050000
[INFO 09:26:46] my_main Estimated time left: 3 hours, 24 minutes, 0 seconds. Time passed: 1 hours, 7 minutes, 3 seconds
[INFO 09:26:59] my_main Recent Stats | t_env:     503203 | Episode:     7532
battle_won_mean:           0.0000	dead_allies_mean:          2.8319	dead_enemies_mean:         0.4845	ep_length_mean:           99.8577
epsilon:                   0.0500	grad_norm:                 0.2189	ices_int_critic_grad_norm:  0.0155	ices_int_critic_loss:      0.0054
ices_int_grad_norm:        3.6098	ices_int_loss:            -6.4844	ices_intrinsic_reward_mean:  0.2511	ices_world_grad_norm:     14.0922
ices_world_loss:          -4.9406	loss:                      0.0110	q_taken_mean:              0.7145	return_mean:               7.3268
return_std:                1.8946	target_mean:               0.7122	td_error_abs:              0.0613	test_battle_won_mean:      0.0000
test_dead_allies_mean:     2.7563	test_dead_enemies_mean:    0.5375	test_ep_length_mean:     118.3688	test_return_mean:          8.4552
test_return_std:           2.4043	
RequestQuit command received.
Closing Application...
DataHandler: unable to parse websocket frame.
CloseHandler: 127.0.0.1:46316 disconnected
[INFO 09:27:35] absl Shutdown gracefully.
[INFO 09:27:35] absl Shutdown with return code: -15
[INFO 09:27:35] absl Launching SC2: /labmount/users/202535331/MARL/pymarl-monotone-qmix/3rdparty/StarCraftII/Versions/Base75689/SC2_x64 -listen 127.0.0.1 -port 35967 -dataDir /labmount/users/202535331/MARL/pymarl-monotone-qmix/3rdparty/StarCraftII/ -tempDir /tmp/sc-tjj6mjue/
[INFO 09:27:35] absl Connecting to: ws://127.0.0.1:35967/sc2api, attempt: 0, running: True
Version: B75689 (SC2.4.10)
Build: Aug 12 2019 17:16:57
Command Line: '"/labmount/users/202535331/MARL/pymarl-monotone-qmix/3rdparty/StarCraftII/Versions/Base75689/SC2_x64" -listen 127.0.0.1 -port 35967 -dataDir /labmount/users/202535331/MARL/pymarl-monotone-qmix/3rdparty/StarCraftII/ -tempDir /tmp/sc-tjj6mjue/'
Starting up...
Startup Phase 1 complete
[INFO 09:27:36] absl Connecting to: ws://127.0.0.1:35967/sc2api, attempt: 1, running: True
Startup Phase 2 complete
Creating stub renderer...
Listening on: 127.0.0.1:35967
Startup Phase 3 complete. Ready for commands.
[INFO 09:27:37] absl Connecting to: ws://127.0.0.1:35967/sc2api, attempt: 2, running: True
ConnectHandler: Request from 127.0.0.1:52534 accepted
ReadyHandler: 127.0.0.1:52534 ready
Requesting to join a single player game
Configuring interface options
Configure: raw interface enabled
Configure: feature layer interface disabled
Configure: score interface disabled
Configure: render interface disabled
Launching next game.
Next launch phase started: 2
Next launch phase started: 3
Next launch phase started: 4
Next launch phase started: 5
Next launch phase started: 6
Next launch phase started: 7
Next launch phase started: 8
Game has started.
Using default stable ids, none found at: /labmount/users/202535331/MARL/pymarl-monotone-qmix/3rdparty/StarCraftII/stableid.json
Successfully loaded stable ids: GameData\stableid.json
Sending ResponseJoinGame
[INFO 09:27:45] my_main Updated target network
[INFO 09:28:15] my_main t_env: 513417 / 2050000
[INFO 09:28:15] my_main Estimated time left: 3 hours, 44 minutes, 0 seconds. Time passed: 1 hours, 8 minutes, 33 seconds
[INFO 09:28:28] my_main Recent Stats | t_env:     513417 | Episode:     7647
battle_won_mean:           0.0000	dead_allies_mean:          2.8562	dead_enemies_mean:         0.4683	ep_length_mean:           97.0518
epsilon:                   0.0500	grad_norm:                 0.1848	ices_int_critic_grad_norm:  0.0146	ices_int_critic_loss:      0.0051
ices_int_grad_norm:        3.2445	ices_int_loss:            -6.3030	ices_intrinsic_reward_mean:  0.2558	ices_world_grad_norm:     14.9992
ices_world_loss:          -5.0148	loss:                      0.0113	q_taken_mean:              0.7145	return_mean:               7.3693
return_std:                1.8412	target_mean:               0.7130	td_error_abs:              0.0590	test_battle_won_mean:      0.0000
test_dead_allies_mean:     2.7938	test_dead_enemies_mean:    0.5250	test_ep_length_mean:     111.6375	test_return_mean:          8.2855
test_return_std:           2.3694	
[INFO 09:29:39] my_main t_env: 523503 / 2050000
[INFO 09:29:39] my_main Estimated time left: 3 hours, 32 minutes, 0 seconds. Time passed: 1 hours, 9 minutes, 57 seconds
[INFO 09:29:52] my_main Recent Stats | t_env:     523503 | Episode:     7756
battle_won_mean:           0.0000	dead_allies_mean:          2.8782	dead_enemies_mean:         0.4367	ep_length_mean:           94.5666
epsilon:                   0.0500	grad_norm:                 0.2236	ices_int_critic_grad_norm:  0.0289	ices_int_critic_loss:      0.0048
ices_int_grad_norm:        9.8005	ices_int_loss:            -7.5577	ices_intrinsic_reward_mean:  0.2544	ices_world_grad_norm:     15.4207
ices_world_loss:          -5.0391	loss:                      0.0111	q_taken_mean:              0.6989	return_mean:               7.3955
return_std:                1.8712	target_mean:               0.6949	td_error_abs:              0.0610	test_battle_won_mean:      0.0000
test_dead_allies_mean:     2.7938	test_dead_enemies_mean:    0.6625	test_ep_length_mean:     115.9437	test_return_mean:          8.3925
test_return_std:           2.2389	
[INFO 09:30:23] my_main Updated target network
[INFO 09:31:03] my_main t_env: 533626 / 2050000
[INFO 09:31:03] my_main Estimated time left: 3 hours, 29 minutes, 15 seconds. Time passed: 1 hours, 11 minutes, 20 seconds
[INFO 09:31:17] my_main Recent Stats | t_env:     533626 | Episode:     7861
battle_won_mean:           0.0000	dead_allies_mean:          2.8770	dead_enemies_mean:         0.4163	ep_length_mean:           95.4917
epsilon:                   0.0500	grad_norm:                 0.2202	ices_int_critic_grad_norm:  0.0251	ices_int_critic_loss:      0.0050
ices_int_grad_norm:       13.7387	ices_int_loss:            -8.8767	ices_intrinsic_reward_mean:  0.2621	ices_world_grad_norm:     13.9638
ices_world_loss:          -4.9968	loss:                      0.0107	q_taken_mean:              0.7172	return_mean:               7.4542
return_std:                1.9291	target_mean:               0.7104	td_error_abs:              0.0610	test_battle_won_mean:      0.0000
test_dead_allies_mean:     2.8312	test_dead_enemies_mean:    0.7312	test_ep_length_mean:     116.6750	test_return_mean:          8.6652
test_return_std:           2.2563	
[INFO 09:32:27] my_main t_env: 543670 / 2050000
[INFO 09:32:27] my_main Estimated time left: 3 hours, 29 minutes, 30 seconds. Time passed: 1 hours, 12 minutes, 44 seconds
[INFO 09:32:41] my_main Recent Stats | t_env:     543670 | Episode:     7962
battle_won_mean:           0.0000	dead_allies_mean:          2.8807	dead_enemies_mean:         0.4034	ep_length_mean:           95.7318
epsilon:                   0.0500	grad_norm:                 0.2170	ices_int_critic_grad_norm:  0.0323	ices_int_critic_loss:      0.0056
ices_int_grad_norm:       13.8538	ices_int_loss:            -8.7666	ices_intrinsic_reward_mean:  0.2755	ices_world_grad_norm:     12.5684
ices_world_loss:          -4.8710	loss:                      0.0109	q_taken_mean:              0.7375	return_mean:               7.5704
return_std:                1.9365	target_mean:               0.7308	td_error_abs:              0.0650	test_battle_won_mean:      0.0000
test_dead_allies_mean:     2.8563	test_dead_enemies_mean:    0.6937	test_ep_length_mean:     112.0500	test_return_mean:          8.4949
test_return_std:           2.1323	
[INFO 09:33:09] my_main Updated target network
[INFO 09:33:47] my_main t_env: 553698 / 2050000
[INFO 09:33:47] my_main Estimated time left: 3 hours, 20 minutes, 40 seconds. Time passed: 1 hours, 14 minutes, 5 seconds
[INFO 09:34:03] my_main Recent Stats | t_env:     553698 | Episode:     8057
battle_won_mean:           0.0000	dead_allies_mean:          2.8711	dead_enemies_mean:         0.4173	ep_length_mean:           96.5525
epsilon:                   0.0500	grad_norm:                 0.2928	ices_int_critic_grad_norm:  0.0344	ices_int_critic_loss:      0.0059
ices_int_grad_norm:       12.7619	ices_int_loss:            -8.9063	ices_intrinsic_reward_mean:  0.2805	ices_world_grad_norm:     13.7891
ices_world_loss:          -4.8916	loss:                      0.0120	q_taken_mean:              0.7395	return_mean:               7.6373
return_std:                1.9650	target_mean:               0.7315	td_error_abs:              0.0677	test_battle_won_mean:      0.0000
test_dead_allies_mean:     2.8312	test_dead_enemies_mean:    0.7063	test_ep_length_mean:     116.9813	test_return_mean:          8.5684
test_return_std:           2.3154	
RequestQuit command received.
DataHandler: unable to parse websocket frame.
CloseHandler: 127.0.0.1:52534 disconnected
Closing Application...
[INFO 09:34:11] absl Shutdown gracefully.
[INFO 09:34:11] absl Shutdown with return code: -15
[INFO 09:34:11] absl Launching SC2: /labmount/users/202535331/MARL/pymarl-monotone-qmix/3rdparty/StarCraftII/Versions/Base75689/SC2_x64 -listen 127.0.0.1 -port 36477 -dataDir /labmount/users/202535331/MARL/pymarl-monotone-qmix/3rdparty/StarCraftII/ -tempDir /tmp/sc-14012kzi/
[INFO 09:34:12] absl Connecting to: ws://127.0.0.1:36477/sc2api, attempt: 0, running: True
Version: B75689 (SC2.4.10)
Build: Aug 12 2019 17:16:57
Command Line: '"/labmount/users/202535331/MARL/pymarl-monotone-qmix/3rdparty/StarCraftII/Versions/Base75689/SC2_x64" -listen 127.0.0.1 -port 36477 -dataDir /labmount/users/202535331/MARL/pymarl-monotone-qmix/3rdparty/StarCraftII/ -tempDir /tmp/sc-14012kzi/'
Starting up...
Startup Phase 1 complete
[INFO 09:34:13] absl Connecting to: ws://127.0.0.1:36477/sc2api, attempt: 1, running: True
Startup Phase 2 complete
Creating stub renderer...
Listening on: 127.0.0.1:36477
Startup Phase 3 complete. Ready for commands.
[INFO 09:34:14] absl Connecting to: ws://127.0.0.1:36477/sc2api, attempt: 2, running: True
ConnectHandler: Request from 127.0.0.1:52932 accepted
ReadyHandler: 127.0.0.1:52932 ready
Requesting to join a single player game
Configuring interface options
Configure: raw interface enabled
Configure: feature layer interface disabled
Configure: score interface disabled
Configure: render interface disabled
Launching next game.
Next launch phase started: 2
Next launch phase started: 3
Next launch phase started: 4
Next launch phase started: 5
Next launch phase started: 6
Next launch phase started: 7
Next launch phase started: 8
Game has started.
Using default stable ids, none found at: /labmount/users/202535331/MARL/pymarl-monotone-qmix/3rdparty/StarCraftII/stableid.json
Successfully loaded stable ids: GameData\stableid.json
Sending ResponseJoinGame
[INFO 09:35:18] my_main t_env: 563774 / 2050000
[INFO 09:35:18] my_main Estimated time left: 3 hours, 42 minutes, 19 seconds. Time passed: 1 hours, 15 minutes, 35 seconds
[INFO 09:35:30] my_main Recent Stats | t_env:     563774 | Episode:     8158
battle_won_mean:           0.0000	dead_allies_mean:          2.8640	dead_enemies_mean:         0.4168	ep_length_mean:           98.7415
epsilon:                   0.0500	grad_norm:                 0.4654	ices_int_critic_grad_norm:  0.0391	ices_int_critic_loss:      0.0060
ices_int_grad_norm:       13.2226	ices_int_loss:            -8.9320	ices_intrinsic_reward_mean:  0.2863	ices_world_grad_norm:     13.9740
ices_world_loss:          -4.8931	loss:                      0.0137	q_taken_mean:              0.7315	return_mean:               7.7284
return_std:                2.0592	target_mean:               0.7302	td_error_abs:              0.0782	test_battle_won_mean:      0.0000
test_dead_allies_mean:     2.8500	test_dead_enemies_mean:    0.6312	test_ep_length_mean:     114.0563	test_return_mean:          8.4594
test_return_std:           2.1345	
[INFO 09:35:58] my_main Updated target network
[INFO 09:36:41] my_main t_env: 573837 / 2050000
[INFO 09:36:41] my_main Estimated time left: 3 hours, 21 minutes, 56 seconds. Time passed: 1 hours, 16 minutes, 58 seconds
[INFO 09:36:58] my_main Recent Stats | t_env:     573837 | Episode:     8264
battle_won_mean:           0.0000	dead_allies_mean:          2.8747	dead_enemies_mean:         0.4130	ep_length_mean:           99.2219
epsilon:                   0.0500	grad_norm:                 0.4653	ices_int_critic_grad_norm:  0.0357	ices_int_critic_loss:      0.0063
ices_int_grad_norm:        6.1333	ices_int_loss:            -8.9221	ices_intrinsic_reward_mean:  0.2914	ices_world_grad_norm:     13.2513
ices_world_loss:          -4.9336	loss:                      0.0136	q_taken_mean:              0.7341	return_mean:               7.8339
return_std:                2.1213	target_mean:               0.7366	td_error_abs:              0.0773	test_battle_won_mean:      0.0000
test_dead_allies_mean:     2.8000	test_dead_enemies_mean:    0.6125	test_ep_length_mean:     122.8438	test_return_mean:          8.7690
test_return_std:           2.3444	
[INFO 09:38:10] my_main t_env: 583903 / 2050000
[INFO 09:38:10] my_main Estimated time left: 3 hours, 36 minutes, 1 seconds. Time passed: 1 hours, 18 minutes, 27 seconds
[INFO 09:38:22] my_main Recent Stats | t_env:     583903 | Episode:     8372
battle_won_mean:           0.0000	dead_allies_mean:          2.8716	dead_enemies_mean:         0.3845	ep_length_mean:           98.5807
epsilon:                   0.0500	grad_norm:                 0.4675	ices_int_critic_grad_norm:  0.0445	ices_int_critic_loss:      0.0063
ices_int_grad_norm:        2.3979	ices_int_loss:            -8.0962	ices_intrinsic_reward_mean:  0.2925	ices_world_grad_norm:     14.3357
ices_world_loss:          -4.9802	loss:                      0.0135	q_taken_mean:              0.7307	return_mean:               7.8236
return_std:                2.1389	target_mean:               0.7332	td_error_abs:              0.0766	test_battle_won_mean:      0.0000
test_dead_allies_mean:     2.8375	test_dead_enemies_mean:    0.5375	test_ep_length_mean:     118.6375	test_return_mean:          8.7255
test_return_std:           2.3146	
[INFO 09:38:40] my_main Updated target network
[INFO 09:39:31] my_main t_env: 593963 / 2050000
[INFO 09:39:31] my_main Estimated time left: 3 hours, 16 minutes, 48 seconds. Time passed: 1 hours, 19 minutes, 49 seconds
[INFO 09:39:49] my_main Recent Stats | t_env:     593963 | Episode:     8472
battle_won_mean:           0.0000	dead_allies_mean:          2.8734	dead_enemies_mean:         0.3674	ep_length_mean:           98.8116
epsilon:                   0.0500	grad_norm:                 0.4858	ices_int_critic_grad_norm:  0.0431	ices_int_critic_loss:      0.0061
ices_int_grad_norm:        2.9284	ices_int_loss:           -10.8579	ices_intrinsic_reward_mean:  0.2923	ices_world_grad_norm:     14.5015
ices_world_loss:          -5.0345	loss:                      0.0132	q_taken_mean:              0.7252	return_mean:               7.8638
return_std:                2.2223	target_mean:               0.7296	td_error_abs:              0.0751	test_battle_won_mean:      0.0000
test_dead_allies_mean:     2.8062	test_dead_enemies_mean:    0.5563	test_ep_length_mean:     125.8250	test_return_mean:          9.1944
test_return_std:           2.5646	
[INFO 09:40:57] my_main t_env: 604179 / 2050000
[INFO 09:40:57] my_main Estimated time left: 3 hours, 22 minutes, 45 seconds. Time passed: 1 hours, 21 minutes, 15 seconds
RequestQuit command received.
Closing Application...
DataHandler: unable to parse websocket frame.
CloseHandler: 127.0.0.1:52932 disconnected
ResponseThread: No connection, dropping the response.
[INFO 09:40:58] absl Shutdown gracefully.
[INFO 09:40:58] absl Shutdown with return code: -15
[INFO 09:40:58] absl Launching SC2: /labmount/users/202535331/MARL/pymarl-monotone-qmix/3rdparty/StarCraftII/Versions/Base75689/SC2_x64 -listen 127.0.0.1 -port 42233 -dataDir /labmount/users/202535331/MARL/pymarl-monotone-qmix/3rdparty/StarCraftII/ -tempDir /tmp/sc-s3atisd0/
[INFO 09:40:59] absl Connecting to: ws://127.0.0.1:42233/sc2api, attempt: 0, running: True
Version: B75689 (SC2.4.10)
Build: Aug 12 2019 17:16:57
Command Line: '"/labmount/users/202535331/MARL/pymarl-monotone-qmix/3rdparty/StarCraftII/Versions/Base75689/SC2_x64" -listen 127.0.0.1 -port 42233 -dataDir /labmount/users/202535331/MARL/pymarl-monotone-qmix/3rdparty/StarCraftII/ -tempDir /tmp/sc-s3atisd0/'
Starting up...
Startup Phase 1 complete
[INFO 09:41:00] absl Connecting to: ws://127.0.0.1:42233/sc2api, attempt: 1, running: True
Startup Phase 2 complete
Creating stub renderer...
Listening on: 127.0.0.1:42233
Startup Phase 3 complete. Ready for commands.
[INFO 09:41:01] absl Connecting to: ws://127.0.0.1:42233/sc2api, attempt: 2, running: True
ConnectHandler: Request from 127.0.0.1:36762 accepted
ReadyHandler: 127.0.0.1:36762 ready
Requesting to join a single player game
Configuring interface options
Configure: raw interface enabled
Configure: feature layer interface disabled
Configure: score interface disabled
Configure: render interface disabled
Launching next game.
Next launch phase started: 2
Next launch phase started: 3
Next launch phase started: 4
Next launch phase started: 5
Next launch phase started: 6
Next launch phase started: 7
Next launch phase started: 8
Game has started.
Using default stable ids, none found at: /labmount/users/202535331/MARL/pymarl-monotone-qmix/3rdparty/StarCraftII/stableid.json
Successfully loaded stable ids: GameData\stableid.json
Sending ResponseJoinGame
[INFO 09:41:19] my_main Recent Stats | t_env:     604179 | Episode:     8568
battle_won_mean:           0.0000	dead_allies_mean:          2.8800	dead_enemies_mean:         0.3685	ep_length_mean:           98.9833
epsilon:                   0.0500	grad_norm:                 0.3989	ices_int_critic_grad_norm:  0.0425	ices_int_critic_loss:      0.0058
ices_int_grad_norm:        2.5373	ices_int_loss:           -11.8501	ices_intrinsic_reward_mean:  0.2956	ices_world_grad_norm:     13.4573
ices_world_loss:          -5.0511	loss:                      0.0126	q_taken_mean:              0.7365	return_mean:               7.8704
return_std:                2.1719	target_mean:               0.7428	td_error_abs:              0.0731	test_battle_won_mean:      0.0000
test_dead_allies_mean:     2.8000	test_dead_enemies_mean:    0.6500	test_ep_length_mean:     126.2625	test_return_mean:          9.4494
test_return_std:           2.6868	
[INFO 09:41:44] my_main Updated target network
[INFO 09:42:25] my_main t_env: 614193 / 2050000
[INFO 09:42:25] my_main Estimated time left: 3 hours, 28 minutes, 57 seconds. Time passed: 1 hours, 22 minutes, 42 seconds
[INFO 09:42:44] my_main Recent Stats | t_env:     614193 | Episode:     8659
battle_won_mean:           0.0000	dead_allies_mean:          2.8767	dead_enemies_mean:         0.3884	ep_length_mean:          101.0397
epsilon:                   0.0500	grad_norm:                 0.2938	ices_int_critic_grad_norm:  0.0399	ices_int_critic_loss:      0.0060
ices_int_grad_norm:        1.9714	ices_int_loss:           -13.1823	ices_intrinsic_reward_mean:  0.2966	ices_world_grad_norm:     13.3807
ices_world_loss:          -5.1042	loss:                      0.0115	q_taken_mean:              0.7473	return_mean:               7.9401
return_std:                2.2216	target_mean:               0.7450	td_error_abs:              0.0646	test_battle_won_mean:      0.0000
test_dead_allies_mean:     2.7375	test_dead_enemies_mean:    0.7937	test_ep_length_mean:     139.6875	test_return_mean:         10.2707
test_return_std:           3.1125	
[INFO 09:43:59] my_main t_env: 624237 / 2050000
[INFO 09:43:59] my_main Estimated time left: 3 hours, 44 minutes, 9 seconds. Time passed: 1 hours, 24 minutes, 17 seconds
[INFO 09:44:14] my_main Recent Stats | t_env:     624237 | Episode:     8778
battle_won_mean:           0.0000	dead_allies_mean:          2.8815	dead_enemies_mean:         0.3953	ep_length_mean:           98.9335
epsilon:                   0.0500	grad_norm:                 0.4424	ices_int_critic_grad_norm:  0.0293	ices_int_critic_loss:      0.0063
ices_int_grad_norm:        1.8102	ices_int_loss:           -13.6799	ices_intrinsic_reward_mean:  0.3047	ices_world_grad_norm:     13.5233
ices_world_loss:          -5.0527	loss:                      0.0135	q_taken_mean:              0.7778	return_mean:               7.9090
return_std:                2.1566	target_mean:               0.7784	td_error_abs:              0.0715	test_battle_won_mean:      0.0000
test_dead_allies_mean:     2.7563	test_dead_enemies_mean:    0.7937	test_ep_length_mean:     134.9625	test_return_mean:         10.1999
test_return_std:           3.2192	
[INFO 09:44:30] my_main Updated target network
[INFO 09:45:24] my_main t_env: 634273 / 2050000
[INFO 09:45:24] my_main Estimated time left: 3 hours, 18 minutes, 35 seconds. Time passed: 1 hours, 25 minutes, 41 seconds
[INFO 09:45:41] my_main Recent Stats | t_env:     634273 | Episode:     8880
battle_won_mean:           0.0000	dead_allies_mean:          2.8898	dead_enemies_mean:         0.4244	ep_length_mean:           99.9712
epsilon:                   0.0500	grad_norm:                 0.5694	ices_int_critic_grad_norm:  0.0187	ices_int_critic_loss:      0.0063
ices_int_grad_norm:        3.9656	ices_int_loss:           -15.0641	ices_intrinsic_reward_mean:  0.3061	ices_world_grad_norm:     12.5457
ices_world_loss:          -5.0649	loss:                      0.0155	q_taken_mean:              0.7768	return_mean:               8.0447
return_std:                2.1964	target_mean:               0.7829	td_error_abs:              0.0784	test_battle_won_mean:      0.0000
test_dead_allies_mean:     2.7313	test_dead_enemies_mean:    0.8250	test_ep_length_mean:     142.3750	test_return_mean:         10.5459
test_return_std:           3.3326	
[INFO 09:46:46] my_main t_env: 644511 / 2050000
[INFO 09:46:46] my_main Estimated time left: 3 hours, 9 minutes, 14 seconds. Time passed: 1 hours, 27 minutes, 4 seconds
[INFO 09:47:06] my_main Recent Stats | t_env:     644511 | Episode:     8968
battle_won_mean:           0.0000	dead_allies_mean:          2.8914	dead_enemies_mean:         0.4703	ep_length_mean:          103.1194
epsilon:                   0.0500	grad_norm:                 0.6768	ices_int_critic_grad_norm:  0.0180	ices_int_critic_loss:      0.0066
ices_int_grad_norm:        3.6345	ices_int_loss:           -14.1096	ices_intrinsic_reward_mean:  0.3134	ices_world_grad_norm:     13.6487
ices_world_loss:          -5.0936	loss:                      0.0168	q_taken_mean:              0.7870	return_mean:               8.2685
return_std:                2.2986	target_mean:               0.7878	td_error_abs:              0.0842	test_battle_won_mean:      0.0000
test_dead_allies_mean:     2.7437	test_dead_enemies_mean:    0.8938	test_ep_length_mean:     144.1125	test_return_mean:         10.7835
test_return_std:           3.3604	
RequestQuit command received.
Closing Application...
DataHandler: unable to parse websocket frame.
CloseHandler: 127.0.0.1:36762 disconnected
[INFO 09:47:21] absl Shutdown gracefully.
[INFO 09:47:21] absl Shutdown with return code: -15
[INFO 09:47:21] absl Launching SC2: /labmount/users/202535331/MARL/pymarl-monotone-qmix/3rdparty/StarCraftII/Versions/Base75689/SC2_x64 -listen 127.0.0.1 -port 44939 -dataDir /labmount/users/202535331/MARL/pymarl-monotone-qmix/3rdparty/StarCraftII/ -tempDir /tmp/sc-o3x_qcm0/
[INFO 09:47:21] absl Connecting to: ws://127.0.0.1:44939/sc2api, attempt: 0, running: True
Version: B75689 (SC2.4.10)
Build: Aug 12 2019 17:16:57
Command Line: '"/labmount/users/202535331/MARL/pymarl-monotone-qmix/3rdparty/StarCraftII/Versions/Base75689/SC2_x64" -listen 127.0.0.1 -port 44939 -dataDir /labmount/users/202535331/MARL/pymarl-monotone-qmix/3rdparty/StarCraftII/ -tempDir /tmp/sc-o3x_qcm0/'
Starting up...
Startup Phase 1 complete
[INFO 09:47:22] absl Connecting to: ws://127.0.0.1:44939/sc2api, attempt: 1, running: True
Startup Phase 2 complete
Creating stub renderer...
Listening on: 127.0.0.1:44939
Startup Phase 3 complete. Ready for commands.
[INFO 09:47:23] absl Connecting to: ws://127.0.0.1:44939/sc2api, attempt: 2, running: True
ConnectHandler: Request from 127.0.0.1:56992 accepted
ReadyHandler: 127.0.0.1:56992 ready
Requesting to join a single player game
Configuring interface options
Configure: raw interface enabled
Configure: feature layer interface disabled
Configure: score interface disabled
Configure: render interface disabled
Launching next game.
Next launch phase started: 2
Next launch phase started: 3
Next launch phase started: 4
Next launch phase started: 5
Next launch phase started: 6
Next launch phase started: 7
Next launch phase started: 8
Game has started.
Using default stable ids, none found at: /labmount/users/202535331/MARL/pymarl-monotone-qmix/3rdparty/StarCraftII/stableid.json
Successfully loaded stable ids: GameData\stableid.json
Sending ResponseJoinGame
[INFO 09:47:35] my_main Updated target network
[INFO 09:48:14] my_main t_env: 654552 / 2050000
[INFO 09:48:14] my_main Estimated time left: 3 hours, 22 minutes, 46 seconds. Time passed: 1 hours, 28 minutes, 31 seconds
[INFO 09:48:36] my_main Recent Stats | t_env:     654552 | Episode:     9047
battle_won_mean:           0.0000	dead_allies_mean:          2.8775	dead_enemies_mean:         0.4985	ep_length_mean:          107.2563
epsilon:                   0.0500	grad_norm:                 0.7110	ices_int_critic_grad_norm:  0.0194	ices_int_critic_loss:      0.0066
ices_int_grad_norm:        3.9739	ices_int_loss:           -12.7018	ices_intrinsic_reward_mean:  0.3142	ices_world_grad_norm:     14.4269
ices_world_loss:          -5.2090	loss:                      0.0182	q_taken_mean:              0.7735	return_mean:               8.5265
return_std:                2.4257	target_mean:               0.7731	td_error_abs:              0.0839	test_battle_won_mean:      0.0000
test_dead_allies_mean:     2.6437	test_dead_enemies_mean:    0.9500	test_ep_length_mean:     154.2937	test_return_mean:         10.8278
test_return_std:           3.2127	
[INFO 09:49:38] my_main t_env: 664680 / 2050000
[INFO 09:49:38] my_main Estimated time left: 3 hours, 11 minutes, 35 seconds. Time passed: 1 hours, 29 minutes, 55 seconds
[INFO 09:49:58] my_main Recent Stats | t_env:     664680 | Episode:     9123
battle_won_mean:           0.0000	dead_allies_mean:          2.8736	dead_enemies_mean:         0.5342	ep_length_mean:          111.9002
epsilon:                   0.0500	grad_norm:                 0.6358	ices_int_critic_grad_norm:  0.0177	ices_int_critic_loss:      0.0068
ices_int_grad_norm:        4.6569	ices_int_loss:           -12.5867	ices_intrinsic_reward_mean:  0.3233	ices_world_grad_norm:     13.7076
ices_world_loss:          -5.1442	loss:                      0.0178	q_taken_mean:              0.7918	return_mean:               8.7254
return_std:                2.5589	target_mean:               0.7944	td_error_abs:              0.0839	test_battle_won_mean:      0.0000
test_dead_allies_mean:     2.6063	test_dead_enemies_mean:    0.9938	test_ep_length_mean:     156.1312	test_return_mean:         10.8102
test_return_std:           3.3149	
[INFO 09:51:01] my_main Updated target network
[INFO 09:51:01] my_main t_env: 674763 / 2050000
[INFO 09:51:01] my_main Estimated time left: 3 hours, 7 minutes, 53 seconds. Time passed: 1 hours, 31 minutes, 18 seconds
[INFO 09:51:18] my_main Recent Stats | t_env:     674763 | Episode:     9201
battle_won_mean:           0.0000	dead_allies_mean:          2.8512	dead_enemies_mean:         0.5926	ep_length_mean:          120.8733
epsilon:                   0.0500	grad_norm:                 0.5060	ices_int_critic_grad_norm:  0.0192	ices_int_critic_loss:      0.0066
ices_int_grad_norm:        5.3598	ices_int_loss:           -11.0974	ices_intrinsic_reward_mean:  0.3250	ices_world_grad_norm:     13.5002
ices_world_loss:          -5.2170	loss:                      0.0164	q_taken_mean:              0.7792	return_mean:               9.0794
return_std:                2.8130	target_mean:               0.7749	td_error_abs:              0.0778	test_battle_won_mean:      0.0000
test_dead_allies_mean:     2.6000	test_dead_enemies_mean:    1.0625	test_ep_length_mean:     160.9000	test_return_mean:         11.0136
test_return_std:           3.2722	
[INFO 09:52:22] my_main t_env: 684904 / 2050000
[INFO 09:52:22] my_main Estimated time left: 3 hours, 3 minutes, 19 seconds. Time passed: 1 hours, 32 minutes, 40 seconds
[INFO 09:52:44] my_main Recent Stats | t_env:     684904 | Episode:     9283
battle_won_mean:           0.0000	dead_allies_mean:          2.8250	dead_enemies_mean:         0.6268	ep_length_mean:          125.9291
epsilon:                   0.0500	grad_norm:                 0.4092	ices_int_critic_grad_norm:  0.0306	ices_int_critic_loss:      0.0066
ices_int_grad_norm:        3.1625	ices_int_loss:            -9.7169	ices_intrinsic_reward_mean:  0.3352	ices_world_grad_norm:     13.9225
ices_world_loss:          -5.2182	loss:                      0.0151	q_taken_mean:              0.7880	return_mean:               9.3160
return_std:                2.9810	target_mean:               0.7770	td_error_abs:              0.0742	test_battle_won_mean:      0.0063
test_dead_allies_mean:     2.5250	test_dead_enemies_mean:    1.1687	test_ep_length_mean:     169.3187	test_return_mean:         11.3880
test_return_std:           3.5136	
RequestQuit command received.
DataHandler: unable to parse websocket frame.
Closing Application...
CloseHandler: 127.0.0.1:56992 disconnected
[INFO 09:53:18] absl Shutdown gracefully.
[INFO 09:53:18] absl Shutdown with return code: -15
[INFO 09:53:18] absl Launching SC2: /labmount/users/202535331/MARL/pymarl-monotone-qmix/3rdparty/StarCraftII/Versions/Base75689/SC2_x64 -listen 127.0.0.1 -port 42143 -dataDir /labmount/users/202535331/MARL/pymarl-monotone-qmix/3rdparty/StarCraftII/ -tempDir /tmp/sc-h8ujjhri/
[INFO 09:53:18] absl Connecting to: ws://127.0.0.1:42143/sc2api, attempt: 0, running: True
Version: B75689 (SC2.4.10)
Build: Aug 12 2019 17:16:57
Command Line: '"/labmount/users/202535331/MARL/pymarl-monotone-qmix/3rdparty/StarCraftII/Versions/Base75689/SC2_x64" -listen 127.0.0.1 -port 42143 -dataDir /labmount/users/202535331/MARL/pymarl-monotone-qmix/3rdparty/StarCraftII/ -tempDir /tmp/sc-h8ujjhri/'
Starting up...
Startup Phase 1 complete
[INFO 09:53:19] absl Connecting to: ws://127.0.0.1:42143/sc2api, attempt: 1, running: True
Startup Phase 2 complete
Creating stub renderer...
Listening on: 127.0.0.1:42143
Startup Phase 3 complete. Ready for commands.
[INFO 09:53:20] absl Connecting to: ws://127.0.0.1:42143/sc2api, attempt: 2, running: True
ConnectHandler: Request from 127.0.0.1:37258 accepted
ReadyHandler: 127.0.0.1:37258 ready
Requesting to join a single player game
Configuring interface options
Configure: raw interface enabled
Configure: feature layer interface disabled
Configure: score interface disabled
Configure: render interface disabled
Launching next game.
Next launch phase started: 2
Next launch phase started: 3
Next launch phase started: 4
Next launch phase started: 5
Next launch phase started: 6
Next launch phase started: 7
Next launch phase started: 8
Game has started.
Using default stable ids, none found at: /labmount/users/202535331/MARL/pymarl-monotone-qmix/3rdparty/StarCraftII/stableid.json
Successfully loaded stable ids: GameData\stableid.json
Sending ResponseJoinGame
[INFO 09:53:51] my_main t_env: 695035 / 2050000
[INFO 09:53:51] my_main Estimated time left: 3 hours, 17 minutes, 54 seconds. Time passed: 1 hours, 34 minutes, 9 seconds
[INFO 09:54:16] my_main Recent Stats | t_env:     695035 | Episode:     9360
battle_won_mean:           0.0000	dead_allies_mean:          2.8065	dead_enemies_mean:         0.6382	ep_length_mean:          128.9752
epsilon:                   0.0500	grad_norm:                 0.3295	ices_int_critic_grad_norm:  0.0266	ices_int_critic_loss:      0.0064
ices_int_grad_norm:        2.9122	ices_int_loss:            -9.2089	ices_intrinsic_reward_mean:  0.3330	ices_world_grad_norm:     14.0432
ices_world_loss:          -5.2961	loss:                      0.0141	q_taken_mean:              0.7704	return_mean:               9.4353
return_std:                2.9557	target_mean:               0.7612	td_error_abs:              0.0691	test_battle_won_mean:      0.0063
test_dead_allies_mean:     2.3312	test_dead_enemies_mean:    1.2312	test_ep_length_mean:     179.5750	test_return_mean:         11.2665
test_return_std:           3.3937	
[INFO 09:54:49] my_main Updated target network
[INFO 09:55:17] my_main t_env: 705141 / 2050000
[INFO 09:55:17] my_main Estimated time left: 3 hours, 10 minutes, 46 seconds. Time passed: 1 hours, 35 minutes, 35 seconds
[INFO 09:55:43] my_main Recent Stats | t_env:     705141 | Episode:     9435
battle_won_mean:           0.0000	dead_allies_mean:          2.8069	dead_enemies_mean:         0.6635	ep_length_mean:          130.5042
epsilon:                   0.0500	grad_norm:                 0.3879	ices_int_critic_grad_norm:  0.0287	ices_int_critic_loss:      0.0065
ices_int_grad_norm:        2.6351	ices_int_loss:           -12.0816	ices_intrinsic_reward_mean:  0.3376	ices_world_grad_norm:     13.8155
ices_world_loss:          -5.2623	loss:                      0.0138	q_taken_mean:              0.7875	return_mean:               9.5306
return_std:                2.9929	target_mean:               0.7771	td_error_abs:              0.0714	test_battle_won_mean:      0.0125
test_dead_allies_mean:     2.3188	test_dead_enemies_mean:    1.4000	test_ep_length_mean:     185.6750	test_return_mean:         12.2011
test_return_std:           3.4903	
[INFO 09:56:44] my_main t_env: 715178 / 2050000
[INFO 09:56:44] my_main Estimated time left: 3 hours, 11 minutes, 53 seconds. Time passed: 1 hours, 37 minutes, 1 seconds
[INFO 09:57:04] my_main Recent Stats | t_env:     715178 | Episode:     9509
battle_won_mean:           0.0054	dead_allies_mean:          2.7978	dead_enemies_mean:         0.6942	ep_length_mean:          130.9786
epsilon:                   0.0500	grad_norm:                 0.4605	ices_int_critic_grad_norm:  0.0445	ices_int_critic_loss:      0.0064
ices_int_grad_norm:        2.0367	ices_int_loss:            -8.5481	ices_intrinsic_reward_mean:  0.3429	ices_world_grad_norm:     14.1781
ices_world_loss:          -5.2461	loss:                      0.0141	q_taken_mean:              0.7860	return_mean:               9.7030
return_std:                3.0117	target_mean:               0.7779	td_error_abs:              0.0746	test_battle_won_mean:      0.0125
test_dead_allies_mean:     2.3563	test_dead_enemies_mean:    1.4563	test_ep_length_mean:     184.7750	test_return_mean:         12.3161
test_return_std:           3.2149	
[INFO 09:58:04] my_main t_env: 725301 / 2050000
[INFO 09:58:04] my_main Estimated time left: 2 hours, 54 minutes, 10 seconds. Time passed: 1 hours, 38 minutes, 21 seconds
[INFO 09:58:29] my_main Recent Stats | t_env:     725301 | Episode:     9580
battle_won_mean:           0.0082	dead_allies_mean:          2.7806	dead_enemies_mean:         0.7404	ep_length_mean:          133.6403
epsilon:                   0.0500	grad_norm:                 0.3936	ices_int_critic_grad_norm:  0.0433	ices_int_critic_loss:      0.0064
ices_int_grad_norm:        1.5502	ices_int_loss:            -9.6544	ices_intrinsic_reward_mean:  0.3490	ices_world_grad_norm:     14.1172
ices_world_loss:          -5.2218	loss:                      0.0137	q_taken_mean:              0.7980	return_mean:               9.9165
return_std:                3.0679	target_mean:               0.7916	td_error_abs:              0.0744	test_battle_won_mean:      0.0375
test_dead_allies_mean:     2.1313	test_dead_enemies_mean:    1.6938	test_ep_length_mean:     197.9938	test_return_mean:         13.1316
test_return_std:           3.4233	
[INFO 09:58:49] my_main Updated target network
RequestQuit command received.
Closing Application...
DataHandler: unable to parse websocket frame.
CloseHandler: 127.0.0.1:37258 disconnected
[INFO 09:58:55] absl Shutdown gracefully.
[INFO 09:58:55] absl Shutdown with return code: -15
[INFO 09:58:55] absl Launching SC2: /labmount/users/202535331/MARL/pymarl-monotone-qmix/3rdparty/StarCraftII/Versions/Base75689/SC2_x64 -listen 127.0.0.1 -port 41215 -dataDir /labmount/users/202535331/MARL/pymarl-monotone-qmix/3rdparty/StarCraftII/ -tempDir /tmp/sc-6l24vto3/
[INFO 09:58:55] absl Connecting to: ws://127.0.0.1:41215/sc2api, attempt: 0, running: True
Version: B75689 (SC2.4.10)
Build: Aug 12 2019 17:16:57
Command Line: '"/labmount/users/202535331/MARL/pymarl-monotone-qmix/3rdparty/StarCraftII/Versions/Base75689/SC2_x64" -listen 127.0.0.1 -port 41215 -dataDir /labmount/users/202535331/MARL/pymarl-monotone-qmix/3rdparty/StarCraftII/ -tempDir /tmp/sc-6l24vto3/'
Starting up...
Startup Phase 1 complete
[INFO 09:58:56] absl Connecting to: ws://127.0.0.1:41215/sc2api, attempt: 1, running: True
Startup Phase 2 complete
Creating stub renderer...
Listening on: 127.0.0.1:41215
Startup Phase 3 complete. Ready for commands.
[INFO 09:58:57] absl Connecting to: ws://127.0.0.1:41215/sc2api, attempt: 2, running: True
ConnectHandler: Request from 127.0.0.1:36426 accepted
ReadyHandler: 127.0.0.1:36426 ready
Requesting to join a single player game
Configuring interface options
Configure: raw interface enabled
Configure: feature layer interface disabled
Configure: score interface disabled
Configure: render interface disabled
Launching next game.
Next launch phase started: 2
Next launch phase started: 3
Next launch phase started: 4
Next launch phase started: 5
Next launch phase started: 6
Next launch phase started: 7
Next launch phase started: 8
Game has started.
Using default stable ids, none found at: /labmount/users/202535331/MARL/pymarl-monotone-qmix/3rdparty/StarCraftII/stableid.json
Successfully loaded stable ids: GameData\stableid.json
Sending ResponseJoinGame
[INFO 09:59:32] my_main t_env: 735439 / 2050000
[INFO 09:59:32] my_main Estimated time left: 3 hours, 10 minutes, 33 seconds. Time passed: 1 hours, 39 minutes, 49 seconds
[INFO 09:59:57] my_main Recent Stats | t_env:     735439 | Episode:     9644
battle_won_mean:           0.0082	dead_allies_mean:          2.7370	dead_enemies_mean:         0.8098	ep_length_mean:          140.5874
epsilon:                   0.0500	grad_norm:                 0.4527	ices_int_critic_grad_norm:  0.0323	ices_int_critic_loss:      0.0063
ices_int_grad_norm:        1.6000	ices_int_loss:           -10.7858	ices_intrinsic_reward_mean:  0.3537	ices_world_grad_norm:     13.8197
ices_world_loss:          -5.2221	loss:                      0.0141	q_taken_mean:              0.8002	return_mean:              10.1549
return_std:                3.0560	target_mean:               0.7997	td_error_abs:              0.0761	test_battle_won_mean:      0.0437
test_dead_allies_mean:     2.1000	test_dead_enemies_mean:    1.8625	test_ep_length_mean:     203.2937	test_return_mean:         13.7621
test_return_std:           3.2888	
[INFO 10:00:56] my_main t_env: 745655 / 2050000
[INFO 10:00:56] my_main Estimated time left: 2 hours, 59 minutes, 11 seconds. Time passed: 1 hours, 41 minutes, 13 seconds
[INFO 10:01:21] my_main Recent Stats | t_env:     745655 | Episode:     9711
battle_won_mean:           0.0082	dead_allies_mean:          2.7342	dead_enemies_mean:         0.9093	ep_length_mean:          144.7686
epsilon:                   0.0500	grad_norm:                 0.4744	ices_int_critic_grad_norm:  0.0314	ices_int_critic_loss:      0.0062
ices_int_grad_norm:        1.7639	ices_int_loss:           -11.1776	ices_intrinsic_reward_mean:  0.3604	ices_world_grad_norm:     12.9030
ices_world_loss:          -5.1905	loss:                      0.0145	q_taken_mean:              0.8059	return_mean:              10.4385
return_std:                3.1952	target_mean:               0.8101	td_error_abs:              0.0774	test_battle_won_mean:      0.0563
test_dead_allies_mean:     2.2062	test_dead_enemies_mean:    1.9750	test_ep_length_mean:     202.1500	test_return_mean:         14.4990
test_return_std:           3.4859	
[INFO 10:02:18] my_main t_env: 755753 / 2050000
[INFO 10:02:18] my_main Estimated time left: 2 hours, 54 minutes, 45 seconds. Time passed: 1 hours, 42 minutes, 35 seconds
[INFO 10:02:44] my_main Recent Stats | t_env:     755753 | Episode:     9774
battle_won_mean:           0.0082	dead_allies_mean:          2.7261	dead_enemies_mean:         0.9473	ep_length_mean:          149.8764
epsilon:                   0.0500	grad_norm:                 0.4454	ices_int_critic_grad_norm:  0.0262	ices_int_critic_loss:      0.0060
ices_int_grad_norm:        2.2328	ices_int_loss:            -9.3773	ices_intrinsic_reward_mean:  0.3667	ices_world_grad_norm:     12.5372
ices_world_loss:          -5.1646	loss:                      0.0140	q_taken_mean:              0.8206	return_mean:              10.7585
return_std:                3.2617	target_mean:               0.8254	td_error_abs:              0.0780	test_battle_won_mean:      0.0563
test_dead_allies_mean:     2.2125	test_dead_enemies_mean:    2.0187	test_ep_length_mean:     201.5625	test_return_mean:         14.5455
test_return_std:           3.3513	
[INFO 10:03:06] my_main Updated target network
[INFO 10:03:43] my_main t_env: 765762 / 2050000
[INFO 10:03:43] my_main Estimated time left: 3 hours, 1 minutes, 59 seconds. Time passed: 1 hours, 44 minutes, 0 seconds
[INFO 10:04:09] my_main Recent Stats | t_env:     765762 | Episode:     9844
battle_won_mean:           0.0028	dead_allies_mean:          2.7235	dead_enemies_mean:         0.9369	ep_length_mean:          151.3466
epsilon:                   0.0500	grad_norm:                 0.3712	ices_int_critic_grad_norm:  0.0136	ices_int_critic_loss:      0.0059
ices_int_grad_norm:        2.2836	ices_int_loss:           -13.5833	ices_intrinsic_reward_mean:  0.3688	ices_world_grad_norm:     11.9671
ices_world_loss:          -5.2065	loss:                      0.0141	q_taken_mean:              0.8344	return_mean:              10.8567
return_std:                3.3103	target_mean:               0.8364	td_error_abs:              0.0755	test_battle_won_mean:      0.0563
test_dead_allies_mean:     2.0812	test_dead_enemies_mean:    2.1187	test_ep_length_mean:     211.6375	test_return_mean:         15.0701
test_return_std:           3.5174	
RequestQuit command received.
Closing Application...
DataHandler: unable to parse websocket frame.
CloseHandler: 127.0.0.1:36426 disconnected
ResponseThread: No connection, dropping the response.
[INFO 10:04:23] absl Shutdown gracefully.
[INFO 10:04:23] absl Shutdown with return code: -15
[INFO 10:04:23] absl Launching SC2: /labmount/users/202535331/MARL/pymarl-monotone-qmix/3rdparty/StarCraftII/Versions/Base75689/SC2_x64 -listen 127.0.0.1 -port 42021 -dataDir /labmount/users/202535331/MARL/pymarl-monotone-qmix/3rdparty/StarCraftII/ -tempDir /tmp/sc-auziqhn7/
[INFO 10:04:23] absl Connecting to: ws://127.0.0.1:42021/sc2api, attempt: 0, running: True
Version: B75689 (SC2.4.10)
Build: Aug 12 2019 17:16:57
Command Line: '"/labmount/users/202535331/MARL/pymarl-monotone-qmix/3rdparty/StarCraftII/Versions/Base75689/SC2_x64" -listen 127.0.0.1 -port 42021 -dataDir /labmount/users/202535331/MARL/pymarl-monotone-qmix/3rdparty/StarCraftII/ -tempDir /tmp/sc-auziqhn7/'
Starting up...
Startup Phase 1 complete
[INFO 10:04:24] absl Connecting to: ws://127.0.0.1:42021/sc2api, attempt: 1, running: True
Startup Phase 2 complete
Creating stub renderer...
Listening on: 127.0.0.1:42021
Startup Phase 3 complete. Ready for commands.
[INFO 10:04:25] absl Connecting to: ws://127.0.0.1:42021/sc2api, attempt: 2, running: True
ConnectHandler: Request from 127.0.0.1:38214 accepted
ReadyHandler: 127.0.0.1:38214 ready
Requesting to join a single player game
Configuring interface options
Configure: raw interface enabled
Configure: feature layer interface disabled
Configure: score interface disabled
Configure: render interface disabled
Launching next game.
Next launch phase started: 2
Next launch phase started: 3
Next launch phase started: 4
Next launch phase started: 5
Next launch phase started: 6
Next launch phase started: 7
Next launch phase started: 8
Game has started.
Using default stable ids, none found at: /labmount/users/202535331/MARL/pymarl-monotone-qmix/3rdparty/StarCraftII/stableid.json
Successfully loaded stable ids: GameData\stableid.json
Sending ResponseJoinGame
[INFO 10:05:12] my_main t_env: 775933 / 2050000
[INFO 10:05:12] my_main Estimated time left: 3 hours, 5 minutes, 59 seconds. Time passed: 1 hours, 45 minutes, 29 seconds
[INFO 10:05:38] my_main Recent Stats | t_env:     775933 | Episode:     9908
battle_won_mean:           0.0000	dead_allies_mean:          2.6838	dead_enemies_mean:         0.9557	ep_length_mean:          154.6154
epsilon:                   0.0500	grad_norm:                 0.4420	ices_int_critic_grad_norm:  0.0241	ices_int_critic_loss:      0.0058
ices_int_grad_norm:        2.5173	ices_int_loss:           -15.7804	ices_intrinsic_reward_mean:  0.3725	ices_world_grad_norm:     12.2113
ices_world_loss:          -5.1952	loss:                      0.0146	q_taken_mean:              0.8376	return_mean:              10.9456
return_std:                3.2440	target_mean:               0.8418	td_error_abs:              0.0783	test_battle_won_mean:      0.0437
test_dead_allies_mean:     2.0562	test_dead_enemies_mean:    2.0438	test_ep_length_mean:     213.6687	test_return_mean:         15.0001
test_return_std:           3.3543	
[INFO 10:06:37] my_main t_env: 786049 / 2050000
[INFO 10:06:37] my_main Estimated time left: 2 hours, 57 minutes, 46 seconds. Time passed: 1 hours, 46 minutes, 55 seconds
[INFO 10:07:03] my_main Recent Stats | t_env:     786049 | Episode:     9975
battle_won_mean:           0.0000	dead_allies_mean:          2.7266	dead_enemies_mean:         0.9351	ep_length_mean:          153.1312
epsilon:                   0.0500	grad_norm:                 0.4543	ices_int_critic_grad_norm:  0.0404	ices_int_critic_loss:      0.0055
ices_int_grad_norm:        2.3307	ices_int_loss:           -13.8190	ices_intrinsic_reward_mean:  0.3752	ices_world_grad_norm:     12.0998
ices_world_loss:          -5.2038	loss:                      0.0150	q_taken_mean:              0.8513	return_mean:              11.0136
return_std:                3.2372	target_mean:               0.8552	td_error_abs:              0.0787	test_battle_won_mean:      0.0437
test_dead_allies_mean:     2.0375	test_dead_enemies_mean:    2.0750	test_ep_length_mean:     214.1062	test_return_mean:         14.9895
test_return_std:           3.6046	
[INFO 10:07:29] my_main Updated target network
[INFO 10:07:58] my_main t_env: 796174 / 2050000
[INFO 10:07:58] my_main Estimated time left: 2 hours, 47 minutes, 5 seconds. Time passed: 1 hours, 48 minutes, 16 seconds
[INFO 10:08:26] my_main Recent Stats | t_env:     796174 | Episode:    10033
battle_won_mean:           0.0000	dead_allies_mean:          2.6787	dead_enemies_mean:         0.9185	ep_length_mean:          157.5495
epsilon:                   0.0500	grad_norm:                 0.4363	ices_int_critic_grad_norm:  0.0513	ices_int_critic_loss:      0.0056
ices_int_grad_norm:        2.3708	ices_int_loss:           -12.0965	ices_intrinsic_reward_mean:  0.3829	ices_world_grad_norm:     12.3137
ices_world_loss:          -5.2152	loss:                      0.0152	q_taken_mean:              0.8577	return_mean:              11.1406
return_std:                3.1717	target_mean:               0.8610	td_error_abs:              0.0779	test_battle_won_mean:      0.0375
test_dead_allies_mean:     1.9062	test_dead_enemies_mean:    2.0625	test_ep_length_mean:     219.3562	test_return_mean:         14.9488
test_return_std:           3.4512	
[INFO 10:09:25] my_main t_env: 806251 / 2050000
[INFO 10:09:25] my_main Estimated time left: 2 hours, 58 minutes, 7 seconds. Time passed: 1 hours, 49 minutes, 42 seconds
RequestQuit command received.
Closing Application...
DataHandler: unable to parse websocket frame.
CloseHandler: 127.0.0.1:38214 disconnected
[INFO 10:09:48] absl Shutdown gracefully.
[INFO 10:09:48] absl Shutdown with return code: -15
[INFO 10:09:48] absl Launching SC2: /labmount/users/202535331/MARL/pymarl-monotone-qmix/3rdparty/StarCraftII/Versions/Base75689/SC2_x64 -listen 127.0.0.1 -port 38667 -dataDir /labmount/users/202535331/MARL/pymarl-monotone-qmix/3rdparty/StarCraftII/ -tempDir /tmp/sc-zmbvijjd/
[INFO 10:09:48] absl Connecting to: ws://127.0.0.1:38667/sc2api, attempt: 0, running: True
Version: B75689 (SC2.4.10)
Build: Aug 12 2019 17:16:57
Command Line: '"/labmount/users/202535331/MARL/pymarl-monotone-qmix/3rdparty/StarCraftII/Versions/Base75689/SC2_x64" -listen 127.0.0.1 -port 38667 -dataDir /labmount/users/202535331/MARL/pymarl-monotone-qmix/3rdparty/StarCraftII/ -tempDir /tmp/sc-zmbvijjd/'
Starting up...
Startup Phase 1 complete
[INFO 10:09:49] absl Connecting to: ws://127.0.0.1:38667/sc2api, attempt: 1, running: True
Startup Phase 2 complete
Creating stub renderer...
Listening on: 127.0.0.1:38667
Startup Phase 3 complete. Ready for commands.
[INFO 10:09:50] absl Connecting to: ws://127.0.0.1:38667/sc2api, attempt: 2, running: True
ConnectHandler: Request from 127.0.0.1:42990 accepted
ReadyHandler: 127.0.0.1:42990 ready
Requesting to join a single player game
Configuring interface options
Configure: raw interface enabled
Configure: feature layer interface disabled
Configure: score interface disabled
Configure: render interface disabled
Launching next game.
Next launch phase started: 2
Next launch phase started: 3
Next launch phase started: 4
Next launch phase started: 5
Next launch phase started: 6
Next launch phase started: 7
Next launch phase started: 8
Game has started.
Using default stable ids, none found at: /labmount/users/202535331/MARL/pymarl-monotone-qmix/3rdparty/StarCraftII/stableid.json
Successfully loaded stable ids: GameData\stableid.json
Sending ResponseJoinGame
[INFO 10:09:58] my_main Recent Stats | t_env:     806251 | Episode:    10100
battle_won_mean:           0.0000	dead_allies_mean:          2.6788	dead_enemies_mean:         0.9312	ep_length_mean:          155.5729
epsilon:                   0.0500	grad_norm:                 0.3401	ices_int_critic_grad_norm:  0.0557	ices_int_critic_loss:      0.0057
ices_int_grad_norm:        2.1193	ices_int_loss:           -14.6768	ices_intrinsic_reward_mean:  0.3932	ices_world_grad_norm:     11.9827
ices_world_loss:          -5.1646	loss:                      0.0143	q_taken_mean:              0.8399	return_mean:              11.0900
return_std:                3.1309	target_mean:               0.8467	td_error_abs:              0.0760	test_battle_won_mean:      0.0563
test_dead_allies_mean:     1.7375	test_dead_enemies_mean:    2.1187	test_ep_length_mean:     223.1562	test_return_mean:         15.1185
test_return_std:           3.5974	
[INFO 10:10:53] my_main t_env: 816287 / 2050000
[INFO 10:10:53] my_main Estimated time left: 3 hours, 1 minutes, 8 seconds. Time passed: 1 hours, 51 minutes, 11 seconds
[INFO 10:11:20] my_main Recent Stats | t_env:     816287 | Episode:    10157
battle_won_mean:           0.0000	dead_allies_mean:          2.6361	dead_enemies_mean:         1.0443	ep_length_mean:          162.1898
epsilon:                   0.0500	grad_norm:                 0.4442	ices_int_critic_grad_norm:  0.0522	ices_int_critic_loss:      0.0057
ices_int_grad_norm:        2.3757	ices_int_loss:           -15.4778	ices_intrinsic_reward_mean:  0.3974	ices_world_grad_norm:     12.1002
ices_world_loss:          -5.1604	loss:                      0.0143	q_taken_mean:              0.8148	return_mean:              11.3293
return_std:                3.0665	target_mean:               0.8247	td_error_abs:              0.0773	test_battle_won_mean:      0.0563
test_dead_allies_mean:     1.6125	test_dead_enemies_mean:    2.1750	test_ep_length_mean:     224.9563	test_return_mean:         15.1674
test_return_std:           3.5388	
[INFO 10:12:00] my_main Updated target network
[INFO 10:12:17] my_main t_env: 826304 / 2050000
[INFO 10:12:17] my_main Estimated time left: 2 hours, 50 minutes, 10 seconds. Time passed: 1 hours, 52 minutes, 34 seconds
[INFO 10:12:41] my_main Recent Stats | t_env:     826304 | Episode:    10219
battle_won_mean:           0.0000	dead_allies_mean:          2.6333	dead_enemies_mean:         1.0601	ep_length_mean:          162.7183
epsilon:                   0.0500	grad_norm:                 0.4957	ices_int_critic_grad_norm:  0.0433	ices_int_critic_loss:      0.0060
ices_int_grad_norm:        1.7715	ices_int_loss:           -14.0085	ices_intrinsic_reward_mean:  0.4011	ices_world_grad_norm:     11.7279
ices_world_loss:          -5.2104	loss:                      0.0145	q_taken_mean:              0.7944	return_mean:              11.4004
return_std:                3.1031	target_mean:               0.7985	td_error_abs:              0.0776	test_battle_won_mean:      0.0500
test_dead_allies_mean:     1.6938	test_dead_enemies_mean:    2.2375	test_ep_length_mean:     221.0563	test_return_mean:         15.1883
test_return_std:           3.5786	
[INFO 10:13:41] my_main t_env: 836474 / 2050000
[INFO 10:13:41] my_main Estimated time left: 2 hours, 47 minutes, 29 seconds. Time passed: 1 hours, 53 minutes, 59 seconds
[INFO 10:14:05] my_main Recent Stats | t_env:     836474 | Episode:    10289
battle_won_mean:           0.0000	dead_allies_mean:          2.6266	dead_enemies_mean:         1.0955	ep_length_mean:          161.5785
epsilon:                   0.0500	grad_norm:                 0.5170	ices_int_critic_grad_norm:  0.0269	ices_int_critic_loss:      0.0060
ices_int_grad_norm:        2.1063	ices_int_loss:           -17.0705	ices_intrinsic_reward_mean:  0.4012	ices_world_grad_norm:     11.7247
ices_world_loss:          -5.2382	loss:                      0.0146	q_taken_mean:              0.7713	return_mean:              11.3500
return_std:                3.0665	target_mean:               0.7773	td_error_abs:              0.0801	test_battle_won_mean:      0.0500
test_dead_allies_mean:     1.6375	test_dead_enemies_mean:    2.2313	test_ep_length_mean:     219.6562	test_return_mean:         15.0480
test_return_std:           3.4090	
[INFO 10:15:03] my_main t_env: 846602 / 2050000
[INFO 10:15:03] my_main Estimated time left: 2 hours, 42 minutes, 2 seconds. Time passed: 1 hours, 55 minutes, 20 seconds
RequestQuit command received.
Closing Application...
DataHandler: unable to parse websocket frame.
CloseHandler: 127.0.0.1:42990 disconnected
ResponseThread: No connection, dropping the response.
[INFO 10:15:16] absl Shutdown gracefully.
[INFO 10:15:16] absl Shutdown with return code: -15
[INFO 10:15:16] absl Launching SC2: /labmount/users/202535331/MARL/pymarl-monotone-qmix/3rdparty/StarCraftII/Versions/Base75689/SC2_x64 -listen 127.0.0.1 -port 43983 -dataDir /labmount/users/202535331/MARL/pymarl-monotone-qmix/3rdparty/StarCraftII/ -tempDir /tmp/sc-7wxhxh6m/
[INFO 10:15:16] absl Connecting to: ws://127.0.0.1:43983/sc2api, attempt: 0, running: True
Version: B75689 (SC2.4.10)
Build: Aug 12 2019 17:16:57
Command Line: '"/labmount/users/202535331/MARL/pymarl-monotone-qmix/3rdparty/StarCraftII/Versions/Base75689/SC2_x64" -listen 127.0.0.1 -port 43983 -dataDir /labmount/users/202535331/MARL/pymarl-monotone-qmix/3rdparty/StarCraftII/ -tempDir /tmp/sc-7wxhxh6m/'
Starting up...
Startup Phase 1 complete
[INFO 10:15:17] absl Connecting to: ws://127.0.0.1:43983/sc2api, attempt: 1, running: True
Startup Phase 2 complete
Creating stub renderer...
Listening on: 127.0.0.1:43983
Startup Phase 3 complete. Ready for commands.
[INFO 10:15:18] absl Connecting to: ws://127.0.0.1:43983/sc2api, attempt: 2, running: True
ConnectHandler: Request from 127.0.0.1:59974 accepted
ReadyHandler: 127.0.0.1:59974 ready
Requesting to join a single player game
Configuring interface options
Configure: raw interface enabled
Configure: feature layer interface disabled
Configure: score interface disabled
Configure: render interface disabled
Launching next game.
Next launch phase started: 2
Next launch phase started: 3
Next launch phase started: 4
Next launch phase started: 5
Next launch phase started: 6
Next launch phase started: 7
Next launch phase started: 8
Game has started.
Using default stable ids, none found at: /labmount/users/202535331/MARL/pymarl-monotone-qmix/3rdparty/StarCraftII/stableid.json
Successfully loaded stable ids: GameData\stableid.json
Sending ResponseJoinGame
[INFO 10:15:32] my_main Recent Stats | t_env:     846602 | Episode:    10355
battle_won_mean:           0.0000	dead_allies_mean:          2.6466	dead_enemies_mean:         1.0913	ep_length_mean:          157.3556
epsilon:                   0.0500	grad_norm:                 0.4656	ices_int_critic_grad_norm:  0.0171	ices_int_critic_loss:      0.0061
ices_int_grad_norm:        1.9232	ices_int_loss:           -21.2427	ices_intrinsic_reward_mean:  0.4011	ices_world_grad_norm:     12.7596
ices_world_loss:          -5.2486	loss:                      0.0144	q_taken_mean:              0.7744	return_mean:              11.0665
return_std:                3.0694	target_mean:               0.7784	td_error_abs:              0.0789	test_battle_won_mean:      0.0563
test_dead_allies_mean:     1.7063	test_dead_enemies_mean:    2.2938	test_ep_length_mean:     213.6500	test_return_mean:         14.9386
test_return_std:           3.5990	
[INFO 10:16:10] my_main Updated target network
[INFO 10:16:31] my_main t_env: 856639 / 2050000
[INFO 10:16:31] my_main Estimated time left: 2 hours, 54 minutes, 31 seconds. Time passed: 1 hours, 56 minutes, 49 seconds
[INFO 10:16:56] my_main Recent Stats | t_env:     856639 | Episode:    10424
battle_won_mean:           0.0000	dead_allies_mean:          2.6278	dead_enemies_mean:         1.0971	ep_length_mean:          156.3677
epsilon:                   0.0500	grad_norm:                 0.4680	ices_int_critic_grad_norm:  0.0209	ices_int_critic_loss:      0.0062
ices_int_grad_norm:        2.3262	ices_int_loss:           -18.7542	ices_intrinsic_reward_mean:  0.4006	ices_world_grad_norm:     13.2024
ices_world_loss:          -5.3006	loss:                      0.0151	q_taken_mean:              0.7793	return_mean:              10.9483
return_std:                3.1111	target_mean:               0.7821	td_error_abs:              0.0786	test_battle_won_mean:      0.0375
test_dead_allies_mean:     1.7312	test_dead_enemies_mean:    2.2125	test_ep_length_mean:     209.0563	test_return_mean:         14.5072
test_return_std:           3.6354	
[INFO 10:17:52] my_main t_env: 866697 / 2050000
[INFO 10:17:52] my_main Estimated time left: 2 hours, 39 minutes, 2 seconds. Time passed: 1 hours, 58 minutes, 10 seconds
[INFO 10:18:16] my_main Recent Stats | t_env:     866697 | Episode:    10485
battle_won_mean:           0.0000	dead_allies_mean:          2.6501	dead_enemies_mean:         1.0957	ep_length_mean:          154.1308
epsilon:                   0.0500	grad_norm:                 0.4633	ices_int_critic_grad_norm:  0.0221	ices_int_critic_loss:      0.0063
ices_int_grad_norm:        2.1396	ices_int_loss:           -19.1402	ices_intrinsic_reward_mean:  0.4023	ices_world_grad_norm:     13.2917
ices_world_loss:          -5.3355	loss:                      0.0155	q_taken_mean:              0.7906	return_mean:              10.8927
return_std:                3.1660	target_mean:               0.7881	td_error_abs:              0.0795	test_battle_won_mean:      0.0500
test_dead_allies_mean:     1.8000	test_dead_enemies_mean:    2.2750	test_ep_length_mean:     203.9437	test_return_mean:         14.3800
test_return_std:           3.6364	
[INFO 10:19:11] my_main t_env: 876732 / 2050000
[INFO 10:19:11] my_main Estimated time left: 2 hours, 34 minutes, 22 seconds. Time passed: 1 hours, 59 minutes, 29 seconds
[INFO 10:19:39] my_main Recent Stats | t_env:     876732 | Episode:    10544
battle_won_mean:           0.0000	dead_allies_mean:          2.6489	dead_enemies_mean:         1.1401	ep_length_mean:          155.8348
epsilon:                   0.0500	grad_norm:                 0.3688	ices_int_critic_grad_norm:  0.0206	ices_int_critic_loss:      0.0062
ices_int_grad_norm:        2.3011	ices_int_loss:           -20.8563	ices_intrinsic_reward_mean:  0.4023	ices_world_grad_norm:     13.4040
ices_world_loss:          -5.3469	loss:                      0.0148	q_taken_mean:              0.7929	return_mean:              10.9667
return_std:                3.1249	target_mean:               0.7955	td_error_abs:              0.0772	test_battle_won_mean:      0.0437
test_dead_allies_mean:     1.6625	test_dead_enemies_mean:    2.4000	test_ep_length_mean:     210.9313	test_return_mean:         14.7079
test_return_std:           3.3546	
[INFO 10:20:33] my_main Updated target network
[INFO 10:20:36] my_main t_env: 886849 / 2050000
[INFO 10:20:36] my_main Estimated time left: 2 hours, 42 minutes, 20 seconds. Time passed: 2 hours, 54 seconds
RequestQuit command received.
Closing Application...
DataHandler: unable to parse websocket frame.
CloseHandler: 127.0.0.1:59974 disconnected
[INFO 10:20:42] absl Shutdown gracefully.
[INFO 10:20:42] absl Shutdown with return code: -15
[INFO 10:20:42] absl Launching SC2: /labmount/users/202535331/MARL/pymarl-monotone-qmix/3rdparty/StarCraftII/Versions/Base75689/SC2_x64 -listen 127.0.0.1 -port 37489 -dataDir /labmount/users/202535331/MARL/pymarl-monotone-qmix/3rdparty/StarCraftII/ -tempDir /tmp/sc-uu85l7b_/
[INFO 10:20:42] absl Connecting to: ws://127.0.0.1:37489/sc2api, attempt: 0, running: True
Version: B75689 (SC2.4.10)
Build: Aug 12 2019 17:16:57
Command Line: '"/labmount/users/202535331/MARL/pymarl-monotone-qmix/3rdparty/StarCraftII/Versions/Base75689/SC2_x64" -listen 127.0.0.1 -port 37489 -dataDir /labmount/users/202535331/MARL/pymarl-monotone-qmix/3rdparty/StarCraftII/ -tempDir /tmp/sc-uu85l7b_/'
Starting up...
Startup Phase 1 complete
[INFO 10:20:43] absl Connecting to: ws://127.0.0.1:37489/sc2api, attempt: 1, running: True
Startup Phase 2 complete
Creating stub renderer...
Listening on: 127.0.0.1:37489
Startup Phase 3 complete. Ready for commands.
[INFO 10:20:44] absl Connecting to: ws://127.0.0.1:37489/sc2api, attempt: 2, running: True
ConnectHandler: Request from 127.0.0.1:47260 accepted
ReadyHandler: 127.0.0.1:47260 ready
Requesting to join a single player game
Configuring interface options
Configure: raw interface enabled
Configure: feature layer interface disabled
Configure: score interface disabled
Configure: render interface disabled
Launching next game.
Next launch phase started: 2
Next launch phase started: 3
Next launch phase started: 4
Next launch phase started: 5
Next launch phase started: 6
Next launch phase started: 7
Next launch phase started: 8
Game has started.
Using default stable ids, none found at: /labmount/users/202535331/MARL/pymarl-monotone-qmix/3rdparty/StarCraftII/stableid.json
Successfully loaded stable ids: GameData\stableid.json
Sending ResponseJoinGame
[INFO 10:21:10] my_main Recent Stats | t_env:     886849 | Episode:    10605
battle_won_mean:           0.0000	dead_allies_mean:          2.6217	dead_enemies_mean:         1.2234	ep_length_mean:          159.9482
epsilon:                   0.0500	grad_norm:                 0.4083	ices_int_critic_grad_norm:  0.0198	ices_int_critic_loss:      0.0065
ices_int_grad_norm:        2.1738	ices_int_loss:           -22.0824	ices_intrinsic_reward_mean:  0.4081	ices_world_grad_norm:     13.2082
ices_world_loss:          -5.3178	loss:                      0.0151	q_taken_mean:              0.8155	return_mean:              11.1921
return_std:                3.1860	target_mean:               0.8078	td_error_abs:              0.0782	test_battle_won_mean:      0.0625
test_dead_allies_mean:     1.4312	test_dead_enemies_mean:    2.6375	test_ep_length_mean:     217.5312	test_return_mean:         14.9569
test_return_std:           3.2106	
[INFO 10:22:06] my_main t_env: 896985 / 2050000
[INFO 10:22:06] my_main Estimated time left: 2 hours, 50 minutes, 35 seconds. Time passed: 2 hours, 2 minutes, 24 seconds
[INFO 10:22:33] my_main Recent Stats | t_env:     896985 | Episode:    10664
battle_won_mean:           0.0000	dead_allies_mean:          2.6100	dead_enemies_mean:         1.3020	ep_length_mean:          163.6166
epsilon:                   0.0500	grad_norm:                 0.4063	ices_int_critic_grad_norm:  0.0236	ices_int_critic_loss:      0.0067
ices_int_grad_norm:        3.8428	ices_int_loss:           -24.7939	ices_intrinsic_reward_mean:  0.4160	ices_world_grad_norm:     11.5779
ices_world_loss:          -5.2717	loss:                      0.0153	q_taken_mean:              0.8113	return_mean:              11.4726
return_std:                3.1791	target_mean:               0.8043	td_error_abs:              0.0804	test_battle_won_mean:      0.0750
test_dead_allies_mean:     1.2312	test_dead_enemies_mean:    2.8125	test_ep_length_mean:     222.5188	test_return_mean:         15.1479
test_return_std:           2.9596	
[INFO 10:23:29] my_main t_env: 907072 / 2050000
[INFO 10:23:29] my_main Estimated time left: 2 hours, 37 minutes, 26 seconds. Time passed: 2 hours, 3 minutes, 47 seconds
[INFO 10:23:56] my_main Recent Stats | t_env:     907072 | Episode:    10724
battle_won_mean:           0.0033	dead_allies_mean:          2.5962	dead_enemies_mean:         1.4162	ep_length_mean:          168.1471
epsilon:                   0.0500	grad_norm:                 0.5012	ices_int_critic_grad_norm:  0.0182	ices_int_critic_loss:      0.0068
ices_int_grad_norm:        3.3276	ices_int_loss:           -27.6803	ices_intrinsic_reward_mean:  0.4177	ices_world_grad_norm:     11.1760
ices_world_loss:          -5.2816	loss:                      0.0155	q_taken_mean:              0.8143	return_mean:              11.7222
return_std:                3.2199	target_mean:               0.8118	td_error_abs:              0.0838	test_battle_won_mean:      0.0875
test_dead_allies_mean:     1.2875	test_dead_enemies_mean:    2.9312	test_ep_length_mean:     225.2812	test_return_mean:         15.5479
test_return_std:           2.8578	
[INFO 10:24:53] my_main t_env: 917101 / 2050000
[INFO 10:24:53] my_main Estimated time left: 2 hours, 37 minutes, 8 seconds. Time passed: 2 hours, 5 minutes, 10 seconds
[INFO 10:25:19] my_main Recent Stats | t_env:     917101 | Episode:    10786
battle_won_mean:           0.0033	dead_allies_mean:          2.6038	dead_enemies_mean:         1.4442	ep_length_mean:          167.5217
epsilon:                   0.0500	grad_norm:                 0.4856	ices_int_critic_grad_norm:  0.0194	ices_int_critic_loss:      0.0069
ices_int_grad_norm:        3.5026	ices_int_loss:           -27.4903	ices_intrinsic_reward_mean:  0.4244	ices_world_grad_norm:     10.4837
ices_world_loss:          -5.2442	loss:                      0.0153	q_taken_mean:              0.8213	return_mean:              11.7830
return_std:                3.1539	target_mean:               0.8237	td_error_abs:              0.0839	test_battle_won_mean:      0.0875
test_dead_allies_mean:     1.2688	test_dead_enemies_mean:    2.9562	test_ep_length_mean:     229.2625	test_return_mean:         15.7436
test_return_std:           2.8638	
[INFO 10:25:34] my_main Updated target network
RequestQuit command received.
DataHandler: unable to parse websocket frame.
Closing Application...
CloseHandler: 127.0.0.1:47260 disconnected
ResponseThread: No connection, dropping the response.
[INFO 10:26:01] absl Shutdown gracefully.
[INFO 10:26:01] absl Shutdown with return code: -15
[INFO 10:26:01] absl Launching SC2: /labmount/users/202535331/MARL/pymarl-monotone-qmix/3rdparty/StarCraftII/Versions/Base75689/SC2_x64 -listen 127.0.0.1 -port 44519 -dataDir /labmount/users/202535331/MARL/pymarl-monotone-qmix/3rdparty/StarCraftII/ -tempDir /tmp/sc-fhgy53ij/
[INFO 10:26:01] absl Connecting to: ws://127.0.0.1:44519/sc2api, attempt: 0, running: True
Version: B75689 (SC2.4.10)
Build: Aug 12 2019 17:16:57
Command Line: '"/labmount/users/202535331/MARL/pymarl-monotone-qmix/3rdparty/StarCraftII/Versions/Base75689/SC2_x64" -listen 127.0.0.1 -port 44519 -dataDir /labmount/users/202535331/MARL/pymarl-monotone-qmix/3rdparty/StarCraftII/ -tempDir /tmp/sc-fhgy53ij/'
Starting up...
Startup Phase 1 complete
[INFO 10:26:02] absl Connecting to: ws://127.0.0.1:44519/sc2api, attempt: 1, running: True
Startup Phase 2 complete
Creating stub renderer...
Listening on: 127.0.0.1:44519
Startup Phase 3 complete. Ready for commands.
[INFO 10:26:03] absl Connecting to: ws://127.0.0.1:44519/sc2api, attempt: 2, running: True
ConnectHandler: Request from 127.0.0.1:50918 accepted
ReadyHandler: 127.0.0.1:50918 ready
Requesting to join a single player game
Configuring interface options
Configure: raw interface enabled
Configure: feature layer interface disabled
Configure: score interface disabled
Configure: render interface disabled
Launching next game.
Next launch phase started: 2
Next launch phase started: 3
Next launch phase started: 4
Next launch phase started: 5
Next launch phase started: 6
Next launch phase started: 7
Next launch phase started: 8
Game has started.
Using default stable ids, none found at: /labmount/users/202535331/MARL/pymarl-monotone-qmix/3rdparty/StarCraftII/stableid.json
Successfully loaded stable ids: GameData\stableid.json
Sending ResponseJoinGame
[INFO 10:26:20] my_main t_env: 927103 / 2050000
[INFO 10:26:20] my_main Estimated time left: 2 hours, 43 minutes, 35 seconds. Time passed: 2 hours, 6 minutes, 38 seconds
[INFO 10:26:46] my_main Recent Stats | t_env:     927103 | Episode:    10846
battle_won_mean:           0.0100	dead_allies_mean:          2.6153	dead_enemies_mean:         1.5067	ep_length_mean:          166.8448
epsilon:                   0.0500	grad_norm:                 0.5261	ices_int_critic_grad_norm:  0.0192	ices_int_critic_loss:      0.0068
ices_int_grad_norm:        3.5954	ices_int_loss:           -28.1540	ices_intrinsic_reward_mean:  0.4280	ices_world_grad_norm:     10.3221
ices_world_loss:          -5.2352	loss:                      0.0163	q_taken_mean:              0.8289	return_mean:              11.8494
return_std:                3.1462	target_mean:               0.8326	td_error_abs:              0.0850	test_battle_won_mean:      0.1625
test_dead_allies_mean:     1.3750	test_dead_enemies_mean:    3.1125	test_ep_length_mean:     224.9625	test_return_mean:         16.0502
test_return_std:           3.2447	
[INFO 10:27:46] my_main t_env: 937282 / 2050000
[INFO 10:27:46] my_main Estimated time left: 2 hours, 35 minutes, 22 seconds. Time passed: 2 hours, 8 minutes, 3 seconds
[INFO 10:28:10] my_main Recent Stats | t_env:     937282 | Episode:    10915
battle_won_mean:           0.0129	dead_allies_mean:          2.6303	dead_enemies_mean:         1.4873	ep_length_mean:          163.1786
epsilon:                   0.0500	grad_norm:                 0.4812	ices_int_critic_grad_norm:  0.0222	ices_int_critic_loss:      0.0069
ices_int_grad_norm:        3.9050	ices_int_loss:           -30.7085	ices_intrinsic_reward_mean:  0.4280	ices_world_grad_norm:     10.6084
ices_world_loss:          -5.2555	loss:                      0.0160	q_taken_mean:              0.8127	return_mean:              11.6582
return_std:                3.1841	target_mean:               0.8266	td_error_abs:              0.0844	test_battle_won_mean:      0.1625
test_dead_allies_mean:     1.5437	test_dead_enemies_mean:    3.0125	test_ep_length_mean:     218.6438	test_return_mean:         15.8132
test_return_std:           3.5550	
[INFO 10:29:08] my_main t_env: 947373 / 2050000
[INFO 10:29:08] my_main Estimated time left: 2 hours, 30 minutes, 5 seconds. Time passed: 2 hours, 9 minutes, 25 seconds
[INFO 10:29:36] my_main Recent Stats | t_env:     947373 | Episode:    10981
battle_won_mean:           0.0129	dead_allies_mean:          2.6692	dead_enemies_mean:         1.4298	ep_length_mean:          159.3981
epsilon:                   0.0500	grad_norm:                 0.5040	ices_int_critic_grad_norm:  0.0183	ices_int_critic_loss:      0.0069
ices_int_grad_norm:        2.6710	ices_int_loss:           -29.2319	ices_intrinsic_reward_mean:  0.4248	ices_world_grad_norm:     10.1173
ices_world_loss:          -5.3160	loss:                      0.0154	q_taken_mean:              0.8095	return_mean:              11.5279
return_std:                3.1316	target_mean:               0.8242	td_error_abs:              0.0825	test_battle_won_mean:      0.1688
test_dead_allies_mean:     1.4937	test_dead_enemies_mean:    3.1063	test_ep_length_mean:     219.6062	test_return_mean:         15.9408
test_return_std:           3.4852	
[INFO 10:29:54] my_main Updated target network
[INFO 10:30:33] my_main t_env: 957413 / 2050000
[INFO 10:30:33] my_main Estimated time left: 2 hours, 33 minutes, 12 seconds. Time passed: 2 hours, 10 minutes, 50 seconds
[INFO 10:31:00] my_main Recent Stats | t_env:     957413 | Episode:    11043
battle_won_mean:           0.0128	dead_allies_mean:          2.6848	dead_enemies_mean:         1.3873	ep_length_mean:          158.1618
epsilon:                   0.0500	grad_norm:                 0.4699	ices_int_critic_grad_norm:  0.0157	ices_int_critic_loss:      0.0066
ices_int_grad_norm:        2.8612	ices_int_loss:           -30.1264	ices_intrinsic_reward_mean:  0.4240	ices_world_grad_norm:     10.2461
ices_world_loss:          -5.3364	loss:                      0.0156	q_taken_mean:              0.8118	return_mean:              11.5750
return_std:                3.1047	target_mean:               0.8247	td_error_abs:              0.0806	test_battle_won_mean:      0.1875
test_dead_allies_mean:     1.3875	test_dead_enemies_mean:    3.1750	test_ep_length_mean:     219.9500	test_return_mean:         15.8967
test_return_std:           3.8743	
RequestQuit command received.
DataHandler: unable to parse websocket frame.
CloseHandler: 127.0.0.1:50918 disconnected
Closing Application...
[INFO 10:31:25] absl Shutdown gracefully.
[INFO 10:31:25] absl Shutdown with return code: -15
[INFO 10:31:25] absl Launching SC2: /labmount/users/202535331/MARL/pymarl-monotone-qmix/3rdparty/StarCraftII/Versions/Base75689/SC2_x64 -listen 127.0.0.1 -port 43267 -dataDir /labmount/users/202535331/MARL/pymarl-monotone-qmix/3rdparty/StarCraftII/ -tempDir /tmp/sc-9bjs5b3a/
[INFO 10:31:25] absl Connecting to: ws://127.0.0.1:43267/sc2api, attempt: 0, running: True
Version: B75689 (SC2.4.10)
Build: Aug 12 2019 17:16:57
Command Line: '"/labmount/users/202535331/MARL/pymarl-monotone-qmix/3rdparty/StarCraftII/Versions/Base75689/SC2_x64" -listen 127.0.0.1 -port 43267 -dataDir /labmount/users/202535331/MARL/pymarl-monotone-qmix/3rdparty/StarCraftII/ -tempDir /tmp/sc-9bjs5b3a/'
Starting up...
Startup Phase 1 complete
[INFO 10:31:26] absl Connecting to: ws://127.0.0.1:43267/sc2api, attempt: 1, running: True
Startup Phase 2 complete
Creating stub renderer...
Listening on: 127.0.0.1:43267
Startup Phase 3 complete. Ready for commands.
[INFO 10:31:27] absl Connecting to: ws://127.0.0.1:43267/sc2api, attempt: 2, running: True
ConnectHandler: Request from 127.0.0.1:55340 accepted
ReadyHandler: 127.0.0.1:55340 ready
Requesting to join a single player game
Configuring interface options
Configure: raw interface enabled
Configure: feature layer interface disabled
Configure: score interface disabled
Configure: render interface disabled
Launching next game.
Next launch phase started: 2
Next launch phase started: 3
Next launch phase started: 4
Next launch phase started: 5
Next launch phase started: 6
Next launch phase started: 7
Next launch phase started: 8
Game has started.
Using default stable ids, none found at: /labmount/users/202535331/MARL/pymarl-monotone-qmix/3rdparty/StarCraftII/stableid.json
Successfully loaded stable ids: GameData\stableid.json
Sending ResponseJoinGame
[INFO 10:32:03] my_main t_env: 967461 / 2050000
[INFO 10:32:03] my_main Estimated time left: 2 hours, 41 minutes, 46 seconds. Time passed: 2 hours, 12 minutes, 20 seconds
[INFO 10:32:29] my_main Recent Stats | t_env:     967461 | Episode:    11107
battle_won_mean:           0.0159	dead_allies_mean:          2.6804	dead_enemies_mean:         1.4030	ep_length_mean:          157.2102
epsilon:                   0.0500	grad_norm:                 0.4023	ices_int_critic_grad_norm:  0.0198	ices_int_critic_loss:      0.0066
ices_int_grad_norm:        3.0088	ices_int_loss:           -29.9993	ices_intrinsic_reward_mean:  0.4219	ices_world_grad_norm:     11.1021
ices_world_loss:          -5.4022	loss:                      0.0156	q_taken_mean:              0.8168	return_mean:              11.5284
return_std:                3.1350	target_mean:               0.8278	td_error_abs:              0.0782	test_battle_won_mean:      0.2375
test_dead_allies_mean:     1.3875	test_dead_enemies_mean:    3.3438	test_ep_length_mean:     220.0687	test_return_mean:         16.1065
test_return_std:           3.9596	
[INFO 10:33:27] my_main t_env: 977549 / 2050000
[INFO 10:33:27] my_main Estimated time left: 2 hours, 29 minutes, 17 seconds. Time passed: 2 hours, 13 minutes, 44 seconds
[INFO 10:33:53] my_main Recent Stats | t_env:     977549 | Episode:    11172
battle_won_mean:           0.0154	dead_allies_mean:          2.7174	dead_enemies_mean:         1.4312	ep_length_mean:          154.9102
epsilon:                   0.0500	grad_norm:                 0.3615	ices_int_critic_grad_norm:  0.0223	ices_int_critic_loss:      0.0068
ices_int_grad_norm:        3.1937	ices_int_loss:           -29.3194	ices_intrinsic_reward_mean:  0.4256	ices_world_grad_norm:     11.1768
ices_world_loss:          -5.3998	loss:                      0.0161	q_taken_mean:              0.8333	return_mean:              11.4795
return_std:                3.1446	target_mean:               0.8406	td_error_abs:              0.0781	test_battle_won_mean:      0.2125
test_dead_allies_mean:     1.4500	test_dead_enemies_mean:    3.3188	test_ep_length_mean:     220.4000	test_return_mean:         16.0123
test_return_std:           3.7360	
[INFO 10:34:19] my_main Updated target network
[INFO 10:34:50] my_main t_env: 987555 / 2050000
[INFO 10:34:50] my_main Estimated time left: 2 hours, 26 minutes, 54 seconds. Time passed: 2 hours, 15 minutes, 7 seconds
[INFO 10:35:16] my_main Recent Stats | t_env:     987555 | Episode:    11235
battle_won_mean:           0.0157	dead_allies_mean:          2.7208	dead_enemies_mean:         1.4635	ep_length_mean:          157.1710
epsilon:                   0.0500	grad_norm:                 0.3013	ices_int_critic_grad_norm:  0.0269	ices_int_critic_loss:      0.0069
ices_int_grad_norm:        3.0725	ices_int_loss:           -34.0682	ices_intrinsic_reward_mean:  0.4316	ices_world_grad_norm:     10.7692
ices_world_loss:          -5.3805	loss:                      0.0153	q_taken_mean:              0.8541	return_mean:              11.6996
return_std:                3.1767	target_mean:               0.8545	td_error_abs:              0.0747	test_battle_won_mean:      0.2625
test_dead_allies_mean:     1.4375	test_dead_enemies_mean:    3.5187	test_ep_length_mean:     223.4437	test_return_mean:         16.7062
test_return_std:           3.4182	
[INFO 10:36:12] my_main t_env: 997781 / 2050000
[INFO 10:36:12] my_main Estimated time left: 2 hours, 20 minutes, 14 seconds. Time passed: 2 hours, 16 minutes, 29 seconds
[INFO 10:36:37] my_main Recent Stats | t_env:     997781 | Episode:    11291
battle_won_mean:           0.0228	dead_allies_mean:          2.6740	dead_enemies_mean:         1.5576	ep_length_mean:          163.1136
epsilon:                   0.0500	grad_norm:                 0.3243	ices_int_critic_grad_norm:  0.0299	ices_int_critic_loss:      0.0070
ices_int_grad_norm:        2.7559	ices_int_loss:           -38.0595	ices_intrinsic_reward_mean:  0.4336	ices_world_grad_norm:     11.3054
ices_world_loss:          -5.4006	loss:                      0.0153	q_taken_mean:              0.8570	return_mean:              12.0114
return_std:                3.2904	target_mean:               0.8579	td_error_abs:              0.0753	test_battle_won_mean:      0.3063
test_dead_allies_mean:     1.5688	test_dead_enemies_mean:    3.5312	test_ep_length_mean:     219.1937	test_return_mean:         17.1496
test_return_std:           3.6110	
RequestQuit command received.
Closing Application...
DataHandler: unable to parse websocket frame.
CloseHandler: 127.0.0.1:55340 disconnected
[INFO 10:36:48] absl Shutdown gracefully.
[INFO 10:36:48] absl Shutdown with return code: -15
[INFO 10:36:48] absl Launching SC2: /labmount/users/202535331/MARL/pymarl-monotone-qmix/3rdparty/StarCraftII/Versions/Base75689/SC2_x64 -listen 127.0.0.1 -port 38023 -dataDir /labmount/users/202535331/MARL/pymarl-monotone-qmix/3rdparty/StarCraftII/ -tempDir /tmp/sc-kllspwyc/
[INFO 10:36:48] absl Connecting to: ws://127.0.0.1:38023/sc2api, attempt: 0, running: True
Version: B75689 (SC2.4.10)
Build: Aug 12 2019 17:16:57
Command Line: '"/labmount/users/202535331/MARL/pymarl-monotone-qmix/3rdparty/StarCraftII/Versions/Base75689/SC2_x64" -listen 127.0.0.1 -port 38023 -dataDir /labmount/users/202535331/MARL/pymarl-monotone-qmix/3rdparty/StarCraftII/ -tempDir /tmp/sc-kllspwyc/'
Starting up...
Startup Phase 1 complete
[INFO 10:36:49] absl Connecting to: ws://127.0.0.1:38023/sc2api, attempt: 1, running: True
Startup Phase 2 complete
Creating stub renderer...
Listening on: 127.0.0.1:38023
Startup Phase 3 complete. Ready for commands.
[INFO 10:36:50] absl Connecting to: ws://127.0.0.1:38023/sc2api, attempt: 2, running: True
ConnectHandler: Request from 127.0.0.1:39898 accepted
ReadyHandler: 127.0.0.1:39898 ready
Requesting to join a single player game
Configuring interface options
Configure: raw interface enabled
Configure: feature layer interface disabled
Configure: score interface disabled
Configure: render interface disabled
Launching next game.
Next launch phase started: 2
Next launch phase started: 3
Next launch phase started: 4
Next launch phase started: 5
Next launch phase started: 6
Next launch phase started: 7
Next launch phase started: 8
Game has started.
Using default stable ids, none found at: /labmount/users/202535331/MARL/pymarl-monotone-qmix/3rdparty/StarCraftII/stableid.json
Successfully loaded stable ids: GameData\stableid.json
Sending ResponseJoinGame
[INFO 10:37:39] my_main t_env: 1007896 / 2050000
[INFO 10:37:39] my_main Estimated time left: 2 hours, 29 minutes, 26 seconds. Time passed: 2 hours, 17 minutes, 56 seconds
[INFO 10:38:04] my_main Recent Stats | t_env:    1007896 | Episode:    11348
battle_won_mean:           0.0336	dead_allies_mean:          2.6575	dead_enemies_mean:         1.6802	ep_length_mean:          166.2177
epsilon:                   0.0500	grad_norm:                 0.3179	ices_int_critic_grad_norm:  0.0286	ices_int_critic_loss:      0.0076
ices_int_grad_norm:        2.9140	ices_int_loss:           -41.3770	ices_intrinsic_reward_mean:  0.4412	ices_world_grad_norm:     11.2479
ices_world_loss:          -5.3786	loss:                      0.0161	q_taken_mean:              0.8613	return_mean:              12.3609
return_std:                3.3105	target_mean:               0.8576	td_error_abs:              0.0764	test_battle_won_mean:      0.3500
test_dead_allies_mean:     1.6500	test_dead_enemies_mean:    3.6250	test_ep_length_mean:     216.6438	test_return_mean:         17.6388
test_return_std:           3.4140	
[INFO 10:38:55] my_main Updated target network
[INFO 10:39:00] my_main t_env: 1018039 / 2050000
[INFO 10:39:00] my_main Estimated time left: 2 hours, 18 minutes, 1 seconds. Time passed: 2 hours, 19 minutes, 18 seconds
[INFO 10:39:26] my_main Recent Stats | t_env:    1018039 | Episode:    11405
battle_won_mean:           0.0340	dead_allies_mean:          2.6249	dead_enemies_mean:         1.7011	ep_length_mean:          170.4072
epsilon:                   0.0500	grad_norm:                 0.3422	ices_int_critic_grad_norm:  0.0247	ices_int_critic_loss:      0.0079
ices_int_grad_norm:        2.9210	ices_int_loss:           -45.2173	ices_intrinsic_reward_mean:  0.4459	ices_world_grad_norm:     10.6551
ices_world_loss:          -5.3574	loss:                      0.0154	q_taken_mean:              0.8564	return_mean:              12.5056
return_std:                3.3487	target_mean:               0.8538	td_error_abs:              0.0763	test_battle_won_mean:      0.3750
test_dead_allies_mean:     1.6687	test_dead_enemies_mean:    3.6750	test_ep_length_mean:     214.7063	test_return_mean:         17.9972
test_return_std:           3.2989	
[INFO 10:40:21] my_main t_env: 1028128 / 2050000
[INFO 10:40:21] my_main Estimated time left: 2 hours, 16 minutes, 40 seconds. Time passed: 2 hours, 20 minutes, 38 seconds
[INFO 10:40:46] my_main Recent Stats | t_env:    1028128 | Episode:    11462
battle_won_mean:           0.0314	dead_allies_mean:          2.6013	dead_enemies_mean:         1.7420	ep_length_mean:          174.7672
epsilon:                   0.0500	grad_norm:                 0.3958	ices_int_critic_grad_norm:  0.0293	ices_int_critic_loss:      0.0078
ices_int_grad_norm:        2.8463	ices_int_loss:           -51.3084	ices_intrinsic_reward_mean:  0.4461	ices_world_grad_norm:     10.6354
ices_world_loss:          -5.3843	loss:                      0.0147	q_taken_mean:              0.8450	return_mean:              12.8533
return_std:                3.3319	target_mean:               0.8465	td_error_abs:              0.0774	test_battle_won_mean:      0.4125
test_dead_allies_mean:     1.5875	test_dead_enemies_mean:    3.6562	test_ep_length_mean:     212.0563	test_return_mean:         18.2264
test_return_std:           3.4841	
[INFO 10:41:44] my_main t_env: 1038205 / 2050000
[INFO 10:41:44] my_main Estimated time left: 2 hours, 19 minutes, 8 seconds. Time passed: 2 hours, 22 minutes, 2 seconds
[INFO 10:42:09] my_main Recent Stats | t_env:    1038205 | Episode:    11529
battle_won_mean:           0.0282	dead_allies_mean:          2.6168	dead_enemies_mean:         1.7208	ep_length_mean:          173.0827
epsilon:                   0.0500	grad_norm:                 0.4392	ices_int_critic_grad_norm:  0.0337	ices_int_critic_loss:      0.0080
ices_int_grad_norm:        3.0092	ices_int_loss:           -43.8635	ices_intrinsic_reward_mean:  0.4470	ices_world_grad_norm:     10.4392
ices_world_loss:          -5.3988	loss:                      0.0156	q_taken_mean:              0.8239	return_mean:              12.7679
return_std:                3.2524	target_mean:               0.8322	td_error_abs:              0.0810	test_battle_won_mean:      0.3875
test_dead_allies_mean:     1.7125	test_dead_enemies_mean:    3.6125	test_ep_length_mean:     208.8125	test_return_mean:         17.9784
test_return_std:           3.6214	
RequestQuit command received.
Closing Application...
DataHandler: unable to parse websocket frame.
CloseHandler: 127.0.0.1:39898 disconnected
[INFO 10:42:10] absl Shutdown gracefully.
[INFO 10:42:10] absl Shutdown with return code: -15
[INFO 10:42:10] absl Launching SC2: /labmount/users/202535331/MARL/pymarl-monotone-qmix/3rdparty/StarCraftII/Versions/Base75689/SC2_x64 -listen 127.0.0.1 -port 41637 -dataDir /labmount/users/202535331/MARL/pymarl-monotone-qmix/3rdparty/StarCraftII/ -tempDir /tmp/sc-d7k0kq8_/
[INFO 10:42:10] absl Connecting to: ws://127.0.0.1:41637/sc2api, attempt: 0, running: True
Version: B75689 (SC2.4.10)
Build: Aug 12 2019 17:16:57
Command Line: '"/labmount/users/202535331/MARL/pymarl-monotone-qmix/3rdparty/StarCraftII/Versions/Base75689/SC2_x64" -listen 127.0.0.1 -port 41637 -dataDir /labmount/users/202535331/MARL/pymarl-monotone-qmix/3rdparty/StarCraftII/ -tempDir /tmp/sc-d7k0kq8_/'
Starting up...
Startup Phase 1 complete
[INFO 10:42:11] absl Connecting to: ws://127.0.0.1:41637/sc2api, attempt: 1, running: True
Startup Phase 2 complete
Creating stub renderer...
Listening on: 127.0.0.1:41637
Startup Phase 3 complete. Ready for commands.
[INFO 10:42:12] absl Connecting to: ws://127.0.0.1:41637/sc2api, attempt: 2, running: True
ConnectHandler: Request from 127.0.0.1:58836 accepted
ReadyHandler: 127.0.0.1:58836 ready
Requesting to join a single player game
Configuring interface options
Configure: raw interface enabled
Configure: feature layer interface disabled
Configure: score interface disabled
Configure: render interface disabled
Launching next game.
Next launch phase started: 2
Next launch phase started: 3
Next launch phase started: 4
Next launch phase started: 5
Next launch phase started: 6
Next launch phase started: 7
Next launch phase started: 8
Game has started.
Using default stable ids, none found at: /labmount/users/202535331/MARL/pymarl-monotone-qmix/3rdparty/StarCraftII/stableid.json
Successfully loaded stable ids: GameData\stableid.json
Sending ResponseJoinGame
[INFO 10:43:14] my_main t_env: 1048286 / 2050000
[INFO 10:43:14] my_main Estimated time left: 2 hours, 28 minutes, 55 seconds. Time passed: 2 hours, 23 minutes, 32 seconds
[INFO 10:43:39] my_main Recent Stats | t_env:    1048286 | Episode:    11600
battle_won_mean:           0.0211	dead_allies_mean:          2.6526	dead_enemies_mean:         1.6360	ep_length_mean:          164.9585
epsilon:                   0.0500	grad_norm:                 0.5726	ices_int_critic_grad_norm:  0.0349	ices_int_critic_loss:      0.0082
ices_int_grad_norm:        3.1583	ices_int_loss:           -41.0781	ices_intrinsic_reward_mean:  0.4491	ices_world_grad_norm:     10.1232
ices_world_loss:          -5.3949	loss:                      0.0175	q_taken_mean:              0.8357	return_mean:              12.4858
return_std:                3.2761	target_mean:               0.8364	td_error_abs:              0.0894	test_battle_won_mean:      0.4188
test_dead_allies_mean:     1.7812	test_dead_enemies_mean:    3.7188	test_ep_length_mean:     207.7250	test_return_mean:         18.1395
test_return_std:           3.4711	
[INFO 10:43:39] my_main Updated target network
[INFO 10:44:35] my_main t_env: 1058320 / 2050000
[INFO 10:44:35] my_main Estimated time left: 2 hours, 13 minutes, 46 seconds. Time passed: 2 hours, 24 minutes, 53 seconds
[INFO 10:45:00] my_main Recent Stats | t_env:    1058320 | Episode:    11661
battle_won_mean:           0.0103	dead_allies_mean:          2.6843	dead_enemies_mean:         1.5671	ep_length_mean:          162.3656
epsilon:                   0.0500	grad_norm:                 0.5798	ices_int_critic_grad_norm:  0.0386	ices_int_critic_loss:      0.0082
ices_int_grad_norm:        2.9454	ices_int_loss:           -40.4879	ices_intrinsic_reward_mean:  0.4536	ices_world_grad_norm:      9.9733
ices_world_loss:          -5.3869	loss:                      0.0164	q_taken_mean:              0.8442	return_mean:              12.3077
return_std:                3.2094	target_mean:               0.8501	td_error_abs:              0.0893	test_battle_won_mean:      0.4062
test_dead_allies_mean:     1.8687	test_dead_enemies_mean:    3.6500	test_ep_length_mean:     205.9187	test_return_mean:         18.0766
test_return_std:           3.5158	
[INFO 10:45:57] my_main t_env: 1068526 / 2050000
[INFO 10:45:57] my_main Estimated time left: 2 hours, 10 minutes, 6 seconds. Time passed: 2 hours, 26 minutes, 14 seconds
[INFO 10:46:20] my_main Recent Stats | t_env:    1068526 | Episode:    11721
battle_won_mean:           0.0068	dead_allies_mean:          2.7226	dead_enemies_mean:         1.5405	ep_length_mean:          160.7961
epsilon:                   0.0500	grad_norm:                 0.7156	ices_int_critic_grad_norm:  0.0502	ices_int_critic_loss:      0.0082
ices_int_grad_norm:        2.9598	ices_int_loss:           -49.0974	ices_intrinsic_reward_mean:  0.4560	ices_world_grad_norm:     10.3329
ices_world_loss:          -5.3799	loss:                      0.0184	q_taken_mean:              0.8409	return_mean:              12.3578
return_std:                3.1838	target_mean:               0.8514	td_error_abs:              0.0984	test_battle_won_mean:      0.4250
test_dead_allies_mean:     1.8750	test_dead_enemies_mean:    3.6250	test_ep_length_mean:     202.2125	test_return_mean:         18.0133
test_return_std:           3.6650	
[INFO 10:47:17] my_main t_env: 1078653 / 2050000
[INFO 10:47:17] my_main Estimated time left: 2 hours, 8 minutes, 24 seconds. Time passed: 2 hours, 27 minutes, 34 seconds
RequestQuit command received.
Closing Application...
DataHandler: unable to parse websocket frame.
CloseHandler: 127.0.0.1:58836 disconnected
ResponseThread: No connection, dropping the response.
[INFO 10:47:39] absl Shutdown gracefully.
[INFO 10:47:39] absl Shutdown with return code: -15
[INFO 10:47:39] absl Launching SC2: /labmount/users/202535331/MARL/pymarl-monotone-qmix/3rdparty/StarCraftII/Versions/Base75689/SC2_x64 -listen 127.0.0.1 -port 38651 -dataDir /labmount/users/202535331/MARL/pymarl-monotone-qmix/3rdparty/StarCraftII/ -tempDir /tmp/sc-qmbay23h/
[INFO 10:47:39] absl Connecting to: ws://127.0.0.1:38651/sc2api, attempt: 0, running: True
Version: B75689 (SC2.4.10)
Build: Aug 12 2019 17:16:57
Command Line: '"/labmount/users/202535331/MARL/pymarl-monotone-qmix/3rdparty/StarCraftII/Versions/Base75689/SC2_x64" -listen 127.0.0.1 -port 38651 -dataDir /labmount/users/202535331/MARL/pymarl-monotone-qmix/3rdparty/StarCraftII/ -tempDir /tmp/sc-qmbay23h/'
Starting up...
Startup Phase 1 complete
[INFO 10:47:40] absl Connecting to: ws://127.0.0.1:38651/sc2api, attempt: 1, running: True
Startup Phase 2 complete
Creating stub renderer...
Listening on: 127.0.0.1:38651
Startup Phase 3 complete. Ready for commands.
[INFO 10:47:41] absl Connecting to: ws://127.0.0.1:38651/sc2api, attempt: 2, running: True
ConnectHandler: Request from 127.0.0.1:45892 accepted
ReadyHandler: 127.0.0.1:45892 ready
Requesting to join a single player game
Configuring interface options
Configure: raw interface enabled
Configure: feature layer interface disabled
Configure: score interface disabled
Configure: render interface disabled
Launching next game.
Next launch phase started: 2
Next launch phase started: 3
Next launch phase started: 4
Next launch phase started: 5
Next launch phase started: 6
Next launch phase started: 7
Next launch phase started: 8
Game has started.
Using default stable ids, none found at: /labmount/users/202535331/MARL/pymarl-monotone-qmix/3rdparty/StarCraftII/stableid.json
Successfully loaded stable ids: GameData\stableid.json
Sending ResponseJoinGame
[INFO 10:47:47] my_main Recent Stats | t_env:    1078653 | Episode:    11782
battle_won_mean:           0.0066	dead_allies_mean:          2.7302	dead_enemies_mean:         1.5252	ep_length_mean:          158.5994
epsilon:                   0.0500	grad_norm:                 0.7388	ices_int_critic_grad_norm:  0.0459	ices_int_critic_loss:      0.0088
ices_int_grad_norm:        3.4139	ices_int_loss:           -51.5829	ices_intrinsic_reward_mean:  0.4638	ices_world_grad_norm:     10.3939
ices_world_loss:          -5.3596	loss:                      0.0185	q_taken_mean:              0.8403	return_mean:              12.2502
return_std:                3.2762	target_mean:               0.8515	td_error_abs:              0.1005	test_battle_won_mean:      0.4250
test_dead_allies_mean:     1.8438	test_dead_enemies_mean:    3.7250	test_ep_length_mean:     203.4000	test_return_mean:         18.1166
test_return_std:           3.5404	
[INFO 10:48:07] my_main Updated target network
[INFO 10:48:43] my_main t_env: 1088746 / 2050000
[INFO 10:48:43] my_main Estimated time left: 2 hours, 17 minutes, 23 seconds. Time passed: 2 hours, 29 minutes, 1 seconds
[INFO 10:49:06] my_main Recent Stats | t_env:    1088746 | Episode:    11840
battle_won_mean:           0.0169	dead_allies_mean:          2.6991	dead_enemies_mean:         1.6106	ep_length_mean:          163.3223
epsilon:                   0.0500	grad_norm:                 0.6448	ices_int_critic_grad_norm:  0.0360	ices_int_critic_loss:      0.0088
ices_int_grad_norm:        3.3541	ices_int_loss:           -55.8645	ices_intrinsic_reward_mean:  0.4652	ices_world_grad_norm:     10.7228
ices_world_loss:          -5.3985	loss:                      0.0172	q_taken_mean:              0.8439	return_mean:              12.5863
return_std:                3.4355	target_mean:               0.8517	td_error_abs:              0.0954	test_battle_won_mean:      0.4625
test_dead_allies_mean:     1.8250	test_dead_enemies_mean:    3.7375	test_ep_length_mean:     200.8313	test_return_mean:         18.4299
test_return_std:           3.6872	
[INFO 10:50:04] my_main t_env: 1098817 / 2050000
[INFO 10:50:04] my_main Estimated time left: 2 hours, 7 minutes, 7 seconds. Time passed: 2 hours, 30 minutes, 22 seconds
[INFO 10:50:29] my_main Recent Stats | t_env:    1098817 | Episode:    11904
battle_won_mean:           0.0263	dead_allies_mean:          2.7027	dead_enemies_mean:         1.6896	ep_length_mean:          166.3970
epsilon:                   0.0500	grad_norm:                 0.5131	ices_int_critic_grad_norm:  0.0369	ices_int_critic_loss:      0.0087
ices_int_grad_norm:        3.2901	ices_int_loss:           -63.3585	ices_intrinsic_reward_mean:  0.4709	ices_world_grad_norm:     11.1448
ices_world_loss:          -5.4004	loss:                      0.0164	q_taken_mean:              0.8375	return_mean:              12.7955
return_std:                3.5096	target_mean:               0.8531	td_error_abs:              0.0880	test_battle_won_mean:      0.4562
test_dead_allies_mean:     1.8250	test_dead_enemies_mean:    3.6500	test_ep_length_mean:     201.3125	test_return_mean:         18.5466
test_return_std:           3.7894	
[INFO 10:51:26] my_main t_env: 1108861 / 2050000
[INFO 10:51:26] my_main Estimated time left: 2 hours, 8 minutes, 28 seconds. Time passed: 2 hours, 31 minutes, 44 seconds
[INFO 10:51:53] my_main Recent Stats | t_env:    1108861 | Episode:    11967
battle_won_mean:           0.0262	dead_allies_mean:          2.7043	dead_enemies_mean:         1.6537	ep_length_mean:          165.3843
epsilon:                   0.0500	grad_norm:                 0.4577	ices_int_critic_grad_norm:  0.0333	ices_int_critic_loss:      0.0086
ices_int_grad_norm:        3.1821	ices_int_loss:           -67.3119	ices_intrinsic_reward_mean:  0.4697	ices_world_grad_norm:     11.4799
ices_world_loss:          -5.4330	loss:                      0.0157	q_taken_mean:              0.8180	return_mean:              12.8034
return_std:                3.6249	target_mean:               0.8320	td_error_abs:              0.0850	test_battle_won_mean:      0.4813
test_dead_allies_mean:     1.7750	test_dead_enemies_mean:    3.8000	test_ep_length_mean:     203.7625	test_return_mean:         19.0594
test_return_std:           3.4197	
[INFO 10:52:22] my_main Updated target network
[INFO 10:52:52] my_main t_env: 1119110 / 2050000
[INFO 10:52:52] my_main Estimated time left: 2 hours, 9 minutes, 13 seconds. Time passed: 2 hours, 33 minutes, 9 seconds
RequestQuit command received.
DataHandler: unable to parse websocket frame.
Closing Application...
CloseHandler: 127.0.0.1:45892 disconnected
ResponseThread: No connection, dropping the response.
[INFO 10:53:08] absl Shutdown gracefully.
[INFO 10:53:08] absl Shutdown with return code: -15
[INFO 10:53:08] absl Launching SC2: /labmount/users/202535331/MARL/pymarl-monotone-qmix/3rdparty/StarCraftII/Versions/Base75689/SC2_x64 -listen 127.0.0.1 -port 38423 -dataDir /labmount/users/202535331/MARL/pymarl-monotone-qmix/3rdparty/StarCraftII/ -tempDir /tmp/sc-iw_li8t8/
[INFO 10:53:08] absl Connecting to: ws://127.0.0.1:38423/sc2api, attempt: 0, running: True
Version: B75689 (SC2.4.10)
Build: Aug 12 2019 17:16:57
Command Line: '"/labmount/users/202535331/MARL/pymarl-monotone-qmix/3rdparty/StarCraftII/Versions/Base75689/SC2_x64" -listen 127.0.0.1 -port 38423 -dataDir /labmount/users/202535331/MARL/pymarl-monotone-qmix/3rdparty/StarCraftII/ -tempDir /tmp/sc-iw_li8t8/'
Starting up...
Startup Phase 1 complete
[INFO 10:53:09] absl Connecting to: ws://127.0.0.1:38423/sc2api, attempt: 1, running: True
Startup Phase 2 complete
Creating stub renderer...
Listening on: 127.0.0.1:38423
Startup Phase 3 complete. Ready for commands.
[INFO 10:53:10] absl Connecting to: ws://127.0.0.1:38423/sc2api, attempt: 2, running: True
ConnectHandler: Request from 127.0.0.1:35310 accepted
ReadyHandler: 127.0.0.1:35310 ready
Requesting to join a single player game
Configuring interface options
Configure: raw interface enabled
Configure: feature layer interface disabled
Configure: score interface disabled
Configure: render interface disabled
Launching next game.
Next launch phase started: 2
Next launch phase started: 3
Next launch phase started: 4
Next launch phase started: 5
Next launch phase started: 6
Next launch phase started: 7
Next launch phase started: 8
Game has started.
Using default stable ids, none found at: /labmount/users/202535331/MARL/pymarl-monotone-qmix/3rdparty/StarCraftII/stableid.json
Successfully loaded stable ids: GameData\stableid.json
Sending ResponseJoinGame
[INFO 10:53:24] my_main Recent Stats | t_env:    1119110 | Episode:    12032
battle_won_mean:           0.0293	dead_allies_mean:          2.6936	dead_enemies_mean:         1.6178	ep_length_mean:          162.8997
epsilon:                   0.0500	grad_norm:                 0.3105	ices_int_critic_grad_norm:  0.0203	ices_int_critic_loss:      0.0087
ices_int_grad_norm:        2.8871	ices_int_loss:           -61.7519	ices_intrinsic_reward_mean:  0.4739	ices_world_grad_norm:     11.6675
ices_world_loss:          -5.4653	loss:                      0.0140	q_taken_mean:              0.8168	return_mean:              12.7903
return_std:                3.7216	target_mean:               0.8263	td_error_abs:              0.0772	test_battle_won_mean:      0.4437
test_dead_allies_mean:     1.7625	test_dead_enemies_mean:    3.7750	test_ep_length_mean:     210.2438	test_return_mean:         19.3287
test_return_std:           3.2975	
[INFO 10:54:23] my_main t_env: 1129307 / 2050000
[INFO 10:54:23] my_main Estimated time left: 2 hours, 17 minutes, 53 seconds. Time passed: 2 hours, 34 minutes, 41 seconds
[INFO 10:54:48] my_main Recent Stats | t_env:    1129307 | Episode:    12100
battle_won_mean:           0.0289	dead_allies_mean:          2.7055	dead_enemies_mean:         1.5035	ep_length_mean:          159.6876
epsilon:                   0.0500	grad_norm:                 0.2017	ices_int_critic_grad_norm:  0.0182	ices_int_critic_loss:      0.0088
ices_int_grad_norm:        2.2560	ices_int_loss:           -61.9032	ices_intrinsic_reward_mean:  0.4775	ices_world_grad_norm:     11.2686
ices_world_loss:          -5.4888	loss:                      0.0133	q_taken_mean:              0.8211	return_mean:              12.6012
return_std:                3.7723	target_mean:               0.8270	td_error_abs:              0.0727	test_battle_won_mean:      0.4188
test_dead_allies_mean:     1.8188	test_dead_enemies_mean:    3.6625	test_ep_length_mean:     209.4437	test_return_mean:         19.2655
test_return_std:           3.4741	
[INFO 10:55:49] my_main t_env: 1139382 / 2050000
[INFO 10:55:49] my_main Estimated time left: 2 hours, 9 minutes, 9 seconds. Time passed: 2 hours, 36 minutes, 7 seconds
[INFO 10:56:14] my_main Recent Stats | t_env:    1139382 | Episode:    12174
battle_won_mean:           0.0213	dead_allies_mean:          2.7516	dead_enemies_mean:         1.3562	ep_length_mean:          152.1139
epsilon:                   0.0500	grad_norm:                 0.2987	ices_int_critic_grad_norm:  0.0317	ices_int_critic_loss:      0.0092
ices_int_grad_norm:        2.4143	ices_int_loss:           -70.3499	ices_intrinsic_reward_mean:  0.4848	ices_world_grad_norm:     11.4919
ices_world_loss:          -5.4837	loss:                      0.0143	q_taken_mean:              0.8259	return_mean:              12.2108
return_std:                3.6516	target_mean:               0.8345	td_error_abs:              0.0758	test_battle_won_mean:      0.3750
test_dead_allies_mean:     1.8000	test_dead_enemies_mean:    3.5063	test_ep_length_mean:     213.8938	test_return_mean:         19.2159
test_return_std:           3.4493	
[INFO 10:56:39] my_main Updated target network
[INFO 10:57:11] my_main t_env: 1149451 / 2050000
[INFO 10:57:11] my_main Estimated time left: 2 hours, 1 minutes, 40 seconds. Time passed: 2 hours, 37 minutes, 28 seconds
[INFO 10:57:35] my_main Recent Stats | t_env:    1149451 | Episode:    12235
battle_won_mean:           0.0119	dead_allies_mean:          2.7459	dead_enemies_mean:         1.3160	ep_length_mean:          153.6551
epsilon:                   0.0500	grad_norm:                 0.2966	ices_int_critic_grad_norm:  0.0253	ices_int_critic_loss:      0.0093
ices_int_grad_norm:        3.3720	ices_int_loss:           -66.6999	ices_intrinsic_reward_mean:  0.4901	ices_world_grad_norm:     11.1879
ices_world_loss:          -5.4748	loss:                      0.0147	q_taken_mean:              0.8266	return_mean:              12.2301
return_std:                3.5772	target_mean:               0.8355	td_error_abs:              0.0770	test_battle_won_mean:      0.3250
test_dead_allies_mean:     1.8438	test_dead_enemies_mean:    3.3438	test_ep_length_mean:     213.2063	test_return_mean:         19.0077
test_return_std:           3.7376	
[INFO 10:58:34] my_main t_env: 1159511 / 2050000
[INFO 10:58:34] my_main Estimated time left: 2 hours, 2 minutes, 37 seconds. Time passed: 2 hours, 38 minutes, 51 seconds
RequestQuit command received.
Closing Application...
DataHandler: unable to parse websocket frame.
CloseHandler: 127.0.0.1:35310 disconnected
[INFO 10:58:43] absl Shutdown gracefully.
[INFO 10:58:43] absl Shutdown with return code: -15
[INFO 10:58:43] absl Launching SC2: /labmount/users/202535331/MARL/pymarl-monotone-qmix/3rdparty/StarCraftII/Versions/Base75689/SC2_x64 -listen 127.0.0.1 -port 45793 -dataDir /labmount/users/202535331/MARL/pymarl-monotone-qmix/3rdparty/StarCraftII/ -tempDir /tmp/sc-4rpl3jbc/
[INFO 10:58:43] absl Connecting to: ws://127.0.0.1:45793/sc2api, attempt: 0, running: True
Version: B75689 (SC2.4.10)
Build: Aug 12 2019 17:16:57
Command Line: '"/labmount/users/202535331/MARL/pymarl-monotone-qmix/3rdparty/StarCraftII/Versions/Base75689/SC2_x64" -listen 127.0.0.1 -port 45793 -dataDir /labmount/users/202535331/MARL/pymarl-monotone-qmix/3rdparty/StarCraftII/ -tempDir /tmp/sc-4rpl3jbc/'
Starting up...
Startup Phase 1 complete
[INFO 10:58:44] absl Connecting to: ws://127.0.0.1:45793/sc2api, attempt: 1, running: True
Startup Phase 2 complete
Creating stub renderer...
Listening on: 127.0.0.1:45793
Startup Phase 3 complete. Ready for commands.
[INFO 10:58:45] absl Connecting to: ws://127.0.0.1:45793/sc2api, attempt: 2, running: True
ConnectHandler: Request from 127.0.0.1:53412 accepted
ReadyHandler: 127.0.0.1:53412 ready
Requesting to join a single player game
Configuring interface options
Configure: raw interface enabled
Configure: feature layer interface disabled
Configure: score interface disabled
Configure: render interface disabled
Launching next game.
Next launch phase started: 2
Next launch phase started: 3
Next launch phase started: 4
Next launch phase started: 5
Next launch phase started: 6
Next launch phase started: 7
Next launch phase started: 8
Game has started.
Using default stable ids, none found at: /labmount/users/202535331/MARL/pymarl-monotone-qmix/3rdparty/StarCraftII/stableid.json
Successfully loaded stable ids: GameData\stableid.json
Sending ResponseJoinGame
[INFO 10:59:03] my_main Recent Stats | t_env:    1159511 | Episode:    12302
battle_won_mean:           0.0177	dead_allies_mean:          2.7310	dead_enemies_mean:         1.3252	ep_length_mean:          151.7993
epsilon:                   0.0500	grad_norm:                 0.2817	ices_int_critic_grad_norm:  0.0345	ices_int_critic_loss:      0.0094
ices_int_grad_norm:        3.6724	ices_int_loss:           -62.5690	ices_intrinsic_reward_mean:  0.4937	ices_world_grad_norm:     11.2685
ices_world_loss:          -5.4960	loss:                      0.0151	q_taken_mean:              0.8293	return_mean:              12.0814
return_std:                3.6351	target_mean:               0.8376	td_error_abs:              0.0771	test_battle_won_mean:      0.2875
test_dead_allies_mean:     1.9125	test_dead_enemies_mean:    3.1125	test_ep_length_mean:     209.0125	test_return_mean:         18.4812
test_return_std:           4.3004	
[INFO 11:00:04] my_main t_env: 1169599 / 2050000
[INFO 11:00:04] my_main Estimated time left: 2 hours, 11 minutes, 34 seconds. Time passed: 2 hours, 40 minutes, 22 seconds
[INFO 11:00:29] my_main Recent Stats | t_env:    1169599 | Episode:    12376
battle_won_mean:           0.0146	dead_allies_mean:          2.7748	dead_enemies_mean:         1.2572	ep_length_mean:          147.5287
epsilon:                   0.0500	grad_norm:                 0.4165	ices_int_critic_grad_norm:  0.0360	ices_int_critic_loss:      0.0095
ices_int_grad_norm:        3.7185	ices_int_loss:           -66.2679	ices_intrinsic_reward_mean:  0.4978	ices_world_grad_norm:     10.6923
ices_world_loss:          -5.4963	loss:                      0.0171	q_taken_mean:              0.8352	return_mean:              11.8387
return_std:                3.5240	target_mean:               0.8372	td_error_abs:              0.0823	test_battle_won_mean:      0.2625
test_dead_allies_mean:     2.0000	test_dead_enemies_mean:    2.8813	test_ep_length_mean:     205.2312	test_return_mean:         17.9502
test_return_std:           4.6465	
[INFO 11:00:52] my_main Updated target network
[INFO 11:01:26] my_main t_env: 1179683 / 2050000
[INFO 11:01:26] my_main Estimated time left: 1 hours, 57 minutes, 47 seconds. Time passed: 2 hours, 41 minutes, 44 seconds
[INFO 11:01:51] my_main Recent Stats | t_env:    1179683 | Episode:    12438
battle_won_mean:           0.0149	dead_allies_mean:          2.7476	dead_enemies_mean:         1.2623	ep_length_mean:          150.0666
epsilon:                   0.0500	grad_norm:                 0.4253	ices_int_critic_grad_norm:  0.0365	ices_int_critic_loss:      0.0095
ices_int_grad_norm:        3.6399	ices_int_loss:           -66.7414	ices_intrinsic_reward_mean:  0.5013	ices_world_grad_norm:     10.9158
ices_world_loss:          -5.4980	loss:                      0.0172	q_taken_mean:              0.8318	return_mean:              11.8428
return_std:                3.4593	target_mean:               0.8345	td_error_abs:              0.0833	test_battle_won_mean:      0.2750
test_dead_allies_mean:     2.0250	test_dead_enemies_mean:    2.8875	test_ep_length_mean:     205.7375	test_return_mean:         18.0590
test_return_std:           4.6375	
[INFO 11:02:48] my_main t_env: 1189759 / 2050000
[INFO 11:02:48] my_main Estimated time left: 1 hours, 56 minutes, 33 seconds. Time passed: 2 hours, 43 minutes, 6 seconds
[INFO 11:03:12] my_main Recent Stats | t_env:    1189759 | Episode:    12502
battle_won_mean:           0.0153	dead_allies_mean:          2.7274	dead_enemies_mean:         1.2844	ep_length_mean:          154.3244
epsilon:                   0.0500	grad_norm:                 0.3521	ices_int_critic_grad_norm:  0.0332	ices_int_critic_loss:      0.0094
ices_int_grad_norm:        3.5534	ices_int_loss:           -70.1867	ices_intrinsic_reward_mean:  0.5023	ices_world_grad_norm:     10.6816
ices_world_loss:          -5.5160	loss:                      0.0169	q_taken_mean:              0.8453	return_mean:              12.0043
return_std:                3.5502	target_mean:               0.8413	td_error_abs:              0.0814	test_battle_won_mean:      0.3063
test_dead_allies_mean:     2.0187	test_dead_enemies_mean:    2.9250	test_ep_length_mean:     202.8938	test_return_mean:         17.9750
test_return_std:           4.9655	
[INFO 11:04:14] my_main t_env: 1199998 / 2050000
[INFO 11:04:14] my_main Estimated time left: 1 hours, 58 minutes, 21 seconds. Time passed: 2 hours, 44 minutes, 31 seconds
RequestQuit command received.
Closing Application...
DataHandler: unable to parse websocket frame.
CloseHandler: 127.0.0.1:53412 disconnected
[INFO 11:04:19] absl Shutdown gracefully.
[INFO 11:04:19] absl Shutdown with return code: -15
[INFO 11:04:19] absl Launching SC2: /labmount/users/202535331/MARL/pymarl-monotone-qmix/3rdparty/StarCraftII/Versions/Base75689/SC2_x64 -listen 127.0.0.1 -port 39511 -dataDir /labmount/users/202535331/MARL/pymarl-monotone-qmix/3rdparty/StarCraftII/ -tempDir /tmp/sc-s218n9_i/
[INFO 11:04:19] absl Connecting to: ws://127.0.0.1:39511/sc2api, attempt: 0, running: True
Version: B75689 (SC2.4.10)
Build: Aug 12 2019 17:16:57
Command Line: '"/labmount/users/202535331/MARL/pymarl-monotone-qmix/3rdparty/StarCraftII/Versions/Base75689/SC2_x64" -listen 127.0.0.1 -port 39511 -dataDir /labmount/users/202535331/MARL/pymarl-monotone-qmix/3rdparty/StarCraftII/ -tempDir /tmp/sc-s218n9_i/'
Starting up...
Startup Phase 1 complete
[INFO 11:04:20] absl Connecting to: ws://127.0.0.1:39511/sc2api, attempt: 1, running: True
Startup Phase 2 complete
Creating stub renderer...
Listening on: 127.0.0.1:39511
Startup Phase 3 complete. Ready for commands.
[INFO 11:04:21] absl Connecting to: ws://127.0.0.1:39511/sc2api, attempt: 2, running: True
ConnectHandler: Request from 127.0.0.1:37710 accepted
ReadyHandler: 127.0.0.1:37710 ready
Requesting to join a single player game
Configuring interface options
Configure: raw interface enabled
Configure: feature layer interface disabled
Configure: score interface disabled
Configure: render interface disabled
Launching next game.
Next launch phase started: 2
Next launch phase started: 3
Next launch phase started: 4
Next launch phase started: 5
Next launch phase started: 6
Next launch phase started: 7
Next launch phase started: 8
Game has started.
Using default stable ids, none found at: /labmount/users/202535331/MARL/pymarl-monotone-qmix/3rdparty/StarCraftII/stableid.json
Successfully loaded stable ids: GameData\stableid.json
Sending ResponseJoinGame
[INFO 11:04:43] my_main Recent Stats | t_env:    1199998 | Episode:    12576
battle_won_mean:           0.0207	dead_allies_mean:          2.7399	dead_enemies_mean:         1.2522	ep_length_mean:          148.9842
epsilon:                   0.0500	grad_norm:                 0.4391	ices_int_critic_grad_norm:  0.0272	ices_int_critic_loss:      0.0097
ices_int_grad_norm:        2.6553	ices_int_loss:           -82.9955	ices_intrinsic_reward_mean:  0.5049	ices_world_grad_norm:     10.6574
ices_world_loss:          -5.5600	loss:                      0.0165	q_taken_mean:              0.8600	return_mean:              11.8841
return_std:                3.5950	target_mean:               0.8499	td_error_abs:              0.0836	test_battle_won_mean:      0.3563
test_dead_allies_mean:     1.9750	test_dead_enemies_mean:    3.0750	test_ep_length_mean:     201.1375	test_return_mean:         18.0540
test_return_std:           4.9584	
[INFO 11:05:04] my_main Updated target network
[INFO 11:05:45] my_main t_env: 1210115 / 2050000
[INFO 11:05:45] my_main Estimated time left: 2 hours, 5 minutes, 40 seconds. Time passed: 2 hours, 46 minutes, 2 seconds
[INFO 11:06:09] my_main Recent Stats | t_env:    1210115 | Episode:    12651
battle_won_mean:           0.0198	dead_allies_mean:          2.7682	dead_enemies_mean:         1.1958	ep_length_mean:          145.9330
epsilon:                   0.0500	grad_norm:                 0.3632	ices_int_critic_grad_norm:  0.0279	ices_int_critic_loss:      0.0103
ices_int_grad_norm:        2.6168	ices_int_loss:           -82.7362	ices_intrinsic_reward_mean:  0.5074	ices_world_grad_norm:     10.5655
ices_world_loss:          -5.5802	loss:                      0.0160	q_taken_mean:              0.8678	return_mean:              11.7850
return_std:                3.6111	target_mean:               0.8597	td_error_abs:              0.0809	test_battle_won_mean:      0.3563
test_dead_allies_mean:     1.9563	test_dead_enemies_mean:    3.0500	test_ep_length_mean:     202.9750	test_return_mean:         18.1081
test_return_std:           5.0829	
[INFO 11:07:10] my_main t_env: 1220177 / 2050000
[INFO 11:07:10] my_main Estimated time left: 1 hours, 57 minutes, 27 seconds. Time passed: 2 hours, 47 minutes, 27 seconds
[INFO 11:07:33] my_main Recent Stats | t_env:    1220177 | Episode:    12724
battle_won_mean:           0.0225	dead_allies_mean:          2.7678	dead_enemies_mean:         1.2205	ep_length_mean:          146.2353
epsilon:                   0.0500	grad_norm:                 0.4707	ices_int_critic_grad_norm:  0.0333	ices_int_critic_loss:      0.0102
ices_int_grad_norm:        3.6051	ices_int_loss:           -79.1982	ices_intrinsic_reward_mean:  0.5083	ices_world_grad_norm:     10.2812
ices_world_loss:          -5.5867	loss:                      0.0165	q_taken_mean:              0.8833	return_mean:              11.8531
return_std:                3.7208	target_mean:               0.8778	td_error_abs:              0.0836	test_battle_won_mean:      0.3750
test_dead_allies_mean:     1.9250	test_dead_enemies_mean:    3.1250	test_ep_length_mean:     201.2188	test_return_mean:         18.1897
test_return_std:           5.0731	
[INFO 11:08:31] my_main t_env: 1230199 / 2050000
[INFO 11:08:31] my_main Estimated time left: 1 hours, 50 minutes, 37 seconds. Time passed: 2 hours, 48 minutes, 49 seconds
[INFO 11:08:56] my_main Recent Stats | t_env:    1230199 | Episode:    12789
battle_won_mean:           0.0193	dead_allies_mean:          2.7959	dead_enemies_mean:         1.2393	ep_length_mean:          144.5432
epsilon:                   0.0500	grad_norm:                 0.5092	ices_int_critic_grad_norm:  0.0236	ices_int_critic_loss:      0.0102
ices_int_grad_norm:        3.2400	ices_int_loss:           -73.1041	ices_intrinsic_reward_mean:  0.5124	ices_world_grad_norm:      9.8819
ices_world_loss:          -5.5856	loss:                      0.0170	q_taken_mean:              0.8919	return_mean:              11.9809
return_std:                3.7752	target_mean:               0.8856	td_error_abs:              0.0850	test_battle_won_mean:      0.3937
test_dead_allies_mean:     1.8813	test_dead_enemies_mean:    3.1938	test_ep_length_mean:     201.7188	test_return_mean:         18.3729
test_return_std:           5.0630	
[INFO 11:09:08] my_main Updated target network
[INFO 11:09:55] my_main t_env: 1240362 / 2050000
[INFO 11:09:55] my_main Estimated time left: 1 hours, 51 minutes, 24 seconds. Time passed: 2 hours, 50 minutes, 12 seconds
RequestQuit command received.
DataHandler: unable to parse websocket frame.
Closing Application...
CloseHandler: 127.0.0.1:37710 disconnected
ResponseThread: No connection, dropping the response.
[INFO 11:09:57] absl Shutdown gracefully.
[INFO 11:09:57] absl Shutdown with return code: -15
[INFO 11:09:57] absl Launching SC2: /labmount/users/202535331/MARL/pymarl-monotone-qmix/3rdparty/StarCraftII/Versions/Base75689/SC2_x64 -listen 127.0.0.1 -port 36831 -dataDir /labmount/users/202535331/MARL/pymarl-monotone-qmix/3rdparty/StarCraftII/ -tempDir /tmp/sc-8pivtmsq/
[INFO 11:09:57] absl Connecting to: ws://127.0.0.1:36831/sc2api, attempt: 0, running: True
Version: B75689 (SC2.4.10)
Build: Aug 12 2019 17:16:57
Command Line: '"/labmount/users/202535331/MARL/pymarl-monotone-qmix/3rdparty/StarCraftII/Versions/Base75689/SC2_x64" -listen 127.0.0.1 -port 36831 -dataDir /labmount/users/202535331/MARL/pymarl-monotone-qmix/3rdparty/StarCraftII/ -tempDir /tmp/sc-8pivtmsq/'
Starting up...
Startup Phase 1 complete
[INFO 11:09:58] absl Connecting to: ws://127.0.0.1:36831/sc2api, attempt: 1, running: True
Startup Phase 2 complete
Creating stub renderer...
Listening on: 127.0.0.1:36831
Startup Phase 3 complete. Ready for commands.
[INFO 11:09:59] absl Connecting to: ws://127.0.0.1:36831/sc2api, attempt: 2, running: True
ConnectHandler: Request from 127.0.0.1:38428 accepted
ReadyHandler: 127.0.0.1:38428 ready
Requesting to join a single player game
Configuring interface options
Configure: raw interface enabled
Configure: feature layer interface disabled
Configure: score interface disabled
Configure: render interface disabled
Launching next game.
Next launch phase started: 2
Next launch phase started: 3
Next launch phase started: 4
Next launch phase started: 5
Next launch phase started: 6
Next launch phase started: 7
Next launch phase started: 8
Game has started.
Using default stable ids, none found at: /labmount/users/202535331/MARL/pymarl-monotone-qmix/3rdparty/StarCraftII/stableid.json
Successfully loaded stable ids: GameData\stableid.json
Sending ResponseJoinGame
[INFO 11:10:23] my_main Recent Stats | t_env:    1240362 | Episode:    12854
battle_won_mean:           0.0192	dead_allies_mean:          2.7905	dead_enemies_mean:         1.2663	ep_length_mean:          144.3265
epsilon:                   0.0500	grad_norm:                 0.5829	ices_int_critic_grad_norm:  0.0215	ices_int_critic_loss:      0.0105
ices_int_grad_norm:        3.0007	ices_int_loss:           -69.9344	ices_intrinsic_reward_mean:  0.5157	ices_world_grad_norm:     10.1968
ices_world_loss:          -5.5896	loss:                      0.0187	q_taken_mean:              0.8960	return_mean:              12.1285
return_std:                3.7724	target_mean:               0.8998	td_error_abs:              0.0905	test_battle_won_mean:      0.3812
test_dead_allies_mean:     1.8687	test_dead_enemies_mean:    3.1875	test_ep_length_mean:     199.7438	test_return_mean:         18.3638
test_return_std:           4.8721	
[INFO 11:11:20] my_main t_env: 1250443 / 2050000
[INFO 11:11:20] my_main Estimated time left: 1 hours, 52 minutes, 28 seconds. Time passed: 2 hours, 51 minutes, 38 seconds
[INFO 11:11:45] my_main Recent Stats | t_env:    1250443 | Episode:    12914
battle_won_mean:           0.0205	dead_allies_mean:          2.7604	dead_enemies_mean:         1.3498	ep_length_mean:          150.2568
epsilon:                   0.0500	grad_norm:                 0.6957	ices_int_critic_grad_norm:  0.0244	ices_int_critic_loss:      0.0104
ices_int_grad_norm:        2.9447	ices_int_loss:           -71.3865	ices_intrinsic_reward_mean:  0.5209	ices_world_grad_norm:      9.7199
ices_world_loss:          -5.5701	loss:                      0.0201	q_taken_mean:              0.9106	return_mean:              12.3562
return_std:                3.8757	target_mean:               0.9170	td_error_abs:              0.0949	test_battle_won_mean:      0.3625
test_dead_allies_mean:     1.8687	test_dead_enemies_mean:    3.0562	test_ep_length_mean:     201.2438	test_return_mean:         18.1329
test_return_std:           4.9262	
[INFO 11:12:41] my_main t_env: 1260538 / 2050000
[INFO 11:12:41] my_main Estimated time left: 1 hours, 45 minutes, 45 seconds. Time passed: 2 hours, 52 minutes, 59 seconds
[INFO 11:13:07] my_main Recent Stats | t_env:    1260538 | Episode:    12974
battle_won_mean:           0.0258	dead_allies_mean:          2.7177	dead_enemies_mean:         1.4751	ep_length_mean:          156.9281
epsilon:                   0.0500	grad_norm:                 0.7021	ices_int_critic_grad_norm:  0.0238	ices_int_critic_loss:      0.0102
ices_int_grad_norm:        2.8666	ices_int_loss:           -70.6046	ices_intrinsic_reward_mean:  0.5218	ices_world_grad_norm:      9.5069
ices_world_loss:          -5.5846	loss:                      0.0192	q_taken_mean:              0.9127	return_mean:              12.6312
return_std:                3.8721	target_mean:               0.9189	td_error_abs:              0.0935	test_battle_won_mean:      0.4000
test_dead_allies_mean:     1.8062	test_dead_enemies_mean:    3.2563	test_ep_length_mean:     201.6438	test_return_mean:         18.5804
test_return_std:           4.5896	
[INFO 11:13:34] my_main Updated target network
[INFO 11:14:05] my_main t_env: 1270712 / 2050000
[INFO 11:14:05] my_main Estimated time left: 1 hours, 46 minutes, 23 seconds. Time passed: 2 hours, 54 minutes, 22 seconds
[INFO 11:14:28] my_main Recent Stats | t_env:    1270712 | Episode:    13036
battle_won_mean:           0.0328	dead_allies_mean:          2.6774	dead_enemies_mean:         1.5703	ep_length_mean:          162.1804
epsilon:                   0.0500	grad_norm:                 0.6206	ices_int_critic_grad_norm:  0.0281	ices_int_critic_loss:      0.0106
ices_int_grad_norm:        2.1698	ices_int_loss:           -84.7907	ices_intrinsic_reward_mean:  0.5259	ices_world_grad_norm:      9.6170
ices_world_loss:          -5.5810	loss:                      0.0199	q_taken_mean:              0.9193	return_mean:              12.9333
return_std:                3.8794	target_mean:               0.9237	td_error_abs:              0.0915	test_battle_won_mean:      0.4062
test_dead_allies_mean:     1.8062	test_dead_enemies_mean:    3.3250	test_ep_length_mean:     201.3250	test_return_mean:         18.7241
test_return_std:           4.6780	
[INFO 11:15:26] my_main t_env: 1280747 / 2050000
[INFO 11:15:26] my_main Estimated time left: 1 hours, 43 minutes, 56 seconds. Time passed: 2 hours, 55 minutes, 43 seconds
RequestQuit command received.
DataHandler: unable to parse websocket frame.
CloseHandler: 127.0.0.1:38428 disconnected
Closing Application...
ResponseThread: No connection, dropping the response.
[INFO 11:15:27] absl Shutdown gracefully.
[INFO 11:15:27] absl Shutdown with return code: -15
[INFO 11:15:27] absl Launching SC2: /labmount/users/202535331/MARL/pymarl-monotone-qmix/3rdparty/StarCraftII/Versions/Base75689/SC2_x64 -listen 127.0.0.1 -port 34719 -dataDir /labmount/users/202535331/MARL/pymarl-monotone-qmix/3rdparty/StarCraftII/ -tempDir /tmp/sc-81uac7su/
[INFO 11:15:27] absl Connecting to: ws://127.0.0.1:34719/sc2api, attempt: 0, running: True
Version: B75689 (SC2.4.10)
Build: Aug 12 2019 17:16:57
Command Line: '"/labmount/users/202535331/MARL/pymarl-monotone-qmix/3rdparty/StarCraftII/Versions/Base75689/SC2_x64" -listen 127.0.0.1 -port 34719 -dataDir /labmount/users/202535331/MARL/pymarl-monotone-qmix/3rdparty/StarCraftII/ -tempDir /tmp/sc-81uac7su/'
Starting up...
Startup Phase 1 complete
[INFO 11:15:28] absl Connecting to: ws://127.0.0.1:34719/sc2api, attempt: 1, running: True
Startup Phase 2 complete
Creating stub renderer...
Listening on: 127.0.0.1:34719
Startup Phase 3 complete. Ready for commands.
[INFO 11:15:29] absl Connecting to: ws://127.0.0.1:34719/sc2api, attempt: 2, running: True
ConnectHandler: Request from 127.0.0.1:37020 accepted
ReadyHandler: 127.0.0.1:37020 ready
Requesting to join a single player game
Configuring interface options
Configure: raw interface enabled
Configure: feature layer interface disabled
Configure: score interface disabled
Configure: render interface disabled
Launching next game.
Next launch phase started: 2
Next launch phase started: 3
Next launch phase started: 4
Next launch phase started: 5
Next launch phase started: 6
Next launch phase started: 7
Next launch phase started: 8
Game has started.
Using default stable ids, none found at: /labmount/users/202535331/MARL/pymarl-monotone-qmix/3rdparty/StarCraftII/stableid.json
Successfully loaded stable ids: GameData\stableid.json
Sending ResponseJoinGame
[INFO 11:15:53] my_main Recent Stats | t_env:    1280747 | Episode:    13100
battle_won_mean:           0.0359	dead_allies_mean:          2.6673	dead_enemies_mean:         1.5777	ep_length_mean:          162.7028
epsilon:                   0.0500	grad_norm:                 0.5839	ices_int_critic_grad_norm:  0.0264	ices_int_critic_loss:      0.0106
ices_int_grad_norm:        2.1158	ices_int_loss:           -85.9802	ices_intrinsic_reward_mean:  0.5270	ices_world_grad_norm:     10.0488
ices_world_loss:          -5.6129	loss:                      0.0194	q_taken_mean:              0.9077	return_mean:              12.9127
return_std:                3.8857	target_mean:               0.9174	td_error_abs:              0.0895	test_battle_won_mean:      0.4000
test_dead_allies_mean:     1.8125	test_dead_enemies_mean:    3.2125	test_ep_length_mean:     194.3688	test_return_mean:         18.2282
test_return_std:           4.9962	
[INFO 11:16:49] my_main t_env: 1290914 / 2050000
[INFO 11:16:49] my_main Estimated time left: 1 hours, 43 minutes, 23 seconds. Time passed: 2 hours, 57 minutes, 6 seconds
[INFO 11:17:13] my_main Recent Stats | t_env:    1290914 | Episode:    13159
battle_won_mean:           0.0396	dead_allies_mean:          2.6481	dead_enemies_mean:         1.6256	ep_length_mean:          165.8965
epsilon:                   0.0500	grad_norm:                 0.4261	ices_int_critic_grad_norm:  0.0273	ices_int_critic_loss:      0.0107
ices_int_grad_norm:        2.2369	ices_int_loss:           -88.4256	ices_intrinsic_reward_mean:  0.5336	ices_world_grad_norm:      9.4677
ices_world_loss:          -5.5989	loss:                      0.0169	q_taken_mean:              0.9203	return_mean:              12.9030
return_std:                3.8965	target_mean:               0.9223	td_error_abs:              0.0811	test_battle_won_mean:      0.4250
test_dead_allies_mean:     1.7812	test_dead_enemies_mean:    3.3188	test_ep_length_mean:     197.4563	test_return_mean:         18.5335
test_return_std:           4.7896	
[INFO 11:17:51] my_main Updated target network
[INFO 11:18:11] my_main t_env: 1300918 / 2050000
[INFO 11:18:11] my_main Estimated time left: 1 hours, 42 minutes, 12 seconds. Time passed: 2 hours, 58 minutes, 28 seconds
[INFO 11:18:34] my_main Recent Stats | t_env:    1300918 | Episode:    13223
battle_won_mean:           0.0423	dead_allies_mean:          2.6527	dead_enemies_mean:         1.6114	ep_length_mean:          163.5556
epsilon:                   0.0500	grad_norm:                 0.3224	ices_int_critic_grad_norm:  0.0360	ices_int_critic_loss:      0.0108
ices_int_grad_norm:        2.6349	ices_int_loss:           -91.1253	ices_intrinsic_reward_mean:  0.5334	ices_world_grad_norm:      9.4877
ices_world_loss:          -5.6297	loss:                      0.0167	q_taken_mean:              0.9200	return_mean:              12.9630
return_std:                3.9461	target_mean:               0.9178	td_error_abs:              0.0782	test_battle_won_mean:      0.4125
test_dead_allies_mean:     1.8188	test_dead_enemies_mean:    3.2750	test_ep_length_mean:     196.3187	test_return_mean:         18.5256
test_return_std:           4.9814	
[INFO 11:19:31] my_main t_env: 1311020 / 2050000
[INFO 11:19:31] my_main Estimated time left: 1 hours, 37 minutes, 45 seconds. Time passed: 2 hours, 59 minutes, 49 seconds
[INFO 11:19:55] my_main Recent Stats | t_env:    1311020 | Episode:    13283
battle_won_mean:           0.0390	dead_allies_mean:          2.6593	dead_enemies_mean:         1.6481	ep_length_mean:          163.5790
epsilon:                   0.0500	grad_norm:                 0.2893	ices_int_critic_grad_norm:  0.0386	ices_int_critic_loss:      0.0109
ices_int_grad_norm:        2.6983	ices_int_loss:           -92.0090	ices_intrinsic_reward_mean:  0.5392	ices_world_grad_norm:      9.7706
ices_world_loss:          -5.6221	loss:                      0.0167	q_taken_mean:              0.9199	return_mean:              13.1248
return_std:                3.8757	target_mean:               0.9228	td_error_abs:              0.0775	test_battle_won_mean:      0.4250
test_dead_allies_mean:     1.7937	test_dead_enemies_mean:    3.3062	test_ep_length_mean:     194.5188	test_return_mean:         18.4782
test_return_std:           5.0802	
[INFO 11:20:54] my_main t_env: 1321187 / 2050000
[INFO 11:20:54] my_main Estimated time left: 1 hours, 38 minutes, 48 seconds. Time passed: 3 hours, 1 minutes, 11 seconds
RequestQuit command received.
Closing Application...
DataHandler: unable to parse websocket frame.
CloseHandler: 127.0.0.1:37020 disconnected
[INFO 11:20:55] absl Shutdown gracefully.
[INFO 11:20:55] absl Shutdown with return code: -15
[INFO 11:20:55] absl Launching SC2: /labmount/users/202535331/MARL/pymarl-monotone-qmix/3rdparty/StarCraftII/Versions/Base75689/SC2_x64 -listen 127.0.0.1 -port 37761 -dataDir /labmount/users/202535331/MARL/pymarl-monotone-qmix/3rdparty/StarCraftII/ -tempDir /tmp/sc-bm8rilpo/
[INFO 11:20:55] absl Connecting to: ws://127.0.0.1:37761/sc2api, attempt: 0, running: True
Version: B75689 (SC2.4.10)
Build: Aug 12 2019 17:16:57
Command Line: '"/labmount/users/202535331/MARL/pymarl-monotone-qmix/3rdparty/StarCraftII/Versions/Base75689/SC2_x64" -listen 127.0.0.1 -port 37761 -dataDir /labmount/users/202535331/MARL/pymarl-monotone-qmix/3rdparty/StarCraftII/ -tempDir /tmp/sc-bm8rilpo/'
Starting up...
Startup Phase 1 complete
[INFO 11:20:56] absl Connecting to: ws://127.0.0.1:37761/sc2api, attempt: 1, running: True
Startup Phase 2 complete
Creating stub renderer...
Listening on: 127.0.0.1:37761
Startup Phase 3 complete. Ready for commands.
[INFO 11:20:57] absl Connecting to: ws://127.0.0.1:37761/sc2api, attempt: 2, running: True
ConnectHandler: Request from 127.0.0.1:32870 accepted
ReadyHandler: 127.0.0.1:32870 ready
Requesting to join a single player game
Configuring interface options
Configure: raw interface enabled
Configure: feature layer interface disabled
Configure: score interface disabled
Configure: render interface disabled
Launching next game.
Next launch phase started: 2
Next launch phase started: 3
Next launch phase started: 4
Next launch phase started: 5
Next launch phase started: 6
Next launch phase started: 7
Next launch phase started: 8
Game has started.
Using default stable ids, none found at: /labmount/users/202535331/MARL/pymarl-monotone-qmix/3rdparty/StarCraftII/stableid.json
Successfully loaded stable ids: GameData\stableid.json
Sending ResponseJoinGame
[INFO 11:21:24] my_main Recent Stats | t_env:    1321187 | Episode:    13348
battle_won_mean:           0.0385	dead_allies_mean:          2.6717	dead_enemies_mean:         1.6271	ep_length_mean:          162.0427
epsilon:                   0.0500	grad_norm:                 0.2590	ices_int_critic_grad_norm:  0.0324	ices_int_critic_loss:      0.0109
ices_int_grad_norm:        2.5865	ices_int_loss:           -80.4574	ices_intrinsic_reward_mean:  0.5392	ices_world_grad_norm:     10.8400
ices_world_loss:          -5.6780	loss:                      0.0159	q_taken_mean:              0.9116	return_mean:              13.0554
return_std:                3.9446	target_mean:               0.9129	td_error_abs:              0.0762	test_battle_won_mean:      0.4688
test_dead_allies_mean:     1.7063	test_dead_enemies_mean:    3.4500	test_ep_length_mean:     195.0062	test_return_mean:         18.8307
test_return_std:           4.6575	
[INFO 11:22:14] my_main Updated target network
[INFO 11:22:20] my_main t_env: 1331188 / 2050000
[INFO 11:22:20] my_main Estimated time left: 1 hours, 43 minutes, 34 seconds. Time passed: 3 hours, 2 minutes, 38 seconds
[INFO 11:22:46] my_main Recent Stats | t_env:    1331188 | Episode:    13408
battle_won_mean:           0.0387	dead_allies_mean:          2.6780	dead_enemies_mean:         1.6893	ep_length_mean:          164.0200
epsilon:                   0.0500	grad_norm:                 0.4002	ices_int_critic_grad_norm:  0.0353	ices_int_critic_loss:      0.0111
ices_int_grad_norm:        2.6570	ices_int_loss:           -77.6909	ices_intrinsic_reward_mean:  0.5466	ices_world_grad_norm:     10.3044
ices_world_loss:          -5.6728	loss:                      0.0180	q_taken_mean:              0.9088	return_mean:              13.1797
return_std:                3.9009	target_mean:               0.9147	td_error_abs:              0.0854	test_battle_won_mean:      0.4688
test_dead_allies_mean:     1.7000	test_dead_enemies_mean:    3.5625	test_ep_length_mean:     201.5750	test_return_mean:         19.3244
test_return_std:           4.1242	
[INFO 11:23:43] my_main t_env: 1341200 / 2050000
[INFO 11:23:43] my_main Estimated time left: 1 hours, 37 minutes, 48 seconds. Time passed: 3 hours, 4 minutes, 1 seconds
[INFO 11:24:08] my_main Recent Stats | t_env:    1341200 | Episode:    13470
battle_won_mean:           0.0448	dead_allies_mean:          2.6751	dead_enemies_mean:         1.7191	ep_length_mean:          161.8524
epsilon:                   0.0500	grad_norm:                 0.4514	ices_int_critic_grad_norm:  0.0394	ices_int_critic_loss:      0.0111
ices_int_grad_norm:        2.6498	ices_int_loss:           -72.8860	ices_intrinsic_reward_mean:  0.5487	ices_world_grad_norm:     10.2419
ices_world_loss:          -5.7007	loss:                      0.0193	q_taken_mean:              0.8941	return_mean:              13.3077
return_std:                4.0528	target_mean:               0.9054	td_error_abs:              0.0907	test_battle_won_mean:      0.5188
test_dead_allies_mean:     1.6062	test_dead_enemies_mean:    3.7000	test_ep_length_mean:     201.8812	test_return_mean:         19.7391
test_return_std:           3.8214	
[INFO 11:25:10] my_main t_env: 1351227 / 2050000
[INFO 11:25:10] my_main Estimated time left: 1 hours, 40 minutes, 57 seconds. Time passed: 3 hours, 5 minutes, 28 seconds
[INFO 11:25:32] my_main Recent Stats | t_env:    1351227 | Episode:    13545
battle_won_mean:           0.0408	dead_allies_mean:          2.7145	dead_enemies_mean:         1.6839	ep_length_mean:          157.3285
epsilon:                   0.0500	grad_norm:                 0.4332	ices_int_critic_grad_norm:  0.0304	ices_int_critic_loss:      0.0110
ices_int_grad_norm:        2.1657	ices_int_loss:           -70.9808	ices_intrinsic_reward_mean:  0.5563	ices_world_grad_norm:     10.1587
ices_world_loss:          -5.6969	loss:                      0.0191	q_taken_mean:              0.8913	return_mean:              13.0854
return_std:                3.9926	target_mean:               0.9031	td_error_abs:              0.0902	test_battle_won_mean:      0.6062
test_dead_allies_mean:     1.5188	test_dead_enemies_mean:    3.9813	test_ep_length_mean:     198.7312	test_return_mean:         20.4217
test_return_std:           3.5003	
[INFO 11:26:21] my_main Updated target network
[INFO 11:26:31] my_main t_env: 1361318 / 2050000
[INFO 11:26:31] my_main Estimated time left: 1 hours, 32 minutes, 22 seconds. Time passed: 3 hours, 6 minutes, 49 seconds
RequestQuit command received.
DataHandler: unable to parse websocket frame.
Closing Application...
CloseHandler: 127.0.0.1:32870 disconnected
ResponseThread: No connection, dropping the response.
[INFO 11:26:32] absl Shutdown gracefully.
[INFO 11:26:32] absl Shutdown with return code: -15
[INFO 11:26:32] absl Launching SC2: /labmount/users/202535331/MARL/pymarl-monotone-qmix/3rdparty/StarCraftII/Versions/Base75689/SC2_x64 -listen 127.0.0.1 -port 43921 -dataDir /labmount/users/202535331/MARL/pymarl-monotone-qmix/3rdparty/StarCraftII/ -tempDir /tmp/sc-9ht3lk9x/
[INFO 11:26:32] absl Connecting to: ws://127.0.0.1:43921/sc2api, attempt: 0, running: True
Version: B75689 (SC2.4.10)
Build: Aug 12 2019 17:16:57
Command Line: '"/labmount/users/202535331/MARL/pymarl-monotone-qmix/3rdparty/StarCraftII/Versions/Base75689/SC2_x64" -listen 127.0.0.1 -port 43921 -dataDir /labmount/users/202535331/MARL/pymarl-monotone-qmix/3rdparty/StarCraftII/ -tempDir /tmp/sc-9ht3lk9x/'
Starting up...
Startup Phase 1 complete
[INFO 11:26:33] absl Connecting to: ws://127.0.0.1:43921/sc2api, attempt: 1, running: True
Startup Phase 2 complete
Creating stub renderer...
Listening on: 127.0.0.1:43921
Startup Phase 3 complete. Ready for commands.
[INFO 11:26:34] absl Connecting to: ws://127.0.0.1:43921/sc2api, attempt: 2, running: True
ConnectHandler: Request from 127.0.0.1:37170 accepted
ReadyHandler: 127.0.0.1:37170 ready
Requesting to join a single player game
Configuring interface options
Configure: raw interface enabled
Configure: feature layer interface disabled
Configure: score interface disabled
Configure: render interface disabled
Launching next game.
Next launch phase started: 2
Next launch phase started: 3
Next launch phase started: 4
Next launch phase started: 5
Next launch phase started: 6
Next launch phase started: 7
Next launch phase started: 8
Game has started.
Using default stable ids, none found at: /labmount/users/202535331/MARL/pymarl-monotone-qmix/3rdparty/StarCraftII/stableid.json
Successfully loaded stable ids: GameData\stableid.json
Sending ResponseJoinGame
[INFO 11:27:00] my_main Recent Stats | t_env:    1361318 | Episode:    13612
battle_won_mean:           0.0368	dead_allies_mean:          2.7431	dead_enemies_mean:         1.5694	ep_length_mean:          153.7776
epsilon:                   0.0500	grad_norm:                 0.5080	ices_int_critic_grad_norm:  0.0254	ices_int_critic_loss:      0.0110
ices_int_grad_norm:        2.1947	ices_int_loss:           -73.8441	ices_intrinsic_reward_mean:  0.5600	ices_world_grad_norm:     10.2617
ices_world_loss:          -5.7195	loss:                      0.0201	q_taken_mean:              0.8882	return_mean:              12.8301
return_std:                4.0816	target_mean:               0.9022	td_error_abs:              0.0939	test_battle_won_mean:      0.6125
test_dead_allies_mean:     1.5063	test_dead_enemies_mean:    3.9937	test_ep_length_mean:     197.4875	test_return_mean:         20.4742
test_return_std:           3.4344	
[INFO 11:28:00] my_main t_env: 1371375 / 2050000
[INFO 11:28:00] my_main Estimated time left: 1 hours, 39 minutes, 26 seconds. Time passed: 3 hours, 8 minutes, 17 seconds
[INFO 11:28:23] my_main Recent Stats | t_env:    1371375 | Episode:    13680
battle_won_mean:           0.0452	dead_allies_mean:          2.7249	dead_enemies_mean:         1.5709	ep_length_mean:          152.0739
epsilon:                   0.0500	grad_norm:                 0.5846	ices_int_critic_grad_norm:  0.0263	ices_int_critic_loss:      0.0107
ices_int_grad_norm:        2.0546	ices_int_loss:           -73.8895	ices_intrinsic_reward_mean:  0.5669	ices_world_grad_norm:     10.1209
ices_world_loss:          -5.7324	loss:                      0.0204	q_taken_mean:              0.8803	return_mean:              12.8588
return_std:                4.2146	target_mean:               0.8976	td_error_abs:              0.0960	test_battle_won_mean:      0.6188
test_dead_allies_mean:     1.5125	test_dead_enemies_mean:    3.9500	test_ep_length_mean:     195.0563	test_return_mean:         20.5814
test_return_std:           3.6702	
[INFO 11:29:23] my_main t_env: 1381418 / 2050000
[INFO 11:29:23] my_main Estimated time left: 1 hours, 32 minutes, 8 seconds. Time passed: 3 hours, 9 minutes, 40 seconds
[INFO 11:29:47] my_main Recent Stats | t_env:    1381418 | Episode:    13750
battle_won_mean:           0.0447	dead_allies_mean:          2.7235	dead_enemies_mean:         1.4356	ep_length_mean:          147.4315
epsilon:                   0.0500	grad_norm:                 0.4780	ices_int_critic_grad_norm:  0.0245	ices_int_critic_loss:      0.0109
ices_int_grad_norm:        2.0556	ices_int_loss:           -76.4114	ices_intrinsic_reward_mean:  0.5657	ices_world_grad_norm:     10.6596
ices_world_loss:          -5.7615	loss:                      0.0190	q_taken_mean:              0.8785	return_mean:              12.5840
return_std:                4.2264	target_mean:               0.8925	td_error_abs:              0.0892	test_battle_won_mean:      0.6062
test_dead_allies_mean:     1.5063	test_dead_enemies_mean:    3.8563	test_ep_length_mean:     194.9437	test_return_mean:         20.5485
test_return_std:           3.9524	
[INFO 11:30:31] my_main Updated target network
[INFO 11:30:48] my_main t_env: 1391490 / 2050000
[INFO 11:30:48] my_main Estimated time left: 1 hours, 32 minutes, 34 seconds. Time passed: 3 hours, 11 minutes, 5 seconds
[INFO 11:31:09] my_main Recent Stats | t_env:    1391490 | Episode:    13820
battle_won_mean:           0.0375	dead_allies_mean:          2.7724	dead_enemies_mean:         1.3444	ep_length_mean:          143.9119
epsilon:                   0.0500	grad_norm:                 0.4775	ices_int_critic_grad_norm:  0.0209	ices_int_critic_loss:      0.0109
ices_int_grad_norm:        2.0285	ices_int_loss:           -77.2913	ices_intrinsic_reward_mean:  0.5680	ices_world_grad_norm:     10.5129
ices_world_loss:          -5.8087	loss:                      0.0182	q_taken_mean:              0.8577	return_mean:              12.4270
return_std:                4.1176	target_mean:               0.8714	td_error_abs:              0.0857	test_battle_won_mean:      0.5813
test_dead_allies_mean:     1.5562	test_dead_enemies_mean:    3.7500	test_ep_length_mean:     189.2937	test_return_mean:         20.1178
test_return_std:           4.4526	
[INFO 11:32:09] my_main t_env: 1401526 / 2050000
[INFO 11:32:09] my_main Estimated time left: 1 hours, 27 minutes, 57 seconds. Time passed: 3 hours, 12 minutes, 27 seconds
RequestQuit command received.
DataHandler: unable to parse websocket frame.
Closing Application...
CloseHandler: 127.0.0.1:37170 disconnected
ResponseThread: No connection, dropping the response.
[INFO 11:32:13] absl Shutdown gracefully.
[INFO 11:32:13] absl Shutdown with return code: -15
[INFO 11:32:13] absl Launching SC2: /labmount/users/202535331/MARL/pymarl-monotone-qmix/3rdparty/StarCraftII/Versions/Base75689/SC2_x64 -listen 127.0.0.1 -port 45959 -dataDir /labmount/users/202535331/MARL/pymarl-monotone-qmix/3rdparty/StarCraftII/ -tempDir /tmp/sc-7h3jppbd/
[INFO 11:32:13] absl Connecting to: ws://127.0.0.1:45959/sc2api, attempt: 0, running: True
Version: B75689 (SC2.4.10)
Build: Aug 12 2019 17:16:57
Command Line: '"/labmount/users/202535331/MARL/pymarl-monotone-qmix/3rdparty/StarCraftII/Versions/Base75689/SC2_x64" -listen 127.0.0.1 -port 45959 -dataDir /labmount/users/202535331/MARL/pymarl-monotone-qmix/3rdparty/StarCraftII/ -tempDir /tmp/sc-7h3jppbd/'
Starting up...
Startup Phase 1 complete
[INFO 11:32:14] absl Connecting to: ws://127.0.0.1:45959/sc2api, attempt: 1, running: True
Startup Phase 2 complete
Creating stub renderer...
Listening on: 127.0.0.1:45959
Startup Phase 3 complete. Ready for commands.
[INFO 11:32:15] absl Connecting to: ws://127.0.0.1:45959/sc2api, attempt: 2, running: True
ConnectHandler: Request from 127.0.0.1:46052 accepted
ReadyHandler: 127.0.0.1:46052 ready
Requesting to join a single player game
Configuring interface options
Configure: raw interface enabled
Configure: feature layer interface disabled
Configure: score interface disabled
Configure: render interface disabled
Launching next game.
Next launch phase started: 2
Next launch phase started: 3
Next launch phase started: 4
Next launch phase started: 5
Next launch phase started: 6
Next launch phase started: 7
Next launch phase started: 8
Game has started.
Using default stable ids, none found at: /labmount/users/202535331/MARL/pymarl-monotone-qmix/3rdparty/StarCraftII/stableid.json
Successfully loaded stable ids: GameData\stableid.json
Sending ResponseJoinGame
[INFO 11:32:39] my_main Recent Stats | t_env:    1401526 | Episode:    13891
battle_won_mean:           0.0350	dead_allies_mean:          2.7679	dead_enemies_mean:         1.3346	ep_length_mean:          145.4437
epsilon:                   0.0500	grad_norm:                 0.6024	ices_int_critic_grad_norm:  0.0265	ices_int_critic_loss:      0.0107
ices_int_grad_norm:        1.9969	ices_int_loss:           -72.1767	ices_intrinsic_reward_mean:  0.5711	ices_world_grad_norm:     10.7275
ices_world_loss:          -5.8425	loss:                      0.0186	q_taken_mean:              0.8620	return_mean:              12.3758
return_std:                4.0556	target_mean:               0.8722	td_error_abs:              0.0895	test_battle_won_mean:      0.5312
test_dead_allies_mean:     1.5562	test_dead_enemies_mean:    3.6500	test_ep_length_mean:     193.4250	test_return_mean:         20.0662
test_return_std:           4.2889	
[INFO 11:33:40] my_main t_env: 1411616 / 2050000
[INFO 11:33:40] my_main Estimated time left: 1 hours, 35 minutes, 33 seconds. Time passed: 3 hours, 13 minutes, 57 seconds
[INFO 11:34:04] my_main Recent Stats | t_env:    1411616 | Episode:    13963
battle_won_mean:           0.0318	dead_allies_mean:          2.7821	dead_enemies_mean:         1.2697	ep_length_mean:          143.3490
epsilon:                   0.0500	grad_norm:                 0.5529	ices_int_critic_grad_norm:  0.0266	ices_int_critic_loss:      0.0104
ices_int_grad_norm:        1.8005	ices_int_loss:           -72.8228	ices_intrinsic_reward_mean:  0.5765	ices_world_grad_norm:     10.7960
ices_world_loss:          -5.8697	loss:                      0.0182	q_taken_mean:              0.8598	return_mean:              12.3138
return_std:                4.0250	target_mean:               0.8682	td_error_abs:              0.0874	test_battle_won_mean:      0.5312
test_dead_allies_mean:     1.5688	test_dead_enemies_mean:    3.6625	test_ep_length_mean:     194.4875	test_return_mean:         20.1751
test_return_std:           4.0843	
[INFO 11:34:36] my_main Updated target network
[INFO 11:35:06] my_main t_env: 1421732 / 2050000
[INFO 11:35:06] my_main Estimated time left: 1 hours, 29 minutes, 29 seconds. Time passed: 3 hours, 15 minutes, 24 seconds
[INFO 11:35:30] my_main Recent Stats | t_env:    1421732 | Episode:    14039
battle_won_mean:           0.0247	dead_allies_mean:          2.8320	dead_enemies_mean:         1.2246	ep_length_mean:          140.3907
epsilon:                   0.0500	grad_norm:                 0.5633	ices_int_critic_grad_norm:  0.0206	ices_int_critic_loss:      0.0104
ices_int_grad_norm:        1.7214	ices_int_loss:           -76.9382	ices_intrinsic_reward_mean:  0.5858	ices_world_grad_norm:     10.1962
ices_world_loss:          -5.8956	loss:                      0.0183	q_taken_mean:              0.8663	return_mean:              12.1827
return_std:                3.7997	target_mean:               0.8684	td_error_abs:              0.0884	test_battle_won_mean:      0.4875
test_dead_allies_mean:     1.6062	test_dead_enemies_mean:    3.5187	test_ep_length_mean:     197.2688	test_return_mean:         19.9770
test_return_std:           4.0752	
[INFO 11:36:34] my_main t_env: 1431891 / 2050000
[INFO 11:36:34] my_main Estimated time left: 1 hours, 28 minutes, 21 seconds. Time passed: 3 hours, 16 minutes, 51 seconds
[INFO 11:36:58] my_main Recent Stats | t_env:    1431891 | Episode:    14118
battle_won_mean:           0.0218	dead_allies_mean:          2.8581	dead_enemies_mean:         1.2157	ep_length_mean:          137.4154
epsilon:                   0.0500	grad_norm:                 0.4783	ices_int_critic_grad_norm:  0.0227	ices_int_critic_loss:      0.0099
ices_int_grad_norm:        1.7092	ices_int_loss:           -78.0293	ices_intrinsic_reward_mean:  0.5960	ices_world_grad_norm:     10.2254
ices_world_loss:          -5.8992	loss:                      0.0172	q_taken_mean:              0.8799	return_mean:              12.1083
return_std:                3.7262	target_mean:               0.8793	td_error_abs:              0.0853	test_battle_won_mean:      0.4750
test_dead_allies_mean:     1.6438	test_dead_enemies_mean:    3.5438	test_ep_length_mean:     197.5312	test_return_mean:         19.9774
test_return_std:           3.8916	
RequestQuit command received.
Closing Application...
DataHandler: unable to parse websocket frame.
CloseHandler: 127.0.0.1:46052 disconnected
[INFO 11:37:58] absl Shutdown gracefully.
[INFO 11:37:58] absl Shutdown with return code: -15
[INFO 11:37:58] absl Launching SC2: /labmount/users/202535331/MARL/pymarl-monotone-qmix/3rdparty/StarCraftII/Versions/Base75689/SC2_x64 -listen 127.0.0.1 -port 44199 -dataDir /labmount/users/202535331/MARL/pymarl-monotone-qmix/3rdparty/StarCraftII/ -tempDir /tmp/sc-4mm0_lrj/
[INFO 11:37:58] absl Connecting to: ws://127.0.0.1:44199/sc2api, attempt: 0, running: True
Version: B75689 (SC2.4.10)
Build: Aug 12 2019 17:16:57
Command Line: '"/labmount/users/202535331/MARL/pymarl-monotone-qmix/3rdparty/StarCraftII/Versions/Base75689/SC2_x64" -listen 127.0.0.1 -port 44199 -dataDir /labmount/users/202535331/MARL/pymarl-monotone-qmix/3rdparty/StarCraftII/ -tempDir /tmp/sc-4mm0_lrj/'
Starting up...
Startup Phase 1 complete
[INFO 11:37:59] absl Connecting to: ws://127.0.0.1:44199/sc2api, attempt: 1, running: True
Startup Phase 2 complete
Creating stub renderer...
Listening on: 127.0.0.1:44199
Startup Phase 3 complete. Ready for commands.
[INFO 11:38:00] absl Connecting to: ws://127.0.0.1:44199/sc2api, attempt: 2, running: True
ConnectHandler: Request from 127.0.0.1:53552 accepted
ReadyHandler: 127.0.0.1:53552 ready
Requesting to join a single player game
Configuring interface options
Configure: raw interface enabled
Configure: feature layer interface disabled
Configure: score interface disabled
Configure: render interface disabled
Launching next game.
Next launch phase started: 2
Next launch phase started: 3
Next launch phase started: 4
Next launch phase started: 5
Next launch phase started: 6
Next launch phase started: 7
Next launch phase started: 8
Game has started.
Using default stable ids, none found at: /labmount/users/202535331/MARL/pymarl-monotone-qmix/3rdparty/StarCraftII/stableid.json
Successfully loaded stable ids: GameData\stableid.json
Sending ResponseJoinGame
[INFO 11:38:03] my_main t_env: 1441994 / 2050000
[INFO 11:38:03] my_main Estimated time left: 1 hours, 29 minutes, 57 seconds. Time passed: 3 hours, 18 minutes, 21 seconds
[INFO 11:38:26] my_main Recent Stats | t_env:    1441994 | Episode:    14187
battle_won_mean:           0.0248	dead_allies_mean:          2.8374	dead_enemies_mean:         1.2397	ep_length_mean:          137.9223
epsilon:                   0.0500	grad_norm:                 0.4939	ices_int_critic_grad_norm:  0.0290	ices_int_critic_loss:      0.0100
ices_int_grad_norm:        2.0987	ices_int_loss:           -79.7518	ices_intrinsic_reward_mean:  0.6078	ices_world_grad_norm:     10.9446
ices_world_loss:          -5.9159	loss:                      0.0174	q_taken_mean:              0.8911	return_mean:              12.1028
return_std:                3.7178	target_mean:               0.8906	td_error_abs:              0.0861	test_battle_won_mean:      0.4688
test_dead_allies_mean:     1.6562	test_dead_enemies_mean:    3.5125	test_ep_length_mean:     199.5000	test_return_mean:         19.9392
test_return_std:           3.7900	
[INFO 11:38:38] my_main Updated target network
[INFO 11:39:26] my_main t_env: 1452145 / 2050000
[INFO 11:39:26] my_main Estimated time left: 1 hours, 20 minutes, 43 seconds. Time passed: 3 hours, 19 minutes, 43 seconds
[INFO 11:39:48] my_main Recent Stats | t_env:    1452145 | Episode:    14252
battle_won_mean:           0.0312	dead_allies_mean:          2.8127	dead_enemies_mean:         1.2860	ep_length_mean:          140.8857
epsilon:                   0.0500	grad_norm:                 0.5139	ices_int_critic_grad_norm:  0.0226	ices_int_critic_loss:      0.0102
ices_int_grad_norm:        2.2020	ices_int_loss:           -90.8130	ices_intrinsic_reward_mean:  0.6164	ices_world_grad_norm:     10.9939
ices_world_loss:          -5.9006	loss:                      0.0183	q_taken_mean:              0.9094	return_mean:              12.3425
return_std:                3.7080	target_mean:               0.9172	td_error_abs:              0.0893	test_battle_won_mean:      0.4688
test_dead_allies_mean:     1.7000	test_dead_enemies_mean:    3.4375	test_ep_length_mean:     195.5062	test_return_mean:         19.6621
test_return_std:           3.9986	
[INFO 11:40:46] my_main t_env: 1462329 / 2050000
[INFO 11:40:46] my_main Estimated time left: 1 hours, 17 minutes, 0 seconds. Time passed: 3 hours, 21 minutes, 3 seconds
[INFO 11:41:09] my_main Recent Stats | t_env:    1462329 | Episode:    14317
battle_won_mean:           0.0377	dead_allies_mean:          2.7725	dead_enemies_mean:         1.4000	ep_length_mean:          144.1933
epsilon:                   0.0500	grad_norm:                 0.4759	ices_int_critic_grad_norm:  0.0380	ices_int_critic_loss:      0.0101
ices_int_grad_norm:        3.0449	ices_int_loss:           -80.8627	ices_intrinsic_reward_mean:  0.6235	ices_world_grad_norm:     11.3889
ices_world_loss:          -5.9054	loss:                      0.0187	q_taken_mean:              0.9208	return_mean:              12.4777
return_std:                3.7764	target_mean:               0.9243	td_error_abs:              0.0888	test_battle_won_mean:      0.4437
test_dead_allies_mean:     1.7188	test_dead_enemies_mean:    3.3625	test_ep_length_mean:     194.7312	test_return_mean:         19.5677
test_return_std:           4.1948	
[INFO 11:42:09] my_main t_env: 1472370 / 2050000
[INFO 11:42:09] my_main Estimated time left: 1 hours, 20 minutes, 0 seconds. Time passed: 3 hours, 22 minutes, 27 seconds
[INFO 11:42:33] my_main Recent Stats | t_env:    1472370 | Episode:    14384
battle_won_mean:           0.0451	dead_allies_mean:          2.7424	dead_enemies_mean:         1.4616	ep_length_mean:          147.5454
epsilon:                   0.0500	grad_norm:                 0.4543	ices_int_critic_grad_norm:  0.0383	ices_int_critic_loss:      0.0100
ices_int_grad_norm:        3.1869	ices_int_loss:           -82.1507	ices_intrinsic_reward_mean:  0.6258	ices_world_grad_norm:     11.0594
ices_world_loss:          -5.8835	loss:                      0.0182	q_taken_mean:              0.9271	return_mean:              12.6657
return_std:                3.8849	target_mean:               0.9360	td_error_abs:              0.0879	test_battle_won_mean:      0.4938
test_dead_allies_mean:     1.6625	test_dead_enemies_mean:    3.6125	test_ep_length_mean:     194.4250	test_return_mean:         19.9136
test_return_std:           3.8505	
[INFO 11:42:49] my_main Updated target network
[INFO 11:43:31] my_main t_env: 1482373 / 2050000
[INFO 11:43:31] my_main Estimated time left: 1 hours, 17 minutes, 35 seconds. Time passed: 3 hours, 23 minutes, 49 seconds
RequestQuit command received.
DataHandler: unable to parse websocket frame.
CloseHandler: 127.0.0.1:53552 disconnected
Closing Application...
[INFO 11:43:34] absl Shutdown gracefully.
[INFO 11:43:34] absl Shutdown with return code: -15
[INFO 11:43:34] absl Launching SC2: /labmount/users/202535331/MARL/pymarl-monotone-qmix/3rdparty/StarCraftII/Versions/Base75689/SC2_x64 -listen 127.0.0.1 -port 36323 -dataDir /labmount/users/202535331/MARL/pymarl-monotone-qmix/3rdparty/StarCraftII/ -tempDir /tmp/sc-4_hquf24/
[INFO 11:43:34] absl Connecting to: ws://127.0.0.1:36323/sc2api, attempt: 0, running: True
Version: B75689 (SC2.4.10)
Build: Aug 12 2019 17:16:57
Command Line: '"/labmount/users/202535331/MARL/pymarl-monotone-qmix/3rdparty/StarCraftII/Versions/Base75689/SC2_x64" -listen 127.0.0.1 -port 36323 -dataDir /labmount/users/202535331/MARL/pymarl-monotone-qmix/3rdparty/StarCraftII/ -tempDir /tmp/sc-4_hquf24/'
Starting up...
Startup Phase 1 complete
[INFO 11:43:35] absl Connecting to: ws://127.0.0.1:36323/sc2api, attempt: 1, running: True
Startup Phase 2 complete
Creating stub renderer...
Listening on: 127.0.0.1:36323
Startup Phase 3 complete. Ready for commands.
[INFO 11:43:36] absl Connecting to: ws://127.0.0.1:36323/sc2api, attempt: 2, running: True
ConnectHandler: Request from 127.0.0.1:59550 accepted
ReadyHandler: 127.0.0.1:59550 ready
Requesting to join a single player game
Configuring interface options
Configure: raw interface enabled
Configure: feature layer interface disabled
Configure: score interface disabled
Configure: render interface disabled
Launching next game.
Next launch phase started: 2
Next launch phase started: 3
Next launch phase started: 4
Next launch phase started: 5
Next launch phase started: 6
Next launch phase started: 7
Next launch phase started: 8
Game has started.
Using default stable ids, none found at: /labmount/users/202535331/MARL/pymarl-monotone-qmix/3rdparty/StarCraftII/stableid.json
Successfully loaded stable ids: GameData\stableid.json
Sending ResponseJoinGame
[INFO 11:43:59] my_main Recent Stats | t_env:    1482373 | Episode:    14448
battle_won_mean:           0.0638	dead_allies_mean:          2.7084	dead_enemies_mean:         1.6028	ep_length_mean:          153.0858
epsilon:                   0.0500	grad_norm:                 0.5508	ices_int_critic_grad_norm:  0.0432	ices_int_critic_loss:      0.0103
ices_int_grad_norm:        3.3720	ices_int_loss:           -86.5127	ices_intrinsic_reward_mean:  0.6233	ices_world_grad_norm:     11.8694
ices_world_loss:          -5.9218	loss:                      0.0194	q_taken_mean:              0.9305	return_mean:              13.1096
return_std:                4.1896	target_mean:               0.9424	td_error_abs:              0.0919	test_battle_won_mean:      0.5375
test_dead_allies_mean:     1.5375	test_dead_enemies_mean:    3.6625	test_ep_length_mean:     188.5062	test_return_mean:         19.8489
test_return_std:           4.2980	
[INFO 11:44:57] my_main t_env: 1492514 / 2050000
[INFO 11:44:57] my_main Estimated time left: 1 hours, 18 minutes, 28 seconds. Time passed: 3 hours, 25 minutes, 14 seconds
[INFO 11:45:21] my_main Recent Stats | t_env:    1492514 | Episode:    14512
battle_won_mean:           0.0676	dead_allies_mean:          2.6983	dead_enemies_mean:         1.6654	ep_length_mean:          155.4924
epsilon:                   0.0500	grad_norm:                 0.5541	ices_int_critic_grad_norm:  0.0337	ices_int_critic_loss:      0.0102
ices_int_grad_norm:        3.0038	ices_int_loss:           -91.0404	ices_intrinsic_reward_mean:  0.6229	ices_world_grad_norm:     11.2346
ices_world_loss:          -5.9109	loss:                      0.0203	q_taken_mean:              0.9370	return_mean:              13.2660
return_std:                4.1838	target_mean:               0.9500	td_error_abs:              0.0941	test_battle_won_mean:      0.5250
test_dead_allies_mean:     1.5688	test_dead_enemies_mean:    3.6375	test_ep_length_mean:     191.8812	test_return_mean:         20.0906
test_return_std:           4.0856	
[INFO 11:46:20] my_main t_env: 1502723 / 2050000
[INFO 11:46:20] my_main Estimated time left: 1 hours, 14 minutes, 36 seconds. Time passed: 3 hours, 26 minutes, 38 seconds
[INFO 11:46:44] my_main Recent Stats | t_env:    1502723 | Episode:    14578
battle_won_mean:           0.0645	dead_allies_mean:          2.7174	dead_enemies_mean:         1.6727	ep_length_mean:          155.1949
epsilon:                   0.0500	grad_norm:                 0.5293	ices_int_critic_grad_norm:  0.0347	ices_int_critic_loss:      0.0101
ices_int_grad_norm:        3.1045	ices_int_loss:           -85.6539	ices_intrinsic_reward_mean:  0.6249	ices_world_grad_norm:     11.7841
ices_world_loss:          -5.9508	loss:                      0.0204	q_taken_mean:              0.9196	return_mean:              13.3116
return_std:                4.1704	target_mean:               0.9318	td_error_abs:              0.0922	test_battle_won_mean:      0.5687
test_dead_allies_mean:     1.5063	test_dead_enemies_mean:    3.8625	test_ep_length_mean:     194.5875	test_return_mean:         20.5428
test_return_std:           3.7491	
[INFO 11:47:03] my_main Updated target network
[INFO 11:47:43] my_main t_env: 1512730 / 2050000
[INFO 11:47:43] my_main Estimated time left: 1 hours, 13 minutes, 45 seconds. Time passed: 3 hours, 28 minutes, 0 seconds
[INFO 11:48:05] my_main Recent Stats | t_env:    1512730 | Episode:    14645
battle_won_mean:           0.0642	dead_allies_mean:          2.7344	dead_enemies_mean:         1.6535	ep_length_mean:          153.7311
epsilon:                   0.0500	grad_norm:                 0.5258	ices_int_critic_grad_norm:  0.0199	ices_int_critic_loss:      0.0103
ices_int_grad_norm:        2.5795	ices_int_loss:           -94.5717	ices_intrinsic_reward_mean:  0.6222	ices_world_grad_norm:     11.4266
ices_world_loss:          -5.9658	loss:                      0.0203	q_taken_mean:              0.9281	return_mean:              13.2434
return_std:                4.0977	target_mean:               0.9403	td_error_abs:              0.0927	test_battle_won_mean:      0.6062
test_dead_allies_mean:     1.4750	test_dead_enemies_mean:    3.9312	test_ep_length_mean:     192.0687	test_return_mean:         20.5233
test_return_std:           3.9024	
[INFO 11:49:04] my_main t_env: 1522783 / 2050000
[INFO 11:49:04] my_main Estimated time left: 1 hours, 11 minutes, 13 seconds. Time passed: 3 hours, 29 minutes, 22 seconds
RequestQuit command received.
Closing Application...
DataHandler: unable to parse websocket frame.
CloseHandler: 127.0.0.1:59550 disconnected
[INFO 11:49:09] absl Shutdown gracefully.
[INFO 11:49:09] absl Shutdown with return code: -15
[INFO 11:49:09] absl Launching SC2: /labmount/users/202535331/MARL/pymarl-monotone-qmix/3rdparty/StarCraftII/Versions/Base75689/SC2_x64 -listen 127.0.0.1 -port 46277 -dataDir /labmount/users/202535331/MARL/pymarl-monotone-qmix/3rdparty/StarCraftII/ -tempDir /tmp/sc-ssuwl_fb/
[INFO 11:49:09] absl Connecting to: ws://127.0.0.1:46277/sc2api, attempt: 0, running: True
Version: B75689 (SC2.4.10)
Build: Aug 12 2019 17:16:57
Command Line: '"/labmount/users/202535331/MARL/pymarl-monotone-qmix/3rdparty/StarCraftII/Versions/Base75689/SC2_x64" -listen 127.0.0.1 -port 46277 -dataDir /labmount/users/202535331/MARL/pymarl-monotone-qmix/3rdparty/StarCraftII/ -tempDir /tmp/sc-ssuwl_fb/'
Starting up...
Startup Phase 1 complete
[INFO 11:49:10] absl Connecting to: ws://127.0.0.1:46277/sc2api, attempt: 1, running: True
Startup Phase 2 complete
Creating stub renderer...
Listening on: 127.0.0.1:46277
Startup Phase 3 complete. Ready for commands.
[INFO 11:49:11] absl Connecting to: ws://127.0.0.1:46277/sc2api, attempt: 2, running: True
ConnectHandler: Request from 127.0.0.1:59448 accepted
ReadyHandler: 127.0.0.1:59448 ready
Requesting to join a single player game
Configuring interface options
Configure: raw interface enabled
Configure: feature layer interface disabled
Configure: score interface disabled
Configure: render interface disabled
Launching next game.
Next launch phase started: 2
Next launch phase started: 3
Next launch phase started: 4
Next launch phase started: 5
Next launch phase started: 6
Next launch phase started: 7
Next launch phase started: 8
Game has started.
Using default stable ids, none found at: /labmount/users/202535331/MARL/pymarl-monotone-qmix/3rdparty/StarCraftII/stableid.json
Successfully loaded stable ids: GameData\stableid.json
Sending ResponseJoinGame
[INFO 11:49:31] my_main Recent Stats | t_env:    1522783 | Episode:    14713
battle_won_mean:           0.0580	dead_allies_mean:          2.7411	dead_enemies_mean:         1.6282	ep_length_mean:          153.3257
epsilon:                   0.0500	grad_norm:                 0.4560	ices_int_critic_grad_norm:  0.0267	ices_int_critic_loss:      0.0106
ices_int_grad_norm:        2.7966	ices_int_loss:           -91.9204	ices_intrinsic_reward_mean:  0.6270	ices_world_grad_norm:     11.5620
ices_world_loss:          -5.9791	loss:                      0.0203	q_taken_mean:              0.9390	return_mean:              13.1554
return_std:                4.0441	target_mean:               0.9490	td_error_abs:              0.0916	test_battle_won_mean:      0.5938
test_dead_allies_mean:     1.4875	test_dead_enemies_mean:    3.7812	test_ep_length_mean:     187.1875	test_return_mean:         20.0876
test_return_std:           4.3686	
[INFO 11:50:30] my_main t_env: 1532863 / 2050000
[INFO 11:50:30] my_main Estimated time left: 1 hours, 13 minutes, 29 seconds. Time passed: 3 hours, 30 minutes, 48 seconds
[INFO 11:50:56] my_main Recent Stats | t_env:    1532863 | Episode:    14780
battle_won_mean:           0.0572	dead_allies_mean:          2.7378	dead_enemies_mean:         1.6128	ep_length_mean:          152.1558
epsilon:                   0.0500	grad_norm:                 0.4796	ices_int_critic_grad_norm:  0.0209	ices_int_critic_loss:      0.0108
ices_int_grad_norm:        2.8999	ices_int_loss:           -86.7428	ices_intrinsic_reward_mean:  0.6336	ices_world_grad_norm:     11.1966
ices_world_loss:          -5.9641	loss:                      0.0211	q_taken_mean:              0.9331	return_mean:              13.1285
return_std:                3.9630	target_mean:               0.9435	td_error_abs:              0.0922	test_battle_won_mean:      0.6000
test_dead_allies_mean:     1.5125	test_dead_enemies_mean:    3.8625	test_ep_length_mean:     193.6500	test_return_mean:         20.5053
test_return_std:           3.6573	
[INFO 11:51:14] my_main Updated target network
[INFO 11:51:56] my_main t_env: 1542875 / 2050000
[INFO 11:51:56] my_main Estimated time left: 1 hours, 12 minutes, 42 seconds. Time passed: 3 hours, 32 minutes, 14 seconds
[INFO 11:52:20] my_main Recent Stats | t_env:    1542875 | Episode:    14852
battle_won_mean:           0.0502	dead_allies_mean:          2.7610	dead_enemies_mean:         1.5413	ep_length_mean:          148.2763
epsilon:                   0.0500	grad_norm:                 0.4325	ices_int_critic_grad_norm:  0.0225	ices_int_critic_loss:      0.0108
ices_int_grad_norm:        2.9253	ices_int_loss:           -84.4609	ices_intrinsic_reward_mean:  0.6355	ices_world_grad_norm:     11.5969
ices_world_loss:          -5.9806	loss:                      0.0208	q_taken_mean:              0.9414	return_mean:              12.9102
return_std:                3.8932	target_mean:               0.9498	td_error_abs:              0.0897	test_battle_won_mean:      0.6188
test_dead_allies_mean:     1.4625	test_dead_enemies_mean:    3.9688	test_ep_length_mean:     191.0750	test_return_mean:         20.5772
test_return_std:           3.8764	
[INFO 11:53:17] my_main t_env: 1552896 / 2050000
[INFO 11:53:17] my_main Estimated time left: 1 hours, 6 minutes, 54 seconds. Time passed: 3 hours, 33 minutes, 35 seconds
[INFO 11:53:42] my_main Recent Stats | t_env:    1552896 | Episode:    14915
battle_won_mean:           0.0632	dead_allies_mean:          2.7274	dead_enemies_mean:         1.5915	ep_length_mean:          149.1527
epsilon:                   0.0500	grad_norm:                 0.3269	ices_int_critic_grad_norm:  0.0203	ices_int_critic_loss:      0.0113
ices_int_grad_norm:        2.7981	ices_int_loss:           -86.9544	ices_intrinsic_reward_mean:  0.6337	ices_world_grad_norm:     11.5241
ices_world_loss:          -5.9985	loss:                      0.0202	q_taken_mean:              0.9506	return_mean:              12.9835
return_std:                3.9817	target_mean:               0.9545	td_error_abs:              0.0854	test_battle_won_mean:      0.5938
test_dead_allies_mean:     1.5063	test_dead_enemies_mean:    3.9000	test_ep_length_mean:     193.1625	test_return_mean:         20.5562
test_return_std:           3.7444	
[INFO 11:54:41] my_main t_env: 1562944 / 2050000
[INFO 11:54:41] my_main Estimated time left: 1 hours, 7 minutes, 23 seconds. Time passed: 3 hours, 34 minutes, 58 seconds
RequestQuit command received.
DataHandler: unable to parse websocket frame.
CloseHandler: 127.0.0.1:59448 disconnected
Closing Application...
[INFO 11:54:46] absl Shutdown gracefully.
[INFO 11:54:46] absl Shutdown with return code: -15
[INFO 11:54:46] absl Launching SC2: /labmount/users/202535331/MARL/pymarl-monotone-qmix/3rdparty/StarCraftII/Versions/Base75689/SC2_x64 -listen 127.0.0.1 -port 34743 -dataDir /labmount/users/202535331/MARL/pymarl-monotone-qmix/3rdparty/StarCraftII/ -tempDir /tmp/sc-p0eid502/
[INFO 11:54:46] absl Connecting to: ws://127.0.0.1:34743/sc2api, attempt: 0, running: True
Version: B75689 (SC2.4.10)
Build: Aug 12 2019 17:16:57
Command Line: '"/labmount/users/202535331/MARL/pymarl-monotone-qmix/3rdparty/StarCraftII/Versions/Base75689/SC2_x64" -listen 127.0.0.1 -port 34743 -dataDir /labmount/users/202535331/MARL/pymarl-monotone-qmix/3rdparty/StarCraftII/ -tempDir /tmp/sc-p0eid502/'
Starting up...
Startup Phase 1 complete
[INFO 11:54:47] absl Connecting to: ws://127.0.0.1:34743/sc2api, attempt: 1, running: True
Startup Phase 2 complete
Creating stub renderer...
Listening on: 127.0.0.1:34743
Startup Phase 3 complete. Ready for commands.
[INFO 11:54:48] absl Connecting to: ws://127.0.0.1:34743/sc2api, attempt: 2, running: True
ConnectHandler: Request from 127.0.0.1:49876 accepted
ReadyHandler: 127.0.0.1:49876 ready
Requesting to join a single player game
Configuring interface options
Configure: raw interface enabled
Configure: feature layer interface disabled
Configure: score interface disabled
Configure: render interface disabled
Launching next game.
Next launch phase started: 2
Next launch phase started: 3
Next launch phase started: 4
Next launch phase started: 5
Next launch phase started: 6
Next launch phase started: 7
Next launch phase started: 8
Game has started.
Using default stable ids, none found at: /labmount/users/202535331/MARL/pymarl-monotone-qmix/3rdparty/StarCraftII/stableid.json
Successfully loaded stable ids: GameData\stableid.json
Sending ResponseJoinGame
[INFO 11:55:09] my_main Recent Stats | t_env:    1562944 | Episode:    14981
battle_won_mean:           0.0603	dead_allies_mean:          2.7296	dead_enemies_mean:         1.5813	ep_length_mean:          149.7295
epsilon:                   0.0500	grad_norm:                 0.4208	ices_int_critic_grad_norm:  0.0198	ices_int_critic_loss:      0.0115
ices_int_grad_norm:        2.9808	ices_int_loss:           -86.2406	ices_intrinsic_reward_mean:  0.6347	ices_world_grad_norm:     12.0326
ices_world_loss:          -6.0093	loss:                      0.0214	q_taken_mean:              0.9512	return_mean:              13.0406
return_std:                3.9543	target_mean:               0.9532	td_error_abs:              0.0885	test_battle_won_mean:      0.5938
test_dead_allies_mean:     1.4625	test_dead_enemies_mean:    3.8937	test_ep_length_mean:     194.1562	test_return_mean:         20.4666
test_return_std:           3.6969	
[INFO 11:55:27] my_main Updated target network
[INFO 11:56:07] my_main t_env: 1573025 / 2050000
[INFO 11:56:07] my_main Estimated time left: 1 hours, 8 minutes, 7 seconds. Time passed: 3 hours, 36 minutes, 24 seconds
[INFO 11:56:30] my_main Recent Stats | t_env:    1573025 | Episode:    15045
battle_won_mean:           0.0548	dead_allies_mean:          2.7392	dead_enemies_mean:         1.6215	ep_length_mean:          151.6650
epsilon:                   0.0500	grad_norm:                 0.5031	ices_int_critic_grad_norm:  0.0155	ices_int_critic_loss:      0.0114
ices_int_grad_norm:        2.8326	ices_int_loss:           -87.1544	ices_intrinsic_reward_mean:  0.6278	ices_world_grad_norm:     12.7158
ices_world_loss:          -6.0445	loss:                      0.0220	q_taken_mean:              0.9509	return_mean:              13.2106
return_std:                3.8861	target_mean:               0.9500	td_error_abs:              0.0905	test_battle_won_mean:      0.6062
test_dead_allies_mean:     1.4438	test_dead_enemies_mean:    4.0062	test_ep_length_mean:     196.3875	test_return_mean:         20.7537
test_return_std:           3.2819	
[INFO 11:57:27] my_main t_env: 1583269 / 2050000
[INFO 11:57:27] my_main Estimated time left: 1 hours, 30 seconds. Time passed: 3 hours, 37 minutes, 44 seconds
[INFO 11:57:51] my_main Recent Stats | t_env:    1583269 | Episode:    15104
battle_won_mean:           0.0437	dead_allies_mean:          2.7476	dead_enemies_mean:         1.6457	ep_length_mean:          156.3008
epsilon:                   0.0500	grad_norm:                 0.4281	ices_int_critic_grad_norm:  0.0148	ices_int_critic_loss:      0.0115
ices_int_grad_norm:        2.9433	ices_int_loss:           -94.1624	ices_intrinsic_reward_mean:  0.6336	ices_world_grad_norm:     13.5242
ices_world_loss:          -6.0555	loss:                      0.0211	q_taken_mean:              0.9607	return_mean:              13.3547
return_std:                3.7421	target_mean:               0.9539	td_error_abs:              0.0877	test_battle_won_mean:      0.6062
test_dead_allies_mean:     1.4812	test_dead_enemies_mean:    3.9813	test_ep_length_mean:     194.3938	test_return_mean:         20.5420
test_return_std:           3.5379	
[INFO 11:58:46] my_main t_env: 1593486 / 2050000
[INFO 11:58:46] my_main Estimated time left: 58 minutes, 50 seconds. Time passed: 3 hours, 39 minutes, 3 seconds
[INFO 11:59:07] my_main Recent Stats | t_env:    1593486 | Episode:    15164
battle_won_mean:           0.0581	dead_allies_mean:          2.7137	dead_enemies_mean:         1.7935	ep_length_mean:          162.5464
epsilon:                   0.0500	grad_norm:                 0.4166	ices_int_critic_grad_norm:  0.0208	ices_int_critic_loss:      0.0115
ices_int_grad_norm:        3.2146	ices_int_loss:           -101.7951	ices_intrinsic_reward_mean:  0.6322	ices_world_grad_norm:     14.7301
ices_world_loss:          -6.0838	loss:                      0.0203	q_taken_mean:              0.9572	return_mean:              13.8293
return_std:                3.9140	target_mean:               0.9459	td_error_abs:              0.0862	test_battle_won_mean:      0.6375
test_dead_allies_mean:     1.4187	test_dead_enemies_mean:    4.0125	test_ep_length_mean:     192.2312	test_return_mean:         20.5875
test_return_std:           3.4048	
[INFO 11:59:39] my_main Updated target network
[INFO 12:00:01] my_main t_env: 1603527 / 2050000
[INFO 12:00:01] my_main Estimated time left: 56 minutes, 2 seconds. Time passed: 3 hours, 40 minutes, 19 seconds
RequestQuit command received.
Closing Application...
DataHandler: unable to parse websocket frame.
CloseHandler: 127.0.0.1:49876 disconnected
[INFO 12:00:09] absl Shutdown gracefully.
[INFO 12:00:09] absl Shutdown with return code: -15
[INFO 12:00:09] absl Launching SC2: /labmount/users/202535331/MARL/pymarl-monotone-qmix/3rdparty/StarCraftII/Versions/Base75689/SC2_x64 -listen 127.0.0.1 -port 40187 -dataDir /labmount/users/202535331/MARL/pymarl-monotone-qmix/3rdparty/StarCraftII/ -tempDir /tmp/sc-gxmngn32/
[INFO 12:00:09] absl Connecting to: ws://127.0.0.1:40187/sc2api, attempt: 0, running: True
Version: B75689 (SC2.4.10)
Build: Aug 12 2019 17:16:57
Command Line: '"/labmount/users/202535331/MARL/pymarl-monotone-qmix/3rdparty/StarCraftII/Versions/Base75689/SC2_x64" -listen 127.0.0.1 -port 40187 -dataDir /labmount/users/202535331/MARL/pymarl-monotone-qmix/3rdparty/StarCraftII/ -tempDir /tmp/sc-gxmngn32/'
Starting up...
Startup Phase 1 complete
[INFO 12:00:10] absl Connecting to: ws://127.0.0.1:40187/sc2api, attempt: 1, running: True
Startup Phase 2 complete
Creating stub renderer...
Listening on: 127.0.0.1:40187
Startup Phase 3 complete. Ready for commands.
[INFO 12:00:11] absl Connecting to: ws://127.0.0.1:40187/sc2api, attempt: 2, running: True
ConnectHandler: Request from 127.0.0.1:54968 accepted
ReadyHandler: 127.0.0.1:54968 ready
Requesting to join a single player game
Configuring interface options
Configure: raw interface enabled
Configure: feature layer interface disabled
Configure: score interface disabled
Configure: render interface disabled
Launching next game.
Next launch phase started: 2
Next launch phase started: 3
Next launch phase started: 4
Next launch phase started: 5
Next launch phase started: 6
Next launch phase started: 7
Next launch phase started: 8
Game has started.
Using default stable ids, none found at: /labmount/users/202535331/MARL/pymarl-monotone-qmix/3rdparty/StarCraftII/stableid.json
Successfully loaded stable ids: GameData\stableid.json
Sending ResponseJoinGame
[INFO 12:00:28] my_main Recent Stats | t_env:    1603527 | Episode:    15226
battle_won_mean:           0.0455	dead_allies_mean:          2.7351	dead_enemies_mean:         1.7608	ep_length_mean:          163.1240
epsilon:                   0.0500	grad_norm:                 0.4617	ices_int_critic_grad_norm:  0.0197	ices_int_critic_loss:      0.0114
ices_int_grad_norm:        3.1377	ices_int_loss:           -101.3697	ices_intrinsic_reward_mean:  0.6381	ices_world_grad_norm:     14.3635
ices_world_loss:          -6.0820	loss:                      0.0201	q_taken_mean:              0.9559	return_mean:              13.7682
return_std:                3.8129	target_mean:               0.9475	td_error_abs:              0.0874	test_battle_won_mean:      0.6438
test_dead_allies_mean:     1.3875	test_dead_enemies_mean:    3.9625	test_ep_length_mean:     187.7063	test_return_mean:         20.2440
test_return_std:           3.8419	
[INFO 12:01:25] my_main t_env: 1613651 / 2050000
[INFO 12:01:25] my_main Estimated time left: 1 hours, 15 seconds. Time passed: 3 hours, 41 minutes, 43 seconds
[INFO 12:01:45] my_main Recent Stats | t_env:    1613651 | Episode:    15295
battle_won_mean:           0.0482	dead_allies_mean:          2.7490	dead_enemies_mean:         1.7703	ep_length_mean:          162.0205
epsilon:                   0.0500	grad_norm:                 0.3944	ices_int_critic_grad_norm:  0.0201	ices_int_critic_loss:      0.0114
ices_int_grad_norm:        2.9545	ices_int_loss:           -105.5959	ices_intrinsic_reward_mean:  0.6430	ices_world_grad_norm:     14.0752
ices_world_loss:          -6.0733	loss:                      0.0188	q_taken_mean:              0.9583	return_mean:              13.7473
return_std:                3.7925	target_mean:               0.9509	td_error_abs:              0.0848	test_battle_won_mean:      0.6813
test_dead_allies_mean:     1.3875	test_dead_enemies_mean:    4.0500	test_ep_length_mean:     183.5062	test_return_mean:         20.4001
test_return_std:           3.6594	
[INFO 12:02:40] my_main t_env: 1623859 / 2050000
[INFO 12:02:40] my_main Estimated time left: 52 minutes, 16 seconds. Time passed: 3 hours, 42 minutes, 58 seconds
[INFO 12:03:03] my_main Recent Stats | t_env:    1623859 | Episode:    15359
battle_won_mean:           0.0544	dead_allies_mean:          2.7302	dead_enemies_mean:         1.8046	ep_length_mean:          162.4173
epsilon:                   0.0500	grad_norm:                 0.3155	ices_int_critic_grad_norm:  0.0184	ices_int_critic_loss:      0.0116
ices_int_grad_norm:        2.8471	ices_int_loss:           -107.5572	ices_intrinsic_reward_mean:  0.6409	ices_world_grad_norm:     13.9097
ices_world_loss:          -6.1025	loss:                      0.0186	q_taken_mean:              0.9502	return_mean:              13.7949
return_std:                3.8217	target_mean:               0.9459	td_error_abs:              0.0818	test_battle_won_mean:      0.7063
test_dead_allies_mean:     1.3687	test_dead_enemies_mean:    4.1125	test_ep_length_mean:     184.8812	test_return_mean:         20.6508
test_return_std:           3.3790	
[INFO 12:03:36] my_main Updated target network
[INFO 12:03:59] my_main t_env: 1633957 / 2050000
[INFO 12:03:59] my_main Estimated time left: 53 minutes, 52 seconds. Time passed: 3 hours, 44 minutes, 16 seconds
[INFO 12:04:17] my_main Recent Stats | t_env:    1633957 | Episode:    15426
battle_won_mean:           0.0566	dead_allies_mean:          2.7456	dead_enemies_mean:         1.7685	ep_length_mean:          157.8352
epsilon:                   0.0500	grad_norm:                 0.3467	ices_int_critic_grad_norm:  0.0185	ices_int_critic_loss:      0.0114
ices_int_grad_norm:        2.4403	ices_int_loss:           -102.9455	ices_intrinsic_reward_mean:  0.6428	ices_world_grad_norm:     12.3947
ices_world_loss:          -6.1078	loss:                      0.0194	q_taken_mean:              0.9415	return_mean:              13.5755
return_std:                3.8336	target_mean:               0.9424	td_error_abs:              0.0829	test_battle_won_mean:      0.7438
test_dead_allies_mean:     1.2625	test_dead_enemies_mean:    4.2188	test_ep_length_mean:     175.1813	test_return_mean:         20.5239
test_return_std:           3.5330	
[INFO 12:05:11] my_main t_env: 1644049 / 2050000
[INFO 12:05:11] my_main Estimated time left: 48 minutes, 12 seconds. Time passed: 3 hours, 45 minutes, 28 seconds
RequestQuit command received.
Closing Application...
DataHandler: unable to parse websocket frame.
CloseHandler: 127.0.0.1:54968 disconnected
[INFO 12:05:29] absl Shutdown gracefully.
[INFO 12:05:29] absl Shutdown with return code: -15
[INFO 12:05:29] absl Launching SC2: /labmount/users/202535331/MARL/pymarl-monotone-qmix/3rdparty/StarCraftII/Versions/Base75689/SC2_x64 -listen 127.0.0.1 -port 40665 -dataDir /labmount/users/202535331/MARL/pymarl-monotone-qmix/3rdparty/StarCraftII/ -tempDir /tmp/sc-ynfys256/
[INFO 12:05:29] absl Connecting to: ws://127.0.0.1:40665/sc2api, attempt: 0, running: True
Version: B75689 (SC2.4.10)
Build: Aug 12 2019 17:16:57
Command Line: '"/labmount/users/202535331/MARL/pymarl-monotone-qmix/3rdparty/StarCraftII/Versions/Base75689/SC2_x64" -listen 127.0.0.1 -port 40665 -dataDir /labmount/users/202535331/MARL/pymarl-monotone-qmix/3rdparty/StarCraftII/ -tempDir /tmp/sc-ynfys256/'
Starting up...
Startup Phase 1 complete
[INFO 12:05:30] absl Connecting to: ws://127.0.0.1:40665/sc2api, attempt: 1, running: True
Startup Phase 2 complete
Creating stub renderer...
Listening on: 127.0.0.1:40665
Startup Phase 3 complete. Ready for commands.
[INFO 12:05:31] absl Connecting to: ws://127.0.0.1:40665/sc2api, attempt: 2, running: True
ConnectHandler: Request from 127.0.0.1:55662 accepted
ReadyHandler: 127.0.0.1:55662 ready
Requesting to join a single player game
Configuring interface options
Configure: raw interface enabled
Configure: feature layer interface disabled
Configure: score interface disabled
Configure: render interface disabled
Launching next game.
Next launch phase started: 2
Next launch phase started: 3
Next launch phase started: 4
Next launch phase started: 5
Next launch phase started: 6
Next launch phase started: 7
Next launch phase started: 8
Game has started.
Using default stable ids, none found at: /labmount/users/202535331/MARL/pymarl-monotone-qmix/3rdparty/StarCraftII/stableid.json
Successfully loaded stable ids: GameData\stableid.json
Sending ResponseJoinGame
[INFO 12:05:37] my_main Recent Stats | t_env:    1644049 | Episode:    15487
battle_won_mean:           0.0464	dead_allies_mean:          2.7534	dead_enemies_mean:         1.7288	ep_length_mean:          156.8671
epsilon:                   0.0500	grad_norm:                 0.3736	ices_int_critic_grad_norm:  0.0149	ices_int_critic_loss:      0.0118
ices_int_grad_norm:        2.0392	ices_int_loss:           -95.8057	ices_intrinsic_reward_mean:  0.6483	ices_world_grad_norm:     11.3388
ices_world_loss:          -6.0875	loss:                      0.0204	q_taken_mean:              0.9566	return_mean:              13.4387
return_std:                3.7543	target_mean:               0.9570	td_error_abs:              0.0858	test_battle_won_mean:      0.7500
test_dead_allies_mean:     1.2188	test_dead_enemies_mean:    4.2687	test_ep_length_mean:     173.4187	test_return_mean:         20.6590
test_return_std:           3.1706	
[INFO 12:06:33] my_main t_env: 1654251 / 2050000
[INFO 12:06:33] my_main Estimated time left: 53 minutes, 23 seconds. Time passed: 3 hours, 46 minutes, 51 seconds
[INFO 12:06:57] my_main Recent Stats | t_env:    1654251 | Episode:    15552
battle_won_mean:           0.0431	dead_allies_mean:          2.7773	dead_enemies_mean:         1.6917	ep_length_mean:          155.8675
epsilon:                   0.0500	grad_norm:                 0.3258	ices_int_critic_grad_norm:  0.0163	ices_int_critic_loss:      0.0116
ices_int_grad_norm:        2.0263	ices_int_loss:           -95.9288	ices_intrinsic_reward_mean:  0.6487	ices_world_grad_norm:     11.5572
ices_world_loss:          -6.0875	loss:                      0.0205	q_taken_mean:              0.9550	return_mean:              13.4303
return_std:                3.6840	target_mean:               0.9541	td_error_abs:              0.0853	test_battle_won_mean:      0.7562
test_dead_allies_mean:     1.2250	test_dead_enemies_mean:    4.2812	test_ep_length_mean:     175.0563	test_return_mean:         20.8927
test_return_std:           2.6995	
[INFO 12:07:39] my_main Updated target network
[INFO 12:07:52] my_main t_env: 1664306 / 2050000
[INFO 12:07:52] my_main Estimated time left: 50 minutes, 27 seconds. Time passed: 3 hours, 48 minutes, 10 seconds
[INFO 12:08:15] my_main Recent Stats | t_env:    1664306 | Episode:    15616
battle_won_mean:           0.0469	dead_allies_mean:          2.7650	dead_enemies_mean:         1.6920	ep_length_mean:          157.9445
epsilon:                   0.0500	grad_norm:                 0.3253	ices_int_critic_grad_norm:  0.0167	ices_int_critic_loss:      0.0115
ices_int_grad_norm:        2.2347	ices_int_loss:           -96.7289	ices_intrinsic_reward_mean:  0.6510	ices_world_grad_norm:     11.2241
ices_world_loss:          -6.1078	loss:                      0.0208	q_taken_mean:              0.9458	return_mean:              13.6179
return_std:                3.7803	target_mean:               0.9502	td_error_abs:              0.0854	test_battle_won_mean:      0.7500
test_dead_allies_mean:     1.1750	test_dead_enemies_mean:    4.3312	test_ep_length_mean:     177.5188	test_return_mean:         21.0712
test_return_std:           2.4001	
[INFO 12:09:09] my_main t_env: 1674404 / 2050000
[INFO 12:09:09] my_main Estimated time left: 47 minutes, 20 seconds. Time passed: 3 hours, 49 minutes, 26 seconds
[INFO 12:09:30] my_main Recent Stats | t_env:    1674404 | Episode:    15678
battle_won_mean:           0.0537	dead_allies_mean:          2.7277	dead_enemies_mean:         1.6555	ep_length_mean:          158.6186
epsilon:                   0.0500	grad_norm:                 0.3380	ices_int_critic_grad_norm:  0.0201	ices_int_critic_loss:      0.0114
ices_int_grad_norm:        2.6351	ices_int_loss:           -102.9642	ices_intrinsic_reward_mean:  0.6600	ices_world_grad_norm:     10.9083
ices_world_loss:          -6.0792	loss:                      0.0211	q_taken_mean:              0.9512	return_mean:              13.5439
return_std:                3.9780	target_mean:               0.9564	td_error_abs:              0.0875	test_battle_won_mean:      0.7625
test_dead_allies_mean:     1.1500	test_dead_enemies_mean:    4.3875	test_ep_length_mean:     175.7375	test_return_mean:         21.0201
test_return_std:           2.6200	
[INFO 12:10:26] my_main t_env: 1684470 / 2050000
[INFO 12:10:26] my_main Estimated time left: 46 minutes, 49 seconds. Time passed: 3 hours, 50 minutes, 43 seconds
[INFO 12:10:46] my_main Recent Stats | t_env:    1684470 | Episode:    15744
battle_won_mean:           0.0660	dead_allies_mean:          2.7119	dead_enemies_mean:         1.7149	ep_length_mean:          158.9784
epsilon:                   0.0500	grad_norm:                 0.2795	ices_int_critic_grad_norm:  0.0281	ices_int_critic_loss:      0.0116
ices_int_grad_norm:        3.1019	ices_int_loss:           -115.3230	ices_intrinsic_reward_mean:  0.6568	ices_world_grad_norm:     10.9696
ices_world_loss:          -6.0760	loss:                      0.0201	q_taken_mean:              0.9655	return_mean:              13.6451
return_std:                4.1147	target_mean:               0.9688	td_error_abs:              0.0863	test_battle_won_mean:      0.7875
test_dead_allies_mean:     1.1062	test_dead_enemies_mean:    4.4250	test_ep_length_mean:     178.5687	test_return_mean:         21.3762
test_return_std:           2.4000	
RequestQuit command received.
Closing Application...
DataHandler: unable to parse websocket frame.
CloseHandler: 127.0.0.1:55662 disconnected
[INFO 12:10:53] absl Shutdown gracefully.
[INFO 12:10:53] absl Shutdown with return code: -15
[INFO 12:10:53] absl Launching SC2: /labmount/users/202535331/MARL/pymarl-monotone-qmix/3rdparty/StarCraftII/Versions/Base75689/SC2_x64 -listen 127.0.0.1 -port 38447 -dataDir /labmount/users/202535331/MARL/pymarl-monotone-qmix/3rdparty/StarCraftII/ -tempDir /tmp/sc-fuyk_ep3/
[INFO 12:10:53] absl Connecting to: ws://127.0.0.1:38447/sc2api, attempt: 0, running: True
Version: B75689 (SC2.4.10)
Build: Aug 12 2019 17:16:57
Command Line: '"/labmount/users/202535331/MARL/pymarl-monotone-qmix/3rdparty/StarCraftII/Versions/Base75689/SC2_x64" -listen 127.0.0.1 -port 38447 -dataDir /labmount/users/202535331/MARL/pymarl-monotone-qmix/3rdparty/StarCraftII/ -tempDir /tmp/sc-fuyk_ep3/'
Starting up...
Startup Phase 1 complete
[INFO 12:10:54] absl Connecting to: ws://127.0.0.1:38447/sc2api, attempt: 1, running: True
Startup Phase 2 complete
Creating stub renderer...
Listening on: 127.0.0.1:38447
Startup Phase 3 complete. Ready for commands.
[INFO 12:10:55] absl Connecting to: ws://127.0.0.1:38447/sc2api, attempt: 2, running: True
ConnectHandler: Request from 127.0.0.1:42630 accepted
ReadyHandler: 127.0.0.1:42630 ready
Requesting to join a single player game
Configuring interface options
Configure: raw interface enabled
Configure: feature layer interface disabled
Configure: score interface disabled
Configure: render interface disabled
Launching next game.
Next launch phase started: 2
Next launch phase started: 3
Next launch phase started: 4
Next launch phase started: 5
Next launch phase started: 6
Next launch phase started: 7
Next launch phase started: 8
Game has started.
Using default stable ids, none found at: /labmount/users/202535331/MARL/pymarl-monotone-qmix/3rdparty/StarCraftII/stableid.json
Successfully loaded stable ids: GameData\stableid.json
Sending ResponseJoinGame
[INFO 12:11:38] my_main Updated target network
[INFO 12:11:48] my_main t_env: 1694475 / 2050000
[INFO 12:11:48] my_main Estimated time left: 48 minutes, 19 seconds. Time passed: 3 hours, 52 minutes, 5 seconds
[INFO 12:12:10] my_main Recent Stats | t_env:    1694475 | Episode:    15812
battle_won_mean:           0.0650	dead_allies_mean:          2.7213	dead_enemies_mean:         1.6287	ep_length_mean:          155.3163
epsilon:                   0.0500	grad_norm:                 0.2435	ices_int_critic_grad_norm:  0.0316	ices_int_critic_loss:      0.0113
ices_int_grad_norm:        3.2477	ices_int_loss:           -125.8934	ices_intrinsic_reward_mean:  0.6554	ices_world_grad_norm:     10.8784
ices_world_loss:          -6.0857	loss:                      0.0196	q_taken_mean:              0.9501	return_mean:              13.4725
return_std:                4.0719	target_mean:               0.9577	td_error_abs:              0.0838	test_battle_won_mean:      0.7750
test_dead_allies_mean:     1.1562	test_dead_enemies_mean:    4.3812	test_ep_length_mean:     182.4625	test_return_mean:         21.4113
test_return_std:           2.6608	
[INFO 12:13:04] my_main t_env: 1704699 / 2050000
[INFO 12:13:04] my_main Estimated time left: 43 minutes, 5 seconds. Time passed: 3 hours, 53 minutes, 22 seconds
[INFO 12:13:25] my_main Recent Stats | t_env:    1704699 | Episode:    15871
battle_won_mean:           0.0721	dead_allies_mean:          2.6913	dead_enemies_mean:         1.6661	ep_length_mean:          158.5832
epsilon:                   0.0500	grad_norm:                 0.3304	ices_int_critic_grad_norm:  0.0334	ices_int_critic_loss:      0.0113
ices_int_grad_norm:        3.2305	ices_int_loss:           -122.3152	ices_intrinsic_reward_mean:  0.6538	ices_world_grad_norm:     10.7979
ices_world_loss:          -6.0959	loss:                      0.0194	q_taken_mean:              0.9557	return_mean:              13.6628
return_std:                4.2055	target_mean:               0.9589	td_error_abs:              0.0862	test_battle_won_mean:      0.7812
test_dead_allies_mean:     1.0750	test_dead_enemies_mean:    4.4437	test_ep_length_mean:     179.3812	test_return_mean:         21.3721
test_return_std:           2.8382	
[INFO 12:14:20] my_main t_env: 1714927 / 2050000
[INFO 12:14:20] my_main Estimated time left: 41 minutes, 41 seconds. Time passed: 3 hours, 54 minutes, 38 seconds
[INFO 12:14:42] my_main Recent Stats | t_env:    1714927 | Episode:    15934
battle_won_mean:           0.0818	dead_allies_mean:          2.6747	dead_enemies_mean:         1.7094	ep_length_mean:          159.6312
epsilon:                   0.0500	grad_norm:                 0.2727	ices_int_critic_grad_norm:  0.0340	ices_int_critic_loss:      0.0116
ices_int_grad_norm:        3.0970	ices_int_loss:           -120.4951	ices_intrinsic_reward_mean:  0.6509	ices_world_grad_norm:     10.7631
ices_world_loss:          -6.1089	loss:                      0.0189	q_taken_mean:              0.9531	return_mean:              13.8019
return_std:                4.2561	target_mean:               0.9527	td_error_abs:              0.0841	test_battle_won_mean:      0.7312
test_dead_allies_mean:     1.1750	test_dead_enemies_mean:    4.2687	test_ep_length_mean:     180.7625	test_return_mean:         20.9732
test_return_std:           3.3378	
[INFO 12:15:38] my_main Updated target network
[INFO 12:15:39] my_main t_env: 1725129 / 2050000
[INFO 12:15:39] my_main Estimated time left: 41 minutes, 34 seconds. Time passed: 3 hours, 55 minutes, 56 seconds
[INFO 12:16:01] my_main Recent Stats | t_env:    1725129 | Episode:    16002
battle_won_mean:           0.0742	dead_allies_mean:          2.7300	dead_enemies_mean:         1.6889	ep_length_mean:          157.0629
epsilon:                   0.0500	grad_norm:                 0.3416	ices_int_critic_grad_norm:  0.0322	ices_int_critic_loss:      0.0118
ices_int_grad_norm:        6.4590	ices_int_loss:           -118.2808	ices_intrinsic_reward_mean:  0.6539	ices_world_grad_norm:     10.8556
ices_world_loss:          -6.1167	loss:                      0.0201	q_taken_mean:              0.9555	return_mean:              13.8056
return_std:                4.0100	target_mean:               0.9573	td_error_abs:              0.0856	test_battle_won_mean:      0.7063
test_dead_allies_mean:     1.1812	test_dead_enemies_mean:    4.1625	test_ep_length_mean:     182.0000	test_return_mean:         21.0170
test_return_std:           3.4044	
RequestQuit command received.
Closing Application...
DataHandler: unable to parse websocket frame.
CloseHandler: 127.0.0.1:42630 disconnected
[INFO 12:16:14] absl Shutdown gracefully.
[INFO 12:16:14] absl Shutdown with return code: -15
[INFO 12:16:14] absl Launching SC2: /labmount/users/202535331/MARL/pymarl-monotone-qmix/3rdparty/StarCraftII/Versions/Base75689/SC2_x64 -listen 127.0.0.1 -port 33119 -dataDir /labmount/users/202535331/MARL/pymarl-monotone-qmix/3rdparty/StarCraftII/ -tempDir /tmp/sc-2m3itbp9/
[INFO 12:16:14] absl Connecting to: ws://127.0.0.1:33119/sc2api, attempt: 0, running: True
Version: B75689 (SC2.4.10)
Build: Aug 12 2019 17:16:57
Command Line: '"/labmount/users/202535331/MARL/pymarl-monotone-qmix/3rdparty/StarCraftII/Versions/Base75689/SC2_x64" -listen 127.0.0.1 -port 33119 -dataDir /labmount/users/202535331/MARL/pymarl-monotone-qmix/3rdparty/StarCraftII/ -tempDir /tmp/sc-2m3itbp9/'
Starting up...
Startup Phase 1 complete
[INFO 12:16:15] absl Connecting to: ws://127.0.0.1:33119/sc2api, attempt: 1, running: True
Startup Phase 2 complete
Creating stub renderer...
Listening on: 127.0.0.1:33119
Startup Phase 3 complete. Ready for commands.
[INFO 12:16:16] absl Connecting to: ws://127.0.0.1:33119/sc2api, attempt: 2, running: True
ConnectHandler: Request from 127.0.0.1:60064 accepted
ReadyHandler: 127.0.0.1:60064 ready
Requesting to join a single player game
Configuring interface options
Configure: raw interface enabled
Configure: feature layer interface disabled
Configure: score interface disabled
Configure: render interface disabled
Launching next game.
Next launch phase started: 2
Next launch phase started: 3
Next launch phase started: 4
Next launch phase started: 5
Next launch phase started: 6
Next launch phase started: 7
Next launch phase started: 8
Game has started.
Using default stable ids, none found at: /labmount/users/202535331/MARL/pymarl-monotone-qmix/3rdparty/StarCraftII/stableid.json
Successfully loaded stable ids: GameData\stableid.json
Sending ResponseJoinGame
[INFO 12:17:06] my_main t_env: 1735220 / 2050000
[INFO 12:17:06] my_main Estimated time left: 45 minutes, 10 seconds. Time passed: 3 hours, 57 minutes, 23 seconds
[INFO 12:17:28] my_main Recent Stats | t_env:    1735220 | Episode:    16075
battle_won_mean:           0.0557	dead_allies_mean:          2.7434	dead_enemies_mean:         1.5926	ep_length_mean:          154.2064
epsilon:                   0.0500	grad_norm:                 0.3157	ices_int_critic_grad_norm:  0.0268	ices_int_critic_loss:      0.0114
ices_int_grad_norm:        6.1461	ices_int_loss:           -110.8197	ices_intrinsic_reward_mean:  0.6529	ices_world_grad_norm:     11.1578
ices_world_loss:          -6.1575	loss:                      0.0212	q_taken_mean:              0.9455	return_mean:              13.4916
return_std:                3.8142	target_mean:               0.9455	td_error_abs:              0.0851	test_battle_won_mean:      0.7000
test_dead_allies_mean:     1.2625	test_dead_enemies_mean:    4.2000	test_ep_length_mean:     183.4500	test_return_mean:         21.0915
test_return_std:           3.0680	
[INFO 12:18:32] my_main t_env: 1745329 / 2050000
[INFO 12:18:32] my_main Estimated time left: 43 minutes, 28 seconds. Time passed: 3 hours, 58 minutes, 50 seconds
[INFO 12:18:55] my_main Recent Stats | t_env:    1745329 | Episode:    16156
battle_won_mean:           0.0494	dead_allies_mean:          2.7890	dead_enemies_mean:         1.5404	ep_length_mean:          149.7404
epsilon:                   0.0500	grad_norm:                 0.3191	ices_int_critic_grad_norm:  0.0288	ices_int_critic_loss:      0.0116
ices_int_grad_norm:        6.6298	ices_int_loss:           -95.6466	ices_intrinsic_reward_mean:  0.6560	ices_world_grad_norm:     11.3041
ices_world_loss:          -6.1576	loss:                      0.0217	q_taken_mean:              0.9564	return_mean:              13.1977
return_std:                3.6537	target_mean:               0.9569	td_error_abs:              0.0862	test_battle_won_mean:      0.7063
test_dead_allies_mean:     1.3125	test_dead_enemies_mean:    4.2625	test_ep_length_mean:     182.7875	test_return_mean:         21.0335
test_return_std:           2.8952	
[INFO 12:19:31] my_main Updated target network
[INFO 12:19:57] my_main t_env: 1755366 / 2050000
[INFO 12:19:57] my_main Estimated time left: 41 minutes, 25 seconds. Time passed: 4 hours, 14 seconds
[INFO 12:20:20] my_main Recent Stats | t_env:    1755366 | Episode:    16233
battle_won_mean:           0.0470	dead_allies_mean:          2.8258	dead_enemies_mean:         1.5001	ep_length_mean:          141.1529
epsilon:                   0.0500	grad_norm:                 0.2685	ices_int_critic_grad_norm:  0.0332	ices_int_critic_loss:      0.0118
ices_int_grad_norm:        7.1358	ices_int_loss:           -94.8586	ices_intrinsic_reward_mean:  0.6594	ices_world_grad_norm:     11.9400
ices_world_loss:          -6.1628	loss:                      0.0219	q_taken_mean:              0.9601	return_mean:              12.6983
return_std:                3.5952	target_mean:               0.9619	td_error_abs:              0.0866	test_battle_won_mean:      0.7188
test_dead_allies_mean:     1.3687	test_dead_enemies_mean:    4.3250	test_ep_length_mean:     185.5188	test_return_mean:         21.0875
test_return_std:           2.9147	
[INFO 12:21:22] my_main t_env: 1765500 / 2050000
[INFO 12:21:22] my_main Estimated time left: 39 minutes, 38 seconds. Time passed: 4 hours, 1 minutes, 39 seconds
[INFO 12:21:43] my_main Recent Stats | t_env:    1765500 | Episode:    16309
battle_won_mean:           0.0327	dead_allies_mean:          2.8635	dead_enemies_mean:         1.4345	ep_length_mean:          135.3515
epsilon:                   0.0500	grad_norm:                 0.3330	ices_int_critic_grad_norm:  0.0386	ices_int_critic_loss:      0.0115
ices_int_grad_norm:        7.0992	ices_int_loss:           -89.6446	ices_intrinsic_reward_mean:  0.6667	ices_world_grad_norm:     12.0574
ices_world_loss:          -6.1432	loss:                      0.0227	q_taken_mean:              0.9822	return_mean:              12.3039
return_std:                3.5534	target_mean:               0.9821	td_error_abs:              0.0892	test_battle_won_mean:      0.7312
test_dead_allies_mean:     1.3562	test_dead_enemies_mean:    4.3438	test_ep_length_mean:     182.7438	test_return_mean:         21.1320
test_return_std:           2.8847	
RequestQuit command received.
Closing Application...
DataHandler: unable to parse websocket frame.
CloseHandler: 127.0.0.1:60064 disconnected
[INFO 12:22:07] absl Shutdown gracefully.
[INFO 12:22:07] absl Shutdown with return code: -15
[INFO 12:22:07] absl Launching SC2: /labmount/users/202535331/MARL/pymarl-monotone-qmix/3rdparty/StarCraftII/Versions/Base75689/SC2_x64 -listen 127.0.0.1 -port 45263 -dataDir /labmount/users/202535331/MARL/pymarl-monotone-qmix/3rdparty/StarCraftII/ -tempDir /tmp/sc-ozedfbb9/
[INFO 12:22:07] absl Connecting to: ws://127.0.0.1:45263/sc2api, attempt: 0, running: True
Version: B75689 (SC2.4.10)
Build: Aug 12 2019 17:16:57
Command Line: '"/labmount/users/202535331/MARL/pymarl-monotone-qmix/3rdparty/StarCraftII/Versions/Base75689/SC2_x64" -listen 127.0.0.1 -port 45263 -dataDir /labmount/users/202535331/MARL/pymarl-monotone-qmix/3rdparty/StarCraftII/ -tempDir /tmp/sc-ozedfbb9/'
Starting up...
Startup Phase 1 complete
[INFO 12:22:08] absl Connecting to: ws://127.0.0.1:45263/sc2api, attempt: 1, running: True
Startup Phase 2 complete
Creating stub renderer...
Listening on: 127.0.0.1:45263
Startup Phase 3 complete. Ready for commands.
[INFO 12:22:09] absl Connecting to: ws://127.0.0.1:45263/sc2api, attempt: 2, running: True
ConnectHandler: Request from 127.0.0.1:36806 accepted
ReadyHandler: 127.0.0.1:36806 ready
Requesting to join a single player game
Configuring interface options
Configure: raw interface enabled
Configure: feature layer interface disabled
Configure: score interface disabled
Configure: render interface disabled
Launching next game.
Next launch phase started: 2
Next launch phase started: 3
Next launch phase started: 4
Next launch phase started: 5
Next launch phase started: 6
Next launch phase started: 7
Next launch phase started: 8
Game has started.
Using default stable ids, none found at: /labmount/users/202535331/MARL/pymarl-monotone-qmix/3rdparty/StarCraftII/stableid.json
Successfully loaded stable ids: GameData\stableid.json
Sending ResponseJoinGame
[INFO 12:22:50] my_main t_env: 1775592 / 2050000
[INFO 12:22:50] my_main Estimated time left: 39 minutes, 56 seconds. Time passed: 4 hours, 3 minutes, 7 seconds
[INFO 12:23:11] my_main Recent Stats | t_env:    1775592 | Episode:    16382
battle_won_mean:           0.0236	dead_allies_mean:          2.8634	dead_enemies_mean:         1.4187	ep_length_mean:          132.9949
epsilon:                   0.0500	grad_norm:                 0.3934	ices_int_critic_grad_norm:  0.0419	ices_int_critic_loss:      0.0116
ices_int_grad_norm:        3.6017	ices_int_loss:           -87.6479	ices_intrinsic_reward_mean:  0.6693	ices_world_grad_norm:     12.0882
ices_world_loss:          -6.1339	loss:                      0.0227	q_taken_mean:              0.9856	return_mean:              12.1728
return_std:                3.6142	target_mean:               0.9872	td_error_abs:              0.0928	test_battle_won_mean:      0.7312
test_dead_allies_mean:     1.3188	test_dead_enemies_mean:    4.3375	test_ep_length_mean:     180.4375	test_return_mean:         20.9345
test_return_std:           3.0171	
[INFO 12:23:28] my_main Updated target network
[INFO 12:24:11] my_main t_env: 1785600 / 2050000
[INFO 12:24:11] my_main Estimated time left: 35 minutes, 35 seconds. Time passed: 4 hours, 4 minutes, 28 seconds
[INFO 12:24:32] my_main Recent Stats | t_env:    1785600 | Episode:    16450
battle_won_mean:           0.0327	dead_allies_mean:          2.8751	dead_enemies_mean:         1.4716	ep_length_mean:          134.7837
epsilon:                   0.0500	grad_norm:                 0.5072	ices_int_critic_grad_norm:  0.0480	ices_int_critic_loss:      0.0123
ices_int_grad_norm:        4.0673	ices_int_loss:           -99.7809	ices_intrinsic_reward_mean:  0.6689	ices_world_grad_norm:     12.2385
ices_world_loss:          -6.1146	loss:                      0.0236	q_taken_mean:              1.0038	return_mean:              12.4423
return_std:                3.7507	target_mean:               1.0097	td_error_abs:              0.0972	test_battle_won_mean:      0.7125
test_dead_allies_mean:     1.2875	test_dead_enemies_mean:    4.2812	test_ep_length_mean:     181.1687	test_return_mean:         20.8127
test_return_std:           3.1592	
[INFO 12:25:30] my_main t_env: 1795625 / 2050000
[INFO 12:25:30] my_main Estimated time left: 33 minutes, 39 seconds. Time passed: 4 hours, 5 minutes, 48 seconds
[INFO 12:25:52] my_main Recent Stats | t_env:    1795625 | Episode:    16515
battle_won_mean:           0.0456	dead_allies_mean:          2.8394	dead_enemies_mean:         1.5496	ep_length_mean:          140.6693
epsilon:                   0.0500	grad_norm:                 0.5189	ices_int_critic_grad_norm:  0.0468	ices_int_critic_loss:      0.0124
ices_int_grad_norm:        3.8831	ices_int_loss:           -118.7324	ices_intrinsic_reward_mean:  0.6701	ices_world_grad_norm:     12.1430
ices_world_loss:          -6.1212	loss:                      0.0237	q_taken_mean:              1.0052	return_mean:              12.8860
return_std:                3.9014	target_mean:               1.0072	td_error_abs:              0.0972	test_battle_won_mean:      0.6937
test_dead_allies_mean:     1.2812	test_dead_enemies_mean:    4.1813	test_ep_length_mean:     179.2812	test_return_mean:         20.7148
test_return_std:           3.3755	
[INFO 12:26:50] my_main t_env: 1805764 / 2050000
[INFO 12:26:50] my_main Estimated time left: 32 minutes, 12 seconds. Time passed: 4 hours, 7 minutes, 8 seconds
[INFO 12:27:11] my_main Recent Stats | t_env:    1805764 | Episode:    16580
battle_won_mean:           0.0747	dead_allies_mean:          2.7833	dead_enemies_mean:         1.6970	ep_length_mean:          145.7961
epsilon:                   0.0500	grad_norm:                 0.5643	ices_int_critic_grad_norm:  0.0443	ices_int_critic_loss:      0.0124
ices_int_grad_norm:        4.1668	ices_int_loss:           -120.0939	ices_intrinsic_reward_mean:  0.6702	ices_world_grad_norm:     11.6771
ices_world_loss:          -6.1232	loss:                      0.0239	q_taken_mean:              1.0036	return_mean:              13.4632
return_std:                4.1333	target_mean:               1.0109	td_error_abs:              0.0970	test_battle_won_mean:      0.7125
test_dead_allies_mean:     1.2250	test_dead_enemies_mean:    4.2188	test_ep_length_mean:     175.9688	test_return_mean:         20.8742
test_return_std:           3.0725	
[INFO 12:27:31] my_main Updated target network
RequestQuit command received.
Closing Application...
DataHandler: unable to parse websocket frame.
CloseHandler: 127.0.0.1:36806 disconnected
[INFO 12:27:49] absl Shutdown gracefully.
[INFO 12:27:49] absl Shutdown with return code: -15
[INFO 12:27:49] absl Launching SC2: /labmount/users/202535331/MARL/pymarl-monotone-qmix/3rdparty/StarCraftII/Versions/Base75689/SC2_x64 -listen 127.0.0.1 -port 40349 -dataDir /labmount/users/202535331/MARL/pymarl-monotone-qmix/3rdparty/StarCraftII/ -tempDir /tmp/sc-xg2hv_5_/
[INFO 12:27:50] absl Connecting to: ws://127.0.0.1:40349/sc2api, attempt: 0, running: True
Version: B75689 (SC2.4.10)
Build: Aug 12 2019 17:16:57
Command Line: '"/labmount/users/202535331/MARL/pymarl-monotone-qmix/3rdparty/StarCraftII/Versions/Base75689/SC2_x64" -listen 127.0.0.1 -port 40349 -dataDir /labmount/users/202535331/MARL/pymarl-monotone-qmix/3rdparty/StarCraftII/ -tempDir /tmp/sc-xg2hv_5_/'
Starting up...
Startup Phase 1 complete
[INFO 12:27:51] absl Connecting to: ws://127.0.0.1:40349/sc2api, attempt: 1, running: True
Startup Phase 2 complete
Creating stub renderer...
Listening on: 127.0.0.1:40349
Startup Phase 3 complete. Ready for commands.
[INFO 12:27:52] absl Connecting to: ws://127.0.0.1:40349/sc2api, attempt: 2, running: True
ConnectHandler: Request from 127.0.0.1:56218 accepted
ReadyHandler: 127.0.0.1:56218 ready
Requesting to join a single player game
Configuring interface options
Configure: raw interface enabled
Configure: feature layer interface disabled
Configure: score interface disabled
Configure: render interface disabled
Launching next game.
Next launch phase started: 2
Next launch phase started: 3
Next launch phase started: 4
Next launch phase started: 5
Next launch phase started: 6
Next launch phase started: 7
Next launch phase started: 8
Game has started.
Using default stable ids, none found at: /labmount/users/202535331/MARL/pymarl-monotone-qmix/3rdparty/StarCraftII/stableid.json
Successfully loaded stable ids: GameData\stableid.json
Sending ResponseJoinGame
[INFO 12:28:14] my_main t_env: 1815781 / 2050000
[INFO 12:28:14] my_main Estimated time left: 32 minutes, 28 seconds. Time passed: 4 hours, 8 minutes, 31 seconds
[INFO 12:28:35] my_main Recent Stats | t_env:    1815781 | Episode:    16643
battle_won_mean:           0.0700	dead_allies_mean:          2.7551	dead_enemies_mean:         1.7246	ep_length_mean:          150.9277
epsilon:                   0.0500	grad_norm:                 0.5777	ices_int_critic_grad_norm:  0.0432	ices_int_critic_loss:      0.0128
ices_int_grad_norm:        4.1627	ices_int_loss:           -135.1058	ices_intrinsic_reward_mean:  0.6663	ices_world_grad_norm:     11.5821
ices_world_loss:          -6.1572	loss:                      0.0240	q_taken_mean:              0.9959	return_mean:              13.7623
return_std:                4.1253	target_mean:               1.0029	td_error_abs:              0.0972	test_battle_won_mean:      0.7562
test_dead_allies_mean:     1.0875	test_dead_enemies_mean:    4.3625	test_ep_length_mean:     175.4750	test_return_mean:         21.2822
test_return_std:           2.4634	
[INFO 12:29:33] my_main t_env: 1825890 / 2050000
[INFO 12:29:33] my_main Estimated time left: 29 minutes, 26 seconds. Time passed: 4 hours, 9 minutes, 51 seconds
[INFO 12:29:52] my_main Recent Stats | t_env:    1825890 | Episode:    16708
battle_won_mean:           0.0796	dead_allies_mean:          2.7350	dead_enemies_mean:         1.8102	ep_length_mean:          154.3830
epsilon:                   0.0500	grad_norm:                 0.5443	ices_int_critic_grad_norm:  0.0398	ices_int_critic_loss:      0.0129
ices_int_grad_norm:        4.0777	ices_int_loss:           -139.0464	ices_intrinsic_reward_mean:  0.6620	ices_world_grad_norm:     11.7996
ices_world_loss:          -6.1715	loss:                      0.0239	q_taken_mean:              0.9920	return_mean:              14.0051
return_std:                4.1544	target_mean:               0.9983	td_error_abs:              0.0960	test_battle_won_mean:      0.7937
test_dead_allies_mean:     1.0625	test_dead_enemies_mean:    4.4688	test_ep_length_mean:     169.4437	test_return_mean:         21.3630
test_return_std:           2.2720	
[INFO 12:30:52] my_main t_env: 1836054 / 2050000
[INFO 12:30:52] my_main Estimated time left: 27 minutes, 44 seconds. Time passed: 4 hours, 11 minutes, 10 seconds
[INFO 12:31:14] my_main Recent Stats | t_env:    1836054 | Episode:    16779
battle_won_mean:           0.0791	dead_allies_mean:          2.7250	dead_enemies_mean:         1.7962	ep_length_mean:          153.5787
epsilon:                   0.0500	grad_norm:                 0.5693	ices_int_critic_grad_norm:  0.0331	ices_int_critic_loss:      0.0128
ices_int_grad_norm:        3.6454	ices_int_loss:           -122.3489	ices_intrinsic_reward_mean:  0.6628	ices_world_grad_norm:     11.6498
ices_world_loss:          -6.1784	loss:                      0.0250	q_taken_mean:              0.9922	return_mean:              14.0059
return_std:                4.1372	target_mean:               0.9888	td_error_abs:              0.0993	test_battle_won_mean:      0.7625
test_dead_allies_mean:     1.1250	test_dead_enemies_mean:    4.3187	test_ep_length_mean:     169.2875	test_return_mean:         21.1120
test_return_std:           2.7856	
[INFO 12:31:32] my_main Updated target network
[INFO 12:32:15] my_main t_env: 1846147 / 2050000
[INFO 12:32:15] my_main Estimated time left: 27 minutes, 40 seconds. Time passed: 4 hours, 12 minutes, 32 seconds
[INFO 12:32:36] my_main Recent Stats | t_env:    1846147 | Episode:    16852
battle_won_mean:           0.0692	dead_allies_mean:          2.7352	dead_enemies_mean:         1.7666	ep_length_mean:          150.3846
epsilon:                   0.0500	grad_norm:                 0.5088	ices_int_critic_grad_norm:  0.0292	ices_int_critic_loss:      0.0127
ices_int_grad_norm:        3.3368	ices_int_loss:           -111.4262	ices_intrinsic_reward_mean:  0.6600	ices_world_grad_norm:     11.3578
ices_world_loss:          -6.1760	loss:                      0.0248	q_taken_mean:              1.0088	return_mean:              13.8750
return_std:                4.1258	target_mean:               1.0069	td_error_abs:              0.0988	test_battle_won_mean:      0.8063
test_dead_allies_mean:     1.0938	test_dead_enemies_mean:    4.4437	test_ep_length_mean:     169.3125	test_return_mean:         21.3177
test_return_std:           2.5999	
[INFO 12:33:38] my_main t_env: 1856209 / 2050000
[INFO 12:33:38] my_main Estimated time left: 26 minutes, 46 seconds. Time passed: 4 hours, 13 minutes, 56 seconds
RequestQuit command received.
Closing Application...
DataHandler: unable to parse websocket frame.
CloseHandler: 127.0.0.1:56218 disconnected
[INFO 12:33:39] absl Shutdown gracefully.
[INFO 12:33:39] absl Shutdown with return code: -15
[INFO 12:33:39] absl Launching SC2: /labmount/users/202535331/MARL/pymarl-monotone-qmix/3rdparty/StarCraftII/Versions/Base75689/SC2_x64 -listen 127.0.0.1 -port 34823 -dataDir /labmount/users/202535331/MARL/pymarl-monotone-qmix/3rdparty/StarCraftII/ -tempDir /tmp/sc-ruvnul5w/
[INFO 12:33:39] absl Connecting to: ws://127.0.0.1:34823/sc2api, attempt: 0, running: True
Version: B75689 (SC2.4.10)
Build: Aug 12 2019 17:16:57
Command Line: '"/labmount/users/202535331/MARL/pymarl-monotone-qmix/3rdparty/StarCraftII/Versions/Base75689/SC2_x64" -listen 127.0.0.1 -port 34823 -dataDir /labmount/users/202535331/MARL/pymarl-monotone-qmix/3rdparty/StarCraftII/ -tempDir /tmp/sc-ruvnul5w/'
Starting up...
Startup Phase 1 complete
[INFO 12:33:40] absl Connecting to: ws://127.0.0.1:34823/sc2api, attempt: 1, running: True
Startup Phase 2 complete
Creating stub renderer...
Listening on: 127.0.0.1:34823
Startup Phase 3 complete. Ready for commands.
[INFO 12:33:41] absl Connecting to: ws://127.0.0.1:34823/sc2api, attempt: 2, running: True
ConnectHandler: Request from 127.0.0.1:54430 accepted
ReadyHandler: 127.0.0.1:54430 ready
Requesting to join a single player game
Configuring interface options
Configure: raw interface enabled
Configure: feature layer interface disabled
Configure: score interface disabled
Configure: render interface disabled
Launching next game.
Next launch phase started: 2
Next launch phase started: 3
Next launch phase started: 4
Next launch phase started: 5
Next launch phase started: 6
Next launch phase started: 7
Next launch phase started: 8
Game has started.
Using default stable ids, none found at: /labmount/users/202535331/MARL/pymarl-monotone-qmix/3rdparty/StarCraftII/stableid.json
Successfully loaded stable ids: GameData\stableid.json
Sending ResponseJoinGame
[INFO 12:34:04] my_main Recent Stats | t_env:    1856209 | Episode:    16928
battle_won_mean:           0.0349	dead_allies_mean:          2.7937	dead_enemies_mean:         1.6073	ep_length_mean:          145.6666
epsilon:                   0.0500	grad_norm:                 0.4484	ices_int_critic_grad_norm:  0.0338	ices_int_critic_loss:      0.0125
ices_int_grad_norm:        2.8237	ices_int_loss:           -105.5216	ices_intrinsic_reward_mean:  0.6561	ices_world_grad_norm:     12.2959
ices_world_loss:          -6.1756	loss:                      0.0245	q_taken_mean:              1.0233	return_mean:              13.3792
return_std:                3.8991	target_mean:               1.0199	td_error_abs:              0.0982	test_battle_won_mean:      0.8125
test_dead_allies_mean:     1.0750	test_dead_enemies_mean:    4.4188	test_ep_length_mean:     168.4750	test_return_mean:         21.2905
test_return_std:           2.6272	
[INFO 12:35:05] my_main t_env: 1866239 / 2050000
[INFO 12:35:05] my_main Estimated time left: 26 minutes, 34 seconds. Time passed: 4 hours, 15 minutes, 23 seconds
[INFO 12:35:24] my_main Recent Stats | t_env:    1866239 | Episode:    17000
battle_won_mean:           0.0345	dead_allies_mean:          2.8230	dead_enemies_mean:         1.5882	ep_length_mean:          141.7277
epsilon:                   0.0500	grad_norm:                 0.3713	ices_int_critic_grad_norm:  0.0329	ices_int_critic_loss:      0.0126
ices_int_grad_norm:        2.7628	ices_int_loss:           -89.4354	ices_intrinsic_reward_mean:  0.6529	ices_world_grad_norm:     12.3734
ices_world_loss:          -6.1634	loss:                      0.0240	q_taken_mean:              1.0234	return_mean:              13.1066
return_std:                3.7192	target_mean:               1.0239	td_error_abs:              0.0961	test_battle_won_mean:      0.8313
test_dead_allies_mean:     1.1125	test_dead_enemies_mean:    4.4625	test_ep_length_mean:     165.7937	test_return_mean:         21.2161
test_return_std:           2.8745	
[INFO 12:35:25] my_main Updated target network
[INFO 12:36:26] my_main t_env: 1876305 / 2050000
[INFO 12:36:26] my_main Estimated time left: 23 minutes, 8 seconds. Time passed: 4 hours, 16 minutes, 43 seconds
[INFO 12:36:45] my_main Recent Stats | t_env:    1876305 | Episode:    17073
battle_won_mean:           0.0331	dead_allies_mean:          2.8486	dead_enemies_mean:         1.5217	ep_length_mean:          138.2012
epsilon:                   0.0500	grad_norm:                 0.2714	ices_int_critic_grad_norm:  0.0341	ices_int_critic_loss:      0.0126
ices_int_grad_norm:        2.6282	ices_int_loss:           -92.6775	ices_intrinsic_reward_mean:  0.6504	ices_world_grad_norm:     11.9242
ices_world_loss:          -6.1759	loss:                      0.0228	q_taken_mean:              1.0345	return_mean:              12.8801
return_std:                3.7240	target_mean:               1.0315	td_error_abs:              0.0920	test_battle_won_mean:      0.8375
test_dead_allies_mean:     1.1125	test_dead_enemies_mean:    4.5125	test_ep_length_mean:     167.8187	test_return_mean:         21.4051
test_return_std:           2.5840	
[INFO 12:37:45] my_main t_env: 1886306 / 2050000
[INFO 12:37:45] my_main Estimated time left: 21 minutes, 44 seconds. Time passed: 4 hours, 18 minutes, 3 seconds
[INFO 12:38:05] my_main Recent Stats | t_env:    1886306 | Episode:    17145
battle_won_mean:           0.0274	dead_allies_mean:          2.8630	dead_enemies_mean:         1.5229	ep_length_mean:          137.3508
epsilon:                   0.0500	grad_norm:                 0.2283	ices_int_critic_grad_norm:  0.0336	ices_int_critic_loss:      0.0129
ices_int_grad_norm:        2.5979	ices_int_loss:           -93.9456	ices_intrinsic_reward_mean:  0.6488	ices_world_grad_norm:     11.8858
ices_world_loss:          -6.1739	loss:                      0.0215	q_taken_mean:              1.0331	return_mean:              12.7189
return_std:                3.7261	target_mean:               1.0388	td_error_abs:              0.0881	test_battle_won_mean:      0.8875
test_dead_allies_mean:     1.0375	test_dead_enemies_mean:    4.6875	test_ep_length_mean:     165.0188	test_return_mean:         21.7210
test_return_std:           2.1289	
[INFO 12:38:52] my_main Updated target network
[INFO 12:39:05] my_main t_env: 1896338 / 2050000
[INFO 12:39:05] my_main Estimated time left: 20 minutes, 14 seconds. Time passed: 4 hours, 19 minutes, 22 seconds
RequestQuit command received.
DataHandler: unable to parse websocket frame.
Closing Application...
CloseHandler: 127.0.0.1:54430 disconnected
ResponseThread: No connection, dropping the response.
[INFO 12:39:23] absl Shutdown gracefully.
[INFO 12:39:23] absl Shutdown with return code: -15
[INFO 12:39:23] absl Launching SC2: /labmount/users/202535331/MARL/pymarl-monotone-qmix/3rdparty/StarCraftII/Versions/Base75689/SC2_x64 -listen 127.0.0.1 -port 43187 -dataDir /labmount/users/202535331/MARL/pymarl-monotone-qmix/3rdparty/StarCraftII/ -tempDir /tmp/sc-305gjn7c/
[INFO 12:39:23] absl Connecting to: ws://127.0.0.1:43187/sc2api, attempt: 0, running: True
Version: B75689 (SC2.4.10)
Build: Aug 12 2019 17:16:57
Command Line: '"/labmount/users/202535331/MARL/pymarl-monotone-qmix/3rdparty/StarCraftII/Versions/Base75689/SC2_x64" -listen 127.0.0.1 -port 43187 -dataDir /labmount/users/202535331/MARL/pymarl-monotone-qmix/3rdparty/StarCraftII/ -tempDir /tmp/sc-305gjn7c/'
Starting up...
Startup Phase 1 complete
[INFO 12:39:24] absl Connecting to: ws://127.0.0.1:43187/sc2api, attempt: 1, running: True
Startup Phase 2 complete
Creating stub renderer...
Listening on: 127.0.0.1:43187
Startup Phase 3 complete. Ready for commands.
[INFO 12:39:25] absl Connecting to: ws://127.0.0.1:43187/sc2api, attempt: 2, running: True
ConnectHandler: Request from 127.0.0.1:40922 accepted
ReadyHandler: 127.0.0.1:40922 ready
Requesting to join a single player game
Configuring interface options
Configure: raw interface enabled
Configure: feature layer interface disabled
Configure: score interface disabled
Configure: render interface disabled
Launching next game.
Next launch phase started: 2
Next launch phase started: 3
Next launch phase started: 4
Next launch phase started: 5
Next launch phase started: 6
Next launch phase started: 7
Next launch phase started: 8
Game has started.
Using default stable ids, none found at: /labmount/users/202535331/MARL/pymarl-monotone-qmix/3rdparty/StarCraftII/stableid.json
Successfully loaded stable ids: GameData\stableid.json
Sending ResponseJoinGame
[INFO 12:39:30] my_main Recent Stats | t_env:    1896338 | Episode:    17214
battle_won_mean:           0.0393	dead_allies_mean:          2.8466	dead_enemies_mean:         1.5803	ep_length_mean:          138.7770
epsilon:                   0.0500	grad_norm:                 0.4168	ices_int_critic_grad_norm:  0.0386	ices_int_critic_loss:      0.0130
ices_int_grad_norm:        2.7677	ices_int_loss:           -103.5022	ices_intrinsic_reward_mean:  0.6387	ices_world_grad_norm:     11.9366
ices_world_loss:          -6.1921	loss:                      0.0236	q_taken_mean:              1.0358	return_mean:              12.7363
return_std:                3.9727	target_mean:               1.0483	td_error_abs:              0.0970	test_battle_won_mean:      0.8812
test_dead_allies_mean:     0.9500	test_dead_enemies_mean:    4.6500	test_ep_length_mean:     161.8000	test_return_mean:         21.5572
test_return_std:           2.1783	
[INFO 12:40:29] my_main t_env: 1906401 / 2050000
[INFO 12:40:29] my_main Estimated time left: 20 minutes, 2 seconds. Time passed: 4 hours, 20 minutes, 46 seconds
[INFO 12:40:48] my_main Recent Stats | t_env:    1906401 | Episode:    17281
battle_won_mean:           0.0635	dead_allies_mean:          2.8143	dead_enemies_mean:         1.6875	ep_length_mean:          142.3368
epsilon:                   0.0500	grad_norm:                 0.4103	ices_int_critic_grad_norm:  0.0329	ices_int_critic_loss:      0.0137
ices_int_grad_norm:        3.0633	ices_int_loss:           -114.2133	ices_intrinsic_reward_mean:  0.6355	ices_world_grad_norm:     10.9141
ices_world_loss:          -6.2100	loss:                      0.0239	q_taken_mean:              1.0456	return_mean:              13.1082
return_std:                4.1294	target_mean:               1.0552	td_error_abs:              0.0966	test_battle_won_mean:      0.8875
test_dead_allies_mean:     0.9313	test_dead_enemies_mean:    4.6813	test_ep_length_mean:     158.3063	test_return_mean:         21.4517
test_return_std:           2.1509	
[INFO 12:41:48] my_main t_env: 1916503 / 2050000
[INFO 12:41:48] my_main Estimated time left: 17 minutes, 22 seconds. Time passed: 4 hours, 22 minutes, 5 seconds
[INFO 12:42:08] my_main Recent Stats | t_env:    1916503 | Episode:    17350
battle_won_mean:           0.0753	dead_allies_mean:          2.7928	dead_enemies_mean:         1.7039	ep_length_mean:          143.7569
epsilon:                   0.0500	grad_norm:                 0.5070	ices_int_critic_grad_norm:  0.0290	ices_int_critic_loss:      0.0137
ices_int_grad_norm:        3.2696	ices_int_loss:           -127.4925	ices_intrinsic_reward_mean:  0.6348	ices_world_grad_norm:     11.0354
ices_world_loss:          -6.2138	loss:                      0.0248	q_taken_mean:              1.0593	return_mean:              13.2654
return_std:                4.3686	target_mean:               1.0717	td_error_abs:              0.1010	test_battle_won_mean:      0.8875
test_dead_allies_mean:     0.9062	test_dead_enemies_mean:    4.6562	test_ep_length_mean:     158.9313	test_return_mean:         21.4611
test_return_std:           2.3626	
[INFO 12:42:53] my_main Updated target network
[INFO 12:43:06] my_main t_env: 1926559 / 2050000
[INFO 12:43:06] my_main Estimated time left: 15 minutes, 57 seconds. Time passed: 4 hours, 23 minutes, 23 seconds
[INFO 12:43:26] my_main Recent Stats | t_env:    1926559 | Episode:    17415
battle_won_mean:           0.0705	dead_allies_mean:          2.7980	dead_enemies_mean:         1.7150	ep_length_mean:          147.1203
epsilon:                   0.0500	grad_norm:                 0.5905	ices_int_critic_grad_norm:  0.0271	ices_int_critic_loss:      0.0138
ices_int_grad_norm:        3.5066	ices_int_loss:           -121.6744	ices_intrinsic_reward_mean:  0.6279	ices_world_grad_norm:     11.9582
ices_world_loss:          -6.2363	loss:                      0.0254	q_taken_mean:              1.0605	return_mean:              13.3859
return_std:                4.3115	target_mean:               1.0691	td_error_abs:              0.1031	test_battle_won_mean:      0.8875
test_dead_allies_mean:     0.8875	test_dead_enemies_mean:    4.6437	test_ep_length_mean:     160.3000	test_return_mean:         21.4776
test_return_std:           2.3773	
[INFO 12:44:27] my_main t_env: 1936632 / 2050000
[INFO 12:44:27] my_main Estimated time left: 15 minutes, 13 seconds. Time passed: 4 hours, 24 minutes, 44 seconds
[INFO 12:44:47] my_main Recent Stats | t_env:    1936632 | Episode:    17488
battle_won_mean:           0.0786	dead_allies_mean:          2.7984	dead_enemies_mean:         1.6969	ep_length_mean:          146.9370
epsilon:                   0.0500	grad_norm:                 0.6642	ices_int_critic_grad_norm:  0.0272	ices_int_critic_loss:      0.0137
ices_int_grad_norm:        4.6736	ices_int_loss:           -121.3186	ices_intrinsic_reward_mean:  0.6267	ices_world_grad_norm:     12.1805
ices_world_loss:          -6.2422	loss:                      0.0262	q_taken_mean:              1.0800	return_mean:              13.4532
return_std:                4.3604	target_mean:               1.0801	td_error_abs:              0.1062	test_battle_won_mean:      0.8812
test_dead_allies_mean:     0.9250	test_dead_enemies_mean:    4.6125	test_ep_length_mean:     160.7188	test_return_mean:         21.3445
test_return_std:           2.7973	
RequestQuit command received.
Closing Application...
DataHandler: unable to parse websocket frame.
CloseHandler: 127.0.0.1:40922 disconnected
[INFO 12:45:12] absl Shutdown gracefully.
[INFO 12:45:12] absl Shutdown with return code: -15
[INFO 12:45:12] absl Launching SC2: /labmount/users/202535331/MARL/pymarl-monotone-qmix/3rdparty/StarCraftII/Versions/Base75689/SC2_x64 -listen 127.0.0.1 -port 39937 -dataDir /labmount/users/202535331/MARL/pymarl-monotone-qmix/3rdparty/StarCraftII/ -tempDir /tmp/sc-2gzcuu5j/
[INFO 12:45:12] absl Connecting to: ws://127.0.0.1:39937/sc2api, attempt: 0, running: True
Version: B75689 (SC2.4.10)
Build: Aug 12 2019 17:16:57
Command Line: '"/labmount/users/202535331/MARL/pymarl-monotone-qmix/3rdparty/StarCraftII/Versions/Base75689/SC2_x64" -listen 127.0.0.1 -port 39937 -dataDir /labmount/users/202535331/MARL/pymarl-monotone-qmix/3rdparty/StarCraftII/ -tempDir /tmp/sc-2gzcuu5j/'
Starting up...
Startup Phase 1 complete
[INFO 12:45:13] absl Connecting to: ws://127.0.0.1:39937/sc2api, attempt: 1, running: True
Startup Phase 2 complete
Creating stub renderer...
Listening on: 127.0.0.1:39937
Startup Phase 3 complete. Ready for commands.
[INFO 12:45:14] absl Connecting to: ws://127.0.0.1:39937/sc2api, attempt: 2, running: True
ConnectHandler: Request from 127.0.0.1:53962 accepted
ReadyHandler: 127.0.0.1:53962 ready
Requesting to join a single player game
Configuring interface options
Configure: raw interface enabled
Configure: feature layer interface disabled
Configure: score interface disabled
Configure: render interface disabled
Launching next game.
Next launch phase started: 2
Next launch phase started: 3
Next launch phase started: 4
Next launch phase started: 5
Next launch phase started: 6
Next launch phase started: 7
Next launch phase started: 8
Game has started.
Using default stable ids, none found at: /labmount/users/202535331/MARL/pymarl-monotone-qmix/3rdparty/StarCraftII/stableid.json
Successfully loaded stable ids: GameData\stableid.json
Sending ResponseJoinGame
[INFO 12:45:55] my_main t_env: 1946743 / 2050000
[INFO 12:45:55] my_main Estimated time left: 14 minutes, 59 seconds. Time passed: 4 hours, 26 minutes, 12 seconds
[INFO 12:46:15] my_main Recent Stats | t_env:    1946743 | Episode:    17565
battle_won_mean:           0.0638	dead_allies_mean:          2.8243	dead_enemies_mean:         1.6036	ep_length_mean:          144.1211
epsilon:                   0.0500	grad_norm:                 0.5285	ices_int_critic_grad_norm:  0.0256	ices_int_critic_loss:      0.0144
ices_int_grad_norm:        4.6635	ices_int_loss:           -120.7937	ices_intrinsic_reward_mean:  0.6275	ices_world_grad_norm:     13.1247
ices_world_loss:          -6.2561	loss:                      0.0249	q_taken_mean:              1.0758	return_mean:              13.2418
return_std:                4.0856	target_mean:               1.0675	td_error_abs:              0.0981	test_battle_won_mean:      0.8750
test_dead_allies_mean:     1.0063	test_dead_enemies_mean:    4.5938	test_ep_length_mean:     160.3625	test_return_mean:         21.3484
test_return_std:           2.6966	
[INFO 12:46:45] my_main Updated target network
[INFO 12:47:18] my_main t_env: 1956815 / 2050000
[INFO 12:47:18] my_main Estimated time left: 12 minutes, 51 seconds. Time passed: 4 hours, 27 minutes, 36 seconds
[INFO 12:47:38] my_main Recent Stats | t_env:    1956815 | Episode:    17644
battle_won_mean:           0.0420	dead_allies_mean:          2.8598	dead_enemies_mean:         1.4830	ep_length_mean:          139.5810
epsilon:                   0.0500	grad_norm:                 0.5000	ices_int_critic_grad_norm:  0.0221	ices_int_critic_loss:      0.0142
ices_int_grad_norm:        5.2705	ices_int_loss:           -124.4615	ices_intrinsic_reward_mean:  0.6193	ices_world_grad_norm:     12.8909
ices_world_loss:          -6.2552	loss:                      0.0252	q_taken_mean:              1.0778	return_mean:              12.9095
return_std:                3.9365	target_mean:               1.0709	td_error_abs:              0.0987	test_battle_won_mean:      0.8750
test_dead_allies_mean:     1.0250	test_dead_enemies_mean:    4.5938	test_ep_length_mean:     161.6687	test_return_mean:         21.4583
test_return_std:           2.9244	
[INFO 12:48:40] my_main t_env: 1966882 / 2050000
[INFO 12:48:40] my_main Estimated time left: 11 minutes, 12 seconds. Time passed: 4 hours, 28 minutes, 57 seconds
[INFO 12:49:01] my_main Recent Stats | t_env:    1966882 | Episode:    17718
battle_won_mean:           0.0329	dead_allies_mean:          2.8875	dead_enemies_mean:         1.4339	ep_length_mean:          137.5080
epsilon:                   0.0500	grad_norm:                 0.4747	ices_int_critic_grad_norm:  0.0223	ices_int_critic_loss:      0.0143
ices_int_grad_norm:        5.2795	ices_int_loss:           -123.1428	ices_intrinsic_reward_mean:  0.6071	ices_world_grad_norm:     13.4132
ices_world_loss:          -6.2777	loss:                      0.0249	q_taken_mean:              1.0862	return_mean:              12.7657
return_std:                3.7523	target_mean:               1.0785	td_error_abs:              0.0964	test_battle_won_mean:      0.8688
test_dead_allies_mean:     1.0375	test_dead_enemies_mean:    4.6000	test_ep_length_mean:     163.9187	test_return_mean:         21.6231
test_return_std:           2.4807	
[INFO 12:50:02] my_main t_env: 1977036 / 2050000
[INFO 12:50:02] my_main Estimated time left: 9 minutes, 48 seconds. Time passed: 4 hours, 30 minutes, 19 seconds
[INFO 12:50:22] my_main Recent Stats | t_env:    1977036 | Episode:    17792
battle_won_mean:           0.0322	dead_allies_mean:          2.9070	dead_enemies_mean:         1.3699	ep_length_mean:          134.0097
epsilon:                   0.0500	grad_norm:                 0.4759	ices_int_critic_grad_norm:  0.0290	ices_int_critic_loss:      0.0147
ices_int_grad_norm:        5.4954	ices_int_loss:           -115.6915	ices_intrinsic_reward_mean:  0.6073	ices_world_grad_norm:     13.0774
ices_world_loss:          -6.2673	loss:                      0.0246	q_taken_mean:              1.0931	return_mean:              12.5455
return_std:                3.7531	target_mean:               1.0921	td_error_abs:              0.0967	test_battle_won_mean:      0.8875
test_dead_allies_mean:     1.0625	test_dead_enemies_mean:    4.6500	test_ep_length_mean:     164.0563	test_return_mean:         21.6864
test_return_std:           2.4960	
[INFO 12:50:28] my_main Updated target network
RequestQuit command received.
Closing Application...
DataHandler: unable to parse websocket frame.
CloseHandler: 127.0.0.1:53962 disconnected
[INFO 12:51:12] absl Shutdown gracefully.
[INFO 12:51:12] absl Shutdown with return code: -15
[INFO 12:51:12] absl Launching SC2: /labmount/users/202535331/MARL/pymarl-monotone-qmix/3rdparty/StarCraftII/Versions/Base75689/SC2_x64 -listen 127.0.0.1 -port 33071 -dataDir /labmount/users/202535331/MARL/pymarl-monotone-qmix/3rdparty/StarCraftII/ -tempDir /tmp/sc-ex4ye3n4/
[INFO 12:51:12] absl Connecting to: ws://127.0.0.1:33071/sc2api, attempt: 0, running: True
Version: B75689 (SC2.4.10)
Build: Aug 12 2019 17:16:57
Command Line: '"/labmount/users/202535331/MARL/pymarl-monotone-qmix/3rdparty/StarCraftII/Versions/Base75689/SC2_x64" -listen 127.0.0.1 -port 33071 -dataDir /labmount/users/202535331/MARL/pymarl-monotone-qmix/3rdparty/StarCraftII/ -tempDir /tmp/sc-ex4ye3n4/'
Starting up...
Startup Phase 1 complete
[INFO 12:51:13] absl Connecting to: ws://127.0.0.1:33071/sc2api, attempt: 1, running: True
Startup Phase 2 complete
Creating stub renderer...
Listening on: 127.0.0.1:33071
Startup Phase 3 complete. Ready for commands.
[INFO 12:51:14] absl Connecting to: ws://127.0.0.1:33071/sc2api, attempt: 2, running: True
ConnectHandler: Request from 127.0.0.1:41348 accepted
ReadyHandler: 127.0.0.1:41348 ready
Requesting to join a single player game
Configuring interface options
Configure: raw interface enabled
Configure: feature layer interface disabled
Configure: score interface disabled
Configure: render interface disabled
Launching next game.
Next launch phase started: 2
Next launch phase started: 3
Next launch phase started: 4
Next launch phase started: 5
Next launch phase started: 6
Next launch phase started: 7
Next launch phase started: 8
Game has started.
Using default stable ids, none found at: /labmount/users/202535331/MARL/pymarl-monotone-qmix/3rdparty/StarCraftII/stableid.json
Successfully loaded stable ids: GameData\stableid.json
Sending ResponseJoinGame
Deferred error: 536936448 (0x20010000)
Deferred error details: Bad profiling data. TimeMS: 6186541.500000 Conversion: 1.000000e-03
[INFO 12:51:29] my_main t_env: 1987232 / 2050000
[INFO 12:51:29] my_main Estimated time left: 8 minutes, 58 seconds. Time passed: 4 hours, 31 minutes, 47 seconds
[INFO 12:51:49] my_main Recent Stats | t_env:    1987232 | Episode:    17866
battle_won_mean:           0.0293	dead_allies_mean:          2.9047	dead_enemies_mean:         1.3712	ep_length_mean:          133.9692
epsilon:                   0.0500	grad_norm:                 0.3090	ices_int_critic_grad_norm:  0.0259	ices_int_critic_loss:      0.0148
ices_int_grad_norm:        4.9290	ices_int_loss:           -123.0669	ices_intrinsic_reward_mean:  0.6004	ices_world_grad_norm:     13.1047
ices_world_loss:          -6.2724	loss:                      0.0230	q_taken_mean:              1.0909	return_mean:              12.5532
return_std:                3.7344	target_mean:               1.0958	td_error_abs:              0.0918	test_battle_won_mean:      0.9125
test_dead_allies_mean:     0.9500	test_dead_enemies_mean:    4.7188	test_ep_length_mean:     161.9625	test_return_mean:         21.9281
test_return_std:           1.8360	
[INFO 12:52:50] my_main t_env: 1997372 / 2050000
[INFO 12:52:50] my_main Estimated time left: 6 minutes, 59 seconds. Time passed: 4 hours, 33 minutes, 7 seconds
[INFO 12:53:10] my_main Recent Stats | t_env:    1997372 | Episode:    17938
battle_won_mean:           0.0461	dead_allies_mean:          2.8697	dead_enemies_mean:         1.4333	ep_length_mean:          135.8735
epsilon:                   0.0500	grad_norm:                 0.4167	ices_int_critic_grad_norm:  0.0237	ices_int_critic_loss:      0.0147
ices_int_grad_norm:        5.3067	ices_int_loss:           -113.9207	ices_intrinsic_reward_mean:  0.6031	ices_world_grad_norm:     12.1528
ices_world_loss:          -6.2586	loss:                      0.0242	q_taken_mean:              1.1007	return_mean:              12.7852
return_std:                3.8754	target_mean:               1.1129	td_error_abs:              0.0978	test_battle_won_mean:      0.9375
test_dead_allies_mean:     0.8500	test_dead_enemies_mean:    4.8125	test_ep_length_mean:     161.3875	test_return_mean:         22.1237
test_return_std:           1.6899	
[INFO 12:53:25] my_main Saving models to results/models/ices_3s_vs_5z_seed41__2026-09-26_08-19-40/2000144
[INFO 12:54:06] my_main Updated target network
[INFO 12:54:09] my_main t_env: 2007383 / 2050000
[INFO 12:54:09] my_main Estimated time left: 5 minutes, 36 seconds. Time passed: 4 hours, 34 minutes, 26 seconds
[INFO 12:54:28] my_main Recent Stats | t_env:    2007383 | Episode:    18005
battle_won_mean:           0.0649	dead_allies_mean:          2.8252	dead_enemies_mean:         1.5390	ep_length_mean:          140.2584
epsilon:                   0.0500	grad_norm:                 0.5163	ices_int_critic_grad_norm:  0.0254	ices_int_critic_loss:      0.0148
ices_int_grad_norm:        6.0766	ices_int_loss:           -111.2211	ices_intrinsic_reward_mean:  0.6035	ices_world_grad_norm:     12.5069
ices_world_loss:          -6.2584	loss:                      0.0241	q_taken_mean:              1.1075	return_mean:              13.1257
return_std:                4.0319	target_mean:               1.1165	td_error_abs:              0.0994	test_battle_won_mean:      0.9375
test_dead_allies_mean:     0.7812	test_dead_enemies_mean:    4.8063	test_ep_length_mean:     160.1125	test_return_mean:         22.1510
test_return_std:           1.5541	
[INFO 12:55:28] my_main t_env: 2017441 / 2050000
[INFO 12:55:28] my_main Estimated time left: 4 minutes, 15 seconds. Time passed: 4 hours, 35 minutes, 45 seconds
[INFO 12:55:47] my_main Recent Stats | t_env:    2017441 | Episode:    18076
battle_won_mean:           0.0764	dead_allies_mean:          2.8102	dead_enemies_mean:         1.5987	ep_length_mean:          141.3826
epsilon:                   0.0500	grad_norm:                 0.4459	ices_int_critic_grad_norm:  0.0249	ices_int_critic_loss:      0.0150
ices_int_grad_norm:        6.1789	ices_int_loss:           -109.9628	ices_intrinsic_reward_mean:  0.6080	ices_world_grad_norm:     12.1681
ices_world_loss:          -6.2474	loss:                      0.0238	q_taken_mean:              1.1118	return_mean:              13.3346
return_std:                4.1679	target_mean:               1.1188	td_error_abs:              0.0991	test_battle_won_mean:      0.9437
test_dead_allies_mean:     0.7250	test_dead_enemies_mean:    4.8187	test_ep_length_mean:     156.7063	test_return_mean:         22.0486
test_return_std:           1.6814	
[INFO 12:56:45] my_main t_env: 2027580 / 2050000
[INFO 12:56:45] my_main Estimated time left: 2 minutes, 51 seconds. Time passed: 4 hours, 37 minutes, 3 seconds
RequestQuit command received.
DataHandler: unable to parse websocket frame.
Closing Application...
CloseHandler: 127.0.0.1:41348 disconnected
ResponseThread: No connection, dropping the response.
[INFO 12:56:59] absl Shutdown gracefully.
[INFO 12:56:59] absl Shutdown with return code: -15
[INFO 12:56:59] absl Launching SC2: /labmount/users/202535331/MARL/pymarl-monotone-qmix/3rdparty/StarCraftII/Versions/Base75689/SC2_x64 -listen 127.0.0.1 -port 41023 -dataDir /labmount/users/202535331/MARL/pymarl-monotone-qmix/3rdparty/StarCraftII/ -tempDir /tmp/sc-xjxi817b/
[INFO 12:56:59] absl Connecting to: ws://127.0.0.1:41023/sc2api, attempt: 0, running: True
Version: B75689 (SC2.4.10)
Build: Aug 12 2019 17:16:57
Command Line: '"/labmount/users/202535331/MARL/pymarl-monotone-qmix/3rdparty/StarCraftII/Versions/Base75689/SC2_x64" -listen 127.0.0.1 -port 41023 -dataDir /labmount/users/202535331/MARL/pymarl-monotone-qmix/3rdparty/StarCraftII/ -tempDir /tmp/sc-xjxi817b/'
Starting up...
Startup Phase 1 complete
[INFO 12:57:00] absl Connecting to: ws://127.0.0.1:41023/sc2api, attempt: 1, running: True
Startup Phase 2 complete
Creating stub renderer...
Listening on: 127.0.0.1:41023
Startup Phase 3 complete. Ready for commands.
[INFO 12:57:01] absl Connecting to: ws://127.0.0.1:41023/sc2api, attempt: 2, running: True
ConnectHandler: Request from 127.0.0.1:51452 accepted
ReadyHandler: 127.0.0.1:51452 ready
Requesting to join a single player game
Configuring interface options
Configure: raw interface enabled
Configure: feature layer interface disabled
Configure: score interface disabled
Configure: render interface disabled
Launching next game.
Next launch phase started: 2
Next launch phase started: 3
Next launch phase started: 4
Next launch phase started: 5
Next launch phase started: 6
Next launch phase started: 7
Next launch phase started: 8
Game has started.
Using default stable ids, none found at: /labmount/users/202535331/MARL/pymarl-monotone-qmix/3rdparty/StarCraftII/stableid.json
Successfully loaded stable ids: GameData\stableid.json
Sending ResponseJoinGame
[INFO 12:57:10] my_main Recent Stats | t_env:    2027580 | Episode:    18142
battle_won_mean:           0.0892	dead_allies_mean:          2.7698	dead_enemies_mean:         1.7335	ep_length_mean:          144.6636
epsilon:                   0.0500	grad_norm:                 0.4410	ices_int_critic_grad_norm:  0.0208	ices_int_critic_loss:      0.0151
ices_int_grad_norm:        6.3488	ices_int_loss:           -116.1322	ices_intrinsic_reward_mean:  0.6110	ices_world_grad_norm:     12.1647
ices_world_loss:          -6.2301	loss:                      0.0247	q_taken_mean:              1.1289	return_mean:              13.7705
return_std:                4.2895	target_mean:               1.1356	td_error_abs:              0.1004	test_battle_won_mean:      0.9250
test_dead_allies_mean:     0.6312	test_dead_enemies_mean:    4.7625	test_ep_length_mean:     153.4688	test_return_mean:         21.8495
test_return_std:           1.6408	
[INFO 12:58:04] my_main Updated target network
[INFO 12:58:10] my_main t_env: 2037726 / 2050000
[INFO 12:58:10] my_main Estimated time left: 1 minutes, 41 seconds. Time passed: 4 hours, 38 minutes, 27 seconds
[INFO 12:58:30] my_main Recent Stats | t_env:    2037726 | Episode:    18208
battle_won_mean:           0.0936	dead_allies_mean:          2.7484	dead_enemies_mean:         1.7914	ep_length_mean:          147.8523
epsilon:                   0.0500	grad_norm:                 0.5691	ices_int_critic_grad_norm:  0.0233	ices_int_critic_loss:      0.0156
ices_int_grad_norm:        6.3294	ices_int_loss:           -122.4626	ices_intrinsic_reward_mean:  0.6159	ices_world_grad_norm:     11.7694
ices_world_loss:          -6.2229	loss:                      0.0253	q_taken_mean:              1.1412	return_mean:              13.9632
return_std:                4.2920	target_mean:               1.1515	td_error_abs:              0.1034	test_battle_won_mean:      0.9375
test_dead_allies_mean:     0.6687	test_dead_enemies_mean:    4.8063	test_ep_length_mean:     154.7562	test_return_mean:         21.9163
test_return_std:           1.6745	
[INFO 12:59:29] my_main t_env: 2047737 / 2050000
[INFO 12:59:29] my_main Estimated time left: 17 seconds. Time passed: 4 hours, 39 minutes, 47 seconds
[INFO 12:59:48] my_main Recent Stats | t_env:    2047737 | Episode:    18276
battle_won_mean:           0.0947	dead_allies_mean:          2.7479	dead_enemies_mean:         1.8541	ep_length_mean:          149.1298
epsilon:                   0.0500	grad_norm:                 0.4147	ices_int_critic_grad_norm:  0.0180	ices_int_critic_loss:      0.0158
ices_int_grad_norm:        6.2053	ices_int_loss:           -127.4566	ices_intrinsic_reward_mean:  0.6062	ices_world_grad_norm:     11.8301
ices_world_loss:          -6.2443	loss:                      0.0237	q_taken_mean:              1.1419	return_mean:              14.1407
return_std:                4.2425	target_mean:               1.1475	td_error_abs:              0.0979	test_battle_won_mean:      0.9250
test_dead_allies_mean:     0.6813	test_dead_enemies_mean:    4.7687	test_ep_length_mean:     153.2125	test_return_mean:         21.6752
test_return_std:           1.9919	
RequestQuit command received.
DataHandler: unable to parse websocket frame.
CloseHandler: 127.0.0.1:51452 disconnected
Closing Application...
ResponseThread: No connection, dropping the response.
[INFO 13:00:02] absl Shutdown gracefully.
[INFO 13:00:02] absl Shutdown with return code: -15
[INFO 13:00:02] my_main Finished Training
