/labmount/users/202535331/miniconda3/envs/pymarl/lib/python3.9/site-packages/sacred/dependencies.py:11: UserWarning: pkg_resources is deprecated as an API. See https://setuptools.pypa.io/en/latest/pkg_resources.html. The pkg_resources package is slated for removal as early as 2025-11-30. Refrain from using this package or pin to Setuptools<81.
  import pkg_resources
[DEBUG 02:29:45] git.cmd Popen(['git', 'version'], cwd=/labmount/users/202535331/MARL/pymarl-monotone-qmix, stdin=None, shell=False, universal_newlines=False)
[DEBUG 02:29:45] git.cmd Popen(['git', 'version'], cwd=/labmount/users/202535331/MARL/pymarl-monotone-qmix, stdin=None, shell=False, universal_newlines=False)
[DEBUG 02:29:45] git.util sys.platform='linux', git_executable='git'
[DEBUG 02:29:45] git.cmd Popen(['git', 'diff', '--cached', '--abbrev=40', '--full-index', '--raw'], cwd=/labmount/users/202535331/MARL/pymarl-monotone-qmix, stdin=None, shell=False, universal_newlines=False)
[DEBUG 02:29:45] git.cmd Popen(['git', 'diff', '--abbrev=40', '--full-index', '--raw'], cwd=/labmount/users/202535331/MARL/pymarl-monotone-qmix, stdin=None, shell=False, universal_newlines=False)
[DEBUG 02:29:45] git.cmd Popen(['git', 'cat-file', '--batch-check'], cwd=/labmount/users/202535331/MARL/pymarl-monotone-qmix, stdin=<valid stream>, shell=False, universal_newlines=False)
[DEBUG 02:29:45] git.util sys.platform='linux', git_executable='git'
[DEBUG 02:29:45] git.cmd Popen(['git', 'diff', '--cached', '--abbrev=40', '--full-index', '--raw'], cwd=/labmount/users/202535331/MARL/pymarl-monotone-qmix, stdin=None, shell=False, universal_newlines=False)
[DEBUG 02:29:45] git.cmd Popen(['git', 'diff', '--abbrev=40', '--full-index', '--raw'], cwd=/labmount/users/202535331/MARL/pymarl-monotone-qmix, stdin=None, shell=False, universal_newlines=False)
[DEBUG 02:29:45] git.cmd Popen(['git', 'cat-file', '--batch-check'], cwd=/labmount/users/202535331/MARL/pymarl-monotone-qmix, stdin=<valid stream>, shell=False, universal_newlines=False)
[DEBUG 02:29:45] git.util sys.platform='linux', git_executable='git'
[DEBUG 02:29:45] git.cmd Popen(['git', 'diff', '--cached', '--abbrev=40', '--full-index', '--raw'], cwd=/labmount/users/202535331/MARL/pymarl-monotone-qmix, stdin=None, shell=False, universal_newlines=False)
[DEBUG 02:29:45] git.cmd Popen(['git', 'diff', '--abbrev=40', '--full-index', '--raw'], cwd=/labmount/users/202535331/MARL/pymarl-monotone-qmix, stdin=None, shell=False, universal_newlines=False)
[DEBUG 02:29:45] git.cmd Popen(['git', 'cat-file', '--batch-check'], cwd=/labmount/users/202535331/MARL/pymarl-monotone-qmix, stdin=<valid stream>, shell=False, universal_newlines=False)
[INFO 02:29:45] root Saving to FileStorageObserver in /labmount/users/202535331/MARL/pymarl-monotone-qmix/results/sacred/s2q.
[DEBUG 02:29:45] pymarl Using capture mode "fd"
[INFO 02:29:45] pymarl Running command 'my_main'
[INFO 02:29:45] pymarl Started run with ID "32"
[DEBUG 02:29:45] pymarl Starting Heartbeat
[DEBUG 02:29:45] my_main Started
[INFO 02:29:45] my_main Experiment Parameters:
[INFO 02:29:45] my_main 

{   'action_selector': 's2q_epsilon_greedy',
    'agent': 's2q_rnn',
    'agent_output_type': 'q',
    'batch_size': 32,
    'batch_size_run': 1,
    'buffer_cpu_only': True,
    'buffer_size': 5000,
    'central_action_embed': 1,
    'central_mixing_embed_dim': 256,
    'checkpoint_path': '',
    'common_reward': True,
    'critic_lr': 0.0005,
    'double_q': True,
    'env': 'sc2',
    'env_args': {   'continuing_episode': False,
                    'debug': False,
                    'difficulty': '7',
                    'game_version': None,
                    'heuristic_ai': False,
                    'heuristic_rest': False,
                    'map_name': 'bane_vs_bane',
                    'move_amount': 2,
                    'obs_all_health': True,
                    'obs_instead_of_state': False,
                    'obs_last_action': False,
                    'obs_own_health': True,
                    'obs_pathing_grid': False,
                    'obs_terrain_height': False,
                    'obs_timestep_number': False,
                    'replay_dir': '',
                    'replay_prefix': '',
                    'reward_death_value': 10,
                    'reward_defeat': 0,
                    'reward_negative_scale': 0.5,
                    'reward_only_positive': True,
                    'reward_scale': True,
                    'reward_scale_rate': 20,
                    'reward_sparse': False,
                    'reward_win': 200,
                    'seed': 141,
                    'state_last_action': True,
                    'state_timestep_number': False,
                    'step_mul': 8},
    'epsilon_anneal_time': 50000,
    'epsilon_finish': 0.05,
    'epsilon_start': 1.0,
    'evaluate': False,
    'evaluation_epsilon': 0.0,
    'gamma': 0.99,
    'grad_norm_clip': 10,
    'hypernet_embed': 64,
    'hypernet_layers': 2,
    'label': 'default_label',
    'learner': 's2q_learner',
    'learner_log_interval': 10000,
    'load_step': 0,
    'local_results_path': 'results',
    'log_interval': 10000,
    'lr': 0.0005,
    'mac': 's2q_mac',
    'mixer': 'qmix',
    'mixing_embed_dim': 32,
    'name': 's2q_bane_vs_bane_seed141',
    'obs_agent_id': True,
    'obs_last_action': True,
    'optim_alpha': 0.99,
    'optim_eps': 1e-05,
    'optimizer': 'rmsprop',
    'repeat_id': 1,
    'rnn_hidden_dim': 64,
    'runner': 'episode',
    'runner_log_interval': 10000,
    's2q_central_hidden_dim': 64,
    's2q_central_use_agent_id': True,
    's2q_encoder_hidden_dim': 64,
    's2q_hidden_dim': 64,
    's2q_k': 2,
    's2q_latent_dim': 32,
    's2q_temperature': 0.1,
    'save_model': True,
    'save_model_interval': 2000000,
    'save_replay': False,
    'seed': 141,
    't_max': 2050000,
    'target_update_interval': 200,
    'test_greedy': True,
    'test_interval': 10000,
    'test_nepisode': 32,
    'use_cuda': True,
    'use_tensorboard': True,
    'w_c': 0.9}

[INFO 02:29:54] my_main Beginning training for 2050000 timesteps
[INFO 02:29:54] absl Launching SC2: /labmount/users/202535331/MARL/pymarl-monotone-qmix/3rdparty/StarCraftII/Versions/Base75689/SC2_x64 -listen 127.0.0.1 -port 38465 -dataDir /labmount/users/202535331/MARL/pymarl-monotone-qmix/3rdparty/StarCraftII/ -tempDir /tmp/sc-2x7l70c5/
[INFO 02:29:54] absl Connecting to: ws://127.0.0.1:38465/sc2api, attempt: 0, running: True
Version: B75689 (SC2.4.10)
Build: Aug 12 2019 17:16:57
Command Line: '"/labmount/users/202535331/MARL/pymarl-monotone-qmix/3rdparty/StarCraftII/Versions/Base75689/SC2_x64" -listen 127.0.0.1 -port 38465 -dataDir /labmount/users/202535331/MARL/pymarl-monotone-qmix/3rdparty/StarCraftII/ -tempDir /tmp/sc-2x7l70c5/'
Starting up...
Startup Phase 1 complete
[INFO 02:29:55] absl Connecting to: ws://127.0.0.1:38465/sc2api, attempt: 1, running: True
Startup Phase 2 complete
Creating stub renderer...
Listening on: 127.0.0.1:38465
Startup Phase 3 complete. Ready for commands.
[INFO 02:29:56] absl Connecting to: ws://127.0.0.1:38465/sc2api, attempt: 2, running: True
ConnectHandler: Request from 127.0.0.1:49810 accepted
ReadyHandler: 127.0.0.1:49810 ready
Requesting to join a single player game
Configuring interface options
Configure: raw interface enabled
Configure: feature layer interface disabled
Configure: score interface disabled
Configure: render interface disabled
Launching next game.
Next launch phase started: 2
Next launch phase started: 3
Next launch phase started: 4
Next launch phase started: 5
Next launch phase started: 6
Next launch phase started: 7
Next launch phase started: 8
Game has started.
Using default stable ids, none found at: /labmount/users/202535331/MARL/pymarl-monotone-qmix/3rdparty/StarCraftII/stableid.json
Successfully loaded stable ids: GameData\stableid.json
Sending ResponseJoinGame
[INFO 02:30:00] my_main t_env: 13 / 2050000
[INFO 02:30:00] my_main Estimated time left: 19 minutes, 6 seconds. Time passed: 5 seconds
[INFO 02:30:09] my_main Saving models to results/models/s2q_bane_vs_bane_seed141__2026-10-02_02-29-45/13
[INFO 02:33:20] my_main Recent Stats | t_env:      10011 | Episode:      383
battle_won_mean:           1.0000	dead_allies_mean:         20.0000	dead_enemies_mean:        24.0000	ep_length_mean:           13.0000
epsilon:                   1.0000	grad_norm:                13.4145	loss:                     21.2157	loss_central:              5.5364
loss_latent:               0.0692	loss_td:                  15.6101	q_taken_mean:              0.0311	return_mean:              20.0043
return_std:                0.0000	target_mean:               0.7856	td_error_abs:              0.8737	test_battle_won_mean:      0.3125
test_dead_allies_mean:    22.8750	test_dead_enemies_mean:   21.8125	test_ep_length_mean:      54.9062	test_return_mean:         16.3939
test_return_std:           2.9543	
[INFO 02:33:20] my_main t_env: 10027 / 2050000
[INFO 02:33:20] my_main Estimated time left: 11 hours, 21 minutes, 6 seconds. Time passed: 3 minutes, 26 seconds
[INFO 02:37:39] my_main Recent Stats | t_env:      20012 | Episode:      862
battle_won_mean:           0.9034	dead_allies_mean:         20.9334	dead_enemies_mean:        23.9086	ep_length_mean:           19.5731
epsilon:                   0.8098	grad_norm:                21.4946	loss:                     19.7652	loss_central:              4.1600
loss_latent:               4.2912	loss_td:                  11.3140	q_taken_mean:              0.7274	return_mean:              19.6744
return_std:                0.7482	target_mean:               1.2749	td_error_abs:              0.8305	test_battle_won_mean:      0.2656
test_dead_allies_mean:    22.7344	test_dead_enemies_mean:   20.4531	test_ep_length_mean:      73.2812	test_return_mean:         15.3676
test_return_std:           3.4939	
[INFO 02:37:40] my_main t_env: 20030 / 2050000
[INFO 02:37:40] my_main Estimated time left: 14 hours, 37 minutes, 29 seconds. Time passed: 7 minutes, 45 seconds
[INFO 02:42:09] my_main Recent Stats | t_env:      30020 | Episode:     1429
battle_won_mean:           0.8333	dead_allies_mean:         21.3467	dead_enemies_mean:        23.8326	ep_length_mean:           20.0098
epsilon:                   0.6198	grad_norm:                25.1229	loss:                     17.7705	loss_central:              3.2203
loss_latent:               5.8175	loss_td:                   8.7326	q_taken_mean:              2.1015	return_mean:              19.4060
return_std:                1.1170	target_mean:               2.6561	td_error_abs:              0.8417	test_battle_won_mean:      0.3229
test_dead_allies_mean:    22.6771	test_dead_enemies_mean:   21.0104	test_ep_length_mean:      56.4479	test_return_mean:         15.9192
test_return_std:           3.3274	
[INFO 02:42:09] my_main t_env: 30032 / 2050000
[INFO 02:42:09] my_main Estimated time left: 15 hours, 7 minutes, 57 seconds. Time passed: 12 minutes, 15 seconds
[INFO 02:46:28] my_main Recent Stats | t_env:      40020 | Episode:     2012
battle_won_mean:           0.7753	dead_allies_mean:         21.6225	dead_enemies_mean:        23.7109	ep_length_mean:           19.4174
epsilon:                   0.4296	grad_norm:                35.6124	loss:                     15.9027	loss_central:              2.6427
loss_latent:               5.9722	loss_td:                   7.2878	q_taken_mean:              3.9669	return_mean:              19.1416
return_std:                1.3979	target_mean:               4.2061	td_error_abs:              0.8570	test_battle_won_mean:      0.3438
test_dead_allies_mean:    22.7188	test_dead_enemies_mean:   21.2500	test_ep_length_mean:      46.5234	test_return_mean:         16.1333
test_return_std:           3.2748	
[INFO 02:46:28] my_main t_env: 40038 / 2050000
[INFO 02:46:28] my_main Estimated time left: 14 hours, 26 minutes, 58 seconds. Time passed: 16 minutes, 34 seconds
[INFO 02:49:58] my_main Recent Stats | t_env:      50023 | Episode:     2469
battle_won_mean:           0.7242	dead_allies_mean:         21.8314	dead_enemies_mean:        23.5824	ep_length_mean:           18.9665
epsilon:                   0.2396	grad_norm:                34.7672	loss:                     14.0265	loss_central:              2.1942
loss_latent:               5.7118	loss_td:                   6.1205	q_taken_mean:              5.3772	return_mean:              18.8963
return_std:                1.5953	target_mean:               5.6520	td_error_abs:              0.7997	test_battle_won_mean:      0.3625
test_dead_allies_mean:    22.7375	test_dead_enemies_mean:   21.5875	test_ep_length_mean:      42.6125	test_return_mean:         16.4285
test_return_std:           3.0818	
[INFO 02:49:59] my_main t_env: 50041 / 2050000
[INFO 02:49:59] my_main Estimated time left: 11 hours, 41 minutes, 32 seconds. Time passed: 20 minutes, 4 seconds
RequestQuit command received.
Closing Application...
DataHandler: unable to parse websocket frame.
CloseHandler: 127.0.0.1:49810 disconnected
ResponseThread: No connection, dropping the response.
[INFO 02:51:45] absl Shutdown gracefully.
[INFO 02:51:45] absl Shutdown with return code: -15
[INFO 02:51:46] absl Launching SC2: /labmount/users/202535331/MARL/pymarl-monotone-qmix/3rdparty/StarCraftII/Versions/Base75689/SC2_x64 -listen 127.0.0.1 -port 44715 -dataDir /labmount/users/202535331/MARL/pymarl-monotone-qmix/3rdparty/StarCraftII/ -tempDir /tmp/sc-cldmvhwj/
[INFO 02:51:46] absl Connecting to: ws://127.0.0.1:44715/sc2api, attempt: 0, running: True
Version: B75689 (SC2.4.10)
Build: Aug 12 2019 17:16:57
Command Line: '"/labmount/users/202535331/MARL/pymarl-monotone-qmix/3rdparty/StarCraftII/Versions/Base75689/SC2_x64" -listen 127.0.0.1 -port 44715 -dataDir /labmount/users/202535331/MARL/pymarl-monotone-qmix/3rdparty/StarCraftII/ -tempDir /tmp/sc-cldmvhwj/'
Starting up...
Startup Phase 1 complete
[INFO 02:51:47] absl Connecting to: ws://127.0.0.1:44715/sc2api, attempt: 1, running: True
Startup Phase 2 complete
Creating stub renderer...
Listening on: 127.0.0.1:44715
Startup Phase 3 complete. Ready for commands.
[INFO 02:51:48] absl Connecting to: ws://127.0.0.1:44715/sc2api, attempt: 2, running: True
ConnectHandler: Request from 127.0.0.1:39838 accepted
ReadyHandler: 127.0.0.1:39838 ready
Requesting to join a single player game
Configuring interface options
Configure: raw interface enabled
Configure: feature layer interface disabled
Configure: score interface disabled
Configure: render interface disabled
Launching next game.
Next launch phase started: 2
Next launch phase started: 3
Next launch phase started: 4
Next launch phase started: 5
Next launch phase started: 6
Next launch phase started: 7
Next launch phase started: 8
Game has started.
Using default stable ids, none found at: /labmount/users/202535331/MARL/pymarl-monotone-qmix/3rdparty/StarCraftII/stableid.json
Successfully loaded stable ids: GameData\stableid.json
Sending ResponseJoinGame
[INFO 02:52:19] my_main Recent Stats | t_env:      60032 | Episode:     2681
battle_won_mean:           0.6192	dead_allies_mean:         22.3111	dead_enemies_mean:        23.3290	ep_length_mean:           20.7442
epsilon:                   0.0500	grad_norm:                37.3582	loss:                     11.0924	loss_central:              1.1526
loss_latent:               6.6990	loss_td:                   3.2407	q_taken_mean:              7.9101	return_mean:              18.4094
return_std:                2.1174	target_mean:               8.0822	td_error_abs:              0.7169	test_battle_won_mean:      0.4062
test_dead_allies_mean:    22.5063	test_dead_enemies_mean:   21.6687	test_ep_length_mean:      39.3625	test_return_mean:         16.6398
test_return_std:           3.0837	
[INFO 02:52:19] my_main t_env: 60064 / 2050000
[INFO 02:52:19] my_main Estimated time left: 7 hours, 44 minutes, 20 seconds. Time passed: 22 minutes, 25 seconds
[INFO 02:54:23] my_main t_env: 70211 / 2050000
[INFO 02:54:23] my_main Estimated time left: 6 hours, 42 minutes, 6 seconds. Time passed: 24 minutes, 28 seconds
[INFO 02:54:52] my_main Recent Stats | t_env:      70211 | Episode:     2810
battle_won_mean:           0.5051	dead_allies_mean:         22.2876	dead_enemies_mean:        22.5484	ep_length_mean:           36.6487
epsilon:                   0.0500	grad_norm:                37.0214	loss:                      8.7869	loss_central:              0.6564
loss_latent:               6.0193	loss_td:                   2.1113	q_taken_mean:              9.4479	return_mean:              17.5694
return_std:                2.8515	target_mean:               9.5059	td_error_abs:              0.6364	test_battle_won_mean:      0.3125
test_dead_allies_mean:    22.2688	test_dead_enemies_mean:   18.5437	test_ep_length_mean:      83.3000	test_return_mean:         14.2708
test_return_std:           3.5602	
[INFO 02:56:21] my_main t_env: 80268 / 2050000
[INFO 02:56:21] my_main Estimated time left: 6 hours, 25 minutes, 32 seconds. Time passed: 26 minutes, 26 seconds
[INFO 02:56:40] my_main Recent Stats | t_env:      80268 | Episode:     2905
battle_won_mean:           0.4291	dead_allies_mean:         22.2019	dead_enemies_mean:        21.6498	ep_length_mean:           54.2933
epsilon:                   0.0500	grad_norm:                36.1145	loss:                      7.1281	loss_central:              0.4345
loss_latent:               5.0267	loss_td:                   1.6669	q_taken_mean:             10.4409	return_mean:              16.7451
return_std:                3.2563	target_mean:              10.3962	td_error_abs:              0.5304	test_battle_won_mean:      0.3063
test_dead_allies_mean:    21.8500	test_dead_enemies_mean:   17.7375	test_ep_length_mean:     103.7250	test_return_mean:         13.7402
test_return_std:           4.0016	
[INFO 02:58:15] my_main t_env: 90390 / 2050000
[INFO 02:58:15] my_main Estimated time left: 6 hours, 9 minutes, 43 seconds. Time passed: 28 minutes, 21 seconds
[INFO 02:58:28] my_main Recent Stats | t_env:      90390 | Episode:     3010
battle_won_mean:           0.3880	dead_allies_mean:         22.1275	dead_enemies_mean:        21.0437	ep_length_mean:           70.1407
epsilon:                   0.0500	grad_norm:                28.8317	loss:                      6.5237	loss_central:              0.2863
loss_latent:               4.5252	loss_td:                   1.7122	q_taken_mean:              9.9616	return_mean:              16.2293
return_std:                3.6384	target_mean:              10.1425	td_error_abs:              0.4504	test_battle_won_mean:      0.2938
test_dead_allies_mean:    21.6812	test_dead_enemies_mean:   17.4312	test_ep_length_mean:     112.1688	test_return_mean:         13.5078
test_return_std:           4.2295	
[INFO 03:00:10] my_main t_env: 100399 / 2050000
[INFO 03:00:10] my_main Estimated time left: 6 hours, 11 minutes, 12 seconds. Time passed: 30 minutes, 15 seconds
[INFO 03:00:21] my_main Recent Stats | t_env:     100399 | Episode:     3129
battle_won_mean:           0.3938	dead_allies_mean:         21.9319	dead_enemies_mean:        20.8349	ep_length_mean:           82.5848
epsilon:                   0.0500	grad_norm:                26.8191	loss:                      6.5609	loss_central:              0.2416
loss_latent:               4.4265	loss_td:                   1.8928	q_taken_mean:             10.0041	return_mean:              16.1268
return_std:                3.8340	target_mean:              10.1277	td_error_abs:              0.4047	test_battle_won_mean:      0.3000
test_dead_allies_mean:    21.6750	test_dead_enemies_mean:   17.2875	test_ep_length_mean:     115.3000	test_return_mean:         13.4267
test_return_std:           4.4973	
RequestQuit command received.
DataHandler: unable to parse websocket frame.
Closing Application...
CloseHandler: 127.0.0.1:39838 disconnected
[INFO 03:01:04] absl Shutdown gracefully.
[INFO 03:01:04] absl Shutdown with return code: -15
[INFO 03:01:04] absl Launching SC2: /labmount/users/202535331/MARL/pymarl-monotone-qmix/3rdparty/StarCraftII/Versions/Base75689/SC2_x64 -listen 127.0.0.1 -port 40541 -dataDir /labmount/users/202535331/MARL/pymarl-monotone-qmix/3rdparty/StarCraftII/ -tempDir /tmp/sc-b6_4itaq/
[INFO 03:01:04] absl Connecting to: ws://127.0.0.1:40541/sc2api, attempt: 0, running: True
Version: B75689 (SC2.4.10)
Build: Aug 12 2019 17:16:57
Command Line: '"/labmount/users/202535331/MARL/pymarl-monotone-qmix/3rdparty/StarCraftII/Versions/Base75689/SC2_x64" -listen 127.0.0.1 -port 40541 -dataDir /labmount/users/202535331/MARL/pymarl-monotone-qmix/3rdparty/StarCraftII/ -tempDir /tmp/sc-b6_4itaq/'
Starting up...
Startup Phase 1 complete
[INFO 03:01:05] absl Connecting to: ws://127.0.0.1:40541/sc2api, attempt: 1, running: True
Startup Phase 2 complete
Creating stub renderer...
Listening on: 127.0.0.1:40541
Startup Phase 3 complete. Ready for commands.
[INFO 03:01:06] absl Connecting to: ws://127.0.0.1:40541/sc2api, attempt: 2, running: True
ConnectHandler: Request from 127.0.0.1:39106 accepted
ReadyHandler: 127.0.0.1:39106 ready
Requesting to join a single player game
Configuring interface options
Configure: raw interface enabled
Configure: feature layer interface disabled
Configure: score interface disabled
Configure: render interface disabled
Launching next game.
Next launch phase started: 2
Next launch phase started: 3
Next launch phase started: 4
Next launch phase started: 5
Next launch phase started: 6
Next launch phase started: 7
Next launch phase started: 8
Game has started.
Using default stable ids, none found at: /labmount/users/202535331/MARL/pymarl-monotone-qmix/3rdparty/StarCraftII/stableid.json
Successfully loaded stable ids: GameData\stableid.json
Sending ResponseJoinGame
[INFO 03:02:40] my_main t_env: 110434 / 2050000
[INFO 03:02:40] my_main Estimated time left: 8 hours, 2 minutes, 15 seconds. Time passed: 32 minutes, 45 seconds
[INFO 03:02:48] my_main Recent Stats | t_env:     110434 | Episode:     3296
battle_won_mean:           0.4016	dead_allies_mean:         21.6938	dead_enemies_mean:        20.7434	ep_length_mean:           85.1471
epsilon:                   0.0500	grad_norm:                26.8056	loss:                      7.2705	loss_central:              0.2448
loss_latent:               4.8793	loss_td:                   2.1465	q_taken_mean:              9.0541	return_mean:              16.0897
return_std:                3.9517	target_mean:               9.1090	td_error_abs:              0.3899	test_battle_won_mean:      0.4125
test_dead_allies_mean:    21.4250	test_dead_enemies_mean:   18.6875	test_ep_length_mean:      92.2062	test_return_mean:         14.6831
test_return_std:           4.0206	
[INFO 03:05:21] my_main t_env: 120598 / 2050000
[INFO 03:05:21] my_main Estimated time left: 8 hours, 31 minutes, 47 seconds. Time passed: 35 minutes, 27 seconds
[INFO 03:05:31] my_main Recent Stats | t_env:     120598 | Episode:     3503
battle_won_mean:           0.4123	dead_allies_mean:         21.5869	dead_enemies_mean:        20.9521	ep_length_mean:           79.1127
epsilon:                   0.0500	grad_norm:                22.8719	loss:                      6.9763	loss_central:              0.2187
loss_latent:               4.5311	loss_td:                   2.2265	q_taken_mean:              9.3247	return_mean:              16.2623
return_std:                3.7647	target_mean:               9.4319	td_error_abs:              0.3660	test_battle_won_mean:      0.4813
test_dead_allies_mean:    21.5875	test_dead_enemies_mean:   21.2375	test_ep_length_mean:      64.6500	test_return_mean:         16.6258
test_return_std:           3.6443	
[INFO 03:07:49] my_main t_env: 130614 / 2050000
[INFO 03:07:49] my_main Estimated time left: 7 hours, 52 minutes, 0 seconds. Time passed: 37 minutes, 55 seconds
[INFO 03:08:02] my_main Recent Stats | t_env:     130614 | Episode:     3675
battle_won_mean:           0.4367	dead_allies_mean:         21.6536	dead_enemies_mean:        21.4908	ep_length_mean:           69.5866
epsilon:                   0.0500	grad_norm:                25.2779	loss:                      7.2458	loss_central:              0.2052
loss_latent:               4.3370	loss_td:                   2.7035	q_taken_mean:              9.5325	return_mean:              16.6974
return_std:                3.5515	target_mean:               9.7298	td_error_abs:              0.4152	test_battle_won_mean:      0.4562
test_dead_allies_mean:    21.9875	test_dead_enemies_mean:   21.9875	test_ep_length_mean:      54.8438	test_return_mean:         17.0419
test_return_std:           3.1035	
[INFO 03:10:14] my_main t_env: 140655 / 2050000
[INFO 03:10:14] my_main Estimated time left: 7 hours, 40 minutes, 7 seconds. Time passed: 40 minutes, 20 seconds
[INFO 03:10:32] my_main Recent Stats | t_env:     140655 | Episode:     3835
battle_won_mean:           0.4501	dead_allies_mean:         21.7346	dead_enemies_mean:        21.7045	ep_length_mean:           62.8579
epsilon:                   0.0500	grad_norm:                22.0294	loss:                      6.7563	loss_central:              0.2159
loss_latent:               4.1242	loss_td:                   2.4161	q_taken_mean:              9.8607	return_mean:              16.8726
return_std:                3.4398	target_mean:              10.0101	td_error_abs:              0.3755	test_battle_won_mean:      0.4313
test_dead_allies_mean:    22.2063	test_dead_enemies_mean:   21.9438	test_ep_length_mean:      62.3625	test_return_mean:         16.9410
test_return_std:           3.1058	
[INFO 03:12:14] my_main t_env: 150829 / 2050000
[INFO 03:12:14] my_main Estimated time left: 6 hours, 12 minutes, 53 seconds. Time passed: 42 minutes, 20 seconds
[INFO 03:12:41] my_main Recent Stats | t_env:     150829 | Episode:     3943
battle_won_mean:           0.3937	dead_allies_mean:         22.0265	dead_enemies_mean:        21.4537	ep_length_mean:           64.8768
epsilon:                   0.0500	grad_norm:                24.3516	loss:                      7.2163	loss_central:              0.2168
loss_latent:               4.0435	loss_td:                   2.9561	q_taken_mean:              9.2287	return_mean:              16.5418
return_std:                3.4168	target_mean:               9.3606	td_error_abs:              0.3506	test_battle_won_mean:      0.3375
test_dead_allies_mean:    22.3438	test_dead_enemies_mean:   21.2563	test_ep_length_mean:      87.2375	test_return_mean:         16.2597
test_return_std:           2.9085	
RequestQuit command received.
DataHandler: unable to parse websocket frame.
CloseHandler: 127.0.0.1:39106 disconnected
Closing Application...
ResponseThread: No connection, dropping the response.
[INFO 03:13:24] absl Shutdown gracefully.
[INFO 03:13:24] absl Shutdown with return code: -15
[INFO 03:13:24] absl Launching SC2: /labmount/users/202535331/MARL/pymarl-monotone-qmix/3rdparty/StarCraftII/Versions/Base75689/SC2_x64 -listen 127.0.0.1 -port 38343 -dataDir /labmount/users/202535331/MARL/pymarl-monotone-qmix/3rdparty/StarCraftII/ -tempDir /tmp/sc-zrzglq9z/
[INFO 03:13:24] absl Connecting to: ws://127.0.0.1:38343/sc2api, attempt: 0, running: True
Version: B75689 (SC2.4.10)
Build: Aug 12 2019 17:16:57
Command Line: '"/labmount/users/202535331/MARL/pymarl-monotone-qmix/3rdparty/StarCraftII/Versions/Base75689/SC2_x64" -listen 127.0.0.1 -port 38343 -dataDir /labmount/users/202535331/MARL/pymarl-monotone-qmix/3rdparty/StarCraftII/ -tempDir /tmp/sc-zrzglq9z/'
Starting up...
Startup Phase 1 complete
[INFO 03:13:25] absl Connecting to: ws://127.0.0.1:38343/sc2api, attempt: 1, running: True
Startup Phase 2 complete
Creating stub renderer...
Listening on: 127.0.0.1:38343
Startup Phase 3 complete. Ready for commands.
[INFO 03:13:26] absl Connecting to: ws://127.0.0.1:38343/sc2api, attempt: 2, running: True
ConnectHandler: Request from 127.0.0.1:35740 accepted
ReadyHandler: 127.0.0.1:35740 ready
Requesting to join a single player game
Configuring interface options
Configure: raw interface enabled
Configure: feature layer interface disabled
Configure: score interface disabled
Configure: render interface disabled
Launching next game.
Next launch phase started: 2
Next launch phase started: 3
Next launch phase started: 4
Next launch phase started: 5
Next launch phase started: 6
Next launch phase started: 7
Next launch phase started: 8
Game has started.
Using default stable ids, none found at: /labmount/users/202535331/MARL/pymarl-monotone-qmix/3rdparty/StarCraftII/stableid.json
Successfully loaded stable ids: GameData\stableid.json
Sending ResponseJoinGame
[INFO 03:14:35] my_main t_env: 160852 / 2050000
[INFO 03:14:35] my_main Estimated time left: 7 hours, 21 minutes, 51 seconds. Time passed: 44 minutes, 40 seconds
[INFO 03:14:50] my_main Recent Stats | t_env:     160852 | Episode:     4064
battle_won_mean:           0.3355	dead_allies_mean:         22.4518	dead_enemies_mean:        21.3842	ep_length_mean:           69.4257
epsilon:                   0.0500	grad_norm:                23.4290	loss:                      8.1884	loss_central:              0.2015
loss_latent:               3.4310	loss_td:                   4.5559	q_taken_mean:              9.3633	return_mean:              16.3018
return_std:                3.3299	target_mean:               9.5312	td_error_abs:              0.3252	test_battle_won_mean:      0.2750
test_dead_allies_mean:    22.5562	test_dead_enemies_mean:   20.8562	test_ep_length_mean:      98.5250	test_return_mean:         15.8013
test_return_std:           3.1523	
[INFO 03:16:44] my_main t_env: 171033 / 2050000
[INFO 03:16:44] my_main Estimated time left: 6 hours, 38 minutes, 23 seconds. Time passed: 46 minutes, 50 seconds
[INFO 03:17:08] my_main Recent Stats | t_env:     171033 | Episode:     4193
battle_won_mean:           0.3118	dead_allies_mean:         22.7106	dead_enemies_mean:        21.2590	ep_length_mean:           75.3899
epsilon:                   0.0500	grad_norm:                27.4958	loss:                      8.4751	loss_central:              0.2295
loss_latent:               3.5159	loss_td:                   4.7296	q_taken_mean:              9.4162	return_mean:              16.1459
return_std:                3.3551	target_mean:               9.4972	td_error_abs:              0.3653	test_battle_won_mean:      0.2000
test_dead_allies_mean:    22.6313	test_dead_enemies_mean:   19.7000	test_ep_length_mean:     119.8438	test_return_mean:         14.7864
test_return_std:           3.2162	
[INFO 03:18:38] my_main t_env: 181153 / 2050000
[INFO 03:18:38] my_main Estimated time left: 5 hours, 49 minutes, 28 seconds. Time passed: 48 minutes, 43 seconds
[INFO 03:19:06] my_main Recent Stats | t_env:     181153 | Episode:     4278
battle_won_mean:           0.2831	dead_allies_mean:         22.8138	dead_enemies_mean:        21.1003	ep_length_mean:           87.5552
epsilon:                   0.0500	grad_norm:                25.4012	loss:                      9.7775	loss_central:              0.2336
loss_latent:               3.7925	loss_td:                   5.7514	q_taken_mean:              9.0469	return_mean:              15.9748
return_std:                3.3478	target_mean:               9.0696	td_error_abs:              0.3124	test_battle_won_mean:      0.1562
test_dead_allies_mean:    22.4625	test_dead_enemies_mean:   18.3687	test_ep_length_mean:     143.7812	test_return_mean:         13.8086
test_return_std:           3.3321	
[INFO 03:20:41] my_main t_env: 191308 / 2050000
[INFO 03:20:41] my_main Estimated time left: 6 hours, 14 minutes, 10 seconds. Time passed: 50 minutes, 46 seconds
[INFO 03:21:06] my_main Recent Stats | t_env:     191308 | Episode:     4369
battle_won_mean:           0.2443	dead_allies_mean:         22.8518	dead_enemies_mean:        20.7977	ep_length_mean:           97.3226
epsilon:                   0.0500	grad_norm:                27.4551	loss:                     10.3881	loss_central:              0.2723
loss_latent:               3.8831	loss_td:                   6.2327	q_taken_mean:              9.2324	return_mean:              15.6989
return_std:                3.3578	target_mean:               9.2490	td_error_abs:              0.3134	test_battle_won_mean:      0.1375
test_dead_allies_mean:    22.2063	test_dead_enemies_mean:   17.8313	test_ep_length_mean:     155.2438	test_return_mean:         13.4118
test_return_std:           3.3686	
RequestQuit command received.
Closing Application...
DataHandler: unable to parse websocket frame.
CloseHandler: 127.0.0.1:35740 disconnected
[INFO 03:22:35] absl Shutdown gracefully.
[INFO 03:22:35] absl Shutdown with return code: -15
[INFO 03:22:35] absl Launching SC2: /labmount/users/202535331/MARL/pymarl-monotone-qmix/3rdparty/StarCraftII/Versions/Base75689/SC2_x64 -listen 127.0.0.1 -port 37303 -dataDir /labmount/users/202535331/MARL/pymarl-monotone-qmix/3rdparty/StarCraftII/ -tempDir /tmp/sc-7a7fkbt2/
[INFO 03:22:35] absl Connecting to: ws://127.0.0.1:37303/sc2api, attempt: 0, running: True
Version: B75689 (SC2.4.10)
Build: Aug 12 2019 17:16:57
Command Line: '"/labmount/users/202535331/MARL/pymarl-monotone-qmix/3rdparty/StarCraftII/Versions/Base75689/SC2_x64" -listen 127.0.0.1 -port 37303 -dataDir /labmount/users/202535331/MARL/pymarl-monotone-qmix/3rdparty/StarCraftII/ -tempDir /tmp/sc-7a7fkbt2/'
Starting up...
Startup Phase 1 complete
[INFO 03:22:36] absl Connecting to: ws://127.0.0.1:37303/sc2api, attempt: 1, running: True
Startup Phase 2 complete
Creating stub renderer...
Listening on: 127.0.0.1:37303
Startup Phase 3 complete. Ready for commands.
[INFO 03:22:37] absl Connecting to: ws://127.0.0.1:37303/sc2api, attempt: 2, running: True
ConnectHandler: Request from 127.0.0.1:39994 accepted
ReadyHandler: 127.0.0.1:39994 ready
Requesting to join a single player game
Configuring interface options
Configure: raw interface enabled
Configure: feature layer interface disabled
Configure: score interface disabled
Configure: render interface disabled
Launching next game.
Next launch phase started: 2
Next launch phase started: 3
Next launch phase started: 4
Next launch phase started: 5
Next launch phase started: 6
Next launch phase started: 7
Next launch phase started: 8
Game has started.
Using default stable ids, none found at: /labmount/users/202535331/MARL/pymarl-monotone-qmix/3rdparty/StarCraftII/stableid.json
Successfully loaded stable ids: GameData\stableid.json
Sending ResponseJoinGame
[INFO 03:22:42] my_main t_env: 201495 / 2050000
[INFO 03:22:42] my_main Estimated time left: 6 hours, 7 minutes, 54 seconds. Time passed: 52 minutes, 48 seconds
[INFO 03:23:12] my_main Recent Stats | t_env:     201495 | Episode:     4453
battle_won_mean:           0.2355	dead_allies_mean:         22.7568	dead_enemies_mean:        20.4273	ep_length_mean:          102.7366
epsilon:                   0.0500	grad_norm:                27.3964	loss:                     10.8114	loss_central:              0.2793
loss_latent:               4.1833	loss_td:                   6.3488	q_taken_mean:              9.5917	return_mean:              15.4362
return_std:                3.4898	target_mean:               9.5985	td_error_abs:              0.3200	test_battle_won_mean:      0.1375
test_dead_allies_mean:    22.0938	test_dead_enemies_mean:   17.8875	test_ep_length_mean:     156.4563	test_return_mean:         13.4103
test_return_std:           3.4330	
[INFO 03:24:59] my_main t_env: 211629 / 2050000
[INFO 03:24:59] my_main Estimated time left: 6 hours, 53 minutes, 38 seconds. Time passed: 55 minutes, 5 seconds
[INFO 03:25:22] my_main Recent Stats | t_env:     211629 | Episode:     4547
battle_won_mean:           0.2349	dead_allies_mean:         22.6823	dead_enemies_mean:        20.1227	ep_length_mean:          107.7314
epsilon:                   0.0500	grad_norm:                25.9109	loss:                      9.3708	loss_central:              0.3012
loss_latent:               3.9378	loss_td:                   5.1318	q_taken_mean:             10.1339	return_mean:              15.2602
return_std:                3.6616	target_mean:              10.1167	td_error_abs:              0.3152	test_battle_won_mean:      0.1062
test_dead_allies_mean:    22.0000	test_dead_enemies_mean:   17.8313	test_ep_length_mean:     165.8438	test_return_mean:         13.2959
test_return_std:           3.3627	
[INFO 03:27:03] my_main t_env: 221631 / 2050000
[INFO 03:27:03] my_main Estimated time left: 6 hours, 18 minutes, 39 seconds. Time passed: 57 minutes, 9 seconds
[INFO 03:27:30] my_main Recent Stats | t_env:     221631 | Episode:     4634
battle_won_mean:           0.2080	dead_allies_mean:         22.5794	dead_enemies_mean:        19.6953	ep_length_mean:          114.9400
epsilon:                   0.0500	grad_norm:                35.8420	loss:                     14.4238	loss_central:              0.3128
loss_latent:               4.1190	loss_td:                   9.9919	q_taken_mean:             10.0213	return_mean:              14.9226
return_std:                3.7367	target_mean:              10.1696	td_error_abs:              0.3284	test_battle_won_mean:      0.1313
test_dead_allies_mean:    21.8875	test_dead_enemies_mean:   18.4062	test_ep_length_mean:     168.0500	test_return_mean:         13.8119
test_return_std:           3.3889	
[INFO 03:29:10] my_main t_env: 231709 / 2050000
[INFO 03:29:10] my_main Estimated time left: 6 hours, 21 minutes, 33 seconds. Time passed: 59 minutes, 16 seconds
[INFO 03:29:38] my_main Recent Stats | t_env:     231709 | Episode:     4721
battle_won_mean:           0.1956	dead_allies_mean:         22.4949	dead_enemies_mean:        19.1171	ep_length_mean:          114.2961
epsilon:                   0.0500	grad_norm:                35.6989	loss:                     15.0149	loss_central:              0.3220
loss_latent:               4.1796	loss_td:                  10.5133	q_taken_mean:              9.8855	return_mean:              14.5382
return_std:                3.9814	target_mean:               9.9629	td_error_abs:              0.3150	test_battle_won_mean:      0.1688
test_dead_allies_mean:    21.5250	test_dead_enemies_mean:   18.9312	test_ep_length_mean:     162.6562	test_return_mean:         14.3240
test_return_std:           3.5593	
[INFO 03:31:14] my_main t_env: 241733 / 2050000
[INFO 03:31:14] my_main Estimated time left: 6 hours, 11 minutes, 55 seconds. Time passed: 1 hours, 1 minutes, 19 seconds
RequestQuit command received.
Closing Application...
DataHandler: unable to parse websocket frame.
CloseHandler: 127.0.0.1:39994 disconnected
[INFO 03:31:36] absl Shutdown gracefully.
[INFO 03:31:36] absl Shutdown with return code: -15
[INFO 03:31:36] absl Launching SC2: /labmount/users/202535331/MARL/pymarl-monotone-qmix/3rdparty/StarCraftII/Versions/Base75689/SC2_x64 -listen 127.0.0.1 -port 35119 -dataDir /labmount/users/202535331/MARL/pymarl-monotone-qmix/3rdparty/StarCraftII/ -tempDir /tmp/sc-xbnse1yq/
[INFO 03:31:36] absl Connecting to: ws://127.0.0.1:35119/sc2api, attempt: 0, running: True
Version: B75689 (SC2.4.10)
Build: Aug 12 2019 17:16:57
Command Line: '"/labmount/users/202535331/MARL/pymarl-monotone-qmix/3rdparty/StarCraftII/Versions/Base75689/SC2_x64" -listen 127.0.0.1 -port 35119 -dataDir /labmount/users/202535331/MARL/pymarl-monotone-qmix/3rdparty/StarCraftII/ -tempDir /tmp/sc-xbnse1yq/'
Starting up...
Startup Phase 1 complete
[INFO 03:31:37] absl Connecting to: ws://127.0.0.1:35119/sc2api, attempt: 1, running: True
Startup Phase 2 complete
Creating stub renderer...
Listening on: 127.0.0.1:35119
Startup Phase 3 complete. Ready for commands.
[INFO 03:31:38] absl Connecting to: ws://127.0.0.1:35119/sc2api, attempt: 2, running: True
ConnectHandler: Request from 127.0.0.1:44900 accepted
ReadyHandler: 127.0.0.1:44900 ready
Requesting to join a single player game
Configuring interface options
Configure: raw interface enabled
Configure: feature layer interface disabled
Configure: score interface disabled
Configure: render interface disabled
Launching next game.
Next launch phase started: 2
Next launch phase started: 3
Next launch phase started: 4
Next launch phase started: 5
Next launch phase started: 6
Next launch phase started: 7
Next launch phase started: 8
Game has started.
Using default stable ids, none found at: /labmount/users/202535331/MARL/pymarl-monotone-qmix/3rdparty/StarCraftII/stableid.json
Successfully loaded stable ids: GameData\stableid.json
Sending ResponseJoinGame
[INFO 03:31:41] my_main Recent Stats | t_env:     241733 | Episode:     4800
battle_won_mean:           0.1937	dead_allies_mean:         22.2081	dead_enemies_mean:        18.5224	ep_length_mean:          117.3546
epsilon:                   0.0500	grad_norm:                36.3143	loss:                     15.4143	loss_central:              0.2838
loss_latent:               4.3040	loss_td:                  10.8265	q_taken_mean:              9.9118	return_mean:              14.1612
return_std:                4.1947	target_mean:              10.0434	td_error_abs:              0.3537	test_battle_won_mean:      0.1688
test_dead_allies_mean:    21.3062	test_dead_enemies_mean:   18.3938	test_ep_length_mean:     156.0750	test_return_mean:         14.1081
test_return_std:           3.5760	
[INFO 03:33:17] my_main t_env: 251815 / 2050000
[INFO 03:33:17] my_main Estimated time left: 6 hours, 6 minutes, 45 seconds. Time passed: 1 hours, 3 minutes, 23 seconds
[INFO 03:33:45] my_main Recent Stats | t_env:     251815 | Episode:     4880
battle_won_mean:           0.2004	dead_allies_mean:         22.1221	dead_enemies_mean:        18.2683	ep_length_mean:          118.3048
epsilon:                   0.0500	grad_norm:                38.0216	loss:                     18.9775	loss_central:              0.3291
loss_latent:               4.4576	loss_td:                  14.1908	q_taken_mean:             10.3287	return_mean:              14.0378
return_std:                4.3124	target_mean:              10.4560	td_error_abs:              0.3711	test_battle_won_mean:      0.1750
test_dead_allies_mean:    21.3500	test_dead_enemies_mean:   17.9062	test_ep_length_mean:     152.8625	test_return_mean:         13.8503
test_return_std:           3.6781	
[INFO 03:35:29] my_main t_env: 261858 / 2050000
[INFO 03:35:29] my_main Estimated time left: 6 hours, 30 minutes, 52 seconds. Time passed: 1 hours, 5 minutes, 35 seconds
[INFO 03:35:56] my_main Recent Stats | t_env:     261858 | Episode:     4973
battle_won_mean:           0.2074	dead_allies_mean:         22.0909	dead_enemies_mean:        18.1867	ep_length_mean:          118.3410
epsilon:                   0.0500	grad_norm:                38.9459	loss:                     19.1509	loss_central:              0.2919
loss_latent:               4.7983	loss_td:                  14.0608	q_taken_mean:             10.0446	return_mean:              13.9914
return_std:                4.3628	target_mean:              10.2026	td_error_abs:              0.3857	test_battle_won_mean:      0.1500
test_dead_allies_mean:    21.3438	test_dead_enemies_mean:   16.8687	test_ep_length_mean:     157.9437	test_return_mean:         13.0943
test_return_std:           3.9853	
[INFO 03:37:29] my_main t_env: 272036 / 2050000
[INFO 03:37:29] my_main Estimated time left: 5 hours, 50 minutes, 49 seconds. Time passed: 1 hours, 7 minutes, 35 seconds
[INFO 03:37:56] my_main Recent Stats | t_env:     272036 | Episode:     5049
battle_won_mean:           0.2009	dead_allies_mean:         22.1508	dead_enemies_mean:        17.8401	ep_length_mean:          122.1321
epsilon:                   0.0500	grad_norm:                28.3649	loss:                     14.3395	loss_central:              0.2623
loss_latent:               4.4931	loss_td:                   9.5840	q_taken_mean:              9.6418	return_mean:              13.7165
return_std:                4.5414	target_mean:               9.7500	td_error_abs:              0.3376	test_battle_won_mean:      0.1375
test_dead_allies_mean:    21.3687	test_dead_enemies_mean:   16.0188	test_ep_length_mean:     157.5938	test_return_mean:         12.4826
test_return_std:           4.2863	
[INFO 03:39:44] my_main t_env: 282119 / 2050000
[INFO 03:39:44] my_main Estimated time left: 6 hours, 33 minutes, 11 seconds. Time passed: 1 hours, 9 minutes, 50 seconds
[INFO 03:40:13] my_main Recent Stats | t_env:     282119 | Episode:     5148
battle_won_mean:           0.2521	dead_allies_mean:         22.0046	dead_enemies_mean:        18.2920	ep_length_mean:          119.3340
epsilon:                   0.0500	grad_norm:                27.6654	loss:                     13.6305	loss_central:              0.2688
loss_latent:               4.4370	loss_td:                   8.9248	q_taken_mean:              9.7922	return_mean:              14.1315
return_std:                4.5483	target_mean:               9.9263	td_error_abs:              0.3225	test_battle_won_mean:      0.1125
test_dead_allies_mean:    21.7125	test_dead_enemies_mean:   15.6625	test_ep_length_mean:     159.8750	test_return_mean:         12.1286
test_return_std:           4.4519	
RequestQuit command received.
Closing Application...
DataHandler: unable to parse websocket frame.
CloseHandler: 127.0.0.1:44900 disconnected
[INFO 03:40:57] absl Shutdown gracefully.
[INFO 03:40:57] absl Shutdown with return code: -15
[INFO 03:40:57] absl Launching SC2: /labmount/users/202535331/MARL/pymarl-monotone-qmix/3rdparty/StarCraftII/Versions/Base75689/SC2_x64 -listen 127.0.0.1 -port 36587 -dataDir /labmount/users/202535331/MARL/pymarl-monotone-qmix/3rdparty/StarCraftII/ -tempDir /tmp/sc-di2a3mcf/
[INFO 03:40:57] absl Connecting to: ws://127.0.0.1:36587/sc2api, attempt: 0, running: True
Version: B75689 (SC2.4.10)
Build: Aug 12 2019 17:16:57
Command Line: '"/labmount/users/202535331/MARL/pymarl-monotone-qmix/3rdparty/StarCraftII/Versions/Base75689/SC2_x64" -listen 127.0.0.1 -port 36587 -dataDir /labmount/users/202535331/MARL/pymarl-monotone-qmix/3rdparty/StarCraftII/ -tempDir /tmp/sc-di2a3mcf/'
Starting up...
Startup Phase 1 complete
[INFO 03:40:58] absl Connecting to: ws://127.0.0.1:36587/sc2api, attempt: 1, running: True
Startup Phase 2 complete
Creating stub renderer...
Listening on: 127.0.0.1:36587
Startup Phase 3 complete. Ready for commands.
[INFO 03:40:59] absl Connecting to: ws://127.0.0.1:36587/sc2api, attempt: 2, running: True
ConnectHandler: Request from 127.0.0.1:49960 accepted
ReadyHandler: 127.0.0.1:49960 ready
Requesting to join a single player game
Configuring interface options
Configure: raw interface enabled
Configure: feature layer interface disabled
Configure: score interface disabled
Configure: render interface disabled
Launching next game.
Next launch phase started: 2
Next launch phase started: 3
Next launch phase started: 4
Next launch phase started: 5
Next launch phase started: 6
Next launch phase started: 7
Next launch phase started: 8
Game has started.
Using default stable ids, none found at: /labmount/users/202535331/MARL/pymarl-monotone-qmix/3rdparty/StarCraftII/stableid.json
Successfully loaded stable ids: GameData\stableid.json
Sending ResponseJoinGame
[INFO 03:42:03] my_main t_env: 292290 / 2050000
[INFO 03:42:03] my_main Estimated time left: 6 hours, 39 minutes, 1 seconds. Time passed: 1 hours, 12 minutes, 8 seconds
[INFO 03:42:36] my_main Recent Stats | t_env:     292290 | Episode:     5243
battle_won_mean:           0.2904	dead_allies_mean:         22.0419	dead_enemies_mean:        18.9300	ep_length_mean:          115.3694
epsilon:                   0.0500	grad_norm:                26.4230	loss:                     14.3042	loss_central:              0.2691
loss_latent:               4.5572	loss_td:                   9.4779	q_taken_mean:              9.5204	return_mean:              14.6781
return_std:                4.4530	target_mean:               9.5769	td_error_abs:              0.2621	test_battle_won_mean:      0.0813
test_dead_allies_mean:    21.7000	test_dead_enemies_mean:   14.2438	test_ep_length_mean:     173.6375	test_return_mean:         10.9897
test_return_std:           4.4024	
[INFO 03:44:14] my_main t_env: 302396 / 2050000
[INFO 03:44:14] my_main Estimated time left: 6 hours, 18 minutes, 1 seconds. Time passed: 1 hours, 14 minutes, 19 seconds
[INFO 03:44:47] my_main Recent Stats | t_env:     302396 | Episode:     5331
battle_won_mean:           0.3024	dead_allies_mean:         21.9446	dead_enemies_mean:        19.1153	ep_length_mean:          113.1326
epsilon:                   0.0500	grad_norm:                20.8343	loss:                     10.1920	loss_central:              0.2298
loss_latent:               4.2134	loss_td:                   5.7487	q_taken_mean:              9.1826	return_mean:              14.8269
return_std:                4.5308	target_mean:               9.2208	td_error_abs:              0.2511	test_battle_won_mean:      0.0750
test_dead_allies_mean:    21.0312	test_dead_enemies_mean:   13.4062	test_ep_length_mean:     177.0312	test_return_mean:         10.3727
test_return_std:           4.6553	
[INFO 03:46:14] my_main t_env: 312526 / 2050000
[INFO 03:46:14] my_main Estimated time left: 5 hours, 44 minutes, 48 seconds. Time passed: 1 hours, 16 minutes, 20 seconds
[INFO 03:46:48] my_main Recent Stats | t_env:     312526 | Episode:     5405
battle_won_mean:           0.2843	dead_allies_mean:         21.8639	dead_enemies_mean:        18.9246	ep_length_mean:          118.9131
epsilon:                   0.0500	grad_norm:                21.1019	loss:                     10.6884	loss_central:              0.2313
loss_latent:               4.1763	loss_td:                   6.2809	q_taken_mean:              8.9751	return_mean:              14.6547
return_std:                4.5654	target_mean:               8.9475	td_error_abs:              0.2494	test_battle_won_mean:      0.0688
test_dead_allies_mean:    20.3625	test_dead_enemies_mean:   12.5813	test_ep_length_mean:     183.1000	test_return_mean:          9.8135
test_return_std:           4.6908	
[INFO 03:48:16] my_main t_env: 322622 / 2050000
[INFO 03:48:16] my_main Estimated time left: 5 hours, 47 minutes, 50 seconds. Time passed: 1 hours, 18 minutes, 22 seconds
[INFO 03:48:48] my_main Recent Stats | t_env:     322622 | Episode:     5479
battle_won_mean:           0.2908	dead_allies_mean:         21.5263	dead_enemies_mean:        18.9233	ep_length_mean:          119.4154
epsilon:                   0.0500	grad_norm:                17.8238	loss:                     11.3352	loss_central:              0.2214
loss_latent:               4.4533	loss_td:                   6.6606	q_taken_mean:              9.2070	return_mean:              14.7312
return_std:                4.6617	target_mean:               9.1461	td_error_abs:              0.2282	test_battle_won_mean:      0.0625
test_dead_allies_mean:    20.0375	test_dead_enemies_mean:   11.7125	test_ep_length_mean:     188.5437	test_return_mean:          9.2913
test_return_std:           4.7605	
RequestQuit command received.
DataHandler: unable to parse websocket frame.
Closing Application...
CloseHandler: 127.0.0.1:49960 disconnected
ResponseThread: No connection, dropping the response.
[INFO 03:49:21] absl Shutdown gracefully.
[INFO 03:49:21] absl Shutdown with return code: -15
[INFO 03:49:21] absl Launching SC2: /labmount/users/202535331/MARL/pymarl-monotone-qmix/3rdparty/StarCraftII/Versions/Base75689/SC2_x64 -listen 127.0.0.1 -port 34901 -dataDir /labmount/users/202535331/MARL/pymarl-monotone-qmix/3rdparty/StarCraftII/ -tempDir /tmp/sc-jgu0dwjv/
[INFO 03:49:21] absl Connecting to: ws://127.0.0.1:34901/sc2api, attempt: 0, running: True
Version: B75689 (SC2.4.10)
Build: Aug 12 2019 17:16:57
Command Line: '"/labmount/users/202535331/MARL/pymarl-monotone-qmix/3rdparty/StarCraftII/Versions/Base75689/SC2_x64" -listen 127.0.0.1 -port 34901 -dataDir /labmount/users/202535331/MARL/pymarl-monotone-qmix/3rdparty/StarCraftII/ -tempDir /tmp/sc-jgu0dwjv/'
Starting up...
Startup Phase 1 complete
[INFO 03:49:22] absl Connecting to: ws://127.0.0.1:34901/sc2api, attempt: 1, running: True
Startup Phase 2 complete
Creating stub renderer...
Listening on: 127.0.0.1:34901
Startup Phase 3 complete. Ready for commands.
[INFO 03:49:23] absl Connecting to: ws://127.0.0.1:34901/sc2api, attempt: 2, running: True
ConnectHandler: Request from 127.0.0.1:50672 accepted
ReadyHandler: 127.0.0.1:50672 ready
Requesting to join a single player game
Configuring interface options
Configure: raw interface enabled
Configure: feature layer interface disabled
Configure: score interface disabled
Configure: render interface disabled
Launching next game.
Next launch phase started: 2
Next launch phase started: 3
Next launch phase started: 4
Next launch phase started: 5
Next launch phase started: 6
Next launch phase started: 7
Next launch phase started: 8
Game has started.
Using default stable ids, none found at: /labmount/users/202535331/MARL/pymarl-monotone-qmix/3rdparty/StarCraftII/stableid.json
Successfully loaded stable ids: GameData\stableid.json
Sending ResponseJoinGame
[INFO 03:50:18] my_main t_env: 332655 / 2050000
[INFO 03:50:18] my_main Estimated time left: 5 hours, 48 minutes, 0 seconds. Time passed: 1 hours, 20 minutes, 24 seconds
[INFO 03:50:49] my_main Recent Stats | t_env:     332655 | Episode:     5551
battle_won_mean:           0.2565	dead_allies_mean:         21.3940	dead_enemies_mean:        18.3018	ep_length_mean:          126.9151
epsilon:                   0.0500	grad_norm:                15.0393	loss:                     11.0248	loss_central:              0.2060
loss_latent:               4.4690	loss_td:                   6.3498	q_taken_mean:              9.0143	return_mean:              14.2821
return_std:                4.7858	target_mean:               8.9695	td_error_abs:              0.2377	test_battle_won_mean:      0.0563
test_dead_allies_mean:    19.8562	test_dead_enemies_mean:   11.3313	test_ep_length_mean:     191.6625	test_return_mean:          9.0271
test_return_std:           4.6628	
[INFO 03:52:15] my_main t_env: 342746 / 2050000
[INFO 03:52:15] my_main Estimated time left: 5 hours, 27 minutes, 49 seconds. Time passed: 1 hours, 22 minutes, 20 seconds
[INFO 03:52:46] my_main Recent Stats | t_env:     342746 | Episode:     5623
battle_won_mean:           0.2356	dead_allies_mean:         21.2878	dead_enemies_mean:        17.7202	ep_length_mean:          133.5330
epsilon:                   0.0500	grad_norm:                13.3823	loss:                     10.3016	loss_central:              0.2072
loss_latent:               4.6814	loss_td:                   5.4131	q_taken_mean:              9.1391	return_mean:              13.8376
return_std:                4.9115	target_mean:               9.0623	td_error_abs:              0.2390	test_battle_won_mean:      0.0938
test_dead_allies_mean:    19.1750	test_dead_enemies_mean:   11.6625	test_ep_length_mean:     185.2625	test_return_mean:          9.3498
test_return_std:           5.2245	
[INFO 03:54:10] my_main t_env: 352850 / 2050000
[INFO 03:54:10] my_main Estimated time left: 5 hours, 24 minutes, 19 seconds. Time passed: 1 hours, 24 minutes, 16 seconds
[INFO 03:54:38] my_main Recent Stats | t_env:     352850 | Episode:     5690
battle_won_mean:           0.2228	dead_allies_mean:         21.1184	dead_enemies_mean:        17.0845	ep_length_mean:          140.7261
epsilon:                   0.0500	grad_norm:                13.4542	loss:                     10.4351	loss_central:              0.1855
loss_latent:               4.7751	loss_td:                   5.4745	q_taken_mean:              8.6833	return_mean:              13.4229
return_std:                5.0118	target_mean:               8.6071	td_error_abs:              0.2230	test_battle_won_mean:      0.1187
test_dead_allies_mean:    19.2500	test_dead_enemies_mean:   12.2688	test_ep_length_mean:     180.6562	test_return_mean:          9.8578
test_return_std:           5.2551	
[INFO 03:56:04] my_main t_env: 362887 / 2050000
[INFO 03:56:04] my_main Estimated time left: 5 hours, 17 minutes, 52 seconds. Time passed: 1 hours, 26 minutes, 9 seconds
[INFO 03:56:31] my_main Recent Stats | t_env:     362887 | Episode:     5759
battle_won_mean:           0.2226	dead_allies_mean:         20.9434	dead_enemies_mean:        16.6483	ep_length_mean:          142.4404
epsilon:                   0.0500	grad_norm:                13.7564	loss:                     10.1413	loss_central:              0.2321
loss_latent:               5.0265	loss_td:                   4.8828	q_taken_mean:              8.6052	return_mean:              13.1904
return_std:                5.1922	target_mean:               8.6163	td_error_abs:              0.2273	test_battle_won_mean:      0.1625
test_dead_allies_mean:    19.4250	test_dead_enemies_mean:   12.8063	test_ep_length_mean:     172.4625	test_return_mean:         10.3829
test_return_std:           5.5400	
RequestQuit command received.
Closing Application...
DataHandler: unable to parse websocket frame.
CloseHandler: 127.0.0.1:50672 disconnected
[INFO 03:57:36] absl Shutdown gracefully.
[INFO 03:57:36] absl Shutdown with return code: -15
[INFO 03:57:36] absl Launching SC2: /labmount/users/202535331/MARL/pymarl-monotone-qmix/3rdparty/StarCraftII/Versions/Base75689/SC2_x64 -listen 127.0.0.1 -port 34107 -dataDir /labmount/users/202535331/MARL/pymarl-monotone-qmix/3rdparty/StarCraftII/ -tempDir /tmp/sc-dc73n_2m/
[INFO 03:57:36] absl Connecting to: ws://127.0.0.1:34107/sc2api, attempt: 0, running: True
Version: B75689 (SC2.4.10)
Build: Aug 12 2019 17:16:57
Command Line: '"/labmount/users/202535331/MARL/pymarl-monotone-qmix/3rdparty/StarCraftII/Versions/Base75689/SC2_x64" -listen 127.0.0.1 -port 34107 -dataDir /labmount/users/202535331/MARL/pymarl-monotone-qmix/3rdparty/StarCraftII/ -tempDir /tmp/sc-dc73n_2m/'
Starting up...
Startup Phase 1 complete
[INFO 03:57:37] absl Connecting to: ws://127.0.0.1:34107/sc2api, attempt: 1, running: True
Startup Phase 2 complete
Creating stub renderer...
Listening on: 127.0.0.1:34107
Startup Phase 3 complete. Ready for commands.
[INFO 03:57:38] absl Connecting to: ws://127.0.0.1:34107/sc2api, attempt: 2, running: True
ConnectHandler: Request from 127.0.0.1:44154 accepted
ReadyHandler: 127.0.0.1:44154 ready
Requesting to join a single player game
Configuring interface options
Configure: raw interface enabled
Configure: feature layer interface disabled
Configure: score interface disabled
Configure: render interface disabled
Launching next game.
Next launch phase started: 2
Next launch phase started: 3
Next launch phase started: 4
Next launch phase started: 5
Next launch phase started: 6
Next launch phase started: 7
Next launch phase started: 8
Game has started.
Using default stable ids, none found at: /labmount/users/202535331/MARL/pymarl-monotone-qmix/3rdparty/StarCraftII/stableid.json
Successfully loaded stable ids: GameData\stableid.json
Sending ResponseJoinGame
[INFO 03:58:06] my_main t_env: 372912 / 2050000
[INFO 03:58:06] my_main Estimated time left: 5 hours, 40 minutes, 24 seconds. Time passed: 1 hours, 28 minutes, 12 seconds
[INFO 03:58:28] my_main Recent Stats | t_env:     372912 | Episode:     5826
battle_won_mean:           0.2095	dead_allies_mean:         21.0002	dead_enemies_mean:        16.2250	ep_length_mean:          145.0793
epsilon:                   0.0500	grad_norm:                15.9088	loss:                     11.0420	loss_central:              0.2806
loss_latent:               4.9622	loss_td:                   5.7992	q_taken_mean:              8.5767	return_mean:              12.9121
return_std:                5.2296	target_mean:               8.5788	td_error_abs:              0.2265	test_battle_won_mean:      0.2062
test_dead_allies_mean:    19.5875	test_dead_enemies_mean:   14.0625	test_ep_length_mean:     161.1000	test_return_mean:         11.3423
test_return_std:           5.4874	
[INFO 03:59:59] my_main t_env: 382965 / 2050000
[INFO 03:59:59] my_main Estimated time left: 5 hours, 11 minutes, 27 seconds. Time passed: 1 hours, 30 minutes, 4 seconds
[INFO 04:00:26] my_main Recent Stats | t_env:     382965 | Episode:     5904
battle_won_mean:           0.2112	dead_allies_mean:         21.1045	dead_enemies_mean:        16.5709	ep_length_mean:          142.9868
epsilon:                   0.0500	grad_norm:                18.9016	loss:                     12.6206	loss_central:              0.3449
loss_latent:               5.3746	loss_td:                   6.9011	q_taken_mean:              9.1360	return_mean:              13.1219
return_std:                5.0801	target_mean:               9.0836	td_error_abs:              0.2365	test_battle_won_mean:      0.2188
test_dead_allies_mean:    19.6438	test_dead_enemies_mean:   14.3750	test_ep_length_mean:     157.2312	test_return_mean:         11.6089
test_return_std:           5.4859	
[INFO 04:01:54] my_main t_env: 393125 / 2050000
[INFO 04:01:54] my_main Estimated time left: 5 hours, 14 minutes, 20 seconds. Time passed: 1 hours, 32 minutes, 0 seconds
[INFO 04:02:17] my_main Recent Stats | t_env:     393125 | Episode:     5975
battle_won_mean:           0.2035	dead_allies_mean:         21.0006	dead_enemies_mean:        16.6693	ep_length_mean:          143.5760
epsilon:                   0.0500	grad_norm:                20.4783	loss:                     13.6785	loss_central:              0.3881
loss_latent:               5.3368	loss_td:                   7.9535	q_taken_mean:              9.4224	return_mean:              13.1375
return_std:                5.0205	target_mean:               9.3804	td_error_abs:              0.2362	test_battle_won_mean:      0.2625
test_dead_allies_mean:    19.8938	test_dead_enemies_mean:   16.2500	test_ep_length_mean:     150.0250	test_return_mean:         12.9851
test_return_std:           5.0945	
[INFO 04:03:41] my_main t_env: 403152 / 2050000
[INFO 04:03:41] my_main Estimated time left: 4 hours, 50 minutes, 54 seconds. Time passed: 1 hours, 33 minutes, 46 seconds
[INFO 04:04:07] my_main Recent Stats | t_env:     403152 | Episode:     6041
battle_won_mean:           0.2042	dead_allies_mean:         21.0783	dead_enemies_mean:        16.9028	ep_length_mean:          143.7996
epsilon:                   0.0500	grad_norm:                20.7998	loss:                     14.0756	loss_central:              0.3965
loss_latent:               5.3886	loss_td:                   8.2905	q_taken_mean:              9.6938	return_mean:              13.2502
return_std:                4.9636	target_mean:               9.6818	td_error_abs:              0.2388	test_battle_won_mean:      0.2625
test_dead_allies_mean:    20.3313	test_dead_enemies_mean:   16.7063	test_ep_length_mean:     150.6687	test_return_mean:         13.3138
test_return_std:           4.9639	
[INFO 04:05:36] my_main t_env: 413304 / 2050000
[INFO 04:05:36] my_main Estimated time left: 5 hours, 9 minutes, 53 seconds. Time passed: 1 hours, 35 minutes, 41 seconds
RequestQuit command received.
DataHandler: unable to parse websocket frame.
CloseHandler: 127.0.0.1:44154 disconnected
Closing Application...
[INFO 04:05:55] absl Shutdown gracefully.
[INFO 04:05:55] absl Shutdown with return code: -15
[INFO 04:05:55] absl Launching SC2: /labmount/users/202535331/MARL/pymarl-monotone-qmix/3rdparty/StarCraftII/Versions/Base75689/SC2_x64 -listen 127.0.0.1 -port 45537 -dataDir /labmount/users/202535331/MARL/pymarl-monotone-qmix/3rdparty/StarCraftII/ -tempDir /tmp/sc-vzw76ds1/
[INFO 04:05:55] absl Connecting to: ws://127.0.0.1:45537/sc2api, attempt: 0, running: True
Version: B75689 (SC2.4.10)
Build: Aug 12 2019 17:16:57
Command Line: '"/labmount/users/202535331/MARL/pymarl-monotone-qmix/3rdparty/StarCraftII/Versions/Base75689/SC2_x64" -listen 127.0.0.1 -port 45537 -dataDir /labmount/users/202535331/MARL/pymarl-monotone-qmix/3rdparty/StarCraftII/ -tempDir /tmp/sc-vzw76ds1/'
Starting up...
Startup Phase 1 complete
[INFO 04:05:56] absl Connecting to: ws://127.0.0.1:45537/sc2api, attempt: 1, running: True
Startup Phase 2 complete
Creating stub renderer...
Listening on: 127.0.0.1:45537
Startup Phase 3 complete. Ready for commands.
[INFO 04:05:57] absl Connecting to: ws://127.0.0.1:45537/sc2api, attempt: 2, running: True
ConnectHandler: Request from 127.0.0.1:41922 accepted
ReadyHandler: 127.0.0.1:41922 ready
Requesting to join a single player game
Configuring interface options
Configure: raw interface enabled
Configure: feature layer interface disabled
Configure: score interface disabled
Configure: render interface disabled
Launching next game.
Next launch phase started: 2
Next launch phase started: 3
Next launch phase started: 4
Next launch phase started: 5
Next launch phase started: 6
Next launch phase started: 7
Next launch phase started: 8
Game has started.
Using default stable ids, none found at: /labmount/users/202535331/MARL/pymarl-monotone-qmix/3rdparty/StarCraftII/stableid.json
Successfully loaded stable ids: GameData\stableid.json
Sending ResponseJoinGame
[INFO 04:06:13] my_main Recent Stats | t_env:     413304 | Episode:     6119
battle_won_mean:           0.2255	dead_allies_mean:         20.9491	dead_enemies_mean:        17.2574	ep_length_mean:          140.7376
epsilon:                   0.0500	grad_norm:                25.1601	loss:                     16.7886	loss_central:              0.3531
loss_latent:               5.3251	loss_td:                  11.1104	q_taken_mean:              9.6910	return_mean:              13.5182
return_std:                4.9343	target_mean:               9.6388	td_error_abs:              0.2138	test_battle_won_mean:      0.2313
test_dead_allies_mean:    20.0375	test_dead_enemies_mean:   15.3625	test_ep_length_mean:     155.6188	test_return_mean:         12.3381
test_return_std:           4.7786	
[INFO 04:07:47] my_main t_env: 423368 / 2050000
[INFO 04:07:47] my_main Estimated time left: 5 hours, 53 minutes, 57 seconds. Time passed: 1 hours, 37 minutes, 53 seconds
[INFO 04:08:15] my_main Recent Stats | t_env:     423368 | Episode:     6197
battle_won_mean:           0.2644	dead_allies_mean:         20.8987	dead_enemies_mean:        17.9269	ep_length_mean:          136.6174
epsilon:                   0.0500	grad_norm:                26.3754	loss:                     16.8457	loss_central:              0.3412
loss_latent:               5.6304	loss_td:                  10.8740	q_taken_mean:              9.8555	return_mean:              14.0308
return_std:                4.9029	target_mean:               9.8560	td_error_abs:              0.2442	test_battle_won_mean:      0.2062
test_dead_allies_mean:    20.0875	test_dead_enemies_mean:   15.3750	test_ep_length_mean:     162.7250	test_return_mean:         12.2408
test_return_std:           4.8076	
[INFO 04:09:55] my_main t_env: 433369 / 2050000
[INFO 04:09:55] my_main Estimated time left: 5 hours, 43 minutes, 30 seconds. Time passed: 1 hours, 40 minutes, 0 seconds
[INFO 04:10:18] my_main Recent Stats | t_env:     433369 | Episode:     6288
battle_won_mean:           0.3150	dead_allies_mean:         20.6251	dead_enemies_mean:        18.2859	ep_length_mean:          132.8207
epsilon:                   0.0500	grad_norm:                24.4873	loss:                     15.4446	loss_central:              0.3106
loss_latent:               5.3640	loss_td:                   9.7700	q_taken_mean:              9.4048	return_mean:              14.4029
return_std:                4.9144	target_mean:               9.4542	td_error_abs:              0.2277	test_battle_won_mean:      0.2313
test_dead_allies_mean:    19.9187	test_dead_enemies_mean:   15.9500	test_ep_length_mean:     157.8750	test_return_mean:         12.6582
test_return_std:           4.9855	
[INFO 04:12:15] my_main t_env: 443507 / 2050000
[INFO 04:12:15] my_main Estimated time left: 6 hours, 11 minutes, 28 seconds. Time passed: 1 hours, 42 minutes, 21 seconds
[INFO 04:12:32] my_main Recent Stats | t_env:     443507 | Episode:     6407
battle_won_mean:           0.3506	dead_allies_mean:         20.7421	dead_enemies_mean:        18.8709	ep_length_mean:          121.2396
epsilon:                   0.0500	grad_norm:                26.2381	loss:                     15.0073	loss_central:              0.2891
loss_latent:               5.2044	loss_td:                   9.5139	q_taken_mean:              9.2504	return_mean:              14.8633
return_std:                4.9421	target_mean:               9.3043	td_error_abs:              0.2206	test_battle_won_mean:      0.2437
test_dead_allies_mean:    20.6000	test_dead_enemies_mean:   16.2625	test_ep_length_mean:     148.7312	test_return_mean:         12.8637
test_return_std:           4.8084	
[INFO 04:14:09] my_main t_env: 453671 / 2050000
[INFO 04:14:09] my_main Estimated time left: 4 hours, 57 minutes, 8 seconds. Time passed: 1 hours, 44 minutes, 15 seconds
[INFO 04:14:34] my_main Recent Stats | t_env:     453671 | Episode:     6495
battle_won_mean:           0.3695	dead_allies_mean:         20.8928	dead_enemies_mean:        19.2913	ep_length_mean:          113.9548
epsilon:                   0.0500	grad_norm:                27.6642	loss:                     16.5359	loss_central:              0.3308
loss_latent:               5.4155	loss_td:                  10.7896	q_taken_mean:              9.3749	return_mean:              15.1865
return_std:                4.9885	target_mean:               9.3984	td_error_abs:              0.2143	test_battle_won_mean:      0.2500
test_dead_allies_mean:    20.4812	test_dead_enemies_mean:   16.1875	test_ep_length_mean:     147.1250	test_return_mean:         12.7928
test_return_std:           4.8384	
RequestQuit command received.
Closing Application...
DataHandler: unable to parse websocket frame.
CloseHandler: 127.0.0.1:41922 disconnected
[INFO 04:15:20] absl Shutdown gracefully.
[INFO 04:15:20] absl Shutdown with return code: -15
[INFO 04:15:20] absl Launching SC2: /labmount/users/202535331/MARL/pymarl-monotone-qmix/3rdparty/StarCraftII/Versions/Base75689/SC2_x64 -listen 127.0.0.1 -port 36947 -dataDir /labmount/users/202535331/MARL/pymarl-monotone-qmix/3rdparty/StarCraftII/ -tempDir /tmp/sc-d1nq58wo/
[INFO 04:15:20] absl Connecting to: ws://127.0.0.1:36947/sc2api, attempt: 0, running: True
Version: B75689 (SC2.4.10)
Build: Aug 12 2019 17:16:57
Command Line: '"/labmount/users/202535331/MARL/pymarl-monotone-qmix/3rdparty/StarCraftII/Versions/Base75689/SC2_x64" -listen 127.0.0.1 -port 36947 -dataDir /labmount/users/202535331/MARL/pymarl-monotone-qmix/3rdparty/StarCraftII/ -tempDir /tmp/sc-d1nq58wo/'
Starting up...
Startup Phase 1 complete
[INFO 04:15:21] absl Connecting to: ws://127.0.0.1:36947/sc2api, attempt: 1, running: True
Startup Phase 2 complete
Creating stub renderer...
Listening on: 127.0.0.1:36947
Startup Phase 3 complete. Ready for commands.
[INFO 04:15:22] absl Connecting to: ws://127.0.0.1:36947/sc2api, attempt: 2, running: True
ConnectHandler: Request from 127.0.0.1:36554 accepted
ReadyHandler: 127.0.0.1:36554 ready
Requesting to join a single player game
Configuring interface options
Configure: raw interface enabled
Configure: feature layer interface disabled
Configure: score interface disabled
Configure: render interface disabled
Launching next game.
Next launch phase started: 2
Next launch phase started: 3
Next launch phase started: 4
Next launch phase started: 5
Next launch phase started: 6
Next launch phase started: 7
Next launch phase started: 8
Game has started.
Using default stable ids, none found at: /labmount/users/202535331/MARL/pymarl-monotone-qmix/3rdparty/StarCraftII/stableid.json
Successfully loaded stable ids: GameData\stableid.json
Sending ResponseJoinGame
[INFO 04:16:17] my_main t_env: 463851 / 2050000
[INFO 04:16:17] my_main Estimated time left: 5 hours, 32 minutes, 25 seconds. Time passed: 1 hours, 46 minutes, 23 seconds
[INFO 04:16:37] my_main Recent Stats | t_env:     463851 | Episode:     6583
battle_won_mean:           0.3924	dead_allies_mean:         21.0247	dead_enemies_mean:        19.3096	ep_length_mean:          111.0604
epsilon:                   0.0500	grad_norm:                23.8786	loss:                     14.7907	loss_central:              0.3644
loss_latent:               5.3977	loss_td:                   9.0286	q_taken_mean:              9.6816	return_mean:              15.2802
return_std:                5.0765	target_mean:               9.6720	td_error_abs:              0.2160	test_battle_won_mean:      0.3125
test_dead_allies_mean:    21.0250	test_dead_enemies_mean:   18.3188	test_ep_length_mean:     135.6687	test_return_mean:         14.3419
test_return_std:           4.9346	
[INFO 04:18:15] my_main t_env: 473892 / 2050000
[INFO 04:18:15] my_main Estimated time left: 5 hours, 8 minutes, 41 seconds. Time passed: 1 hours, 48 minutes, 21 seconds
[INFO 04:18:41] my_main Recent Stats | t_env:     473892 | Episode:     6674
battle_won_mean:           0.3975	dead_allies_mean:         21.2211	dead_enemies_mean:        19.3719	ep_length_mean:          107.3234
epsilon:                   0.0500	grad_norm:                22.3312	loss:                     15.1637	loss_central:              0.3594
loss_latent:               5.2998	loss_td:                   9.5045	q_taken_mean:              9.6711	return_mean:              15.3260
return_std:                5.0347	target_mean:               9.6097	td_error_abs:              0.1902	test_battle_won_mean:      0.3250
test_dead_allies_mean:    20.8938	test_dead_enemies_mean:   17.9937	test_ep_length_mean:     134.3938	test_return_mean:         14.1554
test_return_std:           4.9929	
[INFO 04:20:22] my_main t_env: 483898 / 2050000
[INFO 04:20:22] my_main Estimated time left: 5 hours, 31 minutes, 30 seconds. Time passed: 1 hours, 50 minutes, 28 seconds
[INFO 04:20:47] my_main Recent Stats | t_env:     483898 | Episode:     6770
battle_won_mean:           0.3820	dead_allies_mean:         21.4189	dead_enemies_mean:        19.1079	ep_length_mean:          106.1890
epsilon:                   0.0500	grad_norm:                22.6508	loss:                     14.8820	loss_central:              0.3469
loss_latent:               5.0813	loss_td:                   9.4537	q_taken_mean:              9.5248	return_mean:              15.1048
return_std:                5.2298	target_mean:               9.4212	td_error_abs:              0.1984	test_battle_won_mean:      0.3187
test_dead_allies_mean:    21.0125	test_dead_enemies_mean:   17.5312	test_ep_length_mean:     136.6188	test_return_mean:         13.8351
test_return_std:           4.9535	
[INFO 04:22:42] my_main t_env: 494023 / 2050000
[INFO 04:22:42] my_main Estimated time left: 5 hours, 58 minutes, 34 seconds. Time passed: 1 hours, 52 minutes, 48 seconds
[INFO 04:22:59] my_main Recent Stats | t_env:     494023 | Episode:     6886
battle_won_mean:           0.3858	dead_allies_mean:         21.6077	dead_enemies_mean:        19.2475	ep_length_mean:          106.6072
epsilon:                   0.0500	grad_norm:                19.9667	loss:                     15.1674	loss_central:              0.3315
loss_latent:               5.2980	loss_td:                   9.5379	q_taken_mean:              9.2846	return_mean:              15.2250
return_std:                5.0950	target_mean:               9.2279	td_error_abs:              0.2180	test_battle_won_mean:      0.3438
test_dead_allies_mean:    20.3875	test_dead_enemies_mean:   17.6750	test_ep_length_mean:     140.4938	test_return_mean:         14.0218
test_return_std:           4.9438	
[INFO 04:24:47] my_main t_env: 504213 / 2050000
[INFO 04:24:47] my_main Estimated time left: 5 hours, 16 minutes, 35 seconds. Time passed: 1 hours, 54 minutes, 53 seconds
RequestQuit command received.
Closing Application...
DataHandler: unable to parse websocket frame.
CloseHandler: 127.0.0.1:36554 disconnected
[INFO 04:24:59] absl Shutdown gracefully.
[INFO 04:24:59] absl Shutdown with return code: -15
[INFO 04:24:59] absl Launching SC2: /labmount/users/202535331/MARL/pymarl-monotone-qmix/3rdparty/StarCraftII/Versions/Base75689/SC2_x64 -listen 127.0.0.1 -port 44453 -dataDir /labmount/users/202535331/MARL/pymarl-monotone-qmix/3rdparty/StarCraftII/ -tempDir /tmp/sc-fodyubqo/
[INFO 04:24:59] absl Connecting to: ws://127.0.0.1:44453/sc2api, attempt: 0, running: True
Version: B75689 (SC2.4.10)
Build: Aug 12 2019 17:16:57
Command Line: '"/labmount/users/202535331/MARL/pymarl-monotone-qmix/3rdparty/StarCraftII/Versions/Base75689/SC2_x64" -listen 127.0.0.1 -port 44453 -dataDir /labmount/users/202535331/MARL/pymarl-monotone-qmix/3rdparty/StarCraftII/ -tempDir /tmp/sc-fodyubqo/'
Starting up...
Startup Phase 1 complete
[INFO 04:25:00] absl Connecting to: ws://127.0.0.1:44453/sc2api, attempt: 1, running: True
Startup Phase 2 complete
Creating stub renderer...
Listening on: 127.0.0.1:44453
Startup Phase 3 complete. Ready for commands.
[INFO 04:25:01] absl Connecting to: ws://127.0.0.1:44453/sc2api, attempt: 2, running: True
ConnectHandler: Request from 127.0.0.1:58598 accepted
ReadyHandler: 127.0.0.1:58598 ready
Requesting to join a single player game
Configuring interface options
Configure: raw interface enabled
Configure: feature layer interface disabled
Configure: score interface disabled
Configure: render interface disabled
Launching next game.
Next launch phase started: 2
Next launch phase started: 3
Next launch phase started: 4
Next launch phase started: 5
Next launch phase started: 6
Next launch phase started: 7
Next launch phase started: 8
Game has started.
Using default stable ids, none found at: /labmount/users/202535331/MARL/pymarl-monotone-qmix/3rdparty/StarCraftII/stableid.json
Successfully loaded stable ids: GameData\stableid.json
Sending ResponseJoinGame
[INFO 04:25:15] my_main Recent Stats | t_env:     504213 | Episode:     6993
battle_won_mean:           0.4235	dead_allies_mean:         21.4584	dead_enemies_mean:        19.8938	ep_length_mean:          102.5540
epsilon:                   0.0500	grad_norm:                18.8186	loss:                     14.1668	loss_central:              0.3093
loss_latent:               4.9182	loss_td:                   8.9393	q_taken_mean:              9.2177	return_mean:              15.7699
return_std:                4.6906	target_mean:               9.1973	td_error_abs:              0.2188	test_battle_won_mean:      0.3563
test_dead_allies_mean:    20.2063	test_dead_enemies_mean:   17.9250	test_ep_length_mean:     136.8313	test_return_mean:         14.3088
test_return_std:           4.7801	
[INFO 04:26:56] my_main t_env: 514312 / 2050000
[INFO 04:26:56] my_main Estimated time left: 5 hours, 26 minutes, 36 seconds. Time passed: 1 hours, 57 minutes, 2 seconds
[INFO 04:27:12] my_main Recent Stats | t_env:     514312 | Episode:     7091
battle_won_mean:           0.4111	dead_allies_mean:         21.6980	dead_enemies_mean:        20.2818	ep_length_mean:          100.0278
epsilon:                   0.0500	grad_norm:                17.5116	loss:                     14.1567	loss_central:              0.2772
loss_latent:               5.2647	loss_td:                   8.6147	q_taken_mean:              8.8582	return_mean:              15.9540
return_std:                4.4234	target_mean:               8.8454	td_error_abs:              0.2124	test_battle_won_mean:      0.3688
test_dead_allies_mean:    20.3250	test_dead_enemies_mean:   18.5625	test_ep_length_mean:     131.1000	test_return_mean:         14.7621
test_return_std:           4.4492	
[INFO 04:29:09] my_main t_env: 524456 / 2050000
[INFO 04:29:09] my_main Estimated time left: 5 hours, 33 minutes, 43 seconds. Time passed: 1 hours, 59 minutes, 15 seconds
[INFO 04:29:29] my_main Recent Stats | t_env:     524456 | Episode:     7215
battle_won_mean:           0.4342	dead_allies_mean:         21.6690	dead_enemies_mean:        20.8053	ep_length_mean:           94.3210
epsilon:                   0.0500	grad_norm:                18.6279	loss:                     13.2514	loss_central:              0.2761
loss_latent:               4.9152	loss_td:                   8.0601	q_taken_mean:              8.4853	return_mean:              16.3478
return_std:                4.1357	target_mean:               8.4887	td_error_abs:              0.2024	test_battle_won_mean:      0.3937
test_dead_allies_mean:    20.4250	test_dead_enemies_mean:   19.2563	test_ep_length_mean:     123.9688	test_return_mean:         15.3082
test_return_std:           4.2884	
[INFO 04:31:29] my_main t_env: 534552 / 2050000
[INFO 04:31:29] my_main Estimated time left: 5 hours, 48 minutes, 33 seconds. Time passed: 2 hours, 1 minutes, 34 seconds
[INFO 04:31:49] my_main Recent Stats | t_env:     534552 | Episode:     7342
battle_won_mean:           0.4647	dead_allies_mean:         21.6263	dead_enemies_mean:        21.2308	ep_length_mean:           89.3743
epsilon:                   0.0500	grad_norm:                19.3029	loss:                     13.8668	loss_central:              0.2866
loss_latent:               4.9623	loss_td:                   8.6178	q_taken_mean:              8.7153	return_mean:              16.7048
return_std:                3.9089	target_mean:               8.7922	td_error_abs:              0.2146	test_battle_won_mean:      0.4062
test_dead_allies_mean:    20.5938	test_dead_enemies_mean:   19.8062	test_ep_length_mean:     118.7000	test_return_mean:         15.7129
test_return_std:           4.1869	
[INFO 04:33:43] my_main t_env: 544558 / 2050000
[INFO 04:33:43] my_main Estimated time left: 5 hours, 36 minutes, 22 seconds. Time passed: 2 hours, 3 minutes, 48 seconds
[INFO 04:34:10] my_main Recent Stats | t_env:     544558 | Episode:     7462
battle_won_mean:           0.4886	dead_allies_mean:         21.3388	dead_enemies_mean:        21.1974	ep_length_mean:           88.5941
epsilon:                   0.0500	grad_norm:                19.2262	loss:                     13.9898	loss_central:              0.3015
loss_latent:               4.9946	loss_td:                   8.6937	q_taken_mean:              8.9330	return_mean:              16.7564
return_std:                3.9736	target_mean:               8.9378	td_error_abs:              0.2039	test_battle_won_mean:      0.3187
test_dead_allies_mean:    21.1125	test_dead_enemies_mean:   18.2437	test_ep_length_mean:     131.0188	test_return_mean:         14.4639
test_return_std:           4.5892	
RequestQuit command received.
Closing Application...
DataHandler: unable to parse websocket frame.
CloseHandler: 127.0.0.1:58598 disconnected
[INFO 04:35:18] absl Shutdown gracefully.
[INFO 04:35:18] absl Shutdown with return code: -15
[INFO 04:35:18] absl Launching SC2: /labmount/users/202535331/MARL/pymarl-monotone-qmix/3rdparty/StarCraftII/Versions/Base75689/SC2_x64 -listen 127.0.0.1 -port 44601 -dataDir /labmount/users/202535331/MARL/pymarl-monotone-qmix/3rdparty/StarCraftII/ -tempDir /tmp/sc-ty43d7_y/
[INFO 04:35:18] absl Connecting to: ws://127.0.0.1:44601/sc2api, attempt: 0, running: True
Version: B75689 (SC2.4.10)
Build: Aug 12 2019 17:16:57
Command Line: '"/labmount/users/202535331/MARL/pymarl-monotone-qmix/3rdparty/StarCraftII/Versions/Base75689/SC2_x64" -listen 127.0.0.1 -port 44601 -dataDir /labmount/users/202535331/MARL/pymarl-monotone-qmix/3rdparty/StarCraftII/ -tempDir /tmp/sc-ty43d7_y/'
Starting up...
Startup Phase 1 complete
[INFO 04:35:19] absl Connecting to: ws://127.0.0.1:44601/sc2api, attempt: 1, running: True
Startup Phase 2 complete
Creating stub renderer...
Listening on: 127.0.0.1:44601
Startup Phase 3 complete. Ready for commands.
[INFO 04:35:20] absl Connecting to: ws://127.0.0.1:44601/sc2api, attempt: 2, running: True
ConnectHandler: Request from 127.0.0.1:39138 accepted
ReadyHandler: 127.0.0.1:39138 ready
Requesting to join a single player game
Configuring interface options
Configure: raw interface enabled
Configure: feature layer interface disabled
Configure: score interface disabled
Configure: render interface disabled
Launching next game.
Next launch phase started: 2
Next launch phase started: 3
Next launch phase started: 4
Next launch phase started: 5
Next launch phase started: 6
Next launch phase started: 7
Next launch phase started: 8
Game has started.
Using default stable ids, none found at: /labmount/users/202535331/MARL/pymarl-monotone-qmix/3rdparty/StarCraftII/stableid.json
Successfully loaded stable ids: GameData\stableid.json
Sending ResponseJoinGame
[INFO 04:36:10] my_main t_env: 554664 / 2050000
[INFO 04:36:10] my_main Estimated time left: 6 hours, 2 minutes, 35 seconds. Time passed: 2 hours, 6 minutes, 15 seconds
[INFO 04:36:30] my_main Recent Stats | t_env:     554664 | Episode:     7579
battle_won_mean:           0.4887	dead_allies_mean:         21.4305	dead_enemies_mean:        20.9861	ep_length_mean:           86.8226
epsilon:                   0.0500	grad_norm:                18.8862	loss:                     13.3388	loss_central:              0.3028
loss_latent:               5.1260	loss_td:                   7.9100	q_taken_mean:              8.5818	return_mean:              16.6299
return_std:                4.2118	target_mean:               8.5247	td_error_abs:              0.2215	test_battle_won_mean:      0.3187
test_dead_allies_mean:    21.2812	test_dead_enemies_mean:   18.6125	test_ep_length_mean:     129.2438	test_return_mean:         14.6320
test_return_std:           4.4534	
[INFO 04:38:12] my_main t_env: 564750 / 2050000
[INFO 04:38:12] my_main Estimated time left: 4 hours, 59 minutes, 14 seconds. Time passed: 2 hours, 8 minutes, 17 seconds
[INFO 04:38:40] my_main Recent Stats | t_env:     564750 | Episode:     7677
battle_won_mean:           0.4989	dead_allies_mean:         21.3243	dead_enemies_mean:        21.0004	ep_length_mean:           86.7961
epsilon:                   0.0500	grad_norm:                18.2916	loss:                     13.2975	loss_central:              0.3240
loss_latent:               4.8935	loss_td:                   8.0800	q_taken_mean:              8.8434	return_mean:              16.6758
return_std:                4.2143	target_mean:               8.8115	td_error_abs:              0.2229	test_battle_won_mean:      0.2500
test_dead_allies_mean:    21.2688	test_dead_enemies_mean:   16.8000	test_ep_length_mean:     145.5750	test_return_mean:         13.2748
test_return_std:           4.7320	
[INFO 04:40:41] my_main t_env: 574778 / 2050000
[INFO 04:40:41] my_main Estimated time left: 6 hours, 5 minutes, 17 seconds. Time passed: 2 hours, 10 minutes, 46 seconds
[INFO 04:41:03] my_main Recent Stats | t_env:     574778 | Episode:     7802
battle_won_mean:           0.4981	dead_allies_mean:         21.1968	dead_enemies_mean:        20.9253	ep_length_mean:           86.4796
epsilon:                   0.0500	grad_norm:                16.3442	loss:                     12.5642	loss_central:              0.3096
loss_latent:               5.0611	loss_td:                   7.1935	q_taken_mean:              8.9500	return_mean:              16.6123
return_std:                4.3314	target_mean:               8.8975	td_error_abs:              0.2216	test_battle_won_mean:      0.2437
test_dead_allies_mean:    21.2437	test_dead_enemies_mean:   16.7563	test_ep_length_mean:     148.5062	test_return_mean:         13.1932
test_return_std:           4.7989	
[INFO 04:42:41] my_main t_env: 584930 / 2050000
[INFO 04:42:41] my_main Estimated time left: 4 hours, 49 minutes, 42 seconds. Time passed: 2 hours, 12 minutes, 47 seconds
[INFO 04:43:05] my_main Recent Stats | t_env:     584930 | Episode:     7890
battle_won_mean:           0.4590	dead_allies_mean:         21.3590	dead_enemies_mean:        20.2560	ep_length_mean:           93.6531
epsilon:                   0.0500	grad_norm:                15.2278	loss:                     13.4211	loss_central:              0.2937
loss_latent:               5.4762	loss_td:                   7.6512	q_taken_mean:              8.6966	return_mean:              16.0508
return_std:                4.6603	target_mean:               8.5883	td_error_abs:              0.1965	test_battle_won_mean:      0.2313
test_dead_allies_mean:    20.9688	test_dead_enemies_mean:   16.5063	test_ep_length_mean:     150.6250	test_return_mean:         12.9869
test_return_std:           4.8702	
[INFO 04:44:47] my_main t_env: 594936 / 2050000
[INFO 04:44:47] my_main Estimated time left: 5 hours, 5 minutes, 36 seconds. Time passed: 2 hours, 14 minutes, 53 seconds
RequestQuit command received.
Closing Application...
DataHandler: unable to parse websocket frame.
CloseHandler: 127.0.0.1:39138 disconnected
[INFO 04:45:01] absl Shutdown gracefully.
[INFO 04:45:01] absl Shutdown with return code: -15
[INFO 04:45:01] absl Launching SC2: /labmount/users/202535331/MARL/pymarl-monotone-qmix/3rdparty/StarCraftII/Versions/Base75689/SC2_x64 -listen 127.0.0.1 -port 34965 -dataDir /labmount/users/202535331/MARL/pymarl-monotone-qmix/3rdparty/StarCraftII/ -tempDir /tmp/sc-2nvbsboa/
[INFO 04:45:01] absl Connecting to: ws://127.0.0.1:34965/sc2api, attempt: 0, running: True
Version: B75689 (SC2.4.10)
Build: Aug 12 2019 17:16:57
Command Line: '"/labmount/users/202535331/MARL/pymarl-monotone-qmix/3rdparty/StarCraftII/Versions/Base75689/SC2_x64" -listen 127.0.0.1 -port 34965 -dataDir /labmount/users/202535331/MARL/pymarl-monotone-qmix/3rdparty/StarCraftII/ -tempDir /tmp/sc-2nvbsboa/'
Starting up...
Startup Phase 1 complete
[INFO 04:45:02] absl Connecting to: ws://127.0.0.1:34965/sc2api, attempt: 1, running: True
Startup Phase 2 complete
Creating stub renderer...
Listening on: 127.0.0.1:34965
Startup Phase 3 complete. Ready for commands.
[INFO 04:45:03] absl Connecting to: ws://127.0.0.1:34965/sc2api, attempt: 2, running: True
ConnectHandler: Request from 127.0.0.1:48206 accepted
ReadyHandler: 127.0.0.1:48206 ready
Requesting to join a single player game
Configuring interface options
Configure: raw interface enabled
Configure: feature layer interface disabled
Configure: score interface disabled
Configure: render interface disabled
Launching next game.
Next launch phase started: 2
Next launch phase started: 3
Next launch phase started: 4
Next launch phase started: 5
Next launch phase started: 6
Next launch phase started: 7
Next launch phase started: 8
Game has started.
Using default stable ids, none found at: /labmount/users/202535331/MARL/pymarl-monotone-qmix/3rdparty/StarCraftII/stableid.json
Successfully loaded stable ids: GameData\stableid.json
Sending ResponseJoinGame
[INFO 04:45:22] my_main Recent Stats | t_env:     594936 | Episode:     7984
battle_won_mean:           0.4209	dead_allies_mean:         21.6670	dead_enemies_mean:        19.8201	ep_length_mean:           98.2658
epsilon:                   0.0500	grad_norm:                14.1189	loss:                     12.8131	loss_central:              0.2597
loss_latent:               5.4638	loss_td:                   7.0896	q_taken_mean:              8.0683	return_mean:              15.6481
return_std:                4.8160	target_mean:               8.0155	td_error_abs:              0.1923	test_battle_won_mean:      0.2125
test_dead_allies_mean:    20.7250	test_dead_enemies_mean:   16.3500	test_ep_length_mean:     152.3875	test_return_mean:         12.8223
test_return_std:           4.7564	
[INFO 04:47:09] my_main t_env: 605134 / 2050000
[INFO 04:47:09] my_main Estimated time left: 5 hours, 35 minutes, 13 seconds. Time passed: 2 hours, 17 minutes, 15 seconds
[INFO 04:47:33] my_main Recent Stats | t_env:     605134 | Episode:     8089
battle_won_mean:           0.3903	dead_allies_mean:         21.8422	dead_enemies_mean:        19.5592	ep_length_mean:          100.4153
epsilon:                   0.0500	grad_norm:                15.8449	loss:                     14.5265	loss_central:              0.2692
loss_latent:               5.6164	loss_td:                   8.6409	q_taken_mean:              8.4162	return_mean:              15.3658
return_std:                4.8946	target_mean:               8.4084	td_error_abs:              0.1691	test_battle_won_mean:      0.1812
test_dead_allies_mean:    21.0312	test_dead_enemies_mean:   15.2562	test_ep_length_mean:     156.4812	test_return_mean:         11.9609
test_return_std:           5.1598	
[INFO 04:49:16] my_main t_env: 615260 / 2050000
[INFO 04:49:16] my_main Estimated time left: 4 hours, 58 minutes, 22 seconds. Time passed: 2 hours, 19 minutes, 21 seconds
[INFO 04:49:44] my_main Recent Stats | t_env:     615260 | Episode:     8185
battle_won_mean:           0.3649	dead_allies_mean:         21.9743	dead_enemies_mean:        19.2734	ep_length_mean:          100.9275
epsilon:                   0.0500	grad_norm:                15.0788	loss:                     14.1582	loss_central:              0.2663
loss_latent:               5.6986	loss_td:                   8.1934	q_taken_mean:              8.2738	return_mean:              15.0707
return_std:                5.0826	target_mean:               8.2609	td_error_abs:              0.1631	test_battle_won_mean:      0.1750
test_dead_allies_mean:    20.8562	test_dead_enemies_mean:   15.0687	test_ep_length_mean:     157.0125	test_return_mean:         11.8087
test_return_std:           5.1950	
[INFO 04:51:50] my_main t_env: 625269 / 2050000
[INFO 04:51:50] my_main Estimated time left: 6 hours, 7 minutes, 8 seconds. Time passed: 2 hours, 21 minutes, 56 seconds
[INFO 04:52:05] my_main Recent Stats | t_env:     625269 | Episode:     8322
battle_won_mean:           0.3474	dead_allies_mean:         22.2135	dead_enemies_mean:        19.1882	ep_length_mean:           99.4944
epsilon:                   0.0500	grad_norm:                14.5258	loss:                     15.1261	loss_central:              0.2613
loss_latent:               6.1909	loss_td:                   8.6739	q_taken_mean:              8.1402	return_mean:              14.9631
return_std:                5.1295	target_mean:               8.1231	td_error_abs:              0.1642	test_battle_won_mean:      0.1812
test_dead_allies_mean:    21.1000	test_dead_enemies_mean:   15.4000	test_ep_length_mean:     145.8875	test_return_mean:         12.0285
test_return_std:           5.0884	
[INFO 04:54:35] my_main t_env: 635397 / 2050000
[INFO 04:54:35] my_main Estimated time left: 6 hours, 23 minutes, 5 seconds. Time passed: 2 hours, 24 minutes, 40 seconds
[INFO 04:54:47] my_main Recent Stats | t_env:     635397 | Episode:     8499
battle_won_mean:           0.3617	dead_allies_mean:         22.3279	dead_enemies_mean:        20.0447	ep_length_mean:           87.8657
epsilon:                   0.0500	grad_norm:                15.1303	loss:                     15.2104	loss_central:              0.2762
loss_latent:               6.3599	loss_td:                   8.5743	q_taken_mean:              8.5159	return_mean:              15.5581
return_std:                4.5690	target_mean:               8.4637	td_error_abs:              0.1890	test_battle_won_mean:      0.2437
test_dead_allies_mean:    21.3375	test_dead_enemies_mean:   16.4062	test_ep_length_mean:     130.9187	test_return_mean:         12.8716
test_return_std:           4.6123	
RequestQuit command received.
Closing Application...
DataHandler: unable to parse websocket frame.
CloseHandler: 127.0.0.1:48206 disconnected
[INFO 04:56:24] absl Shutdown gracefully.
[INFO 04:56:24] absl Shutdown with return code: -15
[INFO 04:56:24] absl Launching SC2: /labmount/users/202535331/MARL/pymarl-monotone-qmix/3rdparty/StarCraftII/Versions/Base75689/SC2_x64 -listen 127.0.0.1 -port 40095 -dataDir /labmount/users/202535331/MARL/pymarl-monotone-qmix/3rdparty/StarCraftII/ -tempDir /tmp/sc-9vbx3avq/
[INFO 04:56:24] absl Connecting to: ws://127.0.0.1:40095/sc2api, attempt: 0, running: True
Version: B75689 (SC2.4.10)
Build: Aug 12 2019 17:16:57
Command Line: '"/labmount/users/202535331/MARL/pymarl-monotone-qmix/3rdparty/StarCraftII/Versions/Base75689/SC2_x64" -listen 127.0.0.1 -port 40095 -dataDir /labmount/users/202535331/MARL/pymarl-monotone-qmix/3rdparty/StarCraftII/ -tempDir /tmp/sc-9vbx3avq/'
Starting up...
Startup Phase 1 complete
[INFO 04:56:25] absl Connecting to: ws://127.0.0.1:40095/sc2api, attempt: 1, running: True
Startup Phase 2 complete
Creating stub renderer...
Listening on: 127.0.0.1:40095
Startup Phase 3 complete. Ready for commands.
[INFO 04:56:26] absl Connecting to: ws://127.0.0.1:40095/sc2api, attempt: 2, running: True
ConnectHandler: Request from 127.0.0.1:46224 accepted
ReadyHandler: 127.0.0.1:46224 ready
Requesting to join a single player game
Configuring interface options
Configure: raw interface enabled
Configure: feature layer interface disabled
Configure: score interface disabled
Configure: render interface disabled
Launching next game.
Next launch phase started: 2
Next launch phase started: 3
Next launch phase started: 4
Next launch phase started: 5
Next launch phase started: 6
Next launch phase started: 7
Next launch phase started: 8
Game has started.
Using default stable ids, none found at: /labmount/users/202535331/MARL/pymarl-monotone-qmix/3rdparty/StarCraftII/stableid.json
Successfully loaded stable ids: GameData\stableid.json
Sending ResponseJoinGame
[INFO 04:57:22] my_main t_env: 645565 / 2050000
[INFO 04:57:22] my_main Estimated time left: 6 hours, 24 minutes, 21 seconds. Time passed: 2 hours, 27 minutes, 27 seconds
[INFO 04:57:32] my_main Recent Stats | t_env:     645565 | Episode:     8681
battle_won_mean:           0.4091	dead_allies_mean:         22.2491	dead_enemies_mean:        20.8502	ep_length_mean:           77.7500
epsilon:                   0.0500	grad_norm:                14.9765	loss:                     15.1512	loss_central:              0.2689
loss_latent:               6.5813	loss_td:                   8.3010	q_taken_mean:              8.4738	return_mean:              16.2411
return_std:                4.0516	target_mean:               8.3967	td_error_abs:              0.1763	test_battle_won_mean:      0.4188
test_dead_allies_mean:    21.1000	test_dead_enemies_mean:   18.4812	test_ep_length_mean:     105.2438	test_return_mean:         14.7158
test_return_std:           3.8888	
[INFO 05:00:36] my_main t_env: 655567 / 2050000
[INFO 05:00:36] my_main Estimated time left: 7 hours, 32 minutes, 14 seconds. Time passed: 2 hours, 30 minutes, 42 seconds
[INFO 05:00:50] my_main Recent Stats | t_env:     655567 | Episode:     8944
battle_won_mean:           0.4576	dead_allies_mean:         22.2273	dead_enemies_mean:        21.6369	ep_length_mean:           65.9313
epsilon:                   0.0500	grad_norm:                12.1754	loss:                     13.3327	loss_central:              0.2466
loss_latent:               6.7179	loss_td:                   6.3682	q_taken_mean:              8.0807	return_mean:              16.8876
return_std:                3.5218	target_mean:               8.0274	td_error_abs:              0.1824	test_battle_won_mean:      0.4938
test_dead_allies_mean:    21.1750	test_dead_enemies_mean:   20.0562	test_ep_length_mean:      90.1500	test_return_mean:         16.0135
test_return_std:           3.3943	
[INFO 05:04:12] my_main t_env: 665574 / 2050000
[INFO 05:04:12] my_main Estimated time left: 8 hours, 16 minutes, 1 seconds. Time passed: 2 hours, 34 minutes, 17 seconds
[INFO 05:04:18] my_main Recent Stats | t_env:     665574 | Episode:     9244
battle_won_mean:           0.5201	dead_allies_mean:         22.2562	dead_enemies_mean:        22.4944	ep_length_mean:           51.5068
epsilon:                   0.0500	grad_norm:                12.2001	loss:                     13.5100	loss_central:              0.2437
loss_latent:               6.7808	loss_td:                   6.4855	q_taken_mean:              7.9378	return_mean:              17.6451
return_std:                2.9508	target_mean:               7.9141	td_error_abs:              0.1984	test_battle_won_mean:      0.6188
test_dead_allies_mean:    21.6250	test_dead_enemies_mean:   22.5063	test_ep_length_mean:      60.1375	test_return_mean:         17.9611
test_return_std:           2.6245	
[INFO 05:06:52] my_main t_env: 675603 / 2050000
[INFO 05:06:52] my_main Estimated time left: 6 hours, 6 minutes, 24 seconds. Time passed: 2 hours, 36 minutes, 58 seconds
[INFO 05:07:03] my_main Recent Stats | t_env:     675603 | Episode:     9453
battle_won_mean:           0.5609	dead_allies_mean:         22.2734	dead_enemies_mean:        22.8874	ep_length_mean:           46.4922
epsilon:                   0.0500	grad_norm:                11.6053	loss:                     12.9493	loss_central:              0.2498
loss_latent:               6.6353	loss_td:                   6.0642	q_taken_mean:              7.9833	return_mean:              18.0199
return_std:                2.6169	target_mean:               7.9703	td_error_abs:              0.2002	test_battle_won_mean:      0.6937
test_dead_allies_mean:    21.4875	test_dead_enemies_mean:   23.1062	test_ep_length_mean:      53.8813	test_return_mean:         18.6094
test_return_std:           2.1870	
[INFO 05:09:58] my_main t_env: 685742 / 2050000
[INFO 05:09:58] my_main Estimated time left: 6 hours, 58 minutes, 6 seconds. Time passed: 2 hours, 40 minutes, 4 seconds
[INFO 05:10:10] my_main Recent Stats | t_env:     685742 | Episode:     9705
battle_won_mean:           0.6032	dead_allies_mean:         22.2151	dead_enemies_mean:        23.0984	ep_length_mean:           43.0950
epsilon:                   0.0500	grad_norm:                11.5084	loss:                     11.8901	loss_central:              0.2389
loss_latent:               6.4837	loss_td:                   5.1676	q_taken_mean:              7.5040	return_mean:              18.2847
return_std:                2.4693	target_mean:               7.5355	td_error_abs:              0.1730	test_battle_won_mean:      0.7438
test_dead_allies_mean:    21.0250	test_dead_enemies_mean:   23.1438	test_ep_length_mean:      52.4438	test_return_mean:         18.7849
test_return_std:           2.2013	
[INFO 05:13:04] my_main t_env: 695781 / 2050000
[INFO 05:13:04] my_main Estimated time left: 6 hours, 56 minutes, 25 seconds. Time passed: 2 hours, 43 minutes, 9 seconds
[INFO 05:13:18] my_main Recent Stats | t_env:     695781 | Episode:     9951
battle_won_mean:           0.6247	dead_allies_mean:         21.8947	dead_enemies_mean:        23.2125	ep_length_mean:           40.0832
epsilon:                   0.0500	grad_norm:                12.4464	loss:                     11.6443	loss_central:              0.2459
loss_latent:               6.3844	loss_td:                   5.0141	q_taken_mean:              7.5510	return_mean:              18.3950
return_std:                2.3958	target_mean:               7.5468	td_error_abs:              0.1990	test_battle_won_mean:      0.7000
test_dead_allies_mean:    20.6625	test_dead_enemies_mean:   22.8813	test_ep_length_mean:      57.4438	test_return_mean:         18.4786
test_return_std:           2.5775	
RequestQuit command received.
DataHandler: unable to parse websocket frame.
CloseHandler: 127.0.0.1:46224 disconnected
Closing Application...
[INFO 05:13:30] absl Shutdown gracefully.
[INFO 05:13:30] absl Shutdown with return code: -15
[INFO 05:13:30] absl Launching SC2: /labmount/users/202535331/MARL/pymarl-monotone-qmix/3rdparty/StarCraftII/Versions/Base75689/SC2_x64 -listen 127.0.0.1 -port 42165 -dataDir /labmount/users/202535331/MARL/pymarl-monotone-qmix/3rdparty/StarCraftII/ -tempDir /tmp/sc-b96wpwba/
[INFO 05:13:31] absl Connecting to: ws://127.0.0.1:42165/sc2api, attempt: 0, running: True
Version: B75689 (SC2.4.10)
Build: Aug 12 2019 17:16:57
Command Line: '"/labmount/users/202535331/MARL/pymarl-monotone-qmix/3rdparty/StarCraftII/Versions/Base75689/SC2_x64" -listen 127.0.0.1 -port 42165 -dataDir /labmount/users/202535331/MARL/pymarl-monotone-qmix/3rdparty/StarCraftII/ -tempDir /tmp/sc-b96wpwba/'
Starting up...
Startup Phase 1 complete
[INFO 05:13:32] absl Connecting to: ws://127.0.0.1:42165/sc2api, attempt: 1, running: True
Startup Phase 2 complete
Creating stub renderer...
Listening on: 127.0.0.1:42165
Startup Phase 3 complete. Ready for commands.
[INFO 05:13:33] absl Connecting to: ws://127.0.0.1:42165/sc2api, attempt: 2, running: True
ConnectHandler: Request from 127.0.0.1:55622 accepted
ReadyHandler: 127.0.0.1:55622 ready
Requesting to join a single player game
Configuring interface options
Configure: raw interface enabled
Configure: feature layer interface disabled
Configure: score interface disabled
Configure: render interface disabled
Launching next game.
Next launch phase started: 2
Next launch phase started: 3
Next launch phase started: 4
Next launch phase started: 5
Next launch phase started: 6
Next launch phase started: 7
Next launch phase started: 8
Game has started.
Using default stable ids, none found at: /labmount/users/202535331/MARL/pymarl-monotone-qmix/3rdparty/StarCraftII/stableid.json
Successfully loaded stable ids: GameData\stableid.json
Sending ResponseJoinGame
[INFO 05:16:13] my_main t_env: 705794 / 2050000
[INFO 05:16:13] my_main Estimated time left: 7 hours, 2 minutes, 51 seconds. Time passed: 2 hours, 46 minutes, 18 seconds
[INFO 05:16:30] my_main Recent Stats | t_env:     705794 | Episode:    10153
battle_won_mean:           0.6511	dead_allies_mean:         21.0927	dead_enemies_mean:        23.1611	ep_length_mean:           42.3909
epsilon:                   0.0500	grad_norm:                12.4891	loss:                     11.6178	loss_central:              0.2583
loss_latent:               6.3320	loss_td:                   5.0275	q_taken_mean:              7.4832	return_mean:              18.4584
return_std:                2.4526	target_mean:               7.4692	td_error_abs:              0.1934	test_battle_won_mean:      0.7312
test_dead_allies_mean:    18.6687	test_dead_enemies_mean:   22.9750	test_ep_length_mean:      58.9312	test_return_mean:         18.5970
test_return_std:           2.5307	
[INFO 05:19:50] my_main t_env: 715835 / 2050000
[INFO 05:19:50] my_main Estimated time left: 8 hours, 23 seconds. Time passed: 2 hours, 49 minutes, 55 seconds
[INFO 05:19:58] my_main Recent Stats | t_env:     715835 | Episode:    10408
battle_won_mean:           0.6999	dead_allies_mean:         19.9765	dead_enemies_mean:        23.1960	ep_length_mean:           43.5949
epsilon:                   0.0500	grad_norm:                12.6035	loss:                     10.8015	loss_central:              0.2378
loss_latent:               6.2304	loss_td:                   4.3333	q_taken_mean:              7.3404	return_mean:              18.6376
return_std:                2.3872	target_mean:               7.3018	td_error_abs:              0.1762	test_battle_won_mean:      0.7812
test_dead_allies_mean:    16.8375	test_dead_enemies_mean:   23.0625	test_ep_length_mean:      60.1000	test_return_mean:         18.8133
test_return_std:           2.1601	
[INFO 05:23:23] my_main t_env: 725838 / 2050000
[INFO 05:23:23] my_main Estimated time left: 7 hours, 50 minutes, 18 seconds. Time passed: 2 hours, 53 minutes, 28 seconds
[INFO 05:23:35] my_main Recent Stats | t_env:     725838 | Episode:    10659
battle_won_mean:           0.7559	dead_allies_mean:         18.5017	dead_enemies_mean:        23.2751	ep_length_mean:           41.9683
epsilon:                   0.0500	grad_norm:                13.0788	loss:                     10.3471	loss_central:              0.2406
loss_latent:               6.0405	loss_td:                   4.0660	q_taken_mean:              7.3875	return_mean:              18.8645
return_std:                2.3019	target_mean:               7.3525	td_error_abs:              0.1783	test_battle_won_mean:      0.8125
test_dead_allies_mean:    15.4125	test_dead_enemies_mean:   23.0250	test_ep_length_mean:      58.7750	test_return_mean:         18.8581
test_return_std:           2.2747	
[INFO 05:26:59] my_main t_env: 735846 / 2050000
[INFO 05:26:59] my_main Estimated time left: 7 hours, 53 minutes, 22 seconds. Time passed: 2 hours, 57 minutes, 5 seconds
[INFO 05:27:06] my_main Recent Stats | t_env:     735846 | Episode:    10905
battle_won_mean:           0.7949	dead_allies_mean:         17.2045	dead_enemies_mean:        23.2369	ep_length_mean:           42.0580
epsilon:                   0.0500	grad_norm:                11.9439	loss:                      9.7605	loss_central:              0.2429
loss_latent:               6.0556	loss_td:                   3.4619	q_taken_mean:              7.5443	return_mean:              18.9699
return_std:                2.3452	target_mean:               7.5150	td_error_abs:              0.1839	test_battle_won_mean:      0.8500
test_dead_allies_mean:    14.0625	test_dead_enemies_mean:   23.2188	test_ep_length_mean:      51.9937	test_return_mean:         19.0842
test_return_std:           2.0003	
[INFO 05:31:14] my_main t_env: 745997 / 2050000
[INFO 05:31:14] my_main Estimated time left: 9 hours, 5 minutes, 14 seconds. Time passed: 3 hours, 1 minutes, 19 seconds
[INFO 05:31:24] my_main Recent Stats | t_env:     745997 | Episode:    11264
battle_won_mean:           0.8319	dead_allies_mean:         16.2726	dead_enemies_mean:        23.2579	ep_length_mean:           39.5514
epsilon:                   0.0500	grad_norm:                10.6627	loss:                      9.3849	loss_central:              0.2382
loss_latent:               5.9311	loss_td:                   3.2157	q_taken_mean:              7.6062	return_mean:              19.0963
return_std:                2.3258	target_mean:               7.6148	td_error_abs:              0.1631	test_battle_won_mean:      0.8438
test_dead_allies_mean:    13.9437	test_dead_enemies_mean:   23.0500	test_ep_length_mean:      46.5875	test_return_mean:         18.9578
test_return_std:           2.1396	
RequestQuit command received.
DataHandler: unable to parse websocket frame.
CloseHandler: 127.0.0.1:55622 disconnected
Closing Application...
[INFO 05:34:12] absl Shutdown gracefully.
[INFO 05:34:12] absl Shutdown with return code: -15
[INFO 05:34:12] absl Launching SC2: /labmount/users/202535331/MARL/pymarl-monotone-qmix/3rdparty/StarCraftII/Versions/Base75689/SC2_x64 -listen 127.0.0.1 -port 41229 -dataDir /labmount/users/202535331/MARL/pymarl-monotone-qmix/3rdparty/StarCraftII/ -tempDir /tmp/sc-bux42i5o/
[INFO 05:34:12] absl Connecting to: ws://127.0.0.1:41229/sc2api, attempt: 0, running: True
Version: B75689 (SC2.4.10)
Build: Aug 12 2019 17:16:57
Command Line: '"/labmount/users/202535331/MARL/pymarl-monotone-qmix/3rdparty/StarCraftII/Versions/Base75689/SC2_x64" -listen 127.0.0.1 -port 41229 -dataDir /labmount/users/202535331/MARL/pymarl-monotone-qmix/3rdparty/StarCraftII/ -tempDir /tmp/sc-bux42i5o/'
Starting up...
Startup Phase 1 complete
[INFO 05:34:13] absl Connecting to: ws://127.0.0.1:41229/sc2api, attempt: 1, running: True
Startup Phase 2 complete
Creating stub renderer...
Listening on: 127.0.0.1:41229
Startup Phase 3 complete. Ready for commands.
[INFO 05:34:14] absl Connecting to: ws://127.0.0.1:41229/sc2api, attempt: 2, running: True
ConnectHandler: Request from 127.0.0.1:55422 accepted
ReadyHandler: 127.0.0.1:55422 ready
Requesting to join a single player game
Configuring interface options
Configure: raw interface enabled
Configure: feature layer interface disabled
Configure: score interface disabled
Configure: render interface disabled
Launching next game.
Next launch phase started: 2
Next launch phase started: 3
Next launch phase started: 4
Next launch phase started: 5
Next launch phase started: 6
Next launch phase started: 7
Next launch phase started: 8
Game has started.
Using default stable ids, none found at: /labmount/users/202535331/MARL/pymarl-monotone-qmix/3rdparty/StarCraftII/stableid.json
Successfully loaded stable ids: GameData\stableid.json
Sending ResponseJoinGame
[INFO 05:34:59] my_main t_env: 756088 / 2050000
[INFO 05:34:59] my_main Estimated time left: 8 hours, 2 minutes, 28 seconds. Time passed: 3 hours, 5 minutes, 5 seconds
[INFO 05:35:08] my_main Recent Stats | t_env:     756088 | Episode:    11557
battle_won_mean:           0.8433	dead_allies_mean:         15.9075	dead_enemies_mean:        23.1543	ep_length_mean:           36.5256
epsilon:                   0.0500	grad_norm:                11.1242	loss:                      9.0939	loss_central:              0.2133
loss_latent:               6.0108	loss_td:                   2.8699	q_taken_mean:              7.4741	return_mean:              19.0593
return_std:                2.4329	target_mean:               7.4845	td_error_abs:              0.1749	test_battle_won_mean:      0.8375
test_dead_allies_mean:    14.7937	test_dead_enemies_mean:   22.8125	test_ep_length_mean:      36.3375	test_return_mean:         18.7962
test_return_std:           2.3459	
[INFO 05:38:11] my_main t_env: 766116 / 2050000
[INFO 05:38:11] my_main Estimated time left: 6 hours, 49 minutes, 23 seconds. Time passed: 3 hours, 8 minutes, 17 seconds
[INFO 05:38:24] my_main Recent Stats | t_env:     766116 | Episode:    11774
battle_won_mean:           0.8179	dead_allies_mean:         15.9389	dead_enemies_mean:        22.8542	ep_length_mean:           37.8927
epsilon:                   0.0500	grad_norm:                11.4975	loss:                      9.2144	loss_central:              0.2112
loss_latent:               5.9690	loss_td:                   3.0343	q_taken_mean:              7.5676	return_mean:              18.7928
return_std:                2.7723	target_mean:               7.5422	td_error_abs:              0.1947	test_battle_won_mean:      0.7688
test_dead_allies_mean:    15.6750	test_dead_enemies_mean:   22.3562	test_ep_length_mean:      42.4813	test_return_mean:         18.3295
test_return_std:           3.0007	
[INFO 05:42:14] my_main t_env: 776168 / 2050000
[INFO 05:42:14] my_main Estimated time left: 8 hours, 32 minutes, 6 seconds. Time passed: 3 hours, 12 minutes, 19 seconds
[INFO 05:42:21] my_main Recent Stats | t_env:     776168 | Episode:    12082
battle_won_mean:           0.8154	dead_allies_mean:         15.7770	dead_enemies_mean:        22.8254	ep_length_mean:           36.4495
epsilon:                   0.0500	grad_norm:                14.9258	loss:                      9.6101	loss_central:              0.1812
loss_latent:               6.1001	loss_td:                   3.3287	q_taken_mean:              7.4630	return_mean:              18.7735
return_std:                2.7738	target_mean:               7.3961	td_error_abs:              0.2157	test_battle_won_mean:      0.7875
test_dead_allies_mean:    15.2750	test_dead_enemies_mean:   22.4688	test_ep_length_mean:      38.2812	test_return_mean:         18.4591
test_return_std:           2.7431	
[INFO 05:45:53] my_main t_env: 786174 / 2050000
[INFO 05:45:53] my_main Estimated time left: 7 hours, 41 minutes, 14 seconds. Time passed: 3 hours, 15 minutes, 59 seconds
[INFO 05:46:01] my_main Recent Stats | t_env:     786174 | Episode:    12368
battle_won_mean:           0.8212	dead_allies_mean:         15.5500	dead_enemies_mean:        22.8528	ep_length_mean:           35.3101
epsilon:                   0.0500	grad_norm:                14.2526	loss:                      9.0204	loss_central:              0.1439
loss_latent:               5.8900	loss_td:                   2.9865	q_taken_mean:              7.3166	return_mean:              18.8142
return_std:                2.6947	target_mean:               7.2115	td_error_abs:              0.2337	test_battle_won_mean:      0.7625
test_dead_allies_mean:    15.9000	test_dead_enemies_mean:   22.2063	test_ep_length_mean:      39.1938	test_return_mean:         18.2181
test_return_std:           3.1662	
[INFO 05:49:42] my_main t_env: 796201 / 2050000
[INFO 05:49:42] my_main Estimated time left: 7 hours, 57 minutes, 55 seconds. Time passed: 3 hours, 19 minutes, 48 seconds
[INFO 05:49:52] my_main Recent Stats | t_env:     796201 | Episode:    12658
battle_won_mean:           0.8224	dead_allies_mean:         15.3895	dead_enemies_mean:        22.8643	ep_length_mean:           36.5701
epsilon:                   0.0500	grad_norm:                14.4878	loss:                      8.7990	loss_central:              0.1433
loss_latent:               5.8435	loss_td:                   2.8122	q_taken_mean:              7.4679	return_mean:              18.8338
return_std:                2.6514	target_mean:               7.3436	td_error_abs:              0.2417	test_battle_won_mean:      0.7937
test_dead_allies_mean:    15.3625	test_dead_enemies_mean:   22.5500	test_ep_length_mean:      38.8438	test_return_mean:         18.5408
test_return_std:           2.7888	
[INFO 05:52:48] my_main t_env: 806224 / 2050000
[INFO 05:52:48] my_main Estimated time left: 6 hours, 24 minutes, 40 seconds. Time passed: 3 hours, 22 minutes, 54 seconds
[INFO 05:52:55] my_main Recent Stats | t_env:     806224 | Episode:    12872
battle_won_mean:           0.8272	dead_allies_mean:         15.2500	dead_enemies_mean:        23.0067	ep_length_mean:           39.0493
epsilon:                   0.0500	grad_norm:                13.4494	loss:                      8.2592	loss_central:              0.1298
loss_latent:               5.2433	loss_td:                   2.8861	q_taken_mean:              7.5261	return_mean:              18.9524
return_std:                2.4637	target_mean:               7.3913	td_error_abs:              0.2330	test_battle_won_mean:      0.8438
test_dead_allies_mean:    14.6375	test_dead_enemies_mean:   22.8938	test_ep_length_mean:      37.4500	test_return_mean:         18.9255
test_return_std:           2.4923	
RequestQuit command received.
Closing Application...
DataHandler: unable to parse websocket frame.
CloseHandler: 127.0.0.1:55422 disconnected
[INFO 05:54:46] absl Shutdown gracefully.
[INFO 05:54:46] absl Shutdown with return code: -15
[INFO 05:54:46] absl Launching SC2: /labmount/users/202535331/MARL/pymarl-monotone-qmix/3rdparty/StarCraftII/Versions/Base75689/SC2_x64 -listen 127.0.0.1 -port 33025 -dataDir /labmount/users/202535331/MARL/pymarl-monotone-qmix/3rdparty/StarCraftII/ -tempDir /tmp/sc-sbimkfk3/
[INFO 05:54:46] absl Connecting to: ws://127.0.0.1:33025/sc2api, attempt: 0, running: True
Version: B75689 (SC2.4.10)
Build: Aug 12 2019 17:16:57
Command Line: '"/labmount/users/202535331/MARL/pymarl-monotone-qmix/3rdparty/StarCraftII/Versions/Base75689/SC2_x64" -listen 127.0.0.1 -port 33025 -dataDir /labmount/users/202535331/MARL/pymarl-monotone-qmix/3rdparty/StarCraftII/ -tempDir /tmp/sc-sbimkfk3/'
Starting up...
Startup Phase 1 complete
[INFO 05:54:47] absl Connecting to: ws://127.0.0.1:33025/sc2api, attempt: 1, running: True
Startup Phase 2 complete
Creating stub renderer...
Listening on: 127.0.0.1:33025
Startup Phase 3 complete. Ready for commands.
[INFO 05:54:48] absl Connecting to: ws://127.0.0.1:33025/sc2api, attempt: 2, running: True
ConnectHandler: Request from 127.0.0.1:34038 accepted
ReadyHandler: 127.0.0.1:34038 ready
Requesting to join a single player game
Configuring interface options
Configure: raw interface enabled
Configure: feature layer interface disabled
Configure: score interface disabled
Configure: render interface disabled
Launching next game.
Next launch phase started: 2
Next launch phase started: 3
Next launch phase started: 4
Next launch phase started: 5
Next launch phase started: 6
Next launch phase started: 7
Next launch phase started: 8
Game has started.
Using default stable ids, none found at: /labmount/users/202535331/MARL/pymarl-monotone-qmix/3rdparty/StarCraftII/stableid.json
Successfully loaded stable ids: GameData\stableid.json
Sending ResponseJoinGame
[INFO 05:55:57] my_main t_env: 816268 / 2050000
[INFO 05:55:57] my_main Estimated time left: 6 hours, 25 minutes, 44 seconds. Time passed: 3 hours, 26 minutes, 2 seconds
[INFO 05:56:04] my_main Recent Stats | t_env:     816268 | Episode:    13099
battle_won_mean:           0.8546	dead_allies_mean:         14.8904	dead_enemies_mean:        23.2919	ep_length_mean:           38.6563
epsilon:                   0.0500	grad_norm:                12.5304	loss:                      7.4397	loss_central:              0.1174
loss_latent:               4.8297	loss_td:                   2.4927	q_taken_mean:              7.5478	return_mean:              19.2218
return_std:                2.1897	target_mean:               7.4348	td_error_abs:              0.2235	test_battle_won_mean:      0.8875
test_dead_allies_mean:    13.9563	test_dead_enemies_mean:   23.2125	test_ep_length_mean:      31.2125	test_return_mean:         19.2306
test_return_std:           2.2298	
[INFO 05:59:17] my_main t_env: 826293 / 2050000
[INFO 05:59:17] my_main Estimated time left: 6 hours, 48 minutes, 21 seconds. Time passed: 3 hours, 29 minutes, 23 seconds
[INFO 05:59:23] my_main Recent Stats | t_env:     826293 | Episode:    13380
battle_won_mean:           0.8594	dead_allies_mean:         14.9148	dead_enemies_mean:        23.3620	ep_length_mean:           39.2642
epsilon:                   0.0500	grad_norm:                10.6945	loss:                      6.7509	loss_central:              0.1157
loss_latent:               4.5955	loss_td:                   2.0397	q_taken_mean:              7.5828	return_mean:              19.2796
return_std:                2.0718	target_mean:               7.5125	td_error_abs:              0.2236	test_battle_won_mean:      0.8938
test_dead_allies_mean:    13.6375	test_dead_enemies_mean:   23.2625	test_ep_length_mean:      29.8000	test_return_mean:         19.2788
test_return_std:           1.9592	
[INFO 06:02:19] my_main t_env: 836318 / 2050000
[INFO 06:02:19] my_main Estimated time left: 6 hours, 6 minutes, 29 seconds. Time passed: 3 hours, 32 minutes, 25 seconds
[INFO 06:02:26] my_main Recent Stats | t_env:     836318 | Episode:    13634
battle_won_mean:           0.8711	dead_allies_mean:         14.5507	dead_enemies_mean:        23.4684	ep_length_mean:           40.1607
epsilon:                   0.0500	grad_norm:                11.0712	loss:                      6.1283	loss_central:              0.1166
loss_latent:               4.1553	loss_td:                   1.8564	q_taken_mean:              7.7031	return_mean:              19.3789
return_std:                1.8915	target_mean:               7.6221	td_error_abs:              0.2288	test_battle_won_mean:      0.9125
test_dead_allies_mean:    13.1875	test_dead_enemies_mean:   23.4812	test_ep_length_mean:      28.9812	test_return_mean:         19.4769
test_return_std:           1.6176	
[INFO 06:05:35] my_main t_env: 846322 / 2050000
[INFO 06:05:35] my_main Estimated time left: 6 hours, 32 minutes, 19 seconds. Time passed: 3 hours, 35 minutes, 40 seconds
[INFO 06:05:43] my_main Recent Stats | t_env:     846322 | Episode:    13920
battle_won_mean:           0.8721	dead_allies_mean:         14.3039	dead_enemies_mean:        23.4920	ep_length_mean:           40.2414
epsilon:                   0.0500	grad_norm:                10.4761	loss:                      5.6703	loss_central:              0.1020
loss_latent:               3.8214	loss_td:                   1.7469	q_taken_mean:              7.8657	return_mean:              19.3945
return_std:                1.8571	target_mean:               7.7999	td_error_abs:              0.2363	test_battle_won_mean:      0.9375
test_dead_allies_mean:    12.7125	test_dead_enemies_mean:   23.5875	test_ep_length_mean:      26.4563	test_return_mean:         19.6116
test_return_std:           1.3840	
[INFO 06:08:44] my_main t_env: 856323 / 2050000
[INFO 06:08:44] my_main Estimated time left: 6 hours, 15 minutes, 46 seconds. Time passed: 3 hours, 38 minutes, 49 seconds
[INFO 06:08:51] my_main Recent Stats | t_env:     856323 | Episode:    14191
battle_won_mean:           0.8858	dead_allies_mean:         13.9891	dead_enemies_mean:        23.5658	ep_length_mean:           38.2549
epsilon:                   0.0500	grad_norm:                12.1764	loss:                      5.9653	loss_central:              0.1389
loss_latent:               4.3367	loss_td:                   1.4898	q_taken_mean:              8.2322	return_mean:              19.4712
return_std:                1.7848	target_mean:               8.1713	td_error_abs:              0.2474	test_battle_won_mean:      0.9375
test_dead_allies_mean:    12.8750	test_dead_enemies_mean:   23.6687	test_ep_length_mean:      27.2437	test_return_mean:         19.6583
test_return_std:           1.2729	
[INFO 06:11:36] my_main t_env: 866348 / 2050000
[INFO 06:11:36] my_main Estimated time left: 5 hours, 40 minutes, 2 seconds. Time passed: 3 hours, 41 minutes, 42 seconds
[INFO 06:11:44] my_main Recent Stats | t_env:     866348 | Episode:    14434
battle_won_mean:           0.8813	dead_allies_mean:         14.1159	dead_enemies_mean:        23.5644	ep_length_mean:           37.6566
epsilon:                   0.0500	grad_norm:                12.5195	loss:                      5.8519	loss_central:              0.1563
loss_latent:               4.2534	loss_td:                   1.4423	q_taken_mean:              8.3733	return_mean:              19.4605
return_std:                1.7301	target_mean:               8.3428	td_error_abs:              0.2686	test_battle_won_mean:      0.9500
test_dead_allies_mean:    12.3125	test_dead_enemies_mean:   23.7750	test_ep_length_mean:      27.2250	test_return_mean:         19.7593
test_return_std:           1.0750	
RequestQuit command received.
DataHandler: unable to parse websocket frame.
CloseHandler: 127.0.0.1:34038 disconnected
QueueResponse: No outstanding requests to this connection, dropping response: quit, id: 999999999
Closing Application...
[INFO 06:13:37] absl Shutdown gracefully.
[INFO 06:13:37] absl Shutdown with return code: -15
[INFO 06:13:37] absl Launching SC2: /labmount/users/202535331/MARL/pymarl-monotone-qmix/3rdparty/StarCraftII/Versions/Base75689/SC2_x64 -listen 127.0.0.1 -port 41237 -dataDir /labmount/users/202535331/MARL/pymarl-monotone-qmix/3rdparty/StarCraftII/ -tempDir /tmp/sc-l2wzg226/
[INFO 06:13:37] absl Connecting to: ws://127.0.0.1:41237/sc2api, attempt: 0, running: True
Version: B75689 (SC2.4.10)
Build: Aug 12 2019 17:16:57
Command Line: '"/labmount/users/202535331/MARL/pymarl-monotone-qmix/3rdparty/StarCraftII/Versions/Base75689/SC2_x64" -listen 127.0.0.1 -port 41237 -dataDir /labmount/users/202535331/MARL/pymarl-monotone-qmix/3rdparty/StarCraftII/ -tempDir /tmp/sc-l2wzg226/'
Starting up...
Startup Phase 1 complete
[INFO 06:13:38] absl Connecting to: ws://127.0.0.1:41237/sc2api, attempt: 1, running: True
Startup Phase 2 complete
Creating stub renderer...
Listening on: 127.0.0.1:41237
Startup Phase 3 complete. Ready for commands.
[INFO 06:13:40] absl Connecting to: ws://127.0.0.1:41237/sc2api, attempt: 2, running: True
ConnectHandler: Request from 127.0.0.1:53524 accepted
ReadyHandler: 127.0.0.1:53524 ready
Requesting to join a single player game
Configuring interface options
Configure: raw interface enabled
Configure: feature layer interface disabled
Configure: score interface disabled
Configure: render interface disabled
Launching next game.
Next launch phase started: 2
Next launch phase started: 3
Next launch phase started: 4
Next launch phase started: 5
Next launch phase started: 6
Next launch phase started: 7
Next launch phase started: 8
Game has started.
Using default stable ids, none found at: /labmount/users/202535331/MARL/pymarl-monotone-qmix/3rdparty/StarCraftII/stableid.json
Successfully loaded stable ids: GameData\stableid.json
Sending ResponseJoinGame
[INFO 06:15:15] my_main t_env: 876374 / 2050000
[INFO 06:15:15] my_main Estimated time left: 7 hours, 6 minutes, 35 seconds. Time passed: 3 hours, 45 minutes, 21 seconds
[INFO 06:15:22] my_main Recent Stats | t_env:     876374 | Episode:    14756
battle_won_mean:           0.8869	dead_allies_mean:         14.0929	dead_enemies_mean:        23.5815	ep_length_mean:           36.7487
epsilon:                   0.0500	grad_norm:                11.2057	loss:                      5.0553	loss_central:              0.1588
loss_latent:               3.9037	loss_td:                   0.9928	q_taken_mean:              8.3433	return_mean:              19.4904
return_std:                1.6632	target_mean:               8.2856	td_error_abs:              0.2567	test_battle_won_mean:      0.9437
test_dead_allies_mean:    12.7312	test_dead_enemies_mean:   23.7563	test_ep_length_mean:      28.5312	test_return_mean:         19.7275
test_return_std:           1.2429	
[INFO 06:18:36] my_main t_env: 886402 / 2050000
[INFO 06:18:36] my_main Estimated time left: 6 hours, 28 minutes, 31 seconds. Time passed: 3 hours, 48 minutes, 42 seconds
[INFO 06:18:49] my_main Recent Stats | t_env:     886402 | Episode:    15035
battle_won_mean:           0.8717	dead_allies_mean:         14.5152	dead_enemies_mean:        23.5138	ep_length_mean:           36.0435
epsilon:                   0.0500	grad_norm:                11.9117	loss:                      5.0898	loss_central:              0.1898
loss_latent:               3.8800	loss_td:                   1.0200	q_taken_mean:              8.6580	return_mean:              19.3991
return_std:                1.7981	target_mean:               8.6523	td_error_abs:              0.2414	test_battle_won_mean:      0.9437
test_dead_allies_mean:    12.2312	test_dead_enemies_mean:   23.8125	test_ep_length_mean:      34.3500	test_return_mean:         19.7678
test_return_std:           1.1292	
[INFO 06:22:16] my_main t_env: 896403 / 2050000
[INFO 06:22:16] my_main Estimated time left: 7 hours, 3 minutes, 4 seconds. Time passed: 3 hours, 52 minutes, 22 seconds
[INFO 06:22:25] my_main Recent Stats | t_env:     896403 | Episode:    15336
battle_won_mean:           0.8801	dead_allies_mean:         14.4123	dead_enemies_mean:        23.5536	ep_length_mean:           35.6929
epsilon:                   0.0500	grad_norm:                13.1583	loss:                      5.0224	loss_central:              0.2018
loss_latent:               3.7193	loss_td:                   1.1012	q_taken_mean:              8.5000	return_mean:              19.4504
return_std:                1.6933	target_mean:               8.5009	td_error_abs:              0.2311	test_battle_won_mean:      0.9500
test_dead_allies_mean:    11.8187	test_dead_enemies_mean:   23.8313	test_ep_length_mean:      35.0063	test_return_mean:         19.7929
test_return_std:           0.9918	
[INFO 06:25:47] my_main t_env: 906445 / 2050000
[INFO 06:25:47] my_main Estimated time left: 6 hours, 40 minutes, 8 seconds. Time passed: 3 hours, 55 minutes, 52 seconds
[INFO 06:25:58] my_main Recent Stats | t_env:     906445 | Episode:    15632
battle_won_mean:           0.8972	dead_allies_mean:         14.0779	dead_enemies_mean:        23.6387	ep_length_mean:           35.0972
epsilon:                   0.0500	grad_norm:                12.6763	loss:                      4.3301	loss_central:              0.1612
loss_latent:               3.0843	loss_td:                   1.0846	q_taken_mean:              8.5317	return_mean:              19.5472
return_std:                1.5045	target_mean:               8.5443	td_error_abs:              0.2250	test_battle_won_mean:      0.9688
test_dead_allies_mean:    10.9938	test_dead_enemies_mean:   23.9187	test_ep_length_mean:      38.8625	test_return_mean:         19.9109
test_return_std:           0.6415	
[INFO 06:29:19] my_main t_env: 916446 / 2050000
[INFO 06:29:19] my_main Estimated time left: 6 hours, 41 minutes, 40 seconds. Time passed: 3 hours, 59 minutes, 25 seconds
[INFO 06:29:30] my_main Recent Stats | t_env:     916446 | Episode:    15914
battle_won_mean:           0.9250	dead_allies_mean:         13.0320	dead_enemies_mean:        23.7375	ep_length_mean:           33.9391
epsilon:                   0.0500	grad_norm:                11.9124	loss:                      4.0152	loss_central:              0.1360
loss_latent:               2.9861	loss_td:                   0.8931	q_taken_mean:              8.3840	return_mean:              19.6844
return_std:                1.3024	target_mean:               8.4016	td_error_abs:              0.2076	test_battle_won_mean:      0.9812
test_dead_allies_mean:    10.1813	test_dead_enemies_mean:   23.9500	test_ep_length_mean:      40.3687	test_return_mean:         19.9653
test_return_std:           0.4394	
[INFO 06:33:11] my_main t_env: 926450 / 2050000
[INFO 06:33:11] my_main Estimated time left: 7 hours, 14 minutes, 18 seconds. Time passed: 4 hours, 3 minutes, 17 seconds
[INFO 06:33:19] my_main Recent Stats | t_env:     926450 | Episode:    16238
battle_won_mean:           0.9325	dead_allies_mean:         12.1768	dead_enemies_mean:        23.7669	ep_length_mean:           33.8871
epsilon:                   0.0500	grad_norm:                11.5487	loss:                      3.7754	loss_central:              0.1264
loss_latent:               2.8602	loss_td:                   0.7889	q_taken_mean:              8.2960	return_mean:              19.7181
return_std:                1.2181	target_mean:               8.3155	td_error_abs:              0.2084	test_battle_won_mean:      0.9812
test_dead_allies_mean:     9.5813	test_dead_enemies_mean:   23.9375	test_ep_length_mean:      40.6688	test_return_mean:         19.9602
test_return_std:           0.4610	
RequestQuit command received.
Closing Application...
DataHandler: unable to parse websocket frame.
CloseHandler: 127.0.0.1:53524 disconnected
[INFO 06:34:33] absl Shutdown gracefully.
[INFO 06:34:33] absl Shutdown with return code: -15
[INFO 06:34:33] absl Launching SC2: /labmount/users/202535331/MARL/pymarl-monotone-qmix/3rdparty/StarCraftII/Versions/Base75689/SC2_x64 -listen 127.0.0.1 -port 46477 -dataDir /labmount/users/202535331/MARL/pymarl-monotone-qmix/3rdparty/StarCraftII/ -tempDir /tmp/sc-3t_ae2m6/
[INFO 06:34:34] absl Connecting to: ws://127.0.0.1:46477/sc2api, attempt: 0, running: True
Version: B75689 (SC2.4.10)
Build: Aug 12 2019 17:16:57
Command Line: '"/labmount/users/202535331/MARL/pymarl-monotone-qmix/3rdparty/StarCraftII/Versions/Base75689/SC2_x64" -listen 127.0.0.1 -port 46477 -dataDir /labmount/users/202535331/MARL/pymarl-monotone-qmix/3rdparty/StarCraftII/ -tempDir /tmp/sc-3t_ae2m6/'
Starting up...
Startup Phase 1 complete
[INFO 06:34:35] absl Connecting to: ws://127.0.0.1:46477/sc2api, attempt: 1, running: True
Startup Phase 2 complete
Creating stub renderer...
Listening on: 127.0.0.1:46477
Startup Phase 3 complete. Ready for commands.
[INFO 06:34:36] absl Connecting to: ws://127.0.0.1:46477/sc2api, attempt: 2, running: True
ConnectHandler: Request from 127.0.0.1:47892 accepted
ReadyHandler: 127.0.0.1:47892 ready
Requesting to join a single player game
Configuring interface options
Configure: raw interface enabled
Configure: feature layer interface disabled
Configure: score interface disabled
Configure: render interface disabled
Launching next game.
Next launch phase started: 2
Next launch phase started: 3
Next launch phase started: 4
Next launch phase started: 5
Next launch phase started: 6
Next launch phase started: 7
Next launch phase started: 8
Game has started.
Using default stable ids, none found at: /labmount/users/202535331/MARL/pymarl-monotone-qmix/3rdparty/StarCraftII/stableid.json
Successfully loaded stable ids: GameData\stableid.json
Sending ResponseJoinGame
[INFO 06:37:20] my_main t_env: 936468 / 2050000
[INFO 06:37:20] my_main Estimated time left: 7 hours, 40 minutes, 59 seconds. Time passed: 4 hours, 7 minutes, 26 seconds
[INFO 06:37:27] my_main Recent Stats | t_env:     936468 | Episode:    16591
battle_won_mean:           0.9505	dead_allies_mean:         11.5229	dead_enemies_mean:        23.8109	ep_length_mean:           32.3745
epsilon:                   0.0500	grad_norm:                10.5376	loss:                      3.7001	loss_central:              0.0911
loss_latent:               2.8748	loss_td:                   0.7341	q_taken_mean:              7.6604	return_mean:              19.8032
return_std:                1.0958	target_mean:               7.6628	td_error_abs:              0.2015	test_battle_won_mean:      0.9938
test_dead_allies_mean:     9.4125	test_dead_enemies_mean:   23.9688	test_ep_length_mean:      34.3500	test_return_mean:         20.0024
test_return_std:           0.2474	
[INFO 06:41:44] my_main t_env: 946473 / 2050000
[INFO 06:41:44] my_main Estimated time left: 8 hours, 5 minutes, 8 seconds. Time passed: 4 hours, 11 minutes, 50 seconds
[INFO 06:41:50] my_main Recent Stats | t_env:     946473 | Episode:    16982
battle_won_mean:           0.9587	dead_allies_mean:         10.9988	dead_enemies_mean:        23.8450	ep_length_mean:           30.8469
epsilon:                   0.0500	grad_norm:                 9.6596	loss:                      3.2307	loss_central:              0.0741
loss_latent:               2.6125	loss_td:                   0.5441	q_taken_mean:              7.4012	return_mean:              19.8421
return_std:                0.9867	target_mean:               7.4258	td_error_abs:              0.2001	test_battle_won_mean:      0.9938
test_dead_allies_mean:     8.7562	test_dead_enemies_mean:   23.9688	test_ep_length_mean:      31.1562	test_return_mean:         19.9965
test_return_std:           0.2388	
[INFO 06:47:18] my_main t_env: 956483 / 2050000
[INFO 06:47:18] my_main Estimated time left: 10 hours, 7 minutes, 37 seconds. Time passed: 4 hours, 17 minutes, 24 seconds
[INFO 06:47:23] my_main Recent Stats | t_env:     956483 | Episode:    17513
battle_won_mean:           0.9663	dead_allies_mean:         10.3086	dead_enemies_mean:        23.8641	ep_length_mean:           27.8320
epsilon:                   0.0500	grad_norm:                 7.9985	loss:                      3.2149	loss_central:              0.0703
loss_latent:               2.5685	loss_td:                   0.5760	q_taken_mean:              6.9957	return_mean:              19.8703
return_std:                0.8875	target_mean:               6.9962	td_error_abs:              0.1906	test_battle_won_mean:      0.9875
test_dead_allies_mean:     8.4125	test_dead_enemies_mean:   23.9500	test_ep_length_mean:      24.4187	test_return_mean:         19.9553
test_return_std:           0.3721	
[INFO 06:52:14] my_main t_env: 966497 / 2050000
[INFO 06:52:14] my_main Estimated time left: 8 hours, 54 minutes, 14 seconds. Time passed: 4 hours, 22 minutes, 20 seconds
[INFO 06:52:19] my_main Recent Stats | t_env:     966497 | Episode:    18012
battle_won_mean:           0.9731	dead_allies_mean:         10.0282	dead_enemies_mean:        23.8921	ep_length_mean:           24.7527
epsilon:                   0.0500	grad_norm:                 8.7499	loss:                      2.9472	loss_central:              0.0586
loss_latent:               2.3563	loss_td:                   0.5323	q_taken_mean:              6.8357	return_mean:              19.8987
return_std:                0.7582	target_mean:               6.8262	td_error_abs:              0.1755	test_battle_won_mean:      0.9875
test_dead_allies_mean:     8.5813	test_dead_enemies_mean:   23.9500	test_ep_length_mean:      19.4250	test_return_mean:         19.9495
test_return_std:           0.3634	
[INFO 06:58:00] my_main t_env: 976497 / 2050000
[INFO 06:58:00] my_main Estimated time left: 10 hours, 19 minutes, 7 seconds. Time passed: 4 hours, 28 minutes, 6 seconds
[INFO 06:58:06] my_main Recent Stats | t_env:     976497 | Episode:    18607
battle_won_mean:           0.9772	dead_allies_mean:          9.9539	dead_enemies_mean:        23.9048	ep_length_mean:           21.9388
epsilon:                   0.0500	grad_norm:                 9.3946	loss:                      2.7623	loss_central:              0.0615
loss_latent:               2.1382	loss_td:                   0.5625	q_taken_mean:              7.4589	return_mean:              19.9110
return_std:                0.7011	target_mean:               7.4501	td_error_abs:              0.1666	test_battle_won_mean:      0.9938
test_dead_allies_mean:     9.0062	test_dead_enemies_mean:   23.9812	test_ep_length_mean:      17.3062	test_return_mean:         19.9836
test_return_std:           0.1687	
[INFO 07:02:39] my_main t_env: 986499 / 2050000
[INFO 07:02:39] my_main Estimated time left: 8 hours, 14 minutes, 13 seconds. Time passed: 4 hours, 32 minutes, 45 seconds
[INFO 07:02:44] my_main Recent Stats | t_env:     986499 | Episode:    19123
battle_won_mean:           0.9859	dead_allies_mean:          9.9521	dead_enemies_mean:        23.9558	ep_length_mean:           20.1396
epsilon:                   0.0500	grad_norm:                 9.9695	loss:                      2.5971	loss_central:              0.0523
loss_latent:               1.7902	loss_td:                   0.7546	q_taken_mean:              7.9814	return_mean:              19.9546
return_std:                0.5790	target_mean:               8.0030	td_error_abs:              0.1606	test_battle_won_mean:      0.9938
test_dead_allies_mean:     9.4688	test_dead_enemies_mean:   23.9812	test_ep_length_mean:      15.5437	test_return_mean:         19.9819
test_return_std:           0.1677	
RequestQuit command received.
Closing Application...
DataHandler: unable to parse websocket frame.
CloseHandler: 127.0.0.1:47892 disconnected
[INFO 07:04:57] absl Shutdown gracefully.
[INFO 07:04:57] absl Shutdown with return code: -15
[INFO 07:04:57] absl Launching SC2: /labmount/users/202535331/MARL/pymarl-monotone-qmix/3rdparty/StarCraftII/Versions/Base75689/SC2_x64 -listen 127.0.0.1 -port 43757 -dataDir /labmount/users/202535331/MARL/pymarl-monotone-qmix/3rdparty/StarCraftII/ -tempDir /tmp/sc-roim3r3l/
[INFO 07:04:57] absl Connecting to: ws://127.0.0.1:43757/sc2api, attempt: 0, running: True
Version: B75689 (SC2.4.10)
Build: Aug 12 2019 17:16:57
Command Line: '"/labmount/users/202535331/MARL/pymarl-monotone-qmix/3rdparty/StarCraftII/Versions/Base75689/SC2_x64" -listen 127.0.0.1 -port 43757 -dataDir /labmount/users/202535331/MARL/pymarl-monotone-qmix/3rdparty/StarCraftII/ -tempDir /tmp/sc-roim3r3l/'
Starting up...
Startup Phase 1 complete
[INFO 07:04:58] absl Connecting to: ws://127.0.0.1:43757/sc2api, attempt: 1, running: True
Startup Phase 2 complete
Creating stub renderer...
Listening on: 127.0.0.1:43757
Startup Phase 3 complete. Ready for commands.
[INFO 07:04:59] absl Connecting to: ws://127.0.0.1:43757/sc2api, attempt: 2, running: True
ConnectHandler: Request from 127.0.0.1:43324 accepted
ReadyHandler: 127.0.0.1:43324 ready
Requesting to join a single player game
Configuring interface options
Configure: raw interface enabled
Configure: feature layer interface disabled
Configure: score interface disabled
Configure: render interface disabled
Launching next game.
Next launch phase started: 2
Next launch phase started: 3
Next launch phase started: 4
Next launch phase started: 5
Next launch phase started: 6
Next launch phase started: 7
Next launch phase started: 8
Game has started.
Using default stable ids, none found at: /labmount/users/202535331/MARL/pymarl-monotone-qmix/3rdparty/StarCraftII/stableid.json
Successfully loaded stable ids: GameData\stableid.json
Sending ResponseJoinGame
[INFO 07:07:31] my_main t_env: 996500 / 2050000
[INFO 07:07:31] my_main Estimated time left: 8 hours, 31 minutes, 47 seconds. Time passed: 4 hours, 37 minutes, 36 seconds
[INFO 07:07:36] my_main Recent Stats | t_env:     996500 | Episode:    19622
battle_won_mean:           0.9862	dead_allies_mean:          9.7971	dead_enemies_mean:        23.9517	ep_length_mean:           19.0304
epsilon:                   0.0500	grad_norm:                10.4816	loss:                      2.7068	loss_central:              0.0522
loss_latent:               1.7384	loss_td:                   0.9162	q_taken_mean:              8.5453	return_mean:              19.9515
return_std:                0.6420	target_mean:               8.5134	td_error_abs:              0.1653	test_battle_won_mean:      0.9875
test_dead_allies_mean:    10.0375	test_dead_enemies_mean:   23.9500	test_ep_length_mean:      15.9812	test_return_mean:         19.9533
test_return_std:           0.3197	
[INFO 07:12:52] my_main t_env: 1006512 / 2050000
[INFO 07:12:52] my_main Estimated time left: 9 hours, 18 minutes, 7 seconds. Time passed: 4 hours, 42 minutes, 58 seconds
[INFO 07:12:57] my_main Recent Stats | t_env:    1006512 | Episode:    20206
battle_won_mean:           0.9874	dead_allies_mean:          9.5438	dead_enemies_mean:        23.9569	ep_length_mean:           18.6889
epsilon:                   0.0500	grad_norm:                13.0202	loss:                      2.2537	loss_central:              0.0469
loss_latent:               1.3806	loss_td:                   0.8262	q_taken_mean:              9.0894	return_mean:              19.9573
return_std:                0.5966	target_mean:               9.0694	td_error_abs:              0.1571	test_battle_won_mean:      0.9938
test_dead_allies_mean:    10.1188	test_dead_enemies_mean:   23.9688	test_ep_length_mean:      16.1250	test_return_mean:         19.9816
test_return_std:           0.1668	
[INFO 07:17:48] my_main t_env: 1016522 / 2050000
[INFO 07:17:48] my_main Estimated time left: 8 hours, 28 minutes, 53 seconds. Time passed: 4 hours, 47 minutes, 53 seconds
[INFO 07:17:52] my_main Recent Stats | t_env:    1016522 | Episode:    20761
battle_won_mean:           0.9829	dead_allies_mean:          9.6954	dead_enemies_mean:        23.9406	ep_length_mean:           18.2825
epsilon:                   0.0500	grad_norm:                13.0695	loss:                      2.2979	loss_central:              0.0552
loss_latent:               1.1528	loss_td:                   1.0899	q_taken_mean:              9.8613	return_mean:              19.9331
return_std:                0.6956	target_mean:               9.8258	td_error_abs:              0.1487	test_battle_won_mean:      0.9938
test_dead_allies_mean:    10.0500	test_dead_enemies_mean:   23.9688	test_ep_length_mean:      16.3188	test_return_mean:         19.9811
test_return_std:           0.1653	
[INFO 07:22:07] my_main t_env: 1026553 / 2050000
[INFO 07:22:07] my_main Estimated time left: 7 hours, 20 minutes, 7 seconds. Time passed: 4 hours, 52 minutes, 12 seconds
[INFO 07:22:12] my_main Recent Stats | t_env:    1026553 | Episode:    21271
battle_won_mean:           0.9759	dead_allies_mean:          9.6821	dead_enemies_mean:        23.9136	ep_length_mean:           18.8549
epsilon:                   0.0500	grad_norm:                12.8518	loss:                      2.1486	loss_central:              0.0403
loss_latent:               1.0956	loss_td:                   1.0127	q_taken_mean:              9.8838	return_mean:              19.8977
return_std:                0.8198	target_mean:               9.8651	td_error_abs:              0.1333	test_battle_won_mean:      0.9938
test_dead_allies_mean:     9.0188	test_dead_enemies_mean:   23.9688	test_ep_length_mean:      16.1812	test_return_mean:         19.9824
test_return_std:           0.1678	
[INFO 07:25:43] my_main t_env: 1036556 / 2050000
[INFO 07:25:43] my_main Estimated time left: 6 hours, 6 minutes, 0 seconds. Time passed: 4 hours, 55 minutes, 49 seconds
[INFO 07:25:48] my_main Recent Stats | t_env:    1036556 | Episode:    21652
battle_won_mean:           0.9687	dead_allies_mean:          9.4133	dead_enemies_mean:        23.9085	ep_length_mean:           20.2290
epsilon:                   0.0500	grad_norm:                11.5053	loss:                      1.7760	loss_central:              0.0403
loss_latent:               0.9797	loss_td:                   0.7561	q_taken_mean:              9.8469	return_mean:              19.8783
return_std:                0.8581	target_mean:               9.7919	td_error_abs:              0.1408	test_battle_won_mean:      0.9938
test_dead_allies_mean:     7.9500	test_dead_enemies_mean:   23.9688	test_ep_length_mean:      16.3938	test_return_mean:         19.9860
test_return_std:           0.1711	
[INFO 07:30:18] my_main t_env: 1046592 / 2050000
[INFO 07:30:18] my_main Estimated time left: 7 hours, 38 minutes, 31 seconds. Time passed: 5 hours, 24 seconds
[INFO 07:30:23] my_main Recent Stats | t_env:    1046592 | Episode:    22168
battle_won_mean:           0.9715	dead_allies_mean:          9.2383	dead_enemies_mean:        23.9243	ep_length_mean:           20.1105
epsilon:                   0.0500	grad_norm:                11.3519	loss:                      1.3563	loss_central:              0.0406
loss_latent:               0.7656	loss_td:                   0.5502	q_taken_mean:             10.3543	return_mean:              19.8972
return_std:                0.7334	target_mean:              10.3329	td_error_abs:              0.1202	test_battle_won_mean:      0.9938
test_dead_allies_mean:     7.4125	test_dead_enemies_mean:   23.9937	test_ep_length_mean:      15.2438	test_return_mean:         19.9942
test_return_std:           0.1323	
RequestQuit command received.
Closing Application...
DataHandler: unable to parse websocket frame.
CloseHandler: 127.0.0.1:43324 disconnected
[INFO 07:33:09] absl Shutdown gracefully.
[INFO 07:33:09] absl Shutdown with return code: -15
[INFO 07:33:09] absl Launching SC2: /labmount/users/202535331/MARL/pymarl-monotone-qmix/3rdparty/StarCraftII/Versions/Base75689/SC2_x64 -listen 127.0.0.1 -port 45329 -dataDir /labmount/users/202535331/MARL/pymarl-monotone-qmix/3rdparty/StarCraftII/ -tempDir /tmp/sc-txhyvc19/
[INFO 07:33:09] absl Connecting to: ws://127.0.0.1:45329/sc2api, attempt: 0, running: True
Version: B75689 (SC2.4.10)
Build: Aug 12 2019 17:16:57
Command Line: '"/labmount/users/202535331/MARL/pymarl-monotone-qmix/3rdparty/StarCraftII/Versions/Base75689/SC2_x64" -listen 127.0.0.1 -port 45329 -dataDir /labmount/users/202535331/MARL/pymarl-monotone-qmix/3rdparty/StarCraftII/ -tempDir /tmp/sc-txhyvc19/'
Starting up...
Startup Phase 1 complete
[INFO 07:33:10] absl Connecting to: ws://127.0.0.1:45329/sc2api, attempt: 1, running: True
Startup Phase 2 complete
Creating stub renderer...
Listening on: 127.0.0.1:45329
Startup Phase 3 complete. Ready for commands.
[INFO 07:33:11] absl Connecting to: ws://127.0.0.1:45329/sc2api, attempt: 2, running: True
ConnectHandler: Request from 127.0.0.1:44946 accepted
ReadyHandler: 127.0.0.1:44946 ready
Requesting to join a single player game
Configuring interface options
Configure: raw interface enabled
Configure: feature layer interface disabled
Configure: score interface disabled
Configure: render interface disabled
Launching next game.
Next launch phase started: 2
Next launch phase started: 3
Next launch phase started: 4
Next launch phase started: 5
Next launch phase started: 6
Next launch phase started: 7
Next launch phase started: 8
Game has started.
Using default stable ids, none found at: /labmount/users/202535331/MARL/pymarl-monotone-qmix/3rdparty/StarCraftII/stableid.json
Successfully loaded stable ids: GameData\stableid.json
Sending ResponseJoinGame
[INFO 07:35:04] my_main t_env: 1056777 / 2050000
[INFO 07:35:04] my_main Estimated time left: 7 hours, 44 minutes, 13 seconds. Time passed: 5 hours, 5 minutes, 10 seconds
[INFO 07:35:09] my_main Recent Stats | t_env:    1056777 | Episode:    22710
battle_won_mean:           0.9682	dead_allies_mean:          9.5214	dead_enemies_mean:        23.9038	ep_length_mean:           20.4401
epsilon:                   0.0500	grad_norm:                10.3282	loss:                      1.2297	loss_central:              0.0421
loss_latent:               0.6947	loss_td:                   0.4929	q_taken_mean:             10.4984	return_mean:              19.8751
return_std:                0.8950	target_mean:              10.4909	td_error_abs:              0.1217	test_battle_won_mean:      0.9938
test_dead_allies_mean:     7.4188	test_dead_enemies_mean:   23.9937	test_ep_length_mean:      15.2063	test_return_mean:         19.9944
test_return_std:           0.1371	
[INFO 07:39:56] my_main t_env: 1066819 / 2050000
[INFO 07:39:56] my_main Estimated time left: 7 hours, 56 minutes, 21 seconds. Time passed: 5 hours, 10 minutes, 2 seconds
[INFO 07:40:00] my_main Recent Stats | t_env:    1066819 | Episode:    23329
battle_won_mean:           0.9737	dead_allies_mean:          9.0696	dead_enemies_mean:        23.9178	ep_length_mean:           20.0775
epsilon:                   0.0500	grad_norm:                11.3333	loss:                      1.1603	loss_central:              0.0345
loss_latent:               0.6734	loss_td:                   0.4524	q_taken_mean:             10.6933	return_mean:              19.8991
return_std:                0.8069	target_mean:              10.7075	td_error_abs:              0.1305	test_battle_won_mean:      0.9938
test_dead_allies_mean:     6.9188	test_dead_enemies_mean:   23.9937	test_ep_length_mean:      14.7500	test_return_mean:         19.9927
test_return_std:           0.1360	
[INFO 07:45:08] my_main t_env: 1076832 / 2050000
[INFO 07:45:08] my_main Estimated time left: 8 hours, 25 minutes, 9 seconds. Time passed: 5 hours, 15 minutes, 13 seconds
[INFO 07:45:12] my_main Recent Stats | t_env:    1076832 | Episode:    23940
battle_won_mean:           0.9791	dead_allies_mean:          8.7968	dead_enemies_mean:        23.9437	ep_length_mean:           19.4213
epsilon:                   0.0500	grad_norm:                11.4965	loss:                      1.0400	loss_central:              0.0409
loss_latent:               0.5723	loss_td:                   0.4268	q_taken_mean:             11.1458	return_mean:              19.9284
return_std:                0.6987	target_mean:              11.1666	td_error_abs:              0.1260	test_battle_won_mean:      0.9938
test_dead_allies_mean:     6.9188	test_dead_enemies_mean:   23.9937	test_ep_length_mean:      13.6312	test_return_mean:         19.9903
test_return_std:           0.1329	
[INFO 07:50:16] my_main t_env: 1086834 / 2050000
[INFO 07:50:16] my_main Estimated time left: 8 hours, 13 minutes, 52 seconds. Time passed: 5 hours, 20 minutes, 21 seconds
[INFO 07:50:19] my_main Recent Stats | t_env:    1086834 | Episode:    24553
battle_won_mean:           0.9872	dead_allies_mean:          8.3121	dead_enemies_mean:        23.9503	ep_length_mean:           17.4337
epsilon:                   0.0500	grad_norm:                13.8169	loss:                      0.9126	loss_central:              0.0407
loss_latent:               0.4724	loss_td:                   0.3995	q_taken_mean:             11.6129	return_mean:              19.9500
return_std:                0.6392	target_mean:              11.6591	td_error_abs:              0.1036	test_battle_won_mean:      0.9938
test_dead_allies_mean:     6.7687	test_dead_enemies_mean:   23.9937	test_ep_length_mean:      12.5938	test_return_mean:         19.9858
test_return_std:           0.1284	
[INFO 07:55:30] my_main t_env: 1096839 / 2050000
[INFO 07:55:30] my_main Estimated time left: 8 hours, 19 minutes, 5 seconds. Time passed: 5 hours, 25 minutes, 35 seconds
[INFO 07:55:34] my_main Recent Stats | t_env:    1096839 | Episode:    25227
battle_won_mean:           0.9870	dead_allies_mean:          8.3065	dead_enemies_mean:        23.9499	ep_length_mean:           16.5126
epsilon:                   0.0500	grad_norm:                15.0382	loss:                      0.9800	loss_central:              0.0440
loss_latent:               0.5418	loss_td:                   0.3941	q_taken_mean:             11.7076	return_mean:              19.9453
return_std:                0.6449	target_mean:              11.7478	td_error_abs:              0.1053	test_battle_won_mean:      1.0000
test_dead_allies_mean:     6.8937	test_dead_enemies_mean:   24.0000	test_ep_length_mean:      11.6250	test_return_mean:         20.0041
test_return_std:           0.0131	
[INFO 08:01:08] my_main t_env: 1106876 / 2050000
[INFO 08:01:08] my_main Estimated time left: 8 hours, 49 minutes, 38 seconds. Time passed: 5 hours, 31 minutes, 14 seconds
[INFO 08:01:12] my_main Recent Stats | t_env:    1106876 | Episode:    25945
battle_won_mean:           0.9894	dead_allies_mean:          8.0252	dead_enemies_mean:        23.9667	ep_length_mean:           15.5501
epsilon:                   0.0500	grad_norm:                14.5536	loss:                      1.1206	loss_central:              0.0439
loss_latent:               0.6384	loss_td:                   0.4382	q_taken_mean:             11.8294	return_mean:              19.9619
return_std:                0.5084	target_mean:              11.8281	td_error_abs:              0.1162	test_battle_won_mean:      1.0000
test_dead_allies_mean:     6.3625	test_dead_enemies_mean:   24.0000	test_ep_length_mean:      10.7438	test_return_mean:         20.0027
test_return_std:           0.0057	
RequestQuit command received.
Closing Application...
DataHandler: unable to parse websocket frame.
CloseHandler: 127.0.0.1:44946 disconnected
[INFO 08:05:44] absl Shutdown gracefully.
[INFO 08:05:44] absl Shutdown with return code: -15
[INFO 08:05:44] absl Launching SC2: /labmount/users/202535331/MARL/pymarl-monotone-qmix/3rdparty/StarCraftII/Versions/Base75689/SC2_x64 -listen 127.0.0.1 -port 35731 -dataDir /labmount/users/202535331/MARL/pymarl-monotone-qmix/3rdparty/StarCraftII/ -tempDir /tmp/sc-f66dyc2f/
[INFO 08:05:44] absl Connecting to: ws://127.0.0.1:35731/sc2api, attempt: 0, running: True
Version: B75689 (SC2.4.10)
Build: Aug 12 2019 17:16:57
Command Line: '"/labmount/users/202535331/MARL/pymarl-monotone-qmix/3rdparty/StarCraftII/Versions/Base75689/SC2_x64" -listen 127.0.0.1 -port 35731 -dataDir /labmount/users/202535331/MARL/pymarl-monotone-qmix/3rdparty/StarCraftII/ -tempDir /tmp/sc-f66dyc2f/'
Starting up...
Startup Phase 1 complete
[INFO 08:05:45] absl Connecting to: ws://127.0.0.1:35731/sc2api, attempt: 1, running: True
Startup Phase 2 complete
Creating stub renderer...
Listening on: 127.0.0.1:35731
Startup Phase 3 complete. Ready for commands.
[INFO 08:05:46] absl Connecting to: ws://127.0.0.1:35731/sc2api, attempt: 2, running: True
ConnectHandler: Request from 127.0.0.1:33828 accepted
ReadyHandler: 127.0.0.1:33828 ready
Requesting to join a single player game
Configuring interface options
Configure: raw interface enabled
Configure: feature layer interface disabled
Configure: score interface disabled
Configure: render interface disabled
Launching next game.
Next launch phase started: 2
Next launch phase started: 3
Next launch phase started: 4
Next launch phase started: 5
Next launch phase started: 6
Next launch phase started: 7
Next launch phase started: 8
Game has started.
Using default stable ids, none found at: /labmount/users/202535331/MARL/pymarl-monotone-qmix/3rdparty/StarCraftII/stableid.json
Successfully loaded stable ids: GameData\stableid.json
Sending ResponseJoinGame
[INFO 08:06:35] my_main t_env: 1116883 / 2050000
[INFO 08:06:35] my_main Estimated time left: 8 hours, 27 minutes, 43 seconds. Time passed: 5 hours, 36 minutes, 40 seconds
[INFO 08:06:39] my_main Recent Stats | t_env:    1116883 | Episode:    26695
battle_won_mean:           0.9891	dead_allies_mean:          7.8569	dead_enemies_mean:        23.9629	ep_length_mean:           14.9741
epsilon:                   0.0500	grad_norm:                14.4907	loss:                      0.8432	loss_central:              0.0439
loss_latent:               0.6079	loss_td:                   0.1914	q_taken_mean:             11.8699	return_mean:              19.9614
return_std:                0.4988	target_mean:              11.8252	td_error_abs:              0.1189	test_battle_won_mean:      1.0000
test_dead_allies_mean:     6.6562	test_dead_enemies_mean:   24.0000	test_ep_length_mean:      10.7188	test_return_mean:         20.0037
test_return_std:           0.0072	
[INFO 08:10:48] my_main t_env: 1127069 / 2050000
[INFO 08:10:48] my_main Estimated time left: 6 hours, 22 minutes, 58 seconds. Time passed: 5 hours, 40 minutes, 54 seconds
[INFO 08:10:52] my_main Recent Stats | t_env:    1127069 | Episode:    27381
battle_won_mean:           0.9904	dead_allies_mean:          7.6242	dead_enemies_mean:        23.9646	ep_length_mean:           14.6662
epsilon:                   0.0500	grad_norm:                14.6852	loss:                      1.4781	loss_central:              0.0499
loss_latent:               0.8959	loss_td:                   0.5324	q_taken_mean:             11.3357	return_mean:              19.9669
return_std:                0.4789	target_mean:              11.2858	td_error_abs:              0.1358	test_battle_won_mean:      1.0000
test_dead_allies_mean:     6.3812	test_dead_enemies_mean:   24.0000	test_ep_length_mean:      10.9125	test_return_mean:         20.0055
test_return_std:           0.0098	
[INFO 08:15:02] my_main t_env: 1137119 / 2050000
[INFO 08:15:02] my_main Estimated time left: 6 hours, 23 minutes, 33 seconds. Time passed: 5 hours, 45 minutes, 7 seconds
[INFO 08:15:05] my_main Recent Stats | t_env:    1137119 | Episode:    28073
battle_won_mean:           0.9865	dead_allies_mean:          7.7888	dead_enemies_mean:        23.9581	ep_length_mean:           14.3075
epsilon:                   0.0500	grad_norm:                10.7592	loss:                      2.1821	loss_central:              0.0528
loss_latent:               1.0324	loss_td:                   1.0969	q_taken_mean:             11.0439	return_mean:              19.9511
return_std:                0.5206	target_mean:              10.9660	td_error_abs:              0.1576	test_battle_won_mean:      1.0000
test_dead_allies_mean:     6.3375	test_dead_enemies_mean:   24.0000	test_ep_length_mean:      10.8625	test_return_mean:         20.0055
test_return_std:           0.0098	
[INFO 08:19:30] my_main t_env: 1147123 / 2050000
[INFO 08:19:30] my_main Estimated time left: 6 hours, 44 minutes, 2 seconds. Time passed: 5 hours, 49 minutes, 36 seconds
[INFO 08:19:34] my_main Recent Stats | t_env:    1147123 | Episode:    28830
battle_won_mean:           0.9857	dead_allies_mean:          7.4138	dead_enemies_mean:        23.9533	ep_length_mean:           13.9817
epsilon:                   0.0500	grad_norm:                11.6993	loss:                      2.9071	loss_central:              0.0602
loss_latent:               0.9659	loss_td:                   1.8810	q_taken_mean:             11.0921	return_mean:              19.9466
return_std:                0.5363	target_mean:              11.0458	td_error_abs:              0.1492	test_battle_won_mean:      1.0000
test_dead_allies_mean:     5.9125	test_dead_enemies_mean:   24.0000	test_ep_length_mean:      10.6687	test_return_mean:         20.0057
test_return_std:           0.0105	
[INFO 08:24:00] my_main t_env: 1157134 / 2050000
[INFO 08:24:00] my_main Estimated time left: 6 hours, 40 minutes, 36 seconds. Time passed: 5 hours, 54 minutes, 5 seconds
[INFO 08:24:03] my_main Recent Stats | t_env:    1157134 | Episode:    29600
battle_won_mean:           0.9866	dead_allies_mean:          7.1768	dead_enemies_mean:        23.9564	ep_length_mean:           13.7862
epsilon:                   0.0500	grad_norm:                12.5543	loss:                      4.7862	loss_central:              0.0567
loss_latent:               0.9486	loss_td:                   3.7809	q_taken_mean:             11.4730	return_mean:              19.9512
return_std:                0.5018	target_mean:              11.4467	td_error_abs:              0.1339	test_battle_won_mean:      1.0000
test_dead_allies_mean:     5.8187	test_dead_enemies_mean:   24.0000	test_ep_length_mean:      10.6312	test_return_mean:         20.0063
test_return_std:           0.0116	
[INFO 08:28:16] my_main t_env: 1167147 / 2050000
[INFO 08:28:16] my_main Estimated time left: 6 hours, 16 minutes, 57 seconds. Time passed: 5 hours, 58 minutes, 22 seconds
[INFO 08:28:21] my_main Recent Stats | t_env:    1167147 | Episode:    30286
battle_won_mean:           0.9862	dead_allies_mean:          7.3555	dead_enemies_mean:        23.9569	ep_length_mean:           14.0369
epsilon:                   0.0500	grad_norm:                13.2635	loss:                      5.6794	loss_central:              0.0477
loss_latent:               0.6491	loss_td:                   4.9826	q_taken_mean:             12.2687	return_mean:              19.9483
return_std:                0.5345	target_mean:              12.2255	td_error_abs:              0.1279	test_battle_won_mean:      1.0000
test_dead_allies_mean:     6.1688	test_dead_enemies_mean:   24.0000	test_ep_length_mean:      11.0875	test_return_mean:         20.0087
test_return_std:           0.0142	
[INFO 08:31:41] my_main t_env: 1177248 / 2050000
[INFO 08:31:41] my_main Estimated time left: 4 hours, 55 minutes, 7 seconds. Time passed: 6 hours, 1 minutes, 47 seconds
RequestQuit command received.
Closing Application...
DataHandler: unable to parse websocket frame.
CloseHandler: 127.0.0.1:33828 disconnected
[INFO 08:31:42] absl Shutdown gracefully.
[INFO 08:31:42] absl Shutdown with return code: -15
[INFO 08:31:42] absl Launching SC2: /labmount/users/202535331/MARL/pymarl-monotone-qmix/3rdparty/StarCraftII/Versions/Base75689/SC2_x64 -listen 127.0.0.1 -port 42759 -dataDir /labmount/users/202535331/MARL/pymarl-monotone-qmix/3rdparty/StarCraftII/ -tempDir /tmp/sc-7bzk0bem/
[INFO 08:31:42] absl Connecting to: ws://127.0.0.1:42759/sc2api, attempt: 0, running: True
Version: B75689 (SC2.4.10)
Build: Aug 12 2019 17:16:57
Command Line: '"/labmount/users/202535331/MARL/pymarl-monotone-qmix/3rdparty/StarCraftII/Versions/Base75689/SC2_x64" -listen 127.0.0.1 -port 42759 -dataDir /labmount/users/202535331/MARL/pymarl-monotone-qmix/3rdparty/StarCraftII/ -tempDir /tmp/sc-7bzk0bem/'
Starting up...
Startup Phase 1 complete
[INFO 08:31:43] absl Connecting to: ws://127.0.0.1:42759/sc2api, attempt: 1, running: True
Startup Phase 2 complete
Creating stub renderer...
Listening on: 127.0.0.1:42759
Startup Phase 3 complete. Ready for commands.
[INFO 08:31:44] absl Connecting to: ws://127.0.0.1:42759/sc2api, attempt: 2, running: True
ConnectHandler: Request from 127.0.0.1:49092 accepted
ReadyHandler: 127.0.0.1:49092 ready
Requesting to join a single player game
Configuring interface options
Configure: raw interface enabled
Configure: feature layer interface disabled
Configure: score interface disabled
Configure: render interface disabled
Launching next game.
Next launch phase started: 2
Next launch phase started: 3
Next launch phase started: 4
Next launch phase started: 5
Next launch phase started: 6
Next launch phase started: 7
Next launch phase started: 8
Game has started.
Using default stable ids, none found at: /labmount/users/202535331/MARL/pymarl-monotone-qmix/3rdparty/StarCraftII/stableid.json
Successfully loaded stable ids: GameData\stableid.json
Sending ResponseJoinGame
[INFO 08:31:53] my_main Recent Stats | t_env:    1177248 | Episode:    30783
battle_won_mean:           0.9845	dead_allies_mean:          7.8483	dead_enemies_mean:        23.9501	ep_length_mean:           15.1320
epsilon:                   0.0500	grad_norm:                14.6257	loss:                      6.3477	loss_central:              0.0527
loss_latent:               0.5797	loss_td:                   5.7154	q_taken_mean:             12.0014	return_mean:              19.9419
return_std:                0.5889	target_mean:              11.9629	td_error_abs:              0.1312	test_battle_won_mean:      0.9875
test_dead_allies_mean:     6.6875	test_dead_enemies_mean:   23.8500	test_ep_length_mean:      13.3438	test_return_mean:         19.9622
test_return_std:           0.2200	
[INFO 08:35:13] my_main t_env: 1187295 / 2050000
[INFO 08:35:13] my_main Estimated time left: 5 hours, 2 minutes, 33 seconds. Time passed: 6 hours, 5 minutes, 18 seconds
[INFO 08:35:17] my_main Recent Stats | t_env:    1187295 | Episode:    31280
battle_won_mean:           0.9822	dead_allies_mean:          8.1574	dead_enemies_mean:        23.9342	ep_length_mean:           16.2704
epsilon:                   0.0500	grad_norm:                14.7664	loss:                      6.6187	loss_central:              0.0385
loss_latent:               0.5082	loss_td:                   6.0719	q_taken_mean:             12.2784	return_mean:              19.9296
return_std:                0.6498	target_mean:              12.2389	td_error_abs:              0.1298	test_battle_won_mean:      0.9875
test_dead_allies_mean:     6.8438	test_dead_enemies_mean:   23.8500	test_ep_length_mean:      14.0188	test_return_mean:         19.9641
test_return_std:           0.2243	
[INFO 08:39:18] my_main t_env: 1197299 / 2050000
[INFO 08:39:18] my_main Estimated time left: 5 hours, 48 minutes, 27 seconds. Time passed: 6 hours, 9 minutes, 24 seconds
[INFO 08:39:22] my_main Recent Stats | t_env:    1197299 | Episode:    31894
battle_won_mean:           0.9776	dead_allies_mean:          8.7549	dead_enemies_mean:        23.9271	ep_length_mean:           16.8860
epsilon:                   0.0500	grad_norm:                15.6921	loss:                      8.2864	loss_central:              0.0296
loss_latent:               0.4439	loss_td:                   7.8129	q_taken_mean:             12.7532	return_mean:              19.9129
return_std:                0.7021	target_mean:              12.7001	td_error_abs:              0.1212	test_battle_won_mean:      0.9875
test_dead_allies_mean:     7.3688	test_dead_enemies_mean:   23.8500	test_ep_length_mean:      14.4125	test_return_mean:         19.9643
test_return_std:           0.2244	
[INFO 08:43:52] my_main t_env: 1207300 / 2050000
[INFO 08:43:52] my_main Estimated time left: 6 hours, 25 minutes, 9 seconds. Time passed: 6 hours, 13 minutes, 58 seconds
[INFO 08:43:57] my_main Recent Stats | t_env:    1207300 | Episode:    32581
battle_won_mean:           0.9749	dead_allies_mean:          9.0393	dead_enemies_mean:        23.9182	ep_length_mean:           17.1972
epsilon:                   0.0500	grad_norm:                13.8734	loss:                      8.8158	loss_central:              0.0293
loss_latent:               0.4433	loss_td:                   8.3432	q_taken_mean:             12.1458	return_mean:              19.8997
return_std:                0.7852	target_mean:              12.1252	td_error_abs:              0.1365	test_battle_won_mean:      0.9812
test_dead_allies_mean:     7.3563	test_dead_enemies_mean:   23.8438	test_ep_length_mean:      15.4625	test_return_mean:         19.9444
test_return_std:           0.3314	
[INFO 08:48:26] my_main t_env: 1217302 / 2050000
[INFO 08:48:26] my_main Estimated time left: 6 hours, 19 minutes, 29 seconds. Time passed: 6 hours, 18 minutes, 31 seconds
[INFO 08:48:30] my_main Recent Stats | t_env:    1217302 | Episode:    33296
battle_won_mean:           0.9741	dead_allies_mean:          8.9409	dead_enemies_mean:        23.9208	ep_length_mean:           17.0757
epsilon:                   0.0500	grad_norm:                11.4989	loss:                      9.9054	loss_central:              0.0236
loss_latent:               0.4525	loss_td:                   9.4294	q_taken_mean:             11.5932	return_mean:              19.8989
return_std:                0.7652	target_mean:              11.5908	td_error_abs:              0.1238	test_battle_won_mean:      0.9812
test_dead_allies_mean:     6.6688	test_dead_enemies_mean:   23.8438	test_ep_length_mean:      14.6875	test_return_mean:         19.9411
test_return_std:           0.3274	
[INFO 08:53:04] my_main t_env: 1227306 / 2050000
[INFO 08:53:04] my_main Estimated time left: 6 hours, 20 minutes, 45 seconds. Time passed: 6 hours, 23 minutes, 9 seconds
[INFO 08:53:07] my_main Recent Stats | t_env:    1227306 | Episode:    33953
battle_won_mean:           0.9745	dead_allies_mean:          8.7942	dead_enemies_mean:        23.9167	ep_length_mean:           16.0563
epsilon:                   0.0500	grad_norm:                10.4424	loss:                      9.1262	loss_central:              0.0163
loss_latent:               0.4129	loss_td:                   8.6970	q_taken_mean:             12.0872	return_mean:              19.8940
return_std:                0.7743	target_mean:              12.0769	td_error_abs:              0.1124	test_battle_won_mean:      0.9938
test_dead_allies_mean:     5.8625	test_dead_enemies_mean:   23.9937	test_ep_length_mean:      11.9688	test_return_mean:         19.9855
test_return_std:           0.1184	
[INFO 08:58:29] my_main t_env: 1237316 / 2050000
[INFO 08:58:29] my_main Estimated time left: 7 hours, 20 minutes, 58 seconds. Time passed: 6 hours, 28 minutes, 35 seconds
[INFO 08:58:33] my_main Recent Stats | t_env:    1237316 | Episode:    34656
battle_won_mean:           0.9806	dead_allies_mean:          8.2266	dead_enemies_mean:        23.9396	ep_length_mean:           14.8610
epsilon:                   0.0500	grad_norm:                10.7366	loss:                     11.5206	loss_central:              0.0155
loss_latent:               0.3855	loss_td:                  11.1196	q_taken_mean:             11.9580	return_mean:              19.9222
return_std:                0.6669	target_mean:              11.9813	td_error_abs:              0.0982	test_battle_won_mean:      0.9938
test_dead_allies_mean:     5.5375	test_dead_enemies_mean:   23.9937	test_ep_length_mean:      11.2438	test_return_mean:         19.9836
test_return_std:           0.1144	
RequestQuit command received.
Closing Application...
DataHandler: unable to parse websocket frame.
CloseHandler: 127.0.0.1:49092 disconnected
[INFO 08:59:20] absl Shutdown gracefully.
[INFO 08:59:20] absl Shutdown with return code: -15
[INFO 08:59:20] absl Launching SC2: /labmount/users/202535331/MARL/pymarl-monotone-qmix/3rdparty/StarCraftII/Versions/Base75689/SC2_x64 -listen 127.0.0.1 -port 34949 -dataDir /labmount/users/202535331/MARL/pymarl-monotone-qmix/3rdparty/StarCraftII/ -tempDir /tmp/sc-z6eox8rr/
[INFO 08:59:20] absl Connecting to: ws://127.0.0.1:34949/sc2api, attempt: 0, running: True
Version: B75689 (SC2.4.10)
Build: Aug 12 2019 17:16:57
Command Line: '"/labmount/users/202535331/MARL/pymarl-monotone-qmix/3rdparty/StarCraftII/Versions/Base75689/SC2_x64" -listen 127.0.0.1 -port 34949 -dataDir /labmount/users/202535331/MARL/pymarl-monotone-qmix/3rdparty/StarCraftII/ -tempDir /tmp/sc-z6eox8rr/'
Starting up...
Startup Phase 1 complete
[INFO 08:59:21] absl Connecting to: ws://127.0.0.1:34949/sc2api, attempt: 1, running: True
Startup Phase 2 complete
Creating stub renderer...
Listening on: 127.0.0.1:34949
Startup Phase 3 complete. Ready for commands.
[INFO 08:59:22] absl Connecting to: ws://127.0.0.1:34949/sc2api, attempt: 2, running: True
ConnectHandler: Request from 127.0.0.1:46300 accepted
ReadyHandler: 127.0.0.1:46300 ready
Requesting to join a single player game
Configuring interface options
Configure: raw interface enabled
Configure: feature layer interface disabled
Configure: score interface disabled
Configure: render interface disabled
Launching next game.
Next launch phase started: 2
Next launch phase started: 3
Next launch phase started: 4
Next launch phase started: 5
Next launch phase started: 6
Next launch phase started: 7
Next launch phase started: 8
Game has started.
Using default stable ids, none found at: /labmount/users/202535331/MARL/pymarl-monotone-qmix/3rdparty/StarCraftII/stableid.json
Successfully loaded stable ids: GameData\stableid.json
Sending ResponseJoinGame
[INFO 09:03:40] my_main t_env: 1247324 / 2050000
[INFO 09:03:40] my_main Estimated time left: 6 hours, 55 minutes, 42 seconds. Time passed: 6 hours, 33 minutes, 46 seconds
[INFO 09:03:44] my_main Recent Stats | t_env:    1247324 | Episode:    35439
battle_won_mean:           0.9850	dead_allies_mean:          7.6239	dead_enemies_mean:        23.9402	ep_length_mean:           14.1587
epsilon:                   0.0500	grad_norm:                 9.6496	loss:                     12.5336	loss_central:              0.0159
loss_latent:               0.5291	loss_td:                  11.9886	q_taken_mean:             11.1102	return_mean:              19.9326
return_std:                0.6979	target_mean:              11.1297	td_error_abs:              0.1058	test_battle_won_mean:      0.9938
test_dead_allies_mean:     5.1500	test_dead_enemies_mean:   23.9937	test_ep_length_mean:      10.9812	test_return_mean:         19.9838
test_return_std:           0.1147	
[INFO 09:08:21] my_main t_env: 1257335 / 2050000
[INFO 09:08:21] my_main Estimated time left: 6 hours, 9 minutes, 41 seconds. Time passed: 6 hours, 38 minutes, 26 seconds
[INFO 09:08:24] my_main Recent Stats | t_env:    1257335 | Episode:    36192
battle_won_mean:           0.9861	dead_allies_mean:          7.4591	dead_enemies_mean:        23.9440	ep_length_mean:           13.9062
epsilon:                   0.0500	grad_norm:                 9.1633	loss:                     13.7432	loss_central:              0.0165
loss_latent:               0.5556	loss_td:                  13.1712	q_taken_mean:             11.5709	return_mean:              19.9372
return_std:                0.6775	target_mean:              11.5604	td_error_abs:              0.0917	test_battle_won_mean:      1.0000
test_dead_allies_mean:     5.1750	test_dead_enemies_mean:   24.0000	test_ep_length_mean:       9.8875	test_return_mean:         20.0033
test_return_std:           0.0070	
[INFO 09:12:27] my_main t_env: 1267345 / 2050000
[INFO 09:12:27] my_main Estimated time left: 5 hours, 21 minutes, 2 seconds. Time passed: 6 hours, 42 minutes, 33 seconds
[INFO 09:12:31] my_main Recent Stats | t_env:    1267345 | Episode:    36874
battle_won_mean:           0.9871	dead_allies_mean:          7.4794	dead_enemies_mean:        23.9434	ep_length_mean:           14.0439
epsilon:                   0.0500	grad_norm:                11.5282	loss:                     14.4195	loss_central:              0.0264
loss_latent:               0.5733	loss_td:                  13.8199	q_taken_mean:             11.7699	return_mean:              19.9404
return_std:                0.6808	target_mean:              11.7445	td_error_abs:              0.1046	test_battle_won_mean:      1.0000
test_dead_allies_mean:     5.1437	test_dead_enemies_mean:   24.0000	test_ep_length_mean:       9.8125	test_return_mean:         20.0029
test_return_std:           0.0061	
[INFO 09:16:29] my_main t_env: 1277352 / 2050000
[INFO 09:16:29] my_main Estimated time left: 5 hours, 11 minutes, 8 seconds. Time passed: 6 hours, 46 minutes, 34 seconds
[INFO 09:16:32] my_main Recent Stats | t_env:    1277352 | Episode:    37535
battle_won_mean:           0.9872	dead_allies_mean:          7.3009	dead_enemies_mean:        23.9507	ep_length_mean:           14.0264
epsilon:                   0.0500	grad_norm:                15.3275	loss:                     19.2255	loss_central:              0.0260
loss_latent:               0.5742	loss_td:                  18.6253	q_taken_mean:             11.8900	return_mean:              19.9451
return_std:                0.6445	target_mean:              11.8692	td_error_abs:              0.1075	test_battle_won_mean:      1.0000
test_dead_allies_mean:     5.1250	test_dead_enemies_mean:   24.0000	test_ep_length_mean:       9.6937	test_return_mean:         20.0031
test_return_std:           0.0066	
[INFO 09:20:52] my_main t_env: 1287371 / 2050000
[INFO 09:20:52] my_main Estimated time left: 5 hours, 33 minutes, 43 seconds. Time passed: 6 hours, 50 minutes, 57 seconds
[INFO 09:20:55] my_main Recent Stats | t_env:    1287371 | Episode:    38288
battle_won_mean:           0.9873	dead_allies_mean:          7.3342	dead_enemies_mean:        23.9507	ep_length_mean:           13.8397
epsilon:                   0.0500	grad_norm:                19.1373	loss:                     20.0953	loss_central:              0.0261
loss_latent:               0.5919	loss_td:                  19.4772	q_taken_mean:             11.6355	return_mean:              19.9445
return_std:                0.6431	target_mean:              11.6179	td_error_abs:              0.1088	test_battle_won_mean:      1.0000
test_dead_allies_mean:     5.2375	test_dead_enemies_mean:   24.0000	test_ep_length_mean:       9.5625	test_return_mean:         20.0032
test_return_std:           0.0070	
[INFO 09:25:37] my_main t_env: 1297425 / 2050000
[INFO 09:25:37] my_main Estimated time left: 5 hours, 55 minutes, 13 seconds. Time passed: 6 hours, 55 minutes, 42 seconds
[INFO 09:25:40] my_main Recent Stats | t_env:    1297425 | Episode:    39122
battle_won_mean:           0.9892	dead_allies_mean:          7.2732	dead_enemies_mean:        23.9640	ep_length_mean:           13.6944
epsilon:                   0.0500	grad_norm:                18.3849	loss:                     21.0039	loss_central:              0.0255
loss_latent:               0.5455	loss_td:                  20.4330	q_taken_mean:             12.0038	return_mean:              19.9590
return_std:                0.5150	target_mean:              11.9885	td_error_abs:              0.0999	test_battle_won_mean:      1.0000
test_dead_allies_mean:     5.1000	test_dead_enemies_mean:   24.0000	test_ep_length_mean:       9.4062	test_return_mean:         20.0027
test_return_std:           0.0064	
RequestQuit command received.
Closing Application...
DataHandler: unable to parse websocket frame.
CloseHandler: 127.0.0.1:46300 disconnected
[INFO 09:27:28] absl Shutdown gracefully.
[INFO 09:27:28] absl Shutdown with return code: -15
[INFO 09:27:28] absl Launching SC2: /labmount/users/202535331/MARL/pymarl-monotone-qmix/3rdparty/StarCraftII/Versions/Base75689/SC2_x64 -listen 127.0.0.1 -port 42091 -dataDir /labmount/users/202535331/MARL/pymarl-monotone-qmix/3rdparty/StarCraftII/ -tempDir /tmp/sc-dm3bppuz/
[INFO 09:27:28] absl Connecting to: ws://127.0.0.1:42091/sc2api, attempt: 0, running: True
Version: B75689 (SC2.4.10)
Build: Aug 12 2019 17:16:57
Command Line: '"/labmount/users/202535331/MARL/pymarl-monotone-qmix/3rdparty/StarCraftII/Versions/Base75689/SC2_x64" -listen 127.0.0.1 -port 42091 -dataDir /labmount/users/202535331/MARL/pymarl-monotone-qmix/3rdparty/StarCraftII/ -tempDir /tmp/sc-dm3bppuz/'
Starting up...
Startup Phase 1 complete
[INFO 09:27:29] absl Connecting to: ws://127.0.0.1:42091/sc2api, attempt: 1, running: True
Startup Phase 2 complete
Creating stub renderer...
Listening on: 127.0.0.1:42091
Startup Phase 3 complete. Ready for commands.
[INFO 09:27:30] absl Connecting to: ws://127.0.0.1:42091/sc2api, attempt: 2, running: True
ConnectHandler: Request from 127.0.0.1:49612 accepted
ReadyHandler: 127.0.0.1:49612 ready
Requesting to join a single player game
Configuring interface options
Configure: raw interface enabled
Configure: feature layer interface disabled
Configure: score interface disabled
Configure: render interface disabled
Launching next game.
Next launch phase started: 2
Next launch phase started: 3
Next launch phase started: 4
Next launch phase started: 5
Next launch phase started: 6
Next launch phase started: 7
Next launch phase started: 8
Game has started.
Using default stable ids, none found at: /labmount/users/202535331/MARL/pymarl-monotone-qmix/3rdparty/StarCraftII/stableid.json
Successfully loaded stable ids: GameData\stableid.json
Sending ResponseJoinGame
[INFO 09:30:59] my_main t_env: 1307432 / 2050000
[INFO 09:30:59] my_main Estimated time left: 6 hours, 38 minutes, 16 seconds. Time passed: 7 hours, 1 minutes, 4 seconds
[INFO 09:31:02] my_main Recent Stats | t_env:    1307432 | Episode:    39964
battle_won_mean:           0.9908	dead_allies_mean:          7.2184	dead_enemies_mean:        23.9651	ep_length_mean:           13.4124
epsilon:                   0.0500	grad_norm:                21.3833	loss:                     21.6392	loss_central:              0.0505
loss_latent:               0.5559	loss_td:                  21.0328	q_taken_mean:             11.7441	return_mean:              19.9672
return_std:                0.4592	target_mean:              11.6948	td_error_abs:              0.1196	test_battle_won_mean:      1.0000
test_dead_allies_mean:     5.0250	test_dead_enemies_mean:   24.0000	test_ep_length_mean:       9.3063	test_return_mean:         20.0022
test_return_std:           0.0056	
[INFO 09:36:05] my_main t_env: 1317434 / 2050000
[INFO 09:36:05] my_main Estimated time left: 6 hours, 13 minutes, 56 seconds. Time passed: 7 hours, 6 minutes, 11 seconds
[INFO 09:36:09] my_main Recent Stats | t_env:    1317434 | Episode:    40691
battle_won_mean:           0.9904	dead_allies_mean:          7.2414	dead_enemies_mean:        23.9639	ep_length_mean:           13.2285
epsilon:                   0.0500	grad_norm:                24.3577	loss:                     23.8416	loss_central:              0.0416
loss_latent:               0.5326	loss_td:                  23.2675	q_taken_mean:             11.7859	return_mean:              19.9646
return_std:                0.4620	target_mean:              11.7651	td_error_abs:              0.1087	test_battle_won_mean:      1.0000
test_dead_allies_mean:     5.0250	test_dead_enemies_mean:   24.0000	test_ep_length_mean:       9.3562	test_return_mean:         20.0023
test_return_std:           0.0057	
[INFO 09:40:50] my_main t_env: 1327441 / 2050000
[INFO 09:40:50] my_main Estimated time left: 5 hours, 42 minutes, 55 seconds. Time passed: 7 hours, 10 minutes, 56 seconds
[INFO 09:40:53] my_main Recent Stats | t_env:    1327441 | Episode:    41354
battle_won_mean:           0.9922	dead_allies_mean:          7.2108	dead_enemies_mean:        23.9663	ep_length_mean:           13.2194
epsilon:                   0.0500	grad_norm:                23.7587	loss:                     22.8667	loss_central:              0.0420
loss_latent:               0.5638	loss_td:                  22.2609	q_taken_mean:             11.8039	return_mean:              19.9730
return_std:                0.4381	target_mean:              11.7832	td_error_abs:              0.1047	test_battle_won_mean:      1.0000
test_dead_allies_mean:     5.2812	test_dead_enemies_mean:   24.0000	test_ep_length_mean:       9.5188	test_return_mean:         20.0024
test_return_std:           0.0061	
[INFO 09:45:23] my_main t_env: 1337445 / 2050000
[INFO 09:45:23] my_main Estimated time left: 5 hours, 24 minutes, 20 seconds. Time passed: 7 hours, 15 minutes, 29 seconds
[INFO 09:45:26] my_main Recent Stats | t_env:    1337445 | Episode:    42121
battle_won_mean:           0.9920	dead_allies_mean:          7.2589	dead_enemies_mean:        23.9651	ep_length_mean:           13.1669
epsilon:                   0.0500	grad_norm:                20.5685	loss:                     24.6406	loss_central:              0.0428
loss_latent:               0.4875	loss_td:                  24.1103	q_taken_mean:             12.3605	return_mean:              19.9714
return_std:                0.4513	target_mean:              12.3377	td_error_abs:              0.0999	test_battle_won_mean:      1.0000
test_dead_allies_mean:     5.2500	test_dead_enemies_mean:   24.0000	test_ep_length_mean:       9.5000	test_return_mean:         20.0024
test_return_std:           0.0059	
[INFO 09:49:50] my_main t_env: 1347460 / 2050000
[INFO 09:49:50] my_main Estimated time left: 5 hours, 11 minutes, 53 seconds. Time passed: 7 hours, 19 minutes, 55 seconds
[INFO 09:49:53] my_main Recent Stats | t_env:    1347460 | Episode:    42924
battle_won_mean:           0.9912	dead_allies_mean:          7.3565	dead_enemies_mean:        23.9620	ep_length_mean:           13.2502
epsilon:                   0.0500	grad_norm:                28.1766	loss:                     26.1278	loss_central:              0.0411
loss_latent:               0.4023	loss_td:                  25.6844	q_taken_mean:             12.7580	return_mean:              19.9676
return_std:                0.4737	target_mean:              12.7422	td_error_abs:              0.0990	test_battle_won_mean:      1.0000
test_dead_allies_mean:     5.4313	test_dead_enemies_mean:   24.0000	test_ep_length_mean:       9.5250	test_return_mean:         20.0024
test_return_std:           0.0058	
[INFO 09:54:22] my_main t_env: 1357493 / 2050000
[INFO 09:54:22] my_main Estimated time left: 5 hours, 13 minutes, 30 seconds. Time passed: 7 hours, 24 minutes, 28 seconds
[INFO 09:54:26] my_main Recent Stats | t_env:    1357493 | Episode:    43755
battle_won_mean:           0.9909	dead_allies_mean:          7.3962	dead_enemies_mean:        23.9675	ep_length_mean:           13.2880
epsilon:                   0.0500	grad_norm:                25.7187	loss:                     26.3445	loss_central:              0.0148
loss_latent:               0.3481	loss_td:                  25.9816	q_taken_mean:             12.8483	return_mean:              19.9678
return_std:                0.4629	target_mean:              12.8646	td_error_abs:              0.0759	test_battle_won_mean:      1.0000
test_dead_allies_mean:     5.3688	test_dead_enemies_mean:   24.0000	test_ep_length_mean:       9.5500	test_return_mean:         20.0031
test_return_std:           0.0069	
RequestQuit command received.
DataHandler: unable to parse websocket frame.
Closing Application...
CloseHandler: 127.0.0.1:49612 disconnected
ResponseThread: No connection, dropping the response.
[INFO 09:57:00] absl Shutdown gracefully.
[INFO 09:57:00] absl Shutdown with return code: -15
[INFO 09:57:00] absl Launching SC2: /labmount/users/202535331/MARL/pymarl-monotone-qmix/3rdparty/StarCraftII/Versions/Base75689/SC2_x64 -listen 127.0.0.1 -port 45351 -dataDir /labmount/users/202535331/MARL/pymarl-monotone-qmix/3rdparty/StarCraftII/ -tempDir /tmp/sc-rmaudlb9/
[INFO 09:57:00] absl Connecting to: ws://127.0.0.1:45351/sc2api, attempt: 0, running: True
Version: B75689 (SC2.4.10)
Build: Aug 12 2019 17:16:57
Command Line: '"/labmount/users/202535331/MARL/pymarl-monotone-qmix/3rdparty/StarCraftII/Versions/Base75689/SC2_x64" -listen 127.0.0.1 -port 45351 -dataDir /labmount/users/202535331/MARL/pymarl-monotone-qmix/3rdparty/StarCraftII/ -tempDir /tmp/sc-rmaudlb9/'
Starting up...
Startup Phase 1 complete
[INFO 09:57:01] absl Connecting to: ws://127.0.0.1:45351/sc2api, attempt: 1, running: True
Startup Phase 2 complete
Creating stub renderer...
Listening on: 127.0.0.1:45351
Startup Phase 3 complete. Ready for commands.
[INFO 09:57:02] absl Connecting to: ws://127.0.0.1:45351/sc2api, attempt: 2, running: True
ConnectHandler: Request from 127.0.0.1:59638 accepted
ReadyHandler: 127.0.0.1:59638 ready
Requesting to join a single player game
Configuring interface options
Configure: raw interface enabled
Configure: feature layer interface disabled
Configure: score interface disabled
Configure: render interface disabled
Launching next game.
Next launch phase started: 2
Next launch phase started: 3
Next launch phase started: 4
Next launch phase started: 5
Next launch phase started: 6
Next launch phase started: 7
Next launch phase started: 8
Game has started.
Using default stable ids, none found at: /labmount/users/202535331/MARL/pymarl-monotone-qmix/3rdparty/StarCraftII/stableid.json
Successfully loaded stable ids: GameData\stableid.json
Sending ResponseJoinGame
[INFO 09:58:48] my_main t_env: 1367498 / 2050000
[INFO 09:58:48] my_main Estimated time left: 5 hours, 2 minutes, 15 seconds. Time passed: 7 hours, 28 minutes, 54 seconds
[INFO 09:58:51] my_main Recent Stats | t_env:    1367498 | Episode:    44514
battle_won_mean:           0.9910	dead_allies_mean:          7.4956	dead_enemies_mean:        23.9628	ep_length_mean:           13.1727
epsilon:                   0.0500	grad_norm:                23.3533	loss:                     27.7244	loss_central:              0.0143
loss_latent:               0.3215	loss_td:                  27.3886	q_taken_mean:             12.8722	return_mean:              19.9674
return_std:                0.4733	target_mean:              12.8651	td_error_abs:              0.0785	test_battle_won_mean:      1.0000
test_dead_allies_mean:     5.3438	test_dead_enemies_mean:   24.0000	test_ep_length_mean:       9.3250	test_return_mean:         20.0028
test_return_std:           0.0067	
[INFO 10:03:00] my_main t_env: 1377499 / 2050000
[INFO 10:03:00] my_main Estimated time left: 4 hours, 41 minutes, 39 seconds. Time passed: 7 hours, 33 minutes, 5 seconds
[INFO 10:03:03] my_main Recent Stats | t_env:    1377499 | Episode:    45239
battle_won_mean:           0.9917	dead_allies_mean:          7.5304	dead_enemies_mean:        23.9665	ep_length_mean:           12.9129
epsilon:                   0.0500	grad_norm:                22.0016	loss:                     28.2120	loss_central:              0.0146
loss_latent:               0.2604	loss_td:                  27.9369	q_taken_mean:             12.6298	return_mean:              19.9705
return_std:                0.4445	target_mean:              12.6403	td_error_abs:              0.0835	test_battle_won_mean:      1.0000
test_dead_allies_mean:     5.4625	test_dead_enemies_mean:   24.0000	test_ep_length_mean:       9.5500	test_return_mean:         20.0039
test_return_std:           0.0084	
[INFO 10:07:28] my_main t_env: 1387506 / 2050000
[INFO 10:07:28] my_main Estimated time left: 4 hours, 56 minutes, 21 seconds. Time passed: 7 hours, 37 minutes, 34 seconds
[INFO 10:07:31] my_main Recent Stats | t_env:    1387506 | Episode:    46007
battle_won_mean:           0.9917	dead_allies_mean:          7.5469	dead_enemies_mean:        23.9680	ep_length_mean:           12.9103
epsilon:                   0.0500	grad_norm:                23.6369	loss:                     29.9306	loss_central:              0.0129
loss_latent:               0.2725	loss_td:                  29.6453	q_taken_mean:             12.7562	return_mean:              19.9720
return_std:                0.4270	target_mean:              12.7426	td_error_abs:              0.0926	test_battle_won_mean:      1.0000
test_dead_allies_mean:     5.3312	test_dead_enemies_mean:   24.0000	test_ep_length_mean:       9.4437	test_return_mean:         20.0036
test_return_std:           0.0079	
[INFO 10:12:01] my_main t_env: 1397512 / 2050000
[INFO 10:12:01] my_main Estimated time left: 4 hours, 56 minutes, 35 seconds. Time passed: 7 hours, 42 minutes, 7 seconds
[INFO 10:12:04] my_main Recent Stats | t_env:    1397512 | Episode:    46804
battle_won_mean:           0.9930	dead_allies_mean:          7.4972	dead_enemies_mean:        23.9715	ep_length_mean:           12.9268
epsilon:                   0.0500	grad_norm:                17.5922	loss:                     28.9330	loss_central:              0.0142
loss_latent:               0.3083	loss_td:                  28.6106	q_taken_mean:             12.2294	return_mean:              19.9780
return_std:                0.3935	target_mean:              12.2126	td_error_abs:              0.0937	test_battle_won_mean:      1.0000
test_dead_allies_mean:     5.2313	test_dead_enemies_mean:   24.0000	test_ep_length_mean:       9.5062	test_return_mean:         20.0038
test_return_std:           0.0085	
[INFO 10:16:42] my_main t_env: 1407514 / 2050000
[INFO 10:16:42] my_main Estimated time left: 5 hours, 53 seconds. Time passed: 7 hours, 46 minutes, 48 seconds
[INFO 10:16:45] my_main Recent Stats | t_env:    1407514 | Episode:    47649
battle_won_mean:           0.9932	dead_allies_mean:          7.4973	dead_enemies_mean:        23.9701	ep_length_mean:           12.8795
epsilon:                   0.0500	grad_norm:                22.9187	loss:                     30.1106	loss_central:              0.0149
loss_latent:               0.3074	loss_td:                  29.7883	q_taken_mean:             12.2776	return_mean:              19.9773
return_std:                0.4095	target_mean:              12.2623	td_error_abs:              0.0952	test_battle_won_mean:      1.0000
test_dead_allies_mean:     5.2125	test_dead_enemies_mean:   24.0000	test_ep_length_mean:       9.3125	test_return_mean:         20.0030
test_return_std:           0.0073	
[INFO 10:21:08] my_main t_env: 1417533 / 2050000
[INFO 10:21:08] my_main Estimated time left: 4 hours, 39 minutes, 38 seconds. Time passed: 7 hours, 51 minutes, 14 seconds
[INFO 10:21:11] my_main Recent Stats | t_env:    1417533 | Episode:    48450
battle_won_mean:           0.9934	dead_allies_mean:          7.3865	dead_enemies_mean:        23.9745	ep_length_mean:           12.7448
epsilon:                   0.0500	grad_norm:                27.1592	loss:                     28.8729	loss_central:              0.0145
loss_latent:               0.3152	loss_td:                  28.5431	q_taken_mean:             12.3322	return_mean:              19.9771
return_std:                0.4073	target_mean:              12.3342	td_error_abs:              0.0903	test_battle_won_mean:      1.0000
test_dead_allies_mean:     5.2125	test_dead_enemies_mean:   24.0000	test_ep_length_mean:       9.3125	test_return_mean:         20.0031
test_return_std:           0.0073	
RequestQuit command received.
Closing Application...
DataHandler: unable to parse websocket frame.
CloseHandler: 127.0.0.1:59638 disconnected
[INFO 10:25:03] absl Shutdown gracefully.
[INFO 10:25:03] absl Shutdown with return code: -15
[INFO 10:25:03] absl Launching SC2: /labmount/users/202535331/MARL/pymarl-monotone-qmix/3rdparty/StarCraftII/Versions/Base75689/SC2_x64 -listen 127.0.0.1 -port 45471 -dataDir /labmount/users/202535331/MARL/pymarl-monotone-qmix/3rdparty/StarCraftII/ -tempDir /tmp/sc-rblqq44g/
[INFO 10:25:03] absl Connecting to: ws://127.0.0.1:45471/sc2api, attempt: 0, running: True
Version: B75689 (SC2.4.10)
Build: Aug 12 2019 17:16:57
Command Line: '"/labmount/users/202535331/MARL/pymarl-monotone-qmix/3rdparty/StarCraftII/Versions/Base75689/SC2_x64" -listen 127.0.0.1 -port 45471 -dataDir /labmount/users/202535331/MARL/pymarl-monotone-qmix/3rdparty/StarCraftII/ -tempDir /tmp/sc-rblqq44g/'
Starting up...
Startup Phase 1 complete
[INFO 10:25:04] absl Connecting to: ws://127.0.0.1:45471/sc2api, attempt: 1, running: True
Startup Phase 2 complete
Creating stub renderer...
Listening on: 127.0.0.1:45471
Startup Phase 3 complete. Ready for commands.
[INFO 10:25:05] absl Connecting to: ws://127.0.0.1:45471/sc2api, attempt: 2, running: True
ConnectHandler: Request from 127.0.0.1:42870 accepted
ReadyHandler: 127.0.0.1:42870 ready
Requesting to join a single player game
Configuring interface options
Configure: raw interface enabled
Configure: feature layer interface disabled
Configure: score interface disabled
Configure: render interface disabled
Launching next game.
Next launch phase started: 2
Next launch phase started: 3
Next launch phase started: 4
Next launch phase started: 5
Next launch phase started: 6
Next launch phase started: 7
Next launch phase started: 8
Game has started.
Using default stable ids, none found at: /labmount/users/202535331/MARL/pymarl-monotone-qmix/3rdparty/StarCraftII/stableid.json
Successfully loaded stable ids: GameData\stableid.json
Sending ResponseJoinGame
[INFO 10:25:40] my_main t_env: 1427542 / 2050000
[INFO 10:25:40] my_main Estimated time left: 4 hours, 42 minutes, 25 seconds. Time passed: 7 hours, 55 minutes, 46 seconds
[INFO 10:25:44] my_main Recent Stats | t_env:    1427542 | Episode:    49262
battle_won_mean:           0.9920	dead_allies_mean:          7.4163	dead_enemies_mean:        23.9663	ep_length_mean:           12.4511
epsilon:                   0.0500	grad_norm:                28.0435	loss:                     28.6258	loss_central:              0.0120
loss_latent:               0.3516	loss_td:                  28.2621	q_taken_mean:             12.3970	return_mean:              19.9662
return_std:                0.5038	target_mean:              12.3819	td_error_abs:              0.0817	test_battle_won_mean:      1.0000
test_dead_allies_mean:     5.1250	test_dead_enemies_mean:   24.0000	test_ep_length_mean:       9.2438	test_return_mean:         20.0022
test_return_std:           0.0065	
[INFO 10:29:48] my_main t_env: 1437553 / 2050000
[INFO 10:29:48] my_main Estimated time left: 4 hours, 12 minutes, 6 seconds. Time passed: 7 hours, 59 minutes, 53 seconds
[INFO 10:29:51] my_main Recent Stats | t_env:    1437553 | Episode:    49992
battle_won_mean:           0.9924	dead_allies_mean:          7.3114	dead_enemies_mean:        23.9679	ep_length_mean:           12.5879
epsilon:                   0.0500	grad_norm:                26.0299	loss:                     25.8334	loss_central:              0.0111
loss_latent:               0.3424	loss_td:                  25.4799	q_taken_mean:             12.0930	return_mean:              19.9688
return_std:                0.5002	target_mean:              12.0935	td_error_abs:              0.0690	test_battle_won_mean:      1.0000
test_dead_allies_mean:     5.1375	test_dead_enemies_mean:   24.0000	test_ep_length_mean:       9.2438	test_return_mean:         20.0026
test_return_std:           0.0073	
[INFO 10:34:07] my_main t_env: 1447639 / 2050000
[INFO 10:34:07] my_main Estimated time left: 4 hours, 18 minutes, 26 seconds. Time passed: 8 hours, 4 minutes, 13 seconds
[INFO 10:34:10] my_main Recent Stats | t_env:    1447639 | Episode:    50769
battle_won_mean:           0.9909	dead_allies_mean:          7.4589	dead_enemies_mean:        23.9644	ep_length_mean:           12.6731
epsilon:                   0.0500	grad_norm:                27.4431	loss:                     26.7339	loss_central:              0.0082
loss_latent:               0.2897	loss_td:                  26.4359	q_taken_mean:             12.4576	return_mean:              19.9619
return_std:                0.5450	target_mean:              12.4519	td_error_abs:              0.0644	test_battle_won_mean:      1.0000
test_dead_allies_mean:     5.0938	test_dead_enemies_mean:   24.0000	test_ep_length_mean:       9.0938	test_return_mean:         20.0021
test_return_std:           0.0064	
[INFO 10:38:15] my_main t_env: 1457645 / 2050000
[INFO 10:38:15] my_main Estimated time left: 4 hours, 4 minutes, 36 seconds. Time passed: 8 hours, 8 minutes, 21 seconds
[INFO 10:38:19] my_main Recent Stats | t_env:    1457645 | Episode:    51478
battle_won_mean:           0.9890	dead_allies_mean:          7.6063	dead_enemies_mean:        23.9604	ep_length_mean:           13.1283
epsilon:                   0.0500	grad_norm:                23.3076	loss:                     26.6079	loss_central:              0.0123
loss_latent:               0.3172	loss_td:                  26.2785	q_taken_mean:             12.3167	return_mean:              19.9557
return_std:                0.5817	target_mean:              12.3092	td_error_abs:              0.0696	test_battle_won_mean:      1.0000
test_dead_allies_mean:     5.4625	test_dead_enemies_mean:   24.0000	test_ep_length_mean:       9.4125	test_return_mean:         20.0025
test_return_std:           0.0069	
[INFO 10:42:19] my_main t_env: 1467656 / 2050000
[INFO 10:42:19] my_main Estimated time left: 3 hours, 56 minutes, 2 seconds. Time passed: 8 hours, 12 minutes, 24 seconds
[INFO 10:42:22] my_main Recent Stats | t_env:    1467656 | Episode:    52151
battle_won_mean:           0.9854	dead_allies_mean:          7.7254	dead_enemies_mean:        23.9514	ep_length_mean:           13.6018
epsilon:                   0.0500	grad_norm:                20.5094	loss:                     27.6696	loss_central:              0.0163
loss_latent:               0.3137	loss_td:                  27.3397	q_taken_mean:             12.3087	return_mean:              19.9414
return_std:                0.6289	target_mean:              12.3019	td_error_abs:              0.0673	test_battle_won_mean:      1.0000
test_dead_allies_mean:     5.6562	test_dead_enemies_mean:   24.0000	test_ep_length_mean:       9.4688	test_return_mean:         20.0022
test_return_std:           0.0062	
[INFO 10:47:11] my_main t_env: 1477657 / 2050000
[INFO 10:47:11] my_main Estimated time left: 4 hours, 39 minutes, 1 seconds. Time passed: 8 hours, 17 minutes, 17 seconds
[INFO 10:47:14] my_main Recent Stats | t_env:    1477657 | Episode:    52953
battle_won_mean:           0.9864	dead_allies_mean:          7.4692	dead_enemies_mean:        23.9598	ep_length_mean:           13.6305
epsilon:                   0.0500	grad_norm:                26.0425	loss:                     28.0016	loss_central:              0.0471
loss_latent:               0.4613	loss_td:                  27.4933	q_taken_mean:             11.9887	return_mean:              19.9502
return_std:                0.5327	target_mean:              11.9592	td_error_abs:              0.0875	test_battle_won_mean:      1.0000
test_dead_allies_mean:     5.4250	test_dead_enemies_mean:   24.0000	test_ep_length_mean:       9.1250	test_return_mean:         20.0017
test_return_std:           0.0047	
[INFO 10:52:19] my_main t_env: 1487657 / 2050000
[INFO 10:52:19] my_main Estimated time left: 4 hours, 48 minutes, 36 seconds. Time passed: 8 hours, 22 minutes, 25 seconds
[INFO 10:52:23] my_main Recent Stats | t_env:    1487657 | Episode:    53767
battle_won_mean:           0.9875	dead_allies_mean:          7.3352	dead_enemies_mean:        23.9643	ep_length_mean:           13.3448
epsilon:                   0.0500	grad_norm:                35.2606	loss:                     27.1479	loss_central:              0.0472
loss_latent:               0.4876	loss_td:                  26.6130	q_taken_mean:             11.8830	return_mean:              19.9557
return_std:                0.4795	target_mean:              11.8539	td_error_abs:              0.0879	test_battle_won_mean:      1.0000
test_dead_allies_mean:     5.7687	test_dead_enemies_mean:   24.0000	test_ep_length_mean:       9.7625	test_return_mean:         20.0038
test_return_std:           0.0061	
RequestQuit command received.
DataHandler: unable to parse websocket frame.
Closing Application...
CloseHandler: 127.0.0.1:42870 disconnected
ResponseThread: No connection, dropping the response.
[INFO 10:52:42] absl Shutdown gracefully.
[INFO 10:52:42] absl Shutdown with return code: -15
[INFO 10:52:42] absl Launching SC2: /labmount/users/202535331/MARL/pymarl-monotone-qmix/3rdparty/StarCraftII/Versions/Base75689/SC2_x64 -listen 127.0.0.1 -port 43023 -dataDir /labmount/users/202535331/MARL/pymarl-monotone-qmix/3rdparty/StarCraftII/ -tempDir /tmp/sc-75y2_yob/
[INFO 10:52:43] absl Connecting to: ws://127.0.0.1:43023/sc2api, attempt: 0, running: True
Version: B75689 (SC2.4.10)
Build: Aug 12 2019 17:16:57
Command Line: '"/labmount/users/202535331/MARL/pymarl-monotone-qmix/3rdparty/StarCraftII/Versions/Base75689/SC2_x64" -listen 127.0.0.1 -port 43023 -dataDir /labmount/users/202535331/MARL/pymarl-monotone-qmix/3rdparty/StarCraftII/ -tempDir /tmp/sc-75y2_yob/'
Starting up...
Startup Phase 1 complete
[INFO 10:52:44] absl Connecting to: ws://127.0.0.1:43023/sc2api, attempt: 1, running: True
Startup Phase 2 complete
Creating stub renderer...
Listening on: 127.0.0.1:43023
Startup Phase 3 complete. Ready for commands.
[INFO 10:52:45] absl Connecting to: ws://127.0.0.1:43023/sc2api, attempt: 2, running: True
ConnectHandler: Request from 127.0.0.1:42926 accepted
ReadyHandler: 127.0.0.1:42926 ready
Requesting to join a single player game
Configuring interface options
Configure: raw interface enabled
Configure: feature layer interface disabled
Configure: score interface disabled
Configure: render interface disabled
Launching next game.
Next launch phase started: 2
Next launch phase started: 3
Next launch phase started: 4
Next launch phase started: 5
Next launch phase started: 6
Next launch phase started: 7
Next launch phase started: 8
Game has started.
Using default stable ids, none found at: /labmount/users/202535331/MARL/pymarl-monotone-qmix/3rdparty/StarCraftII/stableid.json
Successfully loaded stable ids: GameData\stableid.json
Sending ResponseJoinGame
[INFO 10:57:49] my_main t_env: 1497658 / 2050000
[INFO 10:57:49] my_main Estimated time left: 5 hours, 3 minutes, 19 seconds. Time passed: 8 hours, 27 minutes, 54 seconds
[INFO 10:57:52] my_main Recent Stats | t_env:    1497658 | Episode:    54523
battle_won_mean:           0.9885	dead_allies_mean:          7.2493	dead_enemies_mean:        23.9617	ep_length_mean:           13.3944
epsilon:                   0.0500	grad_norm:                38.7274	loss:                     26.1359	loss_central:              0.0475
loss_latent:               0.4642	loss_td:                  25.6242	q_taken_mean:             12.1324	return_mean:              19.9570
return_std:                0.5334	target_mean:              12.1142	td_error_abs:              0.0878	test_battle_won_mean:      1.0000
test_dead_allies_mean:     6.0250	test_dead_enemies_mean:   24.0000	test_ep_length_mean:       9.9313	test_return_mean:         20.0041
test_return_std:           0.0064	
[INFO 11:03:28] my_main t_env: 1507675 / 2050000
[INFO 11:03:28] my_main Estimated time left: 5 hours, 6 minutes, 7 seconds. Time passed: 8 hours, 33 minutes, 34 seconds
[INFO 11:03:31] my_main Recent Stats | t_env:    1507675 | Episode:    55332
battle_won_mean:           0.9908	dead_allies_mean:          7.0399	dead_enemies_mean:        23.9683	ep_length_mean:           13.0482
epsilon:                   0.0500	grad_norm:                39.9474	loss:                     25.8936	loss_central:              0.0429
loss_latent:               0.4196	loss_td:                  25.4310	q_taken_mean:             12.3248	return_mean:              19.9664
return_std:                0.4622	target_mean:              12.3093	td_error_abs:              0.0803	test_battle_won_mean:      1.0000
test_dead_allies_mean:     5.6625	test_dead_enemies_mean:   24.0000	test_ep_length_mean:       9.5500	test_return_mean:         20.0036
test_return_std:           0.0057	
[INFO 11:09:20] my_main t_env: 1517683 / 2050000
[INFO 11:09:20] my_main Estimated time left: 5 hours, 11 minutes, 41 seconds. Time passed: 8 hours, 39 minutes, 25 seconds
[INFO 11:09:23] my_main Recent Stats | t_env:    1517683 | Episode:    56202
battle_won_mean:           0.9958	dead_allies_mean:          6.7372	dead_enemies_mean:        23.9849	ep_length_mean:           12.3739
epsilon:                   0.0500	grad_norm:                38.3699	loss:                     24.1723	loss_central:              0.0400
loss_latent:               0.4428	loss_td:                  23.6895	q_taken_mean:             12.1763	return_mean:              19.9883
return_std:                0.3433	target_mean:              12.1691	td_error_abs:              0.0867	test_battle_won_mean:      1.0000
test_dead_allies_mean:     5.5187	test_dead_enemies_mean:   24.0000	test_ep_length_mean:       9.4563	test_return_mean:         20.0038
test_return_std:           0.0059	
[INFO 11:14:59] my_main t_env: 1527684 / 2050000
[INFO 11:14:59] my_main Estimated time left: 4 hours, 55 minutes, 10 seconds. Time passed: 8 hours, 45 minutes, 4 seconds
[INFO 11:15:03] my_main Recent Stats | t_env:    1527684 | Episode:    57086
battle_won_mean:           0.9968	dead_allies_mean:          6.6887	dead_enemies_mean:        23.9875	ep_length_mean:           12.1425
epsilon:                   0.0500	grad_norm:                43.4560	loss:                     25.3016	loss_central:              0.0094
loss_latent:               0.2793	loss_td:                  25.0130	q_taken_mean:             13.0970	return_mean:              19.9919
return_std:                0.3194	target_mean:              13.1057	td_error_abs:              0.0674	test_battle_won_mean:      1.0000
test_dead_allies_mean:     5.7188	test_dead_enemies_mean:   24.0000	test_ep_length_mean:      10.1062	test_return_mean:         20.0059
test_return_std:           0.0094	
[INFO 11:20:14] my_main t_env: 1537691 / 2050000
[INFO 11:20:14] my_main Estimated time left: 4 hours, 29 minutes, 23 seconds. Time passed: 8 hours, 50 minutes, 20 seconds
[INFO 11:20:18] my_main Recent Stats | t_env:    1537691 | Episode:    57888
battle_won_mean:           0.9963	dead_allies_mean:          6.8811	dead_enemies_mean:        23.9857	ep_length_mean:           12.1810
epsilon:                   0.0500	grad_norm:                35.4281	loss:                     23.7759	loss_central:              0.0117
loss_latent:               0.2837	loss_td:                  23.4805	q_taken_mean:             13.1349	return_mean:              19.9899
return_std:                0.3362	target_mean:              13.1631	td_error_abs:              0.0785	test_battle_won_mean:      1.0000
test_dead_allies_mean:     5.4625	test_dead_enemies_mean:   24.0000	test_ep_length_mean:       9.7125	test_return_mean:         20.0035
test_return_std:           0.0072	
[INFO 11:25:25] my_main t_env: 1547706 / 2050000
[INFO 11:25:25] my_main Estimated time left: 4 hours, 19 minutes, 44 seconds. Time passed: 8 hours, 55 minutes, 31 seconds
[INFO 11:25:28] my_main Recent Stats | t_env:    1547706 | Episode:    58712
battle_won_mean:           0.9966	dead_allies_mean:          6.9216	dead_enemies_mean:        23.9903	ep_length_mean:           11.9661
epsilon:                   0.0500	grad_norm:                32.8416	loss:                     24.3607	loss_central:              0.0127
loss_latent:               0.3271	loss_td:                  24.0209	q_taken_mean:             13.0805	return_mean:              19.9936
return_std:                0.2515	target_mean:              13.1140	td_error_abs:              0.0827	test_battle_won_mean:      1.0000
test_dead_allies_mean:     5.2313	test_dead_enemies_mean:   24.0000	test_ep_length_mean:       9.4938	test_return_mean:         20.0030
test_return_std:           0.0065	
RequestQuit command received.
Closing Application...
DataHandler: unable to parse websocket frame.
CloseHandler: 127.0.0.1:42926 disconnected
[INFO 11:27:08] absl Shutdown gracefully.
[INFO 11:27:08] absl Shutdown with return code: -15
[INFO 11:27:08] absl Launching SC2: /labmount/users/202535331/MARL/pymarl-monotone-qmix/3rdparty/StarCraftII/Versions/Base75689/SC2_x64 -listen 127.0.0.1 -port 46109 -dataDir /labmount/users/202535331/MARL/pymarl-monotone-qmix/3rdparty/StarCraftII/ -tempDir /tmp/sc-jpupe9ib/
[INFO 11:27:08] absl Connecting to: ws://127.0.0.1:46109/sc2api, attempt: 0, running: True
Version: B75689 (SC2.4.10)
Build: Aug 12 2019 17:16:57
Command Line: '"/labmount/users/202535331/MARL/pymarl-monotone-qmix/3rdparty/StarCraftII/Versions/Base75689/SC2_x64" -listen 127.0.0.1 -port 46109 -dataDir /labmount/users/202535331/MARL/pymarl-monotone-qmix/3rdparty/StarCraftII/ -tempDir /tmp/sc-jpupe9ib/'
Starting up...
Startup Phase 1 complete
[INFO 11:27:09] absl Connecting to: ws://127.0.0.1:46109/sc2api, attempt: 1, running: True
Startup Phase 2 complete
Creating stub renderer...
Listening on: 127.0.0.1:46109
Startup Phase 3 complete. Ready for commands.
[INFO 11:27:10] absl Connecting to: ws://127.0.0.1:46109/sc2api, attempt: 2, running: True
ConnectHandler: Request from 127.0.0.1:40626 accepted
ReadyHandler: 127.0.0.1:40626 ready
Requesting to join a single player game
Configuring interface options
Configure: raw interface enabled
Configure: feature layer interface disabled
Configure: score interface disabled
Configure: render interface disabled
Launching next game.
Next launch phase started: 2
Next launch phase started: 3
Next launch phase started: 4
Next launch phase started: 5
Next launch phase started: 6
Next launch phase started: 7
Next launch phase started: 8
Game has started.
Using default stable ids, none found at: /labmount/users/202535331/MARL/pymarl-monotone-qmix/3rdparty/StarCraftII/stableid.json
Successfully loaded stable ids: GameData\stableid.json
Sending ResponseJoinGame
[INFO 11:31:04] my_main t_env: 1557714 / 2050000
[INFO 11:31:04] my_main Estimated time left: 4 hours, 38 minutes, 2 seconds. Time passed: 9 hours, 1 minutes, 10 seconds
[INFO 11:31:07] my_main Recent Stats | t_env:    1557714 | Episode:    59640
battle_won_mean:           0.9965	dead_allies_mean:          6.9577	dead_enemies_mean:        23.9857	ep_length_mean:           11.6466
epsilon:                   0.0500	grad_norm:                33.7504	loss:                     24.0054	loss_central:              0.0148
loss_latent:               0.3798	loss_td:                  23.6108	q_taken_mean:             13.2126	return_mean:              19.9924
return_std:                0.2489	target_mean:              13.2541	td_error_abs:              0.0872	test_battle_won_mean:      1.0000
test_dead_allies_mean:     5.3000	test_dead_enemies_mean:   24.0000	test_ep_length_mean:       9.5500	test_return_mean:         20.0033
test_return_std:           0.0075	
[INFO 11:35:57] my_main t_env: 1567729 / 2050000
[INFO 11:35:57] my_main Estimated time left: 3 hours, 54 minutes, 42 seconds. Time passed: 9 hours, 6 minutes, 2 seconds
[INFO 11:36:00] my_main Recent Stats | t_env:    1567729 | Episode:    60447
battle_won_mean:           0.9944	dead_allies_mean:          7.2919	dead_enemies_mean:        23.9774	ep_length_mean:           11.8279
epsilon:                   0.0500	grad_norm:                38.3059	loss:                     23.5025	loss_central:              0.0414
loss_latent:               0.4582	loss_td:                  23.0028	q_taken_mean:             13.1258	return_mean:              19.9819
return_std:                0.3237	target_mean:              13.1691	td_error_abs:              0.0912	test_battle_won_mean:      1.0000
test_dead_allies_mean:     5.6312	test_dead_enemies_mean:   24.0000	test_ep_length_mean:       9.8250	test_return_mean:         20.0033
test_return_std:           0.0076	
[INFO 11:41:14] my_main t_env: 1577733 / 2050000
[INFO 11:41:14] my_main Estimated time left: 4 hours, 9 minutes, 16 seconds. Time passed: 9 hours, 11 minutes, 19 seconds
[INFO 11:41:17] my_main Recent Stats | t_env:    1577733 | Episode:    61279
battle_won_mean:           0.9937	dead_allies_mean:          7.5429	dead_enemies_mean:        23.9742	ep_length_mean:           11.9701
epsilon:                   0.0500	grad_norm:                28.5985	loss:                     22.1791	loss_central:              0.0440
loss_latent:               0.5769	loss_td:                  21.5583	q_taken_mean:             12.4085	return_mean:              19.9785
return_std:                0.3510	target_mean:              12.4733	td_error_abs:              0.1031	test_battle_won_mean:      1.0000
test_dead_allies_mean:     5.5812	test_dead_enemies_mean:   24.0000	test_ep_length_mean:       9.3625	test_return_mean:         20.0013
test_return_std:           0.0041	
[INFO 11:46:22] my_main t_env: 1587733 / 2050000
[INFO 11:46:22] my_main Estimated time left: 3 hours, 57 minutes, 38 seconds. Time passed: 9 hours, 16 minutes, 28 seconds
[INFO 11:46:26] my_main Recent Stats | t_env:    1587733 | Episode:    62085
battle_won_mean:           0.9929	dead_allies_mean:          7.5320	dead_enemies_mean:        23.9705	ep_length_mean:           11.9560
epsilon:                   0.0500	grad_norm:                33.4991	loss:                     26.9382	loss_central:              0.0445
loss_latent:               0.5437	loss_td:                  26.3500	q_taken_mean:             12.6090	return_mean:              19.9739
return_std:                0.3832	target_mean:              12.6627	td_error_abs:              0.0936	test_battle_won_mean:      1.0000
test_dead_allies_mean:     6.0625	test_dead_enemies_mean:   24.0000	test_ep_length_mean:       9.6875	test_return_mean:         20.0028
test_return_std:           0.0074	
[INFO 11:51:25] my_main t_env: 1597735 / 2050000
[INFO 11:51:25] my_main Estimated time left: 3 hours, 48 minutes, 38 seconds. Time passed: 9 hours, 21 minutes, 31 seconds
[INFO 11:51:29] my_main Recent Stats | t_env:    1597735 | Episode:    62850
battle_won_mean:           0.9926	dead_allies_mean:          7.5685	dead_enemies_mean:        23.9694	ep_length_mean:           12.1400
epsilon:                   0.0500	grad_norm:                35.8470	loss:                     27.7717	loss_central:              0.0437
loss_latent:               0.5203	loss_td:                  27.2078	q_taken_mean:             12.5730	return_mean:              19.9730
return_std:                0.3937	target_mean:              12.6232	td_error_abs:              0.0898	test_battle_won_mean:      1.0000
test_dead_allies_mean:     6.2875	test_dead_enemies_mean:   24.0000	test_ep_length_mean:       9.7812	test_return_mean:         20.0028
test_return_std:           0.0070	
[INFO 11:56:26] my_main t_env: 1607760 / 2050000
[INFO 11:56:26] my_main Estimated time left: 3 hours, 41 minutes, 11 seconds. Time passed: 9 hours, 26 minutes, 32 seconds
[INFO 11:56:30] my_main Recent Stats | t_env:    1607760 | Episode:    63604
battle_won_mean:           0.9909	dead_allies_mean:          7.7836	dead_enemies_mean:        23.9653	ep_length_mean:           12.6423
epsilon:                   0.0500	grad_norm:                49.9490	loss:                     29.1537	loss_central:              0.0423
loss_latent:               0.4673	loss_td:                  28.6441	q_taken_mean:             12.7176	return_mean:              19.9642
return_std:                0.4829	target_mean:              12.7583	td_error_abs:              0.0883	test_battle_won_mean:      1.0000
test_dead_allies_mean:     6.3438	test_dead_enemies_mean:   24.0000	test_ep_length_mean:      10.0125	test_return_mean:         20.0034
test_return_std:           0.0079	
RequestQuit command received.
Closing Application...
DataHandler: unable to parse websocket frame.
CloseHandler: 127.0.0.1:40626 disconnected
[INFO 11:59:40] absl Shutdown gracefully.
[INFO 11:59:40] absl Shutdown with return code: -15
[INFO 11:59:40] absl Launching SC2: /labmount/users/202535331/MARL/pymarl-monotone-qmix/3rdparty/StarCraftII/Versions/Base75689/SC2_x64 -listen 127.0.0.1 -port 37883 -dataDir /labmount/users/202535331/MARL/pymarl-monotone-qmix/3rdparty/StarCraftII/ -tempDir /tmp/sc-e96hmpjj/
[INFO 11:59:40] absl Connecting to: ws://127.0.0.1:37883/sc2api, attempt: 0, running: True
Version: B75689 (SC2.4.10)
Build: Aug 12 2019 17:16:57
Command Line: '"/labmount/users/202535331/MARL/pymarl-monotone-qmix/3rdparty/StarCraftII/Versions/Base75689/SC2_x64" -listen 127.0.0.1 -port 37883 -dataDir /labmount/users/202535331/MARL/pymarl-monotone-qmix/3rdparty/StarCraftII/ -tempDir /tmp/sc-e96hmpjj/'
Starting up...
Startup Phase 1 complete
[INFO 11:59:41] absl Connecting to: ws://127.0.0.1:37883/sc2api, attempt: 1, running: True
Startup Phase 2 complete
Creating stub renderer...
Listening on: 127.0.0.1:37883
Startup Phase 3 complete. Ready for commands.
[INFO 11:59:42] absl Connecting to: ws://127.0.0.1:37883/sc2api, attempt: 2, running: True
ConnectHandler: Request from 127.0.0.1:46834 accepted
ReadyHandler: 127.0.0.1:46834 ready
Requesting to join a single player game
Configuring interface options
Configure: raw interface enabled
Configure: feature layer interface disabled
Configure: score interface disabled
Configure: render interface disabled
Launching next game.
Next launch phase started: 2
Next launch phase started: 3
Next launch phase started: 4
Next launch phase started: 5
Next launch phase started: 6
Next launch phase started: 7
Next launch phase started: 8
Game has started.
Using default stable ids, none found at: /labmount/users/202535331/MARL/pymarl-monotone-qmix/3rdparty/StarCraftII/stableid.json
Successfully loaded stable ids: GameData\stableid.json
Sending ResponseJoinGame
[INFO 12:02:06] my_main t_env: 1617763 / 2050000
[INFO 12:02:06] my_main Estimated time left: 4 hours, 4 minutes, 57 seconds. Time passed: 9 hours, 32 minutes, 12 seconds
[INFO 12:02:10] my_main Recent Stats | t_env:    1617763 | Episode:    64515
battle_won_mean:           0.9932	dead_allies_mean:          7.5207	dead_enemies_mean:        23.9676	ep_length_mean:           12.3563
epsilon:                   0.0500	grad_norm:                44.9233	loss:                     29.6898	loss_central:              0.0163
loss_latent:               0.3628	loss_td:                  29.3106	q_taken_mean:             12.3423	return_mean:              19.9706
return_std:                0.5120	target_mean:              12.3656	td_error_abs:              0.0798	test_battle_won_mean:      1.0000
test_dead_allies_mean:     5.9875	test_dead_enemies_mean:   24.0000	test_ep_length_mean:       9.7875	test_return_mean:         20.0035
test_return_std:           0.0081	
[INFO 12:07:05] my_main t_env: 1627764 / 2050000
[INFO 12:07:05] my_main Estimated time left: 3 hours, 30 minutes, 15 seconds. Time passed: 9 hours, 37 minutes, 11 seconds
[INFO 12:07:08] my_main Recent Stats | t_env:    1627764 | Episode:    65400
battle_won_mean:           0.9930	dead_allies_mean:          7.3919	dead_enemies_mean:        23.9665	ep_length_mean:           12.2116
epsilon:                   0.0500	grad_norm:                51.7667	loss:                     29.8542	loss_central:              0.0175
loss_latent:               0.2240	loss_td:                  29.6126	q_taken_mean:             12.2139	return_mean:              19.9688
return_std:                0.5283	target_mean:              12.2133	td_error_abs:              0.0719	test_battle_won_mean:      1.0000
test_dead_allies_mean:     5.9500	test_dead_enemies_mean:   24.0000	test_ep_length_mean:       9.6937	test_return_mean:         20.0037
test_return_std:           0.0089	
[INFO 12:11:41] my_main t_env: 1637773 / 2050000
[INFO 12:11:41] my_main Estimated time left: 3 hours, 9 minutes, 14 seconds. Time passed: 9 hours, 41 minutes, 46 seconds
[INFO 12:11:44] my_main Recent Stats | t_env:    1637773 | Episode:    66234
battle_won_mean:           0.9945	dead_allies_mean:          7.3405	dead_enemies_mean:        23.9727	ep_length_mean:           12.1305
epsilon:                   0.0500	grad_norm:                50.8193	loss:                     27.9053	loss_central:              0.0210
loss_latent:               0.2402	loss_td:                  27.6440	q_taken_mean:             11.8938	return_mean:              19.9766
return_std:                0.4598	target_mean:              11.8775	td_error_abs:              0.0742	test_battle_won_mean:      1.0000
test_dead_allies_mean:     5.5250	test_dead_enemies_mean:   24.0000	test_ep_length_mean:       9.2625	test_return_mean:         20.0022
test_return_std:           0.0057	
[INFO 12:16:21] my_main t_env: 1647776 / 2050000
[INFO 12:16:21] my_main Estimated time left: 3 hours, 7 minutes, 26 seconds. Time passed: 9 hours, 46 minutes, 26 seconds
[INFO 12:16:24] my_main Recent Stats | t_env:    1647776 | Episode:    67087
battle_won_mean:           0.9954	dead_allies_mean:          7.2786	dead_enemies_mean:        23.9763	ep_length_mean:           11.8609
epsilon:                   0.0500	grad_norm:                48.6004	loss:                     27.4073	loss_central:              0.0215
loss_latent:               0.2270	loss_td:                  27.1589	q_taken_mean:             12.0067	return_mean:              19.9801
return_std:                0.4236	target_mean:              11.9894	td_error_abs:              0.0745	test_battle_won_mean:      1.0000
test_dead_allies_mean:     5.4125	test_dead_enemies_mean:   24.0000	test_ep_length_mean:       9.2250	test_return_mean:         20.0031
test_return_std:           0.0091	
[INFO 12:20:48] my_main t_env: 1657778 / 2050000
[INFO 12:20:48] my_main Estimated time left: 2 hours, 55 minutes, 4 seconds. Time passed: 9 hours, 50 minutes, 54 seconds
[INFO 12:20:52] my_main Recent Stats | t_env:    1657778 | Episode:    67912
battle_won_mean:           0.9965	dead_allies_mean:          7.1590	dead_enemies_mean:        23.9827	ep_length_mean:           11.6265
epsilon:                   0.0500	grad_norm:                34.3644	loss:                     26.0775	loss_central:              0.0205
loss_latent:               0.2403	loss_td:                  25.8167	q_taken_mean:             11.6397	return_mean:              19.9866
return_std:                0.3743	target_mean:              11.6218	td_error_abs:              0.0706	test_battle_won_mean:      1.0000
test_dead_allies_mean:     5.4562	test_dead_enemies_mean:   24.0000	test_ep_length_mean:       9.0250	test_return_mean:         20.0024
test_return_std:           0.0074	
[INFO 12:25:12] my_main t_env: 1667787 / 2050000
[INFO 12:25:12] my_main Estimated time left: 2 hours, 47 minutes, 46 seconds. Time passed: 9 hours, 55 minutes, 18 seconds
[INFO 12:25:15] my_main Recent Stats | t_env:    1667787 | Episode:    68746
battle_won_mean:           0.9955	dead_allies_mean:          7.3251	dead_enemies_mean:        23.9855	ep_length_mean:           11.8307
epsilon:                   0.0500	grad_norm:                38.9079	loss:                     25.6810	loss_central:              0.0188
loss_latent:               0.2391	loss_td:                  25.4231	q_taken_mean:             12.0373	return_mean:              19.9872
return_std:                0.3045	target_mean:              12.0191	td_error_abs:              0.0698	test_battle_won_mean:      1.0000
test_dead_allies_mean:     5.4625	test_dead_enemies_mean:   24.0000	test_ep_length_mean:       9.0125	test_return_mean:         20.0024
test_return_std:           0.0076	
RequestQuit command received.
Closing Application...
DataHandler: unable to parse websocket frame.
CloseHandler: 127.0.0.1:46834 disconnected
[INFO 12:28:47] absl Shutdown gracefully.
[INFO 12:28:47] absl Shutdown with return code: -15
[INFO 12:28:47] absl Launching SC2: /labmount/users/202535331/MARL/pymarl-monotone-qmix/3rdparty/StarCraftII/Versions/Base75689/SC2_x64 -listen 127.0.0.1 -port 43343 -dataDir /labmount/users/202535331/MARL/pymarl-monotone-qmix/3rdparty/StarCraftII/ -tempDir /tmp/sc-zvdie34n/
[INFO 12:28:47] absl Connecting to: ws://127.0.0.1:43343/sc2api, attempt: 0, running: True
Version: B75689 (SC2.4.10)
Build: Aug 12 2019 17:16:57
Command Line: '"/labmount/users/202535331/MARL/pymarl-monotone-qmix/3rdparty/StarCraftII/Versions/Base75689/SC2_x64" -listen 127.0.0.1 -port 43343 -dataDir /labmount/users/202535331/MARL/pymarl-monotone-qmix/3rdparty/StarCraftII/ -tempDir /tmp/sc-zvdie34n/'
Starting up...
Startup Phase 1 complete
[INFO 12:28:48] absl Connecting to: ws://127.0.0.1:43343/sc2api, attempt: 1, running: True
Startup Phase 2 complete
Creating stub renderer...
Listening on: 127.0.0.1:43343
Startup Phase 3 complete. Ready for commands.
[INFO 12:28:49] absl Connecting to: ws://127.0.0.1:43343/sc2api, attempt: 2, running: True
ConnectHandler: Request from 127.0.0.1:53254 accepted
ReadyHandler: 127.0.0.1:53254 ready
Requesting to join a single player game
Configuring interface options
Configure: raw interface enabled
Configure: feature layer interface disabled
Configure: score interface disabled
Configure: render interface disabled
Launching next game.
Next launch phase started: 2
Next launch phase started: 3
Next launch phase started: 4
Next launch phase started: 5
Next launch phase started: 6
Next launch phase started: 7
Next launch phase started: 8
Game has started.
Using default stable ids, none found at: /labmount/users/202535331/MARL/pymarl-monotone-qmix/3rdparty/StarCraftII/stableid.json
Successfully loaded stable ids: GameData\stableid.json
Sending ResponseJoinGame
[INFO 12:29:54] my_main t_env: 1677791 / 2050000
[INFO 12:29:54] my_main Estimated time left: 2 hours, 54 minutes, 46 seconds. Time passed: 10 hours, 0 seconds
[INFO 12:29:57] my_main Recent Stats | t_env:    1677791 | Episode:    69630
battle_won_mean:           0.9958	dead_allies_mean:          7.3401	dead_enemies_mean:        23.9821	ep_length_mean:           11.8339
epsilon:                   0.0500	grad_norm:                33.8741	loss:                     26.9583	loss_central:              0.0149
loss_latent:               0.2435	loss_td:                  26.6999	q_taken_mean:             12.5976	return_mean:              19.9889
return_std:                0.2897	target_mean:              12.5909	td_error_abs:              0.0645	test_battle_won_mean:      1.0000
test_dead_allies_mean:     5.4437	test_dead_enemies_mean:   24.0000	test_ep_length_mean:       8.9250	test_return_mean:         20.0021
test_return_std:           0.0066	
[INFO 12:34:25] my_main t_env: 1687798 / 2050000
[INFO 12:34:25] my_main Estimated time left: 2 hours, 43 minutes, 34 seconds. Time passed: 10 hours, 4 minutes, 31 seconds
[INFO 12:34:28] my_main Recent Stats | t_env:    1687798 | Episode:    70496
battle_won_mean:           0.9953	dead_allies_mean:          7.3810	dead_enemies_mean:        23.9791	ep_length_mean:           11.7448
epsilon:                   0.0500	grad_norm:                33.1442	loss:                     27.4308	loss_central:              0.0086
loss_latent:               0.2313	loss_td:                  27.1909	q_taken_mean:             12.9239	return_mean:              19.9852
return_std:                0.3407	target_mean:              12.9336	td_error_abs:              0.0618	test_battle_won_mean:      1.0000
test_dead_allies_mean:     5.2687	test_dead_enemies_mean:   24.0000	test_ep_length_mean:       8.7750	test_return_mean:         20.0019
test_return_std:           0.0065	
[INFO 12:39:21] my_main t_env: 1697802 / 2050000
[INFO 12:39:21] my_main Estimated time left: 2 hours, 53 minutes, 45 seconds. Time passed: 10 hours, 9 minutes, 27 seconds
[INFO 12:39:26] my_main Recent Stats | t_env:    1697802 | Episode:    71256
battle_won_mean:           0.9942	dead_allies_mean:          7.5056	dead_enemies_mean:        23.9755	ep_length_mean:           12.0320
epsilon:                   0.0500	grad_norm:                32.1154	loss:                     24.4880	loss_central:              0.0089
loss_latent:               0.2677	loss_td:                  24.2114	q_taken_mean:             12.0813	return_mean:              19.9807
return_std:                0.3811	target_mean:              12.0843	td_error_abs:              0.0629	test_battle_won_mean:      0.9938
test_dead_allies_mean:     5.4313	test_dead_enemies_mean:   23.9937	test_ep_length_mean:      10.2937	test_return_mean:         19.9823
test_return_std:           0.1139	
[INFO 12:43:35] my_main t_env: 1707809 / 2050000
[INFO 12:43:35] my_main Estimated time left: 2 hours, 24 minutes, 41 seconds. Time passed: 10 hours, 13 minutes, 41 seconds
[INFO 12:43:38] my_main Recent Stats | t_env:    1707809 | Episode:    71988
battle_won_mean:           0.9922	dead_allies_mean:          7.8157	dead_enemies_mean:        23.9704	ep_length_mean:           12.3415
epsilon:                   0.0500	grad_norm:                33.9500	loss:                     25.8168	loss_central:              0.0097
loss_latent:               0.2518	loss_td:                  25.5553	q_taken_mean:             12.2036	return_mean:              19.9729
return_std:                0.4146	target_mean:              12.1892	td_error_abs:              0.0756	test_battle_won_mean:      0.9938
test_dead_allies_mean:     5.4313	test_dead_enemies_mean:   23.9937	test_ep_length_mean:      10.3875	test_return_mean:         19.9823
test_return_std:           0.1140	
[INFO 12:48:36] my_main t_env: 1717811 / 2050000
[INFO 12:48:36] my_main Estimated time left: 2 hours, 46 minutes, 27 seconds. Time passed: 10 hours, 18 minutes, 41 seconds
[INFO 12:48:39] my_main Recent Stats | t_env:    1717811 | Episode:    72857
battle_won_mean:           0.9922	dead_allies_mean:          7.7239	dead_enemies_mean:        23.9687	ep_length_mean:           12.2432
epsilon:                   0.0500	grad_norm:                30.4401	loss:                     23.8982	loss_central:              0.0113
loss_latent:               0.2744	loss_td:                  23.6125	q_taken_mean:             11.5315	return_mean:              19.9715
return_std:                0.4299	target_mean:              11.5171	td_error_abs:              0.0760	test_battle_won_mean:      0.9938
test_dead_allies_mean:     5.2313	test_dead_enemies_mean:   23.9937	test_ep_length_mean:      10.2500	test_return_mean:         19.9819
test_return_std:           0.1129	
[INFO 12:53:48] my_main t_env: 1727812 / 2050000
[INFO 12:53:48] my_main Estimated time left: 2 hours, 47 minutes, 33 seconds. Time passed: 10 hours, 23 minutes, 53 seconds
[INFO 12:53:51] my_main Recent Stats | t_env:    1727812 | Episode:    73775
battle_won_mean:           0.9929	dead_allies_mean:          7.6227	dead_enemies_mean:        23.9765	ep_length_mean:           12.1587
epsilon:                   0.0500	grad_norm:                35.2075	loss:                     23.0055	loss_central:              0.0116
loss_latent:               0.3088	loss_td:                  22.6851	q_taken_mean:             11.2551	return_mean:              19.9751
return_std:                0.3918	target_mean:              11.2304	td_error_abs:              0.0803	test_battle_won_mean:      0.9938
test_dead_allies_mean:     5.3563	test_dead_enemies_mean:   23.9937	test_ep_length_mean:      10.2625	test_return_mean:         19.9820
test_return_std:           0.1130	
RequestQuit command received.
Closing Application...
DataHandler: unable to parse websocket frame.
CloseHandler: 127.0.0.1:53254 disconnected
[INFO 12:58:34] absl Shutdown gracefully.
[INFO 12:58:34] absl Shutdown with return code: -15
[INFO 12:58:34] absl Launching SC2: /labmount/users/202535331/MARL/pymarl-monotone-qmix/3rdparty/StarCraftII/Versions/Base75689/SC2_x64 -listen 127.0.0.1 -port 43493 -dataDir /labmount/users/202535331/MARL/pymarl-monotone-qmix/3rdparty/StarCraftII/ -tempDir /tmp/sc-yhwqio41/
[INFO 12:58:34] absl Connecting to: ws://127.0.0.1:43493/sc2api, attempt: 0, running: True
Version: B75689 (SC2.4.10)
Build: Aug 12 2019 17:16:57
Command Line: '"/labmount/users/202535331/MARL/pymarl-monotone-qmix/3rdparty/StarCraftII/Versions/Base75689/SC2_x64" -listen 127.0.0.1 -port 43493 -dataDir /labmount/users/202535331/MARL/pymarl-monotone-qmix/3rdparty/StarCraftII/ -tempDir /tmp/sc-yhwqio41/'
Starting up...
Startup Phase 1 complete
[INFO 12:58:35] absl Connecting to: ws://127.0.0.1:43493/sc2api, attempt: 1, running: True
Startup Phase 2 complete
Creating stub renderer...
Listening on: 127.0.0.1:43493
Startup Phase 3 complete. Ready for commands.
[INFO 12:58:36] absl Connecting to: ws://127.0.0.1:43493/sc2api, attempt: 2, running: True
ConnectHandler: Request from 127.0.0.1:35238 accepted
ReadyHandler: 127.0.0.1:35238 ready
Requesting to join a single player game
Configuring interface options
Configure: raw interface enabled
Configure: feature layer interface disabled
Configure: score interface disabled
Configure: render interface disabled
Launching next game.
Next launch phase started: 2
Next launch phase started: 3
Next launch phase started: 4
Next launch phase started: 5
Next launch phase started: 6
Next launch phase started: 7
Next launch phase started: 8
Game has started.
Using default stable ids, none found at: /labmount/users/202535331/MARL/pymarl-monotone-qmix/3rdparty/StarCraftII/stableid.json
Successfully loaded stable ids: GameData\stableid.json
Sending ResponseJoinGame
[INFO 12:58:41] my_main t_env: 1737819 / 2050000
[INFO 12:58:41] my_main Estimated time left: 2 hours, 32 minutes, 32 seconds. Time passed: 10 hours, 28 minutes, 47 seconds
[INFO 12:58:45] my_main Recent Stats | t_env:    1737819 | Episode:    74678
battle_won_mean:           0.9929	dead_allies_mean:          7.5729	dead_enemies_mean:        23.9724	ep_length_mean:           12.0640
epsilon:                   0.0500	grad_norm:                36.6099	loss:                     22.6735	loss_central:              0.0124
loss_latent:               0.3372	loss_td:                  22.3239	q_taken_mean:             11.1983	return_mean:              19.9756
return_std:                0.3716	target_mean:              11.1546	td_error_abs:              0.0850	test_battle_won_mean:      0.9938
test_dead_allies_mean:     5.4625	test_dead_enemies_mean:   23.9937	test_ep_length_mean:      10.3938	test_return_mean:         19.9821
test_return_std:           0.1129	
[INFO 13:04:33] my_main t_env: 1747820 / 2050000
[INFO 13:04:33] my_main Estimated time left: 2 hours, 57 minutes, 12 seconds. Time passed: 10 hours, 34 minutes, 39 seconds
[INFO 13:04:36] my_main Recent Stats | t_env:    1747820 | Episode:    75615
battle_won_mean:           0.9941	dead_allies_mean:          7.4183	dead_enemies_mean:        23.9766	ep_length_mean:           11.5661
epsilon:                   0.0500	grad_norm:                40.5030	loss:                     26.8289	loss_central:              0.0148
loss_latent:               0.3051	loss_td:                  26.5089	q_taken_mean:             12.1692	return_mean:              19.9798
return_std:                0.3288	target_mean:              12.1102	td_error_abs:              0.0922	test_battle_won_mean:      1.0000
test_dead_allies_mean:     5.2500	test_dead_enemies_mean:   24.0000	test_ep_length_mean:       8.8812	test_return_mean:         20.0011
test_return_std:           0.0030	
[INFO 13:09:53] my_main t_env: 1757832 / 2050000
[INFO 13:09:53] my_main Estimated time left: 2 hours, 35 minutes, 28 seconds. Time passed: 10 hours, 39 minutes, 58 seconds
[INFO 13:09:56] my_main Recent Stats | t_env:    1757832 | Episode:    76472
battle_won_mean:           0.9966	dead_allies_mean:          7.1171	dead_enemies_mean:        23.9836	ep_length_mean:           11.1684
epsilon:                   0.0500	grad_norm:                41.5474	loss:                     25.9268	loss_central:              0.0153
loss_latent:               0.3587	loss_td:                  25.5528	q_taken_mean:             11.9523	return_mean:              19.9899
return_std:                0.2647	target_mean:              11.9100	td_error_abs:              0.0859	test_battle_won_mean:      1.0000
test_dead_allies_mean:     5.0625	test_dead_enemies_mean:   24.0000	test_ep_length_mean:       8.7500	test_return_mean:         20.0012
test_return_std:           0.0034	
[INFO 13:15:01] my_main t_env: 1767832 / 2050000
[INFO 13:15:01] my_main Estimated time left: 2 hours, 24 minutes, 45 seconds. Time passed: 10 hours, 45 minutes, 6 seconds
[INFO 13:15:04] my_main Recent Stats | t_env:    1767832 | Episode:    77339
battle_won_mean:           0.9964	dead_allies_mean:          6.9967	dead_enemies_mean:        23.9843	ep_length_mean:           11.1733
epsilon:                   0.0500	grad_norm:                43.8693	loss:                     28.4874	loss_central:              0.0129
loss_latent:               0.3367	loss_td:                  28.1377	q_taken_mean:             13.0637	return_mean:              19.9891
return_std:                0.2644	target_mean:              13.0230	td_error_abs:              0.0837	test_battle_won_mean:      1.0000
test_dead_allies_mean:     5.2562	test_dead_enemies_mean:   24.0000	test_ep_length_mean:       8.8063	test_return_mean:         20.0013
test_return_std:           0.0038	
[INFO 13:20:10] my_main t_env: 1777832 / 2050000
[INFO 13:20:10] my_main Estimated time left: 2 hours, 20 minutes, 8 seconds. Time passed: 10 hours, 50 minutes, 15 seconds
[INFO 13:20:13] my_main Recent Stats | t_env:    1777832 | Episode:    78226
battle_won_mean:           0.9964	dead_allies_mean:          7.1465	dead_enemies_mean:        23.9845	ep_length_mean:           11.2492
epsilon:                   0.0500	grad_norm:                41.5644	loss:                     28.7025	loss_central:              0.0126
loss_latent:               0.2887	loss_td:                  28.4012	q_taken_mean:             13.4433	return_mean:              19.9897
return_std:                0.2579	target_mean:              13.4186	td_error_abs:              0.0816	test_battle_won_mean:      1.0000
test_dead_allies_mean:     5.1875	test_dead_enemies_mean:   24.0000	test_ep_length_mean:       8.8375	test_return_mean:         20.0017
test_return_std:           0.0047	
[INFO 13:25:20] my_main t_env: 1787839 / 2050000
[INFO 13:25:20] my_main Estimated time left: 2 hours, 15 minutes, 37 seconds. Time passed: 10 hours, 55 minutes, 26 seconds
[INFO 13:25:23] my_main Recent Stats | t_env:    1787839 | Episode:    79055
battle_won_mean:           0.9961	dead_allies_mean:          7.2067	dead_enemies_mean:        23.9903	ep_length_mean:           11.4470
epsilon:                   0.0500	grad_norm:                44.0976	loss:                     30.5612	loss_central:              0.0114
loss_latent:               0.2447	loss_td:                  30.3051	q_taken_mean:             13.5865	return_mean:              19.9896
return_std:                0.2545	target_mean:              13.5732	td_error_abs:              0.0731	test_battle_won_mean:      1.0000
test_dead_allies_mean:     4.9437	test_dead_enemies_mean:   24.0000	test_ep_length_mean:       8.6562	test_return_mean:         20.0014
test_return_std:           0.0042	
[INFO 13:30:26] my_main t_env: 1797839 / 2050000
[INFO 13:30:26] my_main Estimated time left: 2 hours, 8 minutes, 40 seconds. Time passed: 11 hours, 32 seconds
[INFO 13:30:30] my_main Recent Stats | t_env:    1797839 | Episode:    79882
battle_won_mean:           0.9953	dead_allies_mean:          7.3563	dead_enemies_mean:        23.9892	ep_length_mean:           11.7307
epsilon:                   0.0500	grad_norm:                44.3172	loss:                     27.6409	loss_central:              0.0077
loss_latent:               0.2669	loss_td:                  27.3664	q_taken_mean:             12.8724	return_mean:              19.9877
return_std:                0.2669	target_mean:              12.8774	td_error_abs:              0.0630	test_battle_won_mean:      1.0000
test_dead_allies_mean:     5.6375	test_dead_enemies_mean:   24.0000	test_ep_length_mean:       8.7750	test_return_mean:         20.0014
test_return_std:           0.0037	
RequestQuit command received.
DataHandler: unable to parse websocket frame.
CloseHandler: 127.0.0.1:35238 disconnected
Closing Application...
[INFO 13:31:35] absl Shutdown gracefully.
[INFO 13:31:35] absl Shutdown with return code: -15
[INFO 13:31:35] absl Launching SC2: /labmount/users/202535331/MARL/pymarl-monotone-qmix/3rdparty/StarCraftII/Versions/Base75689/SC2_x64 -listen 127.0.0.1 -port 39159 -dataDir /labmount/users/202535331/MARL/pymarl-monotone-qmix/3rdparty/StarCraftII/ -tempDir /tmp/sc-hacyyklh/
[INFO 13:31:35] absl Connecting to: ws://127.0.0.1:39159/sc2api, attempt: 0, running: True
Version: B75689 (SC2.4.10)
Build: Aug 12 2019 17:16:57
Command Line: '"/labmount/users/202535331/MARL/pymarl-monotone-qmix/3rdparty/StarCraftII/Versions/Base75689/SC2_x64" -listen 127.0.0.1 -port 39159 -dataDir /labmount/users/202535331/MARL/pymarl-monotone-qmix/3rdparty/StarCraftII/ -tempDir /tmp/sc-hacyyklh/'
Starting up...
Startup Phase 1 complete
[INFO 13:31:36] absl Connecting to: ws://127.0.0.1:39159/sc2api, attempt: 1, running: True
Startup Phase 2 complete
Creating stub renderer...
Listening on: 127.0.0.1:39159
Startup Phase 3 complete. Ready for commands.
[INFO 13:31:37] absl Connecting to: ws://127.0.0.1:39159/sc2api, attempt: 2, running: True
ConnectHandler: Request from 127.0.0.1:47148 accepted
ReadyHandler: 127.0.0.1:47148 ready
Requesting to join a single player game
Configuring interface options
Configure: raw interface enabled
Configure: feature layer interface disabled
Configure: score interface disabled
Configure: render interface disabled
Launching next game.
Next launch phase started: 2
Next launch phase started: 3
Next launch phase started: 4
Next launch phase started: 5
Next launch phase started: 6
Next launch phase started: 7
Next launch phase started: 8
Game has started.
Using default stable ids, none found at: /labmount/users/202535331/MARL/pymarl-monotone-qmix/3rdparty/StarCraftII/stableid.json
Successfully loaded stable ids: GameData\stableid.json
Sending ResponseJoinGame
[INFO 13:35:53] my_main t_env: 1807849 / 2050000
[INFO 13:35:53] my_main Estimated time left: 2 hours, 11 minutes, 47 seconds. Time passed: 11 hours, 5 minutes, 59 seconds
[INFO 13:35:56] my_main Recent Stats | t_env:    1807849 | Episode:    80787
battle_won_mean:           0.9947	dead_allies_mean:          7.4240	dead_enemies_mean:        23.9822	ep_length_mean:           11.6064
epsilon:                   0.0500	grad_norm:                52.0766	loss:                     28.7239	loss_central:              0.0140
loss_latent:               0.2503	loss_td:                  28.4596	q_taken_mean:             12.9475	return_mean:              19.9825
return_std:                0.3250	target_mean:              12.9618	td_error_abs:              0.0619	test_battle_won_mean:      1.0000
test_dead_allies_mean:     5.7250	test_dead_enemies_mean:   24.0000	test_ep_length_mean:       8.7688	test_return_mean:         20.0012
test_return_std:           0.0033	
[INFO 13:41:24] my_main t_env: 1817856 / 2050000
[INFO 13:41:24] my_main Estimated time left: 2 hours, 7 minutes, 51 seconds. Time passed: 11 hours, 11 minutes, 30 seconds
[INFO 13:41:27] my_main Recent Stats | t_env:    1817856 | Episode:    81698
battle_won_mean:           0.9956	dead_allies_mean:          7.4154	dead_enemies_mean:        23.9840	ep_length_mean:           11.4965
epsilon:                   0.0500	grad_norm:                50.6538	loss:                     25.3902	loss_central:              0.0146
loss_latent:               0.2871	loss_td:                  25.0886	q_taken_mean:             12.2375	return_mean:              19.9864
return_std:                0.3039	target_mean:              12.2624	td_error_abs:              0.0658	test_battle_won_mean:      1.0000
test_dead_allies_mean:     5.5938	test_dead_enemies_mean:   24.0000	test_ep_length_mean:       8.7000	test_return_mean:         20.0012
test_return_std:           0.0032	
[INFO 13:47:03] my_main t_env: 1827858 / 2050000
[INFO 13:47:03] my_main Estimated time left: 2 hours, 5 minutes, 35 seconds. Time passed: 11 hours, 17 minutes, 9 seconds
[INFO 13:47:06] my_main Recent Stats | t_env:    1827858 | Episode:    82595
battle_won_mean:           0.9945	dead_allies_mean:          7.3312	dead_enemies_mean:        23.9775	ep_length_mean:           11.4718
epsilon:                   0.0500	grad_norm:                49.3076	loss:                     23.8701	loss_central:              0.0143
loss_latent:               0.3190	loss_td:                  23.5368	q_taken_mean:             11.9488	return_mean:              19.9788
return_std:                0.3755	target_mean:              11.9637	td_error_abs:              0.0641	test_battle_won_mean:      1.0000
test_dead_allies_mean:     5.6250	test_dead_enemies_mean:   24.0000	test_ep_length_mean:       8.6750	test_return_mean:         20.0011
test_return_std:           0.0030	
[INFO 13:52:21] my_main t_env: 1837859 / 2050000
[INFO 13:52:21] my_main Estimated time left: 1 hours, 52 minutes, 18 seconds. Time passed: 11 hours, 22 minutes, 26 seconds
[INFO 13:52:24] my_main Recent Stats | t_env:    1837859 | Episode:    83447
battle_won_mean:           0.9938	dead_allies_mean:          7.2828	dead_enemies_mean:        23.9738	ep_length_mean:           11.4052
epsilon:                   0.0500	grad_norm:                46.7011	loss:                     21.0564	loss_central:              0.0464
loss_latent:               0.3325	loss_td:                  20.6775	q_taken_mean:             11.8183	return_mean:              19.9747
return_std:                0.4125	target_mean:              11.8351	td_error_abs:              0.0661	test_battle_won_mean:      1.0000
test_dead_allies_mean:     5.9188	test_dead_enemies_mean:   24.0000	test_ep_length_mean:       8.7063	test_return_mean:         20.0012
test_return_std:           0.0034	
[INFO 13:57:40] my_main t_env: 1847866 / 2050000
[INFO 13:57:40] my_main Estimated time left: 1 hours, 47 minutes, 19 seconds. Time passed: 11 hours, 27 minutes, 45 seconds
[INFO 13:57:43] my_main Recent Stats | t_env:    1847866 | Episode:    84279
battle_won_mean:           0.9936	dead_allies_mean:          7.1315	dead_enemies_mean:        23.9724	ep_length_mean:           11.3924
epsilon:                   0.0500	grad_norm:                43.1480	loss:                     20.5103	loss_central:              0.0468
loss_latent:               0.3443	loss_td:                  20.1193	q_taken_mean:             11.9070	return_mean:              19.9733
return_std:                0.4369	target_mean:              11.9176	td_error_abs:              0.0676	test_battle_won_mean:      1.0000
test_dead_allies_mean:     5.3937	test_dead_enemies_mean:   24.0000	test_ep_length_mean:       8.6562	test_return_mean:         20.0014
test_return_std:           0.0038	
[INFO 14:03:15] my_main t_env: 1857874 / 2050000
[INFO 14:03:15] my_main Estimated time left: 1 hours, 47 minutes, 13 seconds. Time passed: 11 hours, 33 minutes, 20 seconds
[INFO 14:03:18] my_main Recent Stats | t_env:    1857874 | Episode:    85134
battle_won_mean:           0.9940	dead_allies_mean:          6.9629	dead_enemies_mean:        23.9775	ep_length_mean:           11.5213
epsilon:                   0.0500	grad_norm:                34.1909	loss:                     18.1083	loss_central:              0.0414
loss_latent:               0.3699	loss_td:                  17.6971	q_taken_mean:             11.9405	return_mean:              19.9771
return_std:                0.3987	target_mean:              11.9468	td_error_abs:              0.0668	test_battle_won_mean:      1.0000
test_dead_allies_mean:     5.5062	test_dead_enemies_mean:   24.0000	test_ep_length_mean:       8.6125	test_return_mean:         20.0012
test_return_std:           0.0033	
DataHandler: unable to parse websocket frame.
CloseHandler: 127.0.0.1:47148 disconnected
[INFO 14:05:39] absl Shutdown gracefully.
[INFO 14:05:39] absl Shutdown with return code: -15
[INFO 14:05:39] absl Launching SC2: /labmount/users/202535331/MARL/pymarl-monotone-qmix/3rdparty/StarCraftII/Versions/Base75689/SC2_x64 -listen 127.0.0.1 -port 43099 -dataDir /labmount/users/202535331/MARL/pymarl-monotone-qmix/3rdparty/StarCraftII/ -tempDir /tmp/sc-_pvboe9r/
[INFO 14:05:39] absl Connecting to: ws://127.0.0.1:43099/sc2api, attempt: 0, running: True
Version: B75689 (SC2.4.10)
Build: Aug 12 2019 17:16:57
Command Line: '"/labmount/users/202535331/MARL/pymarl-monotone-qmix/3rdparty/StarCraftII/Versions/Base75689/SC2_x64" -listen 127.0.0.1 -port 43099 -dataDir /labmount/users/202535331/MARL/pymarl-monotone-qmix/3rdparty/StarCraftII/ -tempDir /tmp/sc-_pvboe9r/'
Starting up...
Startup Phase 1 complete
[INFO 14:05:40] absl Connecting to: ws://127.0.0.1:43099/sc2api, attempt: 1, running: True
Startup Phase 2 complete
Creating stub renderer...
Listening on: 127.0.0.1:43099
Startup Phase 3 complete. Ready for commands.
[INFO 14:05:41] absl Connecting to: ws://127.0.0.1:43099/sc2api, attempt: 2, running: True
ConnectHandler: Request from 127.0.0.1:36612 accepted
ReadyHandler: 127.0.0.1:36612 ready
Requesting to join a single player game
Configuring interface options
Configure: raw interface enabled
Configure: feature layer interface disabled
Configure: score interface disabled
Configure: render interface disabled
Launching next game.
Next launch phase started: 2
Next launch phase started: 3
Next launch phase started: 4
Next launch phase started: 5
Next launch phase started: 6
Next launch phase started: 7
Next launch phase started: 8
Game has started.
Using default stable ids, none found at: /labmount/users/202535331/MARL/pymarl-monotone-qmix/3rdparty/StarCraftII/stableid.json
Successfully loaded stable ids: GameData\stableid.json
Sending ResponseJoinGame
[INFO 14:08:49] my_main t_env: 1867878 / 2050000
[INFO 14:08:49] my_main Estimated time left: 1 hours, 41 minutes, 22 seconds. Time passed: 11 hours, 38 minutes, 55 seconds
[INFO 14:08:52] my_main Recent Stats | t_env:    1867878 | Episode:    86002
battle_won_mean:           0.9930	dead_allies_mean:          7.1126	dead_enemies_mean:        23.9753	ep_length_mean:           11.6294
epsilon:                   0.0500	grad_norm:                36.4505	loss:                     21.1868	loss_central:              0.0434
loss_latent:               0.3445	loss_td:                  20.7989	q_taken_mean:             12.4749	return_mean:              19.9734
return_std:                0.4202	target_mean:              12.4685	td_error_abs:              0.0675	test_battle_won_mean:      1.0000
test_dead_allies_mean:     5.5875	test_dead_enemies_mean:   24.0000	test_ep_length_mean:       8.8938	test_return_mean:         20.0018
test_return_std:           0.0048	
[INFO 14:14:10] my_main t_env: 1877878 / 2050000
[INFO 14:14:10] my_main Estimated time left: 1 hours, 31 minutes, 59 seconds. Time passed: 11 hours, 44 minutes, 15 seconds
[INFO 14:14:13] my_main Recent Stats | t_env:    1877878 | Episode:    86880
battle_won_mean:           0.9937	dead_allies_mean:          7.2773	dead_enemies_mean:        23.9786	ep_length_mean:           11.6772
epsilon:                   0.0500	grad_norm:                38.5309	loss:                     21.5693	loss_central:              0.0443
loss_latent:               0.3454	loss_td:                  21.1796	q_taken_mean:             12.5703	return_mean:              19.9776
return_std:                0.3890	target_mean:              12.5772	td_error_abs:              0.0721	test_battle_won_mean:      1.0000
test_dead_allies_mean:     5.5062	test_dead_enemies_mean:   24.0000	test_ep_length_mean:       8.8063	test_return_mean:         20.0015
test_return_std:           0.0039	
[INFO 14:19:05] my_main t_env: 1887882 / 2050000
[INFO 14:19:05] my_main Estimated time left: 1 hours, 19 minutes, 43 seconds. Time passed: 11 hours, 49 minutes, 10 seconds
[INFO 14:19:08] my_main Recent Stats | t_env:    1887882 | Episode:    87782
battle_won_mean:           0.9951	dead_allies_mean:          7.3860	dead_enemies_mean:        23.9833	ep_length_mean:           11.5477
epsilon:                   0.0500	grad_norm:                41.5638	loss:                     21.9855	loss_central:              0.0189
loss_latent:               0.3683	loss_td:                  21.5983	q_taken_mean:             12.3155	return_mean:              19.9844
return_std:                0.3300	target_mean:              12.3031	td_error_abs:              0.0813	test_battle_won_mean:      1.0000
test_dead_allies_mean:     5.6063	test_dead_enemies_mean:   24.0000	test_ep_length_mean:       8.8063	test_return_mean:         20.0016
test_return_std:           0.0041	
[INFO 14:23:50] my_main t_env: 1897884 / 2050000
[INFO 14:23:50] my_main Estimated time left: 1 hours, 12 minutes, 21 seconds. Time passed: 11 hours, 53 minutes, 56 seconds
[INFO 14:23:53] my_main Recent Stats | t_env:    1897884 | Episode:    88663
battle_won_mean:           0.9963	dead_allies_mean:          7.4131	dead_enemies_mean:        23.9862	ep_length_mean:           11.4128
epsilon:                   0.0500	grad_norm:                43.1599	loss:                     21.9576	loss_central:              0.0188
loss_latent:               0.3614	loss_td:                  21.5774	q_taken_mean:             12.5113	return_mean:              19.9894
return_std:                0.2757	target_mean:              12.5067	td_error_abs:              0.0796	test_battle_won_mean:      1.0000
test_dead_allies_mean:     5.3812	test_dead_enemies_mean:   24.0000	test_ep_length_mean:       8.7000	test_return_mean:         20.0014
test_return_std:           0.0043	
[INFO 14:28:26] my_main t_env: 1907892 / 2050000
[INFO 14:28:26] my_main Estimated time left: 1 hours, 5 minutes, 10 seconds. Time passed: 11 hours, 58 minutes, 31 seconds
[INFO 14:28:29] my_main Recent Stats | t_env:    1907892 | Episode:    89512
battle_won_mean:           0.9958	dead_allies_mean:          7.6546	dead_enemies_mean:        23.9860	ep_length_mean:           11.4294
epsilon:                   0.0500	grad_norm:                57.5762	loss:                     24.5385	loss_central:              0.0203
loss_latent:               0.3116	loss_td:                  24.2066	q_taken_mean:             12.7097	return_mean:              19.9881
return_std:                0.2775	target_mean:              12.7209	td_error_abs:              0.0855	test_battle_won_mean:      1.0000
test_dead_allies_mean:     5.2562	test_dead_enemies_mean:   24.0000	test_ep_length_mean:       8.7125	test_return_mean:         20.0015
test_return_std:           0.0048	
[INFO 14:32:50] my_main t_env: 1917902 / 2050000
[INFO 14:32:50] my_main Estimated time left: 58 minutes, 6 seconds. Time passed: 12 hours, 2 minutes, 55 seconds
[INFO 14:32:53] my_main Recent Stats | t_env:    1917902 | Episode:    90332
battle_won_mean:           0.9960	dead_allies_mean:          7.7461	dead_enemies_mean:        23.9861	ep_length_mean:           11.5657
epsilon:                   0.0500	grad_norm:                57.4650	loss:                     24.4253	loss_central:              0.0203
loss_latent:               0.3262	loss_td:                  24.0788	q_taken_mean:             12.5625	return_mean:              19.9891
return_std:                0.2730	target_mean:              12.5873	td_error_abs:              0.0862	test_battle_won_mean:      1.0000
test_dead_allies_mean:     5.3937	test_dead_enemies_mean:   24.0000	test_ep_length_mean:       8.4563	test_return_mean:         20.0010
test_return_std:           0.0037	
RequestQuit command received.
Closing Application...
DataHandler: unable to parse websocket frame.
CloseHandler: 127.0.0.1:36612 disconnected
ResponseThread: No connection, dropping the response.
[INFO 14:36:02] absl Shutdown gracefully.
[INFO 14:36:02] absl Shutdown with return code: -15
[INFO 14:36:02] absl Launching SC2: /labmount/users/202535331/MARL/pymarl-monotone-qmix/3rdparty/StarCraftII/Versions/Base75689/SC2_x64 -listen 127.0.0.1 -port 43285 -dataDir /labmount/users/202535331/MARL/pymarl-monotone-qmix/3rdparty/StarCraftII/ -tempDir /tmp/sc-jnophupr/
[INFO 14:36:03] absl Connecting to: ws://127.0.0.1:43285/sc2api, attempt: 0, running: True
Version: B75689 (SC2.4.10)
Build: Aug 12 2019 17:16:57
Command Line: '"/labmount/users/202535331/MARL/pymarl-monotone-qmix/3rdparty/StarCraftII/Versions/Base75689/SC2_x64" -listen 127.0.0.1 -port 43285 -dataDir /labmount/users/202535331/MARL/pymarl-monotone-qmix/3rdparty/StarCraftII/ -tempDir /tmp/sc-jnophupr/'
Starting up...
Startup Phase 1 complete
[INFO 14:36:04] absl Connecting to: ws://127.0.0.1:43285/sc2api, attempt: 1, running: True
Startup Phase 2 complete
Creating stub renderer...
Listening on: 127.0.0.1:43285
Startup Phase 3 complete. Ready for commands.
[INFO 14:36:05] absl Connecting to: ws://127.0.0.1:43285/sc2api, attempt: 2, running: True
ConnectHandler: Request from 127.0.0.1:33758 accepted
ReadyHandler: 127.0.0.1:33758 ready
Requesting to join a single player game
Configuring interface options
Configure: raw interface enabled
Configure: feature layer interface disabled
Configure: score interface disabled
Configure: render interface disabled
Launching next game.
Next launch phase started: 2
Next launch phase started: 3
Next launch phase started: 4
Next launch phase started: 5
Next launch phase started: 6
Next launch phase started: 7
Next launch phase started: 8
Game has started.
Using default stable ids, none found at: /labmount/users/202535331/MARL/pymarl-monotone-qmix/3rdparty/StarCraftII/stableid.json
Successfully loaded stable ids: GameData\stableid.json
Sending ResponseJoinGame
[INFO 14:37:52] my_main t_env: 1927909 / 2050000
[INFO 14:37:52] my_main Estimated time left: 1 hours, 1 minutes, 24 seconds. Time passed: 12 hours, 7 minutes, 57 seconds
[INFO 14:37:55] my_main Recent Stats | t_env:    1927909 | Episode:    91207
battle_won_mean:           0.9958	dead_allies_mean:          7.6995	dead_enemies_mean:        23.9809	ep_length_mean:           11.5752
epsilon:                   0.0500	grad_norm:                60.2101	loss:                     24.8055	loss_central:              0.0196
loss_latent:               0.3291	loss_td:                  24.4568	q_taken_mean:             12.5922	return_mean:              19.9846
return_std:                0.3530	target_mean:              12.6053	td_error_abs:              0.0808	test_battle_won_mean:      1.0000
test_dead_allies_mean:     5.3937	test_dead_enemies_mean:   24.0000	test_ep_length_mean:       8.4437	test_return_mean:         20.0009
test_return_std:           0.0034	
[INFO 14:43:02] my_main t_env: 1937912 / 2050000
[INFO 14:43:02] my_main Estimated time left: 57 minutes, 52 seconds. Time passed: 12 hours, 13 minutes, 7 seconds
[INFO 14:43:06] my_main Recent Stats | t_env:    1937912 | Episode:    92015
battle_won_mean:           0.9938	dead_allies_mean:          7.7253	dead_enemies_mean:        23.9709	ep_length_mean:           11.8330
epsilon:                   0.0500	grad_norm:                59.7540	loss:                     26.0868	loss_central:              0.0156
loss_latent:               0.3249	loss_td:                  25.7463	q_taken_mean:             12.8850	return_mean:              19.9735
return_std:                0.4434	target_mean:              12.9227	td_error_abs:              0.0735	test_battle_won_mean:      1.0000
test_dead_allies_mean:     5.6063	test_dead_enemies_mean:   24.0000	test_ep_length_mean:       9.4812	test_return_mean:         20.0041
test_return_std:           0.0060	
[INFO 14:47:09] my_main t_env: 1947912 / 2050000
[INFO 14:47:09] my_main Estimated time left: 42 minutes, 7 seconds. Time passed: 12 hours, 17 minutes, 15 seconds
[INFO 14:47:15] my_main Recent Stats | t_env:    1947912 | Episode:    92588
battle_won_mean:           0.9898	dead_allies_mean:          8.2493	dead_enemies_mean:        23.9625	ep_length_mean:           13.0528
epsilon:                   0.0500	grad_norm:                60.1668	loss:                     25.9091	loss_central:              0.0185
loss_latent:               0.3090	loss_td:                  25.5815	q_taken_mean:             13.0679	return_mean:              19.9594
return_std:                0.5381	target_mean:              13.1035	td_error_abs:              0.0738	test_battle_won_mean:      0.9875
test_dead_allies_mean:     7.1813	test_dead_enemies_mean:   23.9812	test_ep_length_mean:      12.5188	test_return_mean:         19.9582
test_return_std:           0.1855	
[INFO 14:52:05] my_main t_env: 1957919 / 2050000
[INFO 14:52:05] my_main Estimated time left: 45 minutes, 19 seconds. Time passed: 12 hours, 22 minutes, 10 seconds
[INFO 14:52:08] my_main Recent Stats | t_env:    1957919 | Episode:    93267
battle_won_mean:           0.9892	dead_allies_mean:          8.7116	dead_enemies_mean:        23.9596	ep_length_mean:           13.6427
epsilon:                   0.0500	grad_norm:                45.4873	loss:                     21.9202	loss_central:              0.0205
loss_latent:               0.3111	loss_td:                  21.5886	q_taken_mean:             12.7244	return_mean:              19.9568
return_std:                0.5721	target_mean:              12.7396	td_error_abs:              0.0628	test_battle_won_mean:      0.9875
test_dead_allies_mean:     7.6562	test_dead_enemies_mean:   23.9812	test_ep_length_mean:      12.7188	test_return_mean:         19.9588
test_return_std:           0.1866	
[INFO 14:56:58] my_main t_env: 1967920 / 2050000
[INFO 14:56:58] my_main Estimated time left: 40 minutes, 2 seconds. Time passed: 12 hours, 27 minutes, 3 seconds
[INFO 14:57:01] my_main Recent Stats | t_env:    1967920 | Episode:    93927
battle_won_mean:           0.9892	dead_allies_mean:          8.7158	dead_enemies_mean:        23.9605	ep_length_mean:           14.2319
epsilon:                   0.0500	grad_norm:                41.1207	loss:                     20.4006	loss_central:              0.0206
loss_latent:               0.3959	loss_td:                  19.9841	q_taken_mean:             12.0573	return_mean:              19.9591
return_std:                0.5652	target_mean:              12.0543	td_error_abs:              0.0701	test_battle_won_mean:      0.9875
test_dead_allies_mean:     7.8500	test_dead_enemies_mean:   23.9812	test_ep_length_mean:      13.1438	test_return_mean:         19.9603
test_return_std:           0.1889	
[INFO 15:01:49] my_main t_env: 1977944 / 2050000
[INFO 15:01:49] my_main Estimated time left: 34 minutes, 56 seconds. Time passed: 12 hours, 31 minutes, 55 seconds
[INFO 15:01:52] my_main Recent Stats | t_env:    1977944 | Episode:    94587
battle_won_mean:           0.9900	dead_allies_mean:          8.6715	dead_enemies_mean:        23.9668	ep_length_mean:           14.9821
epsilon:                   0.0500	grad_norm:                36.9934	loss:                     18.4451	loss_central:              0.0229
loss_latent:               0.3793	loss_td:                  18.0429	q_taken_mean:             11.6479	return_mean:              19.9687
return_std:                0.4844	target_mean:              11.6446	td_error_abs:              0.0686	test_battle_won_mean:      0.9875
test_dead_allies_mean:     7.8375	test_dead_enemies_mean:   23.9812	test_ep_length_mean:      13.2375	test_return_mean:         19.9605
test_return_std:           0.1895	
RequestQuit command received.
DataHandler: unable to parse websocket frame.
CloseHandler: 127.0.0.1:33758 disconnected
Closing Application...
[INFO 15:07:00] absl Shutdown gracefully.
[INFO 15:07:00] absl Shutdown with return code: -15
[INFO 15:07:00] absl Launching SC2: /labmount/users/202535331/MARL/pymarl-monotone-qmix/3rdparty/StarCraftII/Versions/Base75689/SC2_x64 -listen 127.0.0.1 -port 34507 -dataDir /labmount/users/202535331/MARL/pymarl-monotone-qmix/3rdparty/StarCraftII/ -tempDir /tmp/sc-b__p5sml/
[INFO 15:07:00] absl Connecting to: ws://127.0.0.1:34507/sc2api, attempt: 0, running: True
Version: B75689 (SC2.4.10)
Build: Aug 12 2019 17:16:57
Command Line: '"/labmount/users/202535331/MARL/pymarl-monotone-qmix/3rdparty/StarCraftII/Versions/Base75689/SC2_x64" -listen 127.0.0.1 -port 34507 -dataDir /labmount/users/202535331/MARL/pymarl-monotone-qmix/3rdparty/StarCraftII/ -tempDir /tmp/sc-b__p5sml/'
Starting up...
Startup Phase 1 complete
[INFO 15:07:01] absl Connecting to: ws://127.0.0.1:34507/sc2api, attempt: 1, running: True
Startup Phase 2 complete
Creating stub renderer...
Listening on: 127.0.0.1:34507
Startup Phase 3 complete. Ready for commands.
[INFO 15:07:02] absl Connecting to: ws://127.0.0.1:34507/sc2api, attempt: 2, running: True
ConnectHandler: Request from 127.0.0.1:36254 accepted
ReadyHandler: 127.0.0.1:36254 ready
Requesting to join a single player game
Configuring interface options
Configure: raw interface enabled
Configure: feature layer interface disabled
Configure: score interface disabled
Configure: render interface disabled
Launching next game.
Next launch phase started: 2
Next launch phase started: 3
Next launch phase started: 4
Next launch phase started: 5
Next launch phase started: 6
Next launch phase started: 7
Next launch phase started: 8
Game has started.
Using default stable ids, none found at: /labmount/users/202535331/MARL/pymarl-monotone-qmix/3rdparty/StarCraftII/stableid.json
Successfully loaded stable ids: GameData\stableid.json
Sending ResponseJoinGame
[INFO 15:07:41] my_main t_env: 1987952 / 2050000
[INFO 15:07:41] my_main Estimated time left: 36 minutes, 20 seconds. Time passed: 12 hours, 37 minutes, 47 seconds
[INFO 15:07:44] my_main Recent Stats | t_env:    1987952 | Episode:    95375
battle_won_mean:           0.9902	dead_allies_mean:          8.7386	dead_enemies_mean:        23.9650	ep_length_mean:           15.0463
epsilon:                   0.0500	grad_norm:                31.7687	loss:                     14.7752	loss_central:              0.0250
loss_latent:               0.4465	loss_td:                  14.3037	q_taken_mean:             10.9936	return_mean:              19.9673
return_std:                0.5333	target_mean:              10.9816	td_error_abs:              0.0705	test_battle_won_mean:      0.9875
test_dead_allies_mean:     7.4813	test_dead_enemies_mean:   23.9812	test_ep_length_mean:      12.2812	test_return_mean:         19.9573
test_return_std:           0.1868	
[INFO 15:12:25] my_main t_env: 1997954 / 2050000
[INFO 15:12:25] my_main Estimated time left: 24 minutes, 38 seconds. Time passed: 12 hours, 42 minutes, 31 seconds
[INFO 15:12:28] my_main Recent Stats | t_env:    1997954 | Episode:    96079
battle_won_mean:           0.9932	dead_allies_mean:          8.4091	dead_enemies_mean:        23.9707	ep_length_mean:           14.3973
epsilon:                   0.0500	grad_norm:                30.6392	loss:                     13.6428	loss_central:              0.0235
loss_latent:               0.4356	loss_td:                  13.1837	q_taken_mean:             10.5017	return_mean:              19.9788
return_std:                0.4851	target_mean:              10.4873	td_error_abs:              0.0698	test_battle_won_mean:      1.0000
test_dead_allies_mean:     5.9813	test_dead_enemies_mean:   24.0000	test_ep_length_mean:       9.2188	test_return_mean:         20.0033
test_return_std:           0.0075	
[INFO 15:13:24] my_main Saving models to results/models/s2q_bane_vs_bane_seed141__2026-10-02_02-29-45/2000013
[INFO 15:17:15] my_main t_env: 2007959 / 2050000
[INFO 15:17:15] my_main Estimated time left: 20 minutes, 17 seconds. Time passed: 12 hours, 47 minutes, 20 seconds
[INFO 15:17:18] my_main Recent Stats | t_env:    2007959 | Episode:    96788
battle_won_mean:           0.9947	dead_allies_mean:          7.9491	dead_enemies_mean:        23.9758	ep_length_mean:           14.2720
epsilon:                   0.0500	grad_norm:                36.8037	loss:                     13.8614	loss_central:              0.0176
loss_latent:               0.4462	loss_td:                  13.3976	q_taken_mean:             10.2844	return_mean:              19.9863
return_std:                0.4303	target_mean:              10.2836	td_error_abs:              0.0730	test_battle_won_mean:      1.0000
test_dead_allies_mean:     5.6312	test_dead_enemies_mean:   24.0000	test_ep_length_mean:       9.1188	test_return_mean:         20.0029
test_return_std:           0.0068	
[INFO 15:22:36] my_main t_env: 2017966 / 2050000
[INFO 15:22:36] my_main Estimated time left: 17 minutes, 8 seconds. Time passed: 12 hours, 52 minutes, 42 seconds
[INFO 15:22:39] my_main Recent Stats | t_env:    2017966 | Episode:    97617
battle_won_mean:           0.9958	dead_allies_mean:          7.8517	dead_enemies_mean:        23.9778	ep_length_mean:           13.6557
epsilon:                   0.0500	grad_norm:                42.0601	loss:                     13.4178	loss_central:              0.0187
loss_latent:               0.3685	loss_td:                  13.0307	q_taken_mean:             10.8910	return_mean:              19.9883
return_std:                0.4128	target_mean:              10.9113	td_error_abs:              0.0688	test_battle_won_mean:      1.0000
test_dead_allies_mean:     5.1937	test_dead_enemies_mean:   24.0000	test_ep_length_mean:       8.6937	test_return_mean:         20.0013
test_return_std:           0.0040	
