/labmount/users/202535331/miniconda3/envs/pymarl/lib/python3.9/site-packages/sacred/dependencies.py:11: UserWarning: pkg_resources is deprecated as an API. See https://setuptools.pypa.io/en/latest/pkg_resources.html. The pkg_resources package is slated for removal as early as 2025-11-30. Refrain from using this package or pin to Setuptools<81.
  import pkg_resources
[DEBUG 09:59:04] git.cmd Popen(['git', 'version'], cwd=/labmount/users/202535331/MARL/pymarl-monotone-qmix, stdin=None, shell=False, universal_newlines=False)
[DEBUG 09:59:05] git.cmd Popen(['git', 'version'], cwd=/labmount/users/202535331/MARL/pymarl-monotone-qmix, stdin=None, shell=False, universal_newlines=False)
[DEBUG 09:59:05] git.util sys.platform='linux', git_executable='git'
[DEBUG 09:59:05] git.cmd Popen(['git', 'diff', '--cached', '--abbrev=40', '--full-index', '--raw'], cwd=/labmount/users/202535331/MARL/pymarl-monotone-qmix, stdin=None, shell=False, universal_newlines=False)
[DEBUG 09:59:05] git.cmd Popen(['git', 'diff', '--abbrev=40', '--full-index', '--raw'], cwd=/labmount/users/202535331/MARL/pymarl-monotone-qmix, stdin=None, shell=False, universal_newlines=False)
[DEBUG 09:59:05] git.cmd Popen(['git', 'cat-file', '--batch-check'], cwd=/labmount/users/202535331/MARL/pymarl-monotone-qmix, stdin=<valid stream>, shell=False, universal_newlines=False)
[DEBUG 09:59:05] git.util sys.platform='linux', git_executable='git'
[DEBUG 09:59:05] git.cmd Popen(['git', 'diff', '--cached', '--abbrev=40', '--full-index', '--raw'], cwd=/labmount/users/202535331/MARL/pymarl-monotone-qmix, stdin=None, shell=False, universal_newlines=False)
[DEBUG 09:59:05] git.cmd Popen(['git', 'diff', '--abbrev=40', '--full-index', '--raw'], cwd=/labmount/users/202535331/MARL/pymarl-monotone-qmix, stdin=None, shell=False, universal_newlines=False)
[DEBUG 09:59:05] git.cmd Popen(['git', 'cat-file', '--batch-check'], cwd=/labmount/users/202535331/MARL/pymarl-monotone-qmix, stdin=<valid stream>, shell=False, universal_newlines=False)
[DEBUG 09:59:05] git.util sys.platform='linux', git_executable='git'
[DEBUG 09:59:05] git.cmd Popen(['git', 'diff', '--cached', '--abbrev=40', '--full-index', '--raw'], cwd=/labmount/users/202535331/MARL/pymarl-monotone-qmix, stdin=None, shell=False, universal_newlines=False)
[DEBUG 09:59:05] git.cmd Popen(['git', 'diff', '--abbrev=40', '--full-index', '--raw'], cwd=/labmount/users/202535331/MARL/pymarl-monotone-qmix, stdin=None, shell=False, universal_newlines=False)
[DEBUG 09:59:05] git.cmd Popen(['git', 'cat-file', '--batch-check'], cwd=/labmount/users/202535331/MARL/pymarl-monotone-qmix, stdin=<valid stream>, shell=False, universal_newlines=False)
[INFO 09:59:05] root Saving to FileStorageObserver in /labmount/users/202535331/MARL/pymarl-monotone-qmix/results/sacred/s2q.
[DEBUG 09:59:05] pymarl Using capture mode "fd"
[INFO 09:59:05] pymarl Running command 'my_main'
[INFO 09:59:05] pymarl Started run with ID "31"
[DEBUG 09:59:05] pymarl Starting Heartbeat
[DEBUG 09:59:05] my_main Started
[INFO 09:59:05] my_main Experiment Parameters:
[INFO 09:59:05] my_main 

{   'action_selector': 's2q_epsilon_greedy',
    'agent': 's2q_rnn',
    'agent_output_type': 'q',
    'batch_size': 32,
    'batch_size_run': 1,
    'buffer_cpu_only': True,
    'buffer_size': 5000,
    'central_action_embed': 1,
    'central_mixing_embed_dim': 256,
    'checkpoint_path': '',
    'common_reward': True,
    'critic_lr': 0.0005,
    'double_q': True,
    'env': 'sc2',
    'env_args': {   'continuing_episode': False,
                    'debug': False,
                    'difficulty': '7',
                    'game_version': None,
                    'heuristic_ai': False,
                    'heuristic_rest': False,
                    'map_name': 'bane_vs_bane',
                    'move_amount': 2,
                    'obs_all_health': True,
                    'obs_instead_of_state': False,
                    'obs_last_action': False,
                    'obs_own_health': True,
                    'obs_pathing_grid': False,
                    'obs_terrain_height': False,
                    'obs_timestep_number': False,
                    'replay_dir': '',
                    'replay_prefix': '',
                    'reward_death_value': 10,
                    'reward_defeat': 0,
                    'reward_negative_scale': 0.5,
                    'reward_only_positive': True,
                    'reward_scale': True,
                    'reward_scale_rate': 20,
                    'reward_sparse': False,
                    'reward_win': 200,
                    'seed': 1,
                    'state_last_action': True,
                    'state_timestep_number': False,
                    'step_mul': 8},
    'epsilon_anneal_time': 50000,
    'epsilon_finish': 0.05,
    'epsilon_start': 1.0,
    'evaluate': False,
    'evaluation_epsilon': 0.0,
    'gamma': 0.99,
    'grad_norm_clip': 10,
    'hypernet_embed': 64,
    'hypernet_layers': 2,
    'label': 'default_label',
    'learner': 's2q_learner',
    'learner_log_interval': 10000,
    'load_step': 0,
    'local_results_path': 'results',
    'log_interval': 10000,
    'lr': 0.0005,
    'mac': 's2q_mac',
    'mixer': 'qmix',
    'mixing_embed_dim': 32,
    'name': 's2q_bane_vs_bane_seed1',
    'obs_agent_id': True,
    'obs_last_action': True,
    'optim_alpha': 0.99,
    'optim_eps': 1e-05,
    'optimizer': 'rmsprop',
    'repeat_id': 1,
    'rnn_hidden_dim': 64,
    'runner': 'episode',
    'runner_log_interval': 10000,
    's2q_central_hidden_dim': 64,
    's2q_central_use_agent_id': True,
    's2q_encoder_hidden_dim': 64,
    's2q_hidden_dim': 64,
    's2q_k': 2,
    's2q_latent_dim': 32,
    's2q_temperature': 0.1,
    'save_model': True,
    'save_model_interval': 2000000,
    'save_replay': False,
    'seed': 1,
    't_max': 2050000,
    'target_update_interval': 200,
    'test_greedy': True,
    'test_interval': 10000,
    'test_nepisode': 32,
    'use_cuda': True,
    'use_tensorboard': True,
    'w_c': 0.9}

[INFO 09:59:15] my_main Beginning training for 2050000 timesteps
[INFO 09:59:15] absl Launching SC2: /labmount/users/202535331/MARL/pymarl-monotone-qmix/3rdparty/StarCraftII/Versions/Base75689/SC2_x64 -listen 127.0.0.1 -port 43107 -dataDir /labmount/users/202535331/MARL/pymarl-monotone-qmix/3rdparty/StarCraftII/ -tempDir /tmp/sc-wi_ttx2f/
[INFO 09:59:15] absl Connecting to: ws://127.0.0.1:43107/sc2api, attempt: 0, running: True
Version: B75689 (SC2.4.10)
Build: Aug 12 2019 17:16:57
Command Line: '"/labmount/users/202535331/MARL/pymarl-monotone-qmix/3rdparty/StarCraftII/Versions/Base75689/SC2_x64" -listen 127.0.0.1 -port 43107 -dataDir /labmount/users/202535331/MARL/pymarl-monotone-qmix/3rdparty/StarCraftII/ -tempDir /tmp/sc-wi_ttx2f/'
Starting up...
Startup Phase 1 complete
[INFO 09:59:16] absl Connecting to: ws://127.0.0.1:43107/sc2api, attempt: 1, running: True
Startup Phase 2 complete
Creating stub renderer...
Listening on: 127.0.0.1:43107
Startup Phase 3 complete. Ready for commands.
[INFO 09:59:17] absl Connecting to: ws://127.0.0.1:43107/sc2api, attempt: 2, running: True
ConnectHandler: Request from 127.0.0.1:43770 accepted
ReadyHandler: 127.0.0.1:43770 ready
Requesting to join a single player game
Configuring interface options
Configure: raw interface enabled
Configure: feature layer interface disabled
Configure: score interface disabled
Configure: render interface disabled
Launching next game.
Next launch phase started: 2
Next launch phase started: 3
Next launch phase started: 4
Next launch phase started: 5
Next launch phase started: 6
Next launch phase started: 7
Next launch phase started: 8
Game has started.
Using default stable ids, none found at: /labmount/users/202535331/MARL/pymarl-monotone-qmix/3rdparty/StarCraftII/stableid.json
Successfully loaded stable ids: GameData\stableid.json
Sending ResponseJoinGame
[INFO 09:59:20] my_main t_env: 24 / 2050000
[INFO 09:59:20] my_main Estimated time left: 19 minutes, 36 seconds. Time passed: 5 seconds
[INFO 09:59:39] my_main Saving models to results/models/s2q_bane_vs_bane_seed1__2026-10-01_09-59-05/24
[INFO 10:02:59] my_main Recent Stats | t_env:      10014 | Episode:      376
battle_won_mean:           0.0000	dead_allies_mean:         24.0000	dead_enemies_mean:        24.0000	ep_length_mean:           24.0000
epsilon:                   1.0000	grad_norm:                16.2582	loss:                     19.6847	loss_central:              4.8719
loss_latent:               0.2734	loss_td:                  14.5393	q_taken_mean:             -0.1280	return_mean:              16.8471
return_std:                0.0000	target_mean:               0.6679	td_error_abs:              0.8568	test_battle_won_mean:      0.1250
test_dead_allies_mean:    21.9062	test_dead_enemies_mean:   21.3125	test_ep_length_mean:      93.7812	test_return_mean:         15.4047
test_return_std:           2.3434	
[INFO 10:02:59] my_main t_env: 10035 / 2050000
[INFO 10:02:59] my_main Estimated time left: 12 hours, 22 minutes, 53 seconds. Time passed: 3 minutes, 44 seconds
[INFO 10:06:59] my_main Recent Stats | t_env:      20022 | Episode:      799
battle_won_mean:           0.3843	dead_allies_mean:         23.0027	dead_enemies_mean:        23.8830	ep_length_mean:           25.3125
epsilon:                   0.8097	grad_norm:                75.2092	loss:                     31.7510	loss_central:              6.8013
loss_latent:               3.5862	loss_td:                  21.3635	q_taken_mean:              2.7179	return_mean:              18.0196
return_std:                0.8167	target_mean:               2.7954	td_error_abs:              1.5233	test_battle_won_mean:      0.2344
test_dead_allies_mean:    22.6250	test_dead_enemies_mean:   21.6562	test_ep_length_mean:      57.7188	test_return_mean:         15.9778
test_return_std:           2.7240	
[INFO 10:06:59] my_main t_env: 20036 / 2050000
[INFO 10:06:59] my_main Estimated time left: 13 hours, 32 minutes, 45 seconds. Time passed: 7 minutes, 44 seconds
[INFO 10:11:48] my_main t_env: 30155 / 2050000
[INFO 10:11:48] my_main Estimated time left: 16 hours, 1 minutes, 0 seconds. Time passed: 12 minutes, 33 seconds
[INFO 10:11:54] my_main Recent Stats | t_env:      30155 | Episode:     1375
battle_won_mean:           0.5133	dead_allies_mean:         22.7605	dead_enemies_mean:        23.7266	ep_length_mean:           22.9666
epsilon:                   0.4309	grad_norm:                60.0509	loss:                     25.2730	loss_central:              4.8751
loss_latent:               4.9890	loss_td:                  15.4088	q_taken_mean:              2.6051	return_mean:              18.3268
return_std:                1.3835	target_mean:               2.7294	td_error_abs:              1.1908	test_battle_won_mean:      0.3672
test_dead_allies_mean:    22.6328	test_dead_enemies_mean:   21.9922	test_ep_length_mean:      38.4609	test_return_mean:         16.6441
test_return_std:           2.8925	
[INFO 10:16:18] my_main t_env: 40166 / 2050000
[INFO 10:16:18] my_main Estimated time left: 15 hours, 4 minutes, 4 seconds. Time passed: 17 minutes, 3 seconds
[INFO 10:16:23] my_main Recent Stats | t_env:      40166 | Episode:     1942
battle_won_mean:           0.5112	dead_allies_mean:         22.7315	dead_enemies_mean:        23.6045	ep_length_mean:           21.9045
epsilon:                   0.2371	grad_norm:                59.5121	loss:                     21.5443	loss_central:              3.9147
loss_latent:               5.2328	loss_td:                  12.3968	q_taken_mean:              4.1296	return_mean:              18.2377
return_std:                1.5878	target_mean:               4.1201	td_error_abs:              1.0831	test_battle_won_mean:      0.4188
test_dead_allies_mean:    22.4125	test_dead_enemies_mean:   22.2125	test_ep_length_mean:      33.8563	test_return_mean:         16.9607
test_return_std:           2.8031	
[INFO 10:20:09] my_main t_env: 50281 / 2050000
[INFO 10:20:09] my_main Estimated time left: 12 hours, 38 minutes, 54 seconds. Time passed: 20 minutes, 54 seconds
[INFO 10:20:15] my_main Recent Stats | t_env:      50281 | Episode:     2433
battle_won_mean:           0.6159	dead_allies_mean:         22.3495	dead_enemies_mean:        23.3923	ep_length_mean:           21.2246
epsilon:                   0.0500	grad_norm:                58.8203	loss:                     19.0083	loss_central:              3.1980
loss_latent:               5.5570	loss_td:                  10.2533	q_taken_mean:              5.0129	return_mean:              18.4344
return_std:                2.0891	target_mean:               5.0407	td_error_abs:              0.9530	test_battle_won_mean:      0.5813
test_dead_allies_mean:    20.9500	test_dead_enemies_mean:   22.7437	test_ep_length_mean:      19.1375	test_return_mean:         17.8390
test_return_std:           2.4980	
RequestQuit command received.
DataHandler: unable to parse websocket frame.
Closing Application...
CloseHandler: 127.0.0.1:43770 disconnected
ResponseThread: No connection, dropping the response.
[INFO 10:22:22] absl Shutdown gracefully.
[INFO 10:22:22] absl Shutdown with return code: -15
[INFO 10:22:22] absl Launching SC2: /labmount/users/202535331/MARL/pymarl-monotone-qmix/3rdparty/StarCraftII/Versions/Base75689/SC2_x64 -listen 127.0.0.1 -port 35119 -dataDir /labmount/users/202535331/MARL/pymarl-monotone-qmix/3rdparty/StarCraftII/ -tempDir /tmp/sc-qjcbndeb/
[INFO 10:22:22] absl Connecting to: ws://127.0.0.1:35119/sc2api, attempt: 0, running: True
Version: B75689 (SC2.4.10)
Build: Aug 12 2019 17:16:57
Command Line: '"/labmount/users/202535331/MARL/pymarl-monotone-qmix/3rdparty/StarCraftII/Versions/Base75689/SC2_x64" -listen 127.0.0.1 -port 35119 -dataDir /labmount/users/202535331/MARL/pymarl-monotone-qmix/3rdparty/StarCraftII/ -tempDir /tmp/sc-qjcbndeb/'
Starting up...
Startup Phase 1 complete
[INFO 10:22:23] absl Connecting to: ws://127.0.0.1:35119/sc2api, attempt: 1, running: True
Startup Phase 2 complete
Creating stub renderer...
Listening on: 127.0.0.1:35119
Startup Phase 3 complete. Ready for commands.
[INFO 10:22:24] absl Connecting to: ws://127.0.0.1:35119/sc2api, attempt: 2, running: True
ConnectHandler: Request from 127.0.0.1:35086 accepted
ReadyHandler: 127.0.0.1:35086 ready
Requesting to join a single player game
Configuring interface options
Configure: raw interface enabled
Configure: feature layer interface disabled
Configure: score interface disabled
Configure: render interface disabled
Launching next game.
Next launch phase started: 2
Next launch phase started: 3
Next launch phase started: 4
Next launch phase started: 5
Next launch phase started: 6
Next launch phase started: 7
Next launch phase started: 8
Game has started.
Using default stable ids, none found at: /labmount/users/202535331/MARL/pymarl-monotone-qmix/3rdparty/StarCraftII/stableid.json
Successfully loaded stable ids: GameData\stableid.json
Sending ResponseJoinGame
[INFO 10:22:51] my_main t_env: 60304 / 2050000
[INFO 10:22:51] my_main Estimated time left: 8 hours, 56 minutes, 34 seconds. Time passed: 23 minutes, 36 seconds
[INFO 10:23:01] my_main Recent Stats | t_env:      60304 | Episode:     2708
battle_won_mean:           0.5734	dead_allies_mean:         21.9200	dead_enemies_mean:        23.1409	ep_length_mean:           23.1891
epsilon:                   0.0500	grad_norm:                63.2870	loss:                     16.2150	loss_central:              2.2511
loss_latent:               6.4519	loss_td:                   7.5120	q_taken_mean:              6.5166	return_mean:              18.1322
return_std:                2.3624	target_mean:               6.4278	td_error_abs:              0.8481	test_battle_won_mean:      0.6438
test_dead_allies_mean:    20.2125	test_dead_enemies_mean:   22.8875	test_ep_length_mean:      24.1938	test_return_mean:         18.1473
test_return_std:           2.4624	
[INFO 10:26:23] my_main t_env: 70380 / 2050000
[INFO 10:26:23] my_main Estimated time left: 11 hours, 35 minutes, 38 seconds. Time passed: 27 minutes, 8 seconds
[INFO 10:26:30] my_main Recent Stats | t_env:      70380 | Episode:     3043
battle_won_mean:           0.5691	dead_allies_mean:         21.4890	dead_enemies_mean:        23.0449	ep_length_mean:           24.4760
epsilon:                   0.0500	grad_norm:                45.9081	loss:                      8.7200	loss_central:              0.5372
loss_latent:               6.0354	loss_td:                   2.1473	q_taken_mean:              7.2847	return_mean:              18.0581
return_std:                2.4680	target_mean:               7.3920	td_error_abs:              0.4972	test_battle_won_mean:      0.7063
test_dead_allies_mean:    19.2312	test_dead_enemies_mean:   23.2063	test_ep_length_mean:      26.6125	test_return_mean:         18.5789
test_return_std:           2.0925	
[INFO 10:30:09] my_main t_env: 80494 / 2050000
[INFO 10:30:09] my_main Estimated time left: 12 hours, 13 minutes, 23 seconds. Time passed: 30 minutes, 54 seconds
[INFO 10:30:25] my_main Recent Stats | t_env:      80494 | Episode:     3395
battle_won_mean:           0.6123	dead_allies_mean:         20.7390	dead_enemies_mean:        23.0721	ep_length_mean:           26.7029
epsilon:                   0.0500	grad_norm:                48.6344	loss:                      7.3992	loss_central:              0.3628
loss_latent:               5.1897	loss_td:                   1.8467	q_taken_mean:              8.6884	return_mean:              18.2173
return_std:                2.4320	target_mean:               8.8320	td_error_abs:              0.4877	test_battle_won_mean:      0.6813
test_dead_allies_mean:    18.5625	test_dead_enemies_mean:   22.9375	test_ep_length_mean:      36.6875	test_return_mean:         18.3424
test_return_std:           2.1835	
[INFO 10:33:15] my_main t_env: 90497 / 2050000
[INFO 10:33:15] my_main Estimated time left: 10 hours, 6 minutes, 35 seconds. Time passed: 34 minutes, 0 seconds
[INFO 10:33:24] my_main Recent Stats | t_env:      90497 | Episode:     3629
battle_won_mean:           0.6417	dead_allies_mean:         20.4543	dead_enemies_mean:        23.0821	ep_length_mean:           31.7213
epsilon:                   0.0500	grad_norm:                42.2688	loss:                      6.6353	loss_central:              0.2044
loss_latent:               4.8906	loss_td:                   1.5403	q_taken_mean:              8.7763	return_mean:              18.3311
return_std:                2.4592	target_mean:               9.0371	td_error_abs:              0.4184	test_battle_won_mean:      0.6500
test_dead_allies_mean:    18.8062	test_dead_enemies_mean:   22.9438	test_ep_length_mean:      40.3750	test_return_mean:         18.2733
test_return_std:           2.1350	
[INFO 10:36:06] my_main t_env: 100522 / 2050000
[INFO 10:36:06] my_main Estimated time left: 9 hours, 14 minutes, 53 seconds. Time passed: 36 minutes, 51 seconds
[INFO 10:36:19] my_main Recent Stats | t_env:     100522 | Episode:     3852
battle_won_mean:           0.6482	dead_allies_mean:         20.3162	dead_enemies_mean:        23.0558	ep_length_mean:           36.5922
epsilon:                   0.0500	grad_norm:                37.6184	loss:                      5.9147	loss_central:              0.1715
loss_latent:               4.3229	loss_td:                   1.4202	q_taken_mean:              8.8366	return_mean:              18.3512
return_std:                2.5017	target_mean:               9.0104	td_error_abs:              0.4010	test_battle_won_mean:      0.6188
test_dead_allies_mean:    18.4563	test_dead_enemies_mean:   22.8687	test_ep_length_mean:      47.6500	test_return_mean:         18.1439
test_return_std:           2.3209	
[INFO 10:39:08] my_main t_env: 110531 / 2050000
[INFO 10:39:08] my_main Estimated time left: 9 hours, 44 minutes, 57 seconds. Time passed: 39 minutes, 52 seconds
[INFO 10:39:14] my_main Recent Stats | t_env:     110531 | Episode:     4107
battle_won_mean:           0.6836	dead_allies_mean:         19.8677	dead_enemies_mean:        23.1744	ep_length_mean:           37.1529
epsilon:                   0.0500	grad_norm:                34.8453	loss:                      5.7711	loss_central:              0.1665
loss_latent:               4.1483	loss_td:                   1.4562	q_taken_mean:              9.0559	return_mean:              18.5451
return_std:                2.4123	target_mean:               9.2190	td_error_abs:              0.3976	test_battle_won_mean:      0.6813
test_dead_allies_mean:    17.1750	test_dead_enemies_mean:   23.0875	test_ep_length_mean:      42.8438	test_return_mean:         18.4966
test_return_std:           1.9003	
RequestQuit command received.
DataHandler: unable to parse websocket frame.
Closing Application...
CloseHandler: 127.0.0.1:35086 disconnected
ResponseThread: No connection, dropping the response.
[INFO 10:40:52] absl Shutdown gracefully.
[INFO 10:40:52] absl Shutdown with return code: -15
[INFO 10:40:52] absl Launching SC2: /labmount/users/202535331/MARL/pymarl-monotone-qmix/3rdparty/StarCraftII/Versions/Base75689/SC2_x64 -listen 127.0.0.1 -port 36197 -dataDir /labmount/users/202535331/MARL/pymarl-monotone-qmix/3rdparty/StarCraftII/ -tempDir /tmp/sc-zgy24jq8/
[INFO 10:40:52] absl Connecting to: ws://127.0.0.1:36197/sc2api, attempt: 0, running: True
Version: B75689 (SC2.4.10)
Build: Aug 12 2019 17:16:57
Command Line: '"/labmount/users/202535331/MARL/pymarl-monotone-qmix/3rdparty/StarCraftII/Versions/Base75689/SC2_x64" -listen 127.0.0.1 -port 36197 -dataDir /labmount/users/202535331/MARL/pymarl-monotone-qmix/3rdparty/StarCraftII/ -tempDir /tmp/sc-zgy24jq8/'
Starting up...
Startup Phase 1 complete
[INFO 10:40:53] absl Connecting to: ws://127.0.0.1:36197/sc2api, attempt: 1, running: True
Startup Phase 2 complete
Creating stub renderer...
Listening on: 127.0.0.1:36197
Startup Phase 3 complete. Ready for commands.
[INFO 10:40:54] absl Connecting to: ws://127.0.0.1:36197/sc2api, attempt: 2, running: True
ConnectHandler: Request from 127.0.0.1:47810 accepted
ReadyHandler: 127.0.0.1:47810 ready
Requesting to join a single player game
Configuring interface options
Configure: raw interface enabled
Configure: feature layer interface disabled
Configure: score interface disabled
Configure: render interface disabled
Launching next game.
Next launch phase started: 2
Next launch phase started: 3
Next launch phase started: 4
Next launch phase started: 5
Next launch phase started: 6
Next launch phase started: 7
Next launch phase started: 8
Game has started.
Using default stable ids, none found at: /labmount/users/202535331/MARL/pymarl-monotone-qmix/3rdparty/StarCraftII/stableid.json
Successfully loaded stable ids: GameData\stableid.json
Sending ResponseJoinGame
[INFO 10:43:03] my_main t_env: 120566 / 2050000
[INFO 10:43:03] my_main Estimated time left: 12 hours, 34 minutes, 23 seconds. Time passed: 43 minutes, 48 seconds
[INFO 10:43:12] my_main Recent Stats | t_env:     120566 | Episode:     4480
battle_won_mean:           0.7303	dead_allies_mean:         18.5516	dead_enemies_mean:        23.2567	ep_length_mean:           36.5181
epsilon:                   0.0500	grad_norm:                31.0390	loss:                      5.4175	loss_central:              0.1614
loss_latent:               3.8737	loss_td:                   1.3824	q_taken_mean:              8.9078	return_mean:              18.7524
return_std:                2.2683	target_mean:               8.9941	td_error_abs:              0.3590	test_battle_won_mean:      0.6875
test_dead_allies_mean:    16.2812	test_dead_enemies_mean:   23.1187	test_ep_length_mean:      45.0562	test_return_mean:         18.5378
test_return_std:           1.8228	
[INFO 10:47:42] my_main t_env: 130576 / 2050000
[INFO 10:47:42] my_main Estimated time left: 14 hours, 52 minutes, 7 seconds. Time passed: 48 minutes, 27 seconds
[INFO 10:47:49] my_main Recent Stats | t_env:     130576 | Episode:     4900
battle_won_mean:           0.7606	dead_allies_mean:         17.2636	dead_enemies_mean:        23.2990	ep_length_mean:           35.5382
epsilon:                   0.0500	grad_norm:                26.5040	loss:                      5.3395	loss_central:              0.1651
loss_latent:               4.0054	loss_td:                   1.1690	q_taken_mean:              8.9578	return_mean:              18.8746
return_std:                2.1467	target_mean:               8.9731	td_error_abs:              0.3265	test_battle_won_mean:      0.8000
test_dead_allies_mean:    14.6875	test_dead_enemies_mean:   23.6187	test_ep_length_mean:      36.3875	test_return_mean:         19.2017
test_return_std:           1.4911	
[INFO 10:53:29] my_main t_env: 140594 / 2050000
[INFO 10:53:29] my_main Estimated time left: 18 hours, 20 minutes, 45 seconds. Time passed: 54 minutes, 13 seconds
[INFO 10:53:33] my_main Recent Stats | t_env:     140594 | Episode:     5484
battle_won_mean:           0.8283	dead_allies_mean:         14.6437	dead_enemies_mean:        23.4536	ep_length_mean:           30.4194
epsilon:                   0.0500	grad_norm:                27.8411	loss:                      5.1650	loss_central:              0.1623
loss_latent:               3.9959	loss_td:                   1.0069	q_taken_mean:              9.3042	return_mean:              19.1741
return_std:                1.7728	target_mean:               9.2500	td_error_abs:              0.3098	test_battle_won_mean:      0.9062
test_dead_allies_mean:    11.1438	test_dead_enemies_mean:   23.7937	test_ep_length_mean:      31.7625	test_return_mean:         19.6261
test_return_std:           1.0524	
[INFO 10:59:28] my_main t_env: 150602 / 2050000
[INFO 10:59:28] my_main Estimated time left: 18 hours, 56 minutes, 38 seconds. Time passed: 1 hours, 13 seconds
[INFO 10:59:36] my_main Recent Stats | t_env:     150602 | Episode:     6096
battle_won_mean:           0.9135	dead_allies_mean:         11.6926	dead_enemies_mean:        23.6775	ep_length_mean:           24.6990
epsilon:                   0.0500	grad_norm:                25.3775	loss:                      5.0479	loss_central:              0.1492
loss_latent:               3.8433	loss_td:                   1.0554	q_taken_mean:              9.2733	return_mean:              19.5714
return_std:                1.3789	target_mean:               9.2298	td_error_abs:              0.3163	test_battle_won_mean:      0.9375
test_dead_allies_mean:     9.6687	test_dead_enemies_mean:   23.8562	test_ep_length_mean:      26.4062	test_return_mean:         19.7559
test_return_std:           0.8743	
[INFO 11:04:51] my_main t_env: 160652 / 2050000
[INFO 11:04:51] my_main Estimated time left: 16 hours, 51 minutes, 3 seconds. Time passed: 1 hours, 5 minutes, 35 seconds
[INFO 11:04:56] my_main Recent Stats | t_env:     160652 | Episode:     6623
battle_won_mean:           0.9631	dead_allies_mean:          9.5672	dead_enemies_mean:        23.8469	ep_length_mean:           20.6628
epsilon:                   0.0500	grad_norm:                23.8021	loss:                      4.6896	loss_central:              0.1504
loss_latent:               3.5711	loss_td:                   0.9681	q_taken_mean:              9.3933	return_mean:              19.8278
return_std:                0.9944	target_mean:               9.3653	td_error_abs:              0.3167	test_battle_won_mean:      0.9437
test_dead_allies_mean:     7.9500	test_dead_enemies_mean:   23.8938	test_ep_length_mean:      24.9438	test_return_mean:         19.7865
test_return_std:           0.7146	
[INFO 11:11:05] my_main t_env: 170660 / 2050000
[INFO 11:11:05] my_main Estimated time left: 19 hours, 30 minutes, 20 seconds. Time passed: 1 hours, 11 minutes, 49 seconds
[INFO 11:11:09] my_main Recent Stats | t_env:     170660 | Episode:     7261
battle_won_mean:           0.9796	dead_allies_mean:          8.0433	dead_enemies_mean:        23.9131	ep_length_mean:           18.4194
epsilon:                   0.0500	grad_norm:                21.7653	loss:                      4.9968	loss_central:              0.1453
loss_latent:               3.3436	loss_td:                   1.5080	q_taken_mean:              9.7949	return_mean:              19.9074
return_std:                0.7320	target_mean:               9.7592	td_error_abs:              0.3100	test_battle_won_mean:      0.9688
test_dead_allies_mean:     6.2875	test_dead_enemies_mean:   23.9312	test_ep_length_mean:      19.3188	test_return_mean:         19.8745
test_return_std:           0.4837	
RequestQuit command received.
DataHandler: unable to parse websocket frame.
Closing Application...
CloseHandler: 127.0.0.1:47810 disconnected
[INFO 11:14:23] absl Shutdown gracefully.
[INFO 11:14:23] absl Shutdown with return code: -15
[INFO 11:14:23] absl Launching SC2: /labmount/users/202535331/MARL/pymarl-monotone-qmix/3rdparty/StarCraftII/Versions/Base75689/SC2_x64 -listen 127.0.0.1 -port 34197 -dataDir /labmount/users/202535331/MARL/pymarl-monotone-qmix/3rdparty/StarCraftII/ -tempDir /tmp/sc-x7wcbsjq/
[INFO 11:14:23] absl Connecting to: ws://127.0.0.1:34197/sc2api, attempt: 0, running: True
Version: B75689 (SC2.4.10)
Build: Aug 12 2019 17:16:57
Command Line: '"/labmount/users/202535331/MARL/pymarl-monotone-qmix/3rdparty/StarCraftII/Versions/Base75689/SC2_x64" -listen 127.0.0.1 -port 34197 -dataDir /labmount/users/202535331/MARL/pymarl-monotone-qmix/3rdparty/StarCraftII/ -tempDir /tmp/sc-x7wcbsjq/'
Starting up...
Startup Phase 1 complete
[INFO 11:14:24] absl Connecting to: ws://127.0.0.1:34197/sc2api, attempt: 1, running: True
Startup Phase 2 complete
Creating stub renderer...
Listening on: 127.0.0.1:34197
Startup Phase 3 complete. Ready for commands.
[INFO 11:14:25] absl Connecting to: ws://127.0.0.1:34197/sc2api, attempt: 2, running: True
ConnectHandler: Request from 127.0.0.1:53364 accepted
ReadyHandler: 127.0.0.1:53364 ready
Requesting to join a single player game
Configuring interface options
Configure: raw interface enabled
Configure: feature layer interface disabled
Configure: score interface disabled
Configure: render interface disabled
Launching next game.
Next launch phase started: 2
Next launch phase started: 3
Next launch phase started: 4
Next launch phase started: 5
Next launch phase started: 6
Next launch phase started: 7
Next launch phase started: 8
Game has started.
Using default stable ids, none found at: /labmount/users/202535331/MARL/pymarl-monotone-qmix/3rdparty/StarCraftII/stableid.json
Successfully loaded stable ids: GameData\stableid.json
Sending ResponseJoinGame
[INFO 11:17:54] my_main t_env: 180705 / 2050000
[INFO 11:17:54] my_main Estimated time left: 21 hours, 10 minutes, 27 seconds. Time passed: 1 hours, 18 minutes, 39 seconds
[INFO 11:17:58] my_main Recent Stats | t_env:     180705 | Episode:     7994
battle_won_mean:           0.9882	dead_allies_mean:          6.9144	dead_enemies_mean:        23.9508	ep_length_mean:           16.3935
epsilon:                   0.0500	grad_norm:                21.7668	loss:                      5.3350	loss_central:              0.1250
loss_latent:               2.8836	loss_td:                   2.3264	q_taken_mean:              9.3812	return_mean:              19.9513
return_std:                0.6274	target_mean:               9.3691	td_error_abs:              0.2998	test_battle_won_mean:      0.9875
test_dead_allies_mean:     5.0438	test_dead_enemies_mean:   23.9812	test_ep_length_mean:      16.3125	test_return_mean:         19.9654
test_return_std:           0.1867	
[INFO 11:24:20] my_main t_env: 190705 / 2050000
[INFO 11:24:20] my_main Estimated time left: 19 hours, 56 minutes, 55 seconds. Time passed: 1 hours, 25 minutes, 5 seconds
[INFO 11:24:24] my_main Recent Stats | t_env:     190705 | Episode:     8737
battle_won_mean:           0.9885	dead_allies_mean:          6.6852	dead_enemies_mean:        23.9553	ep_length_mean:           15.6545
epsilon:                   0.0500	grad_norm:                18.1035	loss:                      5.4660	loss_central:              0.1010
loss_latent:               2.5541	loss_td:                   2.8109	q_taken_mean:              8.9929	return_mean:              19.9527
return_std:                0.5975	target_mean:               9.0053	td_error_abs:              0.2747	test_battle_won_mean:      0.9875
test_dead_allies_mean:     5.2000	test_dead_enemies_mean:   23.9812	test_ep_length_mean:      16.3813	test_return_mean:         19.9658
test_return_std:           0.1872	
[INFO 11:30:47] my_main t_env: 200707 / 2050000
[INFO 11:30:47] my_main Estimated time left: 19 hours, 52 minutes, 23 seconds. Time passed: 1 hours, 31 minutes, 32 seconds
[INFO 11:30:51] my_main Recent Stats | t_env:     200707 | Episode:     9599
battle_won_mean:           0.9909	dead_allies_mean:          6.6882	dead_enemies_mean:        23.9653	ep_length_mean:           14.7046
epsilon:                   0.0500	grad_norm:                17.4505	loss:                      5.8941	loss_central:              0.0919
loss_latent:               2.2010	loss_td:                   3.6012	q_taken_mean:              9.3382	return_mean:              19.9640
return_std:                0.5344	target_mean:               9.3397	td_error_abs:              0.2579	test_battle_won_mean:      1.0000
test_dead_allies_mean:     5.3125	test_dead_enemies_mean:   24.0000	test_ep_length_mean:      12.3000	test_return_mean:         20.0066
test_return_std:           0.0170	
[INFO 11:36:37] my_main t_env: 210712 / 2050000
[INFO 11:36:37] my_main Estimated time left: 17 hours, 50 minutes, 9 seconds. Time passed: 1 hours, 37 minutes, 22 seconds
[INFO 11:36:40] my_main Recent Stats | t_env:     210712 | Episode:    10428
battle_won_mean:           0.9930	dead_allies_mean:          6.8480	dead_enemies_mean:        23.9693	ep_length_mean:           13.3043
epsilon:                   0.0500	grad_norm:                15.2657	loss:                      8.0953	loss_central:              0.0777
loss_latent:               1.7953	loss_td:                   6.2223	q_taken_mean:              9.9340	return_mean:              19.9695
return_std:                0.5137	target_mean:               9.8903	td_error_abs:              0.2242	test_battle_won_mean:      1.0000
test_dead_allies_mean:     5.4625	test_dead_enemies_mean:   24.0000	test_ep_length_mean:      11.0875	test_return_mean:         20.0055
test_return_std:           0.0133	
[INFO 11:42:16] my_main t_env: 220722 / 2050000
[INFO 11:42:16] my_main Estimated time left: 17 hours, 12 minutes, 50 seconds. Time passed: 1 hours, 43 minutes, 1 seconds
[INFO 11:42:20] my_main Recent Stats | t_env:     220722 | Episode:    11271
battle_won_mean:           0.9932	dead_allies_mean:          7.1033	dead_enemies_mean:        23.9681	ep_length_mean:           12.5418
epsilon:                   0.0500	grad_norm:                15.2392	loss:                      9.8249	loss_central:              0.0688
loss_latent:               1.4832	loss_td:                   8.2729	q_taken_mean:             10.0397	return_mean:              19.9670
return_std:                0.5304	target_mean:              10.0812	td_error_abs:              0.2713	test_battle_won_mean:      1.0000
test_dead_allies_mean:     5.9375	test_dead_enemies_mean:   24.0000	test_ep_length_mean:      11.1250	test_return_mean:         20.0048
test_return_std:           0.0112	
[INFO 11:47:18] my_main t_env: 230724 / 2050000
[INFO 11:47:18] my_main Estimated time left: 15 hours, 17 minutes, 26 seconds. Time passed: 1 hours, 48 minutes, 3 seconds
[INFO 11:47:22] my_main Recent Stats | t_env:     230724 | Episode:    12040
battle_won_mean:           0.9911	dead_allies_mean:          7.3903	dead_enemies_mean:        23.9634	ep_length_mean:           12.4023
epsilon:                   0.0500	grad_norm:                14.0453	loss:                     11.0906	loss_central:              0.0612
loss_latent:               1.2118	loss_td:                   9.8176	q_taken_mean:             11.0242	return_mean:              19.9584
return_std:                0.5116	target_mean:              11.0151	td_error_abs:              0.2517	test_battle_won_mean:      1.0000
test_dead_allies_mean:     6.4750	test_dead_enemies_mean:   24.0000	test_ep_length_mean:      10.5000	test_return_mean:         20.0035
test_return_std:           0.0085	
RequestQuit command received.
Closing Application...
DataHandler: unable to parse websocket frame.
CloseHandler: 127.0.0.1:53364 disconnected
[INFO 11:50:49] absl Shutdown gracefully.
[INFO 11:50:49] absl Shutdown with return code: -15
[INFO 11:50:49] absl Launching SC2: /labmount/users/202535331/MARL/pymarl-monotone-qmix/3rdparty/StarCraftII/Versions/Base75689/SC2_x64 -listen 127.0.0.1 -port 45719 -dataDir /labmount/users/202535331/MARL/pymarl-monotone-qmix/3rdparty/StarCraftII/ -tempDir /tmp/sc-n4bdjbo4/
[INFO 11:50:49] absl Connecting to: ws://127.0.0.1:45719/sc2api, attempt: 0, running: True
Version: B75689 (SC2.4.10)
Build: Aug 12 2019 17:16:57
Command Line: '"/labmount/users/202535331/MARL/pymarl-monotone-qmix/3rdparty/StarCraftII/Versions/Base75689/SC2_x64" -listen 127.0.0.1 -port 45719 -dataDir /labmount/users/202535331/MARL/pymarl-monotone-qmix/3rdparty/StarCraftII/ -tempDir /tmp/sc-n4bdjbo4/'
Starting up...
Startup Phase 1 complete
[INFO 11:50:50] absl Connecting to: ws://127.0.0.1:45719/sc2api, attempt: 1, running: True
Startup Phase 2 complete
Creating stub renderer...
Listening on: 127.0.0.1:45719
Startup Phase 3 complete. Ready for commands.
[INFO 11:50:51] absl Connecting to: ws://127.0.0.1:45719/sc2api, attempt: 2, running: True
ConnectHandler: Request from 127.0.0.1:41222 accepted
ReadyHandler: 127.0.0.1:41222 ready
Requesting to join a single player game
Configuring interface options
Configure: raw interface enabled
Configure: feature layer interface disabled
Configure: score interface disabled
Configure: render interface disabled
Launching next game.
Next launch phase started: 2
Next launch phase started: 3
Next launch phase started: 4
Next launch phase started: 5
Next launch phase started: 6
Next launch phase started: 7
Next launch phase started: 8
Game has started.
Using default stable ids, none found at: /labmount/users/202535331/MARL/pymarl-monotone-qmix/3rdparty/StarCraftII/stableid.json
Successfully loaded stable ids: GameData\stableid.json
Sending ResponseJoinGame
[INFO 11:52:15] my_main t_env: 240732 / 2050000
[INFO 11:52:15] my_main Estimated time left: 14 hours, 54 minutes, 14 seconds. Time passed: 1 hours, 53 minutes, 0 seconds
[INFO 11:52:19] my_main Recent Stats | t_env:     240732 | Episode:    12786
battle_won_mean:           0.9912	dead_allies_mean:          7.4968	dead_enemies_mean:        23.9575	ep_length_mean:           12.3937
epsilon:                   0.0500	grad_norm:                13.5914	loss:                     14.1623	loss_central:              0.0463
loss_latent:               0.7501	loss_td:                  13.3659	q_taken_mean:             11.7375	return_mean:              19.9595
return_std:                0.5071	target_mean:              11.7496	td_error_abs:              0.2324	test_battle_won_mean:      1.0000
test_dead_allies_mean:     6.8125	test_dead_enemies_mean:   24.0000	test_ep_length_mean:      10.7812	test_return_mean:         20.0055
test_return_std:           0.0101	
[INFO 11:56:50] my_main t_env: 250739 / 2050000
[INFO 11:56:50] my_main Estimated time left: 13 hours, 41 minutes, 56 seconds. Time passed: 1 hours, 57 minutes, 34 seconds
[INFO 11:56:53] my_main Recent Stats | t_env:     250739 | Episode:    13463
battle_won_mean:           0.9911	dead_allies_mean:          7.8755	dead_enemies_mean:        23.9589	ep_length_mean:           13.0293
epsilon:                   0.0500	grad_norm:                15.8477	loss:                     18.0584	loss_central:              0.0411
loss_latent:               0.5019	loss_td:                  17.5153	q_taken_mean:             12.2117	return_mean:              19.9626
return_std:                0.4875	target_mean:              12.2629	td_error_abs:              0.1936	test_battle_won_mean:      1.0000
test_dead_allies_mean:     7.2000	test_dead_enemies_mean:   24.0000	test_ep_length_mean:      11.1813	test_return_mean:         20.0062
test_return_std:           0.0111	
[INFO 12:01:03] my_main t_env: 260761 / 2050000
[INFO 12:01:03] my_main Estimated time left: 12 hours, 34 minutes, 29 seconds. Time passed: 2 hours, 1 minutes, 48 seconds
[INFO 12:01:08] my_main Recent Stats | t_env:     260761 | Episode:    14068
battle_won_mean:           0.9902	dead_allies_mean:          8.1903	dead_enemies_mean:        23.9569	ep_length_mean:           13.9286
epsilon:                   0.0500	grad_norm:                17.6170	loss:                     19.5955	loss_central:              0.0426
loss_latent:               0.4791	loss_td:                  19.0737	q_taken_mean:             12.2903	return_mean:              19.9617
return_std:                0.4966	target_mean:              12.3356	td_error_abs:              0.1816	test_battle_won_mean:      0.9938
test_dead_allies_mean:     7.4625	test_dead_enemies_mean:   23.9937	test_ep_length_mean:      12.8750	test_return_mean:         19.9881
test_return_std:           0.1198	
[INFO 12:05:15] my_main t_env: 270773 / 2050000
[INFO 12:05:15] my_main Estimated time left: 12 hours, 26 minutes, 44 seconds. Time passed: 2 hours, 6 minutes, 0 seconds
[INFO 12:05:20] my_main Recent Stats | t_env:     270773 | Episode:    14627
battle_won_mean:           0.9889	dead_allies_mean:          8.4696	dead_enemies_mean:        23.9553	ep_length_mean:           15.1359
epsilon:                   0.0500	grad_norm:                18.0333	loss:                     19.8449	loss_central:              0.0324
loss_latent:               0.4155	loss_td:                  19.3970	q_taken_mean:             12.7536	return_mean:              19.9611
return_std:                0.5133	target_mean:              12.7376	td_error_abs:              0.1102	test_battle_won_mean:      0.9938
test_dead_allies_mean:     7.3688	test_dead_enemies_mean:   23.9937	test_ep_length_mean:      14.1875	test_return_mean:         19.9918
test_return_std:           0.1293	
[INFO 12:09:35] my_main t_env: 280775 / 2050000
[INFO 12:09:35] my_main Estimated time left: 12 hours, 46 minutes, 42 seconds. Time passed: 2 hours, 10 minutes, 20 seconds
[INFO 12:09:39] my_main Recent Stats | t_env:     280775 | Episode:    15180
battle_won_mean:           0.9890	dead_allies_mean:          8.6372	dead_enemies_mean:        23.9610	ep_length_mean:           16.1519
epsilon:                   0.0500	grad_norm:                20.7012	loss:                     20.3288	loss_central:              0.0285
loss_latent:               0.4105	loss_td:                  19.8898	q_taken_mean:             12.7592	return_mean:              19.9686
return_std:                0.4788	target_mean:              12.7596	td_error_abs:              0.0914	test_battle_won_mean:      0.9938
test_dead_allies_mean:     6.9750	test_dead_enemies_mean:   23.9937	test_ep_length_mean:      14.2875	test_return_mean:         19.9920
test_return_std:           0.1294	
[INFO 12:14:42] my_main t_env: 290781 / 2050000
[INFO 12:14:42] my_main Estimated time left: 14 hours, 57 minutes, 34 seconds. Time passed: 2 hours, 15 minutes, 26 seconds
[INFO 12:14:46] my_main Recent Stats | t_env:     290781 | Episode:    15852
battle_won_mean:           0.9873	dead_allies_mean:          8.7918	dead_enemies_mean:        23.9551	ep_length_mean:           16.4468
epsilon:                   0.0500	grad_norm:                22.4260	loss:                     19.7681	loss_central:              0.0278
loss_latent:               0.4318	loss_td:                  19.3086	q_taken_mean:             12.6459	return_mean:              19.9555
return_std:                0.5612	target_mean:              12.6217	td_error_abs:              0.1009	test_battle_won_mean:      0.9938
test_dead_allies_mean:     6.6312	test_dead_enemies_mean:   23.9937	test_ep_length_mean:      14.5062	test_return_mean:         19.9921
test_return_std:           0.1308	
RequestQuit command received.
Closing Application...
DataHandler: unable to parse websocket frame.
CloseHandler: 127.0.0.1:41222 disconnected
[INFO 12:18:51] absl Shutdown gracefully.
[INFO 12:18:51] absl Shutdown with return code: -15
[INFO 12:18:51] absl Launching SC2: /labmount/users/202535331/MARL/pymarl-monotone-qmix/3rdparty/StarCraftII/Versions/Base75689/SC2_x64 -listen 127.0.0.1 -port 45695 -dataDir /labmount/users/202535331/MARL/pymarl-monotone-qmix/3rdparty/StarCraftII/ -tempDir /tmp/sc-g171f6_7/
[INFO 12:18:52] absl Connecting to: ws://127.0.0.1:45695/sc2api, attempt: 0, running: True
Version: B75689 (SC2.4.10)
Build: Aug 12 2019 17:16:57
Command Line: '"/labmount/users/202535331/MARL/pymarl-monotone-qmix/3rdparty/StarCraftII/Versions/Base75689/SC2_x64" -listen 127.0.0.1 -port 45695 -dataDir /labmount/users/202535331/MARL/pymarl-monotone-qmix/3rdparty/StarCraftII/ -tempDir /tmp/sc-g171f6_7/'
Starting up...
Startup Phase 1 complete
[INFO 12:18:53] absl Connecting to: ws://127.0.0.1:45695/sc2api, attempt: 1, running: True
Startup Phase 2 complete
Creating stub renderer...
Listening on: 127.0.0.1:45695
Startup Phase 3 complete. Ready for commands.
[INFO 12:18:54] absl Connecting to: ws://127.0.0.1:45695/sc2api, attempt: 2, running: True
ConnectHandler: Request from 127.0.0.1:33582 accepted
ReadyHandler: 127.0.0.1:33582 ready
Requesting to join a single player game
Configuring interface options
Configure: raw interface enabled
Configure: feature layer interface disabled
Configure: score interface disabled
Configure: render interface disabled
Launching next game.
Next launch phase started: 2
Next launch phase started: 3
Next launch phase started: 4
Next launch phase started: 5
Next launch phase started: 6
Next launch phase started: 7
Next launch phase started: 8
Game has started.
Using default stable ids, none found at: /labmount/users/202535331/MARL/pymarl-monotone-qmix/3rdparty/StarCraftII/stableid.json
Successfully loaded stable ids: GameData\stableid.json
Sending ResponseJoinGame
[INFO 12:19:33] my_main t_env: 300784 / 2050000
[INFO 12:19:33] my_main Estimated time left: 14 hours, 9 minutes, 8 seconds. Time passed: 2 hours, 20 minutes, 18 seconds
[INFO 12:19:37] my_main Recent Stats | t_env:     300784 | Episode:    16458
battle_won_mean:           0.9858	dead_allies_mean:          8.6137	dead_enemies_mean:        23.9422	ep_length_mean:           16.7918
epsilon:                   0.0500	grad_norm:                18.3732	loss:                     17.1188	loss_central:              0.0249
loss_latent:               0.4766	loss_td:                  16.6174	q_taken_mean:             11.6866	return_mean:              19.9491
return_std:                0.6020	target_mean:              11.6826	td_error_abs:              0.1017	test_battle_won_mean:      0.9875
test_dead_allies_mean:     6.5250	test_dead_enemies_mean:   23.9688	test_ep_length_mean:      14.9875	test_return_mean:         19.9558
test_return_std:           0.3328	
[INFO 12:24:46] my_main t_env: 310820 / 2050000
[INFO 12:24:46] my_main Estimated time left: 15 hours, 3 minutes, 33 seconds. Time passed: 2 hours, 25 minutes, 31 seconds
[INFO 12:24:50] my_main Recent Stats | t_env:     310820 | Episode:    17124
battle_won_mean:           0.9848	dead_allies_mean:          8.3404	dead_enemies_mean:        23.9345	ep_length_mean:           16.4926
epsilon:                   0.0500	grad_norm:                18.9710	loss:                     16.3396	loss_central:              0.0189
loss_latent:               0.4839	loss_td:                  15.8368	q_taken_mean:             11.2960	return_mean:              19.9409
return_std:                0.6403	target_mean:              11.3024	td_error_abs:              0.1027	test_battle_won_mean:      0.9938
test_dead_allies_mean:     6.6250	test_dead_enemies_mean:   23.9750	test_ep_length_mean:      14.1000	test_return_mean:         19.9756
test_return_std:           0.2265	
[INFO 12:30:00] my_main t_env: 320828 / 2050000
[INFO 12:30:00] my_main Estimated time left: 15 hours, 6 minutes, 6 seconds. Time passed: 2 hours, 30 minutes, 45 seconds
[INFO 12:30:04] my_main Recent Stats | t_env:     320828 | Episode:    17769
battle_won_mean:           0.9826	dead_allies_mean:          8.2361	dead_enemies_mean:        23.9206	ep_length_mean:           16.0137
epsilon:                   0.0500	grad_norm:                18.9255	loss:                     18.0210	loss_central:              0.0245
loss_latent:               0.4897	loss_td:                  17.5068	q_taken_mean:             11.1636	return_mean:              19.9245
return_std:                0.7113	target_mean:              11.1925	td_error_abs:              0.1195	test_battle_won_mean:      0.9938
test_dead_allies_mean:     6.2938	test_dead_enemies_mean:   23.9750	test_ep_length_mean:      12.1438	test_return_mean:         19.9711
test_return_std:           0.2153	
[INFO 12:35:18] my_main t_env: 330834 / 2050000
[INFO 12:35:18] my_main Estimated time left: 15 hours, 10 minutes, 5 seconds. Time passed: 2 hours, 36 minutes, 3 seconds
[INFO 12:35:21] my_main Recent Stats | t_env:     330834 | Episode:    18439
battle_won_mean:           0.9817	dead_allies_mean:          8.1161	dead_enemies_mean:        23.9126	ep_length_mean:           15.3832
epsilon:                   0.0500	grad_norm:                16.8597	loss:                     17.2177	loss_central:              0.0281
loss_latent:               0.4291	loss_td:                  16.7606	q_taken_mean:             11.0937	return_mean:              19.9153
return_std:                0.7464	target_mean:              11.1034	td_error_abs:              0.1372	test_battle_won_mean:      0.9938
test_dead_allies_mean:     6.4125	test_dead_enemies_mean:   23.9750	test_ep_length_mean:      11.7562	test_return_mean:         19.9708
test_return_std:           0.2147	
[INFO 12:41:47] my_main t_env: 340839 / 2050000
[INFO 12:41:47] my_main Estimated time left: 18 hours, 26 minutes, 26 seconds. Time passed: 2 hours, 42 minutes, 32 seconds
[INFO 12:41:51] my_main Recent Stats | t_env:     340839 | Episode:    19289
battle_won_mean:           0.9846	dead_allies_mean:          7.8983	dead_enemies_mean:        23.9282	ep_length_mean:           14.7594
epsilon:                   0.0500	grad_norm:                16.0692	loss:                     15.9405	loss_central:              0.0354
loss_latent:               0.4537	loss_td:                  15.4514	q_taken_mean:             10.9624	return_mean:              19.9322
return_std:                0.6434	target_mean:              10.9782	td_error_abs:              0.1282	test_battle_won_mean:      0.9938
test_dead_allies_mean:     6.5563	test_dead_enemies_mean:   23.9750	test_ep_length_mean:      11.0875	test_return_mean:         19.9682
test_return_std:           0.2103	
[INFO 12:47:53] my_main t_env: 350844 / 2050000
[INFO 12:47:53] my_main Estimated time left: 17 hours, 15 minutes, 47 seconds. Time passed: 2 hours, 48 minutes, 38 seconds
[INFO 12:47:56] my_main Recent Stats | t_env:     350844 | Episode:    20126
battle_won_mean:           0.9853	dead_allies_mean:          7.9753	dead_enemies_mean:        23.9365	ep_length_mean:           13.8487
epsilon:                   0.0500	grad_norm:                18.7593	loss:                     18.4421	loss_central:              0.0386
loss_latent:               0.4995	loss_td:                  17.9040	q_taken_mean:             11.9155	return_mean:              19.9317
return_std:                0.6429	target_mean:              11.9368	td_error_abs:              0.1326	test_battle_won_mean:      1.0000
test_dead_allies_mean:     6.3937	test_dead_enemies_mean:   24.0000	test_ep_length_mean:      10.2875	test_return_mean:         20.0038
test_return_std:           0.0071	
[INFO 12:53:49] my_main t_env: 360865 / 2050000
[INFO 12:53:49] my_main Estimated time left: 16 hours, 41 minutes, 45 seconds. Time passed: 2 hours, 54 minutes, 34 seconds
[INFO 12:53:53] my_main Recent Stats | t_env:     360865 | Episode:    20973
battle_won_mean:           0.9875	dead_allies_mean:          7.8834	dead_enemies_mean:        23.9477	ep_length_mean:           13.2012
epsilon:                   0.0500	grad_norm:                18.2479	loss:                     18.1228	loss_central:              0.0442
loss_latent:               0.5945	loss_td:                  17.4842	q_taken_mean:             12.0737	return_mean:              19.9430
return_std:                0.5782	target_mean:              12.0932	td_error_abs:              0.1359	test_battle_won_mean:      1.0000
test_dead_allies_mean:     6.2062	test_dead_enemies_mean:   24.0000	test_ep_length_mean:       9.8625	test_return_mean:         20.0039
test_return_std:           0.0075	
RequestQuit command received.
Closing Application...
DataHandler: unable to parse websocket frame.
CloseHandler: 127.0.0.1:33582 disconnected
[INFO 12:54:20] absl Shutdown gracefully.
[INFO 12:54:20] absl Shutdown with return code: -15
[INFO 12:54:20] absl Launching SC2: /labmount/users/202535331/MARL/pymarl-monotone-qmix/3rdparty/StarCraftII/Versions/Base75689/SC2_x64 -listen 127.0.0.1 -port 34781 -dataDir /labmount/users/202535331/MARL/pymarl-monotone-qmix/3rdparty/StarCraftII/ -tempDir /tmp/sc-vd4ciag8/
[INFO 12:54:20] absl Connecting to: ws://127.0.0.1:34781/sc2api, attempt: 0, running: True
Version: B75689 (SC2.4.10)
Build: Aug 12 2019 17:16:57
Command Line: '"/labmount/users/202535331/MARL/pymarl-monotone-qmix/3rdparty/StarCraftII/Versions/Base75689/SC2_x64" -listen 127.0.0.1 -port 34781 -dataDir /labmount/users/202535331/MARL/pymarl-monotone-qmix/3rdparty/StarCraftII/ -tempDir /tmp/sc-vd4ciag8/'
Starting up...
Startup Phase 1 complete
[INFO 12:54:21] absl Connecting to: ws://127.0.0.1:34781/sc2api, attempt: 1, running: True
Startup Phase 2 complete
Creating stub renderer...
Listening on: 127.0.0.1:34781
Startup Phase 3 complete. Ready for commands.
[INFO 12:54:22] absl Connecting to: ws://127.0.0.1:34781/sc2api, attempt: 2, running: True
ConnectHandler: Request from 127.0.0.1:53276 accepted
ReadyHandler: 127.0.0.1:53276 ready
Requesting to join a single player game
Configuring interface options
Configure: raw interface enabled
Configure: feature layer interface disabled
Configure: score interface disabled
Configure: render interface disabled
Launching next game.
Next launch phase started: 2
Next launch phase started: 3
Next launch phase started: 4
Next launch phase started: 5
Next launch phase started: 6
Next launch phase started: 7
Next launch phase started: 8
Game has started.
Using default stable ids, none found at: /labmount/users/202535331/MARL/pymarl-monotone-qmix/3rdparty/StarCraftII/stableid.json
Successfully loaded stable ids: GameData\stableid.json
Sending ResponseJoinGame
[INFO 12:59:24] my_main t_env: 370871 / 2050000
[INFO 12:59:24] my_main Estimated time left: 15 hours, 37 minutes, 10 seconds. Time passed: 3 hours, 9 seconds
[INFO 12:59:28] my_main Recent Stats | t_env:     370871 | Episode:    21842
battle_won_mean:           0.9909	dead_allies_mean:          7.8003	dead_enemies_mean:        23.9585	ep_length_mean:           12.4008
epsilon:                   0.0500	grad_norm:                22.9400	loss:                     18.2018	loss_central:              0.0408
loss_latent:               0.5686	loss_td:                  17.5923	q_taken_mean:             12.0241	return_mean:              19.9561
return_std:                0.5708	target_mean:              12.0168	td_error_abs:              0.1189	test_battle_won_mean:      1.0000
test_dead_allies_mean:     6.7250	test_dead_enemies_mean:   24.0000	test_ep_length_mean:      10.3938	test_return_mean:         20.0049
test_return_std:           0.0112	
[INFO 13:03:46] my_main t_env: 380880 / 2050000
[INFO 13:03:46] my_main Estimated time left: 12 hours, 7 minutes, 49 seconds. Time passed: 3 hours, 4 minutes, 31 seconds
[INFO 13:03:50] my_main Recent Stats | t_env:     380880 | Episode:    22633
battle_won_mean:           0.9933	dead_allies_mean:          7.8148	dead_enemies_mean:        23.9670	ep_length_mean:           11.9446
epsilon:                   0.0500	grad_norm:                28.8268	loss:                     20.8766	loss_central:              0.0546
loss_latent:               0.5718	loss_td:                  20.2503	q_taken_mean:             12.2841	return_mean:              19.9663
return_std:                0.5401	target_mean:              12.2529	td_error_abs:              0.1324	test_battle_won_mean:      1.0000
test_dead_allies_mean:     6.8125	test_dead_enemies_mean:   24.0000	test_ep_length_mean:      10.6000	test_return_mean:         20.0056
test_return_std:           0.0124	
[INFO 13:08:17] my_main t_env: 390883 / 2050000
[INFO 13:08:17] my_main Estimated time left: 12 hours, 27 minutes, 57 seconds. Time passed: 3 hours, 9 minutes, 2 seconds
[INFO 13:08:20] my_main Recent Stats | t_env:     390883 | Episode:    23508
battle_won_mean:           0.9928	dead_allies_mean:          8.0564	dead_enemies_mean:        23.9636	ep_length_mean:           11.8769
epsilon:                   0.0500	grad_norm:                30.2667	loss:                     22.3565	loss_central:              0.0575
loss_latent:               0.6194	loss_td:                  21.6796	q_taken_mean:             12.2699	return_mean:              19.9626
return_std:                0.5723	target_mean:              12.2280	td_error_abs:              0.1406	test_battle_won_mean:      1.0000
test_dead_allies_mean:     6.4625	test_dead_enemies_mean:   24.0000	test_ep_length_mean:      10.4375	test_return_mean:         20.0059
test_return_std:           0.0134	
[INFO 13:12:49] my_main t_env: 400891 / 2050000
[INFO 13:12:49] my_main Estimated time left: 12 hours, 27 minutes, 0 seconds. Time passed: 3 hours, 13 minutes, 34 seconds
[INFO 13:12:52] my_main Recent Stats | t_env:     400891 | Episode:    24419
battle_won_mean:           0.9941	dead_allies_mean:          7.8680	dead_enemies_mean:        23.9689	ep_length_mean:           11.6834
epsilon:                   0.0500	grad_norm:                34.3039	loss:                     22.5041	loss_central:              0.0550
loss_latent:               0.5545	loss_td:                  21.8946	q_taken_mean:             12.4068	return_mean:              19.9693
return_std:                0.5275	target_mean:              12.4129	td_error_abs:              0.1764	test_battle_won_mean:      1.0000
test_dead_allies_mean:     6.3875	test_dead_enemies_mean:   24.0000	test_ep_length_mean:      10.5563	test_return_mean:         20.0069
test_return_std:           0.0149	
[INFO 13:16:58] my_main t_env: 410902 / 2050000
[INFO 13:16:58] my_main Estimated time left: 11 hours, 20 minutes, 43 seconds. Time passed: 3 hours, 17 minutes, 43 seconds
[INFO 13:17:03] my_main Recent Stats | t_env:     410902 | Episode:    25224
battle_won_mean:           0.9950	dead_allies_mean:          8.1155	dead_enemies_mean:        23.9731	ep_length_mean:           11.8043
epsilon:                   0.0500	grad_norm:                37.4060	loss:                     23.9210	loss_central:              0.0503
loss_latent:               0.5352	loss_td:                  23.3355	q_taken_mean:             12.7201	return_mean:              19.9754
return_std:                0.4730	target_mean:              12.7202	td_error_abs:              0.1741	test_battle_won_mean:      1.0000
test_dead_allies_mean:     7.1875	test_dead_enemies_mean:   24.0000	test_ep_length_mean:      11.5188	test_return_mean:         20.0090
test_return_std:           0.0156	
[INFO 13:20:33] my_main t_env: 420911 / 2050000
[INFO 13:20:33] my_main Estimated time left: 9 hours, 42 minutes, 26 seconds. Time passed: 3 hours, 21 minutes, 18 seconds
[INFO 13:20:38] my_main Recent Stats | t_env:     420911 | Episode:    25862
battle_won_mean:           0.9935	dead_allies_mean:          8.7213	dead_enemies_mean:        23.9734	ep_length_mean:           12.6391
epsilon:                   0.0500	grad_norm:                33.3106	loss:                     24.7982	loss_central:              0.0487
loss_latent:               0.5712	loss_td:                  24.1783	q_taken_mean:             12.7572	return_mean:              19.9741
return_std:                0.4309	target_mean:              12.7427	td_error_abs:              0.1778	test_battle_won_mean:      1.0000
test_dead_allies_mean:     7.6063	test_dead_enemies_mean:   24.0000	test_ep_length_mean:      12.1562	test_return_mean:         20.0113
test_return_std:           0.0180	
RequestQuit command received.
Closing Application...
DataHandler: unable to parse websocket frame.
CloseHandler: 127.0.0.1:53276 disconnected
[INFO 13:21:21] absl Shutdown gracefully.
[INFO 13:21:21] absl Shutdown with return code: -15
[INFO 13:21:21] absl Launching SC2: /labmount/users/202535331/MARL/pymarl-monotone-qmix/3rdparty/StarCraftII/Versions/Base75689/SC2_x64 -listen 127.0.0.1 -port 37673 -dataDir /labmount/users/202535331/MARL/pymarl-monotone-qmix/3rdparty/StarCraftII/ -tempDir /tmp/sc-rp972hcc/
[INFO 13:21:21] absl Connecting to: ws://127.0.0.1:37673/sc2api, attempt: 0, running: True
Version: B75689 (SC2.4.10)
Build: Aug 12 2019 17:16:57
Command Line: '"/labmount/users/202535331/MARL/pymarl-monotone-qmix/3rdparty/StarCraftII/Versions/Base75689/SC2_x64" -listen 127.0.0.1 -port 37673 -dataDir /labmount/users/202535331/MARL/pymarl-monotone-qmix/3rdparty/StarCraftII/ -tempDir /tmp/sc-rp972hcc/'
Starting up...
Startup Phase 1 complete
[INFO 13:21:22] absl Connecting to: ws://127.0.0.1:37673/sc2api, attempt: 1, running: True
Startup Phase 2 complete
Creating stub renderer...
Listening on: 127.0.0.1:37673
Startup Phase 3 complete. Ready for commands.
[INFO 13:21:23] absl Connecting to: ws://127.0.0.1:37673/sc2api, attempt: 2, running: True
ConnectHandler: Request from 127.0.0.1:39354 accepted
ReadyHandler: 127.0.0.1:39354 ready
Requesting to join a single player game
Configuring interface options
Configure: raw interface enabled
Configure: feature layer interface disabled
Configure: score interface disabled
Configure: render interface disabled
Launching next game.
Next launch phase started: 2
Next launch phase started: 3
Next launch phase started: 4
Next launch phase started: 5
Next launch phase started: 6
Next launch phase started: 7
Next launch phase started: 8
Game has started.
Using default stable ids, none found at: /labmount/users/202535331/MARL/pymarl-monotone-qmix/3rdparty/StarCraftII/stableid.json
Successfully loaded stable ids: GameData\stableid.json
Sending ResponseJoinGame
[INFO 13:24:05] my_main t_env: 430916 / 2050000
[INFO 13:24:05] my_main Estimated time left: 9 hours, 30 minutes, 23 seconds. Time passed: 3 hours, 24 minutes, 49 seconds
[INFO 13:24:09] my_main Recent Stats | t_env:     430916 | Episode:    26434
battle_won_mean:           0.9918	dead_allies_mean:          9.1448	dead_enemies_mean:        23.9637	ep_length_mean:           13.6066
epsilon:                   0.0500	grad_norm:                27.5994	loss:                     23.6291	loss_central:              0.0321
loss_latent:               0.7063	loss_td:                  22.8907	q_taken_mean:             12.2317	return_mean:              19.9715
return_std:                0.4355	target_mean:              12.2676	td_error_abs:              0.1501	test_battle_won_mean:      1.0000
test_dead_allies_mean:     8.0750	test_dead_enemies_mean:   24.0000	test_ep_length_mean:      12.6937	test_return_mean:         20.0120
test_return_std:           0.0179	
[INFO 13:27:38] my_main t_env: 440921 / 2050000
[INFO 13:27:38] my_main Estimated time left: 9 hours, 33 minutes, 15 seconds. Time passed: 3 hours, 28 minutes, 23 seconds
[INFO 13:27:43] my_main Recent Stats | t_env:     440921 | Episode:    27023
battle_won_mean:           0.9891	dead_allies_mean:          9.3950	dead_enemies_mean:        23.9610	ep_length_mean:           14.7175
epsilon:                   0.0500	grad_norm:                27.7106	loss:                     23.6763	loss_central:              0.0253
loss_latent:               0.6765	loss_td:                  22.9745	q_taken_mean:             12.3208	return_mean:              19.9663
return_std:                0.4434	target_mean:              12.3641	td_error_abs:              0.1430	test_battle_won_mean:      1.0000
test_dead_allies_mean:     8.5500	test_dead_enemies_mean:   24.0000	test_ep_length_mean:      13.6875	test_return_mean:         20.0158
test_return_std:           0.0320	
[INFO 13:31:31] my_main t_env: 450924 / 2050000
[INFO 13:31:31] my_main Estimated time left: 10 hours, 19 minutes, 52 seconds. Time passed: 3 hours, 32 minutes, 16 seconds
[INFO 13:31:35] my_main Recent Stats | t_env:     450924 | Episode:    27634
battle_won_mean:           0.9845	dead_allies_mean:          9.9244	dead_enemies_mean:        23.9440	ep_length_mean:           15.7947
epsilon:                   0.0500	grad_norm:                24.8799	loss:                     23.5737	loss_central:              0.0365
loss_latent:               0.6344	loss_td:                  22.9027	q_taken_mean:             12.2590	return_mean:              19.9453
return_std:                0.5584	target_mean:              12.1937	td_error_abs:              0.1298	test_battle_won_mean:      1.0000
test_dead_allies_mean:     8.8187	test_dead_enemies_mean:   24.0000	test_ep_length_mean:      13.8438	test_return_mean:         20.0148
test_return_std:           0.0304	
[INFO 13:36:10] my_main t_env: 460930 / 2050000
[INFO 13:36:10] my_main Estimated time left: 12 hours, 19 minutes, 11 seconds. Time passed: 3 hours, 36 minutes, 55 seconds
[INFO 13:36:14] my_main Recent Stats | t_env:     460930 | Episode:    28400
battle_won_mean:           0.9819	dead_allies_mean:          9.9312	dead_enemies_mean:        23.9358	ep_length_mean:           15.9200
epsilon:                   0.0500	grad_norm:                23.2490	loss:                     22.7981	loss_central:              0.0344
loss_latent:               0.5665	loss_td:                  22.1972	q_taken_mean:             11.9392	return_mean:              19.9328
return_std:                0.6396	target_mean:              11.8933	td_error_abs:              0.1340	test_battle_won_mean:      1.0000
test_dead_allies_mean:     7.9625	test_dead_enemies_mean:   24.0000	test_ep_length_mean:      12.7438	test_return_mean:         20.0116
test_return_std:           0.0301	
[INFO 13:41:17] my_main t_env: 470941 / 2050000
[INFO 13:41:17] my_main Estimated time left: 13 hours, 25 minutes, 46 seconds. Time passed: 3 hours, 42 minutes, 2 seconds
[INFO 13:41:20] my_main Recent Stats | t_env:     470941 | Episode:    29287
battle_won_mean:           0.9829	dead_allies_mean:          9.1009	dead_enemies_mean:        23.9416	ep_length_mean:           15.0396
epsilon:                   0.0500	grad_norm:                22.7685	loss:                     20.4508	loss_central:              0.0356
loss_latent:               0.6276	loss_td:                  19.7876	q_taken_mean:             11.3780	return_mean:              19.9371
return_std:                0.5898	target_mean:              11.3245	td_error_abs:              0.1392	test_battle_won_mean:      1.0000
test_dead_allies_mean:     6.9313	test_dead_enemies_mean:   24.0000	test_ep_length_mean:      11.5125	test_return_mean:         20.0085
test_return_std:           0.0244	
[INFO 13:46:32] my_main t_env: 480952 / 2050000
[INFO 13:46:32] my_main Estimated time left: 13 hours, 42 minutes, 8 seconds. Time passed: 3 hours, 47 minutes, 16 seconds
[INFO 13:46:35] my_main Recent Stats | t_env:     480952 | Episode:    30195
battle_won_mean:           0.9860	dead_allies_mean:          8.3181	dead_enemies_mean:        23.9590	ep_length_mean:           13.7465
epsilon:                   0.0500	grad_norm:                23.3496	loss:                     20.7204	loss_central:              0.0465
loss_latent:               0.5694	loss_td:                  20.1045	q_taken_mean:             11.4502	return_mean:              19.9479
return_std:                0.5049	target_mean:              11.3696	td_error_abs:              0.1602	test_battle_won_mean:      1.0000
test_dead_allies_mean:     6.0563	test_dead_enemies_mean:   24.0000	test_ep_length_mean:      10.7125	test_return_mean:         20.0070
test_return_std:           0.0230	
RequestQuit command received.
Closing Application...
DataHandler: unable to parse websocket frame.
CloseHandler: 127.0.0.1:39354 disconnected
ResponseThread: No connection, dropping the response.
[INFO 13:49:02] absl Shutdown gracefully.
[INFO 13:49:02] absl Shutdown with return code: -15
[INFO 13:49:02] absl Launching SC2: /labmount/users/202535331/MARL/pymarl-monotone-qmix/3rdparty/StarCraftII/Versions/Base75689/SC2_x64 -listen 127.0.0.1 -port 33669 -dataDir /labmount/users/202535331/MARL/pymarl-monotone-qmix/3rdparty/StarCraftII/ -tempDir /tmp/sc-ytt0x3ik/
[INFO 13:49:02] absl Connecting to: ws://127.0.0.1:33669/sc2api, attempt: 0, running: True
Version: B75689 (SC2.4.10)
Build: Aug 12 2019 17:16:57
Command Line: '"/labmount/users/202535331/MARL/pymarl-monotone-qmix/3rdparty/StarCraftII/Versions/Base75689/SC2_x64" -listen 127.0.0.1 -port 33669 -dataDir /labmount/users/202535331/MARL/pymarl-monotone-qmix/3rdparty/StarCraftII/ -tempDir /tmp/sc-ytt0x3ik/'
Starting up...
Startup Phase 1 complete
[INFO 13:49:03] absl Connecting to: ws://127.0.0.1:33669/sc2api, attempt: 1, running: True
Startup Phase 2 complete
Creating stub renderer...
Listening on: 127.0.0.1:33669
Startup Phase 3 complete. Ready for commands.
[INFO 13:49:04] absl Connecting to: ws://127.0.0.1:33669/sc2api, attempt: 2, running: True
ConnectHandler: Request from 127.0.0.1:36324 accepted
ReadyHandler: 127.0.0.1:36324 ready
Requesting to join a single player game
Configuring interface options
Configure: raw interface enabled
Configure: feature layer interface disabled
Configure: score interface disabled
Configure: render interface disabled
Launching next game.
Next launch phase started: 2
Next launch phase started: 3
Next launch phase started: 4
Next launch phase started: 5
Next launch phase started: 6
Next launch phase started: 7
Next launch phase started: 8
Game has started.
Using default stable ids, none found at: /labmount/users/202535331/MARL/pymarl-monotone-qmix/3rdparty/StarCraftII/stableid.json
Successfully loaded stable ids: GameData\stableid.json
Sending ResponseJoinGame
[INFO 13:51:40] my_main t_env: 490958 / 2050000
[INFO 13:51:40] my_main Estimated time left: 13 hours, 22 minutes, 7 seconds. Time passed: 3 hours, 52 minutes, 25 seconds
[INFO 13:51:45] my_main Recent Stats | t_env:     490958 | Episode:    31071
battle_won_mean:           0.9887	dead_allies_mean:          7.7580	dead_enemies_mean:        23.9565	ep_length_mean:           12.6336
epsilon:                   0.0500	grad_norm:                22.2561	loss:                     21.2364	loss_central:              0.0463
loss_latent:               0.5403	loss_td:                  20.6498	q_taken_mean:             11.4136	return_mean:              19.9501
return_std:                0.5537	target_mean:              11.3502	td_error_abs:              0.1556	test_battle_won_mean:      1.0000
test_dead_allies_mean:     5.6625	test_dead_enemies_mean:   24.0000	test_ep_length_mean:      10.5687	test_return_mean:         20.0059
test_return_std:           0.0225	
[INFO 13:56:31] my_main t_env: 500968 / 2050000
[INFO 13:56:31] my_main Estimated time left: 12 hours, 30 minutes, 6 seconds. Time passed: 3 hours, 57 minutes, 16 seconds
[INFO 13:56:34] my_main Recent Stats | t_env:     500968 | Episode:    31930
battle_won_mean:           0.9932	dead_allies_mean:          7.2652	dead_enemies_mean:        23.9745	ep_length_mean:           11.6900
epsilon:                   0.0500	grad_norm:                21.7235	loss:                     20.6594	loss_central:              0.0363
loss_latent:               0.5783	loss_td:                  20.0448	q_taken_mean:             11.1801	return_mean:              19.9719
return_std:                0.4249	target_mean:              11.2077	td_error_abs:              0.1509	test_battle_won_mean:      1.0000
test_dead_allies_mean:     5.1688	test_dead_enemies_mean:   24.0000	test_ep_length_mean:      10.0687	test_return_mean:         20.0056
test_return_std:           0.0223	
[INFO 14:01:09] my_main t_env: 510972 / 2050000
[INFO 14:01:09] my_main Estimated time left: 11 hours, 52 minutes, 45 seconds. Time passed: 4 hours, 1 minutes, 54 seconds
[INFO 14:01:12] my_main Recent Stats | t_env:     510972 | Episode:    32810
battle_won_mean:           0.9961	dead_allies_mean:          6.8743	dead_enemies_mean:        23.9818	ep_length_mean:           11.3511
epsilon:                   0.0500	grad_norm:                30.2927	loss:                     20.7085	loss_central:              0.0374
loss_latent:               0.5866	loss_td:                  20.0845	q_taken_mean:             11.8246	return_mean:              19.9841
return_std:                0.3521	target_mean:              11.8282	td_error_abs:              0.1487	test_battle_won_mean:      1.0000
test_dead_allies_mean:     4.9688	test_dead_enemies_mean:   24.0000	test_ep_length_mean:       9.6875	test_return_mean:         20.0049
test_return_std:           0.0194	
[INFO 14:05:28] my_main t_env: 520976 / 2050000
[INFO 14:05:28] my_main Estimated time left: 10 hours, 58 minutes, 16 seconds. Time passed: 4 hours, 6 minutes, 13 seconds
[INFO 14:05:31] my_main Recent Stats | t_env:     520976 | Episode:    33658
battle_won_mean:           0.9963	dead_allies_mean:          6.9276	dead_enemies_mean:        23.9807	ep_length_mean:           11.4532
epsilon:                   0.0500	grad_norm:                33.2968	loss:                     24.3137	loss_central:              0.0363
loss_latent:               0.4791	loss_td:                  23.7983	q_taken_mean:             12.6454	return_mean:              19.9847
return_std:                0.3599	target_mean:              12.6657	td_error_abs:              0.1337	test_battle_won_mean:      1.0000
test_dead_allies_mean:     5.1437	test_dead_enemies_mean:   24.0000	test_ep_length_mean:       9.9875	test_return_mean:         20.0061
test_return_std:           0.0207	
[INFO 14:09:32] my_main t_env: 530977 / 2050000
[INFO 14:09:32] my_main Estimated time left: 10 hours, 18 minutes, 48 seconds. Time passed: 4 hours, 10 minutes, 17 seconds
[INFO 14:09:36] my_main Recent Stats | t_env:     530977 | Episode:    34442
battle_won_mean:           0.9955	dead_allies_mean:          7.1126	dead_enemies_mean:        23.9793	ep_length_mean:           11.7994
epsilon:                   0.0500	grad_norm:                37.4531	loss:                     25.2174	loss_central:              0.0319
loss_latent:               0.4133	loss_td:                  24.7722	q_taken_mean:             12.9756	return_mean:              19.9821
return_std:                0.3901	target_mean:              13.0046	td_error_abs:              0.1106	test_battle_won_mean:      1.0000
test_dead_allies_mean:     5.5187	test_dead_enemies_mean:   24.0000	test_ep_length_mean:      10.3750	test_return_mean:         20.0076
test_return_std:           0.0232	
[INFO 14:13:35] my_main t_env: 540982 / 2050000
[INFO 14:13:35] my_main Estimated time left: 10 hours, 10 minutes, 3 seconds. Time passed: 4 hours, 14 minutes, 20 seconds
[INFO 14:13:38] my_main Recent Stats | t_env:     540982 | Episode:    35207
battle_won_mean:           0.9955	dead_allies_mean:          7.3351	dead_enemies_mean:        23.9874	ep_length_mean:           12.1306
epsilon:                   0.0500	grad_norm:                39.2900	loss:                     25.7205	loss_central:              0.0244
loss_latent:               0.3199	loss_td:                  25.3762	q_taken_mean:             13.3813	return_mean:              19.9887
return_std:                0.3006	target_mean:              13.4000	td_error_abs:              0.1032	test_battle_won_mean:      1.0000
test_dead_allies_mean:     5.5563	test_dead_enemies_mean:   24.0000	test_ep_length_mean:       9.4938	test_return_mean:         20.0046
test_return_std:           0.0086	
DataHandler: unable to parse websocket frame.
CloseHandler: 127.0.0.1:36324 disconnected
[INFO 14:16:34] absl Shutdown gracefully.
[INFO 14:16:34] absl Shutdown with return code: -15
[INFO 14:16:34] absl Launching SC2: /labmount/users/202535331/MARL/pymarl-monotone-qmix/3rdparty/StarCraftII/Versions/Base75689/SC2_x64 -listen 127.0.0.1 -port 39423 -dataDir /labmount/users/202535331/MARL/pymarl-monotone-qmix/3rdparty/StarCraftII/ -tempDir /tmp/sc-p3fadeoi/
[INFO 14:16:34] absl Connecting to: ws://127.0.0.1:39423/sc2api, attempt: 0, running: True
Version: B75689 (SC2.4.10)
Build: Aug 12 2019 17:16:57
Command Line: '"/labmount/users/202535331/MARL/pymarl-monotone-qmix/3rdparty/StarCraftII/Versions/Base75689/SC2_x64" -listen 127.0.0.1 -port 39423 -dataDir /labmount/users/202535331/MARL/pymarl-monotone-qmix/3rdparty/StarCraftII/ -tempDir /tmp/sc-p3fadeoi/'
Starting up...
Startup Phase 1 complete
[INFO 14:16:35] absl Connecting to: ws://127.0.0.1:39423/sc2api, attempt: 1, running: True
Startup Phase 2 complete
Creating stub renderer...
Listening on: 127.0.0.1:39423
Startup Phase 3 complete. Ready for commands.
[INFO 14:16:36] absl Connecting to: ws://127.0.0.1:39423/sc2api, attempt: 2, running: True
ConnectHandler: Request from 127.0.0.1:53148 accepted
ReadyHandler: 127.0.0.1:53148 ready
Requesting to join a single player game
Configuring interface options
Configure: raw interface enabled
Configure: feature layer interface disabled
Configure: score interface disabled
Configure: render interface disabled
Launching next game.
Next launch phase started: 2
Next launch phase started: 3
Next launch phase started: 4
Next launch phase started: 5
Next launch phase started: 6
Next launch phase started: 7
Next launch phase started: 8
Game has started.
Using default stable ids, none found at: /labmount/users/202535331/MARL/pymarl-monotone-qmix/3rdparty/StarCraftII/stableid.json
Successfully loaded stable ids: GameData\stableid.json
Sending ResponseJoinGame
[INFO 14:17:59] my_main t_env: 550984 / 2050000
[INFO 14:17:59] my_main Estimated time left: 10 hours, 59 minutes, 19 seconds. Time passed: 4 hours, 18 minutes, 44 seconds
[INFO 14:18:02] my_main Recent Stats | t_env:     550984 | Episode:    36017
battle_won_mean:           0.9948	dead_allies_mean:          7.2457	dead_enemies_mean:        23.9851	ep_length_mean:           12.2697
epsilon:                   0.0500	grad_norm:                40.9438	loss:                     25.8188	loss_central:              0.0216
loss_latent:               0.2935	loss_td:                  25.5037	q_taken_mean:             13.1682	return_mean:              19.9860
return_std:                0.3242	target_mean:              13.1367	td_error_abs:              0.0755	test_battle_won_mean:      1.0000
test_dead_allies_mean:     5.4188	test_dead_enemies_mean:   24.0000	test_ep_length_mean:       9.5875	test_return_mean:         20.0049
test_return_std:           0.0093	
[INFO 14:22:18] my_main t_env: 561027 / 2050000
[INFO 14:22:18] my_main Estimated time left: 10 hours, 39 minutes, 30 seconds. Time passed: 4 hours, 23 minutes, 2 seconds
[INFO 14:22:21] my_main Recent Stats | t_env:     561027 | Episode:    36823
battle_won_mean:           0.9938	dead_allies_mean:          7.3602	dead_enemies_mean:        23.9815	ep_length_mean:           12.4881
epsilon:                   0.0500	grad_norm:                31.4500	loss:                     27.3300	loss_central:              0.0182
loss_latent:               0.2517	loss_td:                  27.0601	q_taken_mean:             12.6615	return_mean:              19.9817
return_std:                0.3626	target_mean:              12.6364	td_error_abs:              0.0654	test_battle_won_mean:      1.0000
test_dead_allies_mean:     5.4875	test_dead_enemies_mean:   24.0000	test_ep_length_mean:       9.7500	test_return_mean:         20.0049
test_return_std:           0.0093	
[INFO 14:27:00] my_main t_env: 571029 / 2050000
[INFO 14:27:00] my_main Estimated time left: 11 hours, 35 minutes, 36 seconds. Time passed: 4 hours, 27 minutes, 45 seconds
[INFO 14:27:03] my_main Recent Stats | t_env:     571029 | Episode:    37719
battle_won_mean:           0.9931	dead_allies_mean:          7.3066	dead_enemies_mean:        23.9781	ep_length_mean:           12.3612
epsilon:                   0.0500	grad_norm:                30.8677	loss:                     25.6233	loss_central:              0.0167
loss_latent:               0.2466	loss_td:                  25.3600	q_taken_mean:             12.4395	return_mean:              19.9769
return_std:                0.4007	target_mean:              12.4088	td_error_abs:              0.0713	test_battle_won_mean:      1.0000
test_dead_allies_mean:     5.2687	test_dead_enemies_mean:   24.0000	test_ep_length_mean:       9.3375	test_return_mean:         20.0036
test_return_std:           0.0084	
[INFO 14:31:40] my_main t_env: 581033 / 2050000
[INFO 14:31:40] my_main Estimated time left: 11 hours, 25 minutes, 32 seconds. Time passed: 4 hours, 32 minutes, 25 seconds
[INFO 14:31:44] my_main Recent Stats | t_env:     581033 | Episode:    38622
battle_won_mean:           0.9940	dead_allies_mean:          7.1338	dead_enemies_mean:        23.9773	ep_length_mean:           12.0257
epsilon:                   0.0500	grad_norm:                28.8522	loss:                     24.5504	loss_central:              0.0098
loss_latent:               0.2527	loss_td:                  24.2879	q_taken_mean:             12.2354	return_mean:              19.9778
return_std:                0.4140	target_mean:              12.2159	td_error_abs:              0.0695	test_battle_won_mean:      1.0000
test_dead_allies_mean:     4.9562	test_dead_enemies_mean:   24.0000	test_ep_length_mean:       9.8375	test_return_mean:         20.0032
test_return_std:           0.0099	
[INFO 14:36:25] my_main t_env: 591033 / 2050000
[INFO 14:36:25] my_main Estimated time left: 11 hours, 32 minutes, 21 seconds. Time passed: 4 hours, 37 minutes, 10 seconds
[INFO 14:36:28] my_main Recent Stats | t_env:     591033 | Episode:    39531
battle_won_mean:           0.9948	dead_allies_mean:          6.8967	dead_enemies_mean:        23.9804	ep_length_mean:           11.6102
epsilon:                   0.0500	grad_norm:                29.0901	loss:                     23.4108	loss_central:              0.0129
loss_latent:               0.2893	loss_td:                  23.1086	q_taken_mean:             11.6748	return_mean:              19.9809
return_std:                0.3796	target_mean:              11.6496	td_error_abs:              0.0779	test_battle_won_mean:      1.0000
test_dead_allies_mean:     4.8375	test_dead_enemies_mean:   24.0000	test_ep_length_mean:       9.7562	test_return_mean:         20.0029
test_return_std:           0.0097	
[INFO 14:40:54] my_main t_env: 601035 / 2050000
[INFO 14:40:54] my_main Estimated time left: 10 hours, 49 minutes, 57 seconds. Time passed: 4 hours, 41 minutes, 39 seconds
[INFO 14:40:57] my_main Recent Stats | t_env:     601035 | Episode:    40418
battle_won_mean:           0.9956	dead_allies_mean:          6.8584	dead_enemies_mean:        23.9812	ep_length_mean:           11.3958
epsilon:                   0.0500	grad_norm:                28.9025	loss:                     23.9677	loss_central:              0.0133
loss_latent:               0.3136	loss_td:                  23.6409	q_taken_mean:             12.1246	return_mean:              19.9827
return_std:                0.3740	target_mean:              12.0865	td_error_abs:              0.0849	test_battle_won_mean:      0.9938
test_dead_allies_mean:     5.2250	test_dead_enemies_mean:   23.9937	test_ep_length_mean:       9.8187	test_return_mean:         19.9795
test_return_std:           0.1396	
RequestQuit command received.
DataHandler: unable to parse websocket frame.
Closing Application...
CloseHandler: 127.0.0.1:53148 disconnected
ResponseThread: No connection, dropping the response.
[INFO 14:44:50] absl Shutdown gracefully.
[INFO 14:44:50] absl Shutdown with return code: -15
[INFO 14:44:50] absl Launching SC2: /labmount/users/202535331/MARL/pymarl-monotone-qmix/3rdparty/StarCraftII/Versions/Base75689/SC2_x64 -listen 127.0.0.1 -port 33445 -dataDir /labmount/users/202535331/MARL/pymarl-monotone-qmix/3rdparty/StarCraftII/ -tempDir /tmp/sc-a24s3tm1/
[INFO 14:44:50] absl Connecting to: ws://127.0.0.1:33445/sc2api, attempt: 0, running: True
Version: B75689 (SC2.4.10)
Build: Aug 12 2019 17:16:57
Command Line: '"/labmount/users/202535331/MARL/pymarl-monotone-qmix/3rdparty/StarCraftII/Versions/Base75689/SC2_x64" -listen 127.0.0.1 -port 33445 -dataDir /labmount/users/202535331/MARL/pymarl-monotone-qmix/3rdparty/StarCraftII/ -tempDir /tmp/sc-a24s3tm1/'
Starting up...
Startup Phase 1 complete
[INFO 14:44:51] absl Connecting to: ws://127.0.0.1:33445/sc2api, attempt: 1, running: True
Startup Phase 2 complete
Creating stub renderer...
Listening on: 127.0.0.1:33445
Startup Phase 3 complete. Ready for commands.
[INFO 14:44:52] absl Connecting to: ws://127.0.0.1:33445/sc2api, attempt: 2, running: True
ConnectHandler: Request from 127.0.0.1:60420 accepted
ReadyHandler: 127.0.0.1:60420 ready
Requesting to join a single player game
Configuring interface options
Configure: raw interface enabled
Configure: feature layer interface disabled
Configure: score interface disabled
Configure: render interface disabled
Launching next game.
Next launch phase started: 2
Next launch phase started: 3
Next launch phase started: 4
Next launch phase started: 5
Next launch phase started: 6
Next launch phase started: 7
Next launch phase started: 8
Game has started.
Using default stable ids, none found at: /labmount/users/202535331/MARL/pymarl-monotone-qmix/3rdparty/StarCraftII/stableid.json
Successfully loaded stable ids: GameData\stableid.json
Sending ResponseJoinGame
[INFO 14:45:15] my_main t_env: 611047 / 2050000
[INFO 14:45:15] my_main Estimated time left: 10 hours, 26 minutes, 10 seconds. Time passed: 4 hours, 46 minutes, 0 seconds
[INFO 14:45:19] my_main Recent Stats | t_env:     611047 | Episode:    41246
battle_won_mean:           0.9957	dead_allies_mean:          6.7533	dead_enemies_mean:        23.9780	ep_length_mean:           11.3221
epsilon:                   0.0500	grad_norm:                34.1317	loss:                     24.4872	loss_central:              0.0256
loss_latent:               0.3074	loss_td:                  24.1542	q_taken_mean:             12.4841	return_mean:              19.9800
return_std:                0.4449	target_mean:              12.4290	td_error_abs:              0.0926	test_battle_won_mean:      0.9938
test_dead_allies_mean:     5.1250	test_dead_enemies_mean:   23.9937	test_ep_length_mean:       9.7625	test_return_mean:         19.9802
test_return_std:           0.1418	
[INFO 14:49:57] my_main t_env: 621051 / 2050000
[INFO 14:49:57] my_main Estimated time left: 11 hours, 11 minutes, 19 seconds. Time passed: 4 hours, 50 minutes, 42 seconds
[INFO 14:50:01] my_main Recent Stats | t_env:     621051 | Episode:    41975
battle_won_mean:           0.9950	dead_allies_mean:          7.0079	dead_enemies_mean:        23.9749	ep_length_mean:           11.8341
epsilon:                   0.0500	grad_norm:                33.1051	loss:                     24.4950	loss_central:              0.0246
loss_latent:               0.2867	loss_td:                  24.1837	q_taken_mean:             12.7623	return_mean:              19.9784
return_std:                0.4554	target_mean:              12.7115	td_error_abs:              0.0863	test_battle_won_mean:      0.9938
test_dead_allies_mean:     5.4437	test_dead_enemies_mean:   23.9937	test_ep_length_mean:       9.9437	test_return_mean:         19.9804
test_return_std:           0.1416	
[INFO 14:55:18] my_main t_env: 631056 / 2050000
[INFO 14:55:18] my_main Estimated time left: 12 hours, 38 minutes, 16 seconds. Time passed: 4 hours, 56 minutes, 3 seconds
[INFO 14:55:21] my_main Recent Stats | t_env:     631056 | Episode:    42824
battle_won_mean:           0.9943	dead_allies_mean:          7.1255	dead_enemies_mean:        23.9728	ep_length_mean:           11.9753
epsilon:                   0.0500	grad_norm:                37.3899	loss:                     24.8163	loss_central:              0.0533
loss_latent:               0.2920	loss_td:                  24.4709	q_taken_mean:             12.8465	return_mean:              19.9758
return_std:                0.4617	target_mean:              12.8534	td_error_abs:              0.1294	test_battle_won_mean:      0.9938
test_dead_allies_mean:     5.5375	test_dead_enemies_mean:   23.9937	test_ep_length_mean:       9.1375	test_return_mean:         19.9798
test_return_std:           0.1389	
[INFO 15:00:26] my_main t_env: 641062 / 2050000
[INFO 15:00:26] my_main Estimated time left: 12 hours, 1 minutes, 47 seconds. Time passed: 5 hours, 1 minutes, 10 seconds
[INFO 15:00:29] my_main Recent Stats | t_env:     641062 | Episode:    43681
battle_won_mean:           0.9940	dead_allies_mean:          7.1171	dead_enemies_mean:        23.9706	ep_length_mean:           12.1102
epsilon:                   0.0500	grad_norm:                37.5121	loss:                     25.8524	loss_central:              0.0529
loss_latent:               0.3336	loss_td:                  25.4658	q_taken_mean:             13.0350	return_mean:              19.9744
return_std:                0.4866	target_mean:              13.0533	td_error_abs:              0.1259	test_battle_won_mean:      0.9938
test_dead_allies_mean:     5.6500	test_dead_enemies_mean:   23.9937	test_ep_length_mean:       9.1000	test_return_mean:         19.9800
test_return_std:           0.1395	
[INFO 15:04:49] my_main t_env: 651077 / 2050000
[INFO 15:04:49] my_main Estimated time left: 10 hours, 13 minutes, 38 seconds. Time passed: 5 hours, 5 minutes, 34 seconds
[INFO 15:04:53] my_main Recent Stats | t_env:     651077 | Episode:    44517
battle_won_mean:           0.9935	dead_allies_mean:          7.1722	dead_enemies_mean:        23.9709	ep_length_mean:           12.2509
epsilon:                   0.0500	grad_norm:                42.2048	loss:                     27.0700	loss_central:              0.0521
loss_latent:               0.3045	loss_td:                  26.7134	q_taken_mean:             12.9045	return_mean:              19.9735
return_std:                0.4845	target_mean:              12.9403	td_error_abs:              0.1144	test_battle_won_mean:      1.0000
test_dead_allies_mean:     5.6500	test_dead_enemies_mean:   24.0000	test_ep_length_mean:       9.4000	test_return_mean:         20.0039
test_return_std:           0.0107	
[INFO 15:09:16] my_main t_env: 661086 / 2050000
[INFO 15:09:16] my_main Estimated time left: 10 hours, 16 minutes, 1 seconds. Time passed: 5 hours, 10 minutes, 0 seconds
[INFO 15:09:19] my_main Recent Stats | t_env:     661086 | Episode:    45352
battle_won_mean:           0.9938	dead_allies_mean:          7.1335	dead_enemies_mean:        23.9758	ep_length_mean:           12.2299
epsilon:                   0.0500	grad_norm:                38.6909	loss:                     26.3379	loss_central:              0.0396
loss_latent:               0.2944	loss_td:                  26.0039	q_taken_mean:             12.5490	return_mean:              19.9782
return_std:                0.3992	target_mean:              12.5480	td_error_abs:              0.1489	test_battle_won_mean:      1.0000
test_dead_allies_mean:     5.8625	test_dead_enemies_mean:   24.0000	test_ep_length_mean:       9.8375	test_return_mean:         20.0065
test_return_std:           0.0115	
[INFO 15:13:18] my_main t_env: 671094 / 2050000
[INFO 15:13:18] my_main Estimated time left: 9 hours, 16 minutes, 35 seconds. Time passed: 5 hours, 14 minutes, 3 seconds
[INFO 15:13:21] my_main Recent Stats | t_env:     671094 | Episode:    46087
battle_won_mean:           0.9932	dead_allies_mean:          7.0368	dead_enemies_mean:        23.9739	ep_length_mean:           12.2086
epsilon:                   0.0500	grad_norm:                40.4743	loss:                     26.1064	loss_central:              0.0445
loss_latent:               0.3586	loss_td:                  25.7033	q_taken_mean:             12.0937	return_mean:              19.9756
return_std:                0.4146	target_mean:              12.0981	td_error_abs:              0.1660	test_battle_won_mean:      1.0000
test_dead_allies_mean:     5.6688	test_dead_enemies_mean:   24.0000	test_ep_length_mean:       9.7500	test_return_mean:         20.0064
test_return_std:           0.0116	
RequestQuit command received.
Closing Application...
DataHandler: unable to parse websocket frame.
CloseHandler: 127.0.0.1:60420 disconnected
[INFO 15:13:50] absl Shutdown gracefully.
[INFO 15:13:50] absl Shutdown with return code: -15
[INFO 15:13:50] absl Launching SC2: /labmount/users/202535331/MARL/pymarl-monotone-qmix/3rdparty/StarCraftII/Versions/Base75689/SC2_x64 -listen 127.0.0.1 -port 32805 -dataDir /labmount/users/202535331/MARL/pymarl-monotone-qmix/3rdparty/StarCraftII/ -tempDir /tmp/sc-_hh1wko1/
[INFO 15:13:51] absl Connecting to: ws://127.0.0.1:32805/sc2api, attempt: 0, running: True
Version: B75689 (SC2.4.10)
Build: Aug 12 2019 17:16:57
Command Line: '"/labmount/users/202535331/MARL/pymarl-monotone-qmix/3rdparty/StarCraftII/Versions/Base75689/SC2_x64" -listen 127.0.0.1 -port 32805 -dataDir /labmount/users/202535331/MARL/pymarl-monotone-qmix/3rdparty/StarCraftII/ -tempDir /tmp/sc-_hh1wko1/'
Starting up...
Startup Phase 1 complete
[INFO 15:13:52] absl Connecting to: ws://127.0.0.1:32805/sc2api, attempt: 1, running: True
Startup Phase 2 complete
Creating stub renderer...
Listening on: 127.0.0.1:32805
Startup Phase 3 complete. Ready for commands.
[INFO 15:13:53] absl Connecting to: ws://127.0.0.1:32805/sc2api, attempt: 2, running: True
ConnectHandler: Request from 127.0.0.1:42842 accepted
ReadyHandler: 127.0.0.1:42842 ready
Requesting to join a single player game
Configuring interface options
Configure: raw interface enabled
Configure: feature layer interface disabled
Configure: score interface disabled
Configure: render interface disabled
Launching next game.
Next launch phase started: 2
Next launch phase started: 3
Next launch phase started: 4
Next launch phase started: 5
Next launch phase started: 6
Next launch phase started: 7
Next launch phase started: 8
Game has started.
Using default stable ids, none found at: /labmount/users/202535331/MARL/pymarl-monotone-qmix/3rdparty/StarCraftII/stableid.json
Successfully loaded stable ids: GameData\stableid.json
Sending ResponseJoinGame
[INFO 15:17:43] my_main t_env: 681120 / 2050000
[INFO 15:17:43] my_main Estimated time left: 10 hours, 2 minutes, 31 seconds. Time passed: 5 hours, 18 minutes, 28 seconds
[INFO 15:17:46] my_main Recent Stats | t_env:     681120 | Episode:    46871
battle_won_mean:           0.9921	dead_allies_mean:          6.9553	dead_enemies_mean:        23.9646	ep_length_mean:           12.4093
epsilon:                   0.0500	grad_norm:                37.8436	loss:                     27.9395	loss_central:              0.0156
loss_latent:               0.3248	loss_td:                  27.5991	q_taken_mean:             12.1133	return_mean:              19.9708
return_std:                0.4415	target_mean:              12.0636	td_error_abs:              0.1208	test_battle_won_mean:      1.0000
test_dead_allies_mean:     5.5187	test_dead_enemies_mean:   24.0000	test_ep_length_mean:       9.6687	test_return_mean:         20.0059
test_return_std:           0.0103	
[INFO 15:22:04] my_main t_env: 691121 / 2050000
[INFO 15:22:04] my_main Estimated time left: 9 hours, 50 minutes, 40 seconds. Time passed: 5 hours, 22 minutes, 48 seconds
[INFO 15:22:07] my_main Recent Stats | t_env:     691121 | Episode:    47690
battle_won_mean:           0.9904	dead_allies_mean:          7.1303	dead_enemies_mean:        23.9576	ep_length_mean:           12.5165
epsilon:                   0.0500	grad_norm:                41.5194	loss:                     29.5530	loss_central:              0.0128
loss_latent:               0.2450	loss_td:                  29.2952	q_taken_mean:             12.5531	return_mean:              19.9615
return_std:                0.4956	target_mean:              12.4978	td_error_abs:              0.1164	test_battle_won_mean:      1.0000
test_dead_allies_mean:     5.4437	test_dead_enemies_mean:   24.0000	test_ep_length_mean:       9.6125	test_return_mean:         20.0056
test_return_std:           0.0095	
[INFO 15:26:38] my_main t_env: 701127 / 2050000
[INFO 15:26:38] my_main Estimated time left: 10 hours, 17 minutes, 18 seconds. Time passed: 5 hours, 27 minutes, 23 seconds
[INFO 15:26:41] my_main Recent Stats | t_env:     701127 | Episode:    48514
battle_won_mean:           0.9901	dead_allies_mean:          7.1881	dead_enemies_mean:        23.9546	ep_length_mean:           12.5492
epsilon:                   0.0500	grad_norm:                38.2001	loss:                     29.1182	loss_central:              0.0138
loss_latent:               0.2654	loss_td:                  28.8390	q_taken_mean:             12.4095	return_mean:              19.9589
return_std:                0.5247	target_mean:              12.3515	td_error_abs:              0.1178	test_battle_won_mean:      1.0000
test_dead_allies_mean:     5.0563	test_dead_enemies_mean:   24.0000	test_ep_length_mean:       9.0813	test_return_mean:         20.0046
test_return_std:           0.0071	
[INFO 15:31:06] my_main t_env: 711134 / 2050000
[INFO 15:31:06] my_main Estimated time left: 9 hours, 57 minutes, 16 seconds. Time passed: 5 hours, 31 minutes, 51 seconds
[INFO 15:31:10] my_main Recent Stats | t_env:     711134 | Episode:    49322
battle_won_mean:           0.9891	dead_allies_mean:          7.3178	dead_enemies_mean:        23.9528	ep_length_mean:           12.6288
epsilon:                   0.0500	grad_norm:                44.0514	loss:                     32.6316	loss_central:              0.0144
loss_latent:               0.2731	loss_td:                  32.3441	q_taken_mean:             12.7620	return_mean:              19.9543
return_std:                0.5491	target_mean:              12.7497	td_error_abs:              0.0771	test_battle_won_mean:      1.0000
test_dead_allies_mean:     5.0500	test_dead_enemies_mean:   24.0000	test_ep_length_mean:       8.8500	test_return_mean:         20.0023
test_return_std:           0.0055	
[INFO 15:35:44] my_main t_env: 721141 / 2050000
[INFO 15:35:44] my_main Estimated time left: 10 hours, 14 minutes, 3 seconds. Time passed: 5 hours, 36 minutes, 28 seconds
[INFO 15:35:47] my_main Recent Stats | t_env:     721141 | Episode:    50137
battle_won_mean:           0.9901	dead_allies_mean:          7.2996	dead_enemies_mean:        23.9553	ep_length_mean:           12.3612
epsilon:                   0.0500	grad_norm:                48.7923	loss:                     32.5679	loss_central:              0.0092
loss_latent:               0.2376	loss_td:                  32.3211	q_taken_mean:             12.8251	return_mean:              19.9570
return_std:                0.5460	target_mean:              12.8126	td_error_abs:              0.0600	test_battle_won_mean:      1.0000
test_dead_allies_mean:     5.0687	test_dead_enemies_mean:   24.0000	test_ep_length_mean:       8.8625	test_return_mean:         20.0024
test_return_std:           0.0054	
[INFO 15:40:34] my_main t_env: 731142 / 2050000
[INFO 15:40:34] my_main Estimated time left: 10 hours, 37 minutes, 53 seconds. Time passed: 5 hours, 41 minutes, 19 seconds
[INFO 15:40:37] my_main Recent Stats | t_env:     731142 | Episode:    51009
battle_won_mean:           0.9917	dead_allies_mean:          7.3545	dead_enemies_mean:        23.9683	ep_length_mean:           12.0974
epsilon:                   0.0500	grad_norm:                45.4408	loss:                     31.2897	loss_central:              0.0120
loss_latent:               0.2665	loss_td:                  31.0112	q_taken_mean:             12.7994	return_mean:              19.9649
return_std:                0.4818	target_mean:              12.7874	td_error_abs:              0.0610	test_battle_won_mean:      1.0000
test_dead_allies_mean:     5.0312	test_dead_enemies_mean:   24.0000	test_ep_length_mean:       8.9062	test_return_mean:         20.0025
test_return_std:           0.0059	
RequestQuit command received.
DataHandler: unable to parse websocket frame.
CloseHandler: 127.0.0.1:42842 disconnected
Closing Application...
ResponseThread: No connection, dropping the response.
[INFO 15:42:14] absl Shutdown gracefully.
[INFO 15:42:14] absl Shutdown with return code: -15
[INFO 15:42:14] absl Launching SC2: /labmount/users/202535331/MARL/pymarl-monotone-qmix/3rdparty/StarCraftII/Versions/Base75689/SC2_x64 -listen 127.0.0.1 -port 35445 -dataDir /labmount/users/202535331/MARL/pymarl-monotone-qmix/3rdparty/StarCraftII/ -tempDir /tmp/sc-0g4bilrb/
[INFO 15:42:14] absl Connecting to: ws://127.0.0.1:35445/sc2api, attempt: 0, running: True
Version: B75689 (SC2.4.10)
Build: Aug 12 2019 17:16:57
Command Line: '"/labmount/users/202535331/MARL/pymarl-monotone-qmix/3rdparty/StarCraftII/Versions/Base75689/SC2_x64" -listen 127.0.0.1 -port 35445 -dataDir /labmount/users/202535331/MARL/pymarl-monotone-qmix/3rdparty/StarCraftII/ -tempDir /tmp/sc-0g4bilrb/'
Starting up...
Startup Phase 1 complete
[INFO 15:42:15] absl Connecting to: ws://127.0.0.1:35445/sc2api, attempt: 1, running: True
Startup Phase 2 complete
Creating stub renderer...
Listening on: 127.0.0.1:35445
Startup Phase 3 complete. Ready for commands.
[INFO 15:42:16] absl Connecting to: ws://127.0.0.1:35445/sc2api, attempt: 2, running: True
ConnectHandler: Request from 127.0.0.1:39298 accepted
ReadyHandler: 127.0.0.1:39298 ready
Requesting to join a single player game
Configuring interface options
Configure: raw interface enabled
Configure: feature layer interface disabled
Configure: score interface disabled
Configure: render interface disabled
Launching next game.
Next launch phase started: 2
Next launch phase started: 3
Next launch phase started: 4
Next launch phase started: 5
Next launch phase started: 6
Next launch phase started: 7
Next launch phase started: 8
Game has started.
Using default stable ids, none found at: /labmount/users/202535331/MARL/pymarl-monotone-qmix/3rdparty/StarCraftII/stableid.json
Successfully loaded stable ids: GameData\stableid.json
Sending ResponseJoinGame
[INFO 15:45:25] my_main t_env: 741148 / 2050000
[INFO 15:45:25] my_main Estimated time left: 10 hours, 35 minutes, 5 seconds. Time passed: 5 hours, 46 minutes, 10 seconds
[INFO 15:45:28] my_main Recent Stats | t_env:     741148 | Episode:    51894
battle_won_mean:           0.9930	dead_allies_mean:          7.2983	dead_enemies_mean:        23.9709	ep_length_mean:           11.9164
epsilon:                   0.0500	grad_norm:                42.5091	loss:                     30.0543	loss_central:              0.0155
loss_latent:               0.3110	loss_td:                  29.7277	q_taken_mean:             12.6986	return_mean:              19.9712
return_std:                0.4633	target_mean:              12.6753	td_error_abs:              0.0713	test_battle_won_mean:      1.0000
test_dead_allies_mean:     5.0125	test_dead_enemies_mean:   24.0000	test_ep_length_mean:       8.9250	test_return_mean:         20.0025
test_return_std:           0.0058	
[INFO 15:50:25] my_main t_env: 751151 / 2050000
[INFO 15:50:25] my_main Estimated time left: 10 hours, 49 minutes, 25 seconds. Time passed: 5 hours, 51 minutes, 10 seconds
[INFO 15:50:29] my_main Recent Stats | t_env:     751151 | Episode:    52845
battle_won_mean:           0.9939	dead_allies_mean:          7.2794	dead_enemies_mean:        23.9750	ep_length_mean:           11.5914
epsilon:                   0.0500	grad_norm:                41.2762	loss:                     28.2154	loss_central:              0.0159
loss_latent:               0.3495	loss_td:                  27.8500	q_taken_mean:             12.5721	return_mean:              19.9750
return_std:                0.4216	target_mean:              12.5932	td_error_abs:              0.1005	test_battle_won_mean:      1.0000
test_dead_allies_mean:     5.1562	test_dead_enemies_mean:   24.0000	test_ep_length_mean:       9.0563	test_return_mean:         20.0030
test_return_std:           0.0067	
[INFO 15:54:40] my_main t_env: 761152 / 2050000
[INFO 15:54:40] my_main Estimated time left: 9 hours, 7 minutes, 29 seconds. Time passed: 5 hours, 55 minutes, 25 seconds
[INFO 15:54:44] my_main Recent Stats | t_env:     761152 | Episode:    53612
battle_won_mean:           0.9953	dead_allies_mean:          7.2326	dead_enemies_mean:        23.9784	ep_length_mean:           11.7223
epsilon:                   0.0500	grad_norm:                37.1417	loss:                     24.5550	loss_central:              0.0160
loss_latent:               0.3498	loss_td:                  24.1892	q_taken_mean:             12.2772	return_mean:              19.9819
return_std:                0.3864	target_mean:              12.3149	td_error_abs:              0.1018	test_battle_won_mean:      1.0000
test_dead_allies_mean:     5.2250	test_dead_enemies_mean:   24.0000	test_ep_length_mean:       9.1125	test_return_mean:         20.0031
test_return_std:           0.0071	
[INFO 15:59:05] my_main t_env: 771159 / 2050000
[INFO 15:59:05] my_main Estimated time left: 9 hours, 23 minutes, 31 seconds. Time passed: 5 hours, 59 minutes, 50 seconds
[INFO 15:59:08] my_main Recent Stats | t_env:     771159 | Episode:    54400
battle_won_mean:           0.9958	dead_allies_mean:          7.3856	dead_enemies_mean:        23.9829	ep_length_mean:           11.8064
epsilon:                   0.0500	grad_norm:                42.5255	loss:                     27.3467	loss_central:              0.0160
loss_latent:               0.3317	loss_td:                  26.9990	q_taken_mean:             12.4637	return_mean:              19.9867
return_std:                0.3399	target_mean:              12.4889	td_error_abs:              0.1055	test_battle_won_mean:      1.0000
test_dead_allies_mean:     5.4750	test_dead_enemies_mean:   24.0000	test_ep_length_mean:       9.1312	test_return_mean:         20.0029
test_return_std:           0.0067	
[INFO 16:03:29] my_main t_env: 781162 / 2050000
[INFO 16:03:29] my_main Estimated time left: 9 hours, 18 minutes, 25 seconds. Time passed: 6 hours, 4 minutes, 14 seconds
[INFO 16:03:32] my_main Recent Stats | t_env:     781162 | Episode:    55213
battle_won_mean:           0.9930	dead_allies_mean:          7.5480	dead_enemies_mean:        23.9774	ep_length_mean:           11.9734
epsilon:                   0.0500	grad_norm:                43.3751	loss:                     27.6335	loss_central:              0.0143
loss_latent:               0.3564	loss_td:                  27.2628	q_taken_mean:             12.4176	return_mean:              19.9758
return_std:                0.4032	target_mean:              12.4549	td_error_abs:              0.1144	test_battle_won_mean:      1.0000
test_dead_allies_mean:     5.6312	test_dead_enemies_mean:   24.0000	test_ep_length_mean:       9.2562	test_return_mean:         20.0035
test_return_std:           0.0078	
[INFO 16:08:14] my_main t_env: 791175 / 2050000
[INFO 16:08:14] my_main Estimated time left: 9 hours, 58 minutes, 4 seconds. Time passed: 6 hours, 8 minutes, 59 seconds
[INFO 16:08:17] my_main Recent Stats | t_env:     791175 | Episode:    56109
battle_won_mean:           0.9928	dead_allies_mean:          7.5437	dead_enemies_mean:        23.9806	ep_length_mean:           11.9472
epsilon:                   0.0500	grad_norm:                44.6467	loss:                     29.2937	loss_central:              0.0119
loss_latent:               0.3281	loss_td:                  28.9538	q_taken_mean:             12.5119	return_mean:              19.9759
return_std:                0.3804	target_mean:              12.5569	td_error_abs:              0.1074	test_battle_won_mean:      1.0000
test_dead_allies_mean:     5.5687	test_dead_enemies_mean:   24.0000	test_ep_length_mean:       9.2562	test_return_mean:         20.0036
test_return_std:           0.0080	
RequestQuit command received.
DataHandler: unable to parse websocket frame.
CloseHandler: 127.0.0.1:39298 disconnected
Closing Application...
ResponseThread: No connection, dropping the response.
[INFO 16:11:03] absl Shutdown gracefully.
[INFO 16:11:03] absl Shutdown with return code: -15
[INFO 16:11:03] absl Launching SC2: /labmount/users/202535331/MARL/pymarl-monotone-qmix/3rdparty/StarCraftII/Versions/Base75689/SC2_x64 -listen 127.0.0.1 -port 43829 -dataDir /labmount/users/202535331/MARL/pymarl-monotone-qmix/3rdparty/StarCraftII/ -tempDir /tmp/sc-9kk_xtfb/
[INFO 16:11:03] absl Connecting to: ws://127.0.0.1:43829/sc2api, attempt: 0, running: True
Version: B75689 (SC2.4.10)
Build: Aug 12 2019 17:16:57
Command Line: '"/labmount/users/202535331/MARL/pymarl-monotone-qmix/3rdparty/StarCraftII/Versions/Base75689/SC2_x64" -listen 127.0.0.1 -port 43829 -dataDir /labmount/users/202535331/MARL/pymarl-monotone-qmix/3rdparty/StarCraftII/ -tempDir /tmp/sc-9kk_xtfb/'
Starting up...
Startup Phase 1 complete
[INFO 16:11:04] absl Connecting to: ws://127.0.0.1:43829/sc2api, attempt: 1, running: True
Startup Phase 2 complete
Creating stub renderer...
Listening on: 127.0.0.1:43829
Startup Phase 3 complete. Ready for commands.
[INFO 16:11:05] absl Connecting to: ws://127.0.0.1:43829/sc2api, attempt: 2, running: True
ConnectHandler: Request from 127.0.0.1:42172 accepted
ReadyHandler: 127.0.0.1:42172 ready
Requesting to join a single player game
Configuring interface options
Configure: raw interface enabled
Configure: feature layer interface disabled
Configure: score interface disabled
Configure: render interface disabled
Launching next game.
Next launch phase started: 2
Next launch phase started: 3
Next launch phase started: 4
Next launch phase started: 5
Next launch phase started: 6
Next launch phase started: 7
Next launch phase started: 8
Game has started.
Using default stable ids, none found at: /labmount/users/202535331/MARL/pymarl-monotone-qmix/3rdparty/StarCraftII/stableid.json
Successfully loaded stable ids: GameData\stableid.json
Sending ResponseJoinGame
[INFO 16:13:07] my_main t_env: 801180 / 2050000
[INFO 16:13:07] my_main Estimated time left: 10 hours, 9 minutes, 46 seconds. Time passed: 6 hours, 13 minutes, 52 seconds
[INFO 16:13:11] my_main Recent Stats | t_env:     801180 | Episode:    56973
battle_won_mean:           0.9930	dead_allies_mean:          7.5095	dead_enemies_mean:        23.9767	ep_length_mean:           12.1594
epsilon:                   0.0500	grad_norm:                44.3719	loss:                     29.4463	loss_central:              0.0106
loss_latent:               0.3179	loss_td:                  29.1178	q_taken_mean:             12.4478	return_mean:              19.9743
return_std:                0.4659	target_mean:              12.4572	td_error_abs:              0.0794	test_battle_won_mean:      1.0000
test_dead_allies_mean:     5.5375	test_dead_enemies_mean:   24.0000	test_ep_length_mean:       9.2000	test_return_mean:         20.0033
test_return_std:           0.0078	
[INFO 16:18:40] my_main t_env: 811186 / 2050000
[INFO 16:18:40] my_main Estimated time left: 11 hours, 26 minutes, 26 seconds. Time passed: 6 hours, 19 minutes, 25 seconds
[INFO 16:18:43] my_main Recent Stats | t_env:     811186 | Episode:    57870
battle_won_mean:           0.9919	dead_allies_mean:          7.5060	dead_enemies_mean:        23.9768	ep_length_mean:           11.7826
epsilon:                   0.0500	grad_norm:                44.0802	loss:                     29.6714	loss_central:              0.0118
loss_latent:               0.3326	loss_td:                  29.3269	q_taken_mean:             12.4591	return_mean:              19.9701
return_std:                0.4718	target_mean:              12.4604	td_error_abs:              0.0812	test_battle_won_mean:      1.0000
test_dead_allies_mean:     5.2750	test_dead_enemies_mean:   24.0000	test_ep_length_mean:       8.7625	test_return_mean:         20.0018
test_return_std:           0.0052	
[INFO 16:24:43] my_main t_env: 821186 / 2050000
[INFO 16:24:43] my_main Estimated time left: 12 hours, 22 minutes, 24 seconds. Time passed: 6 hours, 25 minutes, 27 seconds
[INFO 16:24:46] my_main Recent Stats | t_env:     821186 | Episode:    58850
battle_won_mean:           0.9930	dead_allies_mean:          7.1998	dead_enemies_mean:        23.9802	ep_length_mean:           11.2836
epsilon:                   0.0500	grad_norm:                34.9000	loss:                     24.8493	loss_central:              0.0158
loss_latent:               0.5284	loss_td:                  24.3052	q_taken_mean:             11.9393	return_mean:              19.9737
return_std:                0.4275	target_mean:              11.9560	td_error_abs:              0.0896	test_battle_won_mean:      1.0000
test_dead_allies_mean:     5.2500	test_dead_enemies_mean:   24.0000	test_ep_length_mean:       8.7875	test_return_mean:         20.0020
test_return_std:           0.0059	
[INFO 16:30:16] my_main t_env: 831215 / 2050000
[INFO 16:30:16] my_main Estimated time left: 11 hours, 15 minutes, 2 seconds. Time passed: 6 hours, 31 minutes, 1 seconds
[INFO 16:30:19] my_main Recent Stats | t_env:     831215 | Episode:    59772
battle_won_mean:           0.9960	dead_allies_mean:          7.0096	dead_enemies_mean:        23.9863	ep_length_mean:           10.9983
epsilon:                   0.0500	grad_norm:                40.0173	loss:                     23.5321	loss_central:              0.0176
loss_latent:               0.5345	loss_td:                  22.9801	q_taken_mean:             11.9786	return_mean:              19.9856
return_std:                0.3581	target_mean:              11.9661	td_error_abs:              0.0882	test_battle_won_mean:      1.0000
test_dead_allies_mean:     5.3438	test_dead_enemies_mean:   24.0000	test_ep_length_mean:       8.8000	test_return_mean:         20.0014
test_return_std:           0.0045	
[INFO 16:35:37] my_main t_env: 841221 / 2050000
[INFO 16:35:37] my_main Estimated time left: 10 hours, 47 minutes, 5 seconds. Time passed: 6 hours, 36 minutes, 22 seconds
[INFO 16:35:40] my_main Recent Stats | t_env:     841221 | Episode:    60696
battle_won_mean:           0.9967	dead_allies_mean:          7.0068	dead_enemies_mean:        23.9890	ep_length_mean:           10.9291
epsilon:                   0.0500	grad_norm:                45.5628	loss:                     22.6062	loss_central:              0.0213
loss_latent:               0.5385	loss_td:                  22.0464	q_taken_mean:             11.7453	return_mean:              19.9890
return_std:                0.3240	target_mean:              11.7601	td_error_abs:              0.0963	test_battle_won_mean:      1.0000
test_dead_allies_mean:     5.3312	test_dead_enemies_mean:   24.0000	test_ep_length_mean:       8.7500	test_return_mean:         20.0015
test_return_std:           0.0048	
[INFO 16:41:01] my_main t_env: 851222 / 2050000
[INFO 16:41:01] my_main Estimated time left: 10 hours, 47 minutes, 12 seconds. Time passed: 6 hours, 41 minutes, 46 seconds
[INFO 16:41:05] my_main Recent Stats | t_env:     851222 | Episode:    61646
battle_won_mean:           0.9963	dead_allies_mean:          6.8867	dead_enemies_mean:        23.9916	ep_length_mean:           10.7186
epsilon:                   0.0500	grad_norm:                54.5618	loss:                     23.9091	loss_central:              0.0212
loss_latent:               0.5028	loss_td:                  23.3852	q_taken_mean:             12.2277	return_mean:              19.9894
return_std:                0.2532	target_mean:              12.2416	td_error_abs:              0.0953	test_battle_won_mean:      1.0000
test_dead_allies_mean:     5.3625	test_dead_enemies_mean:   24.0000	test_ep_length_mean:       8.7750	test_return_mean:         20.0021
test_return_std:           0.0065	
RequestQuit command received.
Closing Application...
DataHandler: unable to parse websocket frame.
CloseHandler: 127.0.0.1:42172 disconnected
[INFO 16:45:06] absl Shutdown gracefully.
[INFO 16:45:06] absl Shutdown with return code: -15
[INFO 16:45:06] absl Launching SC2: /labmount/users/202535331/MARL/pymarl-monotone-qmix/3rdparty/StarCraftII/Versions/Base75689/SC2_x64 -listen 127.0.0.1 -port 33267 -dataDir /labmount/users/202535331/MARL/pymarl-monotone-qmix/3rdparty/StarCraftII/ -tempDir /tmp/sc-6in5b0zb/
[INFO 16:45:06] absl Connecting to: ws://127.0.0.1:33267/sc2api, attempt: 0, running: True
Version: B75689 (SC2.4.10)
Build: Aug 12 2019 17:16:57
Command Line: '"/labmount/users/202535331/MARL/pymarl-monotone-qmix/3rdparty/StarCraftII/Versions/Base75689/SC2_x64" -listen 127.0.0.1 -port 33267 -dataDir /labmount/users/202535331/MARL/pymarl-monotone-qmix/3rdparty/StarCraftII/ -tempDir /tmp/sc-6in5b0zb/'
Starting up...
Startup Phase 1 complete
[INFO 16:45:07] absl Connecting to: ws://127.0.0.1:33267/sc2api, attempt: 1, running: True
Startup Phase 2 complete
Creating stub renderer...
Listening on: 127.0.0.1:33267
Startup Phase 3 complete. Ready for commands.
[INFO 16:45:08] absl Connecting to: ws://127.0.0.1:33267/sc2api, attempt: 2, running: True
ConnectHandler: Request from 127.0.0.1:56918 accepted
ReadyHandler: 127.0.0.1:56918 ready
Requesting to join a single player game
Configuring interface options
Configure: raw interface enabled
Configure: feature layer interface disabled
Configure: score interface disabled
Configure: render interface disabled
Launching next game.
Next launch phase started: 2
Next launch phase started: 3
Next launch phase started: 4
Next launch phase started: 5
Next launch phase started: 6
Next launch phase started: 7
Next launch phase started: 8
Game has started.
Using default stable ids, none found at: /labmount/users/202535331/MARL/pymarl-monotone-qmix/3rdparty/StarCraftII/stableid.json
Successfully loaded stable ids: GameData\stableid.json
Sending ResponseJoinGame
[INFO 16:45:53] my_main t_env: 861224 / 2050000
[INFO 16:45:53] my_main Estimated time left: 9 hours, 37 minutes, 4 seconds. Time passed: 6 hours, 46 minutes, 37 seconds
[INFO 16:45:56] my_main Recent Stats | t_env:     861224 | Episode:    62507
battle_won_mean:           0.9965	dead_allies_mean:          6.9361	dead_enemies_mean:        23.9869	ep_length_mean:           10.8109
epsilon:                   0.0500	grad_norm:                56.7821	loss:                     25.3601	loss_central:              0.0200
loss_latent:               0.4938	loss_td:                  24.8463	q_taken_mean:             12.4679	return_mean:              19.9905
return_std:                0.2489	target_mean:              12.4879	td_error_abs:              0.0915	test_battle_won_mean:      0.9938
test_dead_allies_mean:     5.6000	test_dead_enemies_mean:   24.0000	test_ep_length_mean:       8.8812	test_return_mean:         19.9828
test_return_std:           0.1150	
[INFO 16:50:10] my_main t_env: 871367 / 2050000
[INFO 16:50:10] my_main Estimated time left: 8 hours, 17 minutes, 36 seconds. Time passed: 6 hours, 50 minutes, 54 seconds
[INFO 16:50:13] my_main Recent Stats | t_env:     871367 | Episode:    63368
battle_won_mean:           0.9955	dead_allies_mean:          7.0188	dead_enemies_mean:        23.9845	ep_length_mean:           11.1262
epsilon:                   0.0500	grad_norm:                62.4902	loss:                     29.1759	loss_central:              0.0166
loss_latent:               0.3277	loss_td:                  28.8316	q_taken_mean:             12.9379	return_mean:              19.9877
return_std:                0.2809	target_mean:              12.9506	td_error_abs:              0.0810	test_battle_won_mean:      0.9938
test_dead_allies_mean:     5.2750	test_dead_enemies_mean:   24.0000	test_ep_length_mean:       8.7688	test_return_mean:         19.9825
test_return_std:           0.1144	
[INFO 16:54:31] my_main t_env: 881425 / 2050000
[INFO 16:54:31] my_main Estimated time left: 8 hours, 26 minutes, 19 seconds. Time passed: 6 hours, 55 minutes, 16 seconds
[INFO 16:54:34] my_main Recent Stats | t_env:     881425 | Episode:    64231
battle_won_mean:           0.9939	dead_allies_mean:          7.0017	dead_enemies_mean:        23.9781	ep_length_mean:           11.2817
epsilon:                   0.0500	grad_norm:                60.7590	loss:                     31.5654	loss_central:              0.0138
loss_latent:               0.2808	loss_td:                  31.2708	q_taken_mean:             13.2957	return_mean:              19.9797
return_std:                0.3408	target_mean:              13.3193	td_error_abs:              0.0730	test_battle_won_mean:      0.9938
test_dead_allies_mean:     5.3000	test_dead_enemies_mean:   24.0000	test_ep_length_mean:       8.7312	test_return_mean:         19.9825
test_return_std:           0.1143	
[INFO 16:58:57] my_main t_env: 891431 / 2050000
[INFO 16:58:57] my_main Estimated time left: 8 hours, 34 minutes, 10 seconds. Time passed: 6 hours, 59 minutes, 42 seconds
[INFO 16:59:01] my_main Recent Stats | t_env:     891431 | Episode:    65090
battle_won_mean:           0.9917	dead_allies_mean:          7.0353	dead_enemies_mean:        23.9727	ep_length_mean:           11.4455
epsilon:                   0.0500	grad_norm:                62.4866	loss:                     31.0491	loss_central:              0.0139
loss_latent:               0.2882	loss_td:                  30.7470	q_taken_mean:             13.5615	return_mean:              19.9702
return_std:                0.4010	target_mean:              13.6154	td_error_abs:              0.1013	test_battle_won_mean:      0.9938
test_dead_allies_mean:     5.4375	test_dead_enemies_mean:   24.0000	test_ep_length_mean:       8.8187	test_return_mean:         19.9827
test_return_std:           0.1142	
[INFO 17:03:33] my_main t_env: 901438 / 2050000
[INFO 17:03:33] my_main Estimated time left: 8 hours, 47 minutes, 8 seconds. Time passed: 7 hours, 4 minutes, 18 seconds
[INFO 17:03:36] my_main Recent Stats | t_env:     901438 | Episode:    65999
battle_won_mean:           0.9919	dead_allies_mean:          7.1563	dead_enemies_mean:        23.9734	ep_length_mean:           11.5418
epsilon:                   0.0500	grad_norm:                61.7214	loss:                     30.1750	loss_central:              0.0136
loss_latent:               0.2989	loss_td:                  29.8625	q_taken_mean:             13.5015	return_mean:              19.9717
return_std:                0.3890	target_mean:              13.5543	td_error_abs:              0.1008	test_battle_won_mean:      0.9938
test_dead_allies_mean:     5.5687	test_dead_enemies_mean:   24.0000	test_ep_length_mean:       8.8187	test_return_mean:         19.9822
test_return_std:           0.1123	
[INFO 17:07:59] my_main t_env: 911444 / 2050000
[INFO 17:07:59] my_main Estimated time left: 8 hours, 24 minutes, 38 seconds. Time passed: 7 hours, 8 minutes, 44 seconds
[INFO 17:08:02] my_main Recent Stats | t_env:     911444 | Episode:    66840
battle_won_mean:           0.9912	dead_allies_mean:          7.2439	dead_enemies_mean:        23.9735	ep_length_mean:           11.5980
epsilon:                   0.0500	grad_norm:                61.0103	loss:                     27.9884	loss_central:              0.0246
loss_latent:               0.3175	loss_td:                  27.6463	q_taken_mean:             13.3078	return_mean:              19.9666
return_std:                0.4256	target_mean:              13.3835	td_error_abs:              0.1226	test_battle_won_mean:      1.0000
test_dead_allies_mean:     5.2875	test_dead_enemies_mean:   24.0000	test_ep_length_mean:       8.7375	test_return_mean:         20.0015
test_return_std:           0.0038	
[INFO 17:12:55] my_main t_env: 921447 / 2050000
[INFO 17:12:55] my_main Estimated time left: 9 hours, 15 minutes, 57 seconds. Time passed: 7 hours, 13 minutes, 40 seconds
[INFO 17:12:58] my_main Recent Stats | t_env:     921447 | Episode:    67780
battle_won_mean:           0.9921	dead_allies_mean:          7.1105	dead_enemies_mean:        23.9761	ep_length_mean:           11.3702
epsilon:                   0.0500	grad_norm:                57.1515	loss:                     26.2535	loss_central:              0.0284
loss_latent:               0.3846	loss_td:                  25.8406	q_taken_mean:             13.0523	return_mean:              19.9700
return_std:                0.3868	target_mean:              13.1380	td_error_abs:              0.1311	test_battle_won_mean:      1.0000
test_dead_allies_mean:     5.3688	test_dead_enemies_mean:   24.0000	test_ep_length_mean:       8.7875	test_return_mean:         20.0018
test_return_std:           0.0046	
RequestQuit command received.
Closing Application...
DataHandler: unable to parse websocket frame.
CloseHandler: 127.0.0.1:56918 disconnected
[INFO 17:13:07] absl Shutdown gracefully.
[INFO 17:13:07] absl Shutdown with return code: -15
[INFO 17:13:07] absl Launching SC2: /labmount/users/202535331/MARL/pymarl-monotone-qmix/3rdparty/StarCraftII/Versions/Base75689/SC2_x64 -listen 127.0.0.1 -port 34201 -dataDir /labmount/users/202535331/MARL/pymarl-monotone-qmix/3rdparty/StarCraftII/ -tempDir /tmp/sc-pbrlgmj3/
[INFO 17:13:07] absl Connecting to: ws://127.0.0.1:34201/sc2api, attempt: 0, running: True
Version: B75689 (SC2.4.10)
Build: Aug 12 2019 17:16:57
Command Line: '"/labmount/users/202535331/MARL/pymarl-monotone-qmix/3rdparty/StarCraftII/Versions/Base75689/SC2_x64" -listen 127.0.0.1 -port 34201 -dataDir /labmount/users/202535331/MARL/pymarl-monotone-qmix/3rdparty/StarCraftII/ -tempDir /tmp/sc-pbrlgmj3/'
Starting up...
Startup Phase 1 complete
[INFO 17:13:08] absl Connecting to: ws://127.0.0.1:34201/sc2api, attempt: 1, running: True
Startup Phase 2 complete
Creating stub renderer...
Listening on: 127.0.0.1:34201
Startup Phase 3 complete. Ready for commands.
[INFO 17:13:09] absl Connecting to: ws://127.0.0.1:34201/sc2api, attempt: 2, running: True
ConnectHandler: Request from 127.0.0.1:40912 accepted
ReadyHandler: 127.0.0.1:40912 ready
Requesting to join a single player game
Configuring interface options
Configure: raw interface enabled
Configure: feature layer interface disabled
Configure: score interface disabled
Configure: render interface disabled
Launching next game.
Next launch phase started: 2
Next launch phase started: 3
Next launch phase started: 4
Next launch phase started: 5
Next launch phase started: 6
Next launch phase started: 7
Next launch phase started: 8
Game has started.
Using default stable ids, none found at: /labmount/users/202535331/MARL/pymarl-monotone-qmix/3rdparty/StarCraftII/stableid.json
Successfully loaded stable ids: GameData\stableid.json
Sending ResponseJoinGame
[INFO 17:17:42] my_main t_env: 931461 / 2050000
[INFO 17:17:42] my_main Estimated time left: 8 hours, 54 minutes, 16 seconds. Time passed: 7 hours, 18 minutes, 27 seconds
[INFO 17:17:45] my_main Recent Stats | t_env:     931461 | Episode:    68705
battle_won_mean:           0.9940	dead_allies_mean:          6.9256	dead_enemies_mean:        23.9785	ep_length_mean:           11.2045
epsilon:                   0.0500	grad_norm:                57.4970	loss:                     25.8004	loss_central:              0.0288
loss_latent:               0.4064	loss_td:                  25.3651	q_taken_mean:             12.8540	return_mean:              19.9794
return_std:                0.3061	target_mean:              12.9342	td_error_abs:              0.1339	test_battle_won_mean:      1.0000
test_dead_allies_mean:     5.2500	test_dead_enemies_mean:   24.0000	test_ep_length_mean:       9.0250	test_return_mean:         20.0040
test_return_std:           0.0110	
[INFO 17:22:04] my_main t_env: 941476 / 2050000
[INFO 17:22:04] my_main Estimated time left: 8 hours, 4 minutes, 31 seconds. Time passed: 7 hours, 22 minutes, 49 seconds
[INFO 17:22:08] my_main Recent Stats | t_env:     941476 | Episode:    69557
battle_won_mean:           0.9963	dead_allies_mean:          6.7974	dead_enemies_mean:        23.9846	ep_length_mean:           11.2257
epsilon:                   0.0500	grad_norm:                51.0973	loss:                     26.1980	loss_central:              0.0249
loss_latent:               0.4137	loss_td:                  25.7594	q_taken_mean:             12.7288	return_mean:              19.9906
return_std:                0.2328	target_mean:              12.7153	td_error_abs:              0.1279	test_battle_won_mean:      1.0000
test_dead_allies_mean:     5.1375	test_dead_enemies_mean:   24.0000	test_ep_length_mean:       9.0062	test_return_mean:         20.0038
test_return_std:           0.0106	
[INFO 17:25:52] my_main t_env: 951639 / 2050000
[INFO 17:25:52] my_main Estimated time left: 6 hours, 49 minutes, 59 seconds. Time passed: 7 hours, 26 minutes, 37 seconds
[INFO 17:25:55] my_main Recent Stats | t_env:     951639 | Episode:    70266
battle_won_mean:           0.9936	dead_allies_mean:          7.1764	dead_enemies_mean:        23.9778	ep_length_mean:           11.8908
epsilon:                   0.0500	grad_norm:                48.2417	loss:                     27.7565	loss_central:              0.0248
loss_latent:               0.3872	loss_td:                  27.3445	q_taken_mean:             12.7908	return_mean:              19.9812
return_std:                0.2835	target_mean:              12.7764	td_error_abs:              0.1258	test_battle_won_mean:      1.0000
test_dead_allies_mean:     5.0125	test_dead_enemies_mean:   24.0000	test_ep_length_mean:       9.0437	test_return_mean:         20.0039
test_return_std:           0.0112	
[INFO 17:30:04] my_main t_env: 961645 / 2050000
[INFO 17:30:04] my_main Estimated time left: 7 hours, 36 minutes, 44 seconds. Time passed: 7 hours, 30 minutes, 49 seconds
[INFO 17:30:07] my_main Recent Stats | t_env:     961645 | Episode:    71050
battle_won_mean:           0.9952	dead_allies_mean:          7.0866	dead_enemies_mean:        23.9821	ep_length_mean:           12.0638
epsilon:                   0.0500	grad_norm:                50.7386	loss:                     28.8453	loss_central:              0.0206
loss_latent:               0.4786	loss_td:                  28.3461	q_taken_mean:             12.3132	return_mean:              19.9893
return_std:                0.2436	target_mean:              12.2650	td_error_abs:              0.1100	test_battle_won_mean:      1.0000
test_dead_allies_mean:     4.9375	test_dead_enemies_mean:   24.0000	test_ep_length_mean:       9.0875	test_return_mean:         20.0037
test_return_std:           0.0110	
[INFO 17:34:26] my_main t_env: 971692 / 2050000
[INFO 17:34:26] my_main Estimated time left: 7 hours, 49 minutes, 20 seconds. Time passed: 7 hours, 35 minutes, 11 seconds
[INFO 17:34:30] my_main Recent Stats | t_env:     971692 | Episode:    71869
battle_won_mean:           0.9944	dead_allies_mean:          7.3725	dead_enemies_mean:        23.9816	ep_length_mean:           12.3890
epsilon:                   0.0500	grad_norm:                51.1069	loss:                     28.7495	loss_central:              0.0204
loss_latent:               0.3999	loss_td:                  28.3292	q_taken_mean:             12.2411	return_mean:              19.9878
return_std:                0.2649	target_mean:              12.1767	td_error_abs:              0.1050	test_battle_won_mean:      1.0000
test_dead_allies_mean:     5.0750	test_dead_enemies_mean:   24.0000	test_ep_length_mean:       9.2500	test_return_mean:         20.0040
test_return_std:           0.0120	
[INFO 17:38:56] my_main t_env: 981692 / 2050000
[INFO 17:38:56] my_main Estimated time left: 8 hours, 12 seconds. Time passed: 7 hours, 39 minutes, 41 seconds
[INFO 17:38:59] my_main Recent Stats | t_env:     981692 | Episode:    72712
battle_won_mean:           0.9937	dead_allies_mean:          7.6159	dead_enemies_mean:        23.9832	ep_length_mean:           12.5963
epsilon:                   0.0500	grad_norm:                55.2844	loss:                     29.9428	loss_central:              0.0232
loss_latent:               0.3730	loss_td:                  29.5465	q_taken_mean:             12.5571	return_mean:              19.9844
return_std:                0.3098	target_mean:              12.4728	td_error_abs:              0.1199	test_battle_won_mean:      1.0000
test_dead_allies_mean:     4.9062	test_dead_enemies_mean:   24.0000	test_ep_length_mean:       8.9500	test_return_mean:         20.0018
test_return_std:           0.0056	
RequestQuit command received.
Closing Application...
DataHandler: unable to parse websocket frame.
CloseHandler: 127.0.0.1:40912 disconnected
[INFO 17:40:12] absl Shutdown gracefully.
[INFO 17:40:12] absl Shutdown with return code: -15
[INFO 17:40:12] absl Launching SC2: /labmount/users/202535331/MARL/pymarl-monotone-qmix/3rdparty/StarCraftII/Versions/Base75689/SC2_x64 -listen 127.0.0.1 -port 42403 -dataDir /labmount/users/202535331/MARL/pymarl-monotone-qmix/3rdparty/StarCraftII/ -tempDir /tmp/sc-y9y7f4tf/
[INFO 17:40:12] absl Connecting to: ws://127.0.0.1:42403/sc2api, attempt: 0, running: True
Version: B75689 (SC2.4.10)
Build: Aug 12 2019 17:16:57
Command Line: '"/labmount/users/202535331/MARL/pymarl-monotone-qmix/3rdparty/StarCraftII/Versions/Base75689/SC2_x64" -listen 127.0.0.1 -port 42403 -dataDir /labmount/users/202535331/MARL/pymarl-monotone-qmix/3rdparty/StarCraftII/ -tempDir /tmp/sc-y9y7f4tf/'
Starting up...
Startup Phase 1 complete
[INFO 17:40:13] absl Connecting to: ws://127.0.0.1:42403/sc2api, attempt: 1, running: True
Startup Phase 2 complete
Creating stub renderer...
Listening on: 127.0.0.1:42403
Startup Phase 3 complete. Ready for commands.
[INFO 17:40:14] absl Connecting to: ws://127.0.0.1:42403/sc2api, attempt: 2, running: True
ConnectHandler: Request from 127.0.0.1:41284 accepted
ReadyHandler: 127.0.0.1:41284 ready
Requesting to join a single player game
Configuring interface options
Configure: raw interface enabled
Configure: feature layer interface disabled
Configure: score interface disabled
Configure: render interface disabled
Launching next game.
Next launch phase started: 2
Next launch phase started: 3
Next launch phase started: 4
Next launch phase started: 5
Next launch phase started: 6
Next launch phase started: 7
Next launch phase started: 8
Game has started.
Using default stable ids, none found at: /labmount/users/202535331/MARL/pymarl-monotone-qmix/3rdparty/StarCraftII/stableid.json
Successfully loaded stable ids: GameData\stableid.json
Sending ResponseJoinGame
[INFO 17:44:26] my_main t_env: 991702 / 2050000
[INFO 17:44:26] my_main Estimated time left: 9 hours, 40 minutes, 56 seconds. Time passed: 7 hours, 45 minutes, 11 seconds
[INFO 17:44:29] my_main Recent Stats | t_env:     991702 | Episode:    73616
battle_won_mean:           0.9933	dead_allies_mean:          7.6462	dead_enemies_mean:        23.9769	ep_length_mean:           12.4600
epsilon:                   0.0500	grad_norm:                55.7883	loss:                     29.1349	loss_central:              0.0235
loss_latent:               0.3822	loss_td:                  28.7291	q_taken_mean:             12.3295	return_mean:              19.9820
return_std:                0.3324	target_mean:              12.2710	td_error_abs:              0.0954	test_battle_won_mean:      1.0000
test_dead_allies_mean:     5.1375	test_dead_enemies_mean:   24.0000	test_ep_length_mean:       9.0062	test_return_mean:         20.0021
test_return_std:           0.0063	
[INFO 17:49:51] my_main t_env: 1001705 / 2050000
[INFO 17:49:51] my_main Estimated time left: 9 hours, 28 minutes, 51 seconds. Time passed: 7 hours, 50 minutes, 36 seconds
[INFO 17:49:55] my_main Recent Stats | t_env:    1001705 | Episode:    74449
battle_won_mean:           0.9955	dead_allies_mean:          7.3304	dead_enemies_mean:        23.9835	ep_length_mean:           11.9948
epsilon:                   0.0500	grad_norm:                52.9369	loss:                     27.5749	loss_central:              0.0233
loss_latent:               0.3916	loss_td:                  27.1600	q_taken_mean:             12.0792	return_mean:              19.9904
return_std:                0.2826	target_mean:              12.0068	td_error_abs:              0.1013	test_battle_won_mean:      1.0000
test_dead_allies_mean:     5.1188	test_dead_enemies_mean:   24.0000	test_ep_length_mean:       9.0125	test_return_mean:         20.0024
test_return_std:           0.0064	
[INFO 17:55:26] my_main t_env: 1011711 / 2050000
[INFO 17:55:26] my_main Estimated time left: 9 hours, 39 minutes, 0 seconds. Time passed: 7 hours, 56 minutes, 11 seconds
[INFO 17:55:29] my_main Recent Stats | t_env:    1011711 | Episode:    75274
battle_won_mean:           0.9943	dead_allies_mean:          7.2383	dead_enemies_mean:        23.9805	ep_length_mean:           11.8679
epsilon:                   0.0500	grad_norm:                57.8212	loss:                     28.9875	loss_central:              0.0169
loss_latent:               0.2736	loss_td:                  28.6970	q_taken_mean:             12.5226	return_mean:              19.9844
return_std:                0.3167	target_mean:              12.4674	td_error_abs:              0.0995	test_battle_won_mean:      1.0000
test_dead_allies_mean:     5.4375	test_dead_enemies_mean:   24.0000	test_ep_length_mean:       9.0250	test_return_mean:         20.0027
test_return_std:           0.0069	
[INFO 18:01:07] my_main t_env: 1021715 / 2050000
[INFO 18:01:07] my_main Estimated time left: 9 hours, 44 minutes, 18 seconds. Time passed: 8 hours, 1 minutes, 52 seconds
[INFO 18:01:10] my_main Recent Stats | t_env:    1021715 | Episode:    76153
battle_won_mean:           0.9941	dead_allies_mean:          7.0232	dead_enemies_mean:        23.9782	ep_length_mean:           11.6907
epsilon:                   0.0500	grad_norm:                60.3421	loss:                     30.2785	loss_central:              0.0139
loss_latent:               0.3116	loss_td:                  29.9529	q_taken_mean:             12.7138	return_mean:              19.9819
return_std:                0.3350	target_mean:              12.6543	td_error_abs:              0.1018	test_battle_won_mean:      1.0000
test_dead_allies_mean:     5.2812	test_dead_enemies_mean:   24.0000	test_ep_length_mean:       8.8375	test_return_mean:         20.0021
test_return_std:           0.0050	
[INFO 18:06:38] my_main t_env: 1031716 / 2050000
[INFO 18:06:38] my_main Estimated time left: 9 hours, 21 minutes, 15 seconds. Time passed: 8 hours, 7 minutes, 23 seconds
[INFO 18:06:41] my_main Recent Stats | t_env:    1031716 | Episode:    76976
battle_won_mean:           0.9931	dead_allies_mean:          6.9565	dead_enemies_mean:        23.9782	ep_length_mean:           11.7486
epsilon:                   0.0500	grad_norm:                67.4958	loss:                     29.2745	loss_central:              0.0093
loss_latent:               0.2878	loss_td:                  28.9775	q_taken_mean:             12.0598	return_mean:              19.9791
return_std:                0.3398	target_mean:              12.0108	td_error_abs:              0.0914	test_battle_won_mean:      1.0000
test_dead_allies_mean:     5.3812	test_dead_enemies_mean:   24.0000	test_ep_length_mean:       8.7750	test_return_mean:         20.0024
test_return_std:           0.0059	
[INFO 18:12:17] my_main t_env: 1041722 / 2050000
[INFO 18:12:17] my_main Estimated time left: 9 hours, 28 minutes, 23 seconds. Time passed: 8 hours, 13 minutes, 1 seconds
[INFO 18:12:20] my_main Recent Stats | t_env:    1041722 | Episode:    77864
battle_won_mean:           0.9929	dead_allies_mean:          6.9126	dead_enemies_mean:        23.9816	ep_length_mean:           11.7876
epsilon:                   0.0500	grad_norm:                71.7646	loss:                     29.7395	loss_central:              0.0232
loss_latent:               0.2436	loss_td:                  29.4727	q_taken_mean:             12.0824	return_mean:              19.9776
return_std:                0.3586	target_mean:              12.0592	td_error_abs:              0.0850	test_battle_won_mean:      1.0000
test_dead_allies_mean:     5.2313	test_dead_enemies_mean:   24.0000	test_ep_length_mean:       8.6875	test_return_mean:         20.0022
test_return_std:           0.0056	
RequestQuit command received.
Closing Application...
DataHandler: unable to parse websocket frame.
CloseHandler: 127.0.0.1:41284 disconnected
[INFO 18:15:28] absl Shutdown gracefully.
[INFO 18:15:28] absl Shutdown with return code: -15
[INFO 18:15:28] absl Launching SC2: /labmount/users/202535331/MARL/pymarl-monotone-qmix/3rdparty/StarCraftII/Versions/Base75689/SC2_x64 -listen 127.0.0.1 -port 39091 -dataDir /labmount/users/202535331/MARL/pymarl-monotone-qmix/3rdparty/StarCraftII/ -tempDir /tmp/sc-svwy6bgg/
[INFO 18:15:28] absl Connecting to: ws://127.0.0.1:39091/sc2api, attempt: 0, running: True
Version: B75689 (SC2.4.10)
Build: Aug 12 2019 17:16:57
Command Line: '"/labmount/users/202535331/MARL/pymarl-monotone-qmix/3rdparty/StarCraftII/Versions/Base75689/SC2_x64" -listen 127.0.0.1 -port 39091 -dataDir /labmount/users/202535331/MARL/pymarl-monotone-qmix/3rdparty/StarCraftII/ -tempDir /tmp/sc-svwy6bgg/'
Starting up...
Startup Phase 1 complete
[INFO 18:15:29] absl Connecting to: ws://127.0.0.1:39091/sc2api, attempt: 1, running: True
Startup Phase 2 complete
Creating stub renderer...
Listening on: 127.0.0.1:39091
Startup Phase 3 complete. Ready for commands.
[INFO 18:15:30] absl Connecting to: ws://127.0.0.1:39091/sc2api, attempt: 2, running: True
ConnectHandler: Request from 127.0.0.1:39922 accepted
ReadyHandler: 127.0.0.1:39922 ready
Requesting to join a single player game
Configuring interface options
Configure: raw interface enabled
Configure: feature layer interface disabled
Configure: score interface disabled
Configure: render interface disabled
Launching next game.
Next launch phase started: 2
Next launch phase started: 3
Next launch phase started: 4
Next launch phase started: 5
Next launch phase started: 6
Next launch phase started: 7
Next launch phase started: 8
Game has started.
Using default stable ids, none found at: /labmount/users/202535331/MARL/pymarl-monotone-qmix/3rdparty/StarCraftII/stableid.json
Successfully loaded stable ids: GameData\stableid.json
Sending ResponseJoinGame
[INFO 18:18:11] my_main t_env: 1051722 / 2050000
[INFO 18:18:11] my_main Estimated time left: 9 hours, 49 minutes, 2 seconds. Time passed: 8 hours, 18 minutes, 55 seconds
[INFO 18:18:14] my_main Recent Stats | t_env:    1051722 | Episode:    78756
battle_won_mean:           0.9927	dead_allies_mean:          6.7236	dead_enemies_mean:        23.9726	ep_length_mean:           11.6281
epsilon:                   0.0500	grad_norm:                77.4260	loss:                     32.0619	loss_central:              0.0250
loss_latent:               0.2435	loss_td:                  31.7934	q_taken_mean:             12.2613	return_mean:              19.9707
return_std:                0.4599	target_mean:              12.2485	td_error_abs:              0.0813	test_battle_won_mean:      1.0000
test_dead_allies_mean:     5.1813	test_dead_enemies_mean:   24.0000	test_ep_length_mean:       8.6062	test_return_mean:         20.0020
test_return_std:           0.0056	
[INFO 18:23:38] my_main t_env: 1061730 / 2050000
[INFO 18:23:38] my_main Estimated time left: 8 hours, 59 minutes, 20 seconds. Time passed: 8 hours, 24 minutes, 23 seconds
[INFO 18:23:41] my_main Recent Stats | t_env:    1061730 | Episode:    79635
battle_won_mean:           0.9935	dead_allies_mean:          6.7183	dead_enemies_mean:        23.9747	ep_length_mean:           11.4795
epsilon:                   0.0500	grad_norm:                75.5917	loss:                     31.0664	loss_central:              0.0327
loss_latent:               0.2421	loss_td:                  30.7915	q_taken_mean:             12.6017	return_mean:              19.9739
return_std:                0.4374	target_mean:              12.5919	td_error_abs:              0.0833	test_battle_won_mean:      1.0000
test_dead_allies_mean:     4.9437	test_dead_enemies_mean:   24.0000	test_ep_length_mean:       8.5188	test_return_mean:         20.0017
test_return_std:           0.0051	
[INFO 18:29:16] my_main t_env: 1071733 / 2050000
[INFO 18:29:16] my_main Estimated time left: 9 hours, 10 minutes, 28 seconds. Time passed: 8 hours, 30 minutes, 1 seconds
[INFO 18:29:19] my_main Recent Stats | t_env:    1071733 | Episode:    80500
battle_won_mean:           0.9940	dead_allies_mean:          6.7809	dead_enemies_mean:        23.9763	ep_length_mean:           11.5161
epsilon:                   0.0500	grad_norm:                74.4396	loss:                     30.8290	loss_central:              0.0320
loss_latent:               0.1810	loss_td:                  30.6160	q_taken_mean:             12.8367	return_mean:              19.9764
return_std:                0.4165	target_mean:              12.8351	td_error_abs:              0.0759	test_battle_won_mean:      1.0000
test_dead_allies_mean:     5.0250	test_dead_enemies_mean:   24.0000	test_ep_length_mean:       8.6438	test_return_mean:         20.0021
test_return_std:           0.0057	
[INFO 18:34:33] my_main t_env: 1081741 / 2050000
[INFO 18:34:33] my_main Estimated time left: 8 hours, 30 minutes, 55 seconds. Time passed: 8 hours, 35 minutes, 18 seconds
[INFO 18:34:36] my_main Recent Stats | t_env:    1081741 | Episode:    81322
battle_won_mean:           0.9950	dead_allies_mean:          6.8120	dead_enemies_mean:        23.9760	ep_length_mean:           11.5208
epsilon:                   0.0500	grad_norm:                68.7980	loss:                     32.2237	loss_central:              0.0318
loss_latent:               0.1885	loss_td:                  32.0034	q_taken_mean:             13.4599	return_mean:              19.9789
return_std:                0.4161	target_mean:              13.4787	td_error_abs:              0.0646	test_battle_won_mean:      1.0000
test_dead_allies_mean:     5.1437	test_dead_enemies_mean:   24.0000	test_ep_length_mean:       8.7125	test_return_mean:         20.0018
test_return_std:           0.0047	
[INFO 18:39:49] my_main t_env: 1091787 / 2050000
[INFO 18:39:49] my_main Estimated time left: 8 hours, 22 minutes, 46 seconds. Time passed: 8 hours, 40 minutes, 34 seconds
[INFO 18:39:53] my_main Recent Stats | t_env:    1091787 | Episode:    82119
battle_won_mean:           0.9938	dead_allies_mean:          7.0000	dead_enemies_mean:        23.9708	ep_length_mean:           11.7881
epsilon:                   0.0500	grad_norm:                68.1976	loss:                     31.9201	loss_central:              0.0164
loss_latent:               0.1991	loss_td:                  31.7046	q_taken_mean:             13.6974	return_mean:              19.9728
return_std:                0.4525	target_mean:              13.6812	td_error_abs:              0.0775	test_battle_won_mean:      0.9938
test_dead_allies_mean:     5.3187	test_dead_enemies_mean:   23.9937	test_ep_length_mean:       9.7500	test_return_mean:         19.9797
test_return_std:           0.1297	
[INFO 18:45:25] my_main t_env: 1101787 / 2050000
[INFO 18:45:25] my_main Estimated time left: 8 hours, 50 minutes, 5 seconds. Time passed: 8 hours, 46 minutes, 9 seconds
[INFO 18:45:28] my_main Recent Stats | t_env:    1101787 | Episode:    82984
battle_won_mean:           0.9940	dead_allies_mean:          7.0175	dead_enemies_mean:        23.9795	ep_length_mean:           11.8581
epsilon:                   0.0500	grad_norm:                64.4449	loss:                     28.7070	loss_central:              0.0203
loss_latent:               0.3299	loss_td:                  28.3567	q_taken_mean:             13.3738	return_mean:              19.9794
return_std:                0.3570	target_mean:              13.4119	td_error_abs:              0.1191	test_battle_won_mean:      0.9938
test_dead_allies_mean:     5.2500	test_dead_enemies_mean:   23.9937	test_ep_length_mean:      10.2937	test_return_mean:         19.9810
test_return_std:           0.1305	
RequestQuit command received.
Closing Application...
DataHandler: unable to parse websocket frame.
CloseHandler: 127.0.0.1:39922 disconnected
[INFO 18:48:59] absl Shutdown gracefully.
[INFO 18:48:59] absl Shutdown with return code: -15
[INFO 18:48:59] absl Launching SC2: /labmount/users/202535331/MARL/pymarl-monotone-qmix/3rdparty/StarCraftII/Versions/Base75689/SC2_x64 -listen 127.0.0.1 -port 37175 -dataDir /labmount/users/202535331/MARL/pymarl-monotone-qmix/3rdparty/StarCraftII/ -tempDir /tmp/sc-56fzwn6w/
[INFO 18:48:59] absl Connecting to: ws://127.0.0.1:37175/sc2api, attempt: 0, running: True
Version: B75689 (SC2.4.10)
Build: Aug 12 2019 17:16:57
Command Line: '"/labmount/users/202535331/MARL/pymarl-monotone-qmix/3rdparty/StarCraftII/Versions/Base75689/SC2_x64" -listen 127.0.0.1 -port 37175 -dataDir /labmount/users/202535331/MARL/pymarl-monotone-qmix/3rdparty/StarCraftII/ -tempDir /tmp/sc-56fzwn6w/'
Starting up...
Startup Phase 1 complete
[INFO 18:49:00] absl Connecting to: ws://127.0.0.1:37175/sc2api, attempt: 1, running: True
Startup Phase 2 complete
Creating stub renderer...
Listening on: 127.0.0.1:37175
Startup Phase 3 complete. Ready for commands.
[INFO 18:49:01] absl Connecting to: ws://127.0.0.1:37175/sc2api, attempt: 2, running: True
ConnectHandler: Request from 127.0.0.1:48408 accepted
ReadyHandler: 127.0.0.1:48408 ready
Requesting to join a single player game
Configuring interface options
Configure: raw interface enabled
Configure: feature layer interface disabled
Configure: score interface disabled
Configure: render interface disabled
Launching next game.
Next launch phase started: 2
Next launch phase started: 3
Next launch phase started: 4
Next launch phase started: 5
Next launch phase started: 6
Next launch phase started: 7
Next launch phase started: 8
Game has started.
Using default stable ids, none found at: /labmount/users/202535331/MARL/pymarl-monotone-qmix/3rdparty/StarCraftII/stableid.json
Successfully loaded stable ids: GameData\stableid.json
Sending ResponseJoinGame
[INFO 18:50:16] my_main t_env: 1111791 / 2050000
[INFO 18:50:16] my_main Estimated time left: 7 hours, 35 minutes, 10 seconds. Time passed: 8 hours, 51 minutes, 1 seconds
[INFO 18:50:19] my_main Recent Stats | t_env:    1111791 | Episode:    83717
battle_won_mean:           0.9922	dead_allies_mean:          7.2130	dead_enemies_mean:        23.9691	ep_length_mean:           12.3106
epsilon:                   0.0500	grad_norm:                60.7637	loss:                     29.3216	loss_central:              0.0107
loss_latent:               0.3320	loss_td:                  28.9789	q_taken_mean:             13.2293	return_mean:              19.9683
return_std:                0.4729	target_mean:              13.2549	td_error_abs:              0.1092	test_battle_won_mean:      0.9938
test_dead_allies_mean:     5.5500	test_dead_enemies_mean:   23.9937	test_ep_length_mean:      10.5687	test_return_mean:         19.9815
test_return_std:           0.1316	
[INFO 18:53:55] my_main t_env: 1121795 / 2050000
[INFO 18:53:55] my_main Estimated time left: 5 hours, 39 minutes, 46 seconds. Time passed: 8 hours, 54 minutes, 40 seconds
[INFO 18:53:59] my_main Recent Stats | t_env:    1121795 | Episode:    84327
battle_won_mean:           0.9876	dead_allies_mean:          7.3443	dead_enemies_mean:        23.9546	ep_length_mean:           13.2777
epsilon:                   0.0500	grad_norm:                60.3552	loss:                     29.1613	loss_central:              0.0108
loss_latent:               0.3577	loss_td:                  28.7928	q_taken_mean:             13.2456	return_mean:              19.9485
return_std:                0.5787	target_mean:              13.2735	td_error_abs:              0.1088	test_battle_won_mean:      0.9938
test_dead_allies_mean:     5.4188	test_dead_enemies_mean:   23.9937	test_ep_length_mean:      10.4313	test_return_mean:         19.9809
test_return_std:           0.1309	
[INFO 18:58:23] my_main t_env: 1131800 / 2050000
[INFO 18:58:23] my_main Estimated time left: 6 hours, 48 minutes, 41 seconds. Time passed: 8 hours, 59 minutes, 7 seconds
[INFO 18:58:26] my_main Recent Stats | t_env:    1131800 | Episode:    85065
battle_won_mean:           0.9867	dead_allies_mean:          7.3044	dead_enemies_mean:        23.9542	ep_length_mean:           13.5541
epsilon:                   0.0500	grad_norm:                53.5692	loss:                     24.9901	loss_central:              0.0174
loss_latent:               0.5235	loss_td:                  24.4491	q_taken_mean:             12.2587	return_mean:              19.9459
return_std:                0.5936	target_mean:              12.2729	td_error_abs:              0.1228	test_battle_won_mean:      0.9938
test_dead_allies_mean:     5.2938	test_dead_enemies_mean:   23.9937	test_ep_length_mean:      10.3875	test_return_mean:         19.9811
test_return_std:           0.1314	
[INFO 19:03:32] my_main t_env: 1141804 / 2050000
[INFO 19:03:32] my_main Estimated time left: 7 hours, 47 minutes, 47 seconds. Time passed: 9 hours, 4 minutes, 17 seconds
[INFO 19:03:35] my_main Recent Stats | t_env:    1141804 | Episode:    85936
battle_won_mean:           0.9878	dead_allies_mean:          7.1386	dead_enemies_mean:        23.9586	ep_length_mean:           13.3303
epsilon:                   0.0500	grad_norm:                50.1947	loss:                     24.6431	loss_central:              0.0173
loss_latent:               0.5247	loss_td:                  24.1011	q_taken_mean:             12.0437	return_mean:              19.9515
return_std:                0.5672	target_mean:              12.0791	td_error_abs:              0.1065	test_battle_won_mean:      1.0000
test_dead_allies_mean:     5.1188	test_dead_enemies_mean:   24.0000	test_ep_length_mean:       9.5000	test_return_mean:         20.0038
test_return_std:           0.0079	
[INFO 19:08:21] my_main t_env: 1151919 / 2050000
[INFO 19:08:21] my_main Estimated time left: 7 hours, 7 minutes, 18 seconds. Time passed: 9 hours, 9 minutes, 5 seconds
[INFO 19:08:24] my_main Recent Stats | t_env:    1151919 | Episode:    86755
battle_won_mean:           0.9873	dead_allies_mean:          7.2807	dead_enemies_mean:        23.9560	ep_length_mean:           13.4882
epsilon:                   0.0500	grad_norm:                45.1487	loss:                     24.5417	loss_central:              0.0137
loss_latent:               0.5560	loss_td:                  23.9720	q_taken_mean:             11.6696	return_mean:              19.9484
return_std:                0.5918	target_mean:              11.6585	td_error_abs:              0.0719	test_battle_won_mean:      1.0000
test_dead_allies_mean:     5.1937	test_dead_enemies_mean:   24.0000	test_ep_length_mean:       8.8938	test_return_mean:         20.0021
test_return_std:           0.0061	
[INFO 19:13:36] my_main t_env: 1161921 / 2050000
[INFO 19:13:36] my_main Estimated time left: 7 hours, 46 minutes, 13 seconds. Time passed: 9 hours, 14 minutes, 20 seconds
[INFO 19:13:40] my_main Recent Stats | t_env:    1161921 | Episode:    87632
battle_won_mean:           0.9893	dead_allies_mean:          7.0901	dead_enemies_mean:        23.9676	ep_length_mean:           13.0396
epsilon:                   0.0500	grad_norm:                43.5057	loss:                     23.3359	loss_central:              0.0146
loss_latent:               0.5571	loss_td:                  22.7643	q_taken_mean:             11.4349	return_mean:              19.9612
return_std:                0.4559	target_mean:              11.4161	td_error_abs:              0.0753	test_battle_won_mean:      0.9938
test_dead_allies_mean:     5.0938	test_dead_enemies_mean:   23.9937	test_ep_length_mean:       9.9062	test_return_mean:         19.9776
test_return_std:           0.1398	
RequestQuit command received.
Closing Application...
DataHandler: unable to parse websocket frame.
CloseHandler: 127.0.0.1:48408 disconnected
[INFO 19:19:05] absl Shutdown gracefully.
[INFO 19:19:05] absl Shutdown with return code: -15
[INFO 19:19:05] absl Launching SC2: /labmount/users/202535331/MARL/pymarl-monotone-qmix/3rdparty/StarCraftII/Versions/Base75689/SC2_x64 -listen 127.0.0.1 -port 39011 -dataDir /labmount/users/202535331/MARL/pymarl-monotone-qmix/3rdparty/StarCraftII/ -tempDir /tmp/sc-1w3tw44z/
[INFO 19:19:05] absl Connecting to: ws://127.0.0.1:39011/sc2api, attempt: 0, running: True
Version: B75689 (SC2.4.10)
Build: Aug 12 2019 17:16:57
Command Line: '"/labmount/users/202535331/MARL/pymarl-monotone-qmix/3rdparty/StarCraftII/Versions/Base75689/SC2_x64" -listen 127.0.0.1 -port 39011 -dataDir /labmount/users/202535331/MARL/pymarl-monotone-qmix/3rdparty/StarCraftII/ -tempDir /tmp/sc-1w3tw44z/'
Starting up...
Startup Phase 1 complete
[INFO 19:19:06] absl Connecting to: ws://127.0.0.1:39011/sc2api, attempt: 1, running: True
Startup Phase 2 complete
Creating stub renderer...
Listening on: 127.0.0.1:39011
Startup Phase 3 complete. Ready for commands.
[INFO 19:19:07] absl Connecting to: ws://127.0.0.1:39011/sc2api, attempt: 2, running: True
ConnectHandler: Request from 127.0.0.1:39634 accepted
ReadyHandler: 127.0.0.1:39634 ready
Requesting to join a single player game
Configuring interface options
Configure: raw interface enabled
Configure: feature layer interface disabled
Configure: score interface disabled
Configure: render interface disabled
Launching next game.
Next launch phase started: 2
Next launch phase started: 3
Next launch phase started: 4
Next launch phase started: 5
Next launch phase started: 6
Next launch phase started: 7
Next launch phase started: 8
Game has started.
Using default stable ids, none found at: /labmount/users/202535331/MARL/pymarl-monotone-qmix/3rdparty/StarCraftII/stableid.json
Successfully loaded stable ids: GameData\stableid.json
Sending ResponseJoinGame
[INFO 19:19:28] my_main t_env: 1171947 / 2050000
[INFO 19:19:28] my_main Estimated time left: 8 hours, 33 minutes, 55 seconds. Time passed: 9 hours, 20 minutes, 13 seconds
[INFO 19:19:31] my_main Recent Stats | t_env:    1171947 | Episode:    88482
battle_won_mean:           0.9936	dead_allies_mean:          6.9885	dead_enemies_mean:        23.9761	ep_length_mean:           12.1186
epsilon:                   0.0500	grad_norm:                43.4745	loss:                     23.2496	loss_central:              0.0143
loss_latent:               0.5340	loss_td:                  22.7013	q_taken_mean:             11.4767	return_mean:              19.9759
return_std:                0.4517	target_mean:              11.4514	td_error_abs:              0.0783	test_battle_won_mean:      0.9938
test_dead_allies_mean:     5.1437	test_dead_enemies_mean:   23.9937	test_ep_length_mean:       9.8938	test_return_mean:         19.9777
test_return_std:           0.1401	
[INFO 19:25:40] my_main t_env: 1181949 / 2050000
[INFO 19:25:40] my_main Estimated time left: 8 hours, 59 minutes, 3 seconds. Time passed: 9 hours, 26 minutes, 25 seconds
[INFO 19:25:44] my_main Recent Stats | t_env:    1181949 | Episode:    89403
battle_won_mean:           0.9946	dead_allies_mean:          6.9207	dead_enemies_mean:        23.9789	ep_length_mean:           11.5792
epsilon:                   0.0500	grad_norm:                41.0558	loss:                     23.5476	loss_central:              0.0194
loss_latent:               0.6237	loss_td:                  22.9044	q_taken_mean:             11.1554	return_mean:              19.9793
return_std:                0.4154	target_mean:              11.1183	td_error_abs:              0.1165	test_battle_won_mean:      0.9938
test_dead_allies_mean:     5.1625	test_dead_enemies_mean:   23.9937	test_ep_length_mean:       9.9437	test_return_mean:         19.9776
test_return_std:           0.1401	
[INFO 19:31:14] my_main t_env: 1191954 / 2050000
[INFO 19:31:14] my_main Estimated time left: 7 hours, 56 minutes, 35 seconds. Time passed: 9 hours, 31 minutes, 59 seconds
[INFO 19:31:17] my_main Recent Stats | t_env:    1191954 | Episode:    90309
battle_won_mean:           0.9954	dead_allies_mean:          6.8962	dead_enemies_mean:        23.9820	ep_length_mean:           11.4907
epsilon:                   0.0500	grad_norm:                43.7264	loss:                     23.9785	loss_central:              0.0198
loss_latent:               0.6256	loss_td:                  23.3331	q_taken_mean:             11.2351	return_mean:              19.9830
return_std:                0.3834	target_mean:              11.1788	td_error_abs:              0.1313	test_battle_won_mean:      0.9938
test_dead_allies_mean:     5.2313	test_dead_enemies_mean:   23.9937	test_ep_length_mean:       9.8313	test_return_mean:         19.9772
test_return_std:           0.1390	
[INFO 19:37:06] my_main t_env: 1201963 / 2050000
[INFO 19:37:06] my_main Estimated time left: 8 hours, 17 minutes, 49 seconds. Time passed: 9 hours, 37 minutes, 51 seconds
[INFO 19:37:10] my_main Recent Stats | t_env:    1201963 | Episode:    91248
battle_won_mean:           0.9966	dead_allies_mean:          6.8034	dead_enemies_mean:        23.9861	ep_length_mean:           11.1525
epsilon:                   0.0500	grad_norm:                48.1531	loss:                     24.7115	loss_central:              0.0193
loss_latent:               0.4758	loss_td:                  24.2163	q_taken_mean:             11.6954	return_mean:              19.9883
return_std:                0.3402	target_mean:              11.6500	td_error_abs:              0.1339	test_battle_won_mean:      0.9938
test_dead_allies_mean:     5.2125	test_dead_enemies_mean:   23.9937	test_ep_length_mean:      10.0125	test_return_mean:         19.9774
test_return_std:           0.1397	
[INFO 19:42:32] my_main t_env: 1211972 / 2050000
[INFO 19:42:32] my_main Estimated time left: 7 hours, 33 minutes, 42 seconds. Time passed: 9 hours, 43 minutes, 16 seconds
[INFO 19:42:35] my_main Recent Stats | t_env:    1211972 | Episode:    92141
battle_won_mean:           0.9971	dead_allies_mean:          6.8155	dead_enemies_mean:        23.9877	ep_length_mean:           11.1132
epsilon:                   0.0500	grad_norm:                52.5932	loss:                     24.4001	loss_central:              0.0189
loss_latent:               0.4745	loss_td:                  23.9067	q_taken_mean:             12.0161	return_mean:              19.9902
return_std:                0.3151	target_mean:              11.9733	td_error_abs:              0.1320	test_battle_won_mean:      1.0000
test_dead_allies_mean:     5.0625	test_dead_enemies_mean:   24.0000	test_ep_length_mean:       8.7750	test_return_mean:         20.0015
test_return_std:           0.0048	
[INFO 19:47:51] my_main t_env: 1221981 / 2050000
[INFO 19:47:51] my_main Estimated time left: 7 hours, 20 minutes, 46 seconds. Time passed: 9 hours, 48 minutes, 36 seconds
[INFO 19:47:54] my_main Recent Stats | t_env:    1221981 | Episode:    93028
battle_won_mean:           0.9974	dead_allies_mean:          6.7071	dead_enemies_mean:        23.9927	ep_length_mean:           11.0109
epsilon:                   0.0500	grad_norm:                48.0905	loss:                     22.4565	loss_central:              0.0260
loss_latent:               0.5721	loss_td:                  21.8584	q_taken_mean:             11.0911	return_mean:              19.9946
return_std:                0.2251	target_mean:              11.0756	td_error_abs:              0.1465	test_battle_won_mean:      1.0000
test_dead_allies_mean:     5.0938	test_dead_enemies_mean:   24.0000	test_ep_length_mean:       8.7875	test_return_mean:         20.0013
test_return_std:           0.0040	
[INFO 19:53:12] my_main t_env: 1231988 / 2050000
[INFO 19:53:12] my_main Estimated time left: 7 hours, 17 minutes, 15 seconds. Time passed: 9 hours, 53 minutes, 57 seconds
[INFO 19:53:15] my_main Recent Stats | t_env:    1231988 | Episode:    93915
battle_won_mean:           0.9976	dead_allies_mean:          6.8013	dead_enemies_mean:        23.9922	ep_length_mean:           11.0953
epsilon:                   0.0500	grad_norm:                53.7134	loss:                     25.9862	loss_central:              0.0170
loss_latent:               0.3141	loss_td:                  25.6550	q_taken_mean:             12.1611	return_mean:              19.9950
return_std:                0.2276	target_mean:              12.1622	td_error_abs:              0.0998	test_battle_won_mean:      1.0000
test_dead_allies_mean:     5.0938	test_dead_enemies_mean:   24.0000	test_ep_length_mean:       8.7188	test_return_mean:         20.0011
test_return_std:           0.0035	
RequestQuit command received.
Closing Application...
DataHandler: unable to parse websocket frame.
CloseHandler: 127.0.0.1:39634 disconnected
[INFO 19:53:59] absl Shutdown gracefully.
[INFO 19:53:59] absl Shutdown with return code: -15
[INFO 19:53:59] absl Launching SC2: /labmount/users/202535331/MARL/pymarl-monotone-qmix/3rdparty/StarCraftII/Versions/Base75689/SC2_x64 -listen 127.0.0.1 -port 34753 -dataDir /labmount/users/202535331/MARL/pymarl-monotone-qmix/3rdparty/StarCraftII/ -tempDir /tmp/sc-c71fdk1l/
[INFO 19:53:59] absl Connecting to: ws://127.0.0.1:34753/sc2api, attempt: 0, running: True
Version: B75689 (SC2.4.10)
Build: Aug 12 2019 17:16:57
Command Line: '"/labmount/users/202535331/MARL/pymarl-monotone-qmix/3rdparty/StarCraftII/Versions/Base75689/SC2_x64" -listen 127.0.0.1 -port 34753 -dataDir /labmount/users/202535331/MARL/pymarl-monotone-qmix/3rdparty/StarCraftII/ -tempDir /tmp/sc-c71fdk1l/'
Starting up...
Startup Phase 1 complete
[INFO 19:54:00] absl Connecting to: ws://127.0.0.1:34753/sc2api, attempt: 1, running: True
Startup Phase 2 complete
Creating stub renderer...
Listening on: 127.0.0.1:34753
Startup Phase 3 complete. Ready for commands.
[INFO 19:54:01] absl Connecting to: ws://127.0.0.1:34753/sc2api, attempt: 2, running: True
ConnectHandler: Request from 127.0.0.1:45316 accepted
ReadyHandler: 127.0.0.1:45316 ready
Requesting to join a single player game
Configuring interface options
Configure: raw interface enabled
Configure: feature layer interface disabled
Configure: score interface disabled
Configure: render interface disabled
Launching next game.
Next launch phase started: 2
Next launch phase started: 3
Next launch phase started: 4
Next launch phase started: 5
Next launch phase started: 6
Next launch phase started: 7
Next launch phase started: 8
Game has started.
Using default stable ids, none found at: /labmount/users/202535331/MARL/pymarl-monotone-qmix/3rdparty/StarCraftII/stableid.json
Successfully loaded stable ids: GameData\stableid.json
Sending ResponseJoinGame
[INFO 19:58:50] my_main t_env: 1241996 / 2050000
[INFO 19:58:50] my_main Estimated time left: 7 hours, 34 minutes, 49 seconds. Time passed: 9 hours, 59 minutes, 35 seconds
[INFO 19:58:53] my_main Recent Stats | t_env:    1241996 | Episode:    94869
battle_won_mean:           0.9969	dead_allies_mean:          6.7318	dead_enemies_mean:        23.9856	ep_length_mean:           10.9848
epsilon:                   0.0500	grad_norm:                54.1757	loss:                     26.2451	loss_central:              0.0216
loss_latent:               0.3620	loss_td:                  25.8615	q_taken_mean:             12.1671	return_mean:              19.9917
return_std:                0.2478	target_mean:              12.1994	td_error_abs:              0.0887	test_battle_won_mean:      1.0000
test_dead_allies_mean:     4.9062	test_dead_enemies_mean:   24.0000	test_ep_length_mean:       8.6500	test_return_mean:         20.0008
test_return_std:           0.0028	
[INFO 20:04:20] my_main t_env: 1252000 / 2050000
[INFO 20:04:20] my_main Estimated time left: 7 hours, 18 minutes, 11 seconds. Time passed: 10 hours, 5 minutes, 5 seconds
[INFO 20:04:23] my_main Recent Stats | t_env:    1252000 | Episode:    95822
battle_won_mean:           0.9965	dead_allies_mean:          6.7698	dead_enemies_mean:        23.9835	ep_length_mean:           10.9524
epsilon:                   0.0500	grad_norm:                58.4647	loss:                     27.5229	loss_central:              0.0201
loss_latent:               0.3315	loss_td:                  27.1713	q_taken_mean:             12.4516	return_mean:              19.9892
return_std:                0.2711	target_mean:              12.4730	td_error_abs:              0.0785	test_battle_won_mean:      1.0000
test_dead_allies_mean:     5.0250	test_dead_enemies_mean:   24.0000	test_ep_length_mean:       8.6687	test_return_mean:         20.0006
test_return_std:           0.0022	
[INFO 20:10:01] my_main t_env: 1262004 / 2050000
[INFO 20:10:01] my_main Estimated time left: 7 hours, 27 minutes, 24 seconds. Time passed: 10 hours, 10 minutes, 45 seconds
[INFO 20:10:04] my_main Recent Stats | t_env:    1262004 | Episode:    96780
battle_won_mean:           0.9959	dead_allies_mean:          6.8045	dead_enemies_mean:        23.9773	ep_length_mean:           10.7993
epsilon:                   0.0500	grad_norm:                54.9870	loss:                     28.1093	loss_central:              0.0211
loss_latent:               0.3475	loss_td:                  27.7407	q_taken_mean:             12.3309	return_mean:              19.9830
return_std:                0.3550	target_mean:              12.3535	td_error_abs:              0.0808	test_battle_won_mean:      1.0000
test_dead_allies_mean:     5.0000	test_dead_enemies_mean:   24.0000	test_ep_length_mean:       8.5938	test_return_mean:         20.0007
test_return_std:           0.0024	
[INFO 20:15:35] my_main t_env: 1272004 / 2050000
[INFO 20:15:35] my_main Estimated time left: 7 hours, 13 minutes, 40 seconds. Time passed: 10 hours, 16 minutes, 20 seconds
[INFO 20:15:38] my_main Recent Stats | t_env:    1272004 | Episode:    97741
battle_won_mean:           0.9960	dead_allies_mean:          6.7579	dead_enemies_mean:        23.9773	ep_length_mean:           10.6236
epsilon:                   0.0500	grad_norm:                56.1294	loss:                     29.1527	loss_central:              0.0200
loss_latent:               0.3368	loss_td:                  28.7960	q_taken_mean:             12.7387	return_mean:              19.9826
return_std:                0.3601	target_mean:              12.7032	td_error_abs:              0.1074	test_battle_won_mean:      1.0000
test_dead_allies_mean:     4.9938	test_dead_enemies_mean:   24.0000	test_ep_length_mean:       8.6375	test_return_mean:         20.0010
test_return_std:           0.0034	
[INFO 20:20:04] my_main t_env: 1282008 / 2050000
[INFO 20:20:04] my_main Estimated time left: 5 hours, 44 minutes, 32 seconds. Time passed: 10 hours, 20 minutes, 49 seconds
[INFO 20:20:07] my_main Recent Stats | t_env:    1282008 | Episode:    98708
battle_won_mean:           0.9964	dead_allies_mean:          6.6699	dead_enemies_mean:        23.9780	ep_length_mean:           10.4364
epsilon:                   0.0500	grad_norm:                59.0194	loss:                     28.6158	loss_central:              0.0186
loss_latent:               0.3641	loss_td:                  28.2330	q_taken_mean:             12.8065	return_mean:              19.9839
return_std:                0.3486	target_mean:              12.7765	td_error_abs:              0.1057	test_battle_won_mean:      1.0000
test_dead_allies_mean:     4.8375	test_dead_enemies_mean:   24.0000	test_ep_length_mean:       8.5813	test_return_mean:         20.0011
test_return_std:           0.0038	
[INFO 20:24:16] my_main t_env: 1292016 / 2050000
[INFO 20:24:16] my_main Estimated time left: 5 hours, 17 minutes, 22 seconds. Time passed: 10 hours, 25 minutes, 1 seconds
[INFO 20:24:19] my_main Recent Stats | t_env:    1292016 | Episode:    99650
battle_won_mean:           0.9966	dead_allies_mean:          6.8061	dead_enemies_mean:        23.9830	ep_length_mean:           10.4631
epsilon:                   0.0500	grad_norm:                59.5204	loss:                     28.7526	loss_central:              0.0135
loss_latent:               0.3039	loss_td:                  28.4352	q_taken_mean:             13.0448	return_mean:              19.9844
return_std:                0.3469	target_mean:              13.0299	td_error_abs:              0.1133	test_battle_won_mean:      1.0000
test_dead_allies_mean:     5.0250	test_dead_enemies_mean:   24.0000	test_ep_length_mean:       8.6875	test_return_mean:         20.0014
test_return_std:           0.0046	
RequestQuit command received.
DataHandler: unable to parse websocket frame.
Closing Application...
CloseHandler: 127.0.0.1:45316 disconnected
ResponseThread: No connection, dropping the response.
[INFO 20:25:56] absl Shutdown gracefully.
[INFO 20:25:56] absl Shutdown with return code: -15
[INFO 20:25:56] absl Launching SC2: /labmount/users/202535331/MARL/pymarl-monotone-qmix/3rdparty/StarCraftII/Versions/Base75689/SC2_x64 -listen 127.0.0.1 -port 43817 -dataDir /labmount/users/202535331/MARL/pymarl-monotone-qmix/3rdparty/StarCraftII/ -tempDir /tmp/sc-195361sp/
[INFO 20:25:56] absl Connecting to: ws://127.0.0.1:43817/sc2api, attempt: 0, running: True
Version: B75689 (SC2.4.10)
Build: Aug 12 2019 17:16:57
Command Line: '"/labmount/users/202535331/MARL/pymarl-monotone-qmix/3rdparty/StarCraftII/Versions/Base75689/SC2_x64" -listen 127.0.0.1 -port 43817 -dataDir /labmount/users/202535331/MARL/pymarl-monotone-qmix/3rdparty/StarCraftII/ -tempDir /tmp/sc-195361sp/'
Starting up...
Startup Phase 1 complete
[INFO 20:25:57] absl Connecting to: ws://127.0.0.1:43817/sc2api, attempt: 1, running: True
Startup Phase 2 complete
Creating stub renderer...
Listening on: 127.0.0.1:43817
Startup Phase 3 complete. Ready for commands.
[INFO 20:25:58] absl Connecting to: ws://127.0.0.1:43817/sc2api, attempt: 2, running: True
ConnectHandler: Request from 127.0.0.1:56736 accepted
ReadyHandler: 127.0.0.1:56736 ready
Requesting to join a single player game
Configuring interface options
Configure: raw interface enabled
Configure: feature layer interface disabled
Configure: score interface disabled
Configure: render interface disabled
Launching next game.
Next launch phase started: 2
Next launch phase started: 3
Next launch phase started: 4
Next launch phase started: 5
Next launch phase started: 6
Next launch phase started: 7
Next launch phase started: 8
Game has started.
Using default stable ids, none found at: /labmount/users/202535331/MARL/pymarl-monotone-qmix/3rdparty/StarCraftII/stableid.json
Successfully loaded stable ids: GameData\stableid.json
Sending ResponseJoinGame
[INFO 20:28:34] my_main t_env: 1302016 / 2050000
[INFO 20:28:34] my_main Estimated time left: 5 hours, 21 minutes, 27 seconds. Time passed: 10 hours, 29 minutes, 18 seconds
[INFO 20:28:37] my_main Recent Stats | t_env:    1302016 | Episode:   100589
battle_won_mean:           0.9966	dead_allies_mean:          6.9127	dead_enemies_mean:        23.9798	ep_length_mean:           10.4935
epsilon:                   0.0500	grad_norm:                57.2496	loss:                     29.5951	loss_central:              0.0133
loss_latent:               0.2968	loss_td:                  29.2851	q_taken_mean:             13.1055	return_mean:              19.9819
return_std:                0.4187	target_mean:              13.0810	td_error_abs:              0.1114	test_battle_won_mean:      1.0000
test_dead_allies_mean:     5.0375	test_dead_enemies_mean:   24.0000	test_ep_length_mean:       8.6813	test_return_mean:         20.0016
test_return_std:           0.0049	
[INFO 20:32:42] my_main t_env: 1312022 / 2050000
[INFO 20:32:42] my_main Estimated time left: 5 hours, 5 minutes, 43 seconds. Time passed: 10 hours, 33 minutes, 27 seconds
[INFO 20:32:45] my_main Recent Stats | t_env:    1312022 | Episode:   101492
battle_won_mean:           0.9959	dead_allies_mean:          6.9376	dead_enemies_mean:        23.9823	ep_length_mean:           10.6212
epsilon:                   0.0500	grad_norm:                60.6062	loss:                     28.9097	loss_central:              0.0158
loss_latent:               0.3314	loss_td:                  28.5625	q_taken_mean:             13.1343	return_mean:              19.9815
return_std:                0.3987	target_mean:              13.0861	td_error_abs:              0.1301	test_battle_won_mean:      1.0000
test_dead_allies_mean:     5.1688	test_dead_enemies_mean:   24.0000	test_ep_length_mean:       8.8438	test_return_mean:         20.0021
test_return_std:           0.0059	
[INFO 20:36:56] my_main t_env: 1322025 / 2050000
[INFO 20:36:56] my_main Estimated time left: 5 hours, 7 minutes, 19 seconds. Time passed: 10 hours, 37 minutes, 40 seconds
[INFO 20:36:59] my_main Recent Stats | t_env:    1322025 | Episode:   102408
battle_won_mean:           0.9959	dead_allies_mean:          7.0446	dead_enemies_mean:        23.9817	ep_length_mean:           10.7241
epsilon:                   0.0500	grad_norm:                66.2941	loss:                     31.3809	loss_central:              0.0102
loss_latent:               0.2458	loss_td:                  31.1250	q_taken_mean:             13.5829	return_mean:              19.9813
return_std:                0.4040	target_mean:              13.5754	td_error_abs:              0.0865	test_battle_won_mean:      1.0000
test_dead_allies_mean:     4.9688	test_dead_enemies_mean:   24.0000	test_ep_length_mean:       8.7000	test_return_mean:         20.0018
test_return_std:           0.0049	
[INFO 20:40:57] my_main t_env: 1332032 / 2050000
[INFO 20:40:57] my_main Estimated time left: 4 hours, 48 minutes, 15 seconds. Time passed: 10 hours, 41 minutes, 42 seconds
[INFO 20:41:00] my_main Recent Stats | t_env:    1332032 | Episode:   103238
battle_won_mean:           0.9937	dead_allies_mean:          7.1687	dead_enemies_mean:        23.9777	ep_length_mean:           11.0663
epsilon:                   0.0500	grad_norm:                65.7465	loss:                     32.0626	loss_central:              0.0097
loss_latent:               0.2417	loss_td:                  31.8112	q_taken_mean:             13.5690	return_mean:              19.9737
return_std:                0.4527	target_mean:              13.5527	td_error_abs:              0.0902	test_battle_won_mean:      1.0000
test_dead_allies_mean:     5.2375	test_dead_enemies_mean:   24.0000	test_ep_length_mean:       8.8562	test_return_mean:         20.0024
test_return_std:           0.0056	
[INFO 20:45:20] my_main t_env: 1342037 / 2050000
[INFO 20:45:20] my_main Estimated time left: 5 hours, 10 minutes, 8 seconds. Time passed: 10 hours, 46 minutes, 5 seconds
[INFO 20:45:23] my_main Recent Stats | t_env:    1342037 | Episode:   104131
battle_won_mean:           0.9932	dead_allies_mean:          7.1240	dead_enemies_mean:        23.9757	ep_length_mean:           11.1822
epsilon:                   0.0500	grad_norm:                61.8220	loss:                     31.5969	loss_central:              0.0102
loss_latent:               0.2674	loss_td:                  31.3192	q_taken_mean:             13.1808	return_mean:              19.9717
return_std:                0.4696	target_mean:              13.1368	td_error_abs:              0.0812	test_battle_won_mean:      1.0000
test_dead_allies_mean:     5.2562	test_dead_enemies_mean:   24.0000	test_ep_length_mean:       8.9187	test_return_mean:         20.0027
test_return_std:           0.0061	
[INFO 20:49:36] my_main t_env: 1352045 / 2050000
[INFO 20:49:36] my_main Estimated time left: 4 hours, 57 minutes, 43 seconds. Time passed: 10 hours, 50 minutes, 21 seconds
[INFO 20:49:39] my_main Recent Stats | t_env:    1352045 | Episode:   105000
battle_won_mean:           0.9936	dead_allies_mean:          7.0185	dead_enemies_mean:        23.9809	ep_length_mean:           11.3557
epsilon:                   0.0500	grad_norm:                63.6227	loss:                     30.9783	loss_central:              0.0116
loss_latent:               0.3308	loss_td:                  30.6359	q_taken_mean:             13.1959	return_mean:              19.9769
return_std:                0.3739	target_mean:              13.1506	td_error_abs:              0.0845	test_battle_won_mean:      1.0000
test_dead_allies_mean:     5.0438	test_dead_enemies_mean:   24.0000	test_ep_length_mean:       8.8000	test_return_mean:         20.0025
test_return_std:           0.0062	
RequestQuit command received.
Closing Application...
DataHandler: unable to parse websocket frame.
CloseHandler: 127.0.0.1:56736 disconnected
[INFO 20:52:10] absl Shutdown gracefully.
[INFO 20:52:10] absl Shutdown with return code: -15
[INFO 20:52:10] absl Launching SC2: /labmount/users/202535331/MARL/pymarl-monotone-qmix/3rdparty/StarCraftII/Versions/Base75689/SC2_x64 -listen 127.0.0.1 -port 41383 -dataDir /labmount/users/202535331/MARL/pymarl-monotone-qmix/3rdparty/StarCraftII/ -tempDir /tmp/sc-qgz1f7gm/
[INFO 20:52:10] absl Connecting to: ws://127.0.0.1:41383/sc2api, attempt: 0, running: True
Version: B75689 (SC2.4.10)
Build: Aug 12 2019 17:16:57
Command Line: '"/labmount/users/202535331/MARL/pymarl-monotone-qmix/3rdparty/StarCraftII/Versions/Base75689/SC2_x64" -listen 127.0.0.1 -port 41383 -dataDir /labmount/users/202535331/MARL/pymarl-monotone-qmix/3rdparty/StarCraftII/ -tempDir /tmp/sc-qgz1f7gm/'
Starting up...
Startup Phase 1 complete
[INFO 20:52:11] absl Connecting to: ws://127.0.0.1:41383/sc2api, attempt: 1, running: True
Startup Phase 2 complete
Creating stub renderer...
Listening on: 127.0.0.1:41383
Startup Phase 3 complete. Ready for commands.
[INFO 20:52:12] absl Connecting to: ws://127.0.0.1:41383/sc2api, attempt: 2, running: True
ConnectHandler: Request from 127.0.0.1:55368 accepted
ReadyHandler: 127.0.0.1:55368 ready
Requesting to join a single player game
Configuring interface options
Configure: raw interface enabled
Configure: feature layer interface disabled
Configure: score interface disabled
Configure: render interface disabled
Launching next game.
Next launch phase started: 2
Next launch phase started: 3
Next launch phase started: 4
Next launch phase started: 5
Next launch phase started: 6
Next launch phase started: 7
Next launch phase started: 8
Game has started.
Using default stable ids, none found at: /labmount/users/202535331/MARL/pymarl-monotone-qmix/3rdparty/StarCraftII/stableid.json
Successfully loaded stable ids: GameData\stableid.json
Sending ResponseJoinGame
[INFO 20:54:20] my_main t_env: 1362077 / 2050000
[INFO 20:54:20] my_main Estimated time left: 5 hours, 24 minutes, 42 seconds. Time passed: 10 hours, 55 minutes, 5 seconds
[INFO 20:54:23] my_main Recent Stats | t_env:    1362077 | Episode:   105843
battle_won_mean:           0.9932	dead_allies_mean:          6.9722	dead_enemies_mean:        23.9737	ep_length_mean:           11.5196
epsilon:                   0.0500	grad_norm:                63.2673	loss:                     31.9160	loss_central:              0.0081
loss_latent:               0.2671	loss_td:                  31.6408	q_taken_mean:             13.2515	return_mean:              19.9720
return_std:                0.4548	target_mean:              13.2560	td_error_abs:              0.0803	test_battle_won_mean:      1.0000
test_dead_allies_mean:     4.9500	test_dead_enemies_mean:   24.0000	test_ep_length_mean:       8.6875	test_return_mean:         20.0022
test_return_std:           0.0055	
[INFO 21:00:01] my_main t_env: 1372081 / 2050000
[INFO 21:00:01] my_main Estimated time left: 6 hours, 25 minutes, 24 seconds. Time passed: 11 hours, 46 seconds
[INFO 21:00:04] my_main Recent Stats | t_env:    1372081 | Episode:   106793
battle_won_mean:           0.9928	dead_allies_mean:          6.9495	dead_enemies_mean:        23.9730	ep_length_mean:           11.4416
epsilon:                   0.0500	grad_norm:                60.7522	loss:                     29.2188	loss_central:              0.0083
loss_latent:               0.3002	loss_td:                  28.9102	q_taken_mean:             13.0417	return_mean:              19.9699
return_std:                0.4673	target_mean:              13.0377	td_error_abs:              0.0831	test_battle_won_mean:      1.0000
test_dead_allies_mean:     5.1312	test_dead_enemies_mean:   24.0000	test_ep_length_mean:       8.7937	test_return_mean:         20.0028
test_return_std:           0.0071	
[INFO 21:04:47] my_main t_env: 1382088 / 2050000
[INFO 21:04:47] my_main Estimated time left: 5 hours, 18 minutes, 13 seconds. Time passed: 11 hours, 5 minutes, 32 seconds
[INFO 21:04:50] my_main Recent Stats | t_env:    1382088 | Episode:   107749
battle_won_mean:           0.9952	dead_allies_mean:          6.8118	dead_enemies_mean:        23.9783	ep_length_mean:           11.1238
epsilon:                   0.0500	grad_norm:                63.8530	loss:                     27.4441	loss_central:              0.0098
loss_latent:               0.3550	loss_td:                  27.0792	q_taken_mean:             12.7470	return_mean:              19.9791
return_std:                0.3806	target_mean:              12.7562	td_error_abs:              0.0832	test_battle_won_mean:      1.0000
test_dead_allies_mean:     5.0812	test_dead_enemies_mean:   24.0000	test_ep_length_mean:       8.7812	test_return_mean:         20.0025
test_return_std:           0.0068	
[INFO 21:09:12] my_main t_env: 1392092 / 2050000
[INFO 21:09:12] my_main Estimated time left: 4 hours, 50 minutes, 4 seconds. Time passed: 11 hours, 9 minutes, 57 seconds
[INFO 21:09:15] my_main Recent Stats | t_env:    1392092 | Episode:   108678
battle_won_mean:           0.9951	dead_allies_mean:          6.8601	dead_enemies_mean:        23.9811	ep_length_mean:           11.0367
epsilon:                   0.0500	grad_norm:                66.6119	loss:                     27.6830	loss_central:              0.0111
loss_latent:               0.3920	loss_td:                  27.2798	q_taken_mean:             12.9535	return_mean:              19.9799
return_std:                0.3571	target_mean:              12.9705	td_error_abs:              0.0855	test_battle_won_mean:      1.0000
test_dead_allies_mean:     4.9875	test_dead_enemies_mean:   24.0000	test_ep_length_mean:       8.6375	test_return_mean:         20.0018
test_return_std:           0.0054	
[INFO 21:13:35] my_main t_env: 1402101 / 2050000
[INFO 21:13:35] my_main Estimated time left: 4 hours, 44 minutes, 15 seconds. Time passed: 11 hours, 14 minutes, 20 seconds
[INFO 21:13:39] my_main Recent Stats | t_env:    1402101 | Episode:   109585
battle_won_mean:           0.9944	dead_allies_mean:          6.8172	dead_enemies_mean:        23.9798	ep_length_mean:           10.9405
epsilon:                   0.0500	grad_norm:                60.6403	loss:                     25.2721	loss_central:              0.0109
loss_latent:               0.3545	loss_td:                  24.9066	q_taken_mean:             12.3119	return_mean:              19.9770
return_std:                0.3797	target_mean:              12.3258	td_error_abs:              0.0872	test_battle_won_mean:      0.9938
test_dead_allies_mean:     5.3375	test_dead_enemies_mean:   23.9937	test_ep_length_mean:       8.9000	test_return_mean:         19.9823
test_return_std:           0.1224	
[INFO 21:17:47] my_main t_env: 1412181 / 2050000
[INFO 21:17:47] my_main Estimated time left: 4 hours, 25 minutes, 48 seconds. Time passed: 11 hours, 18 minutes, 32 seconds
[INFO 21:17:51] my_main Recent Stats | t_env:    1412181 | Episode:   110438
battle_won_mean:           0.9947	dead_allies_mean:          6.7888	dead_enemies_mean:        23.9839	ep_length_mean:           10.9238
epsilon:                   0.0500	grad_norm:                62.0120	loss:                     26.6379	loss_central:              0.0128
loss_latent:               0.3640	loss_td:                  26.2611	q_taken_mean:             12.5188	return_mean:              19.9811
return_std:                0.3168	target_mean:              12.4906	td_error_abs:              0.0797	test_battle_won_mean:      0.9938
test_dead_allies_mean:     5.4125	test_dead_enemies_mean:   23.9937	test_ep_length_mean:       8.9187	test_return_mean:         19.9823
test_return_std:           0.1227	
RequestQuit command received.
Closing Application...
DataHandler: unable to parse websocket frame.
CloseHandler: 127.0.0.1:55368 disconnected
[INFO 21:21:01] absl Shutdown gracefully.
[INFO 21:21:01] absl Shutdown with return code: -15
[INFO 21:21:01] absl Launching SC2: /labmount/users/202535331/MARL/pymarl-monotone-qmix/3rdparty/StarCraftII/Versions/Base75689/SC2_x64 -listen 127.0.0.1 -port 40007 -dataDir /labmount/users/202535331/MARL/pymarl-monotone-qmix/3rdparty/StarCraftII/ -tempDir /tmp/sc-w46fugx1/
[INFO 21:21:01] absl Connecting to: ws://127.0.0.1:40007/sc2api, attempt: 0, running: True
Version: B75689 (SC2.4.10)
Build: Aug 12 2019 17:16:57
Command Line: '"/labmount/users/202535331/MARL/pymarl-monotone-qmix/3rdparty/StarCraftII/Versions/Base75689/SC2_x64" -listen 127.0.0.1 -port 40007 -dataDir /labmount/users/202535331/MARL/pymarl-monotone-qmix/3rdparty/StarCraftII/ -tempDir /tmp/sc-w46fugx1/'
Starting up...
Startup Phase 1 complete
[INFO 21:21:02] absl Connecting to: ws://127.0.0.1:40007/sc2api, attempt: 1, running: True
Startup Phase 2 complete
Creating stub renderer...
Listening on: 127.0.0.1:40007
Startup Phase 3 complete. Ready for commands.
[INFO 21:21:03] absl Connecting to: ws://127.0.0.1:40007/sc2api, attempt: 2, running: True
ConnectHandler: Request from 127.0.0.1:48312 accepted
ReadyHandler: 127.0.0.1:48312 ready
Requesting to join a single player game
Configuring interface options
Configure: raw interface enabled
Configure: feature layer interface disabled
Configure: score interface disabled
Configure: render interface disabled
Launching next game.
Next launch phase started: 2
Next launch phase started: 3
Next launch phase started: 4
Next launch phase started: 5
Next launch phase started: 6
Next launch phase started: 7
Next launch phase started: 8
Game has started.
Using default stable ids, none found at: /labmount/users/202535331/MARL/pymarl-monotone-qmix/3rdparty/StarCraftII/stableid.json
Successfully loaded stable ids: GameData\stableid.json
Sending ResponseJoinGame
[INFO 21:21:35] my_main t_env: 1422183 / 2050000
[INFO 21:21:35] my_main Estimated time left: 3 hours, 57 minutes, 54 seconds. Time passed: 11 hours, 22 minutes, 20 seconds
[INFO 21:21:38] my_main Recent Stats | t_env:    1422183 | Episode:   111141
battle_won_mean:           0.9901	dead_allies_mean:          7.0946	dead_enemies_mean:        23.9610	ep_length_mean:           11.6632
epsilon:                   0.0500	grad_norm:                64.0249	loss:                     28.1700	loss_central:              0.0126
loss_latent:               0.3376	loss_td:                  27.8198	q_taken_mean:             12.6692	return_mean:              19.9611
return_std:                0.3935	target_mean:              12.6430	td_error_abs:              0.0790	test_battle_won_mean:      0.9938
test_dead_allies_mean:     5.6063	test_dead_enemies_mean:   23.9937	test_ep_length_mean:       8.9688	test_return_mean:         19.9821
test_return_std:           0.1221	
[INFO 21:26:03] my_main t_env: 1432221 / 2050000
[INFO 21:26:03] my_main Estimated time left: 4 hours, 35 minutes, 31 seconds. Time passed: 11 hours, 26 minutes, 48 seconds
[INFO 21:26:07] my_main Recent Stats | t_env:    1432221 | Episode:   111966
battle_won_mean:           0.9884	dead_allies_mean:          7.2297	dead_enemies_mean:        23.9544	ep_length_mean:           12.0032
epsilon:                   0.0500	grad_norm:                59.3994	loss:                     28.1872	loss_central:              0.0163
loss_latent:               0.2754	loss_td:                  27.8955	q_taken_mean:             12.8383	return_mean:              19.9530
return_std:                0.4865	target_mean:              12.8199	td_error_abs:              0.0788	test_battle_won_mean:      0.9938
test_dead_allies_mean:     5.5750	test_dead_enemies_mean:   23.9937	test_ep_length_mean:       8.9125	test_return_mean:         19.9818
test_return_std:           0.1214	
[INFO 21:30:53] my_main t_env: 1442312 / 2050000
[INFO 21:30:53] my_main Estimated time left: 4 hours, 50 minutes, 45 seconds. Time passed: 11 hours, 31 minutes, 38 seconds
[INFO 21:30:56] my_main Recent Stats | t_env:    1442312 | Episode:   112873
battle_won_mean:           0.9890	dead_allies_mean:          7.1749	dead_enemies_mean:        23.9539	ep_length_mean:           12.0746
epsilon:                   0.0500	grad_norm:                58.5720	loss:                     29.0505	loss_central:              0.0147
loss_latent:               0.2244	loss_td:                  28.8114	q_taken_mean:             12.8492	return_mean:              19.9547
return_std:                0.4957	target_mean:              12.8283	td_error_abs:              0.0732	test_battle_won_mean:      0.9938
test_dead_allies_mean:     5.6750	test_dead_enemies_mean:   23.9937	test_ep_length_mean:       9.0000	test_return_mean:         19.9821
test_return_std:           0.1224	
[INFO 21:35:45] my_main t_env: 1452313 / 2050000
[INFO 21:35:45] my_main Estimated time left: 4 hours, 50 minutes, 49 seconds. Time passed: 11 hours, 36 minutes, 30 seconds
[INFO 21:35:48] my_main Recent Stats | t_env:    1452313 | Episode:   113752
battle_won_mean:           0.9887	dead_allies_mean:          7.2227	dead_enemies_mean:        23.9541	ep_length_mean:           12.1431
epsilon:                   0.0500	grad_norm:                62.0827	loss:                     30.0131	loss_central:              0.0189
loss_latent:               0.2766	loss_td:                  29.7175	q_taken_mean:             13.2285	return_mean:              19.9543
return_std:                0.4921	target_mean:              13.2060	td_error_abs:              0.0802	test_battle_won_mean:      1.0000
test_dead_allies_mean:     5.6125	test_dead_enemies_mean:   24.0000	test_ep_length_mean:       8.8125	test_return_mean:         20.0021
test_return_std:           0.0057	
[INFO 21:40:48] my_main t_env: 1462331 / 2050000
[INFO 21:40:48] my_main Estimated time left: 4 hours, 56 minutes, 16 seconds. Time passed: 11 hours, 41 minutes, 33 seconds
[INFO 21:40:51] my_main Recent Stats | t_env:    1462331 | Episode:   114673
battle_won_mean:           0.9897	dead_allies_mean:          7.2914	dead_enemies_mean:        23.9590	ep_length_mean:           11.9551
epsilon:                   0.0500	grad_norm:                61.4917	loss:                     28.7481	loss_central:              0.0174
loss_latent:               0.2779	loss_td:                  28.4529	q_taken_mean:             12.9227	return_mean:              19.9593
return_std:                0.4399	target_mean:              12.9159	td_error_abs:              0.0725	test_battle_won_mean:      1.0000
test_dead_allies_mean:     5.8187	test_dead_enemies_mean:   24.0000	test_ep_length_mean:       9.0000	test_return_mean:         20.0028
test_return_std:           0.0077	
[INFO 21:45:27] my_main t_env: 1472332 / 2050000
[INFO 21:45:27] my_main Estimated time left: 4 hours, 28 minutes, 8 seconds. Time passed: 11 hours, 46 minutes, 12 seconds
[INFO 21:45:30] my_main Recent Stats | t_env:    1472332 | Episode:   115521
battle_won_mean:           0.9945	dead_allies_mean:          7.0731	dead_enemies_mean:        23.9847	ep_length_mean:           11.4683
epsilon:                   0.0500	grad_norm:                67.8773	loss:                     28.8685	loss_central:              0.0261
loss_latent:               0.2760	loss_td:                  28.5664	q_taken_mean:             13.1108	return_mean:              19.9822
return_std:                0.3330	target_mean:              13.1081	td_error_abs:              0.0722	test_battle_won_mean:      1.0000
test_dead_allies_mean:     5.6188	test_dead_enemies_mean:   24.0000	test_ep_length_mean:       8.9250	test_return_mean:         20.0026
test_return_std:           0.0075	
[INFO 21:50:11] my_main t_env: 1482335 / 2050000
[INFO 21:50:11] my_main Estimated time left: 4 hours, 28 minutes, 48 seconds. Time passed: 11 hours, 50 minutes, 56 seconds
[INFO 21:50:14] my_main Recent Stats | t_env:    1482335 | Episode:   116392
battle_won_mean:           0.9943	dead_allies_mean:          7.0546	dead_enemies_mean:        23.9837	ep_length_mean:           11.3318
epsilon:                   0.0500	grad_norm:                66.7930	loss:                     28.8802	loss_central:              0.0206
loss_latent:               0.2974	loss_td:                  28.5621	q_taken_mean:             12.9948	return_mean:              19.9808
return_std:                0.3383	target_mean:              12.9715	td_error_abs:              0.0715	test_battle_won_mean:      1.0000
test_dead_allies_mean:     5.4688	test_dead_enemies_mean:   24.0000	test_ep_length_mean:       8.9062	test_return_mean:         20.0027
test_return_std:           0.0078	
DataHandler: unable to parse websocket frame.
CloseHandler: 127.0.0.1:48312 disconnected
[INFO 21:50:25] absl Shutdown gracefully.
[INFO 21:50:25] absl Shutdown with return code: -15
[INFO 21:50:25] absl Launching SC2: /labmount/users/202535331/MARL/pymarl-monotone-qmix/3rdparty/StarCraftII/Versions/Base75689/SC2_x64 -listen 127.0.0.1 -port 39003 -dataDir /labmount/users/202535331/MARL/pymarl-monotone-qmix/3rdparty/StarCraftII/ -tempDir /tmp/sc-qa2r87x9/
[INFO 21:50:25] absl Connecting to: ws://127.0.0.1:39003/sc2api, attempt: 0, running: True
Version: B75689 (SC2.4.10)
Build: Aug 12 2019 17:16:57
Command Line: '"/labmount/users/202535331/MARL/pymarl-monotone-qmix/3rdparty/StarCraftII/Versions/Base75689/SC2_x64" -listen 127.0.0.1 -port 39003 -dataDir /labmount/users/202535331/MARL/pymarl-monotone-qmix/3rdparty/StarCraftII/ -tempDir /tmp/sc-qa2r87x9/'
Starting up...
Startup Phase 1 complete
[INFO 21:50:26] absl Connecting to: ws://127.0.0.1:39003/sc2api, attempt: 1, running: True
Startup Phase 2 complete
Creating stub renderer...
Listening on: 127.0.0.1:39003
Startup Phase 3 complete. Ready for commands.
[INFO 21:50:27] absl Connecting to: ws://127.0.0.1:39003/sc2api, attempt: 2, running: True
ConnectHandler: Request from 127.0.0.1:53634 accepted
ReadyHandler: 127.0.0.1:53634 ready
Requesting to join a single player game
Configuring interface options
Configure: raw interface enabled
Configure: feature layer interface disabled
Configure: score interface disabled
Configure: render interface disabled
Launching next game.
Next launch phase started: 2
Next launch phase started: 3
Next launch phase started: 4
Next launch phase started: 5
Next launch phase started: 6
Next launch phase started: 7
Next launch phase started: 8
Game has started.
Using default stable ids, none found at: /labmount/users/202535331/MARL/pymarl-monotone-qmix/3rdparty/StarCraftII/stableid.json
Successfully loaded stable ids: GameData\stableid.json
Sending ResponseJoinGame
[INFO 21:55:25] my_main t_env: 1492343 / 2050000
[INFO 21:55:25] my_main Estimated time left: 4 hours, 51 minutes, 19 seconds. Time passed: 11 hours, 56 minutes, 9 seconds
[INFO 21:55:28] my_main Recent Stats | t_env:    1492343 | Episode:   117228
battle_won_mean:           0.9940	dead_allies_mean:          7.0403	dead_enemies_mean:        23.9839	ep_length_mean:           11.5009
epsilon:                   0.0500	grad_norm:                68.7428	loss:                     28.8169	loss_central:              0.0213
loss_latent:               0.3032	loss_td:                  28.4924	q_taken_mean:             13.0681	return_mean:              19.9804
return_std:                0.3306	target_mean:              13.0598	td_error_abs:              0.0785	test_battle_won_mean:      1.0000
test_dead_allies_mean:     5.2625	test_dead_enemies_mean:   24.0000	test_ep_length_mean:       8.8500	test_return_mean:         20.0025
test_return_std:           0.0072	
[INFO 22:00:45] my_main t_env: 1502344 / 2050000
[INFO 22:00:45] my_main Estimated time left: 4 hours, 52 minutes, 41 seconds. Time passed: 12 hours, 1 minutes, 30 seconds
[INFO 22:00:49] my_main Recent Stats | t_env:    1502344 | Episode:   118104
battle_won_mean:           0.9947	dead_allies_mean:          6.9509	dead_enemies_mean:        23.9835	ep_length_mean:           11.5087
epsilon:                   0.0500	grad_norm:                71.5610	loss:                     29.3029	loss_central:              0.0249
loss_latent:               0.3128	loss_td:                  28.9652	q_taken_mean:             12.9922	return_mean:              19.9822
return_std:                0.3361	target_mean:              12.9910	td_error_abs:              0.0742	test_battle_won_mean:      1.0000
test_dead_allies_mean:     5.2375	test_dead_enemies_mean:   24.0000	test_ep_length_mean:       9.0000	test_return_mean:         20.0030
test_return_std:           0.0082	
[INFO 22:05:52] my_main t_env: 1512366 / 2050000
[INFO 22:05:52] my_main Estimated time left: 4 hours, 33 minutes, 48 seconds. Time passed: 12 hours, 6 minutes, 36 seconds
[INFO 22:05:55] my_main Recent Stats | t_env:    1512366 | Episode:   118928
battle_won_mean:           0.9932	dead_allies_mean:          7.0150	dead_enemies_mean:        23.9815	ep_length_mean:           11.7657
epsilon:                   0.0500	grad_norm:                70.0685	loss:                     29.5149	loss_central:              0.0250
loss_latent:               0.3067	loss_td:                  29.1832	q_taken_mean:             13.0234	return_mean:              19.9774
return_std:                0.3639	target_mean:              13.0149	td_error_abs:              0.0742	test_battle_won_mean:      1.0000
test_dead_allies_mean:     5.2687	test_dead_enemies_mean:   24.0000	test_ep_length_mean:       8.9250	test_return_mean:         20.0023
test_return_std:           0.0059	
[INFO 22:11:03] my_main t_env: 1522369 / 2050000
[INFO 22:11:03] my_main Estimated time left: 4 hours, 33 minutes, 28 seconds. Time passed: 12 hours, 11 minutes, 47 seconds
[INFO 22:11:06] my_main Recent Stats | t_env:    1522369 | Episode:   119787
battle_won_mean:           0.9929	dead_allies_mean:          7.0458	dead_enemies_mean:        23.9792	ep_length_mean:           11.7360
epsilon:                   0.0500	grad_norm:                58.7605	loss:                     27.8542	loss_central:              0.0172
loss_latent:               0.3682	loss_td:                  27.4688	q_taken_mean:             12.5114	return_mean:              19.9747
return_std:                0.3905	target_mean:              12.4779	td_error_abs:              0.0940	test_battle_won_mean:      1.0000
test_dead_allies_mean:     5.1562	test_dead_enemies_mean:   24.0000	test_ep_length_mean:       8.8500	test_return_mean:         20.0021
test_return_std:           0.0053	
[INFO 22:16:09] my_main t_env: 1532557 / 2050000
[INFO 22:16:09] my_main Estimated time left: 4 hours, 19 minutes, 25 seconds. Time passed: 12 hours, 16 minutes, 54 seconds
[INFO 22:16:13] my_main Recent Stats | t_env:    1532557 | Episode:   120589
battle_won_mean:           0.9928	dead_allies_mean:          7.1211	dead_enemies_mean:        23.9830	ep_length_mean:           11.9798
epsilon:                   0.0500	grad_norm:                57.6552	loss:                     27.6327	loss_central:              0.0166
loss_latent:               0.3310	loss_td:                  27.2851	q_taken_mean:             12.7999	return_mean:              19.9775
return_std:                0.3610	target_mean:              12.7845	td_error_abs:              0.0914	test_battle_won_mean:      1.0000
test_dead_allies_mean:     5.4250	test_dead_enemies_mean:   24.0000	test_ep_length_mean:       8.9563	test_return_mean:         20.0019
test_return_std:           0.0047	
[INFO 22:21:05] my_main t_env: 1542560 / 2050000
[INFO 22:21:05] my_main Estimated time left: 4 hours, 9 minutes, 54 seconds. Time passed: 12 hours, 21 minutes, 50 seconds
[INFO 22:21:08] my_main Recent Stats | t_env:    1542560 | Episode:   121320
battle_won_mean:           0.9912	dead_allies_mean:          7.4719	dead_enemies_mean:        23.9802	ep_length_mean:           12.3223
epsilon:                   0.0500	grad_norm:                52.7318	loss:                     25.6643	loss_central:              0.0168
loss_latent:               0.3465	loss_td:                  25.3010	q_taken_mean:             12.4509	return_mean:              19.9723
return_std:                0.3849	target_mean:              12.4208	td_error_abs:              0.0874	test_battle_won_mean:      1.0000
test_dead_allies_mean:     5.5563	test_dead_enemies_mean:   24.0000	test_ep_length_mean:       8.9437	test_return_mean:         20.0019
test_return_std:           0.0048	
RequestQuit command received.
Closing Application...
DataHandler: unable to parse websocket frame.
CloseHandler: 127.0.0.1:53634 disconnected
[INFO 22:22:35] absl Shutdown gracefully.
[INFO 22:22:35] absl Shutdown with return code: -15
[INFO 22:22:35] absl Launching SC2: /labmount/users/202535331/MARL/pymarl-monotone-qmix/3rdparty/StarCraftII/Versions/Base75689/SC2_x64 -listen 127.0.0.1 -port 40373 -dataDir /labmount/users/202535331/MARL/pymarl-monotone-qmix/3rdparty/StarCraftII/ -tempDir /tmp/sc-t70042t7/
[INFO 22:22:35] absl Connecting to: ws://127.0.0.1:40373/sc2api, attempt: 0, running: True
Version: B75689 (SC2.4.10)
Build: Aug 12 2019 17:16:57
Command Line: '"/labmount/users/202535331/MARL/pymarl-monotone-qmix/3rdparty/StarCraftII/Versions/Base75689/SC2_x64" -listen 127.0.0.1 -port 40373 -dataDir /labmount/users/202535331/MARL/pymarl-monotone-qmix/3rdparty/StarCraftII/ -tempDir /tmp/sc-t70042t7/'
Starting up...
Startup Phase 1 complete
[INFO 22:22:36] absl Connecting to: ws://127.0.0.1:40373/sc2api, attempt: 1, running: True
Startup Phase 2 complete
Creating stub renderer...
Listening on: 127.0.0.1:40373
Startup Phase 3 complete. Ready for commands.
[INFO 22:22:37] absl Connecting to: ws://127.0.0.1:40373/sc2api, attempt: 2, running: True
ConnectHandler: Request from 127.0.0.1:51524 accepted
ReadyHandler: 127.0.0.1:51524 ready
Requesting to join a single player game
Configuring interface options
Configure: raw interface enabled
Configure: feature layer interface disabled
Configure: score interface disabled
Configure: render interface disabled
Launching next game.
Next launch phase started: 2
Next launch phase started: 3
Next launch phase started: 4
Next launch phase started: 5
Next launch phase started: 6
Next launch phase started: 7
Next launch phase started: 8
Game has started.
Using default stable ids, none found at: /labmount/users/202535331/MARL/pymarl-monotone-qmix/3rdparty/StarCraftII/stableid.json
Successfully loaded stable ids: GameData\stableid.json
Sending ResponseJoinGame
[INFO 22:26:41] my_main t_env: 1552563 / 2050000
[INFO 22:26:41] my_main Estimated time left: 4 hours, 38 minutes, 35 seconds. Time passed: 12 hours, 27 minutes, 26 seconds
[INFO 22:26:44] my_main Recent Stats | t_env:    1552563 | Episode:   122166
battle_won_mean:           0.9907	dead_allies_mean:          7.6807	dead_enemies_mean:        23.9805	ep_length_mean:           12.4037
epsilon:                   0.0500	grad_norm:                49.8880	loss:                     26.8465	loss_central:              0.0090
loss_latent:               0.3018	loss_td:                  26.5357	q_taken_mean:             12.7485	return_mean:              19.9713
return_std:                0.3790	target_mean:              12.7284	td_error_abs:              0.0847	test_battle_won_mean:      1.0000
test_dead_allies_mean:     5.5187	test_dead_enemies_mean:   24.0000	test_ep_length_mean:       8.6937	test_return_mean:         20.0009
test_return_std:           0.0032	
[INFO 22:32:26] my_main t_env: 1562567 / 2050000
[INFO 22:32:26] my_main Estimated time left: 4 hours, 40 minutes, 16 seconds. Time passed: 12 hours, 33 minutes, 11 seconds
[INFO 22:32:29] my_main Recent Stats | t_env:    1562567 | Episode:   123064
battle_won_mean:           0.9918	dead_allies_mean:          7.6288	dead_enemies_mean:        23.9818	ep_length_mean:           12.1993
epsilon:                   0.0500	grad_norm:                50.3536	loss:                     24.7171	loss_central:              0.0090
loss_latent:               0.3181	loss_td:                  24.3901	q_taken_mean:             12.3653	return_mean:              19.9745
return_std:                0.3631	target_mean:              12.3463	td_error_abs:              0.0875	test_battle_won_mean:      1.0000
test_dead_allies_mean:     5.2812	test_dead_enemies_mean:   24.0000	test_ep_length_mean:       8.6438	test_return_mean:         20.0009
test_return_std:           0.0032	
[INFO 22:38:18] my_main t_env: 1572568 / 2050000
[INFO 22:38:18] my_main Estimated time left: 4 hours, 40 minutes, 13 seconds. Time passed: 12 hours, 39 minutes, 3 seconds
[INFO 22:38:22] my_main Recent Stats | t_env:    1572568 | Episode:   123960
battle_won_mean:           0.9921	dead_allies_mean:          7.5465	dead_enemies_mean:        23.9794	ep_length_mean:           12.1027
epsilon:                   0.0500	grad_norm:                51.6560	loss:                     24.1192	loss_central:              0.0084
loss_latent:               0.2776	loss_td:                  23.8331	q_taken_mean:             12.2506	return_mean:              19.9749
return_std:                0.3656	target_mean:              12.2556	td_error_abs:              0.0673	test_battle_won_mean:      1.0000
test_dead_allies_mean:     5.4688	test_dead_enemies_mean:   24.0000	test_ep_length_mean:       8.9000	test_return_mean:         20.0012
test_return_std:           0.0036	
[INFO 22:44:15] my_main t_env: 1582570 / 2050000
[INFO 22:44:15] my_main Estimated time left: 4 hours, 37 minutes, 52 seconds. Time passed: 12 hours, 45 minutes, 0 seconds
[INFO 22:44:18] my_main Recent Stats | t_env:    1582570 | Episode:   124884
battle_won_mean:           0.9928	dead_allies_mean:          7.3934	dead_enemies_mean:        23.9795	ep_length_mean:           11.7269
epsilon:                   0.0500	grad_norm:                54.8031	loss:                     26.0457	loss_central:              0.0113
loss_latent:               0.3770	loss_td:                  25.6574	q_taken_mean:             12.0036	return_mean:              19.9757
return_std:                0.3705	target_mean:              12.0006	td_error_abs:              0.0718	test_battle_won_mean:      1.0000
test_dead_allies_mean:     5.4000	test_dead_enemies_mean:   24.0000	test_ep_length_mean:       8.8688	test_return_mean:         20.0021
test_return_std:           0.0065	
[INFO 22:49:50] my_main t_env: 1592571 / 2050000
[INFO 22:49:50] my_main Estimated time left: 4 hours, 15 minutes, 24 seconds. Time passed: 12 hours, 50 minutes, 35 seconds
[INFO 22:49:53] my_main Recent Stats | t_env:    1592571 | Episode:   125769
battle_won_mean:           0.9951	dead_allies_mean:          7.1004	dead_enemies_mean:        23.9819	ep_length_mean:           11.2503
epsilon:                   0.0500	grad_norm:                62.5727	loss:                     28.2403	loss_central:              0.0166
loss_latent:               0.4008	loss_td:                  27.8229	q_taken_mean:             12.2364	return_mean:              19.9830
return_std:                0.3467	target_mean:              12.2291	td_error_abs:              0.0724	test_battle_won_mean:      1.0000
test_dead_allies_mean:     5.3500	test_dead_enemies_mean:   24.0000	test_ep_length_mean:       8.8688	test_return_mean:         20.0022
test_return_std:           0.0068	
[INFO 22:55:22] my_main t_env: 1602573 / 2050000
[INFO 22:55:22] my_main Estimated time left: 4 hours, 7 minutes, 45 seconds. Time passed: 12 hours, 56 minutes, 7 seconds
[INFO 22:55:25] my_main Recent Stats | t_env:    1602573 | Episode:   126676
battle_won_mean:           0.9951	dead_allies_mean:          7.0764	dead_enemies_mean:        23.9776	ep_length_mean:           11.0910
epsilon:                   0.0500	grad_norm:                63.1408	loss:                     27.6818	loss_central:              0.0161
loss_latent:               0.3658	loss_td:                  27.2999	q_taken_mean:             12.2235	return_mean:              19.9797
return_std:                0.3965	target_mean:              12.2005	td_error_abs:              0.0734	test_battle_won_mean:      1.0000
test_dead_allies_mean:     5.3438	test_dead_enemies_mean:   24.0000	test_ep_length_mean:       8.8875	test_return_mean:         20.0024
test_return_std:           0.0074	
RequestQuit command received.
Closing Application...
DataHandler: unable to parse websocket frame.
CloseHandler: 127.0.0.1:51524 disconnected
[INFO 22:58:07] absl Shutdown gracefully.
[INFO 22:58:07] absl Shutdown with return code: -15
[INFO 22:58:07] absl Launching SC2: /labmount/users/202535331/MARL/pymarl-monotone-qmix/3rdparty/StarCraftII/Versions/Base75689/SC2_x64 -listen 127.0.0.1 -port 43513 -dataDir /labmount/users/202535331/MARL/pymarl-monotone-qmix/3rdparty/StarCraftII/ -tempDir /tmp/sc-onpxw2v5/
[INFO 22:58:07] absl Connecting to: ws://127.0.0.1:43513/sc2api, attempt: 0, running: True
Version: B75689 (SC2.4.10)
Build: Aug 12 2019 17:16:57
Command Line: '"/labmount/users/202535331/MARL/pymarl-monotone-qmix/3rdparty/StarCraftII/Versions/Base75689/SC2_x64" -listen 127.0.0.1 -port 43513 -dataDir /labmount/users/202535331/MARL/pymarl-monotone-qmix/3rdparty/StarCraftII/ -tempDir /tmp/sc-onpxw2v5/'
Starting up...
Startup Phase 1 complete
[INFO 22:58:08] absl Connecting to: ws://127.0.0.1:43513/sc2api, attempt: 1, running: True
Startup Phase 2 complete
Creating stub renderer...
Listening on: 127.0.0.1:43513
Startup Phase 3 complete. Ready for commands.
[INFO 22:58:09] absl Connecting to: ws://127.0.0.1:43513/sc2api, attempt: 2, running: True
ConnectHandler: Request from 127.0.0.1:50008 accepted
ReadyHandler: 127.0.0.1:50008 ready
Requesting to join a single player game
Configuring interface options
Configure: raw interface enabled
Configure: feature layer interface disabled
Configure: score interface disabled
Configure: render interface disabled
Launching next game.
Next launch phase started: 2
Next launch phase started: 3
Next launch phase started: 4
Next launch phase started: 5
Next launch phase started: 6
Next launch phase started: 7
Next launch phase started: 8
Game has started.
Using default stable ids, none found at: /labmount/users/202535331/MARL/pymarl-monotone-qmix/3rdparty/StarCraftII/stableid.json
Successfully loaded stable ids: GameData\stableid.json
Sending ResponseJoinGame
[INFO 23:00:45] my_main t_env: 1612576 / 2050000
[INFO 23:00:45] my_main Estimated time left: 3 hours, 55 minutes, 18 seconds. Time passed: 13 hours, 1 minutes, 30 seconds
[INFO 23:00:48] my_main Recent Stats | t_env:    1612576 | Episode:   127592
battle_won_mean:           0.9958	dead_allies_mean:          6.9827	dead_enemies_mean:        23.9731	ep_length_mean:           11.0470
epsilon:                   0.0500	grad_norm:                66.3501	loss:                     30.2647	loss_central:              0.0168
loss_latent:               0.4201	loss_td:                  29.8279	q_taken_mean:             12.4770	return_mean:              19.9813
return_std:                0.4020	target_mean:              12.4851	td_error_abs:              0.0877	test_battle_won_mean:      1.0000
test_dead_allies_mean:     5.1813	test_dead_enemies_mean:   24.0000	test_ep_length_mean:       8.7750	test_return_mean:         20.0023
test_return_std:           0.0075	
[INFO 23:05:48] my_main t_env: 1622583 / 2050000
[INFO 23:05:48] my_main Estimated time left: 3 hours, 35 minutes, 16 seconds. Time passed: 13 hours, 6 minutes, 32 seconds
[INFO 23:05:51] my_main Recent Stats | t_env:    1622583 | Episode:   128469
battle_won_mean:           0.9963	dead_allies_mean:          6.8785	dead_enemies_mean:        23.9771	ep_length_mean:           11.0967
epsilon:                   0.0500	grad_norm:                72.0996	loss:                     33.3895	loss_central:              0.0353
loss_latent:               0.4512	loss_td:                  32.9030	q_taken_mean:             13.0575	return_mean:              19.9844
return_std:                0.3723	target_mean:              13.0466	td_error_abs:              0.1028	test_battle_won_mean:      1.0000
test_dead_allies_mean:     5.0125	test_dead_enemies_mean:   24.0000	test_ep_length_mean:       8.6625	test_return_mean:         20.0023
test_return_std:           0.0081	
[INFO 23:10:50] my_main t_env: 1632587 / 2050000
[INFO 23:10:50] my_main Estimated time left: 3 hours, 29 minutes, 59 seconds. Time passed: 13 hours, 11 minutes, 34 seconds
[INFO 23:10:53] my_main Recent Stats | t_env:    1632587 | Episode:   129322
battle_won_mean:           0.9964	dead_allies_mean:          6.9977	dead_enemies_mean:        23.9768	ep_length_mean:           11.2774
epsilon:                   0.0500	grad_norm:                74.6400	loss:                     33.3737	loss_central:              0.0325
loss_latent:               0.3698	loss_td:                  32.9714	q_taken_mean:             13.3479	return_mean:              19.9850
return_std:                0.3715	target_mean:              13.3458	td_error_abs:              0.0991	test_battle_won_mean:      1.0000
test_dead_allies_mean:     4.8875	test_dead_enemies_mean:   24.0000	test_ep_length_mean:       8.7937	test_return_mean:         20.0020
test_return_std:           0.0063	
[INFO 23:16:00] my_main t_env: 1642598 / 2050000
[INFO 23:16:00] my_main Estimated time left: 3 hours, 30 minutes, 46 seconds. Time passed: 13 hours, 16 minutes, 45 seconds
[INFO 23:16:03] my_main Recent Stats | t_env:    1642598 | Episode:   130202
battle_won_mean:           0.9957	dead_allies_mean:          6.9011	dead_enemies_mean:        23.9752	ep_length_mean:           11.2925
epsilon:                   0.0500	grad_norm:                68.4401	loss:                     31.6760	loss_central:              0.0282
loss_latent:               0.3106	loss_td:                  31.3373	q_taken_mean:             13.3391	return_mean:              19.9815
return_std:                0.3947	target_mean:              13.3499	td_error_abs:              0.0965	test_battle_won_mean:      1.0000
test_dead_allies_mean:     4.8875	test_dead_enemies_mean:   24.0000	test_ep_length_mean:       8.8313	test_return_mean:         20.0024
test_return_std:           0.0072	
[INFO 23:21:07] my_main t_env: 1652608 / 2050000
[INFO 23:21:07] my_main Estimated time left: 3 hours, 22 minutes, 46 seconds. Time passed: 13 hours, 21 minutes, 52 seconds
[INFO 23:21:10] my_main Recent Stats | t_env:    1652608 | Episode:   131070
battle_won_mean:           0.9966	dead_allies_mean:          6.7428	dead_enemies_mean:        23.9818	ep_length_mean:           11.3934
epsilon:                   0.0500	grad_norm:                74.3439	loss:                     32.2153	loss_central:              0.0297
loss_latent:               0.3333	loss_td:                  31.8523	q_taken_mean:             13.3550	return_mean:              19.9887
return_std:                0.3056	target_mean:              13.3721	td_error_abs:              0.0930	test_battle_won_mean:      1.0000
test_dead_allies_mean:     4.8750	test_dead_enemies_mean:   24.0000	test_ep_length_mean:       8.8250	test_return_mean:         20.0024
test_return_std:           0.0065	
[INFO 23:26:12] my_main t_env: 1662613 / 2050000
[INFO 23:26:12] my_main Estimated time left: 3 hours, 16 minutes, 42 seconds. Time passed: 13 hours, 26 minutes, 56 seconds
[INFO 23:26:15] my_main Recent Stats | t_env:    1662613 | Episode:   131893
battle_won_mean:           0.9960	dead_allies_mean:          6.8087	dead_enemies_mean:        23.9855	ep_length_mean:           11.6407
epsilon:                   0.0500	grad_norm:                70.2984	loss:                     29.4938	loss_central:              0.0364
loss_latent:               0.2762	loss_td:                  29.1812	q_taken_mean:             13.4326	return_mean:              19.9872
return_std:                0.3110	target_mean:              13.4470	td_error_abs:              0.0891	test_battle_won_mean:      1.0000
test_dead_allies_mean:     5.0750	test_dead_enemies_mean:   24.0000	test_ep_length_mean:       8.9375	test_return_mean:         20.0029
test_return_std:           0.0072	
RequestQuit command received.
Closing Application...
DataHandler: unable to parse websocket frame.
CloseHandler: 127.0.0.1:50008 disconnected
[INFO 23:30:06] absl Shutdown gracefully.
[INFO 23:30:06] absl Shutdown with return code: -15
[INFO 23:30:06] absl Launching SC2: /labmount/users/202535331/MARL/pymarl-monotone-qmix/3rdparty/StarCraftII/Versions/Base75689/SC2_x64 -listen 127.0.0.1 -port 43215 -dataDir /labmount/users/202535331/MARL/pymarl-monotone-qmix/3rdparty/StarCraftII/ -tempDir /tmp/sc-7dih6ilt/
[INFO 23:30:06] absl Connecting to: ws://127.0.0.1:43215/sc2api, attempt: 0, running: True
Version: B75689 (SC2.4.10)
Build: Aug 12 2019 17:16:57
Command Line: '"/labmount/users/202535331/MARL/pymarl-monotone-qmix/3rdparty/StarCraftII/Versions/Base75689/SC2_x64" -listen 127.0.0.1 -port 43215 -dataDir /labmount/users/202535331/MARL/pymarl-monotone-qmix/3rdparty/StarCraftII/ -tempDir /tmp/sc-7dih6ilt/'
Starting up...
Startup Phase 1 complete
[INFO 23:30:07] absl Connecting to: ws://127.0.0.1:43215/sc2api, attempt: 1, running: True
Startup Phase 2 complete
Creating stub renderer...
Listening on: 127.0.0.1:43215
Startup Phase 3 complete. Ready for commands.
[INFO 23:30:08] absl Connecting to: ws://127.0.0.1:43215/sc2api, attempt: 2, running: True
ConnectHandler: Request from 127.0.0.1:44424 accepted
ReadyHandler: 127.0.0.1:44424 ready
Requesting to join a single player game
Configuring interface options
Configure: raw interface enabled
Configure: feature layer interface disabled
Configure: score interface disabled
Configure: render interface disabled
Launching next game.
Next launch phase started: 2
Next launch phase started: 3
Next launch phase started: 4
Next launch phase started: 5
Next launch phase started: 6
Next launch phase started: 7
Next launch phase started: 8
Game has started.
Using default stable ids, none found at: /labmount/users/202535331/MARL/pymarl-monotone-qmix/3rdparty/StarCraftII/stableid.json
Successfully loaded stable ids: GameData\stableid.json
Sending ResponseJoinGame
[INFO 23:31:33] my_main t_env: 1672622 / 2050000
[INFO 23:31:33] my_main Estimated time left: 3 hours, 21 minutes, 56 seconds. Time passed: 13 hours, 32 minutes, 18 seconds
[INFO 23:31:36] my_main Recent Stats | t_env:    1672622 | Episode:   132744
battle_won_mean:           0.9955	dead_allies_mean:          6.8127	dead_enemies_mean:        23.9780	ep_length_mean:           11.7109
epsilon:                   0.0500	grad_norm:                63.2967	loss:                     26.8869	loss_central:              0.0195
loss_latent:               0.2412	loss_td:                  26.6262	q_taken_mean:             12.9322	return_mean:              19.9810
return_std:                0.4192	target_mean:              12.9690	td_error_abs:              0.0731	test_battle_won_mean:      1.0000
test_dead_allies_mean:     5.2500	test_dead_enemies_mean:   24.0000	test_ep_length_mean:       8.9500	test_return_mean:         20.0030
test_return_std:           0.0069	
[INFO 23:37:05] my_main t_env: 1682627 / 2050000
[INFO 23:37:05] my_main Estimated time left: 3 hours, 22 minutes, 57 seconds. Time passed: 13 hours, 37 minutes, 49 seconds
[INFO 23:37:08] my_main Recent Stats | t_env:    1682627 | Episode:   133638
battle_won_mean:           0.9954	dead_allies_mean:          6.7006	dead_enemies_mean:        23.9748	ep_length_mean:           11.6036
epsilon:                   0.0500	grad_norm:                60.1021	loss:                     25.0550	loss_central:              0.0209
loss_latent:               0.2699	loss_td:                  24.7642	q_taken_mean:             12.7508	return_mean:              19.9779
return_std:                0.4487	target_mean:              12.7607	td_error_abs:              0.0802	test_battle_won_mean:      1.0000
test_dead_allies_mean:     5.1562	test_dead_enemies_mean:   24.0000	test_ep_length_mean:       8.7750	test_return_mean:         20.0027
test_return_std:           0.0067	
[INFO 23:42:00] my_main t_env: 1692636 / 2050000
[INFO 23:42:00] my_main Estimated time left: 2 hours, 56 minutes, 0 seconds. Time passed: 13 hours, 42 minutes, 45 seconds
[INFO 23:42:03] my_main Recent Stats | t_env:    1692636 | Episode:   134456
battle_won_mean:           0.9958	dead_allies_mean:          6.8675	dead_enemies_mean:        23.9786	ep_length_mean:           11.7755
epsilon:                   0.0500	grad_norm:                60.8455	loss:                     24.4943	loss_central:              0.0205
loss_latent:               0.2781	loss_td:                  24.1957	q_taken_mean:             12.7079	return_mean:              19.9818
return_std:                0.4089	target_mean:              12.7113	td_error_abs:              0.0802	test_battle_won_mean:      1.0000
test_dead_allies_mean:     5.2313	test_dead_enemies_mean:   24.0000	test_ep_length_mean:       8.7375	test_return_mean:         20.0020
test_return_std:           0.0050	
[INFO 23:47:21] my_main t_env: 1702642 / 2050000
[INFO 23:47:21] my_main Estimated time left: 3 hours, 5 minutes, 20 seconds. Time passed: 13 hours, 48 minutes, 6 seconds
[INFO 23:47:24] my_main Recent Stats | t_env:    1702642 | Episode:   135331
battle_won_mean:           0.9944	dead_allies_mean:          6.9727	dead_enemies_mean:        23.9722	ep_length_mean:           11.7562
epsilon:                   0.0500	grad_norm:                53.3078	loss:                     22.2832	loss_central:              0.0185
loss_latent:               0.2914	loss_td:                  21.9734	q_taken_mean:             12.7104	return_mean:              19.9745
return_std:                0.4764	target_mean:              12.7147	td_error_abs:              0.0788	test_battle_won_mean:      1.0000
test_dead_allies_mean:     5.3375	test_dead_enemies_mean:   24.0000	test_ep_length_mean:       8.8125	test_return_mean:         20.0026
test_return_std:           0.0067	
[INFO 23:52:55] my_main t_env: 1712648 / 2050000
[INFO 23:52:55] my_main Estimated time left: 3 hours, 7 minutes, 37 seconds. Time passed: 13 hours, 53 minutes, 39 seconds
[INFO 23:52:58] my_main Recent Stats | t_env:    1712648 | Episode:   136247
battle_won_mean:           0.9947	dead_allies_mean:          6.8797	dead_enemies_mean:        23.9750	ep_length_mean:           11.5095
epsilon:                   0.0500	grad_norm:                54.2703	loss:                     24.1174	loss_central:              0.0146
loss_latent:               0.2881	loss_td:                  23.8147	q_taken_mean:             12.8321	return_mean:              19.9766
return_std:                0.4448	target_mean:              12.8173	td_error_abs:              0.0664	test_battle_won_mean:      1.0000
test_dead_allies_mean:     5.4125	test_dead_enemies_mean:   24.0000	test_ep_length_mean:       8.8562	test_return_mean:         20.0027
test_return_std:           0.0068	
[INFO 23:58:27] my_main t_env: 1722649 / 2050000
[INFO 23:58:27] my_main Estimated time left: 3 hours, 1 minutes, 14 seconds. Time passed: 13 hours, 59 minutes, 12 seconds
[INFO 23:58:30] my_main Recent Stats | t_env:    1722649 | Episode:   137141
battle_won_mean:           0.9950	dead_allies_mean:          6.8526	dead_enemies_mean:        23.9814	ep_length_mean:           11.3946
epsilon:                   0.0500	grad_norm:                56.1197	loss:                     23.5776	loss_central:              0.0127
loss_latent:               0.2984	loss_td:                  23.2665	q_taken_mean:             12.9957	return_mean:              19.9819
return_std:                0.3499	target_mean:              12.9814	td_error_abs:              0.0679	test_battle_won_mean:      1.0000
test_dead_allies_mean:     5.3688	test_dead_enemies_mean:   24.0000	test_ep_length_mean:       8.9187	test_return_mean:         20.0033
test_return_std:           0.0086	
RequestQuit command received.
Closing Application...
DataHandler: unable to parse websocket frame.
CloseHandler: 127.0.0.1:44424 disconnected
[INFO 00:03:47] absl Shutdown gracefully.
[INFO 00:03:47] absl Shutdown with return code: -15
[INFO 00:03:47] absl Launching SC2: /labmount/users/202535331/MARL/pymarl-monotone-qmix/3rdparty/StarCraftII/Versions/Base75689/SC2_x64 -listen 127.0.0.1 -port 34617 -dataDir /labmount/users/202535331/MARL/pymarl-monotone-qmix/3rdparty/StarCraftII/ -tempDir /tmp/sc-z977gc93/
[INFO 00:03:47] absl Connecting to: ws://127.0.0.1:34617/sc2api, attempt: 0, running: True
Version: B75689 (SC2.4.10)
Build: Aug 12 2019 17:16:57
Command Line: '"/labmount/users/202535331/MARL/pymarl-monotone-qmix/3rdparty/StarCraftII/Versions/Base75689/SC2_x64" -listen 127.0.0.1 -port 34617 -dataDir /labmount/users/202535331/MARL/pymarl-monotone-qmix/3rdparty/StarCraftII/ -tempDir /tmp/sc-z977gc93/'
Starting up...
Startup Phase 1 complete
[INFO 00:03:48] absl Connecting to: ws://127.0.0.1:34617/sc2api, attempt: 1, running: True
Startup Phase 2 complete
Creating stub renderer...
Listening on: 127.0.0.1:34617
Startup Phase 3 complete. Ready for commands.
[INFO 00:03:49] absl Connecting to: ws://127.0.0.1:34617/sc2api, attempt: 2, running: True
ConnectHandler: Request from 127.0.0.1:36426 accepted
ReadyHandler: 127.0.0.1:36426 ready
Requesting to join a single player game
Configuring interface options
Configure: raw interface enabled
Configure: feature layer interface disabled
Configure: score interface disabled
Configure: render interface disabled
Launching next game.
Next launch phase started: 2
Next launch phase started: 3
Next launch phase started: 4
Next launch phase started: 5
Next launch phase started: 6
Next launch phase started: 7
Next launch phase started: 8
Game has started.
Using default stable ids, none found at: /labmount/users/202535331/MARL/pymarl-monotone-qmix/3rdparty/StarCraftII/stableid.json
Successfully loaded stable ids: GameData\stableid.json
Sending ResponseJoinGame
[INFO 00:03:57] my_main t_env: 1732677 / 2050000
[INFO 00:03:57] my_main Estimated time left: 2 hours, 54 minutes, 10 seconds. Time passed: 14 hours, 4 minutes, 42 seconds
[INFO 00:04:00] my_main Recent Stats | t_env:    1732677 | Episode:   138019
battle_won_mean:           0.9952	dead_allies_mean:          6.7667	dead_enemies_mean:        23.9811	ep_length_mean:           11.4406
epsilon:                   0.0500	grad_norm:                61.8039	loss:                     24.5705	loss_central:              0.0142
loss_latent:               0.2998	loss_td:                  24.2565	q_taken_mean:             13.1220	return_mean:              19.9842
return_std:                0.3423	target_mean:              13.1297	td_error_abs:              0.0599	test_battle_won_mean:      1.0000
test_dead_allies_mean:     5.3750	test_dead_enemies_mean:   24.0000	test_ep_length_mean:       9.0000	test_return_mean:         20.0034
test_return_std:           0.0085	
[INFO 00:08:34] my_main t_env: 1742686 / 2050000
[INFO 00:08:34] my_main Estimated time left: 2 hours, 21 minutes, 51 seconds. Time passed: 14 hours, 9 minutes, 19 seconds
[INFO 00:08:37] my_main Recent Stats | t_env:    1742686 | Episode:   138944
battle_won_mean:           0.9951	dead_allies_mean:          6.5386	dead_enemies_mean:        23.9808	ep_length_mean:           11.1576
epsilon:                   0.0500	grad_norm:                63.5553	loss:                     25.5794	loss_central:              0.0125
loss_latent:               0.3004	loss_td:                  25.2665	q_taken_mean:             13.2837	return_mean:              19.9831
return_std:                0.3421	target_mean:              13.2863	td_error_abs:              0.0595	test_battle_won_mean:      1.0000
test_dead_allies_mean:     5.3000	test_dead_enemies_mean:   24.0000	test_ep_length_mean:       8.9563	test_return_mean:         20.0035
test_return_std:           0.0086	
[INFO 00:13:07] my_main t_env: 1752687 / 2050000
[INFO 00:13:07] my_main Estimated time left: 2 hours, 14 minutes, 59 seconds. Time passed: 14 hours, 13 minutes, 52 seconds
[INFO 00:13:10] my_main Recent Stats | t_env:    1752687 | Episode:   139872
battle_won_mean:           0.9958	dead_allies_mean:          6.3940	dead_enemies_mean:        23.9850	ep_length_mean:           11.0259
epsilon:                   0.0500	grad_norm:                63.8655	loss:                     26.4620	loss_central:              0.0140
loss_latent:               0.2798	loss_td:                  26.1682	q_taken_mean:             13.1156	return_mean:              19.9869
return_std:                0.3130	target_mean:              13.1102	td_error_abs:              0.0655	test_battle_won_mean:      1.0000
test_dead_allies_mean:     4.9625	test_dead_enemies_mean:   24.0000	test_ep_length_mean:       8.8063	test_return_mean:         20.0028
test_return_std:           0.0072	
[INFO 00:17:31] my_main t_env: 1762716 / 2050000
[INFO 00:17:31] my_main Estimated time left: 2 hours, 6 minutes, 3 seconds. Time passed: 14 hours, 18 minutes, 16 seconds
[INFO 00:17:34] my_main Recent Stats | t_env:    1762716 | Episode:   140792
battle_won_mean:           0.9962	dead_allies_mean:          6.2991	dead_enemies_mean:        23.9846	ep_length_mean:           11.0214
epsilon:                   0.0500	grad_norm:                70.5927	loss:                     27.1637	loss_central:              0.0097
loss_latent:               0.2633	loss_td:                  26.8908	q_taken_mean:             13.2192	return_mean:              19.9878
return_std:                0.3191	target_mean:              13.2107	td_error_abs:              0.0614	test_battle_won_mean:      1.0000
test_dead_allies_mean:     4.7250	test_dead_enemies_mean:   24.0000	test_ep_length_mean:       8.7937	test_return_mean:         20.0024
test_return_std:           0.0065	
[INFO 00:21:42] my_main t_env: 1772726 / 2050000
[INFO 00:21:42] my_main Estimated time left: 1 hours, 55 minutes, 47 seconds. Time passed: 14 hours, 22 minutes, 26 seconds
[INFO 00:21:45] my_main Recent Stats | t_env:    1772726 | Episode:   141652
battle_won_mean:           0.9962	dead_allies_mean:          6.3549	dead_enemies_mean:        23.9833	ep_length_mean:           11.1119
epsilon:                   0.0500	grad_norm:                72.6534	loss:                     28.5145	loss_central:              0.0089
loss_latent:               0.2517	loss_td:                  28.2539	q_taken_mean:             13.3310	return_mean:              19.9868
return_std:                0.3366	target_mean:              13.3225	td_error_abs:              0.0581	test_battle_won_mean:      1.0000
test_dead_allies_mean:     4.6813	test_dead_enemies_mean:   24.0000	test_ep_length_mean:       8.7875	test_return_mean:         20.0018
test_return_std:           0.0049	
[INFO 00:25:56] my_main t_env: 1782731 / 2050000
[INFO 00:25:56] my_main Estimated time left: 1 hours, 53 minutes, 6 seconds. Time passed: 14 hours, 26 minutes, 40 seconds
[INFO 00:25:59] my_main Recent Stats | t_env:    1782731 | Episode:   142534
battle_won_mean:           0.9965	dead_allies_mean:          6.4770	dead_enemies_mean:        23.9893	ep_length_mean:           11.0963
epsilon:                   0.0500	grad_norm:                66.3230	loss:                     27.5713	loss_central:              0.0058
loss_latent:               0.2064	loss_td:                  27.3591	q_taken_mean:             13.0997	return_mean:              19.9893
return_std:                0.2944	target_mean:              13.0874	td_error_abs:              0.0548	test_battle_won_mean:      1.0000
test_dead_allies_mean:     4.6750	test_dead_enemies_mean:   24.0000	test_ep_length_mean:       8.6312	test_return_mean:         20.0016
test_return_std:           0.0045	
[INFO 00:30:01] my_main t_env: 1792731 / 2050000
[INFO 00:30:01] my_main Estimated time left: 1 hours, 45 minutes, 18 seconds. Time passed: 14 hours, 30 minutes, 46 seconds
[INFO 00:30:04] my_main Recent Stats | t_env:    1792731 | Episode:   143366
battle_won_mean:           0.9961	dead_allies_mean:          6.6919	dead_enemies_mean:        23.9872	ep_length_mean:           11.3361
epsilon:                   0.0500	grad_norm:                66.3932	loss:                     26.6970	loss_central:              0.0060
loss_latent:               0.2102	loss_td:                  26.4808	q_taken_mean:             13.1532	return_mean:              19.9880
return_std:                0.3156	target_mean:              13.1395	td_error_abs:              0.0553	test_battle_won_mean:      1.0000
test_dead_allies_mean:     4.5750	test_dead_enemies_mean:   24.0000	test_ep_length_mean:       8.6375	test_return_mean:         20.0016
test_return_std:           0.0044	
RequestQuit command received.
Closing Application...
DataHandler: unable to parse websocket frame.
CloseHandler: 127.0.0.1:36426 disconnected
ResponseThread: No connection, dropping the response.
[INFO 00:30:51] absl Shutdown gracefully.
[INFO 00:30:51] absl Shutdown with return code: -15
[INFO 00:30:51] absl Launching SC2: /labmount/users/202535331/MARL/pymarl-monotone-qmix/3rdparty/StarCraftII/Versions/Base75689/SC2_x64 -listen 127.0.0.1 -port 34297 -dataDir /labmount/users/202535331/MARL/pymarl-monotone-qmix/3rdparty/StarCraftII/ -tempDir /tmp/sc-hapdufib/
[INFO 00:30:51] absl Connecting to: ws://127.0.0.1:34297/sc2api, attempt: 0, running: True
Version: B75689 (SC2.4.10)
Build: Aug 12 2019 17:16:57
Command Line: '"/labmount/users/202535331/MARL/pymarl-monotone-qmix/3rdparty/StarCraftII/Versions/Base75689/SC2_x64" -listen 127.0.0.1 -port 34297 -dataDir /labmount/users/202535331/MARL/pymarl-monotone-qmix/3rdparty/StarCraftII/ -tempDir /tmp/sc-hapdufib/'
Starting up...
Startup Phase 1 complete
[INFO 00:30:52] absl Connecting to: ws://127.0.0.1:34297/sc2api, attempt: 1, running: True
Startup Phase 2 complete
Creating stub renderer...
Listening on: 127.0.0.1:34297
Startup Phase 3 complete. Ready for commands.
[INFO 00:30:53] absl Connecting to: ws://127.0.0.1:34297/sc2api, attempt: 2, running: True
ConnectHandler: Request from 127.0.0.1:49250 accepted
ReadyHandler: 127.0.0.1:49250 ready
Requesting to join a single player game
Configuring interface options
Configure: raw interface enabled
Configure: feature layer interface disabled
Configure: score interface disabled
Configure: render interface disabled
Launching next game.
Next launch phase started: 2
Next launch phase started: 3
Next launch phase started: 4
Next launch phase started: 5
Next launch phase started: 6
Next launch phase started: 7
Next launch phase started: 8
Game has started.
Using default stable ids, none found at: /labmount/users/202535331/MARL/pymarl-monotone-qmix/3rdparty/StarCraftII/stableid.json
Successfully loaded stable ids: GameData\stableid.json
Sending ResponseJoinGame
[INFO 00:34:13] my_main t_env: 1802738 / 2050000
[INFO 00:34:13] my_main Estimated time left: 1 hours, 43 minutes, 34 seconds. Time passed: 14 hours, 34 minutes, 58 seconds
[INFO 00:34:16] my_main Recent Stats | t_env:    1802738 | Episode:   144183
battle_won_mean:           0.9965	dead_allies_mean:          6.8429	dead_enemies_mean:        23.9832	ep_length_mean:           11.6304
epsilon:                   0.0500	grad_norm:                66.7961	loss:                     27.8809	loss_central:              0.0039
loss_latent:               0.2056	loss_td:                  27.6714	q_taken_mean:             13.3574	return_mean:              19.9871
return_std:                0.3985	target_mean:              13.3570	td_error_abs:              0.0480	test_battle_won_mean:      1.0000
test_dead_allies_mean:     4.6250	test_dead_enemies_mean:   24.0000	test_ep_length_mean:       8.7438	test_return_mean:         20.0019
test_return_std:           0.0050	
[INFO 00:38:35] my_main t_env: 1812751 / 2050000
[INFO 00:38:35] my_main Estimated time left: 1 hours, 43 minutes, 42 seconds. Time passed: 14 hours, 39 minutes, 20 seconds
[INFO 00:38:38] my_main Recent Stats | t_env:    1812751 | Episode:   145044
battle_won_mean:           0.9960	dead_allies_mean:          7.0150	dead_enemies_mean:        23.9824	ep_length_mean:           11.7761
epsilon:                   0.0500	grad_norm:                59.2158	loss:                     27.6405	loss_central:              0.0043
loss_latent:               0.2031	loss_td:                  27.4331	q_taken_mean:             13.2131	return_mean:              19.9857
return_std:                0.4047	target_mean:              13.2082	td_error_abs:              0.0503	test_battle_won_mean:      1.0000
test_dead_allies_mean:     4.6125	test_dead_enemies_mean:   24.0000	test_ep_length_mean:       8.6000	test_return_mean:         20.0016
test_return_std:           0.0043	
[INFO 00:43:09] my_main t_env: 1822758 / 2050000
[INFO 00:43:09] my_main Estimated time left: 1 hours, 43 minutes, 28 seconds. Time passed: 14 hours, 43 minutes, 54 seconds
[INFO 00:43:12] my_main Recent Stats | t_env:    1822758 | Episode:   145950
battle_won_mean:           0.9952	dead_allies_mean:          7.0352	dead_enemies_mean:        23.9822	ep_length_mean:           11.6572
epsilon:                   0.0500	grad_norm:                60.8449	loss:                     26.9821	loss_central:              0.0055
loss_latent:               0.2137	loss_td:                  26.7629	q_taken_mean:             13.2384	return_mean:              19.9828
return_std:                0.4059	target_mean:              13.2282	td_error_abs:              0.0555	test_battle_won_mean:      1.0000
test_dead_allies_mean:     4.7125	test_dead_enemies_mean:   24.0000	test_ep_length_mean:       8.6125	test_return_mean:         20.0018
test_return_std:           0.0045	
[INFO 00:47:43] my_main t_env: 1832767 / 2050000
[INFO 00:47:43] my_main Estimated time left: 1 hours, 39 minutes, 20 seconds. Time passed: 14 hours, 48 minutes, 28 seconds
[INFO 00:47:47] my_main Recent Stats | t_env:    1832767 | Episode:   146852
battle_won_mean:           0.9954	dead_allies_mean:          6.9649	dead_enemies_mean:        23.9822	ep_length_mean:           11.6078
epsilon:                   0.0500	grad_norm:                59.3169	loss:                     27.0209	loss_central:              0.0056
loss_latent:               0.2263	loss_td:                  26.7891	q_taken_mean:             13.3578	return_mean:              19.9837
return_std:                0.3976	target_mean:              13.3487	td_error_abs:              0.0560	test_battle_won_mean:      1.0000
test_dead_allies_mean:     4.7313	test_dead_enemies_mean:   24.0000	test_ep_length_mean:       8.6500	test_return_mean:         20.0017
test_return_std:           0.0043	
[INFO 00:52:02] my_main t_env: 1842768 / 2050000
[INFO 00:52:02] my_main Estimated time left: 1 hours, 29 minutes, 18 seconds. Time passed: 14 hours, 52 minutes, 47 seconds
[INFO 00:52:05] my_main Recent Stats | t_env:    1842768 | Episode:   147680
battle_won_mean:           0.9952	dead_allies_mean:          6.9828	dead_enemies_mean:        23.9800	ep_length_mean:           11.6196
epsilon:                   0.0500	grad_norm:                56.4983	loss:                     27.4546	loss_central:              0.0057
loss_latent:               0.2312	loss_td:                  27.2176	q_taken_mean:             13.1158	return_mean:              19.9816
return_std:                0.4196	target_mean:              13.1087	td_error_abs:              0.0562	test_battle_won_mean:      1.0000
test_dead_allies_mean:     4.8875	test_dead_enemies_mean:   24.0000	test_ep_length_mean:       8.7125	test_return_mean:         20.0020
test_return_std:           0.0050	
[INFO 00:56:34] my_main t_env: 1852771 / 2050000
[INFO 00:56:34] my_main Estimated time left: 1 hours, 29 minutes, 26 seconds. Time passed: 14 hours, 57 minutes, 19 seconds
[INFO 00:56:37] my_main Recent Stats | t_env:    1852771 | Episode:   148570
battle_won_mean:           0.9952	dead_allies_mean:          7.0294	dead_enemies_mean:        23.9852	ep_length_mean:           11.4178
epsilon:                   0.0500	grad_norm:                96.0335	loss:                     24.3162	loss_central:              0.0059
loss_latent:               0.2449	loss_td:                  24.0655	q_taken_mean:             12.4113	return_mean:              19.9847
return_std:                0.3188	target_mean:              12.3947	td_error_abs:              0.0570	test_battle_won_mean:      1.0000
test_dead_allies_mean:     5.0125	test_dead_enemies_mean:   24.0000	test_ep_length_mean:       8.6500	test_return_mean:         20.0015
test_return_std:           0.0038	
RequestQuit command received.
Closing Application...
DataHandler: unable to parse websocket frame.
CloseHandler: 127.0.0.1:49250 disconnected
ResponseThread: No connection, dropping the response.
[INFO 00:58:32] absl Shutdown gracefully.
[INFO 00:58:32] absl Shutdown with return code: -15
[INFO 00:58:32] absl Launching SC2: /labmount/users/202535331/MARL/pymarl-monotone-qmix/3rdparty/StarCraftII/Versions/Base75689/SC2_x64 -listen 127.0.0.1 -port 34831 -dataDir /labmount/users/202535331/MARL/pymarl-monotone-qmix/3rdparty/StarCraftII/ -tempDir /tmp/sc-v72asz5p/
[INFO 00:58:32] absl Connecting to: ws://127.0.0.1:34831/sc2api, attempt: 0, running: True
Version: B75689 (SC2.4.10)
Build: Aug 12 2019 17:16:57
Command Line: '"/labmount/users/202535331/MARL/pymarl-monotone-qmix/3rdparty/StarCraftII/Versions/Base75689/SC2_x64" -listen 127.0.0.1 -port 34831 -dataDir /labmount/users/202535331/MARL/pymarl-monotone-qmix/3rdparty/StarCraftII/ -tempDir /tmp/sc-v72asz5p/'
Starting up...
Startup Phase 1 complete
[INFO 00:58:33] absl Connecting to: ws://127.0.0.1:34831/sc2api, attempt: 1, running: True
Startup Phase 2 complete
Creating stub renderer...
Listening on: 127.0.0.1:34831
Startup Phase 3 complete. Ready for commands.
[INFO 00:58:34] absl Connecting to: ws://127.0.0.1:34831/sc2api, attempt: 2, running: True
ConnectHandler: Request from 127.0.0.1:36844 accepted
ReadyHandler: 127.0.0.1:36844 ready
Requesting to join a single player game
Configuring interface options
Configure: raw interface enabled
Configure: feature layer interface disabled
Configure: score interface disabled
Configure: render interface disabled
Launching next game.
Next launch phase started: 2
Next launch phase started: 3
Next launch phase started: 4
Next launch phase started: 5
Next launch phase started: 6
Next launch phase started: 7
Next launch phase started: 8
Game has started.
Using default stable ids, none found at: /labmount/users/202535331/MARL/pymarl-monotone-qmix/3rdparty/StarCraftII/stableid.json
Successfully loaded stable ids: GameData\stableid.json
Sending ResponseJoinGame
[INFO 01:01:21] my_main t_env: 1862798 / 2050000
[INFO 01:01:21] my_main Estimated time left: 1 hours, 29 minutes, 20 seconds. Time passed: 15 hours, 2 minutes, 6 seconds
[INFO 01:01:25] my_main Recent Stats | t_env:    1862798 | Episode:   149461
battle_won_mean:           0.9943	dead_allies_mean:          7.0589	dead_enemies_mean:        23.9784	ep_length_mean:           11.3426
epsilon:                   0.0500	grad_norm:               104.5816	loss:                     24.9404	loss_central:              0.0058
loss_latent:               0.2444	loss_td:                  24.6902	q_taken_mean:             12.5735	return_mean:              19.9780
return_std:                0.3920	target_mean:              12.5587	td_error_abs:              0.0547	test_battle_won_mean:      1.0000
test_dead_allies_mean:     4.9250	test_dead_enemies_mean:   24.0000	test_ep_length_mean:       9.1937	test_return_mean:         20.0039
test_return_std:           0.0161	
[INFO 01:06:14] my_main t_env: 1872800 / 2050000
[INFO 01:06:14] my_main Estimated time left: 1 hours, 26 minutes, 31 seconds. Time passed: 15 hours, 6 minutes, 59 seconds
[INFO 01:06:17] my_main Recent Stats | t_env:    1872800 | Episode:   150256
battle_won_mean:           0.9931	dead_allies_mean:          7.2405	dead_enemies_mean:        23.9710	ep_length_mean:           11.6498
epsilon:                   0.0500	grad_norm:               101.1439	loss:                     25.8658	loss_central:              0.0062
loss_latent:               0.2505	loss_td:                  25.6091	q_taken_mean:             12.3945	return_mean:              19.9706
return_std:                0.4394	target_mean:              12.3840	td_error_abs:              0.0533	test_battle_won_mean:      1.0000
test_dead_allies_mean:     4.8937	test_dead_enemies_mean:   24.0000	test_ep_length_mean:       9.1312	test_return_mean:         20.0036
test_return_std:           0.0157	
[INFO 01:11:09] my_main t_env: 1882806 / 2050000
[INFO 01:11:09] my_main Estimated time left: 1 hours, 22 minutes, 8 seconds. Time passed: 15 hours, 11 minutes, 54 seconds
[INFO 01:11:12] my_main Recent Stats | t_env:    1882806 | Episode:   151055
battle_won_mean:           0.9920	dead_allies_mean:          7.5317	dead_enemies_mean:        23.9628	ep_length_mean:           11.9352
epsilon:                   0.0500	grad_norm:               102.1036	loss:                     25.5774	loss_central:              0.0071
loss_latent:               0.2436	loss_td:                  25.3267	q_taken_mean:             12.4291	return_mean:              19.9629
return_std:                0.5162	target_mean:              12.4183	td_error_abs:              0.0545	test_battle_won_mean:      1.0000
test_dead_allies_mean:     5.0750	test_dead_enemies_mean:   24.0000	test_ep_length_mean:       9.1562	test_return_mean:         20.0037
test_return_std:           0.0159	
[INFO 01:16:24] my_main t_env: 1892813 / 2050000
[INFO 01:16:24] my_main Estimated time left: 1 hours, 22 minutes, 23 seconds. Time passed: 15 hours, 17 minutes, 9 seconds
[INFO 01:16:27] my_main Recent Stats | t_env:    1892813 | Episode:   151896
battle_won_mean:           0.9916	dead_allies_mean:          7.5717	dead_enemies_mean:        23.9631	ep_length_mean:           11.8992
epsilon:                   0.0500	grad_norm:               104.7054	loss:                     25.4093	loss_central:              0.0074
loss_latent:               0.2528	loss_td:                  25.1491	q_taken_mean:             12.3762	return_mean:              19.9617
return_std:                0.5089	target_mean:              12.3772	td_error_abs:              0.0574	test_battle_won_mean:      1.0000
test_dead_allies_mean:     5.0438	test_dead_enemies_mean:   24.0000	test_ep_length_mean:       9.1500	test_return_mean:         20.0037
test_return_std:           0.0157	
[INFO 01:21:59] my_main t_env: 1902817 / 2050000
[INFO 01:21:59] my_main Estimated time left: 1 hours, 22 minutes, 3 seconds. Time passed: 15 hours, 22 minutes, 43 seconds
[INFO 01:22:02] my_main Recent Stats | t_env:    1902817 | Episode:   152788
battle_won_mean:           0.9913	dead_allies_mean:          7.4110	dead_enemies_mean:        23.9638	ep_length_mean:           11.8944
epsilon:                   0.0500	grad_norm:                65.0612	loss:                     29.5521	loss_central:              0.0153
loss_latent:               0.2327	loss_td:                  29.3041	q_taken_mean:             13.0310	return_mean:              19.9615
return_std:                0.5057	target_mean:              13.0283	td_error_abs:              0.0616	test_battle_won_mean:      1.0000
test_dead_allies_mean:     5.3187	test_dead_enemies_mean:   24.0000	test_ep_length_mean:       9.2812	test_return_mean:         20.0039
test_return_std:           0.0161	
[INFO 01:27:21] my_main t_env: 1912818 / 2050000
[INFO 01:27:21] my_main Estimated time left: 1 hours, 13 minutes, 47 seconds. Time passed: 15 hours, 28 minutes, 6 seconds
[INFO 01:27:25] my_main Recent Stats | t_env:    1912818 | Episode:   153649
battle_won_mean:           0.9917	dead_allies_mean:          7.2546	dead_enemies_mean:        23.9693	ep_length_mean:           11.9668
epsilon:                   0.0500	grad_norm:                55.3372	loss:                     26.7531	loss_central:              0.0166
loss_latent:               0.2952	loss_td:                  26.4413	q_taken_mean:             12.5102	return_mean:              19.9661
return_std:                0.4472	target_mean:              12.5173	td_error_abs:              0.0672	test_battle_won_mean:      1.0000
test_dead_allies_mean:     5.6562	test_dead_enemies_mean:   24.0000	test_ep_length_mean:       9.0813	test_return_mean:         20.0028
test_return_std:           0.0097	
RequestQuit command received.
Closing Application...
DataHandler: unable to parse websocket frame.
CloseHandler: 127.0.0.1:36844 disconnected
[INFO 01:30:43] absl Shutdown gracefully.
[INFO 01:30:43] absl Shutdown with return code: -15
[INFO 01:30:43] absl Launching SC2: /labmount/users/202535331/MARL/pymarl-monotone-qmix/3rdparty/StarCraftII/Versions/Base75689/SC2_x64 -listen 127.0.0.1 -port 35975 -dataDir /labmount/users/202535331/MARL/pymarl-monotone-qmix/3rdparty/StarCraftII/ -tempDir /tmp/sc-ux8xfo5k/
[INFO 01:30:43] absl Connecting to: ws://127.0.0.1:35975/sc2api, attempt: 0, running: True
Version: B75689 (SC2.4.10)
Build: Aug 12 2019 17:16:57
Command Line: '"/labmount/users/202535331/MARL/pymarl-monotone-qmix/3rdparty/StarCraftII/Versions/Base75689/SC2_x64" -listen 127.0.0.1 -port 35975 -dataDir /labmount/users/202535331/MARL/pymarl-monotone-qmix/3rdparty/StarCraftII/ -tempDir /tmp/sc-ux8xfo5k/'
Starting up...
Startup Phase 1 complete
[INFO 01:30:44] absl Connecting to: ws://127.0.0.1:35975/sc2api, attempt: 1, running: True
Startup Phase 2 complete
Creating stub renderer...
Listening on: 127.0.0.1:35975
Startup Phase 3 complete. Ready for commands.
[INFO 01:30:45] absl Connecting to: ws://127.0.0.1:35975/sc2api, attempt: 2, running: True
ConnectHandler: Request from 127.0.0.1:39562 accepted
ReadyHandler: 127.0.0.1:39562 ready
Requesting to join a single player game
Configuring interface options
Configure: raw interface enabled
Configure: feature layer interface disabled
Configure: score interface disabled
Configure: render interface disabled
Launching next game.
Next launch phase started: 2
Next launch phase started: 3
Next launch phase started: 4
Next launch phase started: 5
Next launch phase started: 6
Next launch phase started: 7
Next launch phase started: 8
Game has started.
Using default stable ids, none found at: /labmount/users/202535331/MARL/pymarl-monotone-qmix/3rdparty/StarCraftII/stableid.json
Successfully loaded stable ids: GameData\stableid.json
Sending ResponseJoinGame
[INFO 01:32:24] my_main t_env: 1922818 / 2050000
[INFO 01:32:24] my_main Estimated time left: 1 hours, 4 minutes, 9 seconds. Time passed: 15 hours, 33 minutes, 9 seconds
[INFO 01:32:27] my_main Recent Stats | t_env:    1922818 | Episode:   154494
battle_won_mean:           0.9933	dead_allies_mean:          7.1832	dead_enemies_mean:        23.9726	ep_length_mean:           11.8174
epsilon:                   0.0500	grad_norm:                54.3271	loss:                     27.0403	loss_central:              0.0163
loss_latent:               0.2774	loss_td:                  26.7467	q_taken_mean:             12.7164	return_mean:              19.9718
return_std:                0.4711	target_mean:              12.7264	td_error_abs:              0.0660	test_battle_won_mean:      1.0000
test_dead_allies_mean:     5.5750	test_dead_enemies_mean:   24.0000	test_ep_length_mean:       9.1438	test_return_mean:         20.0030
test_return_std:           0.0102	
[INFO 01:36:40] my_main t_env: 1932938 / 2050000
[INFO 01:36:40] my_main Estimated time left: 49 minutes, 25 seconds. Time passed: 15 hours, 37 minutes, 25 seconds
[INFO 01:36:44] my_main Recent Stats | t_env:    1932938 | Episode:   155295
battle_won_mean:           0.9921	dead_allies_mean:          7.0121	dead_enemies_mean:        23.9728	ep_length_mean:           11.8397
epsilon:                   0.0500	grad_norm:                50.3660	loss:                     26.7033	loss_central:              0.0166
loss_latent:               0.3032	loss_td:                  26.3834	q_taken_mean:             12.7286	return_mean:              19.9689
return_std:                0.4581	target_mean:              12.7378	td_error_abs:              0.0669	test_battle_won_mean:      1.0000
test_dead_allies_mean:     5.5375	test_dead_enemies_mean:   24.0000	test_ep_length_mean:       9.1312	test_return_mean:         20.0034
test_return_std:           0.0116	
[INFO 01:41:07] my_main t_env: 1942945 / 2050000
[INFO 01:41:07] my_main Estimated time left: 47 minutes, 29 seconds. Time passed: 15 hours, 41 minutes, 52 seconds
[INFO 01:41:10] my_main Recent Stats | t_env:    1942945 | Episode:   156149
battle_won_mean:           0.9928	dead_allies_mean:          6.7602	dead_enemies_mean:        23.9750	ep_length_mean:           11.8034
epsilon:                   0.0500	grad_norm:                47.4808	loss:                     26.7329	loss_central:              0.0162
loss_latent:               0.2825	loss_td:                  26.4341	q_taken_mean:             12.7407	return_mean:              19.9726
return_std:                0.4361	target_mean:              12.7435	td_error_abs:              0.0632	test_battle_won_mean:      1.0000
test_dead_allies_mean:     5.6562	test_dead_enemies_mean:   24.0000	test_ep_length_mean:       9.3187	test_return_mean:         20.0042
test_return_std:           0.0132	
[INFO 01:45:43] my_main t_env: 1952958 / 2050000
[INFO 01:45:43] my_main Estimated time left: 44 minutes, 36 seconds. Time passed: 15 hours, 46 minutes, 28 seconds
[INFO 01:45:46] my_main Recent Stats | t_env:    1952958 | Episode:   157037
battle_won_mean:           0.9930	dead_allies_mean:          6.7961	dead_enemies_mean:        23.9741	ep_length_mean:           11.8156
epsilon:                   0.0500	grad_norm:                46.8513	loss:                     24.6502	loss_central:              0.0081
loss_latent:               0.2866	loss_td:                  24.3555	q_taken_mean:             12.4442	return_mean:              19.9729
return_std:                0.4414	target_mean:              12.4502	td_error_abs:              0.0592	test_battle_won_mean:      1.0000
test_dead_allies_mean:     5.2938	test_dead_enemies_mean:   24.0000	test_ep_length_mean:       9.1625	test_return_mean:         20.0040
test_return_std:           0.0132	
[INFO 01:50:19] my_main t_env: 1962959 / 2050000
[INFO 01:50:19] my_main Estimated time left: 40 minutes, 1 seconds. Time passed: 15 hours, 51 minutes, 4 seconds
[INFO 01:50:22] my_main Recent Stats | t_env:    1962959 | Episode:   157940
battle_won_mean:           0.9929	dead_allies_mean:          6.8832	dead_enemies_mean:        23.9729	ep_length_mean:           11.7075
epsilon:                   0.0500	grad_norm:                49.5817	loss:                     28.3698	loss_central:              0.0073
loss_latent:               0.2353	loss_td:                  28.1273	q_taken_mean:             12.8615	return_mean:              19.9715
return_std:                0.4521	target_mean:              12.8600	td_error_abs:              0.0546	test_battle_won_mean:      1.0000
test_dead_allies_mean:     5.0312	test_dead_enemies_mean:   24.0000	test_ep_length_mean:       8.8875	test_return_mean:         20.0030
test_return_std:           0.0079	
[INFO 01:54:51] my_main t_env: 1972965 / 2050000
[INFO 01:54:51] my_main Estimated time left: 34 minutes, 57 seconds. Time passed: 15 hours, 55 minutes, 36 seconds
[INFO 01:54:55] my_main Recent Stats | t_env:    1972965 | Episode:   158821
battle_won_mean:           0.9936	dead_allies_mean:          6.7722	dead_enemies_mean:        23.9787	ep_length_mean:           11.6122
epsilon:                   0.0500	grad_norm:                50.1308	loss:                     27.0938	loss_central:              0.0078
loss_latent:               0.2530	loss_td:                  26.8329	q_taken_mean:             12.8360	return_mean:              19.9778
return_std:                0.3589	target_mean:              12.8287	td_error_abs:              0.0557	test_battle_won_mean:      1.0000
test_dead_allies_mean:     5.0500	test_dead_enemies_mean:   24.0000	test_ep_length_mean:       8.9187	test_return_mean:         20.0028
test_return_std:           0.0079	
RequestQuit command received.
Closing Application...
DataHandler: unable to parse websocket frame.
CloseHandler: 127.0.0.1:39562 disconnected
[INFO 01:58:58] absl Shutdown gracefully.
[INFO 01:58:58] absl Shutdown with return code: -15
[INFO 01:58:58] absl Launching SC2: /labmount/users/202535331/MARL/pymarl-monotone-qmix/3rdparty/StarCraftII/Versions/Base75689/SC2_x64 -listen 127.0.0.1 -port 35845 -dataDir /labmount/users/202535331/MARL/pymarl-monotone-qmix/3rdparty/StarCraftII/ -tempDir /tmp/sc-gcdfq0m0/
[INFO 01:58:58] absl Connecting to: ws://127.0.0.1:35845/sc2api, attempt: 0, running: True
Version: B75689 (SC2.4.10)
Build: Aug 12 2019 17:16:57
Command Line: '"/labmount/users/202535331/MARL/pymarl-monotone-qmix/3rdparty/StarCraftII/Versions/Base75689/SC2_x64" -listen 127.0.0.1 -port 35845 -dataDir /labmount/users/202535331/MARL/pymarl-monotone-qmix/3rdparty/StarCraftII/ -tempDir /tmp/sc-gcdfq0m0/'
Starting up...
Startup Phase 1 complete
[INFO 01:58:59] absl Connecting to: ws://127.0.0.1:35845/sc2api, attempt: 1, running: True
Startup Phase 2 complete
Creating stub renderer...
Listening on: 127.0.0.1:35845
Startup Phase 3 complete. Ready for commands.
[INFO 01:59:00] absl Connecting to: ws://127.0.0.1:35845/sc2api, attempt: 2, running: True
ConnectHandler: Request from 127.0.0.1:49524 accepted
ReadyHandler: 127.0.0.1:49524 ready
Requesting to join a single player game
Configuring interface options
Configure: raw interface enabled
Configure: feature layer interface disabled
Configure: score interface disabled
Configure: render interface disabled
Launching next game.
Next launch phase started: 2
Next launch phase started: 3
Next launch phase started: 4
Next launch phase started: 5
Next launch phase started: 6
Next launch phase started: 7
Next launch phase started: 8
Game has started.
Using default stable ids, none found at: /labmount/users/202535331/MARL/pymarl-monotone-qmix/3rdparty/StarCraftII/stableid.json
Successfully loaded stable ids: GameData\stableid.json
Sending ResponseJoinGame
[INFO 01:59:33] my_main t_env: 1982973 / 2050000
[INFO 01:59:33] my_main Estimated time left: 31 minutes, 23 seconds. Time passed: 16 hours, 17 seconds
[INFO 01:59:36] my_main Recent Stats | t_env:    1982973 | Episode:   159705
battle_won_mean:           0.9964	dead_allies_mean:          6.6841	dead_enemies_mean:        23.9828	ep_length_mean:           11.3496
epsilon:                   0.0500	grad_norm:                50.2400	loss:                     26.6297	loss_central:              0.0072
loss_latent:               0.2312	loss_td:                  26.3913	q_taken_mean:             12.6042	return_mean:              19.9867
return_std:                0.3814	target_mean:              12.6033	td_error_abs:              0.0576	test_battle_won_mean:      1.0000
test_dead_allies_mean:     4.9250	test_dead_enemies_mean:   24.0000	test_ep_length_mean:       8.8875	test_return_mean:         20.0023
test_return_std:           0.0062	
[INFO 02:04:03] my_main t_env: 1992982 / 2050000
[INFO 02:04:03] my_main Estimated time left: 25 minutes, 41 seconds. Time passed: 16 hours, 4 minutes, 48 seconds
[INFO 02:04:06] my_main Recent Stats | t_env:    1992982 | Episode:   160605
battle_won_mean:           0.9975	dead_allies_mean:          6.7128	dead_enemies_mean:        23.9861	ep_length_mean:           11.2302
epsilon:                   0.0500	grad_norm:                49.6098	loss:                     27.2047	loss_central:              0.0078
loss_latent:               0.2288	loss_td:                  26.9681	q_taken_mean:             12.7826	return_mean:              19.9914
return_std:                0.3230	target_mean:              12.7752	td_error_abs:              0.0595	test_battle_won_mean:      1.0000
test_dead_allies_mean:     4.6437	test_dead_enemies_mean:   24.0000	test_ep_length_mean:       8.7000	test_return_mean:         20.0011
test_return_std:           0.0037	
[INFO 02:07:14] my_main Saving models to results/models/s2q_bane_vs_bane_seed1__2026-10-01_09-59-05/2000051
[INFO 02:08:22] my_main t_env: 2002989 / 2050000
[INFO 02:08:22] my_main Estimated time left: 20 minutes, 15 seconds. Time passed: 16 hours, 9 minutes, 7 seconds
[INFO 02:08:25] my_main Recent Stats | t_env:    2002989 | Episode:   161468
battle_won_mean:           0.9964	dead_allies_mean:          6.7646	dead_enemies_mean:        23.9837	ep_length_mean:           11.2942
epsilon:                   0.0500	grad_norm:                52.0353	loss:                     28.9901	loss_central:              0.0124
loss_latent:               0.2279	loss_td:                  28.7497	q_taken_mean:             13.2370	return_mean:              19.9873
return_std:                0.3456	target_mean:              13.2710	td_error_abs:              0.0857	test_battle_won_mean:      1.0000
test_dead_allies_mean:     4.7812	test_dead_enemies_mean:   24.0000	test_ep_length_mean:       8.8875	test_return_mean:         20.0019
test_return_std:           0.0051	
[INFO 02:12:48] my_main t_env: 2012994 / 2050000
[INFO 02:12:48] my_main Estimated time left: 16 minutes, 23 seconds. Time passed: 16 hours, 13 minutes, 33 seconds
[INFO 02:12:51] my_main Recent Stats | t_env:    2012994 | Episode:   162352
battle_won_mean:           0.9970	dead_allies_mean:          6.7594	dead_enemies_mean:        23.9870	ep_length_mean:           11.3427
epsilon:                   0.0500	grad_norm:                54.4177	loss:                     26.9118	loss_central:              0.0123
loss_latent:               0.2453	loss_td:                  26.6542	q_taken_mean:             12.9839	return_mean:              19.9909
return_std:                0.3135	target_mean:              13.0194	td_error_abs:              0.0866	test_battle_won_mean:      1.0000
test_dead_allies_mean:     4.8125	test_dead_enemies_mean:   24.0000	test_ep_length_mean:       8.8875	test_return_mean:         20.0022
test_return_std:           0.0068	
[INFO 02:17:16] my_main t_env: 2022995 / 2050000
[INFO 02:17:16] my_main Estimated time left: 12 minutes, 2 seconds. Time passed: 16 hours, 18 minutes, 0 seconds
[INFO 02:17:19] my_main Recent Stats | t_env:    2022995 | Episode:   163242
battle_won_mean:           0.9957	dead_allies_mean:          6.9853	dead_enemies_mean:        23.9848	ep_length_mean:           11.3186
epsilon:                   0.0500	grad_norm:                63.9440	loss:                     26.1931	loss_central:              0.0104
loss_latent:               0.1993	loss_td:                  25.9834	q_taken_mean:             13.0232	return_mean:              19.9856
return_std:                0.3370	target_mean:              13.0700	td_error_abs:              0.0852	test_battle_won_mean:      1.0000
test_dead_allies_mean:     4.8563	test_dead_enemies_mean:   24.0000	test_ep_length_mean:       8.7812	test_return_mean:         20.0019
test_return_std:           0.0058	
[INFO 02:21:43] my_main t_env: 2032996 / 2050000
[INFO 02:21:43] my_main Estimated time left: 7 minutes, 34 seconds. Time passed: 16 hours, 22 minutes, 28 seconds
[INFO 02:21:46] my_main Recent Stats | t_env:    2032996 | Episode:   164135
battle_won_mean:           0.9943	dead_allies_mean:          7.1354	dead_enemies_mean:        23.9866	ep_length_mean:           11.2942
epsilon:                   0.0500	grad_norm:                69.9083	loss:                     27.4008	loss_central:              0.0100
loss_latent:               0.1872	loss_td:                  27.2036	q_taken_mean:             13.2906	return_mean:              19.9834
return_std:                0.2760	target_mean:              13.3404	td_error_abs:              0.0853	test_battle_won_mean:      1.0000
test_dead_allies_mean:     4.8500	test_dead_enemies_mean:   24.0000	test_ep_length_mean:       8.7250	test_return_mean:         20.0019
test_return_std:           0.0061	
[INFO 02:26:09] my_main t_env: 2042999 / 2050000
[INFO 02:26:09] my_main Estimated time left: 3 minutes, 6 seconds. Time passed: 16 hours, 26 minutes, 54 seconds
[INFO 02:26:12] my_main Recent Stats | t_env:    2042999 | Episode:   165029
battle_won_mean:           0.9934	dead_allies_mean:          7.3029	dead_enemies_mean:        23.9817	ep_length_mean:           11.3078
epsilon:                   0.0500	grad_norm:                71.6914	loss:                     27.5310	loss_central:              0.0097
loss_latent:               0.1831	loss_td:                  27.3382	q_taken_mean:             13.3079	return_mean:              19.9774
return_std:                0.3646	target_mean:              13.3465	td_error_abs:              0.0917	test_battle_won_mean:      1.0000
test_dead_allies_mean:     5.1312	test_dead_enemies_mean:   24.0000	test_ep_length_mean:       8.7625	test_return_mean:         20.0022
test_return_std:           0.0071	
RequestQuit command received.
DataHandler: unable to parse websocket frame.
CloseHandler: 127.0.0.1:49524 disconnected
Closing Application...
ResponseThread: No connection, dropping the response.
[INFO 02:26:37] absl Shutdown gracefully.
[INFO 02:26:37] absl Shutdown with return code: -15
[INFO 02:26:37] absl Launching SC2: /labmount/users/202535331/MARL/pymarl-monotone-qmix/3rdparty/StarCraftII/Versions/Base75689/SC2_x64 -listen 127.0.0.1 -port 35457 -dataDir /labmount/users/202535331/MARL/pymarl-monotone-qmix/3rdparty/StarCraftII/ -tempDir /tmp/sc-hfen05wi/
[INFO 02:26:38] absl Connecting to: ws://127.0.0.1:35457/sc2api, attempt: 0, running: True
Version: B75689 (SC2.4.10)
Build: Aug 12 2019 17:16:57
Command Line: '"/labmount/users/202535331/MARL/pymarl-monotone-qmix/3rdparty/StarCraftII/Versions/Base75689/SC2_x64" -listen 127.0.0.1 -port 35457 -dataDir /labmount/users/202535331/MARL/pymarl-monotone-qmix/3rdparty/StarCraftII/ -tempDir /tmp/sc-hfen05wi/'
Starting up...
Startup Phase 1 complete
[INFO 02:26:39] absl Connecting to: ws://127.0.0.1:35457/sc2api, attempt: 1, running: True
Startup Phase 2 complete
Creating stub renderer...
Listening on: 127.0.0.1:35457
Startup Phase 3 complete. Ready for commands.
[INFO 02:26:40] absl Connecting to: ws://127.0.0.1:35457/sc2api, attempt: 2, running: True
ConnectHandler: Request from 127.0.0.1:53692 accepted
ReadyHandler: 127.0.0.1:53692 ready
Requesting to join a single player game
Configuring interface options
Configure: raw interface enabled
Configure: feature layer interface disabled
Configure: score interface disabled
Configure: render interface disabled
Launching next game.
Next launch phase started: 2
Next launch phase started: 3
Next launch phase started: 4
Next launch phase started: 5
Next launch phase started: 6
Next launch phase started: 7
Next launch phase started: 8
Game has started.
Using default stable ids, none found at: /labmount/users/202535331/MARL/pymarl-monotone-qmix/3rdparty/StarCraftII/stableid.json
Successfully loaded stable ids: GameData\stableid.json
Sending ResponseJoinGame
RequestQuit command received.
Closing Application...
DataHandler: unable to parse websocket frame.
CloseHandler: 127.0.0.1:53692 disconnected
[INFO 02:29:41] absl Shutdown gracefully.
[INFO 02:29:41] absl Shutdown with return code: -15
[INFO 02:29:41] my_main Finished Training
