/labmount/users/202535331/miniconda3/envs/pymarl/lib/python3.9/site-packages/sacred/dependencies.py:11: UserWarning: pkg_resources is deprecated as an API. See https://setuptools.pypa.io/en/latest/pkg_resources.html. The pkg_resources package is slated for removal as early as 2025-11-30. Refrain from using this package or pin to Setuptools<81.
  import pkg_resources
[DEBUG 09:34:18] git.cmd Popen(['git', 'version'], cwd=/labmount/users/202535331/MARL/pymarl-monotone-qmix, stdin=None, shell=False, universal_newlines=False)
[DEBUG 09:34:18] git.cmd Popen(['git', 'version'], cwd=/labmount/users/202535331/MARL/pymarl-monotone-qmix, stdin=None, shell=False, universal_newlines=False)
[DEBUG 09:34:18] git.util sys.platform='linux', git_executable='git'
[DEBUG 09:34:18] git.cmd Popen(['git', 'diff', '--cached', '--abbrev=40', '--full-index', '--raw'], cwd=/labmount/users/202535331/MARL/pymarl-monotone-qmix, stdin=None, shell=False, universal_newlines=False)
[DEBUG 09:34:18] git.cmd Popen(['git', 'diff', '--abbrev=40', '--full-index', '--raw'], cwd=/labmount/users/202535331/MARL/pymarl-monotone-qmix, stdin=None, shell=False, universal_newlines=False)
[DEBUG 09:34:18] git.cmd Popen(['git', 'cat-file', '--batch-check'], cwd=/labmount/users/202535331/MARL/pymarl-monotone-qmix, stdin=<valid stream>, shell=False, universal_newlines=False)
[DEBUG 09:34:18] git.util sys.platform='linux', git_executable='git'
[DEBUG 09:34:18] git.cmd Popen(['git', 'diff', '--cached', '--abbrev=40', '--full-index', '--raw'], cwd=/labmount/users/202535331/MARL/pymarl-monotone-qmix, stdin=None, shell=False, universal_newlines=False)
[DEBUG 09:34:18] git.cmd Popen(['git', 'diff', '--abbrev=40', '--full-index', '--raw'], cwd=/labmount/users/202535331/MARL/pymarl-monotone-qmix, stdin=None, shell=False, universal_newlines=False)
[DEBUG 09:34:18] git.cmd Popen(['git', 'cat-file', '--batch-check'], cwd=/labmount/users/202535331/MARL/pymarl-monotone-qmix, stdin=<valid stream>, shell=False, universal_newlines=False)
[DEBUG 09:34:18] git.util sys.platform='linux', git_executable='git'
[DEBUG 09:34:18] git.cmd Popen(['git', 'diff', '--cached', '--abbrev=40', '--full-index', '--raw'], cwd=/labmount/users/202535331/MARL/pymarl-monotone-qmix, stdin=None, shell=False, universal_newlines=False)
[DEBUG 09:34:18] git.cmd Popen(['git', 'diff', '--abbrev=40', '--full-index', '--raw'], cwd=/labmount/users/202535331/MARL/pymarl-monotone-qmix, stdin=None, shell=False, universal_newlines=False)
[DEBUG 09:34:19] git.cmd Popen(['git', 'cat-file', '--batch-check'], cwd=/labmount/users/202535331/MARL/pymarl-monotone-qmix, stdin=<valid stream>, shell=False, universal_newlines=False)
[INFO 09:34:19] root Saving to FileStorageObserver in /labmount/users/202535331/MARL/pymarl-monotone-qmix/results/sacred/s2q.
[DEBUG 09:34:19] pymarl Using capture mode "fd"
[INFO 09:34:19] pymarl Running command 'my_main'
[INFO 09:34:19] pymarl Started run with ID "24"
[DEBUG 09:34:19] pymarl Starting Heartbeat
[DEBUG 09:34:19] my_main Started
[INFO 09:34:19] my_main Experiment Parameters:
[INFO 09:34:19] my_main 

{   'action_selector': 's2q_epsilon_greedy',
    'agent': 's2q_rnn',
    'agent_output_type': 'q',
    'batch_size': 32,
    'batch_size_run': 1,
    'buffer_cpu_only': True,
    'buffer_size': 5000,
    'central_action_embed': 1,
    'central_mixing_embed_dim': 256,
    'checkpoint_path': '',
    'common_reward': True,
    'critic_lr': 0.0005,
    'double_q': True,
    'env': 'sc2',
    'env_args': {   'continuing_episode': False,
                    'debug': False,
                    'difficulty': '7',
                    'game_version': None,
                    'heuristic_ai': False,
                    'heuristic_rest': False,
                    'map_name': '5m_vs_6m',
                    'move_amount': 2,
                    'obs_all_health': True,
                    'obs_instead_of_state': False,
                    'obs_last_action': False,
                    'obs_own_health': True,
                    'obs_pathing_grid': False,
                    'obs_terrain_height': False,
                    'obs_timestep_number': False,
                    'replay_dir': '',
                    'replay_prefix': '',
                    'reward_death_value': 10,
                    'reward_defeat': 0,
                    'reward_negative_scale': 0.5,
                    'reward_only_positive': True,
                    'reward_scale': True,
                    'reward_scale_rate': 20,
                    'reward_sparse': False,
                    'reward_win': 200,
                    'seed': 41,
                    'state_last_action': True,
                    'state_timestep_number': False,
                    'step_mul': 8},
    'epsilon_anneal_time': 50000,
    'epsilon_finish': 0.05,
    'epsilon_start': 1.0,
    'evaluate': False,
    'evaluation_epsilon': 0.0,
    'gamma': 0.99,
    'grad_norm_clip': 10,
    'hypernet_embed': 64,
    'hypernet_layers': 2,
    'label': 'default_label',
    'learner': 's2q_learner',
    'learner_log_interval': 10000,
    'load_step': 0,
    'local_results_path': 'results',
    'log_interval': 10000,
    'lr': 0.0005,
    'mac': 's2q_mac',
    'mixer': 'qmix',
    'mixing_embed_dim': 32,
    'name': 's2q_5m_vs_6m_seed41',
    'obs_agent_id': True,
    'obs_last_action': True,
    'optim_alpha': 0.99,
    'optim_eps': 1e-05,
    'optimizer': 'rmsprop',
    'repeat_id': 1,
    'rnn_hidden_dim': 64,
    'runner': 'episode',
    'runner_log_interval': 10000,
    's2q_central_hidden_dim': 64,
    's2q_central_use_agent_id': True,
    's2q_encoder_hidden_dim': 64,
    's2q_hidden_dim': 64,
    's2q_k': 2,
    's2q_latent_dim': 32,
    's2q_temperature': 0.1,
    'save_model': True,
    'save_model_interval': 2000000,
    'save_replay': False,
    'seed': 41,
    't_max': 2050000,
    'target_update_interval': 200,
    'test_greedy': True,
    'test_interval': 10000,
    'test_nepisode': 32,
    'use_cuda': True,
    'use_tensorboard': True,
    'w_c': 0.9}

[INFO 09:34:21] my_main Beginning training for 2050000 timesteps
[INFO 09:34:21] absl Launching SC2: /labmount/users/202535331/MARL/pymarl-monotone-qmix/3rdparty/StarCraftII/Versions/Base75689/SC2_x64 -listen 127.0.0.1 -port 33943 -dataDir /labmount/users/202535331/MARL/pymarl-monotone-qmix/3rdparty/StarCraftII/ -tempDir /tmp/sc-00yepski/
[INFO 09:34:21] absl Connecting to: ws://127.0.0.1:33943/sc2api, attempt: 0, running: True
Version: B75689 (SC2.4.10)
Build: Aug 12 2019 17:16:57
Command Line: '"/labmount/users/202535331/MARL/pymarl-monotone-qmix/3rdparty/StarCraftII/Versions/Base75689/SC2_x64" -listen 127.0.0.1 -port 33943 -dataDir /labmount/users/202535331/MARL/pymarl-monotone-qmix/3rdparty/StarCraftII/ -tempDir /tmp/sc-00yepski/'
Starting up...
Startup Phase 1 complete
[INFO 09:34:22] absl Connecting to: ws://127.0.0.1:33943/sc2api, attempt: 1, running: True
Startup Phase 2 complete
Creating stub renderer...
Listening on: 127.0.0.1:33943
Startup Phase 3 complete. Ready for commands.
[INFO 09:34:23] absl Connecting to: ws://127.0.0.1:33943/sc2api, attempt: 2, running: True
ConnectHandler: Request from 127.0.0.1:47776 accepted
ReadyHandler: 127.0.0.1:47776 ready
Requesting to join a single player game
Configuring interface options
Configure: raw interface enabled
Configure: feature layer interface disabled
Configure: score interface disabled
Configure: render interface disabled
Launching next game.
Next launch phase started: 2
Next launch phase started: 3
Next launch phase started: 4
Next launch phase started: 5
Next launch phase started: 6
Next launch phase started: 7
Next launch phase started: 8
Game has started.
Using default stable ids, none found at: /labmount/users/202535331/MARL/pymarl-monotone-qmix/3rdparty/StarCraftII/stableid.json
Successfully loaded stable ids: GameData\stableid.json
Sending ResponseJoinGame
[INFO 09:34:27] my_main t_env: 30 / 2050000
[INFO 09:34:27] my_main Estimated time left: 19 minutes, 57 seconds. Time passed: 5 seconds
[INFO 09:34:30] my_main Saving models to results/models/s2q_5m_vs_6m_seed41__2026-09-30_09-34-19/30
[INFO 09:36:07] my_main Recent Stats | t_env:      10009 | Episode:      378
battle_won_mean:           0.0000	dead_allies_mean:          5.0000	dead_enemies_mean:         0.0000	ep_length_mean:           30.0000
epsilon:                   1.0000	grad_norm:                 4.6500	loss:                      0.5335	loss_central:              0.0143
loss_latent:               0.2868	loss_td:                   0.2325	q_taken_mean:             -0.1833	return_mean:               1.5849
return_std:                0.0000	target_mean:               0.1724	td_error_abs:              0.3560	test_battle_won_mean:      0.0000
test_dead_allies_mean:     5.0000	test_dead_enemies_mean:    0.0000	test_ep_length_mean:      16.1875	test_return_mean:          0.4670
test_return_std:           0.1258	
[INFO 09:36:08] my_main t_env: 10045 / 2050000
[INFO 09:36:08] my_main Estimated time left: 5 hours, 41 minutes, 26 seconds. Time passed: 1 minutes, 46 seconds
[INFO 09:38:02] my_main Recent Stats | t_env:      20013 | Episode:      862
battle_won_mean:           0.0000	dead_allies_mean:          4.9907	dead_enemies_mean:         0.0013	ep_length_mean:           28.2474
epsilon:                   0.8098	grad_norm:                 2.9847	loss:                      0.4952	loss_central:              0.0131
loss_latent:               0.3408	loss_td:                   0.1413	q_taken_mean:              0.1474	return_mean:               1.5933
return_std:                0.2276	target_mean:               0.3117	td_error_abs:              0.2158	test_battle_won_mean:      0.0000
test_dead_allies_mean:     4.9219	test_dead_enemies_mean:    0.3281	test_ep_length_mean:      24.5000	test_return_mean:          1.9829
test_return_std:           0.3950	
[INFO 09:38:03] my_main t_env: 20056 / 2050000
[INFO 09:38:03] my_main Estimated time left: 6 hours, 29 minutes, 9 seconds. Time passed: 3 minutes, 41 seconds
[INFO 09:39:52] my_main Recent Stats | t_env:      30021 | Episode:     1386
battle_won_mean:           0.0000	dead_allies_mean:          4.9938	dead_enemies_mean:         0.0215	ep_length_mean:           25.7120
epsilon:                   0.6194	grad_norm:                 2.9711	loss:                      0.7192	loss_central:              0.0143
loss_latent:               0.5786	loss_td:                   0.1262	q_taken_mean:              0.4374	return_mean:               1.8042
return_std:                0.3825	target_mean:               0.5580	td_error_abs:              0.1762	test_battle_won_mean:      0.0000
test_dead_allies_mean:     4.9479	test_dead_enemies_mean:    0.8750	test_ep_length_mean:      22.5000	test_return_mean:          3.6203
test_return_std:           0.5434	
[INFO 09:39:53] my_main t_env: 30056 / 2050000
[INFO 09:39:53] my_main Estimated time left: 6 hours, 9 minutes, 37 seconds. Time passed: 5 minutes, 31 seconds
[INFO 09:41:46] my_main Recent Stats | t_env:      40026 | Episode:     1937
battle_won_mean:           0.0000	dead_allies_mean:          4.9944	dead_enemies_mean:         0.0715	ep_length_mean:           24.0550
epsilon:                   0.4293	grad_norm:                 2.7367	loss:                      0.9890	loss_central:              0.0207
loss_latent:               0.7710	loss_td:                   0.1973	q_taken_mean:              0.7803	return_mean:               2.0843
return_std:                0.5112	target_mean:               0.8728	td_error_abs:              0.1643	test_battle_won_mean:      0.0000
test_dead_allies_mean:     4.9609	test_dead_enemies_mean:    1.1641	test_ep_length_mean:      21.6250	test_return_mean:          4.4626
test_return_std:           0.6228	
[INFO 09:41:46] my_main t_env: 40063 / 2050000
[INFO 09:41:46] my_main Estimated time left: 6 hours, 20 minutes, 12 seconds. Time passed: 7 minutes, 24 seconds
[INFO 09:43:36] my_main Recent Stats | t_env:      50043 | Episode:     2483
battle_won_mean:           0.0000	dead_allies_mean:          4.9948	dead_enemies_mean:         0.1711	ep_length_mean:           22.8763
epsilon:                   0.2391	grad_norm:                 2.8127	loss:                      1.1345	loss_central:              0.0240
loss_latent:               0.8021	loss_td:                   0.3084	q_taken_mean:              1.0294	return_mean:               2.4586
return_std:                0.6023	target_mean:               1.1145	td_error_abs:              0.1590	test_battle_won_mean:      0.0000
test_dead_allies_mean:     4.9688	test_dead_enemies_mean:    1.2812	test_ep_length_mean:      20.8313	test_return_mean:          4.8583
test_return_std:           0.6566	
[INFO 09:43:36] my_main t_env: 50079 / 2050000
[INFO 09:43:36] my_main Estimated time left: 6 hours, 5 minutes, 40 seconds. Time passed: 9 minutes, 14 seconds
[INFO 09:45:20] my_main Recent Stats | t_env:      60045 | Episode:     3019
battle_won_mean:           0.0000	dead_allies_mean:          4.9937	dead_enemies_mean:         0.3580	ep_length_mean:           20.5452
epsilon:                   0.0500	grad_norm:                 2.5182	loss:                      1.4654	loss_central:              0.0296
loss_latent:               0.9703	loss_td:                   0.4655	q_taken_mean:              1.5605	return_mean:               3.1112
return_std:                0.7802	target_mean:               1.5801	td_error_abs:              0.1145	test_battle_won_mean:      0.0000
test_dead_allies_mean:     4.9688	test_dead_enemies_mean:    1.5750	test_ep_length_mean:      21.2437	test_return_mean:          5.9802
test_return_std:           0.7520	
[INFO 09:45:21] my_main t_env: 60083 / 2050000
[INFO 09:45:21] my_main Estimated time left: 5 hours, 46 minutes, 43 seconds. Time passed: 10 minutes, 59 seconds
RequestQuit command received.
Closing Application...
DataHandler: unable to parse websocket frame.
CloseHandler: 127.0.0.1:47776 disconnected
[INFO 09:45:25] absl Shutdown gracefully.
[INFO 09:45:25] absl Shutdown with return code: -15
[INFO 09:45:25] absl Launching SC2: /labmount/users/202535331/MARL/pymarl-monotone-qmix/3rdparty/StarCraftII/Versions/Base75689/SC2_x64 -listen 127.0.0.1 -port 39047 -dataDir /labmount/users/202535331/MARL/pymarl-monotone-qmix/3rdparty/StarCraftII/ -tempDir /tmp/sc-fvaxv519/
[INFO 09:45:25] absl Connecting to: ws://127.0.0.1:39047/sc2api, attempt: 0, running: True
Version: B75689 (SC2.4.10)
Build: Aug 12 2019 17:16:57
Command Line: '"/labmount/users/202535331/MARL/pymarl-monotone-qmix/3rdparty/StarCraftII/Versions/Base75689/SC2_x64" -listen 127.0.0.1 -port 39047 -dataDir /labmount/users/202535331/MARL/pymarl-monotone-qmix/3rdparty/StarCraftII/ -tempDir /tmp/sc-fvaxv519/'
Starting up...
Startup Phase 1 complete
[INFO 09:45:26] absl Connecting to: ws://127.0.0.1:39047/sc2api, attempt: 1, running: True
Startup Phase 2 complete
Creating stub renderer...
Listening on: 127.0.0.1:39047
Startup Phase 3 complete. Ready for commands.
[INFO 09:45:27] absl Connecting to: ws://127.0.0.1:39047/sc2api, attempt: 2, running: True
ConnectHandler: Request from 127.0.0.1:40906 accepted
ReadyHandler: 127.0.0.1:40906 ready
Requesting to join a single player game
Configuring interface options
Configure: raw interface enabled
Configure: feature layer interface disabled
Configure: score interface disabled
Configure: render interface disabled
Launching next game.
Next launch phase started: 2
Next launch phase started: 3
Next launch phase started: 4
Next launch phase started: 5
Next launch phase started: 6
Next launch phase started: 7
Next launch phase started: 8
Game has started.
Using default stable ids, none found at: /labmount/users/202535331/MARL/pymarl-monotone-qmix/3rdparty/StarCraftII/stableid.json
Successfully loaded stable ids: GameData\stableid.json
Sending ResponseJoinGame
[INFO 09:47:10] my_main Recent Stats | t_env:      70052 | Episode:     3562
battle_won_mean:           0.0000	dead_allies_mean:          4.9974	dead_enemies_mean:         0.6634	ep_length_mean:           18.9790
epsilon:                   0.0500	grad_norm:                 3.0495	loss:                      1.8969	loss_central:              0.0376
loss_latent:               1.0854	loss_td:                   0.7738	q_taken_mean:              1.9549	return_mean:               3.9425
return_std:                0.8510	target_mean:               1.9911	td_error_abs:              0.1272	test_battle_won_mean:      0.0000
test_dead_allies_mean:     5.0000	test_dead_enemies_mean:    1.8062	test_ep_length_mean:      18.4000	test_return_mean:          6.5719
test_return_std:           0.7316	
[INFO 09:47:10] my_main t_env: 70088 / 2050000
[INFO 09:47:10] my_main Estimated time left: 6 hours, 1 minutes, 9 seconds. Time passed: 12 minutes, 48 seconds
[INFO 09:48:54] my_main Recent Stats | t_env:      80062 | Episode:     4105
battle_won_mean:           0.0000	dead_allies_mean:          4.9956	dead_enemies_mean:         0.9556	ep_length_mean:           18.5359
epsilon:                   0.0500	grad_norm:                 3.0387	loss:                      2.1111	loss_central:              0.0402
loss_latent:               1.1279	loss_td:                   0.9430	q_taken_mean:              2.1980	return_mean:               4.6456
return_std:                0.8808	target_mean:               2.2439	td_error_abs:              0.1347	test_battle_won_mean:      0.0000
test_dead_allies_mean:     5.0000	test_dead_enemies_mean:    1.7688	test_ep_length_mean:      18.3562	test_return_mean:          6.4389
test_return_std:           0.7422	
[INFO 09:48:54] my_main t_env: 80097 / 2050000
[INFO 09:48:54] my_main Estimated time left: 5 hours, 41 minutes, 4 seconds. Time passed: 14 minutes, 32 seconds
[INFO 09:50:34] my_main Recent Stats | t_env:      90075 | Episode:     4635
battle_won_mean:           0.0000	dead_allies_mean:          4.9963	dead_enemies_mean:         1.2230	ep_length_mean:           18.4056
epsilon:                   0.0500	grad_norm:                 3.7445	loss:                      2.3451	loss_central:              0.0385
loss_latent:               1.1549	loss_td:                   1.1516	q_taken_mean:              2.3929	return_mean:               5.1990
return_std:                0.8772	target_mean:               2.4374	td_error_abs:              0.1319	test_battle_won_mean:      0.0000
test_dead_allies_mean:     5.0000	test_dead_enemies_mean:    1.7125	test_ep_length_mean:      18.1500	test_return_mean:          6.1863
test_return_std:           0.6741	
[INFO 09:50:35] my_main t_env: 90111 / 2050000
[INFO 09:50:35] my_main Estimated time left: 5 hours, 27 minutes, 54 seconds. Time passed: 16 minutes, 13 seconds
[INFO 09:52:13] my_main Recent Stats | t_env:     100079 | Episode:     5162
battle_won_mean:           0.0000	dead_allies_mean:          4.9967	dead_enemies_mean:         1.4279	ep_length_mean:           18.5522
epsilon:                   0.0500	grad_norm:                 3.5705	loss:                      2.5235	loss_central:              0.0362
loss_latent:               1.2205	loss_td:                   1.2668	q_taken_mean:              2.5713	return_mean:               5.5453
return_std:                0.8616	target_mean:               2.5905	td_error_abs:              0.1320	test_battle_won_mean:      0.0000
test_dead_allies_mean:     5.0000	test_dead_enemies_mean:    1.7937	test_ep_length_mean:      18.3625	test_return_mean:          6.1965
test_return_std:           0.6450	
[INFO 09:52:13] my_main t_env: 100116 / 2050000
[INFO 09:52:13] my_main Estimated time left: 5 hours, 19 minutes, 20 seconds. Time passed: 17 minutes, 51 seconds
[INFO 09:53:46] my_main Recent Stats | t_env:     110094 | Episode:     5680
battle_won_mean:           0.0000	dead_allies_mean:          4.9974	dead_enemies_mean:         1.5716	ep_length_mean:           18.6803
epsilon:                   0.0500	grad_norm:                 3.6279	loss:                      2.8879	loss_central:              0.0337
loss_latent:               1.2008	loss_td:                   1.6534	q_taken_mean:              2.7197	return_mean:               5.7363
return_std:                0.8675	target_mean:               2.7264	td_error_abs:              0.1312	test_battle_won_mean:      0.0000
test_dead_allies_mean:     5.0000	test_dead_enemies_mean:    1.9250	test_ep_length_mean:      18.4688	test_return_mean:          6.2410
test_return_std:           0.6468	
[INFO 09:53:46] my_main t_env: 110134 / 2050000
[INFO 09:53:46] my_main Estimated time left: 5 hours, 1 minutes, 16 seconds. Time passed: 19 minutes, 25 seconds
[INFO 09:55:15] my_main Recent Stats | t_env:     120106 | Episode:     6163
battle_won_mean:           0.0000	dead_allies_mean:          4.9970	dead_enemies_mean:         1.6174	ep_length_mean:           18.8154
epsilon:                   0.0500	grad_norm:                 3.3131	loss:                      3.1103	loss_central:              0.0297
loss_latent:               1.2168	loss_td:                   1.8638	q_taken_mean:              2.8963	return_mean:               5.7845
return_std:                0.9028	target_mean:               2.9037	td_error_abs:              0.1298	test_battle_won_mean:      0.0000
test_dead_allies_mean:     5.0000	test_dead_enemies_mean:    2.0438	test_ep_length_mean:      18.6938	test_return_mean:          6.3375
test_return_std:           0.7373	
[INFO 09:55:16] my_main t_env: 120148 / 2050000
[INFO 09:55:16] my_main Estimated time left: 4 hours, 47 minutes, 20 seconds. Time passed: 20 minutes, 54 seconds
RequestQuit command received.
Closing Application...
DataHandler: unable to parse websocket frame.
CloseHandler: 127.0.0.1:40906 disconnected
[INFO 09:55:30] absl Shutdown gracefully.
[INFO 09:55:30] absl Shutdown with return code: -15
[INFO 09:55:30] absl Launching SC2: /labmount/users/202535331/MARL/pymarl-monotone-qmix/3rdparty/StarCraftII/Versions/Base75689/SC2_x64 -listen 127.0.0.1 -port 45337 -dataDir /labmount/users/202535331/MARL/pymarl-monotone-qmix/3rdparty/StarCraftII/ -tempDir /tmp/sc-c3y4c61i/
[INFO 09:55:30] absl Connecting to: ws://127.0.0.1:45337/sc2api, attempt: 0, running: True
Version: B75689 (SC2.4.10)
Build: Aug 12 2019 17:16:57
Command Line: '"/labmount/users/202535331/MARL/pymarl-monotone-qmix/3rdparty/StarCraftII/Versions/Base75689/SC2_x64" -listen 127.0.0.1 -port 45337 -dataDir /labmount/users/202535331/MARL/pymarl-monotone-qmix/3rdparty/StarCraftII/ -tempDir /tmp/sc-c3y4c61i/'
Starting up...
Startup Phase 1 complete
[INFO 09:55:31] absl Connecting to: ws://127.0.0.1:45337/sc2api, attempt: 1, running: True
Startup Phase 2 complete
Creating stub renderer...
Listening on: 127.0.0.1:45337
Startup Phase 3 complete. Ready for commands.
[INFO 09:55:32] absl Connecting to: ws://127.0.0.1:45337/sc2api, attempt: 2, running: True
ConnectHandler: Request from 127.0.0.1:32924 accepted
ReadyHandler: 127.0.0.1:32924 ready
Requesting to join a single player game
Configuring interface options
Configure: raw interface enabled
Configure: feature layer interface disabled
Configure: score interface disabled
Configure: render interface disabled
Launching next game.
Next launch phase started: 2
Next launch phase started: 3
Next launch phase started: 4
Next launch phase started: 5
Next launch phase started: 6
Next launch phase started: 7
Next launch phase started: 8
Game has started.
Using default stable ids, none found at: /labmount/users/202535331/MARL/pymarl-monotone-qmix/3rdparty/StarCraftII/stableid.json
Successfully loaded stable ids: GameData\stableid.json
Sending ResponseJoinGame
[INFO 09:56:51] my_main Recent Stats | t_env:     130122 | Episode:     6656
battle_won_mean:           0.0000	dead_allies_mean:          4.9943	dead_enemies_mean:         1.6747	ep_length_mean:           19.2769
epsilon:                   0.0500	grad_norm:                 3.7469	loss:                      3.4370	loss_central:              0.0296
loss_latent:               1.1649	loss_td:                   2.2426	q_taken_mean:              3.1360	return_mean:               5.8706
return_std:                0.9597	target_mean:               3.0978	td_error_abs:              0.1385	test_battle_won_mean:      0.0000
test_dead_allies_mean:     5.0000	test_dead_enemies_mean:    2.0500	test_ep_length_mean:      18.8750	test_return_mean:          6.2939
test_return_std:           0.7075	
[INFO 09:56:52] my_main t_env: 130160 / 2050000
[INFO 09:56:52] my_main Estimated time left: 5 hours, 6 minutes, 52 seconds. Time passed: 22 minutes, 30 seconds
[INFO 09:58:22] my_main t_env: 140173 / 2050000
[INFO 09:58:22] my_main Estimated time left: 4 hours, 48 minutes, 4 seconds. Time passed: 24 minutes, 1 seconds
[INFO 09:58:26] my_main Recent Stats | t_env:     140173 | Episode:     7123
battle_won_mean:           0.0000	dead_allies_mean:          4.9901	dead_enemies_mean:         1.7964	ep_length_mean:           20.1798
epsilon:                   0.0500	grad_norm:                 3.6012	loss:                      3.5394	loss_central:              0.0291
loss_latent:               1.0532	loss_td:                   2.4571	q_taken_mean:              3.2367	return_mean:               6.0941
return_std:                0.9886	target_mean:               3.1863	td_error_abs:              0.1396	test_battle_won_mean:      0.0000
test_dead_allies_mean:     5.0000	test_dead_enemies_mean:    2.0812	test_ep_length_mean:      19.8625	test_return_mean:          6.4153
test_return_std:           0.7105	
[INFO 09:59:55] my_main t_env: 150182 / 2050000
[INFO 09:59:55] my_main Estimated time left: 4 hours, 52 minutes, 56 seconds. Time passed: 25 minutes, 33 seconds
[INFO 09:59:58] my_main Recent Stats | t_env:     150182 | Episode:     7579
battle_won_mean:           0.0000	dead_allies_mean:          4.9887	dead_enemies_mean:         1.8000	ep_length_mean:           20.7728
epsilon:                   0.0500	grad_norm:                 3.7892	loss:                      3.6559	loss_central:              0.0293
loss_latent:               0.9855	loss_td:                   2.6412	q_taken_mean:              3.2897	return_mean:               6.0846
return_std:                0.9892	target_mean:               3.2659	td_error_abs:              0.1377	test_battle_won_mean:      0.0000
test_dead_allies_mean:     5.0000	test_dead_enemies_mean:    2.0125	test_ep_length_mean:      20.3625	test_return_mean:          6.3335
test_return_std:           0.6710	
[INFO 10:01:28] my_main t_env: 160197 / 2050000
[INFO 10:01:28] my_main Estimated time left: 4 hours, 50 minutes, 56 seconds. Time passed: 27 minutes, 6 seconds
[INFO 10:01:31] my_main Recent Stats | t_env:     160197 | Episode:     8033
battle_won_mean:           0.0000	dead_allies_mean:          4.9847	dead_enemies_mean:         1.7633	ep_length_mean:           21.3167
epsilon:                   0.0500	grad_norm:                 3.9003	loss:                      3.6609	loss_central:              0.0291
loss_latent:               0.9410	loss_td:                   2.6908	q_taken_mean:              3.3406	return_mean:               5.9966
return_std:                0.9933	target_mean:               3.3197	td_error_abs:              0.1359	test_battle_won_mean:      0.0000
test_dead_allies_mean:     5.0000	test_dead_enemies_mean:    1.8313	test_ep_length_mean:      20.1500	test_return_mean:          6.0153
test_return_std:           0.5982	
[INFO 10:03:05] my_main t_env: 170200 / 2050000
[INFO 10:03:05] my_main Estimated time left: 5 hours, 3 minutes, 54 seconds. Time passed: 28 minutes, 43 seconds
[INFO 10:03:08] my_main Recent Stats | t_env:     170200 | Episode:     8528
battle_won_mean:           0.0000	dead_allies_mean:          4.9893	dead_enemies_mean:         1.7541	ep_length_mean:           21.2118
epsilon:                   0.0500	grad_norm:                 4.1860	loss:                      3.5781	loss_central:              0.0276
loss_latent:               0.9503	loss_td:                   2.6002	q_taken_mean:              3.3037	return_mean:               5.9215
return_std:                0.9629	target_mean:               3.2932	td_error_abs:              0.1396	test_battle_won_mean:      0.0000
test_dead_allies_mean:     5.0000	test_dead_enemies_mean:    1.9250	test_ep_length_mean:      20.4125	test_return_mean:          6.1024
test_return_std:           0.5541	
[INFO 10:04:42] my_main t_env: 180216 / 2050000
[INFO 10:04:42] my_main Estimated time left: 5 hours, 2 minutes, 40 seconds. Time passed: 30 minutes, 20 seconds
[INFO 10:04:46] my_main Recent Stats | t_env:     180216 | Episode:     9007
battle_won_mean:           0.0000	dead_allies_mean:          4.9917	dead_enemies_mean:         1.8122	ep_length_mean:           21.3321
epsilon:                   0.0500	grad_norm:                 4.3459	loss:                      3.5330	loss_central:              0.0272
loss_latent:               0.9225	loss_td:                   2.5832	q_taken_mean:              3.2649	return_mean:               5.9780
return_std:                0.9697	target_mean:               3.3010	td_error_abs:              0.1311	test_battle_won_mean:      0.0000
test_dead_allies_mean:     5.0000	test_dead_enemies_mean:    2.1437	test_ep_length_mean:      20.8562	test_return_mean:          6.4304
test_return_std:           0.6507	
RequestQuit command received.
Closing Application...
DataHandler: unable to parse websocket frame.
CloseHandler: 127.0.0.1:32924 disconnected
[INFO 10:05:03] absl Shutdown gracefully.
[INFO 10:05:03] absl Shutdown with return code: -15
[INFO 10:05:03] absl Launching SC2: /labmount/users/202535331/MARL/pymarl-monotone-qmix/3rdparty/StarCraftII/Versions/Base75689/SC2_x64 -listen 127.0.0.1 -port 38389 -dataDir /labmount/users/202535331/MARL/pymarl-monotone-qmix/3rdparty/StarCraftII/ -tempDir /tmp/sc-yaang7ii/
[INFO 10:05:03] absl Connecting to: ws://127.0.0.1:38389/sc2api, attempt: 0, running: True
Version: B75689 (SC2.4.10)
Build: Aug 12 2019 17:16:57
Command Line: '"/labmount/users/202535331/MARL/pymarl-monotone-qmix/3rdparty/StarCraftII/Versions/Base75689/SC2_x64" -listen 127.0.0.1 -port 38389 -dataDir /labmount/users/202535331/MARL/pymarl-monotone-qmix/3rdparty/StarCraftII/ -tempDir /tmp/sc-yaang7ii/'
Starting up...
Startup Phase 1 complete
[INFO 10:05:04] absl Connecting to: ws://127.0.0.1:38389/sc2api, attempt: 1, running: True
Startup Phase 2 complete
Creating stub renderer...
Listening on: 127.0.0.1:38389
Startup Phase 3 complete. Ready for commands.
[INFO 10:05:05] absl Connecting to: ws://127.0.0.1:38389/sc2api, attempt: 2, running: True
ConnectHandler: Request from 127.0.0.1:45972 accepted
ReadyHandler: 127.0.0.1:45972 ready
Requesting to join a single player game
Configuring interface options
Configure: raw interface enabled
Configure: feature layer interface disabled
Configure: score interface disabled
Configure: render interface disabled
Launching next game.
Next launch phase started: 2
Next launch phase started: 3
Next launch phase started: 4
Next launch phase started: 5
Next launch phase started: 6
Next launch phase started: 7
Next launch phase started: 8
Game has started.
Using default stable ids, none found at: /labmount/users/202535331/MARL/pymarl-monotone-qmix/3rdparty/StarCraftII/stableid.json
Successfully loaded stable ids: GameData\stableid.json
Sending ResponseJoinGame
[INFO 10:06:26] my_main t_env: 190231 / 2050000
[INFO 10:06:26] my_main Estimated time left: 5 hours, 22 minutes, 11 seconds. Time passed: 32 minutes, 4 seconds
[INFO 10:06:29] my_main Recent Stats | t_env:     190231 | Episode:     9508
battle_won_mean:           0.0000	dead_allies_mean:          4.9914	dead_enemies_mean:         1.8719	ep_length_mean:           21.0235
epsilon:                   0.0500	grad_norm:                 4.6904	loss:                      3.5912	loss_central:              0.0263
loss_latent:               0.8867	loss_td:                   2.6782	q_taken_mean:              3.2806	return_mean:               6.0121
return_std:                0.9944	target_mean:               3.3184	td_error_abs:              0.1301	test_battle_won_mean:      0.0000
test_dead_allies_mean:     5.0000	test_dead_enemies_mean:    2.2188	test_ep_length_mean:      20.5250	test_return_mean:          6.4686
test_return_std:           0.6497	
[INFO 10:08:03] my_main t_env: 200234 / 2050000
[INFO 10:08:03] my_main Estimated time left: 4 hours, 58 minutes, 28 seconds. Time passed: 33 minutes, 41 seconds
[INFO 10:08:06] my_main Recent Stats | t_env:     200234 | Episode:     9999
battle_won_mean:           0.0000	dead_allies_mean:          4.9932	dead_enemies_mean:         1.9785	ep_length_mean:           20.7081
epsilon:                   0.0500	grad_norm:                 5.0239	loss:                      3.6057	loss_central:              0.0273
loss_latent:               0.8723	loss_td:                   2.7061	q_taken_mean:              3.2597	return_mean:               6.1736
return_std:                1.0397	target_mean:               3.2987	td_error_abs:              0.1287	test_battle_won_mean:      0.0000
test_dead_allies_mean:     5.0000	test_dead_enemies_mean:    2.4438	test_ep_length_mean:      20.5000	test_return_mean:          6.7927
test_return_std:           0.7589	
[INFO 10:09:41] my_main t_env: 210234 / 2050000
[INFO 10:09:41] my_main Estimated time left: 5 hours, 2 minutes, 30 seconds. Time passed: 35 minutes, 20 seconds
[INFO 10:09:45] my_main Recent Stats | t_env:     210234 | Episode:    10495
battle_won_mean:           0.0000	dead_allies_mean:          4.9976	dead_enemies_mean:         2.0957	ep_length_mean:           20.3285
epsilon:                   0.0500	grad_norm:                 5.8887	loss:                      3.6102	loss_central:              0.0268
loss_latent:               0.8794	loss_td:                   2.7040	q_taken_mean:              3.2213	return_mean:               6.3450
return_std:                1.0402	target_mean:               3.2638	td_error_abs:              0.1272	test_battle_won_mean:      0.0000
test_dead_allies_mean:     5.0000	test_dead_enemies_mean:    2.6875	test_ep_length_mean:      20.8625	test_return_mean:          7.1288
test_return_std:           0.8232	
[INFO 10:11:18] my_main t_env: 220250 / 2050000
[INFO 10:11:18] my_main Estimated time left: 4 hours, 53 minutes, 33 seconds. Time passed: 36 minutes, 56 seconds
[INFO 10:11:21] my_main Recent Stats | t_env:     220250 | Episode:    10989
battle_won_mean:           0.0000	dead_allies_mean:          4.9976	dead_enemies_mean:         2.1956	ep_length_mean:           20.3419
epsilon:                   0.0500	grad_norm:                 5.8526	loss:                      3.7342	loss_central:              0.0278
loss_latent:               0.8809	loss_td:                   2.8255	q_taken_mean:              3.2387	return_mean:               6.5091
return_std:                1.0677	target_mean:               3.2775	td_error_abs:              0.1259	test_battle_won_mean:      0.0000
test_dead_allies_mean:     5.0000	test_dead_enemies_mean:    2.7812	test_ep_length_mean:      20.9875	test_return_mean:          7.4012
test_return_std:           0.8875	
[INFO 10:12:52] my_main t_env: 230264 / 2050000
[INFO 10:12:52] my_main Estimated time left: 4 hours, 44 minutes, 24 seconds. Time passed: 38 minutes, 30 seconds
[INFO 10:12:55] my_main Recent Stats | t_env:     230264 | Episode:    11483
battle_won_mean:           0.0000	dead_allies_mean:          4.9980	dead_enemies_mean:         2.2178	ep_length_mean:           20.2141
epsilon:                   0.0500	grad_norm:                 5.7335	loss:                      3.8769	loss_central:              0.0287
loss_latent:               0.8682	loss_td:                   2.9800	q_taken_mean:              3.3013	return_mean:               6.5504
return_std:                1.0872	target_mean:               3.3049	td_error_abs:              0.1270	test_battle_won_mean:      0.0000
test_dead_allies_mean:     5.0000	test_dead_enemies_mean:    2.6375	test_ep_length_mean:      20.4062	test_return_mean:          7.1269
test_return_std:           0.8556	
[INFO 10:14:25] my_main t_env: 240282 / 2050000
[INFO 10:14:25] my_main Estimated time left: 4 hours, 41 minutes, 35 seconds. Time passed: 40 minutes, 4 seconds
[INFO 10:14:29] my_main Recent Stats | t_env:     240282 | Episode:    11981
battle_won_mean:           0.0000	dead_allies_mean:          5.0000	dead_enemies_mean:         2.2168	ep_length_mean:           20.2394
epsilon:                   0.0500	grad_norm:                 5.1355	loss:                      3.8029	loss_central:              0.0299
loss_latent:               0.8707	loss_td:                   2.9022	q_taken_mean:              3.3314	return_mean:               6.5735
return_std:                1.1033	target_mean:               3.3317	td_error_abs:              0.1305	test_battle_won_mean:      0.0000
test_dead_allies_mean:     5.0000	test_dead_enemies_mean:    2.7313	test_ep_length_mean:      20.8438	test_return_mean:          7.4050
test_return_std:           0.9270	
RequestQuit command received.
Closing Application...
DataHandler: unable to parse websocket frame.
CloseHandler: 127.0.0.1:45972 disconnected
[INFO 10:14:52] absl Shutdown gracefully.
[INFO 10:14:52] absl Shutdown with return code: -15
[INFO 10:14:52] absl Launching SC2: /labmount/users/202535331/MARL/pymarl-monotone-qmix/3rdparty/StarCraftII/Versions/Base75689/SC2_x64 -listen 127.0.0.1 -port 40735 -dataDir /labmount/users/202535331/MARL/pymarl-monotone-qmix/3rdparty/StarCraftII/ -tempDir /tmp/sc-qula8tvt/
[INFO 10:14:52] absl Connecting to: ws://127.0.0.1:40735/sc2api, attempt: 0, running: True
Version: B75689 (SC2.4.10)
Build: Aug 12 2019 17:16:57
Command Line: '"/labmount/users/202535331/MARL/pymarl-monotone-qmix/3rdparty/StarCraftII/Versions/Base75689/SC2_x64" -listen 127.0.0.1 -port 40735 -dataDir /labmount/users/202535331/MARL/pymarl-monotone-qmix/3rdparty/StarCraftII/ -tempDir /tmp/sc-qula8tvt/'
Starting up...
Startup Phase 1 complete
[INFO 10:14:53] absl Connecting to: ws://127.0.0.1:40735/sc2api, attempt: 1, running: True
Startup Phase 2 complete
Creating stub renderer...
Listening on: 127.0.0.1:40735
Startup Phase 3 complete. Ready for commands.
[INFO 10:14:54] absl Connecting to: ws://127.0.0.1:40735/sc2api, attempt: 2, running: True
ConnectHandler: Request from 127.0.0.1:57602 accepted
ReadyHandler: 127.0.0.1:57602 ready
Requesting to join a single player game
Configuring interface options
Configure: raw interface enabled
Configure: feature layer interface disabled
Configure: score interface disabled
Configure: render interface disabled
Launching next game.
Next launch phase started: 2
Next launch phase started: 3
Next launch phase started: 4
Next launch phase started: 5
Next launch phase started: 6
Next launch phase started: 7
Next launch phase started: 8
Game has started.
Using default stable ids, none found at: /labmount/users/202535331/MARL/pymarl-monotone-qmix/3rdparty/StarCraftII/stableid.json
Successfully loaded stable ids: GameData\stableid.json
Sending ResponseJoinGame
[INFO 10:16:04] my_main t_env: 250296 / 2050000
[INFO 10:16:04] my_main Estimated time left: 4 hours, 55 minutes, 1 seconds. Time passed: 41 minutes, 42 seconds
[INFO 10:16:07] my_main Recent Stats | t_env:     250296 | Episode:    12472
battle_won_mean:           0.0000	dead_allies_mean:          4.9980	dead_enemies_mean:         2.1985	ep_length_mean:           20.2439
epsilon:                   0.0500	grad_norm:                 5.1441	loss:                      3.9351	loss_central:              0.0324
loss_latent:               0.8829	loss_td:                   3.0197	q_taken_mean:              3.4305	return_mean:               6.5478
return_std:                1.1031	target_mean:               3.4015	td_error_abs:              0.1332	test_battle_won_mean:      0.0000
test_dead_allies_mean:     5.0000	test_dead_enemies_mean:    2.6625	test_ep_length_mean:      20.6062	test_return_mean:          7.3075
test_return_std:           0.9303	
[INFO 10:17:34] my_main t_env: 260317 / 2050000
[INFO 10:17:34] my_main Estimated time left: 4 hours, 28 minutes, 24 seconds. Time passed: 43 minutes, 12 seconds
[INFO 10:17:37] my_main Recent Stats | t_env:     260317 | Episode:    12965
battle_won_mean:           0.0000	dead_allies_mean:          4.9980	dead_enemies_mean:         2.2092	ep_length_mean:           20.2769
epsilon:                   0.0500	grad_norm:                 4.3063	loss:                      3.7964	loss_central:              0.0338
loss_latent:               0.8665	loss_td:                   2.8960	q_taken_mean:              3.4629	return_mean:               6.6007
return_std:                1.1297	target_mean:               3.4195	td_error_abs:              0.1368	test_battle_won_mean:      0.0000
test_dead_allies_mean:     5.0000	test_dead_enemies_mean:    2.6812	test_ep_length_mean:      20.7500	test_return_mean:          7.4101
test_return_std:           0.9071	
[INFO 10:19:03] my_main t_env: 270322 / 2050000
[INFO 10:19:03] my_main Estimated time left: 4 hours, 23 minutes, 20 seconds. Time passed: 44 minutes, 41 seconds
[INFO 10:19:06] my_main Recent Stats | t_env:     270322 | Episode:    13448
battle_won_mean:           0.0000	dead_allies_mean:          4.9980	dead_enemies_mean:         2.1972	ep_length_mean:           20.3647
epsilon:                   0.0500	grad_norm:                 4.4592	loss:                      3.8016	loss_central:              0.0344
loss_latent:               0.8159	loss_td:                   2.9514	q_taken_mean:              3.5033	return_mean:               6.6244
return_std:                1.1110	target_mean:               3.4460	td_error_abs:              0.1329	test_battle_won_mean:      0.0000
test_dead_allies_mean:     5.0000	test_dead_enemies_mean:    2.6437	test_ep_length_mean:      20.6750	test_return_mean:          7.3196
test_return_std:           0.9032	
[INFO 10:20:31] my_main t_env: 280342 / 2050000
[INFO 10:20:31] my_main Estimated time left: 4 hours, 20 minutes, 47 seconds. Time passed: 46 minutes, 10 seconds
[INFO 10:20:35] my_main Recent Stats | t_env:     280342 | Episode:    13921
battle_won_mean:           0.0000	dead_allies_mean:          4.9975	dead_enemies_mean:         2.2012	ep_length_mean:           20.5473
epsilon:                   0.0500	grad_norm:                 4.3520	loss:                      3.6972	loss_central:              0.0344
loss_latent:               0.8417	loss_td:                   2.8211	q_taken_mean:              3.4954	return_mean:               6.6418
return_std:                1.1072	target_mean:               3.4527	td_error_abs:              0.1281	test_battle_won_mean:      0.0000
test_dead_allies_mean:     5.0000	test_dead_enemies_mean:    2.6437	test_ep_length_mean:      20.9125	test_return_mean:          7.4370
test_return_std:           0.8928	
[INFO 10:22:00] my_main t_env: 290355 / 2050000
[INFO 10:22:00] my_main Estimated time left: 4 hours, 20 minutes, 4 seconds. Time passed: 47 minutes, 38 seconds
[INFO 10:22:04] my_main Recent Stats | t_env:     290355 | Episode:    14396
battle_won_mean:           0.0000	dead_allies_mean:          4.9971	dead_enemies_mean:         2.2161	ep_length_mean:           20.7400
epsilon:                   0.0500	grad_norm:                 4.8774	loss:                      3.7477	loss_central:              0.0350
loss_latent:               0.8762	loss_td:                   2.8366	q_taken_mean:              3.5085	return_mean:               6.6829
return_std:                1.1067	target_mean:               3.4715	td_error_abs:              0.1276	test_battle_won_mean:      0.0000
test_dead_allies_mean:     5.0000	test_dead_enemies_mean:    2.6125	test_ep_length_mean:      20.8875	test_return_mean:          7.3708
test_return_std:           0.8368	
[INFO 10:23:30] my_main t_env: 300372 / 2050000
[INFO 10:23:30] my_main Estimated time left: 4 hours, 20 minutes, 22 seconds. Time passed: 49 minutes, 8 seconds
[INFO 10:23:33] my_main Recent Stats | t_env:     300372 | Episode:    14868
battle_won_mean:           0.0000	dead_allies_mean:          4.9987	dead_enemies_mean:         2.2391	ep_length_mean:           20.9054
epsilon:                   0.0500	grad_norm:                 4.5108	loss:                      3.7393	loss_central:              0.0329
loss_latent:               0.9112	loss_td:                   2.7953	q_taken_mean:              3.5078	return_mean:               6.7645
return_std:                1.0975	target_mean:               3.4839	td_error_abs:              0.1268	test_battle_won_mean:      0.0000
test_dead_allies_mean:     5.0000	test_dead_enemies_mean:    2.7188	test_ep_length_mean:      21.3438	test_return_mean:          7.6054
test_return_std:           0.8428	
RequestQuit command received.
Closing Application...
DataHandler: unable to parse websocket frame.
CloseHandler: 127.0.0.1:57602 disconnected
[INFO 10:24:01] absl Shutdown gracefully.
[INFO 10:24:01] absl Shutdown with return code: -15
[INFO 10:24:01] absl Launching SC2: /labmount/users/202535331/MARL/pymarl-monotone-qmix/3rdparty/StarCraftII/Versions/Base75689/SC2_x64 -listen 127.0.0.1 -port 36761 -dataDir /labmount/users/202535331/MARL/pymarl-monotone-qmix/3rdparty/StarCraftII/ -tempDir /tmp/sc-4061rq6j/
[INFO 10:24:01] absl Connecting to: ws://127.0.0.1:36761/sc2api, attempt: 0, running: True
Version: B75689 (SC2.4.10)
Build: Aug 12 2019 17:16:57
Command Line: '"/labmount/users/202535331/MARL/pymarl-monotone-qmix/3rdparty/StarCraftII/Versions/Base75689/SC2_x64" -listen 127.0.0.1 -port 36761 -dataDir /labmount/users/202535331/MARL/pymarl-monotone-qmix/3rdparty/StarCraftII/ -tempDir /tmp/sc-4061rq6j/'
Starting up...
Startup Phase 1 complete
[INFO 10:24:02] absl Connecting to: ws://127.0.0.1:36761/sc2api, attempt: 1, running: True
Startup Phase 2 complete
Creating stub renderer...
Listening on: 127.0.0.1:36761
Startup Phase 3 complete. Ready for commands.
[INFO 10:24:03] absl Connecting to: ws://127.0.0.1:36761/sc2api, attempt: 2, running: True
ConnectHandler: Request from 127.0.0.1:47592 accepted
ReadyHandler: 127.0.0.1:47592 ready
Requesting to join a single player game
Configuring interface options
Configure: raw interface enabled
Configure: feature layer interface disabled
Configure: score interface disabled
Configure: render interface disabled
Launching next game.
Next launch phase started: 2
Next launch phase started: 3
Next launch phase started: 4
Next launch phase started: 5
Next launch phase started: 6
Next launch phase started: 7
Next launch phase started: 8
Game has started.
Using default stable ids, none found at: /labmount/users/202535331/MARL/pymarl-monotone-qmix/3rdparty/StarCraftII/stableid.json
Successfully loaded stable ids: GameData\stableid.json
Sending ResponseJoinGame
[INFO 10:25:04] my_main t_env: 310372 / 2050000
[INFO 10:25:04] my_main Estimated time left: 4 hours, 34 minutes, 42 seconds. Time passed: 50 minutes, 43 seconds
[INFO 10:25:08] my_main Recent Stats | t_env:     310372 | Episode:    15344
battle_won_mean:           0.0000	dead_allies_mean:          4.9966	dead_enemies_mean:         2.2494	ep_length_mean:           21.0418
epsilon:                   0.0500	grad_norm:                 4.5391	loss:                      4.0199	loss_central:              0.0333
loss_latent:               0.9961	loss_td:                   2.9905	q_taken_mean:              3.5487	return_mean:               6.8150
return_std:                1.0880	target_mean:               3.5323	td_error_abs:              0.1257	test_battle_won_mean:      0.0000
test_dead_allies_mean:     5.0000	test_dead_enemies_mean:    2.6688	test_ep_length_mean:      21.3687	test_return_mean:          7.6233
test_return_std:           0.8795	
[INFO 10:26:33] my_main t_env: 320388 / 2050000
[INFO 10:26:33] my_main Estimated time left: 4 hours, 16 minutes, 3 seconds. Time passed: 52 minutes, 12 seconds
[INFO 10:26:37] my_main Recent Stats | t_env:     320388 | Episode:    15816
battle_won_mean:           0.0008	dead_allies_mean:          4.9949	dead_enemies_mean:         2.2707	ep_length_mean:           21.1430
epsilon:                   0.0500	grad_norm:                 5.1436	loss:                      4.1780	loss_central:              0.0347
loss_latent:               1.0370	loss_td:                   3.1064	q_taken_mean:              3.5787	return_mean:               6.8861
return_std:                1.1908	target_mean:               3.5711	td_error_abs:              0.1286	test_battle_won_mean:      0.0000
test_dead_allies_mean:     5.0000	test_dead_enemies_mean:    2.7188	test_ep_length_mean:      21.6375	test_return_mean:          7.7469
test_return_std:           0.9431	
[INFO 10:28:03] my_main t_env: 330395 / 2050000
[INFO 10:28:03] my_main Estimated time left: 4 hours, 18 minutes, 4 seconds. Time passed: 53 minutes, 42 seconds
[INFO 10:28:07] my_main Recent Stats | t_env:     330395 | Episode:    16292
battle_won_mean:           0.0008	dead_allies_mean:          4.9954	dead_enemies_mean:         2.2418	ep_length_mean:           21.1109
epsilon:                   0.0500	grad_norm:                 6.1561	loss:                      4.7108	loss_central:              0.0372
loss_latent:               1.1017	loss_td:                   3.5720	q_taken_mean:              3.6202	return_mean:               6.8870
return_std:                1.1763	target_mean:               3.6322	td_error_abs:              0.1355	test_battle_won_mean:      0.0000
test_dead_allies_mean:     5.0000	test_dead_enemies_mean:    2.7437	test_ep_length_mean:      21.7563	test_return_mean:          7.8200
test_return_std:           1.0027	
[INFO 10:29:34] my_main t_env: 340408 / 2050000
[INFO 10:29:34] my_main Estimated time left: 4 hours, 18 minutes, 36 seconds. Time passed: 55 minutes, 13 seconds
[INFO 10:29:38] my_main Recent Stats | t_env:     340408 | Episode:    16770
battle_won_mean:           0.0008	dead_allies_mean:          4.9958	dead_enemies_mean:         2.2197	ep_length_mean:           21.0844
epsilon:                   0.0500	grad_norm:                 6.1206	loss:                      4.9836	loss_central:              0.0399
loss_latent:               1.1296	loss_td:                   3.8141	q_taken_mean:              3.6833	return_mean:               6.9033
return_std:                1.1753	target_mean:               3.6942	td_error_abs:              0.1377	test_battle_won_mean:      0.0063
test_dead_allies_mean:     4.9875	test_dead_enemies_mean:    2.8125	test_ep_length_mean:      21.7188	test_return_mean:          7.9561
test_return_std:           1.3273	
[INFO 10:31:04] my_main t_env: 350419 / 2050000
[INFO 10:31:04] my_main Estimated time left: 4 hours, 14 minutes, 9 seconds. Time passed: 56 minutes, 42 seconds
[INFO 10:31:08] my_main Recent Stats | t_env:     350419 | Episode:    17252
battle_won_mean:           0.0008	dead_allies_mean:          4.9962	dead_enemies_mean:         2.2229	ep_length_mean:           20.9939
epsilon:                   0.0500	grad_norm:                 6.8626	loss:                      5.1604	loss_central:              0.0424
loss_latent:               1.1348	loss_td:                   3.9832	q_taken_mean:              3.7561	return_mean:               6.9181
return_std:                1.1721	target_mean:               3.7489	td_error_abs:              0.1439	test_battle_won_mean:      0.0063
test_dead_allies_mean:     4.9875	test_dead_enemies_mean:    2.8125	test_ep_length_mean:      21.5063	test_return_mean:          7.9392
test_return_std:           1.3297	
[INFO 10:32:34] my_main t_env: 360421 / 2050000
[INFO 10:32:34] my_main Estimated time left: 4 hours, 11 minutes, 33 seconds. Time passed: 58 minutes, 12 seconds
[INFO 10:32:37] my_main Recent Stats | t_env:     360421 | Episode:    17728
battle_won_mean:           0.0008	dead_allies_mean:          4.9975	dead_enemies_mean:         2.2187	ep_length_mean:           20.9947
epsilon:                   0.0500	grad_norm:                 7.4379	loss:                      5.1937	loss_central:              0.0441
loss_latent:               1.1129	loss_td:                   4.0367	q_taken_mean:              3.8153	return_mean:               6.9181
return_std:                1.1748	target_mean:               3.8318	td_error_abs:              0.1516	test_battle_won_mean:      0.0063
test_dead_allies_mean:     4.9875	test_dead_enemies_mean:    2.8375	test_ep_length_mean:      21.4937	test_return_mean:          8.0009
test_return_std:           1.3220	
RequestQuit command received.
DataHandler: unable to parse websocket frame.
Closing Application...
CloseHandler: 127.0.0.1:47592 disconnected
[INFO 10:33:10] absl Shutdown gracefully.
[INFO 10:33:10] absl Shutdown with return code: -15
[INFO 10:33:10] absl Launching SC2: /labmount/users/202535331/MARL/pymarl-monotone-qmix/3rdparty/StarCraftII/Versions/Base75689/SC2_x64 -listen 127.0.0.1 -port 43171 -dataDir /labmount/users/202535331/MARL/pymarl-monotone-qmix/3rdparty/StarCraftII/ -tempDir /tmp/sc-d2wriiw0/
[INFO 10:33:10] absl Connecting to: ws://127.0.0.1:43171/sc2api, attempt: 0, running: True
Version: B75689 (SC2.4.10)
Build: Aug 12 2019 17:16:57
Command Line: '"/labmount/users/202535331/MARL/pymarl-monotone-qmix/3rdparty/StarCraftII/Versions/Base75689/SC2_x64" -listen 127.0.0.1 -port 43171 -dataDir /labmount/users/202535331/MARL/pymarl-monotone-qmix/3rdparty/StarCraftII/ -tempDir /tmp/sc-d2wriiw0/'
Starting up...
Startup Phase 1 complete
[INFO 10:33:11] absl Connecting to: ws://127.0.0.1:43171/sc2api, attempt: 1, running: True
Startup Phase 2 complete
Creating stub renderer...
Listening on: 127.0.0.1:43171
Startup Phase 3 complete. Ready for commands.
[INFO 10:33:12] absl Connecting to: ws://127.0.0.1:43171/sc2api, attempt: 2, running: True
ConnectHandler: Request from 127.0.0.1:53568 accepted
ReadyHandler: 127.0.0.1:53568 ready
Requesting to join a single player game
Configuring interface options
Configure: raw interface enabled
Configure: feature layer interface disabled
Configure: score interface disabled
Configure: render interface disabled
Launching next game.
Next launch phase started: 2
Next launch phase started: 3
Next launch phase started: 4
Next launch phase started: 5
Next launch phase started: 6
Next launch phase started: 7
Next launch phase started: 8
Game has started.
Using default stable ids, none found at: /labmount/users/202535331/MARL/pymarl-monotone-qmix/3rdparty/StarCraftII/stableid.json
Successfully loaded stable ids: GameData\stableid.json
Sending ResponseJoinGame
[INFO 10:34:09] my_main t_env: 370431 / 2050000
[INFO 10:34:09] my_main Estimated time left: 4 hours, 27 minutes, 10 seconds. Time passed: 59 minutes, 47 seconds
[INFO 10:34:13] my_main Recent Stats | t_env:     370431 | Episode:    18210
battle_won_mean:           0.0000	dead_allies_mean:          4.9971	dead_enemies_mean:         2.2195	ep_length_mean:           20.9042
epsilon:                   0.0500	grad_norm:                 7.2290	loss:                      5.2515	loss_central:              0.0475
loss_latent:               1.1285	loss_td:                   4.0755	q_taken_mean:              3.8938	return_mean:               6.9160
return_std:                1.0858	target_mean:               3.9152	td_error_abs:              0.1573	test_battle_won_mean:      0.0063
test_dead_allies_mean:     4.9875	test_dead_enemies_mean:    2.8250	test_ep_length_mean:      21.2375	test_return_mean:          7.9637
test_return_std:           1.3059	
[INFO 10:35:39] my_main t_env: 380438 / 2050000
[INFO 10:35:39] my_main Estimated time left: 4 hours, 9 minutes, 18 seconds. Time passed: 1 hours, 1 minutes, 17 seconds
[INFO 10:35:42] my_main Recent Stats | t_env:     380438 | Episode:    18675
battle_won_mean:           0.0000	dead_allies_mean:          4.9971	dead_enemies_mean:         2.3023	ep_length_mean:           21.0036
epsilon:                   0.0500	grad_norm:                 6.4541	loss:                      4.9834	loss_central:              0.0481
loss_latent:               1.0592	loss_td:                   3.8761	q_taken_mean:              3.9447	return_mean:               7.0399
return_std:                1.1106	target_mean:               3.9623	td_error_abs:              0.1584	test_battle_won_mean:      0.0063
test_dead_allies_mean:     4.9875	test_dead_enemies_mean:    2.8813	test_ep_length_mean:      21.3062	test_return_mean:          8.0323
test_return_std:           1.2979	
[INFO 10:37:10] my_main t_env: 390451 / 2050000
[INFO 10:37:10] my_main Estimated time left: 4 hours, 10 minutes, 59 seconds. Time passed: 1 hours, 2 minutes, 48 seconds
[INFO 10:37:13] my_main Recent Stats | t_env:     390451 | Episode:    19138
battle_won_mean:           0.0000	dead_allies_mean:          4.9967	dead_enemies_mean:         2.3780	ep_length_mean:           21.1393
epsilon:                   0.0500	grad_norm:                 6.5096	loss:                      5.0971	loss_central:              0.0484
loss_latent:               0.9997	loss_td:                   4.0490	q_taken_mean:              3.9522	return_mean:               7.1439
return_std:                1.1248	target_mean:               3.9907	td_error_abs:              0.1610	test_battle_won_mean:      0.0000
test_dead_allies_mean:     5.0000	test_dead_enemies_mean:    2.9250	test_ep_length_mean:      21.4187	test_return_mean:          8.0703
test_return_std:           1.0666	
[INFO 10:38:39] my_main t_env: 400460 / 2050000
[INFO 10:38:39] my_main Estimated time left: 4 hours, 6 minutes, 12 seconds. Time passed: 1 hours, 4 minutes, 17 seconds
[INFO 10:38:43] my_main Recent Stats | t_env:     400460 | Episode:    19606
battle_won_mean:           0.0000	dead_allies_mean:          4.9967	dead_enemies_mean:         2.4385	ep_length_mean:           21.2628
epsilon:                   0.0500	grad_norm:                 6.1285	loss:                      5.3398	loss_central:              0.0612
loss_latent:               0.9645	loss_td:                   4.3141	q_taken_mean:              3.9357	return_mean:               7.2494
return_std:                1.1314	target_mean:               3.9938	td_error_abs:              0.1596	test_battle_won_mean:      0.0000
test_dead_allies_mean:     5.0000	test_dead_enemies_mean:    2.9000	test_ep_length_mean:      21.7250	test_return_mean:          8.1019
test_return_std:           1.0565	
[INFO 10:40:09] my_main t_env: 410463 / 2050000
[INFO 10:40:09] my_main Estimated time left: 4 hours, 4 minutes, 2 seconds. Time passed: 1 hours, 5 minutes, 47 seconds
[INFO 10:40:12] my_main Recent Stats | t_env:     410463 | Episode:    20055
battle_won_mean:           0.0004	dead_allies_mean:          4.9966	dead_enemies_mean:         2.5154	ep_length_mean:           21.5159
epsilon:                   0.0500	grad_norm:                 5.4398	loss:                      5.3733	loss_central:              0.0596
loss_latent:               0.8753	loss_td:                   4.4384	q_taken_mean:              3.9857	return_mean:               7.3742
return_std:                1.1700	target_mean:               4.0245	td_error_abs:              0.1543	test_battle_won_mean:      0.0000
test_dead_allies_mean:     5.0000	test_dead_enemies_mean:    2.8875	test_ep_length_mean:      21.6875	test_return_mean:          8.1127
test_return_std:           1.0384	
[INFO 10:41:39] my_main t_env: 420482 / 2050000
[INFO 10:41:39] my_main Estimated time left: 4 hours, 5 minutes, 6 seconds. Time passed: 1 hours, 7 minutes, 17 seconds
[INFO 10:41:43] my_main Recent Stats | t_env:     420482 | Episode:    20519
battle_won_mean:           0.0009	dead_allies_mean:          4.9978	dead_enemies_mean:         2.5721	ep_length_mean:           21.6809
epsilon:                   0.0500	grad_norm:                 5.4984	loss:                      5.6098	loss_central:              0.0691
loss_latent:               0.7948	loss_td:                   4.7459	q_taken_mean:              4.0469	return_mean:               7.4639
return_std:                1.2170	target_mean:               4.0611	td_error_abs:              0.1514	test_battle_won_mean:      0.0000
test_dead_allies_mean:     5.0000	test_dead_enemies_mean:    2.9125	test_ep_length_mean:      21.8562	test_return_mean:          8.1533
test_return_std:           1.0095	
RequestQuit command received.
DataHandler: unable to parse websocket frame.
Closing Application...
CloseHandler: 127.0.0.1:53568 disconnected
ResponseThread: No connection, dropping the response.
[INFO 10:42:21] absl Shutdown gracefully.
[INFO 10:42:21] absl Shutdown with return code: -15
[INFO 10:42:21] absl Launching SC2: /labmount/users/202535331/MARL/pymarl-monotone-qmix/3rdparty/StarCraftII/Versions/Base75689/SC2_x64 -listen 127.0.0.1 -port 40877 -dataDir /labmount/users/202535331/MARL/pymarl-monotone-qmix/3rdparty/StarCraftII/ -tempDir /tmp/sc-va992y65/
[INFO 10:42:21] absl Connecting to: ws://127.0.0.1:40877/sc2api, attempt: 0, running: True
Version: B75689 (SC2.4.10)
Build: Aug 12 2019 17:16:57
Command Line: '"/labmount/users/202535331/MARL/pymarl-monotone-qmix/3rdparty/StarCraftII/Versions/Base75689/SC2_x64" -listen 127.0.0.1 -port 40877 -dataDir /labmount/users/202535331/MARL/pymarl-monotone-qmix/3rdparty/StarCraftII/ -tempDir /tmp/sc-va992y65/'
Starting up...
Startup Phase 1 complete
[INFO 10:42:22] absl Connecting to: ws://127.0.0.1:40877/sc2api, attempt: 1, running: True
Startup Phase 2 complete
Creating stub renderer...
Listening on: 127.0.0.1:40877
Startup Phase 3 complete. Ready for commands.
[INFO 10:42:23] absl Connecting to: ws://127.0.0.1:40877/sc2api, attempt: 2, running: True
ConnectHandler: Request from 127.0.0.1:49026 accepted
ReadyHandler: 127.0.0.1:49026 ready
Requesting to join a single player game
Configuring interface options
Configure: raw interface enabled
Configure: feature layer interface disabled
Configure: score interface disabled
Configure: render interface disabled
Launching next game.
Next launch phase started: 2
Next launch phase started: 3
Next launch phase started: 4
Next launch phase started: 5
Next launch phase started: 6
Next launch phase started: 7
Next launch phase started: 8
Game has started.
Using default stable ids, none found at: /labmount/users/202535331/MARL/pymarl-monotone-qmix/3rdparty/StarCraftII/stableid.json
Successfully loaded stable ids: GameData\stableid.json
Sending ResponseJoinGame
[INFO 10:43:16] my_main t_env: 430488 / 2050000
[INFO 10:43:16] my_main Estimated time left: 4 hours, 22 minutes, 36 seconds. Time passed: 1 hours, 8 minutes, 55 seconds
[INFO 10:43:20] my_main Recent Stats | t_env:     430488 | Episode:    20978
battle_won_mean:           0.0009	dead_allies_mean:          4.9956	dead_enemies_mean:         2.5766	ep_length_mean:           21.7367
epsilon:                   0.0500	grad_norm:                 5.9918	loss:                      5.7338	loss_central:              0.0688
loss_latent:               0.8014	loss_td:                   4.8636	q_taken_mean:              4.0946	return_mean:               7.4604
return_std:                1.2286	target_mean:               4.1024	td_error_abs:              0.1496	test_battle_won_mean:      0.0125
test_dead_allies_mean:     4.9813	test_dead_enemies_mean:    3.0125	test_ep_length_mean:      22.0188	test_return_mean:          8.4142
test_return_std:           1.3775	
[INFO 10:44:48] my_main t_env: 440504 / 2050000
[INFO 10:44:48] my_main Estimated time left: 4 hours, 5 minutes, 17 seconds. Time passed: 1 hours, 10 minutes, 26 seconds
[INFO 10:44:52] my_main Recent Stats | t_env:     440504 | Episode:    21429
battle_won_mean:           0.0013	dead_allies_mean:          4.9952	dead_enemies_mean:         2.6047	ep_length_mean:           21.8532
epsilon:                   0.0500	grad_norm:                 5.9155	loss:                      5.9703	loss_central:              0.0709
loss_latent:               0.8310	loss_td:                   5.0685	q_taken_mean:              4.1420	return_mean:               7.5241
return_std:                1.2606	target_mean:               4.1428	td_error_abs:              0.1473	test_battle_won_mean:      0.0125
test_dead_allies_mean:     4.9813	test_dead_enemies_mean:    3.0500	test_ep_length_mean:      22.3062	test_return_mean:          8.5061
test_return_std:           1.3445	
[INFO 10:46:19] my_main t_env: 450517 / 2050000
[INFO 10:46:19] my_main Estimated time left: 4 hours, 1 minutes, 58 seconds. Time passed: 1 hours, 11 minutes, 57 seconds
[INFO 10:46:23] my_main Recent Stats | t_env:     450517 | Episode:    21869
battle_won_mean:           0.0022	dead_allies_mean:          4.9925	dead_enemies_mean:         2.6553	ep_length_mean:           22.1272
epsilon:                   0.0500	grad_norm:                 6.6241	loss:                      6.0470	loss_central:              0.0574
loss_latent:               0.7679	loss_td:                   5.2217	q_taken_mean:              4.1969	return_mean:               7.6063
return_std:                1.3368	target_mean:               4.2228	td_error_abs:              0.1528	test_battle_won_mean:      0.0125
test_dead_allies_mean:     4.9813	test_dead_enemies_mean:    3.1688	test_ep_length_mean:      22.6375	test_return_mean:          8.7215
test_return_std:           1.3666	
[INFO 10:47:48] my_main t_env: 460539 / 2050000
[INFO 10:47:48] my_main Estimated time left: 3 hours, 55 minutes, 40 seconds. Time passed: 1 hours, 13 minutes, 26 seconds
[INFO 10:47:52] my_main Recent Stats | t_env:     460539 | Episode:    22305
battle_won_mean:           0.0027	dead_allies_mean:          4.9911	dead_enemies_mean:         2.6834	ep_length_mean:           22.2687
epsilon:                   0.0500	grad_norm:                 6.8348	loss:                      6.1037	loss_central:              0.0601
loss_latent:               0.8149	loss_td:                   5.2287	q_taken_mean:              4.1937	return_mean:               7.6461
return_std:                1.3694	target_mean:               4.2394	td_error_abs:              0.1578	test_battle_won_mean:      0.0125
test_dead_allies_mean:     4.9813	test_dead_enemies_mean:    3.2125	test_ep_length_mean:      22.7937	test_return_mean:          8.7175
test_return_std:           1.3773	
[INFO 10:49:19] my_main t_env: 470545 / 2050000
[INFO 10:49:19] my_main Estimated time left: 4 hours, 5 seconds. Time passed: 1 hours, 14 minutes, 57 seconds
[INFO 10:49:23] my_main Recent Stats | t_env:     470545 | Episode:    22755
battle_won_mean:           0.0027	dead_allies_mean:          4.9910	dead_enemies_mean:         2.6760	ep_length_mean:           22.3973
epsilon:                   0.0500	grad_norm:                 7.0105	loss:                      6.0756	loss_central:              0.0485
loss_latent:               0.8292	loss_td:                   5.1980	q_taken_mean:              4.1864	return_mean:               7.6310
return_std:                1.3747	target_mean:               4.2395	td_error_abs:              0.1558	test_battle_won_mean:      0.0125
test_dead_allies_mean:     4.9750	test_dead_enemies_mean:    3.2313	test_ep_length_mean:      23.4438	test_return_mean:          8.7634
test_return_std:           1.3875	
[INFO 10:50:51] my_main t_env: 480566 / 2050000
[INFO 10:50:51] my_main Estimated time left: 3 hours, 59 minutes, 19 seconds. Time passed: 1 hours, 16 minutes, 29 seconds
[INFO 10:50:55] my_main Recent Stats | t_env:     480566 | Episode:    23200
battle_won_mean:           0.0032	dead_allies_mean:          4.9919	dead_enemies_mean:         2.6998	ep_length_mean:           22.5412
epsilon:                   0.0500	grad_norm:                 6.8919	loss:                      6.2308	loss_central:              0.0498
loss_latent:               0.8681	loss_td:                   5.3129	q_taken_mean:              4.2042	return_mean:               7.6772
return_std:                1.4089	target_mean:               4.2309	td_error_abs:              0.1594	test_battle_won_mean:      0.0000
test_dead_allies_mean:     4.9938	test_dead_enemies_mean:    3.2125	test_ep_length_mean:      23.5250	test_return_mean:          8.6458
test_return_std:           1.0146	
RequestQuit command received.
Closing Application...
DataHandler: unable to parse websocket frame.
CloseHandler: 127.0.0.1:49026 disconnected
[INFO 10:51:35] absl Shutdown gracefully.
[INFO 10:51:35] absl Shutdown with return code: -15
[INFO 10:51:35] absl Launching SC2: /labmount/users/202535331/MARL/pymarl-monotone-qmix/3rdparty/StarCraftII/Versions/Base75689/SC2_x64 -listen 127.0.0.1 -port 45557 -dataDir /labmount/users/202535331/MARL/pymarl-monotone-qmix/3rdparty/StarCraftII/ -tempDir /tmp/sc-5qwb6gj5/
[INFO 10:51:35] absl Connecting to: ws://127.0.0.1:45557/sc2api, attempt: 0, running: True
Version: B75689 (SC2.4.10)
Build: Aug 12 2019 17:16:57
Command Line: '"/labmount/users/202535331/MARL/pymarl-monotone-qmix/3rdparty/StarCraftII/Versions/Base75689/SC2_x64" -listen 127.0.0.1 -port 45557 -dataDir /labmount/users/202535331/MARL/pymarl-monotone-qmix/3rdparty/StarCraftII/ -tempDir /tmp/sc-5qwb6gj5/'
Starting up...
Startup Phase 1 complete
[INFO 10:51:36] absl Connecting to: ws://127.0.0.1:45557/sc2api, attempt: 1, running: True
Startup Phase 2 complete
Creating stub renderer...
Listening on: 127.0.0.1:45557
Startup Phase 3 complete. Ready for commands.
[INFO 10:51:37] absl Connecting to: ws://127.0.0.1:45557/sc2api, attempt: 2, running: True
ConnectHandler: Request from 127.0.0.1:45212 accepted
ReadyHandler: 127.0.0.1:45212 ready
Requesting to join a single player game
Configuring interface options
Configure: raw interface enabled
Configure: feature layer interface disabled
Configure: score interface disabled
Configure: render interface disabled
Launching next game.
Next launch phase started: 2
Next launch phase started: 3
Next launch phase started: 4
Next launch phase started: 5
Next launch phase started: 6
Next launch phase started: 7
Next launch phase started: 8
Game has started.
Using default stable ids, none found at: /labmount/users/202535331/MARL/pymarl-monotone-qmix/3rdparty/StarCraftII/stableid.json
Successfully loaded stable ids: GameData\stableid.json
Sending ResponseJoinGame
[INFO 10:52:28] my_main t_env: 490576 / 2050000
[INFO 10:52:28] my_main Estimated time left: 4 hours, 13 minutes, 4 seconds. Time passed: 1 hours, 18 minutes, 7 seconds
[INFO 10:52:32] my_main Recent Stats | t_env:     490576 | Episode:    23647
battle_won_mean:           0.0036	dead_allies_mean:          4.9910	dead_enemies_mean:         2.7073	ep_length_mean:           22.5783
epsilon:                   0.0500	grad_norm:                 7.3299	loss:                      6.3711	loss_central:              0.0472
loss_latent:               0.8236	loss_td:                   5.5003	q_taken_mean:              4.2379	return_mean:               7.6789
return_std:                1.4378	target_mean:               4.2510	td_error_abs:              0.1586	test_battle_won_mean:      0.0000
test_dead_allies_mean:     4.9938	test_dead_enemies_mean:    3.1250	test_ep_length_mean:      23.4187	test_return_mean:          8.4726
test_return_std:           1.0498	
[INFO 10:54:01] my_main t_env: 500597 / 2050000
[INFO 10:54:01] my_main Estimated time left: 3 hours, 58 minutes, 56 seconds. Time passed: 1 hours, 19 minutes, 39 seconds
[INFO 10:54:05] my_main Recent Stats | t_env:     500597 | Episode:    24094
battle_won_mean:           0.0027	dead_allies_mean:          4.9932	dead_enemies_mean:         2.6587	ep_length_mean:           22.5106
epsilon:                   0.0500	grad_norm:                 6.6188	loss:                      6.1804	loss_central:              0.0511
loss_latent:               0.8435	loss_td:                   5.2857	q_taken_mean:              4.2582	return_mean:               7.5771
return_std:                1.3668	target_mean:               4.2409	td_error_abs:              0.1542	test_battle_won_mean:      0.0063
test_dead_allies_mean:     4.9813	test_dead_enemies_mean:    3.0000	test_ep_length_mean:      23.0625	test_return_mean:          8.3311
test_return_std:           1.2752	
[INFO 10:55:32] my_main t_env: 510597 / 2050000
[INFO 10:55:32] my_main Estimated time left: 3 hours, 52 minutes, 28 seconds. Time passed: 1 hours, 21 minutes, 10 seconds
[INFO 10:55:35] my_main Recent Stats | t_env:     510597 | Episode:    24532
battle_won_mean:           0.0018	dead_allies_mean:          4.9942	dead_enemies_mean:         2.6041	ep_length_mean:           22.4796
epsilon:                   0.0500	grad_norm:                 6.8312	loss:                      6.5508	loss_central:              0.0512
loss_latent:               0.8965	loss_td:                   5.6032	q_taken_mean:              4.3098	return_mean:               7.5035
return_std:                1.3171	target_mean:               4.2791	td_error_abs:              0.1523	test_battle_won_mean:      0.0063
test_dead_allies_mean:     4.9813	test_dead_enemies_mean:    3.0000	test_ep_length_mean:      23.2375	test_return_mean:          8.3410
test_return_std:           1.3509	
[INFO 10:57:07] my_main t_env: 520601 / 2050000
[INFO 10:57:07] my_main Estimated time left: 4 hours, 2 minutes, 15 seconds. Time passed: 1 hours, 22 minutes, 45 seconds
[INFO 10:57:10] my_main Recent Stats | t_env:     520601 | Episode:    24983
battle_won_mean:           0.0018	dead_allies_mean:          4.9933	dead_enemies_mean:         2.5923	ep_length_mean:           22.4688
epsilon:                   0.0500	grad_norm:                 6.5534	loss:                      6.7905	loss_central:              0.0602
loss_latent:               1.0339	loss_td:                   5.6964	q_taken_mean:              4.2612	return_mean:               7.4972
return_std:                1.3152	target_mean:               4.2318	td_error_abs:              0.1565	test_battle_won_mean:      0.0063
test_dead_allies_mean:     4.9875	test_dead_enemies_mean:    2.9688	test_ep_length_mean:      22.6000	test_return_mean:          8.2790
test_return_std:           1.3486	
[INFO 10:58:41] my_main t_env: 530610 / 2050000
[INFO 10:58:41] my_main Estimated time left: 3 hours, 57 minutes, 58 seconds. Time passed: 1 hours, 24 minutes, 19 seconds
[INFO 10:58:44] my_main Recent Stats | t_env:     530610 | Episode:    25440
battle_won_mean:           0.0018	dead_allies_mean:          4.9929	dead_enemies_mean:         2.5672	ep_length_mean:           22.3453
epsilon:                   0.0500	grad_norm:                 7.1291	loss:                      6.9565	loss_central:              0.0656
loss_latent:               1.0266	loss_td:                   5.8644	q_taken_mean:              4.2486	return_mean:               7.4612
return_std:                1.2920	target_mean:               4.2613	td_error_abs:              0.1629	test_battle_won_mean:      0.0063
test_dead_allies_mean:     4.9875	test_dead_enemies_mean:    2.7375	test_ep_length_mean:      22.2625	test_return_mean:          7.9844
test_return_std:           1.3007	
[INFO 11:00:14] my_main t_env: 540616 / 2050000
[INFO 11:00:14] my_main Estimated time left: 3 hours, 53 minutes, 41 seconds. Time passed: 1 hours, 25 minutes, 52 seconds
[INFO 11:00:18] my_main Recent Stats | t_env:     540616 | Episode:    25891
battle_won_mean:           0.0009	dead_allies_mean:          4.9933	dead_enemies_mean:         2.5243	ep_length_mean:           22.3038
epsilon:                   0.0500	grad_norm:                 7.3795	loss:                      6.9055	loss_central:              0.0698
loss_latent:               1.0365	loss_td:                   5.7991	q_taken_mean:              4.2339	return_mean:               7.3787
return_std:                1.2354	target_mean:               4.2482	td_error_abs:              0.1715	test_battle_won_mean:      0.0125
test_dead_allies_mean:     4.9750	test_dead_enemies_mean:    2.8312	test_ep_length_mean:      22.6938	test_return_mean:          8.2304
test_return_std:           1.4898	
RequestQuit command received.
Closing Application...
DataHandler: unable to parse websocket frame.
CloseHandler: 127.0.0.1:45212 disconnected
[INFO 11:01:02] absl Shutdown gracefully.
[INFO 11:01:02] absl Shutdown with return code: -15
[INFO 11:01:02] absl Launching SC2: /labmount/users/202535331/MARL/pymarl-monotone-qmix/3rdparty/StarCraftII/Versions/Base75689/SC2_x64 -listen 127.0.0.1 -port 36431 -dataDir /labmount/users/202535331/MARL/pymarl-monotone-qmix/3rdparty/StarCraftII/ -tempDir /tmp/sc-7uidgtzx/
[INFO 11:01:02] absl Connecting to: ws://127.0.0.1:36431/sc2api, attempt: 0, running: True
Version: B75689 (SC2.4.10)
Build: Aug 12 2019 17:16:57
Command Line: '"/labmount/users/202535331/MARL/pymarl-monotone-qmix/3rdparty/StarCraftII/Versions/Base75689/SC2_x64" -listen 127.0.0.1 -port 36431 -dataDir /labmount/users/202535331/MARL/pymarl-monotone-qmix/3rdparty/StarCraftII/ -tempDir /tmp/sc-7uidgtzx/'
Starting up...
Startup Phase 1 complete
[INFO 11:01:03] absl Connecting to: ws://127.0.0.1:36431/sc2api, attempt: 1, running: True
Startup Phase 2 complete
Creating stub renderer...
Listening on: 127.0.0.1:36431
Startup Phase 3 complete. Ready for commands.
[INFO 11:01:04] absl Connecting to: ws://127.0.0.1:36431/sc2api, attempt: 2, running: True
ConnectHandler: Request from 127.0.0.1:44000 accepted
ReadyHandler: 127.0.0.1:44000 ready
Requesting to join a single player game
Configuring interface options
Configure: raw interface enabled
Configure: feature layer interface disabled
Configure: score interface disabled
Configure: render interface disabled
Launching next game.
Next launch phase started: 2
Next launch phase started: 3
Next launch phase started: 4
Next launch phase started: 5
Next launch phase started: 6
Next launch phase started: 7
Next launch phase started: 8
Game has started.
Using default stable ids, none found at: /labmount/users/202535331/MARL/pymarl-monotone-qmix/3rdparty/StarCraftII/stableid.json
Successfully loaded stable ids: GameData\stableid.json
Sending ResponseJoinGame
[INFO 11:01:53] my_main t_env: 550617 / 2050000
[INFO 11:01:53] my_main Estimated time left: 4 hours, 7 minutes, 17 seconds. Time passed: 1 hours, 27 minutes, 31 seconds
[INFO 11:01:56] my_main Recent Stats | t_env:     550617 | Episode:    26329
battle_won_mean:           0.0009	dead_allies_mean:          4.9883	dead_enemies_mean:         2.5366	ep_length_mean:           22.3868
epsilon:                   0.0500	grad_norm:                 7.5310	loss:                      7.0418	loss_central:              0.0714
loss_latent:               1.0924	loss_td:                   5.8780	q_taken_mean:              4.2463	return_mean:               7.4094
return_std:                1.2544	target_mean:               4.2669	td_error_abs:              0.1754	test_battle_won_mean:      0.0125
test_dead_allies_mean:     4.9750	test_dead_enemies_mean:    2.8250	test_ep_length_mean:      22.5562	test_return_mean:          8.1439
test_return_std:           1.5256	
[INFO 11:03:28] my_main t_env: 560625 / 2050000
[INFO 11:03:28] my_main Estimated time left: 3 hours, 57 minutes, 2 seconds. Time passed: 1 hours, 29 minutes, 7 seconds
[INFO 11:03:32] my_main Recent Stats | t_env:     560625 | Episode:    26775
battle_won_mean:           0.0009	dead_allies_mean:          4.9874	dead_enemies_mean:         2.5559	ep_length_mean:           22.3085
epsilon:                   0.0500	grad_norm:                 7.5788	loss:                      6.9379	loss_central:              0.0731
loss_latent:               1.1029	loss_td:                   5.7619	q_taken_mean:              4.2364	return_mean:               7.4308
return_std:                1.2670	target_mean:               4.2423	td_error_abs:              0.1785	test_battle_won_mean:      0.0125
test_dead_allies_mean:     4.9688	test_dead_enemies_mean:    2.9688	test_ep_length_mean:      23.0813	test_return_mean:          8.4323
test_return_std:           1.4784	
[INFO 11:05:05] my_main t_env: 570634 / 2050000
[INFO 11:05:05] my_main Estimated time left: 3 hours, 58 minutes, 39 seconds. Time passed: 1 hours, 30 minutes, 43 seconds
[INFO 11:05:09] my_main Recent Stats | t_env:     570634 | Episode:    27225
battle_won_mean:           0.0018	dead_allies_mean:          4.9856	dead_enemies_mean:         2.5899	ep_length_mean:           22.3206
epsilon:                   0.0500	grad_norm:                 7.3895	loss:                      6.5635	loss_central:              0.0649
loss_latent:               1.0373	loss_td:                   5.4613	q_taken_mean:              4.2822	return_mean:               7.5058
return_std:                1.3220	target_mean:               4.2721	td_error_abs:              0.1800	test_battle_won_mean:      0.0125
test_dead_allies_mean:     4.9688	test_dead_enemies_mean:    3.0187	test_ep_length_mean:      23.2563	test_return_mean:          8.5658
test_return_std:           1.4559	
[INFO 11:06:41] my_main t_env: 580640 / 2050000
[INFO 11:06:41] my_main Estimated time left: 3 hours, 54 minutes, 36 seconds. Time passed: 1 hours, 32 minutes, 19 seconds
[INFO 11:06:45] my_main Recent Stats | t_env:     580640 | Episode:    27670
battle_won_mean:           0.0013	dead_allies_mean:          4.9860	dead_enemies_mean:         2.5885	ep_length_mean:           22.4373
epsilon:                   0.0500	grad_norm:                 6.2251	loss:                      6.2735	loss_central:              0.0582
loss_latent:               1.0290	loss_td:                   5.1863	q_taken_mean:              4.2577	return_mean:               7.5159
return_std:                1.3091	target_mean:               4.2460	td_error_abs:              0.1762	test_battle_won_mean:      0.0187
test_dead_allies_mean:     4.9500	test_dead_enemies_mean:    3.2500	test_ep_length_mean:      23.6562	test_return_mean:          8.9712
test_return_std:           1.7219	
[INFO 11:08:18] my_main t_env: 590649 / 2050000
[INFO 11:08:18] my_main Estimated time left: 3 hours, 54 minutes, 44 seconds. Time passed: 1 hours, 33 minutes, 56 seconds
[INFO 11:08:21] my_main Recent Stats | t_env:     590649 | Episode:    28118
battle_won_mean:           0.0022	dead_allies_mean:          4.9816	dead_enemies_mean:         2.6066	ep_length_mean:           22.4684
epsilon:                   0.0500	grad_norm:                 5.8062	loss:                      5.9888	loss_central:              0.0556
loss_latent:               1.1647	loss_td:                   4.7686	q_taken_mean:              4.1994	return_mean:               7.5631
return_std:                1.3708	target_mean:               4.1893	td_error_abs:              0.1710	test_battle_won_mean:      0.0125
test_dead_allies_mean:     4.9625	test_dead_enemies_mean:    3.1562	test_ep_length_mean:      23.1812	test_return_mean:          8.7719
test_return_std:           1.5498	
[INFO 11:09:56] my_main t_env: 600662 / 2050000
[INFO 11:09:56] my_main Estimated time left: 3 hours, 57 minutes, 56 seconds. Time passed: 1 hours, 35 minutes, 35 seconds
[INFO 11:10:00] my_main Recent Stats | t_env:     600662 | Episode:    28574
battle_won_mean:           0.0022	dead_allies_mean:          4.9871	dead_enemies_mean:         2.6021	ep_length_mean:           22.2934
epsilon:                   0.0500	grad_norm:                 6.0314	loss:                      5.9046	loss_central:              0.0514
loss_latent:               1.1969	loss_td:                   4.6562	q_taken_mean:              4.1980	return_mean:               7.5789
return_std:                1.3585	target_mean:               4.1628	td_error_abs:              0.1714	test_battle_won_mean:      0.0063
test_dead_allies_mean:     4.9750	test_dead_enemies_mean:    3.2313	test_ep_length_mean:      23.3188	test_return_mean:          8.8691
test_return_std:           1.2923	
RequestQuit command received.
DataHandler: unable to parse websocket frame.
Closing Application...
CloseHandler: 127.0.0.1:44000 disconnected
ResponseThread: No connection, dropping the response.
[INFO 11:10:50] absl Shutdown gracefully.
[INFO 11:10:50] absl Shutdown with return code: -15
[INFO 11:10:50] absl Launching SC2: /labmount/users/202535331/MARL/pymarl-monotone-qmix/3rdparty/StarCraftII/Versions/Base75689/SC2_x64 -listen 127.0.0.1 -port 33403 -dataDir /labmount/users/202535331/MARL/pymarl-monotone-qmix/3rdparty/StarCraftII/ -tempDir /tmp/sc-uiwmanje/
[INFO 11:10:50] absl Connecting to: ws://127.0.0.1:33403/sc2api, attempt: 0, running: True
Version: B75689 (SC2.4.10)
Build: Aug 12 2019 17:16:57
Command Line: '"/labmount/users/202535331/MARL/pymarl-monotone-qmix/3rdparty/StarCraftII/Versions/Base75689/SC2_x64" -listen 127.0.0.1 -port 33403 -dataDir /labmount/users/202535331/MARL/pymarl-monotone-qmix/3rdparty/StarCraftII/ -tempDir /tmp/sc-uiwmanje/'
Starting up...
Startup Phase 1 complete
[INFO 11:10:51] absl Connecting to: ws://127.0.0.1:33403/sc2api, attempt: 1, running: True
Startup Phase 2 complete
Creating stub renderer...
Listening on: 127.0.0.1:33403
Startup Phase 3 complete. Ready for commands.
[INFO 11:10:52] absl Connecting to: ws://127.0.0.1:33403/sc2api, attempt: 2, running: True
ConnectHandler: Request from 127.0.0.1:60522 accepted
ReadyHandler: 127.0.0.1:60522 ready
Requesting to join a single player game
Configuring interface options
Configure: raw interface enabled
Configure: feature layer interface disabled
Configure: score interface disabled
Configure: render interface disabled
Launching next game.
Next launch phase started: 2
Next launch phase started: 3
Next launch phase started: 4
Next launch phase started: 5
Next launch phase started: 6
Next launch phase started: 7
Next launch phase started: 8
Game has started.
Using default stable ids, none found at: /labmount/users/202535331/MARL/pymarl-monotone-qmix/3rdparty/StarCraftII/stableid.json
Successfully loaded stable ids: GameData\stableid.json
Sending ResponseJoinGame
[INFO 11:11:39] my_main t_env: 610669 / 2050000
[INFO 11:11:39] my_main Estimated time left: 4 hours, 5 minutes, 14 seconds. Time passed: 1 hours, 37 minutes, 17 seconds
[INFO 11:11:42] my_main Recent Stats | t_env:     610669 | Episode:    29031
battle_won_mean:           0.0031	dead_allies_mean:          4.9854	dead_enemies_mean:         2.6181	ep_length_mean:           22.1849
epsilon:                   0.0500	grad_norm:                 6.2971	loss:                      5.8180	loss_central:              0.0504
loss_latent:               1.1181	loss_td:                   4.6495	q_taken_mean:              4.1686	return_mean:               7.6195
return_std:                1.3967	target_mean:               4.1446	td_error_abs:              0.1666	test_battle_won_mean:      0.0125
test_dead_allies_mean:     4.9750	test_dead_enemies_mean:    3.1562	test_ep_length_mean:      22.7312	test_return_mean:          8.7026
test_return_std:           1.5282	
[INFO 11:13:13] my_main t_env: 620681 / 2050000
[INFO 11:13:13] my_main Estimated time left: 3 hours, 44 minutes, 5 seconds. Time passed: 1 hours, 38 minutes, 51 seconds
[INFO 11:13:16] my_main Recent Stats | t_env:     620681 | Episode:    29485
battle_won_mean:           0.0022	dead_allies_mean:          4.9867	dead_enemies_mean:         2.6178	ep_length_mean:           22.1471
epsilon:                   0.0500	grad_norm:                 6.5800	loss:                      6.0557	loss_central:              0.0520
loss_latent:               1.0927	loss_td:                   4.9110	q_taken_mean:              4.1500	return_mean:               7.5859
return_std:                1.3402	target_mean:               4.1320	td_error_abs:              0.1657	test_battle_won_mean:      0.0125
test_dead_allies_mean:     4.9750	test_dead_enemies_mean:    3.2125	test_ep_length_mean:      22.7688	test_return_mean:          8.7104
test_return_std:           1.5706	
[INFO 11:14:46] my_main t_env: 630704 / 2050000
[INFO 11:14:46] my_main Estimated time left: 3 hours, 38 minutes, 52 seconds. Time passed: 1 hours, 40 minutes, 24 seconds
[INFO 11:14:49] my_main Recent Stats | t_env:     630704 | Episode:    29934
battle_won_mean:           0.0040	dead_allies_mean:          4.9854	dead_enemies_mean:         2.6783	ep_length_mean:           22.1146
epsilon:                   0.0500	grad_norm:                 6.5455	loss:                      6.1222	loss_central:              0.0515
loss_latent:               1.0258	loss_td:                   5.0450	q_taken_mean:              4.1791	return_mean:               7.6940
return_std:                1.4329	target_mean:               4.1485	td_error_abs:              0.1606	test_battle_won_mean:      0.0063
test_dead_allies_mean:     4.9938	test_dead_enemies_mean:    3.2313	test_ep_length_mean:      22.6313	test_return_mean:          8.5932
test_return_std:           1.3657	
[INFO 11:16:20] my_main t_env: 640710 / 2050000
[INFO 11:16:20] my_main Estimated time left: 3 hours, 42 minutes, 35 seconds. Time passed: 1 hours, 41 minutes, 59 seconds
[INFO 11:16:24] my_main Recent Stats | t_env:     640710 | Episode:    30385
battle_won_mean:           0.0049	dead_allies_mean:          4.9885	dead_enemies_mean:         2.7081	ep_length_mean:           22.0835
epsilon:                   0.0500	grad_norm:                 6.2643	loss:                      6.3992	loss_central:              0.0508
loss_latent:               0.9439	loss_td:                   5.4045	q_taken_mean:              4.2672	return_mean:               7.7459
return_std:                1.4836	target_mean:               4.2459	td_error_abs:              0.1605	test_battle_won_mean:      0.0063
test_dead_allies_mean:     4.9938	test_dead_enemies_mean:    3.3125	test_ep_length_mean:      22.7437	test_return_mean:          8.6373
test_return_std:           1.3493	
[INFO 11:17:55] my_main t_env: 650718 / 2050000
[INFO 11:17:55] my_main Estimated time left: 3 hours, 40 minutes, 35 seconds. Time passed: 1 hours, 43 minutes, 33 seconds
[INFO 11:17:59] my_main Recent Stats | t_env:     650718 | Episode:    30844
battle_won_mean:           0.0053	dead_allies_mean:          4.9881	dead_enemies_mean:         2.7164	ep_length_mean:           22.0526
epsilon:                   0.0500	grad_norm:                 6.6577	loss:                      6.7485	loss_central:              0.0525
loss_latent:               0.9581	loss_td:                   5.7379	q_taken_mean:              4.3150	return_mean:               7.7541
return_std:                1.5260	target_mean:               4.3081	td_error_abs:              0.1599	test_battle_won_mean:      0.0125
test_dead_allies_mean:     4.9813	test_dead_enemies_mean:    3.3500	test_ep_length_mean:      22.8500	test_return_mean:          8.7099
test_return_std:           1.5995	
[INFO 11:19:28] my_main t_env: 660718 / 2050000
[INFO 11:19:28] my_main Estimated time left: 3 hours, 34 minutes, 21 seconds. Time passed: 1 hours, 45 minutes, 6 seconds
[INFO 11:19:31] my_main Recent Stats | t_env:     660718 | Episode:    31303
battle_won_mean:           0.0062	dead_allies_mean:          4.9894	dead_enemies_mean:         2.7024	ep_length_mean:           22.0305
epsilon:                   0.0500	grad_norm:                 6.5178	loss:                      6.7443	loss_central:              0.0542
loss_latent:               0.9942	loss_td:                   5.6959	q_taken_mean:              4.3496	return_mean:               7.7318
return_std:                1.5724	target_mean:               4.3480	td_error_abs:              0.1634	test_battle_won_mean:      0.0125
test_dead_allies_mean:     4.9688	test_dead_enemies_mean:    3.3625	test_ep_length_mean:      22.8750	test_return_mean:          8.7514
test_return_std:           1.5861	
RequestQuit command received.
DataHandler: unable to parse websocket frame.
CloseHandler: 127.0.0.1:60522 disconnected
Closing Application...
[INFO 11:20:22] absl Shutdown gracefully.
[INFO 11:20:22] absl Shutdown with return code: -15
[INFO 11:20:22] absl Launching SC2: /labmount/users/202535331/MARL/pymarl-monotone-qmix/3rdparty/StarCraftII/Versions/Base75689/SC2_x64 -listen 127.0.0.1 -port 42283 -dataDir /labmount/users/202535331/MARL/pymarl-monotone-qmix/3rdparty/StarCraftII/ -tempDir /tmp/sc-27or55la/
[INFO 11:20:22] absl Connecting to: ws://127.0.0.1:42283/sc2api, attempt: 0, running: True
Version: B75689 (SC2.4.10)
Build: Aug 12 2019 17:16:57
Command Line: '"/labmount/users/202535331/MARL/pymarl-monotone-qmix/3rdparty/StarCraftII/Versions/Base75689/SC2_x64" -listen 127.0.0.1 -port 42283 -dataDir /labmount/users/202535331/MARL/pymarl-monotone-qmix/3rdparty/StarCraftII/ -tempDir /tmp/sc-27or55la/'
Starting up...
Startup Phase 1 complete
[INFO 11:20:23] absl Connecting to: ws://127.0.0.1:42283/sc2api, attempt: 1, running: True
Startup Phase 2 complete
Creating stub renderer...
Listening on: 127.0.0.1:42283
Startup Phase 3 complete. Ready for commands.
[INFO 11:20:24] absl Connecting to: ws://127.0.0.1:42283/sc2api, attempt: 2, running: True
ConnectHandler: Request from 127.0.0.1:54440 accepted
ReadyHandler: 127.0.0.1:54440 ready
Requesting to join a single player game
Configuring interface options
Configure: raw interface enabled
Configure: feature layer interface disabled
Configure: score interface disabled
Configure: render interface disabled
Launching next game.
Next launch phase started: 2
Next launch phase started: 3
Next launch phase started: 4
Next launch phase started: 5
Next launch phase started: 6
Next launch phase started: 7
Next launch phase started: 8
Game has started.
Using default stable ids, none found at: /labmount/users/202535331/MARL/pymarl-monotone-qmix/3rdparty/StarCraftII/stableid.json
Successfully loaded stable ids: GameData\stableid.json
Sending ResponseJoinGame
[INFO 11:21:06] my_main t_env: 670720 / 2050000
[INFO 11:21:06] my_main Estimated time left: 3 hours, 45 minutes, 11 seconds. Time passed: 1 hours, 46 minutes, 44 seconds
[INFO 11:21:09] my_main Recent Stats | t_env:     670720 | Episode:    31770
battle_won_mean:           0.0057	dead_allies_mean:          4.9895	dead_enemies_mean:         2.6644	ep_length_mean:           21.9034
epsilon:                   0.0500	grad_norm:                 6.2829	loss:                      6.8381	loss_central:              0.0554
loss_latent:               1.0818	loss_td:                   5.7009	q_taken_mean:              4.3888	return_mean:               7.6835
return_std:                1.5557	target_mean:               4.3940	td_error_abs:              0.1620	test_battle_won_mean:      0.0187
test_dead_allies_mean:     4.9500	test_dead_enemies_mean:    3.3875	test_ep_length_mean:      22.9812	test_return_mean:          8.9042
test_return_std:           1.8025	
[INFO 11:22:37] my_main t_env: 680725 / 2050000
[INFO 11:22:37] my_main Estimated time left: 3 hours, 29 minutes, 7 seconds. Time passed: 1 hours, 48 minutes, 16 seconds
[INFO 11:22:41] my_main Recent Stats | t_env:     680725 | Episode:    32232
battle_won_mean:           0.0053	dead_allies_mean:          4.9904	dead_enemies_mean:         2.5785	ep_length_mean:           21.7700
epsilon:                   0.0500	grad_norm:                 6.5027	loss:                      6.9311	loss_central:              0.0611
loss_latent:               1.2893	loss_td:                   5.5808	q_taken_mean:              4.4332	return_mean:               7.5709
return_std:                1.5459	target_mean:               4.4152	td_error_abs:              0.1703	test_battle_won_mean:      0.0250
test_dead_allies_mean:     4.9437	test_dead_enemies_mean:    3.3937	test_ep_length_mean:      23.1438	test_return_mean:          9.0564
test_return_std:           2.0130	
[INFO 11:24:03] my_main t_env: 690739 / 2050000
[INFO 11:24:03] my_main Estimated time left: 3 hours, 14 minutes, 1 seconds. Time passed: 1 hours, 49 minutes, 41 seconds
[INFO 11:24:07] my_main Recent Stats | t_env:     690739 | Episode:    32696
battle_won_mean:           0.0039	dead_allies_mean:          4.9914	dead_enemies_mean:         2.5227	ep_length_mean:           21.6491
epsilon:                   0.0500	grad_norm:                 7.0955	loss:                      6.6446	loss_central:              0.0629
loss_latent:               1.3624	loss_td:                   5.2194	q_taken_mean:              4.4551	return_mean:               7.4818
return_std:                1.4736	target_mean:               4.4272	td_error_abs:              0.1772	test_battle_won_mean:      0.0312
test_dead_allies_mean:     4.9250	test_dead_enemies_mean:    3.3563	test_ep_length_mean:      23.0312	test_return_mean:          9.0738
test_return_std:           2.2834	
[INFO 11:25:31] my_main t_env: 700753 / 2050000
[INFO 11:25:31] my_main Estimated time left: 3 hours, 17 minutes, 1 seconds. Time passed: 1 hours, 51 minutes, 9 seconds
[INFO 11:25:34] my_main Recent Stats | t_env:     700753 | Episode:    33156
battle_won_mean:           0.0035	dead_allies_mean:          4.9914	dead_enemies_mean:         2.4811	ep_length_mean:           21.6423
epsilon:                   0.0500	grad_norm:                 6.9185	loss:                      6.2430	loss_central:              0.0704
loss_latent:               1.3298	loss_td:                   4.8428	q_taken_mean:              4.4502	return_mean:               7.4057
return_std:                1.4452	target_mean:               4.4330	td_error_abs:              0.1841	test_battle_won_mean:      0.0250
test_dead_allies_mean:     4.9375	test_dead_enemies_mean:    3.3250	test_ep_length_mean:      22.9062	test_return_mean:          8.9788
test_return_std:           2.0276	
[INFO 11:26:56] my_main t_env: 710754 / 2050000
[INFO 11:26:56] my_main Estimated time left: 3 hours, 10 minutes, 7 seconds. Time passed: 1 hours, 52 minutes, 34 seconds
[INFO 11:26:59] my_main Recent Stats | t_env:     710754 | Episode:    33611
battle_won_mean:           0.0026	dead_allies_mean:          4.9913	dead_enemies_mean:         2.4655	ep_length_mean:           21.6810
epsilon:                   0.0500	grad_norm:                 7.5073	loss:                      6.1638	loss_central:              0.0841
loss_latent:               1.3988	loss_td:                   4.6809	q_taken_mean:              4.4702	return_mean:               7.3911
return_std:                1.3985	target_mean:               4.4565	td_error_abs:              0.1913	test_battle_won_mean:      0.0187
test_dead_allies_mean:     4.9562	test_dead_enemies_mean:    3.2313	test_ep_length_mean:      22.6875	test_return_mean:          8.7583
test_return_std:           1.7717	
[INFO 11:28:21] my_main t_env: 720772 / 2050000
[INFO 11:28:21] my_main Estimated time left: 3 hours, 8 minutes, 11 seconds. Time passed: 1 hours, 53 minutes, 59 seconds
[INFO 11:28:24] my_main Recent Stats | t_env:     720772 | Episode:    34063
battle_won_mean:           0.0035	dead_allies_mean:          4.9899	dead_enemies_mean:         2.4483	ep_length_mean:           21.8302
epsilon:                   0.0500	grad_norm:                 8.0034	loss:                      6.4026	loss_central:              0.1108
loss_latent:               1.5632	loss_td:                   4.7287	q_taken_mean:              4.4948	return_mean:               7.4053
return_std:                1.4467	target_mean:               4.4882	td_error_abs:              0.2140	test_battle_won_mean:      0.0125
test_dead_allies_mean:     4.9750	test_dead_enemies_mean:    3.1187	test_ep_length_mean:      22.4000	test_return_mean:          8.5512
test_return_std:           1.5341	
RequestQuit command received.
Closing Application...
DataHandler: unable to parse websocket frame.
CloseHandler: 127.0.0.1:54440 disconnected
[INFO 11:29:14] absl Shutdown gracefully.
[INFO 11:29:14] absl Shutdown with return code: -15
[INFO 11:29:14] absl Launching SC2: /labmount/users/202535331/MARL/pymarl-monotone-qmix/3rdparty/StarCraftII/Versions/Base75689/SC2_x64 -listen 127.0.0.1 -port 38457 -dataDir /labmount/users/202535331/MARL/pymarl-monotone-qmix/3rdparty/StarCraftII/ -tempDir /tmp/sc-7kxv9xds/
[INFO 11:29:14] absl Connecting to: ws://127.0.0.1:38457/sc2api, attempt: 0, running: True
Version: B75689 (SC2.4.10)
Build: Aug 12 2019 17:16:57
Command Line: '"/labmount/users/202535331/MARL/pymarl-monotone-qmix/3rdparty/StarCraftII/Versions/Base75689/SC2_x64" -listen 127.0.0.1 -port 38457 -dataDir /labmount/users/202535331/MARL/pymarl-monotone-qmix/3rdparty/StarCraftII/ -tempDir /tmp/sc-7kxv9xds/'
Starting up...
Startup Phase 1 complete
[INFO 11:29:15] absl Connecting to: ws://127.0.0.1:38457/sc2api, attempt: 1, running: True
Startup Phase 2 complete
Creating stub renderer...
Listening on: 127.0.0.1:38457
Startup Phase 3 complete. Ready for commands.
[INFO 11:29:16] absl Connecting to: ws://127.0.0.1:38457/sc2api, attempt: 2, running: True
ConnectHandler: Request from 127.0.0.1:54278 accepted
ReadyHandler: 127.0.0.1:54278 ready
Requesting to join a single player game
Configuring interface options
Configure: raw interface enabled
Configure: feature layer interface disabled
Configure: score interface disabled
Configure: render interface disabled
Launching next game.
Next launch phase started: 2
Next launch phase started: 3
Next launch phase started: 4
Next launch phase started: 5
Next launch phase started: 6
Next launch phase started: 7
Next launch phase started: 8
Game has started.
Using default stable ids, none found at: /labmount/users/202535331/MARL/pymarl-monotone-qmix/3rdparty/StarCraftII/stableid.json
Successfully loaded stable ids: GameData\stableid.json
Sending ResponseJoinGame
[INFO 11:29:51] my_main t_env: 730788 / 2050000
[INFO 11:29:51] my_main Estimated time left: 3 hours, 17 minutes, 51 seconds. Time passed: 1 hours, 55 minutes, 29 seconds
[INFO 11:29:55] my_main Recent Stats | t_env:     730788 | Episode:    34512
battle_won_mean:           0.0031	dead_allies_mean:          4.9854	dead_enemies_mean:         2.4620	ep_length_mean:           21.9605
epsilon:                   0.0500	grad_norm:                 8.0485	loss:                      6.2801	loss_central:              0.1147
loss_latent:               1.4681	loss_td:                   4.6973	q_taken_mean:              4.5075	return_mean:               7.4043
return_std:                1.3944	target_mean:               4.4826	td_error_abs:              0.2261	test_battle_won_mean:      0.0125
test_dead_allies_mean:     4.9562	test_dead_enemies_mean:    3.1063	test_ep_length_mean:      22.3938	test_return_mean:          8.4559
test_return_std:           1.5364	
[INFO 11:31:16] my_main t_env: 740804 / 2050000
[INFO 11:31:16] my_main Estimated time left: 3 hours, 5 minutes, 37 seconds. Time passed: 1 hours, 56 minutes, 55 seconds
[INFO 11:31:20] my_main Recent Stats | t_env:     740804 | Episode:    34962
battle_won_mean:           0.0031	dead_allies_mean:          4.9840	dead_enemies_mean:         2.4532	ep_length_mean:           22.0957
epsilon:                   0.0500	grad_norm:                 7.7623	loss:                      6.6012	loss_central:              0.1262
loss_latent:               1.4979	loss_td:                   4.9771	q_taken_mean:              4.5182	return_mean:               7.4106
return_std:                1.3655	target_mean:               4.5020	td_error_abs:              0.2333	test_battle_won_mean:      0.0063
test_dead_allies_mean:     4.9688	test_dead_enemies_mean:    3.0938	test_ep_length_mean:      22.6687	test_return_mean:          8.4196
test_return_std:           1.2746	
[INFO 11:32:42] my_main t_env: 750805 / 2050000
[INFO 11:32:42] my_main Estimated time left: 3 hours, 6 minutes, 28 seconds. Time passed: 1 hours, 58 minutes, 21 seconds
[INFO 11:32:46] my_main Recent Stats | t_env:     750805 | Episode:    35414
battle_won_mean:           0.0035	dead_allies_mean:          4.9827	dead_enemies_mean:         2.4906	ep_length_mean:           22.1670
epsilon:                   0.0500	grad_norm:                 7.6693	loss:                      6.9006	loss_central:              0.1250
loss_latent:               1.5465	loss_td:                   5.2291	q_taken_mean:              4.4821	return_mean:               7.5071
return_std:                1.3872	target_mean:               4.4773	td_error_abs:              0.2340	test_battle_won_mean:      0.0063
test_dead_allies_mean:     4.9688	test_dead_enemies_mean:    3.1250	test_ep_length_mean:      22.8813	test_return_mean:          8.4915
test_return_std:           1.2859	
[INFO 11:34:10] my_main t_env: 760805 / 2050000
[INFO 11:34:10] my_main Estimated time left: 3 hours, 7 minutes, 46 seconds. Time passed: 1 hours, 59 minutes, 48 seconds
[INFO 11:34:14] my_main Recent Stats | t_env:     760805 | Episode:    35867
battle_won_mean:           0.0027	dead_allies_mean:          4.9853	dead_enemies_mean:         2.5158	ep_length_mean:           22.1860
epsilon:                   0.0500	grad_norm:                 7.3473	loss:                      6.7464	loss_central:              0.1155
loss_latent:               1.4471	loss_td:                   5.1838	q_taken_mean:              4.3982	return_mean:               7.5301
return_std:                1.3292	target_mean:               4.4076	td_error_abs:              0.2402	test_battle_won_mean:      0.0063
test_dead_allies_mean:     4.9688	test_dead_enemies_mean:    3.2750	test_ep_length_mean:      23.3875	test_return_mean:          8.7335
test_return_std:           1.3297	
[INFO 11:35:37] my_main t_env: 770817 / 2050000
[INFO 11:35:37] my_main Estimated time left: 3 hours, 5 minutes, 16 seconds. Time passed: 2 hours, 1 minutes, 15 seconds
[INFO 11:35:40] my_main Recent Stats | t_env:     770817 | Episode:    36316
battle_won_mean:           0.0018	dead_allies_mean:          4.9884	dead_enemies_mean:         2.5814	ep_length_mean:           22.2129
epsilon:                   0.0500	grad_norm:                 6.8740	loss:                      6.2576	loss_central:              0.0973
loss_latent:               1.1624	loss_td:                   4.9980	q_taken_mean:              4.3460	return_mean:               7.5883
return_std:                1.2675	target_mean:               4.3365	td_error_abs:              0.2292	test_battle_won_mean:      0.0063
test_dead_allies_mean:     4.9688	test_dead_enemies_mean:    3.2125	test_ep_length_mean:      23.1812	test_return_mean:          8.5825
test_return_std:           1.3107	
[INFO 11:37:03] my_main t_env: 780819 / 2050000
[INFO 11:37:03] my_main Estimated time left: 3 hours, 1 minutes, 32 seconds. Time passed: 2 hours, 2 minutes, 41 seconds
[INFO 11:37:07] my_main Recent Stats | t_env:     780819 | Episode:    36758
battle_won_mean:           0.0013	dead_allies_mean:          4.9938	dead_enemies_mean:         2.6436	ep_length_mean:           22.2773
epsilon:                   0.0500	grad_norm:                 7.0981	loss:                      6.2309	loss_central:              0.0961
loss_latent:               1.1524	loss_td:                   4.9825	q_taken_mean:              4.3328	return_mean:               7.6783
return_std:                1.2503	target_mean:               4.3366	td_error_abs:              0.2207	test_battle_won_mean:      0.0187
test_dead_allies_mean:     4.9500	test_dead_enemies_mean:    3.3125	test_ep_length_mean:      23.3000	test_return_mean:          8.8264
test_return_std:           1.5290	
RequestQuit command received.
DataHandler: unable to parse websocket frame.
Closing Application...
CloseHandler: 127.0.0.1:54278 disconnected
ResponseThread: No connection, dropping the response.
[INFO 11:38:00] absl Shutdown gracefully.
[INFO 11:38:00] absl Shutdown with return code: -15
[INFO 11:38:00] absl Launching SC2: /labmount/users/202535331/MARL/pymarl-monotone-qmix/3rdparty/StarCraftII/Versions/Base75689/SC2_x64 -listen 127.0.0.1 -port 43285 -dataDir /labmount/users/202535331/MARL/pymarl-monotone-qmix/3rdparty/StarCraftII/ -tempDir /tmp/sc-c0ysymu8/
[INFO 11:38:00] absl Connecting to: ws://127.0.0.1:43285/sc2api, attempt: 0, running: True
Version: B75689 (SC2.4.10)
Build: Aug 12 2019 17:16:57
Command Line: '"/labmount/users/202535331/MARL/pymarl-monotone-qmix/3rdparty/StarCraftII/Versions/Base75689/SC2_x64" -listen 127.0.0.1 -port 43285 -dataDir /labmount/users/202535331/MARL/pymarl-monotone-qmix/3rdparty/StarCraftII/ -tempDir /tmp/sc-c0ysymu8/'
Starting up...
Startup Phase 1 complete
[INFO 11:38:01] absl Connecting to: ws://127.0.0.1:43285/sc2api, attempt: 1, running: True
Startup Phase 2 complete
Creating stub renderer...
Listening on: 127.0.0.1:43285
Startup Phase 3 complete. Ready for commands.
[INFO 11:38:02] absl Connecting to: ws://127.0.0.1:43285/sc2api, attempt: 2, running: True
ConnectHandler: Request from 127.0.0.1:46914 accepted
ReadyHandler: 127.0.0.1:46914 ready
Requesting to join a single player game
Configuring interface options
Configure: raw interface enabled
Configure: feature layer interface disabled
Configure: score interface disabled
Configure: render interface disabled
Launching next game.
Next launch phase started: 2
Next launch phase started: 3
Next launch phase started: 4
Next launch phase started: 5
Next launch phase started: 6
Next launch phase started: 7
Next launch phase started: 8
Game has started.
Using default stable ids, none found at: /labmount/users/202535331/MARL/pymarl-monotone-qmix/3rdparty/StarCraftII/stableid.json
Successfully loaded stable ids: GameData\stableid.json
Sending ResponseJoinGame
[INFO 11:38:35] my_main t_env: 790825 / 2050000
[INFO 11:38:35] my_main Estimated time left: 3 hours, 14 minutes, 27 seconds. Time passed: 2 hours, 4 minutes, 14 seconds
[INFO 11:38:39] my_main Recent Stats | t_env:     790825 | Episode:    37201
battle_won_mean:           0.0013	dead_allies_mean:          4.9933	dead_enemies_mean:         2.7239	ep_length_mean:           22.3431
epsilon:                   0.0500	grad_norm:                 7.1437	loss:                      6.4051	loss_central:              0.0962
loss_latent:               1.0590	loss_td:                   5.2498	q_taken_mean:              4.3836	return_mean:               7.8103
return_std:                1.2629	target_mean:               4.3750	td_error_abs:              0.2282	test_battle_won_mean:      0.0312
test_dead_allies_mean:     4.9313	test_dead_enemies_mean:    3.3875	test_ep_length_mean:      23.2125	test_return_mean:          9.0566
test_return_std:           1.8447	
[INFO 11:40:03] my_main t_env: 800844 / 2050000
[INFO 11:40:03] my_main Estimated time left: 3 hours, 2 minutes, 21 seconds. Time passed: 2 hours, 5 minutes, 41 seconds
[INFO 11:40:07] my_main Recent Stats | t_env:     800844 | Episode:    37638
battle_won_mean:           0.0014	dead_allies_mean:          4.9918	dead_enemies_mean:         2.7469	ep_length_mean:           22.5032
epsilon:                   0.0500	grad_norm:                 7.9745	loss:                      6.5202	loss_central:              0.0972
loss_latent:               1.0036	loss_td:                   5.4194	q_taken_mean:              4.4810	return_mean:               7.8239
return_std:                1.2632	target_mean:               4.4539	td_error_abs:              0.2281	test_battle_won_mean:      0.0312
test_dead_allies_mean:     4.9313	test_dead_enemies_mean:    3.3813	test_ep_length_mean:      23.2312	test_return_mean:          9.1002
test_return_std:           1.8027	
[INFO 11:41:32] my_main t_env: 810850 / 2050000
[INFO 11:41:32] my_main Estimated time left: 3 hours, 2 minutes, 59 seconds. Time passed: 2 hours, 7 minutes, 10 seconds
[INFO 11:41:36] my_main Recent Stats | t_env:     810850 | Episode:    38067
battle_won_mean:           0.0018	dead_allies_mean:          4.9886	dead_enemies_mean:         2.7924	ep_length_mean:           22.7530
epsilon:                   0.0500	grad_norm:                 8.3844	loss:                      6.9490	loss_central:              0.0983
loss_latent:               1.0797	loss_td:                   5.7710	q_taken_mean:              4.5990	return_mean:               7.9091
return_std:                1.2938	target_mean:               4.5311	td_error_abs:              0.2260	test_battle_won_mean:      0.0437
test_dead_allies_mean:     4.9000	test_dead_enemies_mean:    3.4062	test_ep_length_mean:      23.2500	test_return_mean:          9.2578
test_return_std:           2.1444	
[INFO 11:43:00] my_main t_env: 820864 / 2050000
[INFO 11:43:00] my_main Estimated time left: 3 hours, 24 seconds. Time passed: 2 hours, 8 minutes, 38 seconds
[INFO 11:43:04] my_main Recent Stats | t_env:     820864 | Episode:    38507
battle_won_mean:           0.0023	dead_allies_mean:          4.9867	dead_enemies_mean:         2.7772	ep_length_mean:           22.8451
epsilon:                   0.0500	grad_norm:                 8.6627	loss:                      7.1003	loss_central:              0.0917
loss_latent:               1.0830	loss_td:                   5.9256	q_taken_mean:              4.7106	return_mean:               7.8840
return_std:                1.3104	target_mean:               4.6401	td_error_abs:              0.2211	test_battle_won_mean:      0.0437
test_dead_allies_mean:     4.8937	test_dead_enemies_mean:    3.5625	test_ep_length_mean:      24.1500	test_return_mean:          9.6075
test_return_std:           2.1823	
[INFO 11:44:27] my_main t_env: 830881 / 2050000
[INFO 11:44:27] my_main Estimated time left: 2 hours, 57 minutes, 6 seconds. Time passed: 2 hours, 10 minutes, 6 seconds
[INFO 11:44:31] my_main Recent Stats | t_env:     830881 | Episode:    38940
battle_won_mean:           0.0023	dead_allies_mean:          4.9840	dead_enemies_mean:         2.7649	ep_length_mean:           22.9461
epsilon:                   0.0500	grad_norm:                 9.2817	loss:                      7.2688	loss_central:              0.0875
loss_latent:               1.0286	loss_td:                   6.1528	q_taken_mean:              4.7915	return_mean:               7.8657
return_std:                1.3257	target_mean:               4.7374	td_error_abs:              0.2146	test_battle_won_mean:      0.0250
test_dead_allies_mean:     4.9375	test_dead_enemies_mean:    3.4750	test_ep_length_mean:      24.1125	test_return_mean:          9.3297
test_return_std:           1.7298	
[INFO 11:45:56] my_main t_env: 840941 / 2050000
[INFO 11:45:56] my_main Estimated time left: 2 hours, 58 minutes, 17 seconds. Time passed: 2 hours, 11 minutes, 35 seconds
[INFO 11:46:00] my_main Recent Stats | t_env:     840941 | Episode:    39377
battle_won_mean:           0.0028	dead_allies_mean:          4.9825	dead_enemies_mean:         2.7625	ep_length_mean:           23.0329
epsilon:                   0.0500	grad_norm:                 9.8554	loss:                      6.8097	loss_central:              0.0744
loss_latent:               1.0914	loss_td:                   5.6438	q_taken_mean:              4.6532	return_mean:               7.8346
return_std:                1.3627	target_mean:               4.5975	td_error_abs:              0.1958	test_battle_won_mean:      0.0125
test_dead_allies_mean:     4.9625	test_dead_enemies_mean:    3.4375	test_ep_length_mean:      24.0750	test_return_mean:          9.2184
test_return_std:           1.3571	
RequestQuit command received.
Closing Application...
DataHandler: unable to parse websocket frame.
CloseHandler: 127.0.0.1:46914 disconnected
[INFO 11:46:56] absl Shutdown gracefully.
[INFO 11:46:56] absl Shutdown with return code: -15
[INFO 11:46:56] absl Launching SC2: /labmount/users/202535331/MARL/pymarl-monotone-qmix/3rdparty/StarCraftII/Versions/Base75689/SC2_x64 -listen 127.0.0.1 -port 33429 -dataDir /labmount/users/202535331/MARL/pymarl-monotone-qmix/3rdparty/StarCraftII/ -tempDir /tmp/sc-3ss6ix2g/
[INFO 11:46:56] absl Connecting to: ws://127.0.0.1:33429/sc2api, attempt: 0, running: True
Version: B75689 (SC2.4.10)
Build: Aug 12 2019 17:16:57
Command Line: '"/labmount/users/202535331/MARL/pymarl-monotone-qmix/3rdparty/StarCraftII/Versions/Base75689/SC2_x64" -listen 127.0.0.1 -port 33429 -dataDir /labmount/users/202535331/MARL/pymarl-monotone-qmix/3rdparty/StarCraftII/ -tempDir /tmp/sc-3ss6ix2g/'
Starting up...
Startup Phase 1 complete
[INFO 11:46:57] absl Connecting to: ws://127.0.0.1:33429/sc2api, attempt: 1, running: True
Startup Phase 2 complete
Creating stub renderer...
Listening on: 127.0.0.1:33429
Startup Phase 3 complete. Ready for commands.
[INFO 11:46:58] absl Connecting to: ws://127.0.0.1:33429/sc2api, attempt: 2, running: True
ConnectHandler: Request from 127.0.0.1:33442 accepted
ReadyHandler: 127.0.0.1:33442 ready
Requesting to join a single player game
Configuring interface options
Configure: raw interface enabled
Configure: feature layer interface disabled
Configure: score interface disabled
Configure: render interface disabled
Launching next game.
Next launch phase started: 2
Next launch phase started: 3
Next launch phase started: 4
Next launch phase started: 5
Next launch phase started: 6
Next launch phase started: 7
Next launch phase started: 8
Game has started.
Using default stable ids, none found at: /labmount/users/202535331/MARL/pymarl-monotone-qmix/3rdparty/StarCraftII/stableid.json
Successfully loaded stable ids: GameData\stableid.json
Sending ResponseJoinGame
[INFO 11:47:31] my_main t_env: 850946 / 2050000
[INFO 11:47:31] my_main Estimated time left: 3 hours, 9 minutes, 2 seconds. Time passed: 2 hours, 13 minutes, 9 seconds
[INFO 11:47:35] my_main Recent Stats | t_env:     850946 | Episode:    39820
battle_won_mean:           0.0023	dead_allies_mean:          4.9830	dead_enemies_mean:         2.7890	ep_length_mean:           22.9645
epsilon:                   0.0500	grad_norm:                 9.2208	loss:                      6.5323	loss_central:              0.0678
loss_latent:               1.0486	loss_td:                   5.4158	q_taken_mean:              4.5975	return_mean:               7.8741
return_std:                1.3278	target_mean:               4.5354	td_error_abs:              0.1876	test_battle_won_mean:      0.0250
test_dead_allies_mean:     4.9500	test_dead_enemies_mean:    3.5250	test_ep_length_mean:      24.2812	test_return_mean:          9.4066
test_return_std:           1.7362	
[INFO 11:48:59] my_main t_env: 860953 / 2050000
[INFO 11:48:59] my_main Estimated time left: 2 hours, 54 minutes, 38 seconds. Time passed: 2 hours, 14 minutes, 37 seconds
[INFO 11:49:03] my_main Recent Stats | t_env:     860953 | Episode:    40257
battle_won_mean:           0.0032	dead_allies_mean:          4.9845	dead_enemies_mean:         2.7812	ep_length_mean:           22.8795
epsilon:                   0.0500	grad_norm:                 8.7828	loss:                      6.1813	loss_central:              0.0603
loss_latent:               1.0471	loss_td:                   5.0738	q_taken_mean:              4.5556	return_mean:               7.8882
return_std:                1.3791	target_mean:               4.5065	td_error_abs:              0.1762	test_battle_won_mean:      0.0125
test_dead_allies_mean:     4.9813	test_dead_enemies_mean:    3.4875	test_ep_length_mean:      24.1938	test_return_mean:          9.3066
test_return_std:           1.3249	
[INFO 11:50:28] my_main t_env: 870966 / 2050000
[INFO 11:50:28] my_main Estimated time left: 2 hours, 53 minutes, 16 seconds. Time passed: 2 hours, 16 minutes, 6 seconds
[INFO 11:50:31] my_main Recent Stats | t_env:     870966 | Episode:    40700
battle_won_mean:           0.0032	dead_allies_mean:          4.9845	dead_enemies_mean:         2.8083	ep_length_mean:           22.8482
epsilon:                   0.0500	grad_norm:                 8.8461	loss:                      6.0836	loss_central:              0.0590
loss_latent:               1.0756	loss_td:                   4.9491	q_taken_mean:              4.5190	return_mean:               7.9533
return_std:                1.4009	target_mean:               4.4747	td_error_abs:              0.1731	test_battle_won_mean:      0.0125
test_dead_allies_mean:     4.9813	test_dead_enemies_mean:    3.5125	test_ep_length_mean:      24.1313	test_return_mean:          9.2467
test_return_std:           1.3422	
[INFO 11:51:56] my_main t_env: 880978 / 2050000
[INFO 11:51:56] my_main Estimated time left: 2 hours, 52 minutes, 57 seconds. Time passed: 2 hours, 17 minutes, 35 seconds
[INFO 11:52:00] my_main Recent Stats | t_env:     880978 | Episode:    41136
battle_won_mean:           0.0037	dead_allies_mean:          4.9850	dead_enemies_mean:         2.8334	ep_length_mean:           22.8141
epsilon:                   0.0500	grad_norm:                 8.6859	loss:                      5.6779	loss_central:              0.0572
loss_latent:               1.0018	loss_td:                   4.6189	q_taken_mean:              4.4466	return_mean:               7.9874
return_std:                1.4213	target_mean:               4.4114	td_error_abs:              0.1722	test_battle_won_mean:      0.0500
test_dead_allies_mean:     4.9062	test_dead_enemies_mean:    3.6437	test_ep_length_mean:      24.3313	test_return_mean:          9.7611
test_return_std:           1.9986	
[INFO 11:53:25] my_main t_env: 890998 / 2050000
[INFO 11:53:25] my_main Estimated time left: 2 hours, 51 minutes, 36 seconds. Time passed: 2 hours, 19 minutes, 4 seconds
[INFO 11:53:29] my_main Recent Stats | t_env:     890998 | Episode:    41572
battle_won_mean:           0.0055	dead_allies_mean:          4.9822	dead_enemies_mean:         2.8705	ep_length_mean:           22.8063
epsilon:                   0.0500	grad_norm:                 7.8971	loss:                      5.7110	loss_central:              0.0703
loss_latent:               0.9009	loss_td:                   4.7398	q_taken_mean:              4.4615	return_mean:               8.0836
return_std:                1.5011	target_mean:               4.4114	td_error_abs:              0.1837	test_battle_won_mean:      0.0688
test_dead_allies_mean:     4.8625	test_dead_enemies_mean:    3.7250	test_ep_length_mean:      24.4625	test_return_mean:          9.9778
test_return_std:           2.4715	
[INFO 11:54:55] my_main t_env: 901001 / 2050000
[INFO 11:54:55] my_main Estimated time left: 2 hours, 51 minutes, 2 seconds. Time passed: 2 hours, 20 minutes, 33 seconds
[INFO 11:54:58] my_main Recent Stats | t_env:     901001 | Episode:    42000
battle_won_mean:           0.0092	dead_allies_mean:          4.9751	dead_enemies_mean:         2.8578	ep_length_mean:           22.9637
epsilon:                   0.0500	grad_norm:                 7.7097	loss:                      5.4897	loss_central:              0.0698
loss_latent:               0.9585	loss_td:                   4.4615	q_taken_mean:              4.3914	return_mean:               8.1066
return_std:                1.6887	target_mean:               4.3601	td_error_abs:              0.1828	test_battle_won_mean:      0.0625
test_dead_allies_mean:     4.8625	test_dead_enemies_mean:    3.6625	test_ep_length_mean:      24.2875	test_return_mean:          9.8349
test_return_std:           2.3381	
RequestQuit command received.
Closing Application...
DataHandler: unable to parse websocket frame.
CloseHandler: 127.0.0.1:33442 disconnected
[INFO 11:55:55] absl Shutdown gracefully.
[INFO 11:55:55] absl Shutdown with return code: -15
[INFO 11:55:55] absl Launching SC2: /labmount/users/202535331/MARL/pymarl-monotone-qmix/3rdparty/StarCraftII/Versions/Base75689/SC2_x64 -listen 127.0.0.1 -port 41683 -dataDir /labmount/users/202535331/MARL/pymarl-monotone-qmix/3rdparty/StarCraftII/ -tempDir /tmp/sc-n9s6397j/
[INFO 11:55:55] absl Connecting to: ws://127.0.0.1:41683/sc2api, attempt: 0, running: True
Version: B75689 (SC2.4.10)
Build: Aug 12 2019 17:16:57
Command Line: '"/labmount/users/202535331/MARL/pymarl-monotone-qmix/3rdparty/StarCraftII/Versions/Base75689/SC2_x64" -listen 127.0.0.1 -port 41683 -dataDir /labmount/users/202535331/MARL/pymarl-monotone-qmix/3rdparty/StarCraftII/ -tempDir /tmp/sc-n9s6397j/'
Starting up...
Startup Phase 1 complete
[INFO 11:55:56] absl Connecting to: ws://127.0.0.1:41683/sc2api, attempt: 1, running: True
Startup Phase 2 complete
Creating stub renderer...
Listening on: 127.0.0.1:41683
Startup Phase 3 complete. Ready for commands.
[INFO 11:55:57] absl Connecting to: ws://127.0.0.1:41683/sc2api, attempt: 2, running: True
ConnectHandler: Request from 127.0.0.1:42580 accepted
ReadyHandler: 127.0.0.1:42580 ready
Requesting to join a single player game
Configuring interface options
Configure: raw interface enabled
Configure: feature layer interface disabled
Configure: score interface disabled
Configure: render interface disabled
Launching next game.
Next launch phase started: 2
Next launch phase started: 3
Next launch phase started: 4
Next launch phase started: 5
Next launch phase started: 6
Next launch phase started: 7
Next launch phase started: 8
Game has started.
Using default stable ids, none found at: /labmount/users/202535331/MARL/pymarl-monotone-qmix/3rdparty/StarCraftII/stableid.json
Successfully loaded stable ids: GameData\stableid.json
Sending ResponseJoinGame
[INFO 11:56:30] my_main t_env: 911003 / 2050000
[INFO 11:56:30] my_main Estimated time left: 3 hours, 52 seconds. Time passed: 2 hours, 22 minutes, 8 seconds
[INFO 11:56:34] my_main Recent Stats | t_env:     911003 | Episode:    42452
battle_won_mean:           0.0101	dead_allies_mean:          4.9694	dead_enemies_mean:         2.8337	ep_length_mean:           22.8095
epsilon:                   0.0500	grad_norm:                 8.7397	loss:                      5.6601	loss_central:              0.0910
loss_latent:               0.9809	loss_td:                   4.5881	q_taken_mean:              4.4293	return_mean:               8.0712
return_std:                1.7312	target_mean:               4.4098	td_error_abs:              0.1979	test_battle_won_mean:      0.0750
test_dead_allies_mean:     4.8250	test_dead_enemies_mean:    3.7750	test_ep_length_mean:      24.5875	test_return_mean:         10.0750
test_return_std:           2.7425	
[INFO 11:57:59] my_main t_env: 921019 / 2050000
[INFO 11:57:59] my_main Estimated time left: 2 hours, 47 minutes, 16 seconds. Time passed: 2 hours, 23 minutes, 37 seconds
[INFO 11:58:03] my_main Recent Stats | t_env:     921019 | Episode:    42900
battle_won_mean:           0.0114	dead_allies_mean:          4.9685	dead_enemies_mean:         2.8302	ep_length_mean:           22.7604
epsilon:                   0.0500	grad_norm:                 8.5554	loss:                      5.6944	loss_central:              0.0958
loss_latent:               0.9864	loss_td:                   4.6121	q_taken_mean:              4.3940	return_mean:               8.0877
return_std:                1.8011	target_mean:               4.3844	td_error_abs:              0.2015	test_battle_won_mean:      0.1062
test_dead_allies_mean:     4.7875	test_dead_enemies_mean:    3.8062	test_ep_length_mean:      24.4000	test_return_mean:         10.3899
test_return_std:           3.3431	
[INFO 11:59:26] my_main t_env: 931019 / 2050000
[INFO 11:59:26] my_main Estimated time left: 2 hours, 42 minutes, 56 seconds. Time passed: 2 hours, 25 minutes, 5 seconds
[INFO 11:59:30] my_main Recent Stats | t_env:     931019 | Episode:    43350
battle_won_mean:           0.0114	dead_allies_mean:          4.9691	dead_enemies_mean:         2.7998	ep_length_mean:           22.6122
epsilon:                   0.0500	grad_norm:                 8.8501	loss:                      5.9044	loss_central:              0.1109
loss_latent:               1.0812	loss_td:                   4.7123	q_taken_mean:              4.3673	return_mean:               8.0756
return_std:                1.8071	target_mean:               4.3552	td_error_abs:              0.2118	test_battle_won_mean:      0.0750
test_dead_allies_mean:     4.8438	test_dead_enemies_mean:    3.6875	test_ep_length_mean:      24.0188	test_return_mean:          9.9585
test_return_std:           2.9068	
[INFO 12:00:53] my_main t_env: 941033 / 2050000
[INFO 12:00:53] my_main Estimated time left: 2 hours, 40 minutes, 21 seconds. Time passed: 2 hours, 26 minutes, 32 seconds
[INFO 12:00:57] my_main Recent Stats | t_env:     941033 | Episode:    43792
battle_won_mean:           0.0113	dead_allies_mean:          4.9696	dead_enemies_mean:         2.7740	ep_length_mean:           22.5471
epsilon:                   0.0500	grad_norm:                 9.4054	loss:                      6.0337	loss_central:              0.1259
loss_latent:               1.1948	loss_td:                   4.7129	q_taken_mean:              4.5334	return_mean:               8.0261
return_std:                1.8068	target_mean:               4.5693	td_error_abs:              0.2261	test_battle_won_mean:      0.0563
test_dead_allies_mean:     4.8875	test_dead_enemies_mean:    3.6500	test_ep_length_mean:      24.0437	test_return_mean:          9.8042
test_return_std:           2.4761	
[INFO 12:02:20] my_main t_env: 951045 / 2050000
[INFO 12:02:20] my_main Estimated time left: 2 hours, 38 minutes, 37 seconds. Time passed: 2 hours, 27 minutes, 58 seconds
[INFO 12:02:24] my_main Recent Stats | t_env:     951045 | Episode:    44232
battle_won_mean:           0.0094	dead_allies_mean:          4.9754	dead_enemies_mean:         2.7856	ep_length_mean:           22.4237
epsilon:                   0.0500	grad_norm:                10.4687	loss:                      6.9269	loss_central:              0.1622
loss_latent:               1.1574	loss_td:                   5.6074	q_taken_mean:              4.7085	return_mean:               8.0158
return_std:                1.7270	target_mean:               4.7375	td_error_abs:              0.2547	test_battle_won_mean:      0.0750
test_dead_allies_mean:     4.8500	test_dead_enemies_mean:    3.7313	test_ep_length_mean:      24.2688	test_return_mean:         10.0833
test_return_std:           2.7631	
[INFO 12:03:46] my_main t_env: 961052 / 2050000
[INFO 12:03:46] my_main Estimated time left: 2 hours, 36 minutes, 39 seconds. Time passed: 2 hours, 29 minutes, 25 seconds
[INFO 12:03:50] my_main Recent Stats | t_env:     961052 | Episode:    44665
battle_won_mean:           0.0077	dead_allies_mean:          4.9796	dead_enemies_mean:         2.8173	ep_length_mean:           22.6202
epsilon:                   0.0500	grad_norm:                11.0317	loss:                      7.5055	loss_central:              0.1832
loss_latent:               1.2476	loss_td:                   6.0747	q_taken_mean:              4.8637	return_mean:               8.0191
return_std:                1.6727	target_mean:               4.8673	td_error_abs:              0.2755	test_battle_won_mean:      0.0625
test_dead_allies_mean:     4.8875	test_dead_enemies_mean:    3.6750	test_ep_length_mean:      24.1187	test_return_mean:          9.8467
test_return_std:           2.3530	
RequestQuit command received.
Closing Application...
DataHandler: unable to parse websocket frame.
CloseHandler: 127.0.0.1:42580 disconnected
[INFO 12:04:45] absl Shutdown gracefully.
[INFO 12:04:45] absl Shutdown with return code: -15
[INFO 12:04:45] absl Launching SC2: /labmount/users/202535331/MARL/pymarl-monotone-qmix/3rdparty/StarCraftII/Versions/Base75689/SC2_x64 -listen 127.0.0.1 -port 41935 -dataDir /labmount/users/202535331/MARL/pymarl-monotone-qmix/3rdparty/StarCraftII/ -tempDir /tmp/sc-8hoc5p7t/
[INFO 12:04:45] absl Connecting to: ws://127.0.0.1:41935/sc2api, attempt: 0, running: True
Version: B75689 (SC2.4.10)
Build: Aug 12 2019 17:16:57
Command Line: '"/labmount/users/202535331/MARL/pymarl-monotone-qmix/3rdparty/StarCraftII/Versions/Base75689/SC2_x64" -listen 127.0.0.1 -port 41935 -dataDir /labmount/users/202535331/MARL/pymarl-monotone-qmix/3rdparty/StarCraftII/ -tempDir /tmp/sc-8hoc5p7t/'
Starting up...
Startup Phase 1 complete
[INFO 12:04:46] absl Connecting to: ws://127.0.0.1:41935/sc2api, attempt: 1, running: True
Startup Phase 2 complete
Creating stub renderer...
Listening on: 127.0.0.1:41935
Startup Phase 3 complete. Ready for commands.
[INFO 12:04:47] absl Connecting to: ws://127.0.0.1:41935/sc2api, attempt: 2, running: True
ConnectHandler: Request from 127.0.0.1:34396 accepted
ReadyHandler: 127.0.0.1:34396 ready
Requesting to join a single player game
Configuring interface options
Configure: raw interface enabled
Configure: feature layer interface disabled
Configure: score interface disabled
Configure: render interface disabled
Launching next game.
Next launch phase started: 2
Next launch phase started: 3
Next launch phase started: 4
Next launch phase started: 5
Next launch phase started: 6
Next launch phase started: 7
Next launch phase started: 8
Game has started.
Using default stable ids, none found at: /labmount/users/202535331/MARL/pymarl-monotone-qmix/3rdparty/StarCraftII/stableid.json
Successfully loaded stable ids: GameData\stableid.json
Sending ResponseJoinGame
[INFO 12:05:17] my_main t_env: 971053 / 2050000
[INFO 12:05:17] my_main Estimated time left: 2 hours, 42 minutes, 46 seconds. Time passed: 2 hours, 30 minutes, 55 seconds
[INFO 12:05:21] my_main Recent Stats | t_env:     971053 | Episode:    45100
battle_won_mean:           0.0096	dead_allies_mean:          4.9690	dead_enemies_mean:         2.8508	ep_length_mean:           22.7469
epsilon:                   0.0500	grad_norm:                13.8683	loss:                      7.7363	loss_central:              0.2530
loss_latent:               1.2795	loss_td:                   6.2038	q_taken_mean:              5.0806	return_mean:               8.0594
return_std:                1.7701	target_mean:               5.0810	td_error_abs:              0.3090	test_battle_won_mean:      0.0437
test_dead_allies_mean:     4.9125	test_dead_enemies_mean:    3.7000	test_ep_length_mean:      24.2500	test_return_mean:          9.7415
test_return_std:           2.0837	
[INFO 12:06:44] my_main t_env: 981056 / 2050000
[INFO 12:06:44] my_main Estimated time left: 2 hours, 35 minutes, 22 seconds. Time passed: 2 hours, 32 minutes, 22 seconds
[INFO 12:06:48] my_main Recent Stats | t_env:     981056 | Episode:    45542
battle_won_mean:           0.0118	dead_allies_mean:          4.9630	dead_enemies_mean:         2.8906	ep_length_mean:           22.8287
epsilon:                   0.0500	grad_norm:                13.7435	loss:                      7.7773	loss_central:              0.2672
loss_latent:               1.3099	loss_td:                   6.2001	q_taken_mean:              5.2070	return_mean:               8.0998
return_std:                1.8771	target_mean:               5.2437	td_error_abs:              0.3343	test_battle_won_mean:      0.0437
test_dead_allies_mean:     4.9125	test_dead_enemies_mean:    3.7812	test_ep_length_mean:      24.6938	test_return_mean:          9.8380
test_return_std:           2.0965	
[INFO 12:08:10] my_main t_env: 991067 / 2050000
[INFO 12:08:10] my_main Estimated time left: 2 hours, 30 minutes, 48 seconds. Time passed: 2 hours, 33 minutes, 48 seconds
[INFO 12:08:14] my_main Recent Stats | t_env:     991067 | Episode:    45985
battle_won_mean:           0.0105	dead_allies_mean:          4.9658	dead_enemies_mean:         2.8848	ep_length_mean:           22.8171
epsilon:                   0.0500	grad_norm:                15.5761	loss:                      8.1681	loss_central:              0.2897
loss_latent:               1.3878	loss_td:                   6.4906	q_taken_mean:              5.2650	return_mean:               8.0892
return_std:                1.8387	target_mean:               5.2716	td_error_abs:              0.3455	test_battle_won_mean:      0.0437
test_dead_allies_mean:     4.9125	test_dead_enemies_mean:    3.8062	test_ep_length_mean:      24.7375	test_return_mean:          9.8715
test_return_std:           2.0736	
[INFO 12:09:36] my_main t_env: 1001087 / 2050000
[INFO 12:09:36] my_main Estimated time left: 2 hours, 30 minutes, 45 seconds. Time passed: 2 hours, 35 minutes, 14 seconds
[INFO 12:09:40] my_main Recent Stats | t_env:    1001087 | Episode:    46430
battle_won_mean:           0.0105	dead_allies_mean:          4.9654	dead_enemies_mean:         2.8842	ep_length_mean:           22.7696
epsilon:                   0.0500	grad_norm:                15.4338	loss:                      7.8829	loss_central:              0.2744
loss_latent:               1.5452	loss_td:                   6.0632	q_taken_mean:              5.2016	return_mean:               8.1220
return_std:                1.8531	target_mean:               5.2225	td_error_abs:              0.3401	test_battle_won_mean:      0.0250
test_dead_allies_mean:     4.9500	test_dead_enemies_mean:    3.7375	test_ep_length_mean:      24.5188	test_return_mean:          9.6580
test_return_std:           1.7733	
[INFO 12:11:02] my_main t_env: 1011101 / 2050000
[INFO 12:11:02] my_main Estimated time left: 2 hours, 27 minutes, 56 seconds. Time passed: 2 hours, 36 minutes, 40 seconds
[INFO 12:11:06] my_main Recent Stats | t_env:    1011101 | Episode:    46867
battle_won_mean:           0.0114	dead_allies_mean:          4.9659	dead_enemies_mean:         2.8926	ep_length_mean:           22.7305
epsilon:                   0.0500	grad_norm:                14.4541	loss:                      7.5259	loss_central:              0.2453
loss_latent:               1.5870	loss_td:                   5.6936	q_taken_mean:              5.1042	return_mean:               8.1821
return_std:                1.8682	target_mean:               5.1324	td_error_abs:              0.3233	test_battle_won_mean:      0.0250
test_dead_allies_mean:     4.9500	test_dead_enemies_mean:    3.7313	test_ep_length_mean:      24.5000	test_return_mean:          9.7059
test_return_std:           1.8108	
[INFO 12:12:28] my_main t_env: 1021114 / 2050000
[INFO 12:12:28] my_main Estimated time left: 2 hours, 27 minutes, 24 seconds. Time passed: 2 hours, 38 minutes, 6 seconds
[INFO 12:12:32] my_main Recent Stats | t_env:    1021114 | Episode:    47312
battle_won_mean:           0.0086	dead_allies_mean:          4.9783	dead_enemies_mean:         2.8844	ep_length_mean:           22.6325
epsilon:                   0.0500	grad_norm:                12.3867	loss:                      7.5701	loss_central:              0.1812
loss_latent:               1.7500	loss_td:                   5.6389	q_taken_mean:              4.9246	return_mean:               8.1623
return_std:                1.7277	target_mean:               4.9429	td_error_abs:              0.3002	test_battle_won_mean:      0.0250
test_dead_allies_mean:     4.9313	test_dead_enemies_mean:    3.7687	test_ep_length_mean:      24.4187	test_return_mean:          9.7356
test_return_std:           1.7920	
RequestQuit command received.
Closing Application...
DataHandler: unable to parse websocket frame.
CloseHandler: 127.0.0.1:34396 disconnected
[INFO 12:13:27] absl Shutdown gracefully.
[INFO 12:13:27] absl Shutdown with return code: -15
[INFO 12:13:27] absl Launching SC2: /labmount/users/202535331/MARL/pymarl-monotone-qmix/3rdparty/StarCraftII/Versions/Base75689/SC2_x64 -listen 127.0.0.1 -port 41425 -dataDir /labmount/users/202535331/MARL/pymarl-monotone-qmix/3rdparty/StarCraftII/ -tempDir /tmp/sc-ojsw4t8f/
[INFO 12:13:27] absl Connecting to: ws://127.0.0.1:41425/sc2api, attempt: 0, running: True
Version: B75689 (SC2.4.10)
Build: Aug 12 2019 17:16:57
Command Line: '"/labmount/users/202535331/MARL/pymarl-monotone-qmix/3rdparty/StarCraftII/Versions/Base75689/SC2_x64" -listen 127.0.0.1 -port 41425 -dataDir /labmount/users/202535331/MARL/pymarl-monotone-qmix/3rdparty/StarCraftII/ -tempDir /tmp/sc-ojsw4t8f/'
Starting up...
Startup Phase 1 complete
[INFO 12:13:28] absl Connecting to: ws://127.0.0.1:41425/sc2api, attempt: 1, running: True
Startup Phase 2 complete
Creating stub renderer...
Listening on: 127.0.0.1:41425
Startup Phase 3 complete. Ready for commands.
[INFO 12:13:29] absl Connecting to: ws://127.0.0.1:41425/sc2api, attempt: 2, running: True
ConnectHandler: Request from 127.0.0.1:56476 accepted
ReadyHandler: 127.0.0.1:56476 ready
Requesting to join a single player game
Configuring interface options
Configure: raw interface enabled
Configure: feature layer interface disabled
Configure: score interface disabled
Configure: render interface disabled
Launching next game.
Next launch phase started: 2
Next launch phase started: 3
Next launch phase started: 4
Next launch phase started: 5
Next launch phase started: 6
Next launch phase started: 7
Next launch phase started: 8
Game has started.
Using default stable ids, none found at: /labmount/users/202535331/MARL/pymarl-monotone-qmix/3rdparty/StarCraftII/stableid.json
Successfully loaded stable ids: GameData\stableid.json
Sending ResponseJoinGame
[INFO 12:13:58] my_main t_env: 1031131 / 2050000
[INFO 12:13:58] my_main Estimated time left: 2 hours, 33 minutes, 28 seconds. Time passed: 2 hours, 39 minutes, 37 seconds
[INFO 12:14:02] my_main Recent Stats | t_env:    1031131 | Episode:    47754
battle_won_mean:           0.0063	dead_allies_mean:          4.9828	dead_enemies_mean:         2.8677	ep_length_mean:           22.6389
epsilon:                   0.0500	grad_norm:                11.6134	loss:                      7.5745	loss_central:              0.1602
loss_latent:               1.8359	loss_td:                   5.5785	q_taken_mean:              4.8340	return_mean:               8.1627
return_std:                1.6057	target_mean:               4.8074	td_error_abs:              0.2720	test_battle_won_mean:      0.0250
test_dead_allies_mean:     4.9313	test_dead_enemies_mean:    3.7375	test_ep_length_mean:      24.1500	test_return_mean:          9.7358
test_return_std:           1.7679	
[INFO 12:15:24] my_main t_env: 1041133 / 2050000
[INFO 12:15:24] my_main Estimated time left: 2 hours, 23 minutes, 35 seconds. Time passed: 2 hours, 41 minutes, 2 seconds
[INFO 12:15:28] my_main Recent Stats | t_env:    1041133 | Episode:    48195
battle_won_mean:           0.0059	dead_allies_mean:          4.9851	dead_enemies_mean:         2.8829	ep_length_mean:           22.6553
epsilon:                   0.0500	grad_norm:                10.8424	loss:                      7.3916	loss_central:              0.1177
loss_latent:               1.7379	loss_td:                   5.5361	q_taken_mean:              4.7054	return_mean:               8.1938
return_std:                1.5601	target_mean:               4.6752	td_error_abs:              0.2424	test_battle_won_mean:      0.0375
test_dead_allies_mean:     4.9062	test_dead_enemies_mean:    3.7875	test_ep_length_mean:      24.0188	test_return_mean:          9.8788
test_return_std:           2.0947	
[INFO 12:16:49] my_main t_env: 1051146 / 2050000
[INFO 12:16:49] my_main Estimated time left: 2 hours, 21 minutes, 31 seconds. Time passed: 2 hours, 42 minutes, 27 seconds
[INFO 12:16:53] my_main Recent Stats | t_env:    1051146 | Episode:    48638
battle_won_mean:           0.0077	dead_allies_mean:          4.9810	dead_enemies_mean:         2.8823	ep_length_mean:           22.6725
epsilon:                   0.0500	grad_norm:                10.7446	loss:                      7.4594	loss_central:              0.1128
loss_latent:               1.6661	loss_td:                   5.6806	q_taken_mean:              4.6961	return_mean:               8.1869
return_std:                1.6036	target_mean:               4.6717	td_error_abs:              0.2359	test_battle_won_mean:      0.0437
test_dead_allies_mean:     4.8812	test_dead_enemies_mean:    3.7938	test_ep_length_mean:      24.0875	test_return_mean:          9.9134
test_return_std:           2.2306	
[INFO 12:18:16] my_main t_env: 1061159 / 2050000
[INFO 12:18:16] my_main Estimated time left: 2 hours, 22 minutes, 59 seconds. Time passed: 2 hours, 43 minutes, 54 seconds
[INFO 12:18:20] my_main Recent Stats | t_env:    1061159 | Episode:    49081
battle_won_mean:           0.0086	dead_allies_mean:          4.9792	dead_enemies_mean:         2.8785	ep_length_mean:           22.6099
epsilon:                   0.0500	grad_norm:                10.3676	loss:                      7.4445	loss_central:              0.1103
loss_latent:               1.5043	loss_td:                   5.8298	q_taken_mean:              4.6338	return_mean:               8.1757
return_std:                1.6482	target_mean:               4.6227	td_error_abs:              0.2269	test_battle_won_mean:      0.0437
test_dead_allies_mean:     4.8812	test_dead_enemies_mean:    3.7812	test_ep_length_mean:      24.1062	test_return_mean:          9.8790
test_return_std:           2.2595	
[INFO 12:19:42] my_main t_env: 1071172 / 2050000
[INFO 12:19:42] my_main Estimated time left: 2 hours, 19 minutes, 53 seconds. Time passed: 2 hours, 45 minutes, 20 seconds
[INFO 12:19:45] my_main Recent Stats | t_env:    1071172 | Episode:    49520
battle_won_mean:           0.0086	dead_allies_mean:          4.9783	dead_enemies_mean:         2.8664	ep_length_mean:           22.6714
epsilon:                   0.0500	grad_norm:                10.3652	loss:                      7.2638	loss_central:              0.1019
loss_latent:               1.3245	loss_td:                   5.8375	q_taken_mean:              4.6382	return_mean:               8.1508
return_std:                1.6468	target_mean:               4.6592	td_error_abs:              0.2299	test_battle_won_mean:      0.0312
test_dead_allies_mean:     4.9188	test_dead_enemies_mean:    3.6750	test_ep_length_mean:      24.0188	test_return_mean:          9.6703
test_return_std:           1.8991	
[INFO 12:21:06] my_main t_env: 1081180 / 2050000
[INFO 12:21:06] my_main Estimated time left: 2 hours, 16 minutes, 21 seconds. Time passed: 2 hours, 46 minutes, 44 seconds
[INFO 12:21:10] my_main Recent Stats | t_env:    1081180 | Episode:    49953
battle_won_mean:           0.0105	dead_allies_mean:          4.9754	dead_enemies_mean:         2.8763	ep_length_mean:           22.7615
epsilon:                   0.0500	grad_norm:                10.5269	loss:                      7.3153	loss_central:              0.0974
loss_latent:               1.1618	loss_td:                   6.0561	q_taken_mean:              4.6909	return_mean:               8.1524
return_std:                1.7468	target_mean:               4.7122	td_error_abs:              0.2322	test_battle_won_mean:      0.0437
test_dead_allies_mean:     4.8875	test_dead_enemies_mean:    3.6812	test_ep_length_mean:      24.1812	test_return_mean:          9.7776
test_return_std:           2.1692	
RequestQuit command received.
Closing Application...
DataHandler: unable to parse websocket frame.
CloseHandler: 127.0.0.1:56476 disconnected
[INFO 12:22:05] absl Shutdown gracefully.
[INFO 12:22:05] absl Shutdown with return code: -15
[INFO 12:22:05] absl Launching SC2: /labmount/users/202535331/MARL/pymarl-monotone-qmix/3rdparty/StarCraftII/Versions/Base75689/SC2_x64 -listen 127.0.0.1 -port 41713 -dataDir /labmount/users/202535331/MARL/pymarl-monotone-qmix/3rdparty/StarCraftII/ -tempDir /tmp/sc-61pkmfit/
[INFO 12:22:05] absl Connecting to: ws://127.0.0.1:41713/sc2api, attempt: 0, running: True
Version: B75689 (SC2.4.10)
Build: Aug 12 2019 17:16:57
Command Line: '"/labmount/users/202535331/MARL/pymarl-monotone-qmix/3rdparty/StarCraftII/Versions/Base75689/SC2_x64" -listen 127.0.0.1 -port 41713 -dataDir /labmount/users/202535331/MARL/pymarl-monotone-qmix/3rdparty/StarCraftII/ -tempDir /tmp/sc-61pkmfit/'
Starting up...
Startup Phase 1 complete
[INFO 12:22:06] absl Connecting to: ws://127.0.0.1:41713/sc2api, attempt: 1, running: True
Startup Phase 2 complete
Creating stub renderer...
Listening on: 127.0.0.1:41713
Startup Phase 3 complete. Ready for commands.
[INFO 12:22:07] absl Connecting to: ws://127.0.0.1:41713/sc2api, attempt: 2, running: True
ConnectHandler: Request from 127.0.0.1:58574 accepted
ReadyHandler: 127.0.0.1:58574 ready
Requesting to join a single player game
Configuring interface options
Configure: raw interface enabled
Configure: feature layer interface disabled
Configure: score interface disabled
Configure: render interface disabled
Launching next game.
Next launch phase started: 2
Next launch phase started: 3
Next launch phase started: 4
Next launch phase started: 5
Next launch phase started: 6
Next launch phase started: 7
Next launch phase started: 8
Game has started.
Using default stable ids, none found at: /labmount/users/202535331/MARL/pymarl-monotone-qmix/3rdparty/StarCraftII/stableid.json
Successfully loaded stable ids: GameData\stableid.json
Sending ResponseJoinGame
[INFO 12:22:35] my_main t_env: 1091194 / 2050000
[INFO 12:22:35] my_main Estimated time left: 2 hours, 22 minutes, 38 seconds. Time passed: 2 hours, 48 minutes, 14 seconds
[INFO 12:22:39] my_main Recent Stats | t_env:    1091194 | Episode:    50384
battle_won_mean:           0.0123	dead_allies_mean:          4.9693	dead_enemies_mean:         2.8931	ep_length_mean:           22.8723
epsilon:                   0.0500	grad_norm:                 9.4670	loss:                      7.3209	loss_central:              0.1064
loss_latent:               1.1654	loss_td:                   6.0490	q_taken_mean:              4.7035	return_mean:               8.1624
return_std:                1.8529	target_mean:               4.7558	td_error_abs:              0.2453	test_battle_won_mean:      0.0500
test_dead_allies_mean:     4.8812	test_dead_enemies_mean:    3.6500	test_ep_length_mean:      24.2500	test_return_mean:          9.7741
test_return_std:           2.3002	
[INFO 12:23:59] my_main t_env: 1101207 / 2050000
[INFO 12:23:59] my_main Estimated time left: 2 hours, 12 minutes, 17 seconds. Time passed: 2 hours, 49 minutes, 38 seconds
[INFO 12:24:03] my_main Recent Stats | t_env:    1101207 | Episode:    50817
battle_won_mean:           0.0115	dead_allies_mean:          4.9742	dead_enemies_mean:         2.9242	ep_length_mean:           22.9767
epsilon:                   0.0500	grad_norm:                 8.5803	loss:                      6.6975	loss_central:              0.1009
loss_latent:               1.0755	loss_td:                   5.5210	q_taken_mean:              4.7147	return_mean:               8.1861
return_std:                1.8273	target_mean:               4.7587	td_error_abs:              0.2387	test_battle_won_mean:      0.0563
test_dead_allies_mean:     4.8875	test_dead_enemies_mean:    3.7437	test_ep_length_mean:      24.3875	test_return_mean:          9.9394
test_return_std:           2.3781	
[INFO 12:25:23] my_main t_env: 1111217 / 2050000
[INFO 12:25:23] my_main Estimated time left: 2 hours, 10 minutes, 33 seconds. Time passed: 2 hours, 51 minutes, 1 seconds
[INFO 12:25:27] my_main Recent Stats | t_env:    1111217 | Episode:    51242
battle_won_mean:           0.0116	dead_allies_mean:          4.9703	dead_enemies_mean:         2.9611	ep_length_mean:           23.1668
epsilon:                   0.0500	grad_norm:                 8.7991	loss:                      6.5435	loss_central:              0.0967
loss_latent:               1.0738	loss_td:                   5.3730	q_taken_mean:              4.7770	return_mean:               8.2284
return_std:                1.8223	target_mean:               4.7898	td_error_abs:              0.2439	test_battle_won_mean:      0.0875
test_dead_allies_mean:     4.8187	test_dead_enemies_mean:    3.8438	test_ep_length_mean:      24.5125	test_return_mean:         10.3163
test_return_std:           2.9208	
[INFO 12:26:48] my_main t_env: 1121231 / 2050000
[INFO 12:26:48] my_main Estimated time left: 2 hours, 11 minutes, 19 seconds. Time passed: 2 hours, 52 minutes, 26 seconds
[INFO 12:26:52] my_main Recent Stats | t_env:    1121231 | Episode:    51678
battle_won_mean:           0.0143	dead_allies_mean:          4.9652	dead_enemies_mean:         3.0039	ep_length_mean:           23.1986
epsilon:                   0.0500	grad_norm:                 8.8697	loss:                      6.4388	loss_central:              0.1009
loss_latent:               1.0492	loss_td:                   5.2887	q_taken_mean:              4.7876	return_mean:               8.3069
return_std:                1.9267	target_mean:               4.7717	td_error_abs:              0.2318	test_battle_won_mean:      0.1000
test_dead_allies_mean:     4.7812	test_dead_enemies_mean:    3.8750	test_ep_length_mean:      24.5813	test_return_mean:         10.4825
test_return_std:           3.2967	
[INFO 12:28:12] my_main t_env: 1131234 / 2050000
[INFO 12:28:12] my_main Estimated time left: 2 hours, 9 minutes, 17 seconds. Time passed: 2 hours, 53 minutes, 50 seconds
[INFO 12:28:16] my_main Recent Stats | t_env:    1131234 | Episode:    52114
battle_won_mean:           0.0134	dead_allies_mean:          4.9676	dead_enemies_mean:         3.0348	ep_length_mean:           23.1645
epsilon:                   0.0500	grad_norm:                 9.4604	loss:                      6.1041	loss_central:              0.1030
loss_latent:               1.0029	loss_td:                   4.9982	q_taken_mean:              4.7379	return_mean:               8.3472
return_std:                1.8784	target_mean:               4.7272	td_error_abs:              0.2247	test_battle_won_mean:      0.1000
test_dead_allies_mean:     4.7938	test_dead_enemies_mean:    3.9188	test_ep_length_mean:      24.6062	test_return_mean:         10.5238
test_return_std:           3.2670	
[INFO 12:29:37] my_main t_env: 1141237 / 2050000
[INFO 12:29:37] my_main Estimated time left: 2 hours, 8 minutes, 52 seconds. Time passed: 2 hours, 55 minutes, 16 seconds
[INFO 12:29:41] my_main Recent Stats | t_env:    1141237 | Episode:    52554
battle_won_mean:           0.0115	dead_allies_mean:          4.9741	dead_enemies_mean:         3.0399	ep_length_mean:           23.0645
epsilon:                   0.0500	grad_norm:                 9.1012	loss:                      5.7546	loss_central:              0.1026
loss_latent:               0.9103	loss_td:                   4.7418	q_taken_mean:              4.7438	return_mean:               8.3443
return_std:                1.7805	target_mean:               4.7020	td_error_abs:              0.2196	test_battle_won_mean:      0.0875
test_dead_allies_mean:     4.8063	test_dead_enemies_mean:    3.9250	test_ep_length_mean:      24.7188	test_return_mean:         10.4552
test_return_std:           3.0188	
RequestQuit command received.
Closing Application...
DataHandler: unable to parse websocket frame.
CloseHandler: 127.0.0.1:58574 disconnected
[INFO 12:30:37] absl Shutdown gracefully.
[INFO 12:30:37] absl Shutdown with return code: -15
[INFO 12:30:37] absl Launching SC2: /labmount/users/202535331/MARL/pymarl-monotone-qmix/3rdparty/StarCraftII/Versions/Base75689/SC2_x64 -listen 127.0.0.1 -port 43749 -dataDir /labmount/users/202535331/MARL/pymarl-monotone-qmix/3rdparty/StarCraftII/ -tempDir /tmp/sc-ldjaowyo/
[INFO 12:30:37] absl Connecting to: ws://127.0.0.1:43749/sc2api, attempt: 0, running: True
Version: B75689 (SC2.4.10)
Build: Aug 12 2019 17:16:57
Command Line: '"/labmount/users/202535331/MARL/pymarl-monotone-qmix/3rdparty/StarCraftII/Versions/Base75689/SC2_x64" -listen 127.0.0.1 -port 43749 -dataDir /labmount/users/202535331/MARL/pymarl-monotone-qmix/3rdparty/StarCraftII/ -tempDir /tmp/sc-ldjaowyo/'
Starting up...
Startup Phase 1 complete
[INFO 12:30:38] absl Connecting to: ws://127.0.0.1:43749/sc2api, attempt: 1, running: True
Startup Phase 2 complete
Creating stub renderer...
Listening on: 127.0.0.1:43749
Startup Phase 3 complete. Ready for commands.
[INFO 12:30:39] absl Connecting to: ws://127.0.0.1:43749/sc2api, attempt: 2, running: True
ConnectHandler: Request from 127.0.0.1:50236 accepted
ReadyHandler: 127.0.0.1:50236 ready
Requesting to join a single player game
Configuring interface options
Configure: raw interface enabled
Configure: feature layer interface disabled
Configure: score interface disabled
Configure: render interface disabled
Launching next game.
Next launch phase started: 2
Next launch phase started: 3
Next launch phase started: 4
Next launch phase started: 5
Next launch phase started: 6
Next launch phase started: 7
Next launch phase started: 8
Game has started.
Using default stable ids, none found at: /labmount/users/202535331/MARL/pymarl-monotone-qmix/3rdparty/StarCraftII/stableid.json
Successfully loaded stable ids: GameData\stableid.json
Sending ResponseJoinGame
[INFO 12:31:07] my_main t_env: 1151252 / 2050000
[INFO 12:31:07] my_main Estimated time left: 2 hours, 13 minutes, 49 seconds. Time passed: 2 hours, 56 minutes, 45 seconds
[INFO 12:31:11] my_main Recent Stats | t_env:    1151252 | Episode:    52987
battle_won_mean:           0.0106	dead_allies_mean:          4.9713	dead_enemies_mean:         3.0426	ep_length_mean:           23.0654
epsilon:                   0.0500	grad_norm:                10.2475	loss:                      6.0076	loss_central:              0.0970
loss_latent:               0.9169	loss_td:                   4.9936	q_taken_mean:              4.7439	return_mean:               8.3416
return_std:                1.7501	target_mean:               4.6862	td_error_abs:              0.2199	test_battle_won_mean:      0.0813
test_dead_allies_mean:     4.8063	test_dead_enemies_mean:    3.8438	test_ep_length_mean:      24.6250	test_return_mean:         10.3073
test_return_std:           2.9486	
[INFO 12:32:32] my_main t_env: 1161268 / 2050000
[INFO 12:32:32] my_main Estimated time left: 2 hours, 5 minutes, 15 seconds. Time passed: 2 hours, 58 minutes, 10 seconds
[INFO 12:32:35] my_main Recent Stats | t_env:    1161268 | Episode:    53421
battle_won_mean:           0.0092	dead_allies_mean:          4.9779	dead_enemies_mean:         3.0344	ep_length_mean:           22.9705
epsilon:                   0.0500	grad_norm:                 9.8804	loss:                      5.9211	loss_central:              0.1046
loss_latent:               0.8769	loss_td:                   4.9396	q_taken_mean:              4.6859	return_mean:               8.3128
return_std:                1.6912	target_mean:               4.6810	td_error_abs:              0.2223	test_battle_won_mean:      0.0625
test_dead_allies_mean:     4.8438	test_dead_enemies_mean:    3.8188	test_ep_length_mean:      24.6812	test_return_mean:         10.1337
test_return_std:           2.7250	
[INFO 12:33:57] my_main t_env: 1171269 / 2050000
[INFO 12:33:57] my_main Estimated time left: 2 hours, 4 minutes, 43 seconds. Time passed: 2 hours, 59 minutes, 35 seconds
[INFO 12:34:01] my_main Recent Stats | t_env:    1171269 | Episode:    53853
battle_won_mean:           0.0078	dead_allies_mean:          4.9802	dead_enemies_mean:         3.0387	ep_length_mean:           23.0070
epsilon:                   0.0500	grad_norm:                12.0369	loss:                      6.2857	loss_central:              0.1044
loss_latent:               0.8601	loss_td:                   5.3212	q_taken_mean:              4.7524	return_mean:               8.3110
return_std:                1.6489	target_mean:               4.7686	td_error_abs:              0.2249	test_battle_won_mean:      0.0625
test_dead_allies_mean:     4.8500	test_dead_enemies_mean:    3.8813	test_ep_length_mean:      25.0750	test_return_mean:         10.1559
test_return_std:           2.7219	
[INFO 12:35:23] my_main t_env: 1181283 / 2050000
[INFO 12:35:23] my_main Estimated time left: 2 hours, 4 minutes, 34 seconds. Time passed: 3 hours, 1 minutes, 1 seconds
[INFO 12:35:27] my_main Recent Stats | t_env:    1181283 | Episode:    54291
battle_won_mean:           0.0074	dead_allies_mean:          4.9820	dead_enemies_mean:         3.0122	ep_length_mean:           22.9910
epsilon:                   0.0500	grad_norm:                11.8059	loss:                      6.4003	loss_central:              0.1081
loss_latent:               0.9048	loss_td:                   5.3874	q_taken_mean:              4.8414	return_mean:               8.2824
return_std:                1.6404	target_mean:               4.8539	td_error_abs:              0.2300	test_battle_won_mean:      0.0500
test_dead_allies_mean:     4.8688	test_dead_enemies_mean:    3.8250	test_ep_length_mean:      24.9125	test_return_mean:          9.9561
test_return_std:           2.4959	
[INFO 12:36:48] my_main t_env: 1191298 / 2050000
[INFO 12:36:48] my_main Estimated time left: 2 hours, 1 minutes, 57 seconds. Time passed: 3 hours, 2 minutes, 26 seconds
[INFO 12:36:52] my_main Recent Stats | t_env:    1191298 | Episode:    54726
battle_won_mean:           0.0088	dead_allies_mean:          4.9793	dead_enemies_mean:         2.9823	ep_length_mean:           23.0488
epsilon:                   0.0500	grad_norm:                12.8774	loss:                      6.6793	loss_central:              0.1062
loss_latent:               0.9427	loss_td:                   5.6304	q_taken_mean:              4.8240	return_mean:               8.2590
return_std:                1.7048	target_mean:               4.8766	td_error_abs:              0.2323	test_battle_won_mean:      0.0688
test_dead_allies_mean:     4.8312	test_dead_enemies_mean:    3.8563	test_ep_length_mean:      24.9312	test_return_mean:         10.1908
test_return_std:           2.7908	
[INFO 12:38:13] my_main t_env: 1201304 / 2050000
[INFO 12:38:13] my_main Estimated time left: 1 hours, 59 minutes, 32 seconds. Time passed: 3 hours, 3 minutes, 51 seconds
[INFO 12:38:17] my_main Recent Stats | t_env:    1201304 | Episode:    55157
battle_won_mean:           0.0083	dead_allies_mean:          4.9792	dead_enemies_mean:         2.9471	ep_length_mean:           23.0661
epsilon:                   0.0500	grad_norm:                13.3377	loss:                      7.1860	loss_central:              0.1293
loss_latent:               1.0547	loss_td:                   6.0019	q_taken_mean:              4.8573	return_mean:               8.2273
return_std:                1.7045	target_mean:               4.9060	td_error_abs:              0.2393	test_battle_won_mean:      0.0813
test_dead_allies_mean:     4.8000	test_dead_enemies_mean:    3.9062	test_ep_length_mean:      24.9750	test_return_mean:         10.3167
test_return_std:           2.9690	
RequestQuit command received.
Closing Application...
DataHandler: unable to parse websocket frame.
CloseHandler: 127.0.0.1:50236 disconnected
[INFO 12:39:14] absl Shutdown gracefully.
[INFO 12:39:14] absl Shutdown with return code: -15
[INFO 12:39:14] absl Launching SC2: /labmount/users/202535331/MARL/pymarl-monotone-qmix/3rdparty/StarCraftII/Versions/Base75689/SC2_x64 -listen 127.0.0.1 -port 33457 -dataDir /labmount/users/202535331/MARL/pymarl-monotone-qmix/3rdparty/StarCraftII/ -tempDir /tmp/sc-czq22wte/
[INFO 12:39:14] absl Connecting to: ws://127.0.0.1:33457/sc2api, attempt: 0, running: True
Version: B75689 (SC2.4.10)
Build: Aug 12 2019 17:16:57
Command Line: '"/labmount/users/202535331/MARL/pymarl-monotone-qmix/3rdparty/StarCraftII/Versions/Base75689/SC2_x64" -listen 127.0.0.1 -port 33457 -dataDir /labmount/users/202535331/MARL/pymarl-monotone-qmix/3rdparty/StarCraftII/ -tempDir /tmp/sc-czq22wte/'
Starting up...
Startup Phase 1 complete
[INFO 12:39:15] absl Connecting to: ws://127.0.0.1:33457/sc2api, attempt: 1, running: True
Startup Phase 2 complete
Creating stub renderer...
Listening on: 127.0.0.1:33457
Startup Phase 3 complete. Ready for commands.
[INFO 12:39:16] absl Connecting to: ws://127.0.0.1:33457/sc2api, attempt: 2, running: True
ConnectHandler: Request from 127.0.0.1:35528 accepted
ReadyHandler: 127.0.0.1:35528 ready
Requesting to join a single player game
Configuring interface options
Configure: raw interface enabled
Configure: feature layer interface disabled
Configure: score interface disabled
Configure: render interface disabled
Launching next game.
Next launch phase started: 2
Next launch phase started: 3
Next launch phase started: 4
Next launch phase started: 5
Next launch phase started: 6
Next launch phase started: 7
Next launch phase started: 8
Game has started.
Using default stable ids, none found at: /labmount/users/202535331/MARL/pymarl-monotone-qmix/3rdparty/StarCraftII/stableid.json
Successfully loaded stable ids: GameData\stableid.json
Sending ResponseJoinGame
[INFO 12:39:45] my_main t_env: 1211319 / 2050000
[INFO 12:39:45] my_main Estimated time left: 2 hours, 8 minutes, 55 seconds. Time passed: 3 hours, 5 minutes, 23 seconds
[INFO 12:39:49] my_main Recent Stats | t_env:    1211319 | Episode:    55593
battle_won_mean:           0.0106	dead_allies_mean:          4.9714	dead_enemies_mean:         2.9131	ep_length_mean:           23.0445
epsilon:                   0.0500	grad_norm:                13.5902	loss:                      7.2554	loss_central:              0.1288
loss_latent:               1.0398	loss_td:                   6.0868	q_taken_mean:              4.8849	return_mean:               8.2095
return_std:                1.8023	target_mean:               4.9112	td_error_abs:              0.2382	test_battle_won_mean:      0.0875
test_dead_allies_mean:     4.7875	test_dead_enemies_mean:    3.9000	test_ep_length_mean:      24.8438	test_return_mean:         10.3538
test_return_std:           3.0731	
[INFO 12:41:11] my_main t_env: 1221330 / 2050000
[INFO 12:41:11] my_main Estimated time left: 1 hours, 59 minutes, 8 seconds. Time passed: 3 hours, 6 minutes, 50 seconds
[INFO 12:41:15] my_main Recent Stats | t_env:    1221330 | Episode:    56025
battle_won_mean:           0.0110	dead_allies_mean:          4.9696	dead_enemies_mean:         2.8807	ep_length_mean:           23.0491
epsilon:                   0.0500	grad_norm:                11.0125	loss:                      7.0212	loss_central:              0.1372
loss_latent:               1.1669	loss_td:                   5.7171	q_taken_mean:              4.8846	return_mean:               8.1645
return_std:                1.8290	target_mean:               4.9032	td_error_abs:              0.2468	test_battle_won_mean:      0.0938
test_dead_allies_mean:     4.7875	test_dead_enemies_mean:    3.9125	test_ep_length_mean:      24.6687	test_return_mean:         10.4764
test_return_std:           3.1490	
[INFO 12:42:37] my_main t_env: 1231338 / 2050000
[INFO 12:42:37] my_main Estimated time left: 1 hours, 56 minutes, 34 seconds. Time passed: 3 hours, 8 minutes, 15 seconds
[INFO 12:42:41] my_main Recent Stats | t_env:    1231338 | Episode:    56451
battle_won_mean:           0.0163	dead_allies_mean:          4.9587	dead_enemies_mean:         2.8919	ep_length_mean:           23.1751
epsilon:                   0.0500	grad_norm:                11.8059	loss:                      7.2819	loss_central:              0.1440
loss_latent:               1.2330	loss_td:                   5.9049	q_taken_mean:              4.8641	return_mean:               8.2103
return_std:                1.9979	target_mean:               4.8791	td_error_abs:              0.2501	test_battle_won_mean:      0.0938
test_dead_allies_mean:     4.7812	test_dead_enemies_mean:    3.9062	test_ep_length_mean:      24.7125	test_return_mean:         10.5243
test_return_std:           3.1371	
[INFO 12:44:04] my_main t_env: 1241344 / 2050000
[INFO 12:44:04] my_main Estimated time left: 1 hours, 57 minutes, 47 seconds. Time passed: 3 hours, 9 minutes, 43 seconds
[INFO 12:44:08] my_main Recent Stats | t_env:    1241344 | Episode:    56879
battle_won_mean:           0.0182	dead_allies_mean:          4.9498	dead_enemies_mean:         2.8845	ep_length_mean:           23.2462
epsilon:                   0.0500	grad_norm:                11.1408	loss:                      7.1440	loss_central:              0.1459
loss_latent:               1.2850	loss_td:                   5.7131	q_taken_mean:              4.9160	return_mean:               8.2195
return_std:                2.0664	target_mean:               4.9022	td_error_abs:              0.2560	test_battle_won_mean:      0.0813
test_dead_allies_mean:     4.8250	test_dead_enemies_mean:    3.9188	test_ep_length_mean:      24.7063	test_return_mean:         10.3710
test_return_std:           2.9663	
[INFO 12:45:33] my_main t_env: 1251362 / 2050000
[INFO 12:45:33] my_main Estimated time left: 1 hours, 57 minutes, 49 seconds. Time passed: 3 hours, 11 minutes, 11 seconds
[INFO 12:45:37] my_main Recent Stats | t_env:    1251362 | Episode:    57316
battle_won_mean:           0.0209	dead_allies_mean:          4.9476	dead_enemies_mean:         2.9051	ep_length_mean:           23.1879
epsilon:                   0.0500	grad_norm:                10.1250	loss:                      6.7499	loss_central:              0.1405
loss_latent:               1.2434	loss_td:                   5.3659	q_taken_mean:              4.9213	return_mean:               8.2541
return_std:                2.1523	target_mean:               4.9151	td_error_abs:              0.2544	test_battle_won_mean:      0.0750
test_dead_allies_mean:     4.8500	test_dead_enemies_mean:    3.9062	test_ep_length_mean:      24.6687	test_return_mean:         10.3318
test_return_std:           2.8829	
[INFO 12:47:01] my_main t_env: 1261373 / 2050000
[INFO 12:47:01] my_main Estimated time left: 1 hours, 55 minutes, 27 seconds. Time passed: 3 hours, 12 minutes, 39 seconds
[INFO 12:47:05] my_main Recent Stats | t_env:    1261373 | Episode:    57752
battle_won_mean:           0.0200	dead_allies_mean:          4.9526	dead_enemies_mean:         2.9174	ep_length_mean:           23.1861
epsilon:                   0.0500	grad_norm:                 9.5751	loss:                      6.5792	loss_central:              0.1416
loss_latent:               1.3532	loss_td:                   5.0845	q_taken_mean:              4.9451	return_mean:               8.2875
return_std:                2.1177	target_mean:               4.9450	td_error_abs:              0.2527	test_battle_won_mean:      0.0625
test_dead_allies_mean:     4.8812	test_dead_enemies_mean:    3.8438	test_ep_length_mean:      24.7125	test_return_mean:         10.2153
test_return_std:           2.6530	
RequestQuit command received.
DataHandler: unable to parse websocket frame.
Closing Application...
CloseHandler: 127.0.0.1:35528 disconnected
ResponseThread: No connection, dropping the response.
[INFO 12:48:04] absl Shutdown gracefully.
[INFO 12:48:04] absl Shutdown with return code: -15
[INFO 12:48:04] absl Launching SC2: /labmount/users/202535331/MARL/pymarl-monotone-qmix/3rdparty/StarCraftII/Versions/Base75689/SC2_x64 -listen 127.0.0.1 -port 43491 -dataDir /labmount/users/202535331/MARL/pymarl-monotone-qmix/3rdparty/StarCraftII/ -tempDir /tmp/sc-yud119jg/
[INFO 12:48:04] absl Connecting to: ws://127.0.0.1:43491/sc2api, attempt: 0, running: True
Version: B75689 (SC2.4.10)
Build: Aug 12 2019 17:16:57
Command Line: '"/labmount/users/202535331/MARL/pymarl-monotone-qmix/3rdparty/StarCraftII/Versions/Base75689/SC2_x64" -listen 127.0.0.1 -port 43491 -dataDir /labmount/users/202535331/MARL/pymarl-monotone-qmix/3rdparty/StarCraftII/ -tempDir /tmp/sc-yud119jg/'
Starting up...
Startup Phase 1 complete
[INFO 12:48:05] absl Connecting to: ws://127.0.0.1:43491/sc2api, attempt: 1, running: True
Startup Phase 2 complete
Creating stub renderer...
Listening on: 127.0.0.1:43491
Startup Phase 3 complete. Ready for commands.
[INFO 12:48:06] absl Connecting to: ws://127.0.0.1:43491/sc2api, attempt: 2, running: True
ConnectHandler: Request from 127.0.0.1:55416 accepted
ReadyHandler: 127.0.0.1:55416 ready
Requesting to join a single player game
Configuring interface options
Configure: raw interface enabled
Configure: feature layer interface disabled
Configure: score interface disabled
Configure: render interface disabled
Launching next game.
Next launch phase started: 2
Next launch phase started: 3
Next launch phase started: 4
Next launch phase started: 5
Next launch phase started: 6
Next launch phase started: 7
Next launch phase started: 8
Game has started.
Using default stable ids, none found at: /labmount/users/202535331/MARL/pymarl-monotone-qmix/3rdparty/StarCraftII/stableid.json
Successfully loaded stable ids: GameData\stableid.json
Sending ResponseJoinGame
[INFO 12:48:35] my_main t_env: 1271399 / 2050000
[INFO 12:48:35] my_main Estimated time left: 2 hours, 2 minutes, 1 seconds. Time passed: 3 hours, 14 minutes, 14 seconds
[INFO 12:48:39] my_main Recent Stats | t_env:    1271399 | Episode:    58192
battle_won_mean:           0.0190	dead_allies_mean:          4.9541	dead_enemies_mean:         2.9232	ep_length_mean:           23.1087
epsilon:                   0.0500	grad_norm:                10.1909	loss:                      7.1171	loss_central:              0.1523
loss_latent:               1.3621	loss_td:                   5.6027	q_taken_mean:              4.9971	return_mean:               8.3116
return_std:                2.0745	target_mean:               4.9831	td_error_abs:              0.2610	test_battle_won_mean:      0.0625
test_dead_allies_mean:     4.8625	test_dead_enemies_mean:    3.8563	test_ep_length_mean:      24.6313	test_return_mean:         10.2172
test_return_std:           2.6557	
[INFO 12:50:03] my_main t_env: 1281420 / 2050000
[INFO 12:50:03] my_main Estimated time left: 1 hours, 51 minutes, 56 seconds. Time passed: 3 hours, 15 minutes, 41 seconds
[INFO 12:50:07] my_main Recent Stats | t_env:    1281420 | Episode:    58626
battle_won_mean:           0.0170	dead_allies_mean:          4.9594	dead_enemies_mean:         2.9155	ep_length_mean:           23.0280
epsilon:                   0.0500	grad_norm:                 9.2183	loss:                      7.1181	loss_central:              0.1557
loss_latent:               1.4786	loss_td:                   5.4839	q_taken_mean:              5.0530	return_mean:               8.2828
return_std:                2.0311	target_mean:               5.0345	td_error_abs:              0.2726	test_battle_won_mean:      0.0750
test_dead_allies_mean:     4.8625	test_dead_enemies_mean:    3.9312	test_ep_length_mean:      24.8687	test_return_mean:         10.4106
test_return_std:           2.8784	
[INFO 12:51:32] my_main t_env: 1291434 / 2050000
[INFO 12:51:32] my_main Estimated time left: 1 hours, 51 minutes, 59 seconds. Time passed: 3 hours, 17 minutes, 10 seconds
[INFO 12:51:35] my_main Recent Stats | t_env:    1291434 | Episode:    59061
battle_won_mean:           0.0151	dead_allies_mean:          4.9684	dead_enemies_mean:         2.9276	ep_length_mean:           22.9565
epsilon:                   0.0500	grad_norm:                 8.5325	loss:                      7.0987	loss_central:              0.1555
loss_latent:               1.5090	loss_td:                   5.4341	q_taken_mean:              5.0457	return_mean:               8.2793
return_std:                1.9695	target_mean:               5.0260	td_error_abs:              0.2706	test_battle_won_mean:      0.0688
test_dead_allies_mean:     4.8563	test_dead_enemies_mean:    3.8375	test_ep_length_mean:      24.6687	test_return_mean:         10.2453
test_return_std:           2.7899	
[INFO 12:53:00] my_main t_env: 1301454 / 2050000
[INFO 12:53:00] my_main Estimated time left: 1 hours, 50 minutes, 26 seconds. Time passed: 3 hours, 18 minutes, 39 seconds
[INFO 12:53:04] my_main Recent Stats | t_env:    1301454 | Episode:    59503
battle_won_mean:           0.0137	dead_allies_mean:          4.9716	dead_enemies_mean:         2.9127	ep_length_mean:           22.9055
epsilon:                   0.0500	grad_norm:                 7.9907	loss:                      7.2378	loss_central:              0.1497
loss_latent:               1.6921	loss_td:                   5.3959	q_taken_mean:              5.0574	return_mean:               8.2595
return_std:                1.9234	target_mean:               5.0382	td_error_abs:              0.2754	test_battle_won_mean:      0.0750
test_dead_allies_mean:     4.8500	test_dead_enemies_mean:    3.8563	test_ep_length_mean:      24.6875	test_return_mean:         10.2932
test_return_std:           2.8753	
[INFO 12:54:29] my_main t_env: 1311477 / 2050000
[INFO 12:54:29] my_main Estimated time left: 1 hours, 48 minutes, 58 seconds. Time passed: 3 hours, 20 minutes, 7 seconds
[INFO 12:54:33] my_main Recent Stats | t_env:    1311477 | Episode:    59939
battle_won_mean:           0.0137	dead_allies_mean:          4.9716	dead_enemies_mean:         2.9082	ep_length_mean:           22.9110
epsilon:                   0.0500	grad_norm:                 8.0618	loss:                      7.5601	loss_central:              0.1479
loss_latent:               1.6801	loss_td:                   5.7321	q_taken_mean:              5.0462	return_mean:               8.2321
return_std:                1.9352	target_mean:               5.0055	td_error_abs:              0.2775	test_battle_won_mean:      0.0750
test_dead_allies_mean:     4.8563	test_dead_enemies_mean:    3.8750	test_ep_length_mean:      24.5375	test_return_mean:         10.2203
test_return_std:           2.8731	
[INFO 12:55:57] my_main t_env: 1321495 / 2050000
[INFO 12:55:57] my_main Estimated time left: 1 hours, 46 minutes, 24 seconds. Time passed: 3 hours, 21 minutes, 35 seconds
[INFO 12:56:01] my_main Recent Stats | t_env:    1321495 | Episode:    60375
battle_won_mean:           0.0165	dead_allies_mean:          4.9675	dead_enemies_mean:         2.9195	ep_length_mean:           22.9492
epsilon:                   0.0500	grad_norm:                12.5103	loss:                      7.5535	loss_central:              0.1286
loss_latent:               1.6261	loss_td:                   5.7988	q_taken_mean:              4.9532	return_mean:               8.2511
return_std:                2.0397	target_mean:               4.9162	td_error_abs:              0.2606	test_battle_won_mean:      0.0625
test_dead_allies_mean:     4.8750	test_dead_enemies_mean:    3.8188	test_ep_length_mean:      24.7125	test_return_mean:          9.9993
test_return_std:           2.6942	
RequestQuit command received.
DataHandler: unable to parse websocket frame.
Closing Application...
CloseHandler: 127.0.0.1:55416 disconnected
ResponseThread: No connection, dropping the response.
[INFO 12:56:58] absl Shutdown gracefully.
[INFO 12:56:58] absl Shutdown with return code: -15
[INFO 12:56:58] absl Launching SC2: /labmount/users/202535331/MARL/pymarl-monotone-qmix/3rdparty/StarCraftII/Versions/Base75689/SC2_x64 -listen 127.0.0.1 -port 46087 -dataDir /labmount/users/202535331/MARL/pymarl-monotone-qmix/3rdparty/StarCraftII/ -tempDir /tmp/sc-33pi7lpe/
[INFO 12:56:58] absl Connecting to: ws://127.0.0.1:46087/sc2api, attempt: 0, running: True
Version: B75689 (SC2.4.10)
Build: Aug 12 2019 17:16:57
Command Line: '"/labmount/users/202535331/MARL/pymarl-monotone-qmix/3rdparty/StarCraftII/Versions/Base75689/SC2_x64" -listen 127.0.0.1 -port 46087 -dataDir /labmount/users/202535331/MARL/pymarl-monotone-qmix/3rdparty/StarCraftII/ -tempDir /tmp/sc-33pi7lpe/'
Starting up...
Startup Phase 1 complete
[INFO 12:56:59] absl Connecting to: ws://127.0.0.1:46087/sc2api, attempt: 1, running: True
Startup Phase 2 complete
Creating stub renderer...
Listening on: 127.0.0.1:46087
Startup Phase 3 complete. Ready for commands.
[INFO 12:57:00] absl Connecting to: ws://127.0.0.1:46087/sc2api, attempt: 2, running: True
ConnectHandler: Request from 127.0.0.1:55394 accepted
ReadyHandler: 127.0.0.1:55394 ready
Requesting to join a single player game
Configuring interface options
Configure: raw interface enabled
Configure: feature layer interface disabled
Configure: score interface disabled
Configure: render interface disabled
Launching next game.
Next launch phase started: 2
Next launch phase started: 3
Next launch phase started: 4
Next launch phase started: 5
Next launch phase started: 6
Next launch phase started: 7
Next launch phase started: 8
Game has started.
Using default stable ids, none found at: /labmount/users/202535331/MARL/pymarl-monotone-qmix/3rdparty/StarCraftII/stableid.json
Successfully loaded stable ids: GameData\stableid.json
Sending ResponseJoinGame
[INFO 12:57:29] my_main t_env: 1331501 / 2050000
[INFO 12:57:29] my_main Estimated time left: 1 hours, 50 minutes, 8 seconds. Time passed: 3 hours, 23 minutes, 7 seconds
[INFO 12:57:33] my_main Recent Stats | t_env:    1331501 | Episode:    60803
battle_won_mean:           0.0138	dead_allies_mean:          4.9673	dead_enemies_mean:         2.9268	ep_length_mean:           23.0069
epsilon:                   0.0500	grad_norm:                12.9273	loss:                      7.9391	loss_central:              0.1268
loss_latent:               1.6237	loss_td:                   6.1885	q_taken_mean:              4.8466	return_mean:               8.2500
return_std:                1.9358	target_mean:               4.8137	td_error_abs:              0.2483	test_battle_won_mean:      0.0625
test_dead_allies_mean:     4.8625	test_dead_enemies_mean:    3.8188	test_ep_length_mean:      24.8938	test_return_mean:          9.9597
test_return_std:           2.7073	
[INFO 12:58:55] my_main t_env: 1341502 / 2050000
[INFO 12:58:55] my_main Estimated time left: 1 hours, 41 minutes, 6 seconds. Time passed: 3 hours, 24 minutes, 33 seconds
[INFO 12:58:58] my_main Recent Stats | t_env:    1341502 | Episode:    61232
battle_won_mean:           0.0124	dead_allies_mean:          4.9677	dead_enemies_mean:         2.9433	ep_length_mean:           23.0652
epsilon:                   0.0500	grad_norm:                13.1687	loss:                      7.9436	loss_central:              0.1274
loss_latent:               1.6124	loss_td:                   6.2038	q_taken_mean:              4.8189	return_mean:               8.2619
return_std:                1.9015	target_mean:               4.7905	td_error_abs:              0.2448	test_battle_won_mean:      0.0813
test_dead_allies_mean:     4.8187	test_dead_enemies_mean:    3.9813	test_ep_length_mean:      25.3375	test_return_mean:         10.2856
test_return_std:           2.9756	
[INFO 13:00:21] my_main t_env: 1351502 / 2050000
[INFO 13:00:21] my_main Estimated time left: 1 hours, 40 minutes, 24 seconds. Time passed: 3 hours, 25 minutes, 59 seconds
[INFO 13:00:25] my_main Recent Stats | t_env:    1351502 | Episode:    61664
battle_won_mean:           0.0115	dead_allies_mean:          4.9690	dead_enemies_mean:         2.9658	ep_length_mean:           23.1609
epsilon:                   0.0500	grad_norm:                12.8902	loss:                      7.6438	loss_central:              0.1254
loss_latent:               1.4329	loss_td:                   6.0855	q_taken_mean:              4.7663	return_mean:               8.2754
return_std:                1.8754	target_mean:               4.7546	td_error_abs:              0.2438	test_battle_won_mean:      0.0813
test_dead_allies_mean:     4.8063	test_dead_enemies_mean:    3.9750	test_ep_length_mean:      25.3000	test_return_mean:         10.2698
test_return_std:           2.9776	
[INFO 13:01:47] my_main t_env: 1361503 / 2050000
[INFO 13:01:47] my_main Estimated time left: 1 hours, 38 minutes, 39 seconds. Time passed: 3 hours, 27 minutes, 25 seconds
[INFO 13:01:51] my_main Recent Stats | t_env:    1361503 | Episode:    62098
battle_won_mean:           0.0115	dead_allies_mean:          4.9690	dead_enemies_mean:         2.9796	ep_length_mean:           23.1720
epsilon:                   0.0500	grad_norm:                13.1717	loss:                      7.8092	loss_central:              0.1335
loss_latent:               1.5733	loss_td:                   6.1025	q_taken_mean:              4.7726	return_mean:               8.2848
return_std:                1.8705	target_mean:               4.7701	td_error_abs:              0.2459	test_battle_won_mean:      0.1375
test_dead_allies_mean:     4.6875	test_dead_enemies_mean:    4.0875	test_ep_length_mean:      25.5437	test_return_mean:         10.8882
test_return_std:           3.5808	
[INFO 13:03:13] my_main t_env: 1371514 / 2050000
[INFO 13:03:13] my_main Estimated time left: 1 hours, 37 minutes, 4 seconds. Time passed: 3 hours, 28 minutes, 51 seconds
[INFO 13:03:17] my_main Recent Stats | t_env:    1371514 | Episode:    62532
battle_won_mean:           0.0093	dead_allies_mean:          4.9740	dead_enemies_mean:         2.9832	ep_length_mean:           23.1899
epsilon:                   0.0500	grad_norm:                 8.5988	loss:                      7.3052	loss_central:              0.1495
loss_latent:               1.5673	loss_td:                   5.5884	q_taken_mean:              4.7097	return_mean:               8.2687
return_std:                1.8031	target_mean:               4.7147	td_error_abs:              0.2492	test_battle_won_mean:      0.1688
test_dead_allies_mean:     4.6562	test_dead_enemies_mean:    4.1375	test_ep_length_mean:      25.3562	test_return_mean:         11.2491
test_return_std:           3.9728	
[INFO 13:04:38] my_main t_env: 1381528 / 2050000
[INFO 13:04:38] my_main Estimated time left: 1 hours, 34 minutes, 40 seconds. Time passed: 3 hours, 30 minutes, 16 seconds
[INFO 13:04:42] my_main Recent Stats | t_env:    1381528 | Episode:    62969
battle_won_mean:           0.0097	dead_allies_mean:          4.9756	dead_enemies_mean:         2.9738	ep_length_mean:           23.0973
epsilon:                   0.0500	grad_norm:                 7.9342	loss:                      6.9349	loss_central:              0.1454
loss_latent:               1.4442	loss_td:                   5.3454	q_taken_mean:              4.7253	return_mean:               8.2432
return_std:                1.8260	target_mean:               4.7387	td_error_abs:              0.2549	test_battle_won_mean:      0.1625
test_dead_allies_mean:     4.6688	test_dead_enemies_mean:    4.1312	test_ep_length_mean:      25.0938	test_return_mean:         11.2200
test_return_std:           3.8575	
RequestQuit command received.
Closing Application...
DataHandler: unable to parse websocket frame.
CloseHandler: 127.0.0.1:55394 disconnected
[INFO 13:05:38] absl Shutdown gracefully.
[INFO 13:05:38] absl Shutdown with return code: -15
[INFO 13:05:38] absl Launching SC2: /labmount/users/202535331/MARL/pymarl-monotone-qmix/3rdparty/StarCraftII/Versions/Base75689/SC2_x64 -listen 127.0.0.1 -port 38563 -dataDir /labmount/users/202535331/MARL/pymarl-monotone-qmix/3rdparty/StarCraftII/ -tempDir /tmp/sc-uq5kip_y/
[INFO 13:05:38] absl Connecting to: ws://127.0.0.1:38563/sc2api, attempt: 0, running: True
Version: B75689 (SC2.4.10)
Build: Aug 12 2019 17:16:57
Command Line: '"/labmount/users/202535331/MARL/pymarl-monotone-qmix/3rdparty/StarCraftII/Versions/Base75689/SC2_x64" -listen 127.0.0.1 -port 38563 -dataDir /labmount/users/202535331/MARL/pymarl-monotone-qmix/3rdparty/StarCraftII/ -tempDir /tmp/sc-uq5kip_y/'
Starting up...
Startup Phase 1 complete
[INFO 13:05:39] absl Connecting to: ws://127.0.0.1:38563/sc2api, attempt: 1, running: True
Startup Phase 2 complete
Creating stub renderer...
Listening on: 127.0.0.1:38563
Startup Phase 3 complete. Ready for commands.
[INFO 13:05:40] absl Connecting to: ws://127.0.0.1:38563/sc2api, attempt: 2, running: True
ConnectHandler: Request from 127.0.0.1:47842 accepted
ReadyHandler: 127.0.0.1:47842 ready
Requesting to join a single player game
Configuring interface options
Configure: raw interface enabled
Configure: feature layer interface disabled
Configure: score interface disabled
Configure: render interface disabled
Launching next game.
Next launch phase started: 2
Next launch phase started: 3
Next launch phase started: 4
Next launch phase started: 5
Next launch phase started: 6
Next launch phase started: 7
Next launch phase started: 8
Game has started.
Using default stable ids, none found at: /labmount/users/202535331/MARL/pymarl-monotone-qmix/3rdparty/StarCraftII/stableid.json
Successfully loaded stable ids: GameData\stableid.json
Sending ResponseJoinGame
[INFO 13:06:09] my_main t_env: 1391547 / 2050000
[INFO 13:06:09] my_main Estimated time left: 1 hours, 39 minutes, 49 seconds. Time passed: 3 hours, 31 minutes, 47 seconds
[INFO 13:06:13] my_main Recent Stats | t_env:    1391547 | Episode:    63400
battle_won_mean:           0.0106	dead_allies_mean:          4.9714	dead_enemies_mean:         2.9951	ep_length_mean:           23.0840
epsilon:                   0.0500	grad_norm:                 8.0233	loss:                      6.9131	loss_central:              0.1377
loss_latent:               1.3316	loss_td:                   5.4438	q_taken_mean:              4.6726	return_mean:               8.2780
return_std:                1.8499	target_mean:               4.6906	td_error_abs:              0.2494	test_battle_won_mean:      0.1750
test_dead_allies_mean:     4.6688	test_dead_enemies_mean:    4.1375	test_ep_length_mean:      25.0625	test_return_mean:         11.3712
test_return_std:           3.9466	
[INFO 13:07:35] my_main t_env: 1401555 / 2050000
[INFO 13:07:35] my_main Estimated time left: 1 hours, 33 minutes, 24 seconds. Time passed: 3 hours, 33 minutes, 14 seconds
[INFO 13:07:39] my_main Recent Stats | t_env:    1401555 | Episode:    63834
battle_won_mean:           0.0134	dead_allies_mean:          4.9677	dead_enemies_mean:         3.0200	ep_length_mean:           23.0664
epsilon:                   0.0500	grad_norm:                 8.1360	loss:                      6.9919	loss_central:              0.1540
loss_latent:               1.3457	loss_td:                   5.4922	q_taken_mean:              4.6257	return_mean:               8.3431
return_std:                1.9299	target_mean:               4.6403	td_error_abs:              0.2534	test_battle_won_mean:      0.1688
test_dead_allies_mean:     4.6875	test_dead_enemies_mean:    4.0938	test_ep_length_mean:      25.0562	test_return_mean:         11.3351
test_return_std:           3.8673	
[INFO 13:09:03] my_main t_env: 1411567 / 2050000
[INFO 13:09:03] my_main Estimated time left: 1 hours, 32 minutes, 50 seconds. Time passed: 3 hours, 34 minutes, 41 seconds
[INFO 13:09:07] my_main Recent Stats | t_env:    1411567 | Episode:    64271
battle_won_mean:           0.0152	dead_allies_mean:          4.9664	dead_enemies_mean:         3.0333	ep_length_mean:           23.0398
epsilon:                   0.0500	grad_norm:                 8.0586	loss:                      6.5535	loss_central:              0.1513
loss_latent:               1.1724	loss_td:                   5.2297	q_taken_mean:              4.5885	return_mean:               8.3959
return_std:                1.9808	target_mean:               4.5966	td_error_abs:              0.2520	test_battle_won_mean:      0.1187
test_dead_allies_mean:     4.7875	test_dead_enemies_mean:    3.9813	test_ep_length_mean:      24.9125	test_return_mean:         10.7965
test_return_std:           3.4055	
[INFO 13:10:30] my_main t_env: 1421582 / 2050000
[INFO 13:10:30] my_main Estimated time left: 1 hours, 30 minutes, 53 seconds. Time passed: 3 hours, 36 minutes, 8 seconds
[INFO 13:10:34] my_main Recent Stats | t_env:    1421582 | Episode:    64710
battle_won_mean:           0.0142	dead_allies_mean:          4.9678	dead_enemies_mean:         3.0206	ep_length_mean:           22.9890
epsilon:                   0.0500	grad_norm:                 7.1555	loss:                      6.4213	loss_central:              0.1446
loss_latent:               1.2107	loss_td:                   5.0661	q_taken_mean:              4.6064	return_mean:               8.3816
return_std:                1.9352	target_mean:               4.6030	td_error_abs:              0.2502	test_battle_won_mean:      0.1000
test_dead_allies_mean:     4.8063	test_dead_enemies_mean:    4.0125	test_ep_length_mean:      24.9563	test_return_mean:         10.6491
test_return_std:           3.1927	
[INFO 13:11:56] my_main t_env: 1431587 / 2050000
[INFO 13:11:56] my_main Estimated time left: 1 hours, 28 minutes, 28 seconds. Time passed: 3 hours, 37 minutes, 34 seconds
[INFO 13:12:00] my_main Recent Stats | t_env:    1431587 | Episode:    65148
battle_won_mean:           0.0133	dead_allies_mean:          4.9719	dead_enemies_mean:         3.0421	ep_length_mean:           22.9745
epsilon:                   0.0500	grad_norm:                 7.0183	loss:                      6.4526	loss_central:              0.1395
loss_latent:               1.3270	loss_td:                   4.9861	q_taken_mean:              4.5723	return_mean:               8.4144
return_std:                1.8912	target_mean:               4.5750	td_error_abs:              0.2464	test_battle_won_mean:      0.0938
test_dead_allies_mean:     4.8125	test_dead_enemies_mean:    3.9625	test_ep_length_mean:      24.8438	test_return_mean:         10.5759
test_return_std:           3.0672	
[INFO 13:13:22] my_main t_env: 1441598 / 2050000
[INFO 13:13:22] my_main Estimated time left: 1 hours, 27 minutes, 33 seconds. Time passed: 3 hours, 39 minutes, 0 seconds
[INFO 13:13:26] my_main Recent Stats | t_env:    1441598 | Episode:    65591
battle_won_mean:           0.0151	dead_allies_mean:          4.9704	dead_enemies_mean:         3.0177	ep_length_mean:           22.8449
epsilon:                   0.0500	grad_norm:                 7.0637	loss:                      6.5276	loss_central:              0.1406
loss_latent:               1.4754	loss_td:                   4.9116	q_taken_mean:              4.6305	return_mean:               8.4103
return_std:                1.9413	target_mean:               4.6183	td_error_abs:              0.2508	test_battle_won_mean:      0.0813
test_dead_allies_mean:     4.8187	test_dead_enemies_mean:    3.9375	test_ep_length_mean:      24.7812	test_return_mean:         10.4821
test_return_std:           2.9455	
RequestQuit command received.
Closing Application...
DataHandler: unable to parse websocket frame.
CloseHandler: 127.0.0.1:47842 disconnected
[INFO 13:14:22] absl Shutdown gracefully.
[INFO 13:14:22] absl Shutdown with return code: -15
[INFO 13:14:22] absl Launching SC2: /labmount/users/202535331/MARL/pymarl-monotone-qmix/3rdparty/StarCraftII/Versions/Base75689/SC2_x64 -listen 127.0.0.1 -port 41403 -dataDir /labmount/users/202535331/MARL/pymarl-monotone-qmix/3rdparty/StarCraftII/ -tempDir /tmp/sc-p2i3ok8q/
[INFO 13:14:22] absl Connecting to: ws://127.0.0.1:41403/sc2api, attempt: 0, running: True
Version: B75689 (SC2.4.10)
Build: Aug 12 2019 17:16:57
Command Line: '"/labmount/users/202535331/MARL/pymarl-monotone-qmix/3rdparty/StarCraftII/Versions/Base75689/SC2_x64" -listen 127.0.0.1 -port 41403 -dataDir /labmount/users/202535331/MARL/pymarl-monotone-qmix/3rdparty/StarCraftII/ -tempDir /tmp/sc-p2i3ok8q/'
Starting up...
Startup Phase 1 complete
[INFO 13:14:23] absl Connecting to: ws://127.0.0.1:41403/sc2api, attempt: 1, running: True
Startup Phase 2 complete
Creating stub renderer...
Listening on: 127.0.0.1:41403
Startup Phase 3 complete. Ready for commands.
[INFO 13:14:24] absl Connecting to: ws://127.0.0.1:41403/sc2api, attempt: 2, running: True
ConnectHandler: Request from 127.0.0.1:52996 accepted
ReadyHandler: 127.0.0.1:52996 ready
Requesting to join a single player game
Configuring interface options
Configure: raw interface enabled
Configure: feature layer interface disabled
Configure: score interface disabled
Configure: render interface disabled
Launching next game.
Next launch phase started: 2
Next launch phase started: 3
Next launch phase started: 4
Next launch phase started: 5
Next launch phase started: 6
Next launch phase started: 7
Next launch phase started: 8
Game has started.
Using default stable ids, none found at: /labmount/users/202535331/MARL/pymarl-monotone-qmix/3rdparty/StarCraftII/stableid.json
Successfully loaded stable ids: GameData\stableid.json
Sending ResponseJoinGame
[INFO 13:14:53] my_main t_env: 1451608 / 2050000
[INFO 13:14:53] my_main Estimated time left: 1 hours, 30 minutes, 22 seconds. Time passed: 3 hours, 40 minutes, 31 seconds
[INFO 13:14:57] my_main Recent Stats | t_env:    1451608 | Episode:    66027
battle_won_mean:           0.0132	dead_allies_mean:          4.9681	dead_enemies_mean:         2.9933	ep_length_mean:           22.8247
epsilon:                   0.0500	grad_norm:                 7.5137	loss:                      6.5319	loss_central:              0.1192
loss_latent:               1.4023	loss_td:                   5.0104	q_taken_mean:              4.6392	return_mean:               8.3706
return_std:                1.9088	target_mean:               4.6132	td_error_abs:              0.2354	test_battle_won_mean:      0.1062
test_dead_allies_mean:     4.7625	test_dead_enemies_mean:    4.0625	test_ep_length_mean:      25.0312	test_return_mean:         10.8241
test_return_std:           3.1432	
[INFO 13:16:19] my_main t_env: 1461637 / 2050000
[INFO 13:16:19] my_main Estimated time left: 1 hours, 23 minutes, 54 seconds. Time passed: 3 hours, 41 minutes, 57 seconds
[INFO 13:16:22] my_main Recent Stats | t_env:    1461637 | Episode:    66463
battle_won_mean:           0.0146	dead_allies_mean:          4.9635	dead_enemies_mean:         2.9823	ep_length_mean:           22.8430
epsilon:                   0.0500	grad_norm:                 7.6419	loss:                      7.0309	loss_central:              0.1376
loss_latent:               1.4716	loss_td:                   5.4217	q_taken_mean:              4.6932	return_mean:               8.3703
return_std:                1.9559	target_mean:               4.6900	td_error_abs:              0.2479	test_battle_won_mean:      0.0938
test_dead_allies_mean:     4.7875	test_dead_enemies_mean:    4.0125	test_ep_length_mean:      24.9187	test_return_mean:         10.6939
test_return_std:           2.8138	
[INFO 13:17:44] my_main t_env: 1471651 / 2050000
[INFO 13:17:44] my_main Estimated time left: 1 hours, 21 minutes, 54 seconds. Time passed: 3 hours, 43 minutes, 22 seconds
[INFO 13:17:48] my_main Recent Stats | t_env:    1471651 | Episode:    66891
battle_won_mean:           0.0165	dead_allies_mean:          4.9559	dead_enemies_mean:         2.9792	ep_length_mean:           22.9598
epsilon:                   0.0500	grad_norm:                 8.1871	loss:                      7.4954	loss_central:              0.1462
loss_latent:               1.4383	loss_td:                   5.9108	q_taken_mean:              4.8399	return_mean:               8.3896
return_std:                2.0260	target_mean:               4.8313	td_error_abs:              0.2586	test_battle_won_mean:      0.1062
test_dead_allies_mean:     4.7625	test_dead_enemies_mean:    4.0000	test_ep_length_mean:      25.2812	test_return_mean:         10.8047
test_return_std:           2.9564	
[INFO 13:19:10] my_main t_env: 1481667 / 2050000
[INFO 13:19:10] my_main Estimated time left: 1 hours, 21 minutes, 18 seconds. Time passed: 3 hours, 44 minutes, 48 seconds
[INFO 13:19:13] my_main Recent Stats | t_env:    1481667 | Episode:    67327
battle_won_mean:           0.0188	dead_allies_mean:          4.9509	dead_enemies_mean:         2.9503	ep_length_mean:           22.9858
epsilon:                   0.0500	grad_norm:                10.9371	loss:                      8.4095	loss_central:              0.1711
loss_latent:               1.4459	loss_td:                   6.7926	q_taken_mean:              4.9847	return_mean:               8.4016
return_std:                2.1154	target_mean:               4.9688	td_error_abs:              0.2750	test_battle_won_mean:      0.1125
test_dead_allies_mean:     4.7438	test_dead_enemies_mean:    4.0062	test_ep_length_mean:      25.4250	test_return_mean:         10.8677
test_return_std:           3.0838	
[INFO 13:20:36] my_main t_env: 1491677 / 2050000
[INFO 13:20:36] my_main Estimated time left: 1 hours, 20 minutes, 44 seconds. Time passed: 3 hours, 46 minutes, 15 seconds
[INFO 13:20:40] my_main Recent Stats | t_env:    1491677 | Episode:    67766
battle_won_mean:           0.0170	dead_allies_mean:          4.9581	dead_enemies_mean:         2.9398	ep_length_mean:           23.0265
epsilon:                   0.0500	grad_norm:                11.6060	loss:                      8.8137	loss_central:              0.1976
loss_latent:               1.4841	loss_td:                   7.1320	q_taken_mean:              5.1009	return_mean:               8.3910
return_std:                2.0556	target_mean:               5.1196	td_error_abs:              0.2891	test_battle_won_mean:      0.1062
test_dead_allies_mean:     4.7625	test_dead_enemies_mean:    3.9188	test_ep_length_mean:      25.1750	test_return_mean:         10.6913
test_return_std:           3.0357	
[INFO 13:22:03] my_main t_env: 1501677 / 2050000
[INFO 13:22:03] my_main Estimated time left: 1 hours, 19 minutes, 13 seconds. Time passed: 3 hours, 47 minutes, 41 seconds
[INFO 13:22:07] my_main Recent Stats | t_env:    1501677 | Episode:    68208
battle_won_mean:           0.0170	dead_allies_mean:          4.9641	dead_enemies_mean:         2.9154	ep_length_mean:           22.9596
epsilon:                   0.0500	grad_norm:                11.7527	loss:                      9.1026	loss_central:              0.2209
loss_latent:               1.6217	loss_td:                   7.2599	q_taken_mean:              5.2770	return_mean:               8.3603
return_std:                2.0381	target_mean:               5.2951	td_error_abs:              0.3035	test_battle_won_mean:      0.0688
test_dead_allies_mean:     4.8438	test_dead_enemies_mean:    3.7938	test_ep_length_mean:      24.8687	test_return_mean:         10.2748
test_return_std:           2.5841	
RequestQuit command received.
DataHandler: unable to parse websocket frame.
Closing Application...
CloseHandler: 127.0.0.1:52996 disconnected
[INFO 13:23:03] absl Shutdown gracefully.
[INFO 13:23:03] absl Shutdown with return code: -15
[INFO 13:23:03] absl Launching SC2: /labmount/users/202535331/MARL/pymarl-monotone-qmix/3rdparty/StarCraftII/Versions/Base75689/SC2_x64 -listen 127.0.0.1 -port 38655 -dataDir /labmount/users/202535331/MARL/pymarl-monotone-qmix/3rdparty/StarCraftII/ -tempDir /tmp/sc-8gzn9fev/
[INFO 13:23:03] absl Connecting to: ws://127.0.0.1:38655/sc2api, attempt: 0, running: True
Version: B75689 (SC2.4.10)
Build: Aug 12 2019 17:16:57
Command Line: '"/labmount/users/202535331/MARL/pymarl-monotone-qmix/3rdparty/StarCraftII/Versions/Base75689/SC2_x64" -listen 127.0.0.1 -port 38655 -dataDir /labmount/users/202535331/MARL/pymarl-monotone-qmix/3rdparty/StarCraftII/ -tempDir /tmp/sc-8gzn9fev/'
Starting up...
Startup Phase 1 complete
[INFO 13:23:04] absl Connecting to: ws://127.0.0.1:38655/sc2api, attempt: 1, running: True
Startup Phase 2 complete
Creating stub renderer...
Listening on: 127.0.0.1:38655
Startup Phase 3 complete. Ready for commands.
[INFO 13:23:05] absl Connecting to: ws://127.0.0.1:38655/sc2api, attempt: 2, running: True
ConnectHandler: Request from 127.0.0.1:51694 accepted
ReadyHandler: 127.0.0.1:51694 ready
Requesting to join a single player game
Configuring interface options
Configure: raw interface enabled
Configure: feature layer interface disabled
Configure: score interface disabled
Configure: render interface disabled
Launching next game.
Next launch phase started: 2
Next launch phase started: 3
Next launch phase started: 4
Next launch phase started: 5
Next launch phase started: 6
Next launch phase started: 7
Next launch phase started: 8
Game has started.
Using default stable ids, none found at: /labmount/users/202535331/MARL/pymarl-monotone-qmix/3rdparty/StarCraftII/stableid.json
Successfully loaded stable ids: GameData\stableid.json
Sending ResponseJoinGame
[INFO 13:23:34] my_main t_env: 1511677 / 2050000
[INFO 13:23:34] my_main Estimated time left: 1 hours, 21 minutes, 20 seconds. Time passed: 3 hours, 49 minutes, 12 seconds
[INFO 13:23:38] my_main Recent Stats | t_env:    1511677 | Episode:    68648
battle_won_mean:           0.0156	dead_allies_mean:          4.9646	dead_enemies_mean:         2.8908	ep_length_mean:           22.9046
epsilon:                   0.0500	grad_norm:                12.2361	loss:                      9.0091	loss_central:              0.2087
loss_latent:               1.5941	loss_td:                   7.2063	q_taken_mean:              5.2997	return_mean:               8.3151
return_std:                2.0144	target_mean:               5.3261	td_error_abs:              0.3010	test_battle_won_mean:      0.1062
test_dead_allies_mean:     4.7687	test_dead_enemies_mean:    3.8875	test_ep_length_mean:      24.9750	test_return_mean:         10.6759
test_return_std:           3.2121	
[INFO 13:24:59] my_main t_env: 1521682 / 2050000
[INFO 13:24:59] my_main Estimated time left: 1 hours, 15 minutes, 22 seconds. Time passed: 3 hours, 50 minutes, 38 seconds
[INFO 13:25:03] my_main Recent Stats | t_env:    1521682 | Episode:    69093
battle_won_mean:           0.0141	dead_allies_mean:          4.9709	dead_enemies_mean:         2.8617	ep_length_mean:           22.7218
epsilon:                   0.0500	grad_norm:                13.7436	loss:                      9.0082	loss_central:              0.2301
loss_latent:               1.6847	loss_td:                   7.0934	q_taken_mean:              5.2984	return_mean:               8.2642
return_std:                1.9617	target_mean:               5.3497	td_error_abs:              0.3047	test_battle_won_mean:      0.0813
test_dead_allies_mean:     4.8250	test_dead_enemies_mean:    3.8375	test_ep_length_mean:      24.4563	test_return_mean:         10.4274
test_return_std:           2.8681	
[INFO 13:26:26] my_main t_env: 1531701 / 2050000
[INFO 13:26:26] my_main Estimated time left: 1 hours, 14 minutes, 49 seconds. Time passed: 3 hours, 52 minutes, 5 seconds
[INFO 13:26:30] my_main Recent Stats | t_env:    1531701 | Episode:    69538
battle_won_mean:           0.0136	dead_allies_mean:          4.9715	dead_enemies_mean:         2.8631	ep_length_mean:           22.6303
epsilon:                   0.0500	grad_norm:                11.2407	loss:                      8.1885	loss_central:              0.2100
loss_latent:               1.5997	loss_td:                   6.3788	q_taken_mean:              5.1989	return_mean:               8.2285
return_std:                1.9441	target_mean:               5.2675	td_error_abs:              0.2907	test_battle_won_mean:      0.0813
test_dead_allies_mean:     4.8375	test_dead_enemies_mean:    3.8750	test_ep_length_mean:      24.4000	test_return_mean:         10.4429
test_return_std:           2.8735	
[INFO 13:27:52] my_main t_env: 1541719 / 2050000
[INFO 13:27:52] my_main Estimated time left: 1 hours, 12 minutes, 39 seconds. Time passed: 3 hours, 53 minutes, 30 seconds
[INFO 13:27:56] my_main Recent Stats | t_env:    1541719 | Episode:    69984
battle_won_mean:           0.0162	dead_allies_mean:          4.9639	dead_enemies_mean:         2.8688	ep_length_mean:           22.5623
epsilon:                   0.0500	grad_norm:                10.3219	loss:                      7.8586	loss_central:              0.1820
loss_latent:               1.5264	loss_td:                   6.1501	q_taken_mean:              5.0759	return_mean:               8.2407
return_std:                2.0369	target_mean:               5.1284	td_error_abs:              0.2766	test_battle_won_mean:      0.0813
test_dead_allies_mean:     4.8375	test_dead_enemies_mean:    3.8438	test_ep_length_mean:      24.3813	test_return_mean:         10.4432
test_return_std:           2.9011	
[INFO 13:29:18] my_main t_env: 1551738 / 2050000
[INFO 13:29:18] my_main Estimated time left: 1 hours, 10 minutes, 54 seconds. Time passed: 3 hours, 54 minutes, 56 seconds
[INFO 13:29:22] my_main Recent Stats | t_env:    1551738 | Episode:    70422
battle_won_mean:           0.0172	dead_allies_mean:          4.9593	dead_enemies_mean:         2.8895	ep_length_mean:           22.6123
epsilon:                   0.0500	grad_norm:                10.0738	loss:                      7.5441	loss_central:              0.1638
loss_latent:               1.4611	loss_td:                   5.9192	q_taken_mean:              4.9699	return_mean:               8.2669
return_std:                2.0700	target_mean:               5.0244	td_error_abs:              0.2707	test_battle_won_mean:      0.0875
test_dead_allies_mean:     4.8187	test_dead_enemies_mean:    3.8312	test_ep_length_mean:      24.3938	test_return_mean:         10.4743
test_return_std:           3.0419	
[INFO 13:30:43] my_main t_env: 1561752 / 2050000
[INFO 13:30:43] my_main Estimated time left: 1 hours, 9 minutes, 31 seconds. Time passed: 3 hours, 56 minutes, 22 seconds
[INFO 13:30:47] my_main Recent Stats | t_env:    1561752 | Episode:    70859
battle_won_mean:           0.0163	dead_allies_mean:          4.9597	dead_enemies_mean:         2.9040	ep_length_mean:           22.6499
epsilon:                   0.0500	grad_norm:                14.5605	loss:                      8.2579	loss_central:              0.1551
loss_latent:               1.4324	loss_td:                   6.6704	q_taken_mean:              4.9391	return_mean:               8.2757
return_std:                2.0318	target_mean:               4.9500	td_error_abs:              0.2725	test_battle_won_mean:      0.0875
test_dead_allies_mean:     4.8250	test_dead_enemies_mean:    3.8563	test_ep_length_mean:      24.5063	test_return_mean:         10.5559
test_return_std:           3.0136	
RequestQuit command received.
Closing Application...
DataHandler: unable to parse websocket frame.
CloseHandler: 127.0.0.1:51694 disconnected
[INFO 13:31:43] absl Shutdown gracefully.
[INFO 13:31:43] absl Shutdown with return code: -15
[INFO 13:31:43] absl Launching SC2: /labmount/users/202535331/MARL/pymarl-monotone-qmix/3rdparty/StarCraftII/Versions/Base75689/SC2_x64 -listen 127.0.0.1 -port 33907 -dataDir /labmount/users/202535331/MARL/pymarl-monotone-qmix/3rdparty/StarCraftII/ -tempDir /tmp/sc-55byfyxb/
[INFO 13:31:43] absl Connecting to: ws://127.0.0.1:33907/sc2api, attempt: 0, running: True
Version: B75689 (SC2.4.10)
Build: Aug 12 2019 17:16:57
Command Line: '"/labmount/users/202535331/MARL/pymarl-monotone-qmix/3rdparty/StarCraftII/Versions/Base75689/SC2_x64" -listen 127.0.0.1 -port 33907 -dataDir /labmount/users/202535331/MARL/pymarl-monotone-qmix/3rdparty/StarCraftII/ -tempDir /tmp/sc-55byfyxb/'
Starting up...
Startup Phase 1 complete
[INFO 13:31:44] absl Connecting to: ws://127.0.0.1:33907/sc2api, attempt: 1, running: True
Startup Phase 2 complete
Creating stub renderer...
Listening on: 127.0.0.1:33907
Startup Phase 3 complete. Ready for commands.
[INFO 13:31:45] absl Connecting to: ws://127.0.0.1:33907/sc2api, attempt: 2, running: True
ConnectHandler: Request from 127.0.0.1:35226 accepted
ReadyHandler: 127.0.0.1:35226 ready
Requesting to join a single player game
Configuring interface options
Configure: raw interface enabled
Configure: feature layer interface disabled
Configure: score interface disabled
Configure: render interface disabled
Launching next game.
Next launch phase started: 2
Next launch phase started: 3
Next launch phase started: 4
Next launch phase started: 5
Next launch phase started: 6
Next launch phase started: 7
Next launch phase started: 8
Game has started.
Using default stable ids, none found at: /labmount/users/202535331/MARL/pymarl-monotone-qmix/3rdparty/StarCraftII/stableid.json
Successfully loaded stable ids: GameData\stableid.json
Sending ResponseJoinGame
[INFO 13:32:15] my_main t_env: 1571769 / 2050000
[INFO 13:32:15] my_main Estimated time left: 1 hours, 12 minutes, 34 seconds. Time passed: 3 hours, 57 minutes, 53 seconds
[INFO 13:32:18] my_main Recent Stats | t_env:    1571769 | Episode:    71300
battle_won_mean:           0.0177	dead_allies_mean:          4.9551	dead_enemies_mean:         2.9263	ep_length_mean:           22.6961
epsilon:                   0.0500	grad_norm:                12.9976	loss:                      8.3131	loss_central:              0.1316
loss_latent:               1.4147	loss_td:                   6.7668	q_taken_mean:              4.8671	return_mean:               8.3187
return_std:                2.1006	target_mean:               4.8655	td_error_abs:              0.2767	test_battle_won_mean:      0.0938
test_dead_allies_mean:     4.8125	test_dead_enemies_mean:    3.8375	test_ep_length_mean:      24.4187	test_return_mean:         10.5599
test_return_std:           3.1543	
[INFO 13:33:41] my_main t_env: 1581813 / 2050000
[INFO 13:33:41] my_main Estimated time left: 1 hours, 6 minutes, 52 seconds. Time passed: 3 hours, 59 minutes, 19 seconds
[INFO 13:33:44] my_main Recent Stats | t_env:    1581813 | Episode:    71747
battle_won_mean:           0.0168	dead_allies_mean:          4.9579	dead_enemies_mean:         2.9138	ep_length_mean:           22.6871
epsilon:                   0.0500	grad_norm:                13.0410	loss:                      8.2728	loss_central:              0.1323
loss_latent:               1.4165	loss_td:                   6.7240	q_taken_mean:              4.8725	return_mean:               8.3107
return_std:                2.0694	target_mean:               4.8393	td_error_abs:              0.2764	test_battle_won_mean:      0.0938
test_dead_allies_mean:     4.8125	test_dead_enemies_mean:    3.7875	test_ep_length_mean:      24.2875	test_return_mean:         10.5142
test_return_std:           3.1577	
[INFO 13:35:07] my_main t_env: 1591833 / 2050000
[INFO 13:35:07] my_main Estimated time left: 1 hours, 5 minutes, 51 seconds. Time passed: 4 hours, 45 seconds
[INFO 13:35:11] my_main Recent Stats | t_env:    1591833 | Episode:    72193
battle_won_mean:           0.0145	dead_allies_mean:          4.9650	dead_enemies_mean:         2.9080	ep_length_mean:           22.6880
epsilon:                   0.0500	grad_norm:                13.2901	loss:                      8.2696	loss_central:              0.1415
loss_latent:               1.4622	loss_td:                   6.6659	q_taken_mean:              4.9021	return_mean:               8.2808
return_std:                1.9901	target_mean:               4.8644	td_error_abs:              0.2802	test_battle_won_mean:      0.0938
test_dead_allies_mean:     4.8250	test_dead_enemies_mean:    3.8813	test_ep_length_mean:      24.4250	test_return_mean:         10.6012
test_return_std:           3.1049	
[INFO 13:36:32] my_main t_env: 1601841 / 2050000
[INFO 13:36:32] my_main Estimated time left: 1 hours, 3 minutes, 28 seconds. Time passed: 4 hours, 2 minutes, 10 seconds
[INFO 13:36:36] my_main Recent Stats | t_env:    1601841 | Episode:    72634
battle_won_mean:           0.0136	dead_allies_mean:          4.9683	dead_enemies_mean:         2.9026	ep_length_mean:           22.6519
epsilon:                   0.0500	grad_norm:                13.3472	loss:                      8.4450	loss_central:              0.1622
loss_latent:               1.5423	loss_td:                   6.7405	q_taken_mean:              4.9669	return_mean:               8.2618
return_std:                1.9542	target_mean:               4.9370	td_error_abs:              0.2893	test_battle_won_mean:      0.1000
test_dead_allies_mean:     4.8250	test_dead_enemies_mean:    3.9250	test_ep_length_mean:      24.5688	test_return_mean:         10.6967
test_return_std:           3.2075	
[INFO 13:37:58] my_main t_env: 1611841 / 2050000
[INFO 13:37:58] my_main Estimated time left: 1 hours, 2 minutes, 49 seconds. Time passed: 4 hours, 3 minutes, 36 seconds
[INFO 13:38:02] my_main Recent Stats | t_env:    1611841 | Episode:    73078
battle_won_mean:           0.0117	dead_allies_mean:          4.9761	dead_enemies_mean:         2.8897	ep_length_mean:           22.5734
epsilon:                   0.0500	grad_norm:                 8.5698	loss:                      7.5047	loss_central:              0.1627
loss_latent:               1.5115	loss_td:                   5.8306	q_taken_mean:              4.9024	return_mean:               8.2118
return_std:                1.8887	target_mean:               4.8990	td_error_abs:              0.2806	test_battle_won_mean:      0.0875
test_dead_allies_mean:     4.8500	test_dead_enemies_mean:    3.9000	test_ep_length_mean:      24.7312	test_return_mean:         10.4854
test_return_std:           3.1272	
[INFO 13:39:23] my_main t_env: 1621851 / 2050000
[INFO 13:39:23] my_main Estimated time left: 1 hours, 41 seconds. Time passed: 4 hours, 5 minutes, 1 seconds
[INFO 13:39:27] my_main Recent Stats | t_env:    1621851 | Episode:    73517
battle_won_mean:           0.0099	dead_allies_mean:          4.9815	dead_enemies_mean:         2.8978	ep_length_mean:           22.5909
epsilon:                   0.0500	grad_norm:                 8.7888	loss:                      7.3093	loss_central:              0.1573
loss_latent:               1.5407	loss_td:                   5.6113	q_taken_mean:              4.9559	return_mean:               8.1978
return_std:                1.8220	target_mean:               4.9580	td_error_abs:              0.2732	test_battle_won_mean:      0.1187
test_dead_allies_mean:     4.7750	test_dead_enemies_mean:    4.0062	test_ep_length_mean:      24.9500	test_return_mean:         10.8441
test_return_std:           3.4537	
RequestQuit command received.
DataHandler: unable to parse websocket frame.
Closing Application...
CloseHandler: 127.0.0.1:35226 disconnected
ResponseThread: No connection, dropping the response.
[INFO 13:40:22] absl Shutdown gracefully.
[INFO 13:40:22] absl Shutdown with return code: -15
[INFO 13:40:22] absl Launching SC2: /labmount/users/202535331/MARL/pymarl-monotone-qmix/3rdparty/StarCraftII/Versions/Base75689/SC2_x64 -listen 127.0.0.1 -port 44397 -dataDir /labmount/users/202535331/MARL/pymarl-monotone-qmix/3rdparty/StarCraftII/ -tempDir /tmp/sc-kylnui21/
[INFO 13:40:23] absl Connecting to: ws://127.0.0.1:44397/sc2api, attempt: 0, running: True
Version: B75689 (SC2.4.10)
Build: Aug 12 2019 17:16:57
Command Line: '"/labmount/users/202535331/MARL/pymarl-monotone-qmix/3rdparty/StarCraftII/Versions/Base75689/SC2_x64" -listen 127.0.0.1 -port 44397 -dataDir /labmount/users/202535331/MARL/pymarl-monotone-qmix/3rdparty/StarCraftII/ -tempDir /tmp/sc-kylnui21/'
Starting up...
Startup Phase 1 complete
[INFO 13:40:24] absl Connecting to: ws://127.0.0.1:44397/sc2api, attempt: 1, running: True
Startup Phase 2 complete
Creating stub renderer...
Listening on: 127.0.0.1:44397
Startup Phase 3 complete. Ready for commands.
[INFO 13:40:25] absl Connecting to: ws://127.0.0.1:44397/sc2api, attempt: 2, running: True
ConnectHandler: Request from 127.0.0.1:45934 accepted
ReadyHandler: 127.0.0.1:45934 ready
Requesting to join a single player game
Configuring interface options
Configure: raw interface enabled
Configure: feature layer interface disabled
Configure: score interface disabled
Configure: render interface disabled
Launching next game.
Next launch phase started: 2
Next launch phase started: 3
Next launch phase started: 4
Next launch phase started: 5
Next launch phase started: 6
Next launch phase started: 7
Next launch phase started: 8
Game has started.
Using default stable ids, none found at: /labmount/users/202535331/MARL/pymarl-monotone-qmix/3rdparty/StarCraftII/stableid.json
Successfully loaded stable ids: GameData\stableid.json
Sending ResponseJoinGame
[INFO 13:40:54] my_main t_env: 1631864 / 2050000
[INFO 13:40:54] my_main Estimated time left: 1 hours, 2 minutes, 59 seconds. Time passed: 4 hours, 6 minutes, 32 seconds
[INFO 13:40:57] my_main Recent Stats | t_env:    1631864 | Episode:    73963
battle_won_mean:           0.0113	dead_allies_mean:          4.9770	dead_enemies_mean:         2.8839	ep_length_mean:           22.5871
epsilon:                   0.0500	grad_norm:                 9.4561	loss:                      7.6870	loss_central:              0.1617
loss_latent:               1.6179	loss_td:                   5.9074	q_taken_mean:              4.9957	return_mean:               8.1775
return_std:                1.8768	target_mean:               5.0192	td_error_abs:              0.2799	test_battle_won_mean:      0.1187
test_dead_allies_mean:     4.7625	test_dead_enemies_mean:    4.0062	test_ep_length_mean:      24.8813	test_return_mean:         10.7733
test_return_std:           3.4797	
[INFO 13:42:19] my_main t_env: 1641870 / 2050000
[INFO 13:42:19] my_main Estimated time left: 57 minutes, 46 seconds. Time passed: 4 hours, 7 minutes, 57 seconds
[INFO 13:42:23] my_main Recent Stats | t_env:    1641870 | Episode:    74405
battle_won_mean:           0.0108	dead_allies_mean:          4.9774	dead_enemies_mean:         2.8769	ep_length_mean:           22.6214
epsilon:                   0.0500	grad_norm:                11.1489	loss:                      8.0722	loss_central:              0.1621
loss_latent:               1.5855	loss_td:                   6.3246	q_taken_mean:              5.0161	return_mean:               8.1671
return_std:                1.8737	target_mean:               5.0564	td_error_abs:              0.2795	test_battle_won_mean:      0.1313
test_dead_allies_mean:     4.7250	test_dead_enemies_mean:    4.0563	test_ep_length_mean:      25.0625	test_return_mean:         10.9177
test_return_std:           3.6251	
[INFO 13:43:44] my_main t_env: 1651877 / 2050000
[INFO 13:43:44] my_main Estimated time left: 56 minutes, 41 seconds. Time passed: 4 hours, 9 minutes, 22 seconds
[INFO 13:43:48] my_main Recent Stats | t_env:    1651877 | Episode:    74846
battle_won_mean:           0.0117	dead_allies_mean:          4.9747	dead_enemies_mean:         2.8882	ep_length_mean:           22.6209
epsilon:                   0.0500	grad_norm:                11.1855	loss:                      8.2945	loss_central:              0.1437
loss_latent:               1.5851	loss_td:                   6.5657	q_taken_mean:              5.0182	return_mean:               8.1829
return_std:                1.9221	target_mean:               5.0462	td_error_abs:              0.2701	test_battle_won_mean:      0.1437
test_dead_allies_mean:     4.6813	test_dead_enemies_mean:    4.1000	test_ep_length_mean:      25.1750	test_return_mean:         11.0519
test_return_std:           3.7691	
[INFO 13:45:08] my_main t_env: 1661889 / 2050000
[INFO 13:45:08] my_main Estimated time left: 54 minutes, 16 seconds. Time passed: 4 hours, 10 minutes, 46 seconds
[INFO 13:45:12] my_main Recent Stats | t_env:    1661889 | Episode:    75282
battle_won_mean:           0.0127	dead_allies_mean:          4.9733	dead_enemies_mean:         2.9199	ep_length_mean:           22.7091
epsilon:                   0.0500	grad_norm:                10.9336	loss:                      8.3684	loss_central:              0.1538
loss_latent:               1.6238	loss_td:                   6.5909	q_taken_mean:              5.1235	return_mean:               8.2485
return_std:                1.9794	target_mean:               5.1524	td_error_abs:              0.2702	test_battle_won_mean:      0.1562
test_dead_allies_mean:     4.6562	test_dead_enemies_mean:    4.2062	test_ep_length_mean:      25.1313	test_return_mean:         11.3314
test_return_std:           3.8071	
[INFO 13:46:32] my_main t_env: 1671910 / 2050000
[INFO 13:46:32] my_main Estimated time left: 52 minutes, 53 seconds. Time passed: 4 hours, 12 minutes, 11 seconds
[INFO 13:46:36] my_main Recent Stats | t_env:    1671910 | Episode:    75725
battle_won_mean:           0.0127	dead_allies_mean:          4.9729	dead_enemies_mean:         2.9250	ep_length_mean:           22.6729
epsilon:                   0.0500	grad_norm:                11.0596	loss:                      8.1400	loss_central:              0.1479
loss_latent:               1.5298	loss_td:                   6.4623	q_taken_mean:              5.1308	return_mean:               8.2589
return_std:                1.9758	target_mean:               5.1276	td_error_abs:              0.2690	test_battle_won_mean:      0.1250
test_dead_allies_mean:     4.7188	test_dead_enemies_mean:    4.1688	test_ep_length_mean:      25.0875	test_return_mean:         11.0559
test_return_std:           3.4573	
[INFO 13:47:55] my_main t_env: 1681912 / 2050000
[INFO 13:47:55] my_main Estimated time left: 50 minutes, 35 seconds. Time passed: 4 hours, 13 minutes, 33 seconds
[INFO 13:47:58] my_main Recent Stats | t_env:    1681912 | Episode:    76165
battle_won_mean:           0.0127	dead_allies_mean:          4.9764	dead_enemies_mean:         2.9912	ep_length_mean:           22.7291
epsilon:                   0.0500	grad_norm:                10.8168	loss:                      7.8559	loss_central:              0.1490
loss_latent:               1.6236	loss_td:                   6.0834	q_taken_mean:              5.1184	return_mean:               8.3352
return_std:                1.9785	target_mean:               5.1123	td_error_abs:              0.2661	test_battle_won_mean:      0.1313
test_dead_allies_mean:     4.7188	test_dead_enemies_mean:    4.1625	test_ep_length_mean:      25.0250	test_return_mean:         11.0844
test_return_std:           3.5791	
RequestQuit command received.
Closing Application...
DataHandler: unable to parse websocket frame.
CloseHandler: 127.0.0.1:45934 disconnected
[INFO 13:48:52] absl Shutdown gracefully.
[INFO 13:48:52] absl Shutdown with return code: -15
[INFO 13:48:52] absl Launching SC2: /labmount/users/202535331/MARL/pymarl-monotone-qmix/3rdparty/StarCraftII/Versions/Base75689/SC2_x64 -listen 127.0.0.1 -port 46655 -dataDir /labmount/users/202535331/MARL/pymarl-monotone-qmix/3rdparty/StarCraftII/ -tempDir /tmp/sc-z2y8f6y6/
[INFO 13:48:52] absl Connecting to: ws://127.0.0.1:46655/sc2api, attempt: 0, running: True
Version: B75689 (SC2.4.10)
Build: Aug 12 2019 17:16:57
Command Line: '"/labmount/users/202535331/MARL/pymarl-monotone-qmix/3rdparty/StarCraftII/Versions/Base75689/SC2_x64" -listen 127.0.0.1 -port 46655 -dataDir /labmount/users/202535331/MARL/pymarl-monotone-qmix/3rdparty/StarCraftII/ -tempDir /tmp/sc-z2y8f6y6/'
Starting up...
Startup Phase 1 complete
[INFO 13:48:53] absl Connecting to: ws://127.0.0.1:46655/sc2api, attempt: 1, running: True
Startup Phase 2 complete
Creating stub renderer...
Listening on: 127.0.0.1:46655
Startup Phase 3 complete. Ready for commands.
[INFO 13:48:54] absl Connecting to: ws://127.0.0.1:46655/sc2api, attempt: 2, running: True
ConnectHandler: Request from 127.0.0.1:41836 accepted
ReadyHandler: 127.0.0.1:41836 ready
Requesting to join a single player game
Configuring interface options
Configure: raw interface enabled
Configure: feature layer interface disabled
Configure: score interface disabled
Configure: render interface disabled
Launching next game.
Next launch phase started: 2
Next launch phase started: 3
Next launch phase started: 4
Next launch phase started: 5
Next launch phase started: 6
Next launch phase started: 7
Next launch phase started: 8
Game has started.
Using default stable ids, none found at: /labmount/users/202535331/MARL/pymarl-monotone-qmix/3rdparty/StarCraftII/stableid.json
Successfully loaded stable ids: GameData\stableid.json
Sending ResponseJoinGame
[INFO 13:49:23] my_main t_env: 1691925 / 2050000
[INFO 13:49:23] my_main Estimated time left: 52 minutes, 40 seconds. Time passed: 4 hours, 15 minutes, 1 seconds
[INFO 13:49:27] my_main Recent Stats | t_env:    1691925 | Episode:    76607
battle_won_mean:           0.0141	dead_allies_mean:          4.9692	dead_enemies_mean:         3.0264	ep_length_mean:           22.7323
epsilon:                   0.0500	grad_norm:                11.9329	loss:                      8.0518	loss_central:              0.1386
loss_latent:               1.6581	loss_td:                   6.2552	q_taken_mean:              5.0820	return_mean:               8.3837
return_std:                2.0375	target_mean:               5.0805	td_error_abs:              0.2684	test_battle_won_mean:      0.1187
test_dead_allies_mean:     4.7500	test_dead_enemies_mean:    4.1000	test_ep_length_mean:      24.8250	test_return_mean:         10.9311
test_return_std:           3.4394	
[INFO 13:50:46] my_main t_env: 1701942 / 2050000
[INFO 13:50:46] my_main Estimated time left: 47 minutes, 56 seconds. Time passed: 4 hours, 16 minutes, 24 seconds
[INFO 13:50:50] my_main Recent Stats | t_env:    1701942 | Episode:    77045
battle_won_mean:           0.0150	dead_allies_mean:          4.9673	dead_enemies_mean:         3.0461	ep_length_mean:           22.7679
epsilon:                   0.0500	grad_norm:                11.8752	loss:                      7.6871	loss_central:              0.1388
loss_latent:               1.6358	loss_td:                   5.9126	q_taken_mean:              5.0947	return_mean:               8.4096
return_std:                2.0520	target_mean:               5.0786	td_error_abs:              0.2716	test_battle_won_mean:      0.1062
test_dead_allies_mean:     4.7812	test_dead_enemies_mean:    4.1375	test_ep_length_mean:      24.8438	test_return_mean:         10.8750
test_return_std:           3.2584	
[INFO 13:52:09] my_main t_env: 1711943 / 2050000
[INFO 13:52:09] my_main Estimated time left: 46 minutes, 41 seconds. Time passed: 4 hours, 17 minutes, 47 seconds
[INFO 13:52:13] my_main Recent Stats | t_env:    1711943 | Episode:    77477
battle_won_mean:           0.0174	dead_allies_mean:          4.9621	dead_enemies_mean:         3.0883	ep_length_mean:           22.8054
epsilon:                   0.0500	grad_norm:                11.7125	loss:                      7.5887	loss_central:              0.1339
loss_latent:               1.6254	loss_td:                   5.8293	q_taken_mean:              5.0544	return_mean:               8.4572
return_std:                2.1023	target_mean:               5.0418	td_error_abs:              0.2674	test_battle_won_mean:      0.0813
test_dead_allies_mean:     4.8375	test_dead_enemies_mean:    4.0125	test_ep_length_mean:      24.7500	test_return_mean:         10.5245
test_return_std:           3.0183	
[INFO 13:53:32] my_main t_env: 1721952 / 2050000
[INFO 13:53:32] my_main Estimated time left: 45 minutes, 38 seconds. Time passed: 4 hours, 19 minutes, 11 seconds
[INFO 13:53:37] my_main Recent Stats | t_env:    1721952 | Episode:    77913
battle_won_mean:           0.0201	dead_allies_mean:          4.9584	dead_enemies_mean:         3.1138	ep_length_mean:           22.8725
epsilon:                   0.0500	grad_norm:                11.2680	loss:                      7.6776	loss_central:              0.1294
loss_latent:               1.6208	loss_td:                   5.9273	q_taken_mean:              5.0016	return_mean:               8.4931
return_std:                2.1802	target_mean:               5.0068	td_error_abs:              0.2639	test_battle_won_mean:      0.1062
test_dead_allies_mean:     4.7875	test_dead_enemies_mean:    4.0187	test_ep_length_mean:      25.1000	test_return_mean:         10.7219
test_return_std:           3.3212	
[INFO 13:54:54] my_main t_env: 1731971 / 2050000
[INFO 13:54:54] my_main Estimated time left: 43 minutes, 20 seconds. Time passed: 4 hours, 20 minutes, 33 seconds
[INFO 13:54:58] my_main Recent Stats | t_env:    1731971 | Episode:    78341
battle_won_mean:           0.0193	dead_allies_mean:          4.9564	dead_enemies_mean:         3.1190	ep_length_mean:           23.0079
epsilon:                   0.0500	grad_norm:                10.9899	loss:                      7.5226	loss_central:              0.1226
loss_latent:               1.5060	loss_td:                   5.8940	q_taken_mean:              4.9975	return_mean:               8.4858
return_std:                2.1574	target_mean:               4.9972	td_error_abs:              0.2641	test_battle_won_mean:      0.1062
test_dead_allies_mean:     4.7750	test_dead_enemies_mean:    4.1188	test_ep_length_mean:      25.4937	test_return_mean:         10.8899
test_return_std:           3.2511	
[INFO 13:56:18] my_main t_env: 1741994 / 2050000
[INFO 13:56:18] my_main Estimated time left: 42 minutes, 40 seconds. Time passed: 4 hours, 21 minutes, 56 seconds
[INFO 13:56:22] my_main Recent Stats | t_env:    1741994 | Episode:    78771
battle_won_mean:           0.0208	dead_allies_mean:          4.9575	dead_enemies_mean:         3.1476	ep_length_mean:           23.1390
epsilon:                   0.0500	grad_norm:                 7.8882	loss:                      6.5772	loss_central:              0.1223
loss_latent:               1.3993	loss_td:                   5.0556	q_taken_mean:              4.9800	return_mean:               8.5251
return_std:                2.1898	target_mean:               4.9613	td_error_abs:              0.2527	test_battle_won_mean:      0.1250
test_dead_allies_mean:     4.7375	test_dead_enemies_mean:    4.1500	test_ep_length_mean:      25.6562	test_return_mean:         11.0679
test_return_std:           3.4411	
RequestQuit command received.
Closing Application...
DataHandler: unable to parse websocket frame.
CloseHandler: 127.0.0.1:41836 disconnected
[INFO 13:57:16] absl Shutdown gracefully.
[INFO 13:57:16] absl Shutdown with return code: -15
[INFO 13:57:16] absl Launching SC2: /labmount/users/202535331/MARL/pymarl-monotone-qmix/3rdparty/StarCraftII/Versions/Base75689/SC2_x64 -listen 127.0.0.1 -port 34751 -dataDir /labmount/users/202535331/MARL/pymarl-monotone-qmix/3rdparty/StarCraftII/ -tempDir /tmp/sc-0y8b56aq/
[INFO 13:57:16] absl Connecting to: ws://127.0.0.1:34751/sc2api, attempt: 0, running: True
Version: B75689 (SC2.4.10)
Build: Aug 12 2019 17:16:57
Command Line: '"/labmount/users/202535331/MARL/pymarl-monotone-qmix/3rdparty/StarCraftII/Versions/Base75689/SC2_x64" -listen 127.0.0.1 -port 34751 -dataDir /labmount/users/202535331/MARL/pymarl-monotone-qmix/3rdparty/StarCraftII/ -tempDir /tmp/sc-0y8b56aq/'
Starting up...
Startup Phase 1 complete
[INFO 13:57:17] absl Connecting to: ws://127.0.0.1:34751/sc2api, attempt: 1, running: True
Startup Phase 2 complete
Creating stub renderer...
Listening on: 127.0.0.1:34751
Startup Phase 3 complete. Ready for commands.
[INFO 13:57:18] absl Connecting to: ws://127.0.0.1:34751/sc2api, attempt: 2, running: True
ConnectHandler: Request from 127.0.0.1:55578 accepted
ReadyHandler: 127.0.0.1:55578 ready
Requesting to join a single player game
Configuring interface options
Configure: raw interface enabled
Configure: feature layer interface disabled
Configure: score interface disabled
Configure: render interface disabled
Launching next game.
Next launch phase started: 2
Next launch phase started: 3
Next launch phase started: 4
Next launch phase started: 5
Next launch phase started: 6
Next launch phase started: 7
Next launch phase started: 8
Game has started.
Using default stable ids, none found at: /labmount/users/202535331/MARL/pymarl-monotone-qmix/3rdparty/StarCraftII/stableid.json
Successfully loaded stable ids: GameData\stableid.json
Sending ResponseJoinGame
[INFO 13:57:47] my_main t_env: 1751995 / 2050000
[INFO 13:57:47] my_main Estimated time left: 44 minutes, 32 seconds. Time passed: 4 hours, 23 minutes, 26 seconds
[INFO 13:57:51] my_main Recent Stats | t_env:    1751995 | Episode:    79200
battle_won_mean:           0.0199	dead_allies_mean:          4.9592	dead_enemies_mean:         3.1714	ep_length_mean:           23.2275
epsilon:                   0.0500	grad_norm:                 8.0100	loss:                      6.4558	loss_central:              0.1150
loss_latent:               1.2493	loss_td:                   5.0914	q_taken_mean:              4.8904	return_mean:               8.5448
return_std:                2.1704	target_mean:               4.8566	td_error_abs:              0.2536	test_battle_won_mean:      0.1437
test_dead_allies_mean:     4.7062	test_dead_enemies_mean:    4.0938	test_ep_length_mean:      25.5437	test_return_mean:         11.1337
test_return_std:           3.6813	
[INFO 13:59:11] my_main t_env: 1762012 / 2050000
[INFO 13:59:11] my_main Estimated time left: 40 minutes, 8 seconds. Time passed: 4 hours, 24 minutes, 49 seconds
[INFO 13:59:15] my_main Recent Stats | t_env:    1762012 | Episode:    79628
battle_won_mean:           0.0181	dead_allies_mean:          4.9624	dead_enemies_mean:         3.1658	ep_length_mean:           23.2782
epsilon:                   0.0500	grad_norm:                10.3939	loss:                      7.0659	loss_central:              0.1245
loss_latent:               1.3155	loss_td:                   5.6259	q_taken_mean:              4.8645	return_mean:               8.5112
return_std:                2.1069	target_mean:               4.8235	td_error_abs:              0.2613	test_battle_won_mean:      0.1750
test_dead_allies_mean:     4.6312	test_dead_enemies_mean:    4.1625	test_ep_length_mean:      25.5125	test_return_mean:         11.4571
test_return_std:           4.0160	
[INFO 14:00:36] my_main t_env: 1772025 / 2050000
[INFO 14:00:36] my_main Estimated time left: 39 minutes, 27 seconds. Time passed: 4 hours, 26 minutes, 15 seconds
[INFO 14:00:40] my_main Recent Stats | t_env:    1772025 | Episode:    80060
battle_won_mean:           0.0172	dead_allies_mean:          4.9632	dead_enemies_mean:         3.1756	ep_length_mean:           23.3226
epsilon:                   0.0500	grad_norm:                10.1109	loss:                      7.2475	loss_central:              0.1396
loss_latent:               1.3361	loss_td:                   5.7718	q_taken_mean:              4.8443	return_mean:               8.5173
return_std:                2.0969	target_mean:               4.8211	td_error_abs:              0.2711	test_battle_won_mean:      0.1625
test_dead_allies_mean:     4.6625	test_dead_enemies_mean:    4.1813	test_ep_length_mean:      25.2563	test_return_mean:         11.3719
test_return_std:           3.8746	
[INFO 14:02:02] my_main t_env: 1782042 / 2050000
[INFO 14:02:02] my_main Estimated time left: 38 minutes, 11 seconds. Time passed: 4 hours, 27 minutes, 40 seconds
[INFO 14:02:06] my_main Recent Stats | t_env:    1782042 | Episode:    80498
battle_won_mean:           0.0199	dead_allies_mean:          4.9602	dead_enemies_mean:         3.1669	ep_length_mean:           23.2148
epsilon:                   0.0500	grad_norm:                10.1189	loss:                      7.2167	loss_central:              0.1375
loss_latent:               1.2241	loss_td:                   5.8552	q_taken_mean:              4.8133	return_mean:               8.5198
return_std:                2.1724	target_mean:               4.7979	td_error_abs:              0.2625	test_battle_won_mean:      0.1625
test_dead_allies_mean:     4.6813	test_dead_enemies_mean:    4.1688	test_ep_length_mean:      25.2000	test_return_mean:         11.3531
test_return_std:           3.9204	
[INFO 14:03:28] my_main t_env: 1792047 / 2050000
[INFO 14:03:28] my_main Estimated time left: 36 minutes, 42 seconds. Time passed: 4 hours, 29 minutes, 6 seconds
[INFO 14:03:31] my_main Recent Stats | t_env:    1792047 | Episode:    80932
battle_won_mean:           0.0203	dead_allies_mean:          4.9598	dead_enemies_mean:         3.1440	ep_length_mean:           23.1635
epsilon:                   0.0500	grad_norm:                14.0264	loss:                      8.5505	loss_central:              0.1538
loss_latent:               1.3275	loss_td:                   7.0693	q_taken_mean:              4.8531	return_mean:               8.5059
return_std:                2.1826	target_mean:               4.8062	td_error_abs:              0.2736	test_battle_won_mean:      0.1375
test_dead_allies_mean:     4.7188	test_dead_enemies_mean:    4.1063	test_ep_length_mean:      24.9500	test_return_mean:         11.0092
test_return_std:           3.6779	
[INFO 14:04:53] my_main t_env: 1802057 / 2050000
[INFO 14:04:53] my_main Estimated time left: 35 minutes, 16 seconds. Time passed: 4 hours, 30 minutes, 31 seconds
[INFO 14:04:57] my_main Recent Stats | t_env:    1802057 | Episode:    81366
battle_won_mean:           0.0221	dead_allies_mean:          4.9581	dead_enemies_mean:         3.1241	ep_length_mean:           23.1140
epsilon:                   0.0500	grad_norm:                19.4010	loss:                      9.6333	loss_central:              0.1774
loss_latent:               1.4154	loss_td:                   8.0405	q_taken_mean:              4.9453	return_mean:               8.4991
return_std:                2.2210	target_mean:               4.9289	td_error_abs:              0.2838	test_battle_won_mean:      0.1437
test_dead_allies_mean:     4.7062	test_dead_enemies_mean:    4.1937	test_ep_length_mean:      25.1125	test_return_mean:         11.1205
test_return_std:           3.6940	
RequestQuit command received.
Closing Application...
DataHandler: unable to parse websocket frame.
CloseHandler: 127.0.0.1:55578 disconnected
[INFO 14:05:51] absl Shutdown gracefully.
[INFO 14:05:51] absl Shutdown with return code: -15
[INFO 14:05:51] absl Launching SC2: /labmount/users/202535331/MARL/pymarl-monotone-qmix/3rdparty/StarCraftII/Versions/Base75689/SC2_x64 -listen 127.0.0.1 -port 44027 -dataDir /labmount/users/202535331/MARL/pymarl-monotone-qmix/3rdparty/StarCraftII/ -tempDir /tmp/sc-rsoa21cu/
[INFO 14:05:51] absl Connecting to: ws://127.0.0.1:44027/sc2api, attempt: 0, running: True
Version: B75689 (SC2.4.10)
Build: Aug 12 2019 17:16:57
Command Line: '"/labmount/users/202535331/MARL/pymarl-monotone-qmix/3rdparty/StarCraftII/Versions/Base75689/SC2_x64" -listen 127.0.0.1 -port 44027 -dataDir /labmount/users/202535331/MARL/pymarl-monotone-qmix/3rdparty/StarCraftII/ -tempDir /tmp/sc-rsoa21cu/'
Starting up...
Startup Phase 1 complete
[INFO 14:05:52] absl Connecting to: ws://127.0.0.1:44027/sc2api, attempt: 1, running: True
Startup Phase 2 complete
Creating stub renderer...
Listening on: 127.0.0.1:44027
Startup Phase 3 complete. Ready for commands.
[INFO 14:05:53] absl Connecting to: ws://127.0.0.1:44027/sc2api, attempt: 2, running: True
ConnectHandler: Request from 127.0.0.1:56186 accepted
ReadyHandler: 127.0.0.1:56186 ready
Requesting to join a single player game
Configuring interface options
Configure: raw interface enabled
Configure: feature layer interface disabled
Configure: score interface disabled
Configure: render interface disabled
Launching next game.
Next launch phase started: 2
Next launch phase started: 3
Next launch phase started: 4
Next launch phase started: 5
Next launch phase started: 6
Next launch phase started: 7
Next launch phase started: 8
Game has started.
Using default stable ids, none found at: /labmount/users/202535331/MARL/pymarl-monotone-qmix/3rdparty/StarCraftII/stableid.json
Successfully loaded stable ids: GameData\stableid.json
Sending ResponseJoinGame
[INFO 14:06:24] my_main t_env: 1812078 / 2050000
[INFO 14:06:24] my_main Estimated time left: 36 minutes, 0 seconds. Time passed: 4 hours, 32 minutes, 2 seconds
[INFO 14:06:28] my_main Recent Stats | t_env:    1812078 | Episode:    81801
battle_won_mean:           0.0239	dead_allies_mean:          4.9526	dead_enemies_mean:         3.0866	ep_length_mean:           23.0405
epsilon:                   0.0500	grad_norm:                17.7721	loss:                      9.6909	loss_central:              0.2018
loss_latent:               1.4387	loss_td:                   8.0503	q_taken_mean:              5.0008	return_mean:               8.4745
return_std:                2.3054	target_mean:               5.0059	td_error_abs:              0.3121	test_battle_won_mean:      0.1313
test_dead_allies_mean:     4.7000	test_dead_enemies_mean:    4.1437	test_ep_length_mean:      25.3062	test_return_mean:         10.9267
test_return_std:           3.6226	
[INFO 14:07:49] my_main t_env: 1822090 / 2050000
[INFO 14:07:49] my_main Estimated time left: 32 minutes, 17 seconds. Time passed: 4 hours, 33 minutes, 27 seconds
[INFO 14:07:53] my_main Recent Stats | t_env:    1822090 | Episode:    82235
battle_won_mean:           0.0253	dead_allies_mean:          4.9513	dead_enemies_mean:         3.0731	ep_length_mean:           23.0187
epsilon:                   0.0500	grad_norm:                19.1836	loss:                     10.2430	loss_central:              0.2019
loss_latent:               1.4952	loss_td:                   8.5458	q_taken_mean:              5.0424	return_mean:               8.4629
return_std:                2.3556	target_mean:               5.0363	td_error_abs:              0.3083	test_battle_won_mean:      0.1313
test_dead_allies_mean:     4.6937	test_dead_enemies_mean:    4.1250	test_ep_length_mean:      25.3062	test_return_mean:         10.8962
test_return_std:           3.6486	
[INFO 14:09:15] my_main t_env: 1832108 / 2050000
[INFO 14:09:15] my_main Estimated time left: 31 minutes, 5 seconds. Time passed: 4 hours, 34 minutes, 53 seconds
[INFO 14:09:19] my_main Recent Stats | t_env:    1832108 | Episode:    82674
battle_won_mean:           0.0225	dead_allies_mean:          4.9549	dead_enemies_mean:         3.0585	ep_length_mean:           23.0087
epsilon:                   0.0500	grad_norm:                19.6103	loss:                     10.3653	loss_central:              0.2105
loss_latent:               1.5516	loss_td:                   8.6032	q_taken_mean:              5.2043	return_mean:               8.4256
return_std:                2.2669	target_mean:               5.1715	td_error_abs:              0.3226	test_battle_won_mean:      0.1187
test_dead_allies_mean:     4.7125	test_dead_enemies_mean:    4.1562	test_ep_length_mean:      25.8375	test_return_mean:         10.8625
test_return_std:           3.4092	
[INFO 14:10:40] my_main t_env: 1842108 / 2050000
[INFO 14:10:40] my_main Estimated time left: 29 minutes, 32 seconds. Time passed: 4 hours, 36 minutes, 18 seconds
[INFO 14:10:44] my_main Recent Stats | t_env:    1842108 | Episode:    83108
battle_won_mean:           0.0198	dead_allies_mean:          4.9600	dead_enemies_mean:         3.0663	ep_length_mean:           23.0064
epsilon:                   0.0500	grad_norm:                16.0007	loss:                      9.4025	loss_central:              0.2114
loss_latent:               1.4697	loss_td:                   7.7215	q_taken_mean:              5.2746	return_mean:               8.3893
return_std:                2.1867	target_mean:               5.2680	td_error_abs:              0.3343	test_battle_won_mean:      0.1187
test_dead_allies_mean:     4.7125	test_dead_enemies_mean:    4.2250	test_ep_length_mean:      26.2000	test_return_mean:         11.0080
test_return_std:           3.3723	
[INFO 14:12:05] my_main t_env: 1852110 / 2050000
[INFO 14:12:05] my_main Estimated time left: 28 minutes, 9 seconds. Time passed: 4 hours, 37 minutes, 44 seconds
[INFO 14:12:10] my_main Recent Stats | t_env:    1852110 | Episode:    83540
battle_won_mean:           0.0166	dead_allies_mean:          4.9637	dead_enemies_mean:         3.0771	ep_length_mean:           23.0240
epsilon:                   0.0500	grad_norm:                11.5211	loss:                      9.1868	loss_central:              0.2127
loss_latent:               1.4951	loss_td:                   7.4790	q_taken_mean:              5.3229	return_mean:               8.3773
return_std:                2.1015	target_mean:               5.3478	td_error_abs:              0.3395	test_battle_won_mean:      0.1250
test_dead_allies_mean:     4.7062	test_dead_enemies_mean:    4.2375	test_ep_length_mean:      26.5125	test_return_mean:         11.1165
test_return_std:           3.4027	
[INFO 14:13:30] my_main t_env: 1862121 / 2050000
[INFO 14:13:30] my_main Estimated time left: 26 minutes, 24 seconds. Time passed: 4 hours, 39 minutes, 8 seconds
[INFO 14:13:34] my_main Recent Stats | t_env:    1862121 | Episode:    83971
battle_won_mean:           0.0185	dead_allies_mean:          4.9612	dead_enemies_mean:         3.1185	ep_length_mean:           23.0622
epsilon:                   0.0500	grad_norm:                11.9759	loss:                      8.9051	loss_central:              0.1990
loss_latent:               1.3641	loss_td:                   7.3421	q_taken_mean:              5.4285	return_mean:               8.4427
return_std:                2.1397	target_mean:               5.4195	td_error_abs:              0.3226	test_battle_won_mean:      0.1250
test_dead_allies_mean:     4.6937	test_dead_enemies_mean:    4.3063	test_ep_length_mean:      26.3562	test_return_mean:         11.2139
test_return_std:           3.3639	
RequestQuit command received.
Closing Application...
DataHandler: unable to parse websocket frame.
CloseHandler: 127.0.0.1:56186 disconnected
[INFO 14:14:25] absl Shutdown gracefully.
[INFO 14:14:25] absl Shutdown with return code: -15
[INFO 14:14:25] absl Launching SC2: /labmount/users/202535331/MARL/pymarl-monotone-qmix/3rdparty/StarCraftII/Versions/Base75689/SC2_x64 -listen 127.0.0.1 -port 40055 -dataDir /labmount/users/202535331/MARL/pymarl-monotone-qmix/3rdparty/StarCraftII/ -tempDir /tmp/sc-tlztlz20/
[INFO 14:14:25] absl Connecting to: ws://127.0.0.1:40055/sc2api, attempt: 0, running: True
Version: B75689 (SC2.4.10)
Build: Aug 12 2019 17:16:57
Command Line: '"/labmount/users/202535331/MARL/pymarl-monotone-qmix/3rdparty/StarCraftII/Versions/Base75689/SC2_x64" -listen 127.0.0.1 -port 40055 -dataDir /labmount/users/202535331/MARL/pymarl-monotone-qmix/3rdparty/StarCraftII/ -tempDir /tmp/sc-tlztlz20/'
Starting up...
Startup Phase 1 complete
[INFO 14:14:26] absl Connecting to: ws://127.0.0.1:40055/sc2api, attempt: 1, running: True
Startup Phase 2 complete
Creating stub renderer...
Listening on: 127.0.0.1:40055
Startup Phase 3 complete. Ready for commands.
[INFO 14:14:27] absl Connecting to: ws://127.0.0.1:40055/sc2api, attempt: 2, running: True
ConnectHandler: Request from 127.0.0.1:53034 accepted
ReadyHandler: 127.0.0.1:53034 ready
Requesting to join a single player game
Configuring interface options
Configure: raw interface enabled
Configure: feature layer interface disabled
Configure: score interface disabled
Configure: render interface disabled
Launching next game.
Next launch phase started: 2
Next launch phase started: 3
Next launch phase started: 4
Next launch phase started: 5
Next launch phase started: 6
Next launch phase started: 7
Next launch phase started: 8
Game has started.
Using default stable ids, none found at: /labmount/users/202535331/MARL/pymarl-monotone-qmix/3rdparty/StarCraftII/stableid.json
Successfully loaded stable ids: GameData\stableid.json
Sending ResponseJoinGame
[INFO 14:15:00] my_main t_env: 1872127 / 2050000
[INFO 14:15:00] my_main Estimated time left: 26 minutes, 38 seconds. Time passed: 4 hours, 40 minutes, 38 seconds
[INFO 14:15:04] my_main Recent Stats | t_env:    1872127 | Episode:    84400
battle_won_mean:           0.0194	dead_allies_mean:          4.9546	dead_enemies_mean:         3.1671	ep_length_mean:           23.1131
epsilon:                   0.0500	grad_norm:                11.4643	loss:                      8.8365	loss_central:              0.2395
loss_latent:               1.2597	loss_td:                   7.3373	q_taken_mean:              5.5477	return_mean:               8.5170
return_std:                2.1441	target_mean:               5.5416	td_error_abs:              0.3330	test_battle_won_mean:      0.1313
test_dead_allies_mean:     4.7000	test_dead_enemies_mean:    4.3375	test_ep_length_mean:      26.4563	test_return_mean:         11.3090
test_return_std:           3.4090	
[INFO 14:16:24] my_main t_env: 1882128 / 2050000
[INFO 14:16:24] my_main Estimated time left: 23 minutes, 28 seconds. Time passed: 4 hours, 42 minutes, 2 seconds
[INFO 14:16:27] my_main Recent Stats | t_env:    1882128 | Episode:    84830
battle_won_mean:           0.0251	dead_allies_mean:          4.9419	dead_enemies_mean:         3.2215	ep_length_mean:           23.2008
epsilon:                   0.0500	grad_norm:                11.3522	loss:                      9.0984	loss_central:              0.2522
loss_latent:               1.2512	loss_td:                   7.5950	q_taken_mean:              5.5100	return_mean:               8.6276
return_std:                2.2973	target_mean:               5.5034	td_error_abs:              0.3401	test_battle_won_mean:      0.1500
test_dead_allies_mean:     4.6500	test_dead_enemies_mean:    4.3563	test_ep_length_mean:      25.9312	test_return_mean:         11.4384
test_return_std:           3.6793	
[INFO 14:17:48] my_main t_env: 1892156 / 2050000
[INFO 14:17:48] my_main Estimated time left: 22 minutes, 3 seconds. Time passed: 4 hours, 43 minutes, 26 seconds
[INFO 14:17:52] my_main Recent Stats | t_env:    1892156 | Episode:    85261
battle_won_mean:           0.0274	dead_allies_mean:          4.9386	dead_enemies_mean:         3.2379	ep_length_mean:           23.2458
epsilon:                   0.0500	grad_norm:                11.5462	loss:                      9.3574	loss_central:              0.2486
loss_latent:               1.2436	loss_td:                   7.8652	q_taken_mean:              5.4920	return_mean:               8.6793
return_std:                2.3606	target_mean:               5.4960	td_error_abs:              0.3334	test_battle_won_mean:      0.1688
test_dead_allies_mean:     4.6188	test_dead_enemies_mean:    4.4188	test_ep_length_mean:      25.9812	test_return_mean:         11.6488
test_return_std:           3.8874	
[INFO 14:19:11] my_main t_env: 1902162 / 2050000
[INFO 14:19:11] my_main Estimated time left: 20 minutes, 32 seconds. Time passed: 4 hours, 44 minutes, 50 seconds
[INFO 14:19:15] my_main Recent Stats | t_env:    1902162 | Episode:    85688
battle_won_mean:           0.0307	dead_allies_mean:          4.9358	dead_enemies_mean:         3.2547	ep_length_mean:           23.3019
epsilon:                   0.0500	grad_norm:                10.5175	loss:                      9.0262	loss_central:              0.2554
loss_latent:               1.2776	loss_td:                   7.4933	q_taken_mean:              5.4974	return_mean:               8.7197
return_std:                2.4603	target_mean:               5.4547	td_error_abs:              0.3318	test_battle_won_mean:      0.1375
test_dead_allies_mean:     4.6875	test_dead_enemies_mean:    4.3438	test_ep_length_mean:      25.5375	test_return_mean:         11.2884
test_return_std:           3.6248	
[INFO 14:20:35] my_main t_env: 1912180 / 2050000
[INFO 14:20:35] my_main Estimated time left: 19 minutes, 17 seconds. Time passed: 4 hours, 46 minutes, 14 seconds
[INFO 14:20:40] my_main Recent Stats | t_env:    1912180 | Episode:    86119
battle_won_mean:           0.0275	dead_allies_mean:          4.9404	dead_enemies_mean:         3.2450	ep_length_mean:           23.3052
epsilon:                   0.0500	grad_norm:                 9.7541	loss:                      8.7943	loss_central:              0.2388
loss_latent:               1.3220	loss_td:                   7.2335	q_taken_mean:              5.4584	return_mean:               8.6746
return_std:                2.3601	target_mean:               5.4152	td_error_abs:              0.3206	test_battle_won_mean:      0.1313
test_dead_allies_mean:     4.7625	test_dead_enemies_mean:    4.3625	test_ep_length_mean:      25.7500	test_return_mean:         11.2632
test_return_std:           3.5435	
[INFO 14:21:59] my_main t_env: 1922185 / 2050000
[INFO 14:21:59] my_main Estimated time left: 17 minutes, 53 seconds. Time passed: 4 hours, 47 minutes, 38 seconds
[INFO 14:22:04] my_main Recent Stats | t_env:    1922185 | Episode:    86548
battle_won_mean:           0.0247	dead_allies_mean:          4.9502	dead_enemies_mean:         3.2151	ep_length_mean:           23.3047
epsilon:                   0.0500	grad_norm:                 9.5156	loss:                      8.3964	loss_central:              0.2114
loss_latent:               1.3488	loss_td:                   6.8362	q_taken_mean:              5.4005	return_mean:               8.6031
return_std:                2.2948	target_mean:               5.3645	td_error_abs:              0.3100	test_battle_won_mean:      0.1375
test_dead_allies_mean:     4.7625	test_dead_enemies_mean:    4.4062	test_ep_length_mean:      25.7688	test_return_mean:         11.3630
test_return_std:           3.5688	
RequestQuit command received.
Closing Application...
DataHandler: unable to parse websocket frame.
CloseHandler: 127.0.0.1:53034 disconnected
[INFO 14:22:54] absl Shutdown gracefully.
[INFO 14:22:54] absl Shutdown with return code: -15
[INFO 14:22:54] absl Launching SC2: /labmount/users/202535331/MARL/pymarl-monotone-qmix/3rdparty/StarCraftII/Versions/Base75689/SC2_x64 -listen 127.0.0.1 -port 37503 -dataDir /labmount/users/202535331/MARL/pymarl-monotone-qmix/3rdparty/StarCraftII/ -tempDir /tmp/sc-iqlskwl6/
[INFO 14:22:54] absl Connecting to: ws://127.0.0.1:37503/sc2api, attempt: 0, running: True
Version: B75689 (SC2.4.10)
Build: Aug 12 2019 17:16:57
Command Line: '"/labmount/users/202535331/MARL/pymarl-monotone-qmix/3rdparty/StarCraftII/Versions/Base75689/SC2_x64" -listen 127.0.0.1 -port 37503 -dataDir /labmount/users/202535331/MARL/pymarl-monotone-qmix/3rdparty/StarCraftII/ -tempDir /tmp/sc-iqlskwl6/'
Starting up...
Startup Phase 1 complete
[INFO 14:22:55] absl Connecting to: ws://127.0.0.1:37503/sc2api, attempt: 1, running: True
Startup Phase 2 complete
Creating stub renderer...
Listening on: 127.0.0.1:37503
Startup Phase 3 complete. Ready for commands.
[INFO 14:22:56] absl Connecting to: ws://127.0.0.1:37503/sc2api, attempt: 2, running: True
ConnectHandler: Request from 127.0.0.1:44074 accepted
ReadyHandler: 127.0.0.1:44074 ready
Requesting to join a single player game
Configuring interface options
Configure: raw interface enabled
Configure: feature layer interface disabled
Configure: score interface disabled
Configure: render interface disabled
Launching next game.
Next launch phase started: 2
Next launch phase started: 3
Next launch phase started: 4
Next launch phase started: 5
Next launch phase started: 6
Next launch phase started: 7
Next launch phase started: 8
Game has started.
Using default stable ids, none found at: /labmount/users/202535331/MARL/pymarl-monotone-qmix/3rdparty/StarCraftII/stableid.json
Successfully loaded stable ids: GameData\stableid.json
Sending ResponseJoinGame
[INFO 14:23:29] my_main t_env: 1932201 / 2050000
[INFO 14:23:29] my_main Estimated time left: 17 minutes, 36 seconds. Time passed: 4 hours, 49 minutes, 8 seconds
[INFO 14:23:33] my_main Recent Stats | t_env:    1932201 | Episode:    86979
battle_won_mean:           0.0172	dead_allies_mean:          4.9646	dead_enemies_mean:         3.1895	ep_length_mean:           23.3009
epsilon:                   0.0500	grad_norm:                 9.4227	loss:                      8.1825	loss_central:              0.2016
loss_latent:               1.3827	loss_td:                   6.5982	q_taken_mean:              5.3448	return_mean:               8.5195
return_std:                2.0877	target_mean:               5.3808	td_error_abs:              0.3172	test_battle_won_mean:      0.1250
test_dead_allies_mean:     4.8000	test_dead_enemies_mean:    4.3625	test_ep_length_mean:      25.8813	test_return_mean:         11.2259
test_return_std:           3.4078	
[INFO 14:24:53] my_main t_env: 1942221 / 2050000
[INFO 14:24:53] my_main Estimated time left: 15 minutes, 5 seconds. Time passed: 4 hours, 50 minutes, 32 seconds
[INFO 14:24:57] my_main Recent Stats | t_env:    1942221 | Episode:    87410
battle_won_mean:           0.0158	dead_allies_mean:          4.9651	dead_enemies_mean:         3.1900	ep_length_mean:           23.2972
epsilon:                   0.0500	grad_norm:                 9.1355	loss:                      8.0636	loss_central:              0.1980
loss_latent:               1.3985	loss_td:                   6.4671	q_taken_mean:              5.4002	return_mean:               8.5027
return_std:                2.0542	target_mean:               5.4145	td_error_abs:              0.3106	test_battle_won_mean:      0.1125
test_dead_allies_mean:     4.8187	test_dead_enemies_mean:    4.2938	test_ep_length_mean:      25.6562	test_return_mean:         11.0597
test_return_std:           3.2763	
[INFO 14:26:18] my_main t_env: 1952222 / 2050000
[INFO 14:26:18] my_main Estimated time left: 13 minutes, 43 seconds. Time passed: 4 hours, 51 minutes, 56 seconds
[INFO 14:26:22] my_main Recent Stats | t_env:    1952222 | Episode:    87839
battle_won_mean:           0.0130	dead_allies_mean:          4.9689	dead_enemies_mean:         3.1743	ep_length_mean:           23.2730
epsilon:                   0.0500	grad_norm:                 9.1495	loss:                      7.9016	loss_central:              0.1867
loss_latent:               1.3691	loss_td:                   6.3459	q_taken_mean:              5.3545	return_mean:               8.4644
return_std:                1.9745	target_mean:               5.3740	td_error_abs:              0.2983	test_battle_won_mean:      0.1125
test_dead_allies_mean:     4.8063	test_dead_enemies_mean:    4.2750	test_ep_length_mean:      25.6938	test_return_mean:         11.0604
test_return_std:           3.2858	
[INFO 14:27:42] my_main t_env: 1962240 / 2050000
[INFO 14:27:42] my_main Estimated time left: 12 minutes, 22 seconds. Time passed: 4 hours, 53 minutes, 21 seconds
[INFO 14:27:46] my_main Recent Stats | t_env:    1962240 | Episode:    88264
battle_won_mean:           0.0140	dead_allies_mean:          4.9673	dead_enemies_mean:         3.1659	ep_length_mean:           23.3386
epsilon:                   0.0500	grad_norm:                 8.7723	loss:                      8.1850	loss_central:              0.1970
loss_latent:               1.5155	loss_td:                   6.4726	q_taken_mean:              5.3621	return_mean:               8.4594
return_std:                2.0216	target_mean:               5.3757	td_error_abs:              0.3034	test_battle_won_mean:      0.1250
test_dead_allies_mean:     4.7562	test_dead_enemies_mean:    4.2500	test_ep_length_mean:      25.6062	test_return_mean:         11.1708
test_return_std:           3.4100	
[INFO 14:29:07] my_main t_env: 1972255 / 2050000
[INFO 14:29:07] my_main Estimated time left: 11 minutes, 0 seconds. Time passed: 4 hours, 54 minutes, 46 seconds
[INFO 14:29:11] my_main Recent Stats | t_env:    1972255 | Episode:    88692
battle_won_mean:           0.0135	dead_allies_mean:          4.9669	dead_enemies_mean:         3.1590	ep_length_mean:           23.3542
epsilon:                   0.0500	grad_norm:                 9.0157	loss:                      8.3943	loss_central:              0.2205
loss_latent:               1.5442	loss_td:                   6.6296	q_taken_mean:              5.3436	return_mean:               8.4546
return_std:                1.9940	target_mean:               5.3460	td_error_abs:              0.3061	test_battle_won_mean:      0.1250
test_dead_allies_mean:     4.7438	test_dead_enemies_mean:    4.2000	test_ep_length_mean:      25.5312	test_return_mean:         11.1476
test_return_std:           3.4193	
[INFO 14:30:33] my_main t_env: 1982263 / 2050000
[INFO 14:30:33] my_main Estimated time left: 9 minutes, 36 seconds. Time passed: 4 hours, 56 minutes, 11 seconds
[INFO 14:30:37] my_main Recent Stats | t_env:    1982263 | Episode:    89123
battle_won_mean:           0.0168	dead_allies_mean:          4.9617	dead_enemies_mean:         3.1748	ep_length_mean:           23.3505
epsilon:                   0.0500	grad_norm:                 9.6774	loss:                      8.8390	loss_central:              0.2267
loss_latent:               1.6788	loss_td:                   6.9335	q_taken_mean:              5.4330	return_mean:               8.5010
return_std:                2.0859	target_mean:               5.3408	td_error_abs:              0.3049	test_battle_won_mean:      0.1375
test_dead_allies_mean:     4.6937	test_dead_enemies_mean:    4.2062	test_ep_length_mean:      25.7312	test_return_mean:         11.2790
test_return_std:           3.5860	
RequestQuit command received.
Closing Application...
DataHandler: unable to parse websocket frame.
CloseHandler: 127.0.0.1:44074 disconnected
[INFO 14:31:25] absl Shutdown gracefully.
[INFO 14:31:25] absl Shutdown with return code: -15
[INFO 14:31:25] absl Launching SC2: /labmount/users/202535331/MARL/pymarl-monotone-qmix/3rdparty/StarCraftII/Versions/Base75689/SC2_x64 -listen 127.0.0.1 -port 35097 -dataDir /labmount/users/202535331/MARL/pymarl-monotone-qmix/3rdparty/StarCraftII/ -tempDir /tmp/sc-nv32fl8b/
[INFO 14:31:25] absl Connecting to: ws://127.0.0.1:35097/sc2api, attempt: 0, running: True
Version: B75689 (SC2.4.10)
Build: Aug 12 2019 17:16:57
Command Line: '"/labmount/users/202535331/MARL/pymarl-monotone-qmix/3rdparty/StarCraftII/Versions/Base75689/SC2_x64" -listen 127.0.0.1 -port 35097 -dataDir /labmount/users/202535331/MARL/pymarl-monotone-qmix/3rdparty/StarCraftII/ -tempDir /tmp/sc-nv32fl8b/'
Starting up...
Startup Phase 1 complete
[INFO 14:31:26] absl Connecting to: ws://127.0.0.1:35097/sc2api, attempt: 1, running: True
Startup Phase 2 complete
Creating stub renderer...
Listening on: 127.0.0.1:35097
Startup Phase 3 complete. Ready for commands.
[INFO 14:31:27] absl Connecting to: ws://127.0.0.1:35097/sc2api, attempt: 2, running: True
ConnectHandler: Request from 127.0.0.1:49254 accepted
ReadyHandler: 127.0.0.1:49254 ready
Requesting to join a single player game
Configuring interface options
Configure: raw interface enabled
Configure: feature layer interface disabled
Configure: score interface disabled
Configure: render interface disabled
Launching next game.
Next launch phase started: 2
Next launch phase started: 3
Next launch phase started: 4
Next launch phase started: 5
Next launch phase started: 6
Next launch phase started: 7
Next launch phase started: 8
Game has started.
Using default stable ids, none found at: /labmount/users/202535331/MARL/pymarl-monotone-qmix/3rdparty/StarCraftII/stableid.json
Successfully loaded stable ids: GameData\stableid.json
Sending ResponseJoinGame
[INFO 14:32:04] my_main t_env: 1992271 / 2050000
[INFO 14:32:04] my_main Estimated time left: 8 minutes, 48 seconds. Time passed: 4 hours, 57 minutes, 43 seconds
[INFO 14:32:08] my_main Recent Stats | t_env:    1992271 | Episode:    89556
battle_won_mean:           0.0172	dead_allies_mean:          4.9595	dead_enemies_mean:         3.1640	ep_length_mean:           23.3234
epsilon:                   0.0500	grad_norm:                 9.5856	loss:                      8.8114	loss_central:              0.2246
loss_latent:               1.7809	loss_td:                   6.8058	q_taken_mean:              5.3369	return_mean:               8.4793
return_std:                2.1065	target_mean:               5.2513	td_error_abs:              0.3042	test_battle_won_mean:      0.1562
test_dead_allies_mean:     4.6688	test_dead_enemies_mean:    4.2188	test_ep_length_mean:      25.7563	test_return_mean:         11.4125
test_return_std:           3.8190	
[INFO 14:33:11] my_main Saving models to results/models/s2q_5m_vs_6m_seed41__2026-09-30_09-34-19/2000030
[INFO 14:33:29] my_main t_env: 2002277 / 2050000
[INFO 14:33:29] my_main Estimated time left: 6 minutes, 44 seconds. Time passed: 4 hours, 59 minutes, 7 seconds
[INFO 14:33:33] my_main Recent Stats | t_env:    2002277 | Episode:    89981
battle_won_mean:           0.0177	dead_allies_mean:          4.9589	dead_enemies_mean:         3.1765	ep_length_mean:           23.3697
epsilon:                   0.0500	grad_norm:                 9.3672	loss:                      8.7954	loss_central:              0.2074
loss_latent:               1.7558	loss_td:                   6.8323	q_taken_mean:              5.2477	return_mean:               8.4907
return_std:                2.1072	target_mean:               5.1797	td_error_abs:              0.2969	test_battle_won_mean:      0.1688
test_dead_allies_mean:     4.6063	test_dead_enemies_mean:    4.2750	test_ep_length_mean:      25.8438	test_return_mean:         11.5429
test_return_std:           3.9495	
[INFO 14:34:52] my_main t_env: 2012294 / 2050000
[INFO 14:34:52] my_main Estimated time left: 5 minutes, 11 seconds. Time passed: 5 hours, 30 seconds
[INFO 14:34:56] my_main Recent Stats | t_env:    2012294 | Episode:    90399
battle_won_mean:           0.0188	dead_allies_mean:          4.9569	dead_enemies_mean:         3.2105	ep_length_mean:           23.4482
epsilon:                   0.0500	grad_norm:                 9.3459	loss:                      8.4997	loss_central:              0.1933
loss_latent:               1.5647	loss_td:                   6.7417	q_taken_mean:              5.2094	return_mean:               8.5550
return_std:                2.1220	target_mean:               5.1665	td_error_abs:              0.2921	test_battle_won_mean:      0.1562
test_dead_allies_mean:     4.6500	test_dead_enemies_mean:    4.2812	test_ep_length_mean:      25.7937	test_return_mean:         11.3950
test_return_std:           3.8426	
[INFO 14:36:16] my_main t_env: 2022306 / 2050000
[INFO 14:36:16] my_main Estimated time left: 3 minutes, 52 seconds. Time passed: 5 hours, 1 minutes, 54 seconds
[INFO 14:36:20] my_main Recent Stats | t_env:    2022306 | Episode:    90827
battle_won_mean:           0.0206	dead_allies_mean:          4.9559	dead_enemies_mean:         3.2348	ep_length_mean:           23.4467
epsilon:                   0.0500	grad_norm:                 9.3220	loss:                      8.2468	loss_central:              0.1679
loss_latent:               1.5819	loss_td:                   6.4970	q_taken_mean:              5.2312	return_mean:               8.5891
return_std:                2.1695	target_mean:               5.1940	td_error_abs:              0.2959	test_battle_won_mean:      0.1375
test_dead_allies_mean:     4.6750	test_dead_enemies_mean:    4.2562	test_ep_length_mean:      25.7688	test_return_mean:         11.1804
test_return_std:           3.6757	
[INFO 14:37:40] my_main t_env: 2032306 / 2050000
[INFO 14:37:40] my_main Estimated time left: 2 minutes, 28 seconds. Time passed: 5 hours, 3 minutes, 18 seconds
[INFO 14:37:44] my_main Recent Stats | t_env:    2032306 | Episode:    91253
battle_won_mean:           0.0202	dead_allies_mean:          4.9600	dead_enemies_mean:         3.2353	ep_length_mean:           23.4975
epsilon:                   0.0500	grad_norm:                 8.2657	loss:                      7.6798	loss_central:              0.1567
loss_latent:               1.3196	loss_td:                   6.2035	q_taken_mean:              5.1654	return_mean:               8.5802
return_std:                2.1617	target_mean:               5.1631	td_error_abs:              0.2740	test_battle_won_mean:      0.1313
test_dead_allies_mean:     4.7062	test_dead_enemies_mean:    4.2250	test_ep_length_mean:      25.3750	test_return_mean:         11.0486
test_return_std:           3.6236	
[INFO 14:39:05] my_main t_env: 2042319 / 2050000
[INFO 14:39:05] my_main Estimated time left: 1 minutes, 5 seconds. Time passed: 5 hours, 4 minutes, 43 seconds
[INFO 14:39:09] my_main Recent Stats | t_env:    2042319 | Episode:    91686
battle_won_mean:           0.0188	dead_allies_mean:          4.9637	dead_enemies_mean:         3.2372	ep_length_mean:           23.4998
epsilon:                   0.0500	grad_norm:                 8.3105	loss:                      7.7382	loss_central:              0.1708
loss_latent:               1.2217	loss_td:                   6.3457	q_taken_mean:              5.1705	return_mean:               8.5891
return_std:                2.1025	target_mean:               5.1777	td_error_abs:              0.2770	test_battle_won_mean:      0.1187
test_dead_allies_mean:     4.6875	test_dead_enemies_mean:    4.2062	test_ep_length_mean:      25.4062	test_return_mean:         10.9748
test_return_std:           3.4865	
RequestQuit command received.
Closing Application...
DataHandler: unable to parse websocket frame.
CloseHandler: 127.0.0.1:49254 disconnected
ResponseThread: No connection, dropping the response.
[INFO 14:39:57] absl Shutdown gracefully.
[INFO 14:39:57] absl Shutdown with return code: -15
[INFO 14:39:57] absl Launching SC2: /labmount/users/202535331/MARL/pymarl-monotone-qmix/3rdparty/StarCraftII/Versions/Base75689/SC2_x64 -listen 127.0.0.1 -port 33503 -dataDir /labmount/users/202535331/MARL/pymarl-monotone-qmix/3rdparty/StarCraftII/ -tempDir /tmp/sc-_8hfiug6/
[INFO 14:39:57] absl Connecting to: ws://127.0.0.1:33503/sc2api, attempt: 0, running: True
Version: B75689 (SC2.4.10)
Build: Aug 12 2019 17:16:57
Command Line: '"/labmount/users/202535331/MARL/pymarl-monotone-qmix/3rdparty/StarCraftII/Versions/Base75689/SC2_x64" -listen 127.0.0.1 -port 33503 -dataDir /labmount/users/202535331/MARL/pymarl-monotone-qmix/3rdparty/StarCraftII/ -tempDir /tmp/sc-_8hfiug6/'
Starting up...
Startup Phase 1 complete
[INFO 14:39:58] absl Connecting to: ws://127.0.0.1:33503/sc2api, attempt: 1, running: True
Startup Phase 2 complete
Creating stub renderer...
Listening on: 127.0.0.1:33503
Startup Phase 3 complete. Ready for commands.
[INFO 14:39:59] absl Connecting to: ws://127.0.0.1:33503/sc2api, attempt: 2, running: True
ConnectHandler: Request from 127.0.0.1:42046 accepted
ReadyHandler: 127.0.0.1:42046 ready
Requesting to join a single player game
Configuring interface options
Configure: raw interface enabled
Configure: feature layer interface disabled
Configure: score interface disabled
Configure: render interface disabled
Launching next game.
Next launch phase started: 2
Next launch phase started: 3
Next launch phase started: 4
Next launch phase started: 5
Next launch phase started: 6
Next launch phase started: 7
Next launch phase started: 8
Game has started.
Using default stable ids, none found at: /labmount/users/202535331/MARL/pymarl-monotone-qmix/3rdparty/StarCraftII/stableid.json
Successfully loaded stable ids: GameData\stableid.json
Sending ResponseJoinGame
RequestQuit command received.
Closing Application...
DataHandler: unable to parse websocket frame.
CloseHandler: 127.0.0.1:42046 disconnected
[INFO 14:40:16] absl Shutdown gracefully.
[INFO 14:40:16] absl Shutdown with return code: -15
[INFO 14:40:16] my_main Finished Training
