/labmount/users/202535331/miniconda3/envs/pymarl/lib/python3.9/site-packages/sacred/dependencies.py:11: UserWarning: pkg_resources is deprecated as an API. See https://setuptools.pypa.io/en/latest/pkg_resources.html. The pkg_resources package is slated for removal as early as 2025-11-30. Refrain from using this package or pin to Setuptools<81.
  import pkg_resources
[DEBUG 05:30:58] git.cmd Popen(['git', 'version'], cwd=/labmount/users/202535331/MARL/pymarl-monotone-qmix, stdin=None, shell=False, universal_newlines=False)
[DEBUG 05:30:58] git.cmd Popen(['git', 'version'], cwd=/labmount/users/202535331/MARL/pymarl-monotone-qmix, stdin=None, shell=False, universal_newlines=False)
[DEBUG 05:30:58] git.util sys.platform='linux', git_executable='git'
[DEBUG 05:30:58] git.cmd Popen(['git', 'diff', '--cached', '--abbrev=40', '--full-index', '--raw'], cwd=/labmount/users/202535331/MARL/pymarl-monotone-qmix, stdin=None, shell=False, universal_newlines=False)
[DEBUG 05:30:58] git.cmd Popen(['git', 'diff', '--abbrev=40', '--full-index', '--raw'], cwd=/labmount/users/202535331/MARL/pymarl-monotone-qmix, stdin=None, shell=False, universal_newlines=False)
[DEBUG 05:30:58] git.cmd Popen(['git', 'cat-file', '--batch-check'], cwd=/labmount/users/202535331/MARL/pymarl-monotone-qmix, stdin=<valid stream>, shell=False, universal_newlines=False)
[DEBUG 05:30:58] git.util sys.platform='linux', git_executable='git'
[DEBUG 05:30:58] git.cmd Popen(['git', 'diff', '--cached', '--abbrev=40', '--full-index', '--raw'], cwd=/labmount/users/202535331/MARL/pymarl-monotone-qmix, stdin=None, shell=False, universal_newlines=False)
[DEBUG 05:30:58] git.cmd Popen(['git', 'diff', '--abbrev=40', '--full-index', '--raw'], cwd=/labmount/users/202535331/MARL/pymarl-monotone-qmix, stdin=None, shell=False, universal_newlines=False)
[DEBUG 05:30:58] git.cmd Popen(['git', 'cat-file', '--batch-check'], cwd=/labmount/users/202535331/MARL/pymarl-monotone-qmix, stdin=<valid stream>, shell=False, universal_newlines=False)
[DEBUG 05:30:58] git.util sys.platform='linux', git_executable='git'
[DEBUG 05:30:58] git.cmd Popen(['git', 'diff', '--cached', '--abbrev=40', '--full-index', '--raw'], cwd=/labmount/users/202535331/MARL/pymarl-monotone-qmix, stdin=None, shell=False, universal_newlines=False)
[DEBUG 05:30:58] git.cmd Popen(['git', 'diff', '--abbrev=40', '--full-index', '--raw'], cwd=/labmount/users/202535331/MARL/pymarl-monotone-qmix, stdin=None, shell=False, universal_newlines=False)
[DEBUG 05:30:58] git.cmd Popen(['git', 'cat-file', '--batch-check'], cwd=/labmount/users/202535331/MARL/pymarl-monotone-qmix, stdin=<valid stream>, shell=False, universal_newlines=False)
[INFO 05:30:59] root Saving to FileStorageObserver in /labmount/users/202535331/MARL/pymarl-monotone-qmix/results/sacred/qplex.
[DEBUG 05:30:59] pymarl Using capture mode "fd"
[INFO 05:30:59] pymarl Running command 'my_main'
[INFO 05:30:59] pymarl Started run with ID "16"
[DEBUG 05:30:59] pymarl Starting Heartbeat
[DEBUG 05:30:59] my_main Started
[INFO 05:30:59] my_main Experiment Parameters:
[INFO 05:30:59] my_main 

{   'action_selector': 'epsilon_greedy',
    'adv_hypernet_embed': 64,
    'adv_hypernet_layers': 3,
    'agent': 'rnn',
    'agent_output_type': 'q',
    'batch_size': 32,
    'batch_size_run': 1,
    'buffer_cpu_only': True,
    'buffer_size': 5000,
    'checkpoint_path': '',
    'critic_lr': 0.0005,
    'double_q': True,
    'env': 'sc2',
    'env_args': {   'continuing_episode': False,
                    'debug': False,
                    'difficulty': '7',
                    'game_version': None,
                    'heuristic_ai': False,
                    'heuristic_rest': False,
                    'map_name': 'MMM2',
                    'move_amount': 2,
                    'obs_all_health': True,
                    'obs_instead_of_state': False,
                    'obs_last_action': False,
                    'obs_own_health': True,
                    'obs_pathing_grid': False,
                    'obs_terrain_height': False,
                    'obs_timestep_number': False,
                    'replay_dir': '',
                    'replay_prefix': '',
                    'reward_death_value': 10,
                    'reward_defeat': 0,
                    'reward_negative_scale': 0.5,
                    'reward_only_positive': True,
                    'reward_scale': True,
                    'reward_scale_rate': 20,
                    'reward_sparse': False,
                    'reward_win': 200,
                    'seed': 41,
                    'state_last_action': True,
                    'state_timestep_number': False,
                    'step_mul': 8},
    'epsilon_anneal_time': 50000,
    'epsilon_finish': 0.05,
    'epsilon_start': 1.0,
    'evaluate': False,
    'gamma': 0.99,
    'grad_norm_clip': 10,
    'hypernet_embed': 64,
    'is_adv_attention': True,
    'is_minus_one': True,
    'is_stop_gradient': True,
    'label': 'default_label',
    'learner': 'qplex_learner',
    'learner_log_interval': 10000,
    'load_step': 0,
    'local_results_path': 'results',
    'log_interval': 10000,
    'lr': 0.0005,
    'mac': 'basic_mac',
    'mixer': 'dmaq',
    'mixing_embed_dim': 32,
    'name': 'qplex_MMM2_seed41',
    'num_kernel': 10,
    'obs_agent_id': True,
    'obs_last_action': True,
    'optim_alpha': 0.99,
    'optim_eps': 1e-05,
    'repeat_id': 1,
    'rnn_hidden_dim': 64,
    'runner': 'episode',
    'runner_log_interval': 10000,
    'save_model': True,
    'save_model_interval': 2000000,
    'save_replay': False,
    'seed': 41,
    't_max': 2050000,
    'target_update_interval': 200,
    'test_greedy': True,
    'test_interval': 10000,
    'test_nepisode': 32,
    'use_cuda': True,
    'use_tensorboard': True,
    'weighted_head': True}

[INFO 05:31:04] my_main Beginning training for 2050000 timesteps
[INFO 05:31:04] absl Launching SC2: /labmount/users/202535331/MARL/pymarl-monotone-qmix/3rdparty/StarCraftII/Versions/Base75689/SC2_x64 -listen 127.0.0.1 -port 44583 -dataDir /labmount/users/202535331/MARL/pymarl-monotone-qmix/3rdparty/StarCraftII/ -tempDir /tmp/sc-x9r0o0i4/
[INFO 05:31:04] absl Connecting to: ws://127.0.0.1:44583/sc2api, attempt: 0, running: True
Version: B75689 (SC2.4.10)
Build: Aug 12 2019 17:16:57
Command Line: '"/labmount/users/202535331/MARL/pymarl-monotone-qmix/3rdparty/StarCraftII/Versions/Base75689/SC2_x64" -listen 127.0.0.1 -port 44583 -dataDir /labmount/users/202535331/MARL/pymarl-monotone-qmix/3rdparty/StarCraftII/ -tempDir /tmp/sc-x9r0o0i4/'
Starting up...
Startup Phase 1 complete
[INFO 05:31:05] absl Connecting to: ws://127.0.0.1:44583/sc2api, attempt: 1, running: True
Startup Phase 2 complete
Creating stub renderer...
Listening on: 127.0.0.1:44583
Startup Phase 3 complete. Ready for commands.
[INFO 05:31:06] absl Connecting to: ws://127.0.0.1:44583/sc2api, attempt: 2, running: True
ConnectHandler: Request from 127.0.0.1:35886 accepted
ReadyHandler: 127.0.0.1:35886 ready
Requesting to join a single player game
Configuring interface options
Configure: raw interface enabled
Configure: feature layer interface disabled
Configure: score interface disabled
Configure: render interface disabled
Launching next game.
Next launch phase started: 2
Next launch phase started: 3
Next launch phase started: 4
Next launch phase started: 5
Next launch phase started: 6
Next launch phase started: 7
Next launch phase started: 8
Game has started.
Using default stable ids, none found at: /labmount/users/202535331/MARL/pymarl-monotone-qmix/3rdparty/StarCraftII/stableid.json
Successfully loaded stable ids: GameData\stableid.json
Sending ResponseJoinGame
[INFO 05:31:10] my_main t_env: 36 / 2050000
[INFO 05:31:10] my_main Estimated time left: 21 minutes, 22 seconds. Time passed: 6 seconds
[INFO 05:31:26] my_main Saving models to results/models/qplex_MMM2_seed41__2026-09-20_05-30-59/36
[INFO 05:32:58] my_main Recent Stats | t_env:      10010 | Episode:      256
battle_won_mean:           0.0000	dead_allies_mean:         10.0000	dead_enemies_mean:         0.0000	ep_length_mean:           36.0000
epsilon:                   1.0000	grad_norm:                 0.5600	loss:                      0.0181	qplex_td_error_abs:        0.1308
return_mean:               2.2180	return_std:                0.0000	test_battle_won_mean:      0.0000	test_dead_allies_mean:     9.0938
test_dead_enemies_mean:    0.0000	test_ep_length_mean:     106.0312	test_return_mean:          0.2640	test_return_std:           0.4179

[INFO 05:32:59] my_main t_env: 10056 / 2050000
[INFO 05:32:59] my_main Estimated time left: 6 hours, 8 minutes, 36 seconds. Time passed: 1 minutes, 54 seconds
[INFO 05:34:50] my_main Recent Stats | t_env:      20016 | Episode:      512
battle_won_mean:           0.0000	dead_allies_mean:          9.9570	dead_enemies_mean:         0.0000	ep_length_mean:           37.5703
epsilon:                   0.8098	grad_norm:                 0.3326	loss:                      0.0119	qplex_td_error_abs:        0.1022
return_mean:               2.0541	return_std:                0.2003	test_battle_won_mean:      0.0000	test_dead_allies_mean:     9.0625
test_dead_enemies_mean:    0.3594	test_ep_length_mean:     118.7656	test_return_mean:          1.9105	test_return_std:           0.7298

[INFO 05:34:50] my_main t_env: 20059 / 2050000
[INFO 05:34:50] my_main Estimated time left: 6 hours, 18 minutes, 43 seconds. Time passed: 3 minutes, 46 seconds
[INFO 05:36:45] my_main Recent Stats | t_env:      30021 | Episode:      854
battle_won_mean:           0.0000	dead_allies_mean:          9.9466	dead_enemies_mean:         0.0052	ep_length_mean:           38.0716
epsilon:                   0.6197	grad_norm:                 0.3444	loss:                      0.0104	qplex_td_error_abs:        0.0999
return_mean:               2.1115	return_std:                0.3094	test_battle_won_mean:      0.0000	test_dead_allies_mean:     9.3646
test_dead_enemies_mean:    0.3958	test_ep_length_mean:      94.2708	test_return_mean:          2.3237	test_return_std:           0.6930

[INFO 05:36:45] my_main t_env: 30067 / 2050000
[INFO 05:36:45] my_main Estimated time left: 6 hours, 26 minutes, 29 seconds. Time passed: 5 minutes, 41 seconds
[INFO 05:38:45] my_main Recent Stats | t_env:      40041 | Episode:     1258
battle_won_mean:           0.0000	dead_allies_mean:          9.8200	dead_enemies_mean:         0.0578	ep_length_mean:           35.8482
epsilon:                   0.4292	grad_norm:                 0.3102	loss:                      0.0093	qplex_td_error_abs:        0.0954
return_mean:               2.2291	return_std:                0.3979	test_battle_won_mean:      0.0000	test_dead_allies_mean:     9.2734
test_dead_enemies_mean:    0.9219	test_ep_length_mean:      77.1094	test_return_mean:          3.0496	test_return_std:           0.7477

[INFO 05:38:45] my_main t_env: 40088 / 2050000
[INFO 05:38:45] my_main Estimated time left: 6 hours, 40 minutes, 29 seconds. Time passed: 7 minutes, 41 seconds
[INFO 05:40:37] my_main Recent Stats | t_env:      50042 | Episode:     1621
battle_won_mean:           0.0000	dead_allies_mean:          9.6733	dead_enemies_mean:         0.2314	ep_length_mean:           33.6394
epsilon:                   0.2388	grad_norm:                 0.2715	loss:                      0.0084	qplex_td_error_abs:        0.0910
return_mean:               2.4881	return_std:                0.4779	test_battle_won_mean:      0.0000	test_dead_allies_mean:     9.2250
test_dead_enemies_mean:    1.2188	test_ep_length_mean:      66.8250	test_return_mean:          3.4854	test_return_std:           0.7814

[INFO 05:40:37] my_main t_env: 50102 / 2050000
[INFO 05:40:37] my_main Estimated time left: 6 hours, 12 minutes, 58 seconds. Time passed: 9 minutes, 33 seconds
RequestQuit command received.
Closing Application...
DataHandler: unable to parse websocket frame.
CloseHandler: 127.0.0.1:35886 disconnected
[INFO 05:41:16] absl Shutdown gracefully.
[INFO 05:41:16] absl Shutdown with return code: -15
[INFO 05:41:16] absl Launching SC2: /labmount/users/202535331/MARL/pymarl-monotone-qmix/3rdparty/StarCraftII/Versions/Base75689/SC2_x64 -listen 127.0.0.1 -port 38517 -dataDir /labmount/users/202535331/MARL/pymarl-monotone-qmix/3rdparty/StarCraftII/ -tempDir /tmp/sc-_krhmkj1/
[INFO 05:41:16] absl Connecting to: ws://127.0.0.1:38517/sc2api, attempt: 0, running: True
Version: B75689 (SC2.4.10)
Build: Aug 12 2019 17:16:57
Command Line: '"/labmount/users/202535331/MARL/pymarl-monotone-qmix/3rdparty/StarCraftII/Versions/Base75689/SC2_x64" -listen 127.0.0.1 -port 38517 -dataDir /labmount/users/202535331/MARL/pymarl-monotone-qmix/3rdparty/StarCraftII/ -tempDir /tmp/sc-_krhmkj1/'
Starting up...
Startup Phase 1 complete
[INFO 05:41:17] absl Connecting to: ws://127.0.0.1:38517/sc2api, attempt: 1, running: True
Startup Phase 2 complete
Creating stub renderer...
Listening on: 127.0.0.1:38517
Startup Phase 3 complete. Ready for commands.
[INFO 05:41:18] absl Connecting to: ws://127.0.0.1:38517/sc2api, attempt: 2, running: True
ConnectHandler: Request from 127.0.0.1:36190 accepted
ReadyHandler: 127.0.0.1:36190 ready
Requesting to join a single player game
Configuring interface options
Configure: raw interface enabled
Configure: feature layer interface disabled
Configure: score interface disabled
Configure: render interface disabled
Launching next game.
Next launch phase started: 2
Next launch phase started: 3
Next launch phase started: 4
Next launch phase started: 5
Next launch phase started: 6
Next launch phase started: 7
Next launch phase started: 8
Game has started.
Using default stable ids, none found at: /labmount/users/202535331/MARL/pymarl-monotone-qmix/3rdparty/StarCraftII/stableid.json
Successfully loaded stable ids: GameData\stableid.json
Sending ResponseJoinGame
[INFO 05:42:32] my_main Recent Stats | t_env:      60067 | Episode:     1944
battle_won_mean:           0.0000	dead_allies_mean:          9.5345	dead_enemies_mean:         0.6397	ep_length_mean:           31.9568
epsilon:                   0.0500	grad_norm:                 0.1726	loss:                      0.0060	qplex_td_error_abs:        0.0817
return_mean:               3.0528	return_std:                0.7222	test_battle_won_mean:      0.0000	test_dead_allies_mean:     9.2750
test_dead_enemies_mean:    1.8562	test_ep_length_mean:      51.7563	test_return_mean:          4.7094	test_return_std:           0.8752

[INFO 05:42:32] my_main t_env: 60127 / 2050000
[INFO 05:42:32] my_main Estimated time left: 6 hours, 20 minutes, 49 seconds. Time passed: 11 minutes, 28 seconds
[INFO 05:44:24] my_main Recent Stats | t_env:      70076 | Episode:     2268
battle_won_mean:           0.0000	dead_allies_mean:          9.4470	dead_enemies_mean:         1.2713	ep_length_mean:           30.3361
epsilon:                   0.0500	grad_norm:                 0.2056	loss:                      0.0062	qplex_td_error_abs:        0.0844
return_mean:               3.9570	return_std:                0.8929	test_battle_won_mean:      0.0000	test_dead_allies_mean:     9.3500
test_dead_enemies_mean:    2.4688	test_ep_length_mean:      31.7812	test_return_mean:          5.3917	test_return_std:           0.8992

[INFO 05:44:25] my_main t_env: 70147 / 2050000
[INFO 05:44:25] my_main Estimated time left: 6 hours, 11 minutes, 14 seconds. Time passed: 13 minutes, 21 seconds
[INFO 05:46:12] my_main Recent Stats | t_env:      80097 | Episode:     2594
battle_won_mean:           0.0000	dead_allies_mean:          9.3477	dead_enemies_mean:         1.9434	ep_length_mean:           28.7064
epsilon:                   0.0500	grad_norm:                 0.1522	loss:                      0.0062	qplex_td_error_abs:        0.0836
return_mean:               4.8070	return_std:                1.0033	test_battle_won_mean:      0.0000	test_dead_allies_mean:     9.2688
test_dead_enemies_mean:    3.1187	test_ep_length_mean:      29.0688	test_return_mean:          6.1669	test_return_std:           0.9935

[INFO 05:46:13] my_main t_env: 80153 / 2050000
[INFO 05:46:13] my_main Estimated time left: 5 hours, 53 minutes, 23 seconds. Time passed: 15 minutes, 9 seconds
[INFO 05:47:56] my_main Recent Stats | t_env:      90104 | Episode:     2922
battle_won_mean:           0.0006	dead_allies_mean:          9.3412	dead_enemies_mean:         2.5512	ep_length_mean:           29.0095
epsilon:                   0.0500	grad_norm:                 0.2881	loss:                      0.0087	qplex_td_error_abs:        0.0961
return_mean:               5.5941	return_std:                1.1393	test_battle_won_mean:      0.0000	test_dead_allies_mean:     9.3187
test_dead_enemies_mean:    3.3687	test_ep_length_mean:      30.1125	test_return_mean:          6.5127	test_return_std:           1.0276

[INFO 05:47:57] my_main t_env: 90164 / 2050000
[INFO 05:47:57] my_main Estimated time left: 5 hours, 40 minutes, 9 seconds. Time passed: 16 minutes, 53 seconds
[INFO 05:49:39] my_main Recent Stats | t_env:     100125 | Episode:     3241
battle_won_mean:           0.0006	dead_allies_mean:          9.4129	dead_enemies_mean:         3.0264	ep_length_mean:           30.1529
epsilon:                   0.0500	grad_norm:                 0.3302	loss:                      0.0098	qplex_td_error_abs:        0.1024
return_mean:               6.1840	return_std:                1.2267	test_battle_won_mean:      0.0000	test_dead_allies_mean:     9.4125
test_dead_enemies_mean:    3.6125	test_ep_length_mean:      31.3375	test_return_mean:          6.8789	test_return_std:           1.0854

[INFO 05:49:40] my_main t_env: 100192 / 2050000
[INFO 05:49:40] my_main Estimated time left: 5 hours, 32 minutes, 8 seconds. Time passed: 18 minutes, 35 seconds
[INFO 05:51:20] my_main Recent Stats | t_env:     110133 | Episode:     3550
battle_won_mean:           0.0006	dead_allies_mean:          9.4333	dead_enemies_mean:         3.3586	ep_length_mean:           30.9227
epsilon:                   0.0500	grad_norm:                 0.3643	loss:                      0.0107	qplex_td_error_abs:        0.1071
return_mean:               6.5359	return_std:                1.2645	test_battle_won_mean:      0.0000	test_dead_allies_mean:     9.3938
test_dead_enemies_mean:    3.7188	test_ep_length_mean:      31.3375	test_return_mean:          6.9857	test_return_std:           1.1124

[INFO 05:51:21] my_main t_env: 110192 / 2050000
[INFO 05:51:21] my_main Estimated time left: 5 hours, 28 minutes, 13 seconds. Time passed: 20 minutes, 17 seconds
RequestQuit command received.
Closing Application...
DataHandler: unable to parse websocket frame.
CloseHandler: 127.0.0.1:36190 disconnected
[INFO 05:51:48] absl Shutdown gracefully.
[INFO 05:51:48] absl Shutdown with return code: -15
[INFO 05:51:48] absl Launching SC2: /labmount/users/202535331/MARL/pymarl-monotone-qmix/3rdparty/StarCraftII/Versions/Base75689/SC2_x64 -listen 127.0.0.1 -port 40963 -dataDir /labmount/users/202535331/MARL/pymarl-monotone-qmix/3rdparty/StarCraftII/ -tempDir /tmp/sc-0ejqdj5t/
[INFO 05:51:48] absl Connecting to: ws://127.0.0.1:40963/sc2api, attempt: 0, running: True
Version: B75689 (SC2.4.10)
Build: Aug 12 2019 17:16:57
Command Line: '"/labmount/users/202535331/MARL/pymarl-monotone-qmix/3rdparty/StarCraftII/Versions/Base75689/SC2_x64" -listen 127.0.0.1 -port 40963 -dataDir /labmount/users/202535331/MARL/pymarl-monotone-qmix/3rdparty/StarCraftII/ -tempDir /tmp/sc-0ejqdj5t/'
Starting up...
Startup Phase 1 complete
[INFO 05:51:49] absl Connecting to: ws://127.0.0.1:40963/sc2api, attempt: 1, running: True
Startup Phase 2 complete
Creating stub renderer...
Listening on: 127.0.0.1:40963
Startup Phase 3 complete. Ready for commands.
[INFO 05:51:50] absl Connecting to: ws://127.0.0.1:40963/sc2api, attempt: 2, running: True
ConnectHandler: Request from 127.0.0.1:57390 accepted
ReadyHandler: 127.0.0.1:57390 ready
Requesting to join a single player game
Configuring interface options
Configure: raw interface enabled
Configure: feature layer interface disabled
Configure: score interface disabled
Configure: render interface disabled
Launching next game.
Next launch phase started: 2
Next launch phase started: 3
Next launch phase started: 4
Next launch phase started: 5
Next launch phase started: 6
Next launch phase started: 7
Next launch phase started: 8
Game has started.
Using default stable ids, none found at: /labmount/users/202535331/MARL/pymarl-monotone-qmix/3rdparty/StarCraftII/stableid.json
Successfully loaded stable ids: GameData\stableid.json
Sending ResponseJoinGame
[INFO 05:53:12] my_main Recent Stats | t_env:     120140 | Episode:     3866
battle_won_mean:           0.0013	dead_allies_mean:          9.4182	dead_enemies_mean:         3.5128	ep_length_mean:           31.1877
epsilon:                   0.0500	grad_norm:                 0.3225	loss:                      0.0116	qplex_td_error_abs:        0.1119
return_mean:               6.6889	return_std:                1.3433	test_battle_won_mean:      0.0063	test_dead_allies_mean:     9.3688
test_dead_enemies_mean:    3.9312	test_ep_length_mean:      32.0375	test_return_mean:          7.1807	test_return_std:           1.3620

[INFO 05:53:12] my_main t_env: 120208 / 2050000
[INFO 05:53:12] my_main Estimated time left: 5 hours, 57 minutes, 42 seconds. Time passed: 22 minutes, 8 seconds
[INFO 05:54:59] my_main Recent Stats | t_env:     130154 | Episode:     4175
battle_won_mean:           0.0013	dead_allies_mean:          9.4121	dead_enemies_mean:         3.5761	ep_length_mean:           31.3418
epsilon:                   0.0500	grad_norm:                 0.3504	loss:                      0.0125	qplex_td_error_abs:        0.1162
return_mean:               6.7876	return_std:                1.3997	test_battle_won_mean:      0.0063	test_dead_allies_mean:     9.3438
test_dead_enemies_mean:    4.1188	test_ep_length_mean:      32.5688	test_return_mean:          7.3383	test_return_std:           1.4087

[INFO 05:54:59] my_main t_env: 130233 / 2050000
[INFO 05:54:59] my_main Estimated time left: 5 hours, 40 minutes, 50 seconds. Time passed: 23 minutes, 55 seconds
[INFO 05:56:46] my_main Recent Stats | t_env:     140159 | Episode:     4489
battle_won_mean:           0.0013	dead_allies_mean:          9.4205	dead_enemies_mean:         3.7252	ep_length_mean:           31.6918
epsilon:                   0.0500	grad_norm:                 0.3379	loss:                      0.0129	qplex_td_error_abs:        0.1171
return_mean:               6.9271	return_std:                1.4339	test_battle_won_mean:      0.0063	test_dead_allies_mean:     9.3688
test_dead_enemies_mean:    4.1937	test_ep_length_mean:      32.8750	test_return_mean:          7.4408	test_return_std:           1.4703

[INFO 05:56:47] my_main t_env: 140250 / 2050000
[INFO 05:56:47] my_main Estimated time left: 5 hours, 41 minutes, 20 seconds. Time passed: 25 minutes, 43 seconds
[INFO 05:58:31] my_main Recent Stats | t_env:     150187 | Episode:     4798
battle_won_mean:           0.0013	dead_allies_mean:          9.4216	dead_enemies_mean:         3.8273	ep_length_mean:           31.9476
epsilon:                   0.0500	grad_norm:                 0.3478	loss:                      0.0136	qplex_td_error_abs:        0.1204
return_mean:               7.0052	return_std:                1.4317	test_battle_won_mean:      0.0063	test_dead_allies_mean:     9.3625
test_dead_enemies_mean:    4.3937	test_ep_length_mean:      33.2188	test_return_mean:          7.5742	test_return_std:           1.5032

[INFO 05:58:32] my_main t_env: 150281 / 2050000
[INFO 05:58:32] my_main Estimated time left: 5 hours, 33 minutes, 19 seconds. Time passed: 27 minutes, 28 seconds
[INFO 06:00:15] my_main Recent Stats | t_env:     160214 | Episode:     5086
battle_won_mean:           0.0013	dead_allies_mean:          9.4418	dead_enemies_mean:         3.8241	ep_length_mean:           32.1530
epsilon:                   0.0500	grad_norm:                 0.4596	loss:                      0.0149	qplex_td_error_abs:        0.1263
return_mean:               7.0182	return_std:                1.3924	test_battle_won_mean:      0.0063	test_dead_allies_mean:     9.4187
test_dead_enemies_mean:    4.5312	test_ep_length_mean:      33.9625	test_return_mean:          7.7423	test_return_std:           1.5519

[INFO 06:00:16] my_main t_env: 160300 / 2050000
[INFO 06:00:16] my_main Estimated time left: 5 hours, 25 minutes, 30 seconds. Time passed: 29 minutes, 12 seconds
[INFO 06:01:58] my_main Recent Stats | t_env:     170240 | Episode:     5377
battle_won_mean:           0.0013	dead_allies_mean:          9.4983	dead_enemies_mean:         3.9238	ep_length_mean:           32.6381
epsilon:                   0.0500	grad_norm:                 0.4697	loss:                      0.0156	qplex_td_error_abs:        0.1290
return_mean:               7.1400	return_std:                1.3885	test_battle_won_mean:      0.0000	test_dead_allies_mean:     9.4750
test_dead_enemies_mean:    4.4500	test_ep_length_mean:      33.8625	test_return_mean:          7.6484	test_return_std:           1.2934

[INFO 06:01:59] my_main t_env: 170337 / 2050000
[INFO 06:01:59] my_main Estimated time left: 5 hours, 22 minutes, 15 seconds. Time passed: 30 minutes, 55 seconds
RequestQuit command received.
Closing Application...
DataHandler: unable to parse websocket frame.
CloseHandler: 127.0.0.1:57390 disconnected
[INFO 06:02:11] absl Shutdown gracefully.
[INFO 06:02:11] absl Shutdown with return code: -15
[INFO 06:02:11] absl Launching SC2: /labmount/users/202535331/MARL/pymarl-monotone-qmix/3rdparty/StarCraftII/Versions/Base75689/SC2_x64 -listen 127.0.0.1 -port 46599 -dataDir /labmount/users/202535331/MARL/pymarl-monotone-qmix/3rdparty/StarCraftII/ -tempDir /tmp/sc-goe3x33r/
[INFO 06:02:11] absl Connecting to: ws://127.0.0.1:46599/sc2api, attempt: 0, running: True
Version: B75689 (SC2.4.10)
Build: Aug 12 2019 17:16:57
Command Line: '"/labmount/users/202535331/MARL/pymarl-monotone-qmix/3rdparty/StarCraftII/Versions/Base75689/SC2_x64" -listen 127.0.0.1 -port 46599 -dataDir /labmount/users/202535331/MARL/pymarl-monotone-qmix/3rdparty/StarCraftII/ -tempDir /tmp/sc-goe3x33r/'
Starting up...
Startup Phase 1 complete
[INFO 06:02:12] absl Connecting to: ws://127.0.0.1:46599/sc2api, attempt: 1, running: True
Startup Phase 2 complete
Creating stub renderer...
Listening on: 127.0.0.1:46599
Startup Phase 3 complete. Ready for commands.
[INFO 06:02:13] absl Connecting to: ws://127.0.0.1:46599/sc2api, attempt: 2, running: True
ConnectHandler: Request from 127.0.0.1:38128 accepted
ReadyHandler: 127.0.0.1:38128 ready
Requesting to join a single player game
Configuring interface options
Configure: raw interface enabled
Configure: feature layer interface disabled
Configure: score interface disabled
Configure: render interface disabled
Launching next game.
Next launch phase started: 2
Next launch phase started: 3
Next launch phase started: 4
Next launch phase started: 5
Next launch phase started: 6
Next launch phase started: 7
Next launch phase started: 8
Game has started.
Using default stable ids, none found at: /labmount/users/202535331/MARL/pymarl-monotone-qmix/3rdparty/StarCraftII/stableid.json
Successfully loaded stable ids: GameData\stableid.json
Sending ResponseJoinGame
[INFO 06:03:43] my_main Recent Stats | t_env:     180275 | Episode:     5648
battle_won_mean:           0.0013	dead_allies_mean:          9.5448	dead_enemies_mean:         3.9948	ep_length_mean:           33.2209
epsilon:                   0.0500	grad_norm:                 0.5339	loss:                      0.0163	qplex_td_error_abs:        0.1331
return_mean:               7.2150	return_std:                1.3859	test_battle_won_mean:      0.0000	test_dead_allies_mean:     9.5062
test_dead_enemies_mean:    4.5125	test_ep_length_mean:      33.8062	test_return_mean:          7.6735	test_return_std:           1.2985

[INFO 06:03:44] my_main t_env: 180344 / 2050000
[INFO 06:03:44] my_main Estimated time left: 5 hours, 25 minutes, 26 seconds. Time passed: 32 minutes, 39 seconds
[INFO 06:05:19] my_main Recent Stats | t_env:     190293 | Episode:     5901
battle_won_mean:           0.0007	dead_allies_mean:          9.5898	dead_enemies_mean:         4.0066	ep_length_mean:           34.1175
epsilon:                   0.0500	grad_norm:                 0.4688	loss:                      0.0157	qplex_td_error_abs:        0.1312
return_mean:               7.2834	return_std:                1.3805	test_battle_won_mean:      0.0000	test_dead_allies_mean:     9.5813
test_dead_enemies_mean:    4.7562	test_ep_length_mean:      35.6250	test_return_mean:          7.9155	test_return_std:           1.3219

[INFO 06:05:20] my_main t_env: 190373 / 2050000
[INFO 06:05:20] my_main Estimated time left: 4 hours, 56 minutes, 48 seconds. Time passed: 34 minutes, 16 seconds
[INFO 06:06:55] my_main Recent Stats | t_env:     200298 | Episode:     6140
battle_won_mean:           0.0023	dead_allies_mean:          9.6467	dead_enemies_mean:         4.0172	ep_length_mean:           35.6856
epsilon:                   0.0500	grad_norm:                 0.6561	loss:                      0.0180	qplex_td_error_abs:        0.1405
return_mean:               7.4032	return_std:                1.4617	test_battle_won_mean:      0.0000	test_dead_allies_mean:     9.6438
test_dead_enemies_mean:    4.7375	test_ep_length_mean:      37.4813	test_return_mean:          8.0370	test_return_std:           1.3619

[INFO 06:06:56] my_main t_env: 200385 / 2050000
[INFO 06:06:56] my_main Estimated time left: 4 hours, 56 minutes, 19 seconds. Time passed: 35 minutes, 52 seconds
[INFO 06:08:30] my_main Recent Stats | t_env:     210330 | Episode:     6376
battle_won_mean:           0.0023	dead_allies_mean:          9.7083	dead_enemies_mean:         4.1051	ep_length_mean:           37.5713
epsilon:                   0.0500	grad_norm:                 0.8067	loss:                      0.0206	qplex_td_error_abs:        0.1501
return_mean:               7.5774	return_std:                1.4994	test_battle_won_mean:      0.0000	test_dead_allies_mean:     9.7125
test_dead_enemies_mean:    4.7313	test_ep_length_mean:      39.1375	test_return_mean:          8.1147	test_return_std:           1.3743

[INFO 06:08:31] my_main t_env: 210423 / 2050000
[INFO 06:08:31] my_main Estimated time left: 4 hours, 50 minutes, 33 seconds. Time passed: 37 minutes, 27 seconds
[INFO 06:10:04] my_main Recent Stats | t_env:     220358 | Episode:     6605
battle_won_mean:           0.0016	dead_allies_mean:          9.7588	dead_enemies_mean:         4.0875	ep_length_mean:           39.1204
epsilon:                   0.0500	grad_norm:                 0.9382	loss:                      0.0218	qplex_td_error_abs:        0.1553
return_mean:               7.6302	return_std:                1.4908	test_battle_won_mean:      0.0000	test_dead_allies_mean:     9.7875
test_dead_enemies_mean:    4.8250	test_ep_length_mean:      41.0000	test_return_mean:          8.2801	test_return_std:           1.4585

[INFO 06:10:04] my_main t_env: 220433 / 2050000
[INFO 06:10:04] my_main Estimated time left: 4 hours, 44 minutes, 32 seconds. Time passed: 39 minutes, 0 seconds
RequestQuit command received.
Closing Application...
DataHandler: unable to parse websocket frame.
CloseHandler: 127.0.0.1:38128 disconnected
[INFO 06:11:25] absl Shutdown gracefully.
[INFO 06:11:25] absl Shutdown with return code: -15
[INFO 06:11:25] absl Launching SC2: /labmount/users/202535331/MARL/pymarl-monotone-qmix/3rdparty/StarCraftII/Versions/Base75689/SC2_x64 -listen 127.0.0.1 -port 46689 -dataDir /labmount/users/202535331/MARL/pymarl-monotone-qmix/3rdparty/StarCraftII/ -tempDir /tmp/sc-z9ftew3s/
[INFO 06:11:25] absl Connecting to: ws://127.0.0.1:46689/sc2api, attempt: 0, running: True
Version: B75689 (SC2.4.10)
Build: Aug 12 2019 17:16:57
Command Line: '"/labmount/users/202535331/MARL/pymarl-monotone-qmix/3rdparty/StarCraftII/Versions/Base75689/SC2_x64" -listen 127.0.0.1 -port 46689 -dataDir /labmount/users/202535331/MARL/pymarl-monotone-qmix/3rdparty/StarCraftII/ -tempDir /tmp/sc-z9ftew3s/'
Starting up...
Startup Phase 1 complete
[INFO 06:11:26] absl Connecting to: ws://127.0.0.1:46689/sc2api, attempt: 1, running: True
Startup Phase 2 complete
Creating stub renderer...
Listening on: 127.0.0.1:46689
Startup Phase 3 complete. Ready for commands.
[INFO 06:11:27] absl Connecting to: ws://127.0.0.1:46689/sc2api, attempt: 2, running: True
ConnectHandler: Request from 127.0.0.1:37500 accepted
ReadyHandler: 127.0.0.1:37500 ready
Requesting to join a single player game
Configuring interface options
Configure: raw interface enabled
Configure: feature layer interface disabled
Configure: score interface disabled
Configure: render interface disabled
Launching next game.
Next launch phase started: 2
Next launch phase started: 3
Next launch phase started: 4
Next launch phase started: 5
Next launch phase started: 6
Next launch phase started: 7
Next launch phase started: 8
Game has started.
Using default stable ids, none found at: /labmount/users/202535331/MARL/pymarl-monotone-qmix/3rdparty/StarCraftII/stableid.json
Successfully loaded stable ids: GameData\stableid.json
Sending ResponseJoinGame
[INFO 06:11:43] my_main Recent Stats | t_env:     230378 | Episode:     6830
battle_won_mean:           0.0016	dead_allies_mean:          9.8133	dead_enemies_mean:         4.1084	ep_length_mean:           40.9407
epsilon:                   0.0500	grad_norm:                 1.0797	loss:                      0.0236	qplex_td_error_abs:        0.1605
return_mean:               7.7272	return_std:                1.5436	test_battle_won_mean:      0.0000	test_dead_allies_mean:     9.8625
test_dead_enemies_mean:    4.8812	test_ep_length_mean:      43.4688	test_return_mean:          8.4118	test_return_std:           1.4630

[INFO 06:11:43] my_main t_env: 230465 / 2050000
[INFO 06:11:43] my_main Estimated time left: 4 hours, 58 minutes, 58 seconds. Time passed: 40 minutes, 39 seconds
[INFO 06:13:13] my_main Recent Stats | t_env:     240391 | Episode:     7036
battle_won_mean:           0.0016	dead_allies_mean:          9.8570	dead_enemies_mean:         4.1348	ep_length_mean:           42.4728
epsilon:                   0.0500	grad_norm:                 1.2587	loss:                      0.0258	qplex_td_error_abs:        0.1673
return_mean:               7.7908	return_std:                1.5621	test_battle_won_mean:      0.0000	test_dead_allies_mean:     9.8313
test_dead_enemies_mean:    4.6312	test_ep_length_mean:      45.6562	test_return_mean:          8.2708	test_return_std:           1.4130

[INFO 06:13:14] my_main t_env: 240473 / 2050000
[INFO 06:13:14] my_main Estimated time left: 4 hours, 33 minutes, 39 seconds. Time passed: 42 minutes, 10 seconds
[INFO 06:14:47] my_main Recent Stats | t_env:     250394 | Episode:     7242
battle_won_mean:           0.0000	dead_allies_mean:          9.8915	dead_enemies_mean:         4.1510	ep_length_mean:           44.2612
epsilon:                   0.0500	grad_norm:                 1.2064	loss:                      0.0258	qplex_td_error_abs:        0.1662
return_mean:               7.8327	return_std:                1.5398	test_battle_won_mean:      0.0000	test_dead_allies_mean:     9.8562
test_dead_enemies_mean:    4.8312	test_ep_length_mean:      47.3375	test_return_mean:          8.4484	test_return_std:           1.5482

[INFO 06:14:48] my_main t_env: 250479 / 2050000
[INFO 06:14:48] my_main Estimated time left: 4 hours, 41 minutes, 32 seconds. Time passed: 43 minutes, 44 seconds
[INFO 06:16:23] my_main Recent Stats | t_env:     260436 | Episode:     7458
battle_won_mean:           0.0010	dead_allies_mean:          9.9108	dead_enemies_mean:         4.1511	ep_length_mean:           45.5975
epsilon:                   0.0500	grad_norm:                 0.9894	loss:                      0.0243	qplex_td_error_abs:        0.1579
return_mean:               7.8445	return_std:                1.6059	test_battle_won_mean:      0.0000	test_dead_allies_mean:     9.8750
test_dead_enemies_mean:    4.8063	test_ep_length_mean:      48.2062	test_return_mean:          8.4528	test_return_std:           1.6538

[INFO 06:16:23] my_main t_env: 260515 / 2050000
[INFO 06:16:23] my_main Estimated time left: 4 hours, 42 minutes, 54 seconds. Time passed: 45 minutes, 19 seconds
[INFO 06:18:02] my_main Recent Stats | t_env:     270454 | Episode:     7691
battle_won_mean:           0.0010	dead_allies_mean:          9.9170	dead_enemies_mean:         4.2259	ep_length_mean:           46.3834
epsilon:                   0.0500	grad_norm:                 0.9328	loss:                      0.0236	qplex_td_error_abs:        0.1546
return_mean:               7.8755	return_std:                1.6374	test_battle_won_mean:      0.0000	test_dead_allies_mean:     9.8812
test_dead_enemies_mean:    4.9875	test_ep_length_mean:      48.7375	test_return_mean:          8.6718	test_return_std:           1.6495

[INFO 06:18:02] my_main t_env: 270533 / 2050000
[INFO 06:18:02] my_main Estimated time left: 4 hours, 53 minutes, 38 seconds. Time passed: 46 minutes, 58 seconds
[INFO 06:19:39] my_main Recent Stats | t_env:     280490 | Episode:     7920
battle_won_mean:           0.0010	dead_allies_mean:          9.9328	dead_enemies_mean:         4.3756	ep_length_mean:           46.2401
epsilon:                   0.0500	grad_norm:                 0.8442	loss:                      0.0233	qplex_td_error_abs:        0.1535
return_mean:               8.0081	return_std:                1.6257	test_battle_won_mean:      0.0000	test_dead_allies_mean:     9.8812
test_dead_enemies_mean:    4.9625	test_ep_length_mean:      48.1500	test_return_mean:          8.7068	test_return_std:           1.6333

[INFO 06:19:40] my_main t_env: 280574 / 2050000
[INFO 06:19:40] my_main Estimated time left: 4 hours, 47 minutes, 44 seconds. Time passed: 48 minutes, 36 seconds
RequestQuit command received.
Closing Application...
DataHandler: unable to parse websocket frame.
CloseHandler: 127.0.0.1:37500 disconnected
[INFO 06:20:31] absl Shutdown gracefully.
[INFO 06:20:31] absl Shutdown with return code: -15
[INFO 06:20:31] absl Launching SC2: /labmount/users/202535331/MARL/pymarl-monotone-qmix/3rdparty/StarCraftII/Versions/Base75689/SC2_x64 -listen 127.0.0.1 -port 42193 -dataDir /labmount/users/202535331/MARL/pymarl-monotone-qmix/3rdparty/StarCraftII/ -tempDir /tmp/sc-j5mcjeaq/
[INFO 06:20:31] absl Connecting to: ws://127.0.0.1:42193/sc2api, attempt: 0, running: True
Version: B75689 (SC2.4.10)
Build: Aug 12 2019 17:16:57
Command Line: '"/labmount/users/202535331/MARL/pymarl-monotone-qmix/3rdparty/StarCraftII/Versions/Base75689/SC2_x64" -listen 127.0.0.1 -port 42193 -dataDir /labmount/users/202535331/MARL/pymarl-monotone-qmix/3rdparty/StarCraftII/ -tempDir /tmp/sc-j5mcjeaq/'
Starting up...
Startup Phase 1 complete
[INFO 06:20:32] absl Connecting to: ws://127.0.0.1:42193/sc2api, attempt: 1, running: True
Startup Phase 2 complete
Creating stub renderer...
Listening on: 127.0.0.1:42193
Startup Phase 3 complete. Ready for commands.
[INFO 06:20:33] absl Connecting to: ws://127.0.0.1:42193/sc2api, attempt: 2, running: True
ConnectHandler: Request from 127.0.0.1:39762 accepted
ReadyHandler: 127.0.0.1:39762 ready
Requesting to join a single player game
Configuring interface options
Configure: raw interface enabled
Configure: feature layer interface disabled
Configure: score interface disabled
Configure: render interface disabled
Launching next game.
Next launch phase started: 2
Next launch phase started: 3
Next launch phase started: 4
Next launch phase started: 5
Next launch phase started: 6
Next launch phase started: 7
Next launch phase started: 8
Game has started.
Using default stable ids, none found at: /labmount/users/202535331/MARL/pymarl-monotone-qmix/3rdparty/StarCraftII/stableid.json
Successfully loaded stable ids: GameData\stableid.json
Sending ResponseJoinGame
[INFO 06:21:29] my_main Recent Stats | t_env:     290522 | Episode:     8160
battle_won_mean:           0.0010	dead_allies_mean:          9.9507	dead_enemies_mean:         4.4789	ep_length_mean:           46.0922
epsilon:                   0.0500	grad_norm:                 0.7799	loss:                      0.0221	qplex_td_error_abs:        0.1500
return_mean:               8.0861	return_std:                1.6043	test_battle_won_mean:      0.0000	test_dead_allies_mean:     9.9625
test_dead_enemies_mean:    5.1625	test_ep_length_mean:      46.1187	test_return_mean:          8.8048	test_return_std:           1.6282

[INFO 06:21:29] my_main t_env: 290620 / 2050000
[INFO 06:21:29] my_main Estimated time left: 5 hours, 18 minutes, 13 seconds. Time passed: 50 minutes, 25 seconds
[INFO 06:23:10] my_main Recent Stats | t_env:     300606 | Episode:     8396
battle_won_mean:           0.0010	dead_allies_mean:          9.9591	dead_enemies_mean:         4.6946	ep_length_mean:           44.7474
epsilon:                   0.0500	grad_norm:                 0.5895	loss:                      0.0203	qplex_td_error_abs:        0.1430
return_mean:               8.2669	return_std:                1.5993	test_battle_won_mean:      0.0000	test_dead_allies_mean:     9.9563
test_dead_enemies_mean:    5.2375	test_ep_length_mean:      45.7188	test_return_mean:          8.8430	test_return_std:           1.5402

[INFO 06:23:11] my_main t_env: 300646 / 2050000
[INFO 06:23:11] my_main Estimated time left: 4 hours, 54 minutes, 38 seconds. Time passed: 52 minutes, 7 seconds
[INFO 06:24:51] my_main Recent Stats | t_env:     310643 | Episode:     8629
battle_won_mean:           0.0009	dead_allies_mean:          9.9698	dead_enemies_mean:         4.8804	ep_length_mean:           43.5656
epsilon:                   0.0500	grad_norm:                 0.6664	loss:                      0.0208	qplex_td_error_abs:        0.1455
return_mean:               8.4068	return_std:                1.5637	test_battle_won_mean:      0.0000	test_dead_allies_mean:     9.9625
test_dead_enemies_mean:    5.5375	test_ep_length_mean:      45.1625	test_return_mean:          9.0858	test_return_std:           1.5055

[INFO 06:24:51] my_main t_env: 310679 / 2050000
[INFO 06:24:51] my_main Estimated time left: 4 hours, 50 minutes, 16 seconds. Time passed: 53 minutes, 47 seconds
[INFO 06:26:35] my_main Recent Stats | t_env:     320673 | Episode:     8875
battle_won_mean:           0.0009	dead_allies_mean:          9.9711	dead_enemies_mean:         4.9876	ep_length_mean:           42.8850
epsilon:                   0.0500	grad_norm:                 0.6138	loss:                      0.0209	qplex_td_error_abs:        0.1440
return_mean:               8.5347	return_std:                1.5032	test_battle_won_mean:      0.0000	test_dead_allies_mean:     9.9688
test_dead_enemies_mean:    5.5375	test_ep_length_mean:      44.3250	test_return_mean:          9.0655	test_return_std:           1.4467

[INFO 06:26:36] my_main t_env: 320708 / 2050000
[INFO 06:26:36] my_main Estimated time left: 5 hours, 58 seconds. Time passed: 55 minutes, 32 seconds
[INFO 06:28:18] my_main Recent Stats | t_env:     330698 | Episode:     9118
battle_won_mean:           0.0009	dead_allies_mean:          9.9729	dead_enemies_mean:         5.0008	ep_length_mean:           42.4395
epsilon:                   0.0500	grad_norm:                 0.6963	loss:                      0.0220	qplex_td_error_abs:        0.1442
return_mean:               8.5565	return_std:                1.4888	test_battle_won_mean:      0.0000	test_dead_allies_mean:     9.9750
test_dead_enemies_mean:    5.6250	test_ep_length_mean:      43.9625	test_return_mean:          9.1250	test_return_std:           1.4573

[INFO 06:28:19] my_main t_env: 330735 / 2050000
[INFO 06:28:19] my_main Estimated time left: 4 hours, 53 minutes, 40 seconds. Time passed: 57 minutes, 15 seconds
[INFO 06:30:02] my_main Recent Stats | t_env:     340707 | Episode:     9353
battle_won_mean:           0.0017	dead_allies_mean:          9.9723	dead_enemies_mean:         5.0725	ep_length_mean:           41.9228
epsilon:                   0.0500	grad_norm:                 0.7637	loss:                      0.0240	qplex_td_error_abs:        0.1496
return_mean:               8.6344	return_std:                1.4980	test_battle_won_mean:      0.0063	test_dead_allies_mean:     9.9375
test_dead_enemies_mean:    5.8563	test_ep_length_mean:      45.0438	test_return_mean:          9.4497	test_return_std:           1.6699

[INFO 06:30:02] my_main t_env: 340755 / 2050000
[INFO 06:30:02] my_main Estimated time left: 4 hours, 53 minutes, 33 seconds. Time passed: 58 minutes, 58 seconds
RequestQuit command received.
Closing Application...
DataHandler: unable to parse websocket frame.
CloseHandler: 127.0.0.1:39762 disconnected
[INFO 06:30:18] absl Shutdown gracefully.
[INFO 06:30:18] absl Shutdown with return code: -15
[INFO 06:30:18] absl Launching SC2: /labmount/users/202535331/MARL/pymarl-monotone-qmix/3rdparty/StarCraftII/Versions/Base75689/SC2_x64 -listen 127.0.0.1 -port 44765 -dataDir /labmount/users/202535331/MARL/pymarl-monotone-qmix/3rdparty/StarCraftII/ -tempDir /tmp/sc-lhra6w4x/
[INFO 06:30:18] absl Connecting to: ws://127.0.0.1:44765/sc2api, attempt: 0, running: True
Version: B75689 (SC2.4.10)
Build: Aug 12 2019 17:16:57
Command Line: '"/labmount/users/202535331/MARL/pymarl-monotone-qmix/3rdparty/StarCraftII/Versions/Base75689/SC2_x64" -listen 127.0.0.1 -port 44765 -dataDir /labmount/users/202535331/MARL/pymarl-monotone-qmix/3rdparty/StarCraftII/ -tempDir /tmp/sc-lhra6w4x/'
Starting up...
Startup Phase 1 complete
[INFO 06:30:19] absl Connecting to: ws://127.0.0.1:44765/sc2api, attempt: 1, running: True
Startup Phase 2 complete
Creating stub renderer...
Listening on: 127.0.0.1:44765
Startup Phase 3 complete. Ready for commands.
[INFO 06:30:20] absl Connecting to: ws://127.0.0.1:44765/sc2api, attempt: 2, running: True
ConnectHandler: Request from 127.0.0.1:33082 accepted
ReadyHandler: 127.0.0.1:33082 ready
Requesting to join a single player game
Configuring interface options
Configure: raw interface enabled
Configure: feature layer interface disabled
Configure: score interface disabled
Configure: render interface disabled
Launching next game.
Next launch phase started: 2
Next launch phase started: 3
Next launch phase started: 4
Next launch phase started: 5
Next launch phase started: 6
Next launch phase started: 7
Next launch phase started: 8
Game has started.
Using default stable ids, none found at: /labmount/users/202535331/MARL/pymarl-monotone-qmix/3rdparty/StarCraftII/stableid.json
Successfully loaded stable ids: GameData\stableid.json
Sending ResponseJoinGame
[INFO 06:31:53] my_main Recent Stats | t_env:     350710 | Episode:     9585
battle_won_mean:           0.0017	dead_allies_mean:          9.9814	dead_enemies_mean:         5.1007	ep_length_mean:           42.0788
epsilon:                   0.0500	grad_norm:                 0.8540	loss:                      0.0253	qplex_td_error_abs:        0.1538
return_mean:               8.6773	return_std:                1.5027	test_battle_won_mean:      0.0063	test_dead_allies_mean:     9.9500
test_dead_enemies_mean:    5.8438	test_ep_length_mean:      44.7125	test_return_mean:          9.4470	test_return_std:           1.5497

[INFO 06:31:54] my_main t_env: 350788 / 2050000
[INFO 06:31:54] my_main Estimated time left: 5 hours, 16 minutes, 26 seconds. Time passed: 1 hours, 50 seconds
[INFO 06:33:45] my_main Recent Stats | t_env:     360743 | Episode:     9828
battle_won_mean:           0.0008	dead_allies_mean:          9.9771	dead_enemies_mean:         5.1017	ep_length_mean:           42.1580
epsilon:                   0.0500	grad_norm:                 0.7550	loss:                      0.0241	qplex_td_error_abs:        0.1499
return_mean:               8.7340	return_std:                1.4881	test_battle_won_mean:      0.0063	test_dead_allies_mean:     9.9500
test_dead_enemies_mean:    5.7750	test_ep_length_mean:      44.3375	test_return_mean:          9.4575	test_return_std:           1.4650

[INFO 06:33:46] my_main t_env: 360814 / 2050000
[INFO 06:33:46] my_main Estimated time left: 5 hours, 13 minutes, 26 seconds. Time passed: 1 hours, 2 minutes, 42 seconds
[INFO 06:35:32] my_main Recent Stats | t_env:     370748 | Episode:    10065
battle_won_mean:           0.0008	dead_allies_mean:          9.9814	dead_enemies_mean:         5.0749	ep_length_mean:           41.7979
epsilon:                   0.0500	grad_norm:                 0.7699	loss:                      0.0240	qplex_td_error_abs:        0.1503
return_mean:               8.7175	return_std:                1.4848	test_battle_won_mean:      0.0063	test_dead_allies_mean:     9.9500
test_dead_enemies_mean:    5.7500	test_ep_length_mean:      44.2500	test_return_mean:          9.4143	test_return_std:           1.4740

[INFO 06:35:33] my_main t_env: 370832 / 2050000
[INFO 06:35:33] my_main Estimated time left: 4 hours, 59 minutes, 40 seconds. Time passed: 1 hours, 4 minutes, 29 seconds
[INFO 06:37:19] my_main Recent Stats | t_env:     380764 | Episode:    10302
battle_won_mean:           0.0025	dead_allies_mean:          9.9738	dead_enemies_mean:         5.1430	ep_length_mean:           42.0982
epsilon:                   0.0500	grad_norm:                 0.6125	loss:                      0.0215	qplex_td_error_abs:        0.1439
return_mean:               8.7979	return_std:                1.5236	test_battle_won_mean:      0.0063	test_dead_allies_mean:     9.9375
test_dead_enemies_mean:    5.8688	test_ep_length_mean:      46.1500	test_return_mean:          9.5728	test_return_std:           1.5336

[INFO 06:37:20] my_main t_env: 380833 / 2050000
[INFO 06:37:20] my_main Estimated time left: 4 hours, 57 minutes, 5 seconds. Time passed: 1 hours, 6 minutes, 16 seconds
[INFO 06:39:09] my_main Recent Stats | t_env:     390773 | Episode:    10554
battle_won_mean:           0.0017	dead_allies_mean:          9.9754	dead_enemies_mean:         5.2472	ep_length_mean:           42.2852
epsilon:                   0.0500	grad_norm:                 0.6612	loss:                      0.0203	qplex_td_error_abs:        0.1403
return_mean:               8.9089	return_std:                1.5118	test_battle_won_mean:      0.0000	test_dead_allies_mean:     9.9750
test_dead_enemies_mean:    5.9250	test_ep_length_mean:      45.4500	test_return_mean:          9.5323	test_return_std:           1.3584

[INFO 06:39:10] my_main t_env: 390867 / 2050000
[INFO 06:39:10] my_main Estimated time left: 5 hours, 4 minutes, 51 seconds. Time passed: 1 hours, 8 minutes, 6 seconds
RequestQuit command received.
Closing Application...
DataHandler: unable to parse websocket frame.
CloseHandler: 127.0.0.1:33082 disconnected
[INFO 06:40:46] absl Shutdown gracefully.
[INFO 06:40:46] absl Shutdown with return code: -15
[INFO 06:40:46] absl Launching SC2: /labmount/users/202535331/MARL/pymarl-monotone-qmix/3rdparty/StarCraftII/Versions/Base75689/SC2_x64 -listen 127.0.0.1 -port 35585 -dataDir /labmount/users/202535331/MARL/pymarl-monotone-qmix/3rdparty/StarCraftII/ -tempDir /tmp/sc-bj4bbvs4/
[INFO 06:40:46] absl Connecting to: ws://127.0.0.1:35585/sc2api, attempt: 0, running: True
Version: B75689 (SC2.4.10)
Build: Aug 12 2019 17:16:57
Command Line: '"/labmount/users/202535331/MARL/pymarl-monotone-qmix/3rdparty/StarCraftII/Versions/Base75689/SC2_x64" -listen 127.0.0.1 -port 35585 -dataDir /labmount/users/202535331/MARL/pymarl-monotone-qmix/3rdparty/StarCraftII/ -tempDir /tmp/sc-bj4bbvs4/'
Starting up...
Startup Phase 1 complete
[INFO 06:40:47] absl Connecting to: ws://127.0.0.1:35585/sc2api, attempt: 1, running: True
Startup Phase 2 complete
Creating stub renderer...
Listening on: 127.0.0.1:35585
Startup Phase 3 complete. Ready for commands.
[INFO 06:40:48] absl Connecting to: ws://127.0.0.1:35585/sc2api, attempt: 2, running: True
ConnectHandler: Request from 127.0.0.1:45912 accepted
ReadyHandler: 127.0.0.1:45912 ready
Requesting to join a single player game
Configuring interface options
Configure: raw interface enabled
Configure: feature layer interface disabled
Configure: score interface disabled
Configure: render interface disabled
Launching next game.
Next launch phase started: 2
Next launch phase started: 3
Next launch phase started: 4
Next launch phase started: 5
Next launch phase started: 6
Next launch phase started: 7
Next launch phase started: 8
Game has started.
Using default stable ids, none found at: /labmount/users/202535331/MARL/pymarl-monotone-qmix/3rdparty/StarCraftII/stableid.json
Successfully loaded stable ids: GameData\stableid.json
Sending ResponseJoinGame
[INFO 06:41:03] my_main Recent Stats | t_env:     400786 | Episode:    10803
battle_won_mean:           0.0025	dead_allies_mean:          9.9722	dead_enemies_mean:         5.3481	ep_length_mean:           41.7210
epsilon:                   0.0500	grad_norm:                 0.6322	loss:                      0.0195	qplex_td_error_abs:        0.1385
return_mean:               9.0282	return_std:                1.5151	test_battle_won_mean:      0.0000	test_dead_allies_mean:     9.9875
test_dead_enemies_mean:    5.9000	test_ep_length_mean:      43.8937	test_return_mean:          9.5837	test_return_std:           1.4437

[INFO 06:41:04] my_main t_env: 400884 / 2050000
[INFO 06:41:04] my_main Estimated time left: 5 hours, 12 minutes, 9 seconds. Time passed: 1 hours, 10 minutes, 0 seconds
[INFO 06:42:54] my_main Recent Stats | t_env:     410801 | Episode:    11056
battle_won_mean:           0.0073	dead_allies_mean:          9.9569	dead_enemies_mean:         5.5835	ep_length_mean:           41.1548
epsilon:                   0.0500	grad_norm:                 0.6830	loss:                      0.0194	qplex_td_error_abs:        0.1386
return_mean:               9.2528	return_std:                1.6255	test_battle_won_mean:      0.0125	test_dead_allies_mean:     9.9625
test_dead_enemies_mean:    6.2188	test_ep_length_mean:      44.8375	test_return_mean:          9.9066	test_return_std:           1.6967

[INFO 06:42:55] my_main t_env: 410922 / 2050000
[INFO 06:42:55] my_main Estimated time left: 5 hours, 2 minutes, 2 seconds. Time passed: 1 hours, 11 minutes, 51 seconds
[INFO 06:44:44] my_main Recent Stats | t_env:     420883 | Episode:    11305
battle_won_mean:           0.0081	dead_allies_mean:          9.9546	dead_enemies_mean:         5.7644	ep_length_mean:           40.8069
epsilon:                   0.0500	grad_norm:                 0.8761	loss:                      0.0207	qplex_td_error_abs:        0.1430
return_mean:               9.4402	return_std:                1.6637	test_battle_won_mean:      0.0187	test_dead_allies_mean:     9.9250
test_dead_enemies_mean:    6.3875	test_ep_length_mean:      46.2188	test_return_mean:         10.2180	test_return_std:           1.9351

[INFO 06:44:44] my_main t_env: 420937 / 2050000
[INFO 06:44:44] my_main Estimated time left: 4 hours, 55 minutes, 13 seconds. Time passed: 1 hours, 13 minutes, 40 seconds
[INFO 06:46:29] my_main Recent Stats | t_env:     430908 | Episode:    11544
battle_won_mean:           0.0072	dead_allies_mean:          9.9614	dead_enemies_mean:         5.8242	ep_length_mean:           40.4622
epsilon:                   0.0500	grad_norm:                 0.8835	loss:                      0.0208	qplex_td_error_abs:        0.1442
return_mean:               9.5213	return_std:                1.6531	test_battle_won_mean:      0.0187	test_dead_allies_mean:     9.9375
test_dead_enemies_mean:    6.4875	test_ep_length_mean:      44.7188	test_return_mean:         10.2910	test_return_std:           1.9462

[INFO 06:46:30] my_main t_env: 430949 / 2050000
[INFO 06:46:30] my_main Estimated time left: 4 hours, 45 minutes, 29 seconds. Time passed: 1 hours, 15 minutes, 26 seconds
[INFO 06:48:16] my_main Recent Stats | t_env:     440936 | Episode:    11789
battle_won_mean:           0.0080	dead_allies_mean:          9.9606	dead_enemies_mean:         5.8693	ep_length_mean:           40.4008
epsilon:                   0.0500	grad_norm:                 0.6063	loss:                      0.0190	qplex_td_error_abs:        0.1365
return_mean:               9.5792	return_std:                1.6712	test_battle_won_mean:      0.0250	test_dead_allies_mean:     9.9187
test_dead_enemies_mean:    6.4750	test_ep_length_mean:      43.9188	test_return_mean:         10.3539	test_return_std:           2.0712

[INFO 06:48:17] my_main t_env: 440976 / 2050000
[INFO 06:48:17] my_main Estimated time left: 4 hours, 45 minutes, 57 seconds. Time passed: 1 hours, 17 minutes, 13 seconds
[INFO 06:50:02] my_main Recent Stats | t_env:     450953 | Episode:    12024
battle_won_mean:           0.0073	dead_allies_mean:          9.9629	dead_enemies_mean:         5.8494	ep_length_mean:           40.6226
epsilon:                   0.0500	grad_norm:                 0.7132	loss:                      0.0193	qplex_td_error_abs:        0.1367
return_mean:               9.5550	return_std:                1.6521	test_battle_won_mean:      0.0250	test_dead_allies_mean:     9.9125
test_dead_enemies_mean:    6.4313	test_ep_length_mean:      44.7750	test_return_mean:         10.3444	test_return_std:           1.9636

[INFO 06:50:03] my_main t_env: 450993 / 2050000
[INFO 06:50:03] my_main Estimated time left: 4 hours, 42 minutes, 5 seconds. Time passed: 1 hours, 18 minutes, 59 seconds
RequestQuit command received.
Closing Application...
DataHandler: unable to parse websocket frame.
CloseHandler: 127.0.0.1:45912 disconnected
[INFO 06:51:04] absl Shutdown gracefully.
[INFO 06:51:04] absl Shutdown with return code: -15
[INFO 06:51:04] absl Launching SC2: /labmount/users/202535331/MARL/pymarl-monotone-qmix/3rdparty/StarCraftII/Versions/Base75689/SC2_x64 -listen 127.0.0.1 -port 36027 -dataDir /labmount/users/202535331/MARL/pymarl-monotone-qmix/3rdparty/StarCraftII/ -tempDir /tmp/sc-syzxk81u/
[INFO 06:51:04] absl Connecting to: ws://127.0.0.1:36027/sc2api, attempt: 0, running: True
Version: B75689 (SC2.4.10)
Build: Aug 12 2019 17:16:57
Command Line: '"/labmount/users/202535331/MARL/pymarl-monotone-qmix/3rdparty/StarCraftII/Versions/Base75689/SC2_x64" -listen 127.0.0.1 -port 36027 -dataDir /labmount/users/202535331/MARL/pymarl-monotone-qmix/3rdparty/StarCraftII/ -tempDir /tmp/sc-syzxk81u/'
Starting up...
Startup Phase 1 complete
[INFO 06:51:05] absl Connecting to: ws://127.0.0.1:36027/sc2api, attempt: 1, running: True
Startup Phase 2 complete
Creating stub renderer...
Listening on: 127.0.0.1:36027
Startup Phase 3 complete. Ready for commands.
[INFO 06:51:06] absl Connecting to: ws://127.0.0.1:36027/sc2api, attempt: 2, running: True
ConnectHandler: Request from 127.0.0.1:53592 accepted
ReadyHandler: 127.0.0.1:53592 ready
Requesting to join a single player game
Configuring interface options
Configure: raw interface enabled
Configure: feature layer interface disabled
Configure: score interface disabled
Configure: render interface disabled
Launching next game.
Next launch phase started: 2
Next launch phase started: 3
Next launch phase started: 4
Next launch phase started: 5
Next launch phase started: 6
Next launch phase started: 7
Next launch phase started: 8
Game has started.
Using default stable ids, none found at: /labmount/users/202535331/MARL/pymarl-monotone-qmix/3rdparty/StarCraftII/stableid.json
Successfully loaded stable ids: GameData\stableid.json
Sending ResponseJoinGame
[INFO 06:51:54] my_main t_env: 460996 / 2050000
[INFO 06:51:54] my_main Estimated time left: 4 hours, 55 minutes, 7 seconds. Time passed: 1 hours, 20 minutes, 50 seconds
[INFO 06:52:02] my_main Recent Stats | t_env:     460996 | Episode:    12268
battle_won_mean:           0.0016	dead_allies_mean:          9.9785	dead_enemies_mean:         5.6526	ep_length_mean:           41.4309
epsilon:                   0.0500	grad_norm:                 0.7320	loss:                      0.0197	qplex_td_error_abs:        0.1370
return_mean:               9.3662	return_std:                1.5128	test_battle_won_mean:      0.0125	test_dead_allies_mean:     9.9437
test_dead_enemies_mean:    6.1875	test_ep_length_mean:      42.2875	test_return_mean:         10.0181	test_return_std:           1.7103

[INFO 06:53:39] my_main t_env: 471015 / 2050000
[INFO 06:53:39] my_main Estimated time left: 4 hours, 34 minutes, 32 seconds. Time passed: 1 hours, 22 minutes, 35 seconds
[INFO 06:53:47] my_main Recent Stats | t_env:     471015 | Episode:    12520
battle_won_mean:           0.0008	dead_allies_mean:          9.9801	dead_enemies_mean:         5.6074	ep_length_mean:           41.2732
epsilon:                   0.0500	grad_norm:                 0.6604	loss:                      0.0192	qplex_td_error_abs:        0.1347
return_mean:               9.2937	return_std:                1.4799	test_battle_won_mean:      0.0125	test_dead_allies_mean:     9.9375
test_dead_enemies_mean:    6.0938	test_ep_length_mean:      42.7500	test_return_mean:          9.9192	test_return_std:           1.6698

[INFO 06:55:25] my_main t_env: 481047 / 2050000
[INFO 06:55:25] my_main Estimated time left: 4 hours, 36 minutes, 48 seconds. Time passed: 1 hours, 24 minutes, 21 seconds
[INFO 06:55:33] my_main Recent Stats | t_env:     481047 | Episode:    12769
battle_won_mean:           0.0008	dead_allies_mean:          9.9795	dead_enemies_mean:         5.5800	ep_length_mean:           40.9528
epsilon:                   0.0500	grad_norm:                 0.6821	loss:                      0.0197	qplex_td_error_abs:        0.1369
return_mean:               9.2394	return_std:                1.4609	test_battle_won_mean:      0.0063	test_dead_allies_mean:     9.9563
test_dead_enemies_mean:    6.0812	test_ep_length_mean:      42.9312	test_return_mean:          9.8570	test_return_std:           1.5065

[INFO 06:57:11] my_main t_env: 491052 / 2050000
[INFO 06:57:11] my_main Estimated time left: 4 hours, 35 minutes, 17 seconds. Time passed: 1 hours, 26 minutes, 7 seconds
[INFO 06:57:19] my_main Recent Stats | t_env:     491052 | Episode:    13015
battle_won_mean:           0.0008	dead_allies_mean:          9.9795	dead_enemies_mean:         5.6104	ep_length_mean:           40.9016
epsilon:                   0.0500	grad_norm:                 0.7951	loss:                      0.0204	qplex_td_error_abs:        0.1407
return_mean:               9.2417	return_std:                1.4282	test_battle_won_mean:      0.0063	test_dead_allies_mean:     9.9625
test_dead_enemies_mean:    6.3688	test_ep_length_mean:      42.7938	test_return_mean:         10.0377	test_return_std:           1.5682

[INFO 06:58:53] my_main t_env: 501084 / 2050000
[INFO 06:58:53] my_main Estimated time left: 4 hours, 21 minutes, 41 seconds. Time passed: 1 hours, 27 minutes, 49 seconds
[INFO 06:59:01] my_main Recent Stats | t_env:     501084 | Episode:    13244
battle_won_mean:           0.0017	dead_allies_mean:          9.9741	dead_enemies_mean:         5.6398	ep_length_mean:           41.1381
epsilon:                   0.0500	grad_norm:                 0.7189	loss:                      0.0196	qplex_td_error_abs:        0.1380
return_mean:               9.2439	return_std:                1.4370	test_battle_won_mean:      0.0063	test_dead_allies_mean:     9.9563
test_dead_enemies_mean:    6.5687	test_ep_length_mean:      44.0625	test_return_mean:         10.1574	test_return_std:           1.6076

[INFO 07:00:33] my_main t_env: 511086 / 2050000
[INFO 07:00:33] my_main Estimated time left: 4 hours, 16 minutes, 44 seconds. Time passed: 1 hours, 29 minutes, 29 seconds
[INFO 07:00:41] my_main Recent Stats | t_env:     511086 | Episode:    13466
battle_won_mean:           0.0026	dead_allies_mean:          9.9785	dead_enemies_mean:         5.7869	ep_length_mean:           41.9159
epsilon:                   0.0500	grad_norm:                 0.6348	loss:                      0.0186	qplex_td_error_abs:        0.1350
return_mean:               9.3650	return_std:                1.4410	test_battle_won_mean:      0.0000	test_dead_allies_mean:     9.9875
test_dead_enemies_mean:    6.7875	test_ep_length_mean:      44.6000	test_return_mean:         10.2597	test_return_std:           1.5111

RequestQuit command received.
Closing Application...
DataHandler: unable to parse websocket frame.
CloseHandler: 127.0.0.1:53592 disconnected
[INFO 07:00:59] absl Shutdown gracefully.
[INFO 07:00:59] absl Shutdown with return code: -15
[INFO 07:00:59] absl Launching SC2: /labmount/users/202535331/MARL/pymarl-monotone-qmix/3rdparty/StarCraftII/Versions/Base75689/SC2_x64 -listen 127.0.0.1 -port 38497 -dataDir /labmount/users/202535331/MARL/pymarl-monotone-qmix/3rdparty/StarCraftII/ -tempDir /tmp/sc-d7oht7ow/
[INFO 07:00:59] absl Connecting to: ws://127.0.0.1:38497/sc2api, attempt: 0, running: True
Version: B75689 (SC2.4.10)
Build: Aug 12 2019 17:16:57
Command Line: '"/labmount/users/202535331/MARL/pymarl-monotone-qmix/3rdparty/StarCraftII/Versions/Base75689/SC2_x64" -listen 127.0.0.1 -port 38497 -dataDir /labmount/users/202535331/MARL/pymarl-monotone-qmix/3rdparty/StarCraftII/ -tempDir /tmp/sc-d7oht7ow/'
Starting up...
Startup Phase 1 complete
[INFO 07:01:00] absl Connecting to: ws://127.0.0.1:38497/sc2api, attempt: 1, running: True
Startup Phase 2 complete
Creating stub renderer...
Listening on: 127.0.0.1:38497
Startup Phase 3 complete. Ready for commands.
[INFO 07:01:01] absl Connecting to: ws://127.0.0.1:38497/sc2api, attempt: 2, running: True
ConnectHandler: Request from 127.0.0.1:37148 accepted
ReadyHandler: 127.0.0.1:37148 ready
Requesting to join a single player game
Configuring interface options
Configure: raw interface enabled
Configure: feature layer interface disabled
Configure: score interface disabled
Configure: render interface disabled
Launching next game.
Next launch phase started: 2
Next launch phase started: 3
Next launch phase started: 4
Next launch phase started: 5
Next launch phase started: 6
Next launch phase started: 7
Next launch phase started: 8
Game has started.
Using default stable ids, none found at: /labmount/users/202535331/MARL/pymarl-monotone-qmix/3rdparty/StarCraftII/stableid.json
Successfully loaded stable ids: GameData\stableid.json
Sending ResponseJoinGame
[INFO 07:02:22] my_main t_env: 521092 / 2050000
[INFO 07:02:22] my_main Estimated time left: 4 hours, 36 minutes, 43 seconds. Time passed: 1 hours, 31 minutes, 18 seconds
[INFO 07:02:31] my_main Recent Stats | t_env:     521092 | Episode:    13697
battle_won_mean:           0.0052	dead_allies_mean:          9.9568	dead_enemies_mean:         5.9748	ep_length_mean:           42.6276
epsilon:                   0.0500	grad_norm:                 0.6307	loss:                      0.0188	qplex_td_error_abs:        0.1388
return_mean:               9.5255	return_std:                1.5043	test_battle_won_mean:      0.0063	test_dead_allies_mean:     9.9500
test_dead_enemies_mean:    6.9375	test_ep_length_mean:      46.1000	test_return_mean:         10.4558	test_return_std:           1.6308

[INFO 07:04:01] my_main t_env: 531093 / 2050000
[INFO 07:04:01] my_main Estimated time left: 4 hours, 12 minutes, 13 seconds. Time passed: 1 hours, 32 minutes, 57 seconds
[INFO 07:04:12] my_main Recent Stats | t_env:     531093 | Episode:    13914
battle_won_mean:           0.0062	dead_allies_mean:          9.9479	dead_enemies_mean:         6.1587	ep_length_mean:           43.7872
epsilon:                   0.0500	grad_norm:                 0.5800	loss:                      0.0181	qplex_td_error_abs:        0.1374
return_mean:               9.7078	return_std:                1.5471	test_battle_won_mean:      0.0063	test_dead_allies_mean:     9.9125
test_dead_enemies_mean:    7.2438	test_ep_length_mean:      51.9375	test_return_mean:         10.8266	test_return_std:           1.7717

[INFO 07:05:43] my_main t_env: 541114 / 2050000
[INFO 07:05:43] my_main Estimated time left: 4 hours, 15 minutes, 45 seconds. Time passed: 1 hours, 34 minutes, 39 seconds
[INFO 07:05:53] my_main Recent Stats | t_env:     541114 | Episode:    14119
battle_won_mean:           0.0111	dead_allies_mean:          9.9213	dead_enemies_mean:         6.3799	ep_length_mean:           45.4297
epsilon:                   0.0500	grad_norm:                 0.6032	loss:                      0.0180	qplex_td_error_abs:        0.1383
return_mean:               9.9435	return_std:                1.7224	test_battle_won_mean:      0.0250	test_dead_allies_mean:     9.8500
test_dead_enemies_mean:    7.3500	test_ep_length_mean:      54.2062	test_return_mean:         10.9909	test_return_std:           2.1009

[INFO 07:07:23] my_main t_env: 551262 / 2050000
[INFO 07:07:23] my_main Estimated time left: 4 hours, 4 minutes, 55 seconds. Time passed: 1 hours, 36 minutes, 19 seconds
[INFO 07:07:32] my_main Recent Stats | t_env:     551262 | Episode:    14323
battle_won_mean:           0.0132	dead_allies_mean:          9.9055	dead_enemies_mean:         6.5527	ep_length_mean:           46.6171
epsilon:                   0.0500	grad_norm:                 0.6582	loss:                      0.0186	qplex_td_error_abs:        0.1392
return_mean:              10.1093	return_std:                1.7900	test_battle_won_mean:      0.0250	test_dead_allies_mean:     9.8438
test_dead_enemies_mean:    7.4375	test_ep_length_mean:      55.4813	test_return_mean:         11.1020	test_return_std:           2.0479

[INFO 07:09:03] my_main t_env: 561280 / 2050000
[INFO 07:09:03] my_main Estimated time left: 4 hours, 8 minutes, 48 seconds. Time passed: 1 hours, 37 minutes, 59 seconds
[INFO 07:09:13] my_main Recent Stats | t_env:     561280 | Episode:    14525
battle_won_mean:           0.0192	dead_allies_mean:          9.8702	dead_enemies_mean:         6.6799	ep_length_mean:           47.5251
epsilon:                   0.0500	grad_norm:                 0.7202	loss:                      0.0190	qplex_td_error_abs:        0.1411
return_mean:              10.2749	return_std:                1.9239	test_battle_won_mean:      0.0312	test_dead_allies_mean:     9.8000
test_dead_enemies_mean:    7.4750	test_ep_length_mean:      57.6313	test_return_mean:         11.2980	test_return_std:           2.0993

RequestQuit command received.
Closing Application...
DataHandler: unable to parse websocket frame.
CloseHandler: 127.0.0.1:37148 disconnected
[INFO 07:10:24] absl Shutdown gracefully.
[INFO 07:10:24] absl Shutdown with return code: -15
[INFO 07:10:24] absl Launching SC2: /labmount/users/202535331/MARL/pymarl-monotone-qmix/3rdparty/StarCraftII/Versions/Base75689/SC2_x64 -listen 127.0.0.1 -port 41589 -dataDir /labmount/users/202535331/MARL/pymarl-monotone-qmix/3rdparty/StarCraftII/ -tempDir /tmp/sc-_jniz02w/
[INFO 07:10:24] absl Connecting to: ws://127.0.0.1:41589/sc2api, attempt: 0, running: True
Version: B75689 (SC2.4.10)
Build: Aug 12 2019 17:16:57
Command Line: '"/labmount/users/202535331/MARL/pymarl-monotone-qmix/3rdparty/StarCraftII/Versions/Base75689/SC2_x64" -listen 127.0.0.1 -port 41589 -dataDir /labmount/users/202535331/MARL/pymarl-monotone-qmix/3rdparty/StarCraftII/ -tempDir /tmp/sc-_jniz02w/'
Starting up...
Startup Phase 1 complete
[INFO 07:10:25] absl Connecting to: ws://127.0.0.1:41589/sc2api, attempt: 1, running: True
Startup Phase 2 complete
Creating stub renderer...
Listening on: 127.0.0.1:41589
Startup Phase 3 complete. Ready for commands.
[INFO 07:10:26] absl Connecting to: ws://127.0.0.1:41589/sc2api, attempt: 2, running: True
ConnectHandler: Request from 127.0.0.1:47088 accepted
ReadyHandler: 127.0.0.1:47088 ready
Requesting to join a single player game
Configuring interface options
Configure: raw interface enabled
Configure: feature layer interface disabled
Configure: score interface disabled
Configure: render interface disabled
Launching next game.
Next launch phase started: 2
Next launch phase started: 3
Next launch phase started: 4
Next launch phase started: 5
Next launch phase started: 6
Next launch phase started: 7
Next launch phase started: 8
Game has started.
Using default stable ids, none found at: /labmount/users/202535331/MARL/pymarl-monotone-qmix/3rdparty/StarCraftII/stableid.json
Successfully loaded stable ids: GameData\stableid.json
Sending ResponseJoinGame
[INFO 07:10:52] my_main t_env: 571320 / 2050000
[INFO 07:10:52] my_main Estimated time left: 4 hours, 27 minutes, 3 seconds. Time passed: 1 hours, 39 minutes, 48 seconds
[INFO 07:11:02] my_main Recent Stats | t_env:     571320 | Episode:    14738
battle_won_mean:           0.0203	dead_allies_mean:          9.8655	dead_enemies_mean:         6.7661	ep_length_mean:           48.2892
epsilon:                   0.0500	grad_norm:                 0.6627	loss:                      0.0183	qplex_td_error_abs:        0.1362
return_mean:              10.4066	return_std:                1.9822	test_battle_won_mean:      0.0312	test_dead_allies_mean:     9.8063
test_dead_enemies_mean:    7.5938	test_ep_length_mean:      58.8750	test_return_mean:         11.4148	test_return_std:           2.0718

[INFO 07:12:29] my_main t_env: 581321 / 2050000
[INFO 07:12:29] my_main Estimated time left: 3 hours, 57 minutes, 8 seconds. Time passed: 1 hours, 41 minutes, 25 seconds
[INFO 07:12:39] my_main Recent Stats | t_env:     581321 | Episode:    14918
battle_won_mean:           0.0196	dead_allies_mean:          9.8562	dead_enemies_mean:         6.7927	ep_length_mean:           50.1839
epsilon:                   0.0500	grad_norm:                 1.0086	loss:                      0.0214	qplex_td_error_abs:        0.1467
return_mean:              10.4721	return_std:                2.0024	test_battle_won_mean:      0.0312	test_dead_allies_mean:     9.8250
test_dead_enemies_mean:    7.4313	test_ep_length_mean:      56.5938	test_return_mean:         11.1926	test_return_std:           1.9836

[INFO 07:14:11] my_main t_env: 591341 / 2050000
[INFO 07:14:11] my_main Estimated time left: 4 hours, 8 minutes, 55 seconds. Time passed: 1 hours, 43 minutes, 7 seconds
[INFO 07:14:20] my_main Recent Stats | t_env:     591341 | Episode:    15118
battle_won_mean:           0.0217	dead_allies_mean:          9.8495	dead_enemies_mean:         6.7659	ep_length_mean:           50.4273
epsilon:                   0.0500	grad_norm:                 0.8706	loss:                      0.0211	qplex_td_error_abs:        0.1441
return_mean:              10.4503	return_std:                2.0199	test_battle_won_mean:      0.0187	test_dead_allies_mean:     9.8750
test_dead_enemies_mean:    7.4000	test_ep_length_mean:      55.1812	test_return_mean:         11.1552	test_return_std:           1.8037

[INFO 07:15:53] my_main t_env: 601351 / 2050000
[INFO 07:15:53] my_main Estimated time left: 4 hours, 5 minutes, 10 seconds. Time passed: 1 hours, 44 minutes, 49 seconds
[INFO 07:16:02] my_main Recent Stats | t_env:     601351 | Episode:    15320
battle_won_mean:           0.0218	dead_allies_mean:          9.8532	dead_enemies_mean:         6.7417	ep_length_mean:           50.3892
epsilon:                   0.0500	grad_norm:                 0.7380	loss:                      0.0204	qplex_td_error_abs:        0.1415
return_mean:              10.4765	return_std:                2.0125	test_battle_won_mean:      0.0250	test_dead_allies_mean:     9.8562
test_dead_enemies_mean:    7.3875	test_ep_length_mean:      55.0812	test_return_mean:         11.2150	test_return_std:           1.9435

[INFO 07:17:38] my_main t_env: 611363 / 2050000
[INFO 07:17:38] my_main Estimated time left: 4 hours, 10 minutes, 26 seconds. Time passed: 1 hours, 46 minutes, 34 seconds
[INFO 07:17:49] my_main Recent Stats | t_env:     611363 | Episode:    15529
battle_won_mean:           0.0196	dead_allies_mean:          9.8689	dead_enemies_mean:         6.7589	ep_length_mean:           50.0512
epsilon:                   0.0500	grad_norm:                 0.9838	loss:                      0.0240	qplex_td_error_abs:        0.1505
return_mean:              10.4756	return_std:                2.0102	test_battle_won_mean:      0.0250	test_dead_allies_mean:     9.8313
test_dead_enemies_mean:    7.4500	test_ep_length_mean:      58.6875	test_return_mean:         11.2226	test_return_std:           1.9632

[INFO 07:19:19] my_main t_env: 621402 / 2050000
[INFO 07:19:19] my_main Estimated time left: 3 hours, 59 minutes, 48 seconds. Time passed: 1 hours, 48 minutes, 15 seconds
[INFO 07:19:27] my_main Recent Stats | t_env:     621402 | Episode:    15722
battle_won_mean:           0.0179	dead_allies_mean:          9.8775	dead_enemies_mean:         6.8139	ep_length_mean:           51.0271
epsilon:                   0.0500	grad_norm:                 1.0845	loss:                      0.0251	qplex_td_error_abs:        0.1535
return_mean:              10.5057	return_std:                1.9489	test_battle_won_mean:      0.0437	test_dead_allies_mean:     9.7812
test_dead_enemies_mean:    7.6063	test_ep_length_mean:      56.8500	test_return_mean:         11.4772	test_return_std:           2.1294

RequestQuit command received.
Closing Application...
DataHandler: unable to parse websocket frame.
CloseHandler: 127.0.0.1:47088 disconnected
[INFO 07:19:43] absl Shutdown gracefully.
[INFO 07:19:43] absl Shutdown with return code: -15
[INFO 07:19:43] absl Launching SC2: /labmount/users/202535331/MARL/pymarl-monotone-qmix/3rdparty/StarCraftII/Versions/Base75689/SC2_x64 -listen 127.0.0.1 -port 46039 -dataDir /labmount/users/202535331/MARL/pymarl-monotone-qmix/3rdparty/StarCraftII/ -tempDir /tmp/sc-ykcxc4xz/
[INFO 07:19:43] absl Connecting to: ws://127.0.0.1:46039/sc2api, attempt: 0, running: True
Version: B75689 (SC2.4.10)
Build: Aug 12 2019 17:16:57
Command Line: '"/labmount/users/202535331/MARL/pymarl-monotone-qmix/3rdparty/StarCraftII/Versions/Base75689/SC2_x64" -listen 127.0.0.1 -port 46039 -dataDir /labmount/users/202535331/MARL/pymarl-monotone-qmix/3rdparty/StarCraftII/ -tempDir /tmp/sc-ykcxc4xz/'
Starting up...
Startup Phase 1 complete
[INFO 07:19:44] absl Connecting to: ws://127.0.0.1:46039/sc2api, attempt: 1, running: True
Startup Phase 2 complete
Creating stub renderer...
Listening on: 127.0.0.1:46039
Startup Phase 3 complete. Ready for commands.
[INFO 07:19:45] absl Connecting to: ws://127.0.0.1:46039/sc2api, attempt: 2, running: True
ConnectHandler: Request from 127.0.0.1:46350 accepted
ReadyHandler: 127.0.0.1:46350 ready
Requesting to join a single player game
Configuring interface options
Configure: raw interface enabled
Configure: feature layer interface disabled
Configure: score interface disabled
Configure: render interface disabled
Launching next game.
Next launch phase started: 2
Next launch phase started: 3
Next launch phase started: 4
Next launch phase started: 5
Next launch phase started: 6
Next launch phase started: 7
Next launch phase started: 8
Game has started.
Using default stable ids, none found at: /labmount/users/202535331/MARL/pymarl-monotone-qmix/3rdparty/StarCraftII/stableid.json
Successfully loaded stable ids: GameData\stableid.json
Sending ResponseJoinGame
[INFO 07:21:05] my_main t_env: 631420 / 2050000
[INFO 07:21:05] my_main Estimated time left: 4 hours, 11 minutes, 23 seconds. Time passed: 1 hours, 50 minutes, 1 seconds
[INFO 07:21:15] my_main Recent Stats | t_env:     631420 | Episode:    15911
battle_won_mean:           0.0221	dead_allies_mean:          9.8553	dead_enemies_mean:         6.8969	ep_length_mean:           50.5159
epsilon:                   0.0500	grad_norm:                 0.7396	loss:                      0.0230	qplex_td_error_abs:        0.1452
return_mean:              10.5754	return_std:                1.9981	test_battle_won_mean:      0.0688	test_dead_allies_mean:     9.7125
test_dead_enemies_mean:    7.7938	test_ep_length_mean:      55.4875	test_return_mean:         11.7819	test_return_std:           2.3891

[INFO 07:22:55] my_main t_env: 641467 / 2050000
[INFO 07:22:55] my_main Estimated time left: 4 hours, 16 minutes, 18 seconds. Time passed: 1 hours, 51 minutes, 51 seconds
[INFO 07:23:05] my_main Recent Stats | t_env:     641467 | Episode:    16114
battle_won_mean:           0.0200	dead_allies_mean:          9.8607	dead_enemies_mean:         6.9589	ep_length_mean:           50.3944
epsilon:                   0.0500	grad_norm:                 0.7539	loss:                      0.0222	qplex_td_error_abs:        0.1396
return_mean:              10.6504	return_std:                1.9840	test_battle_won_mean:      0.0688	test_dead_allies_mean:     9.6937
test_dead_enemies_mean:    7.9437	test_ep_length_mean:      58.1313	test_return_mean:         11.9061	test_return_std:           2.4160

[INFO 07:24:46] my_main t_env: 651500 / 2050000
[INFO 07:24:46] my_main Estimated time left: 4 hours, 17 minutes, 18 seconds. Time passed: 1 hours, 53 minutes, 42 seconds
[INFO 07:24:55] my_main Recent Stats | t_env:     651500 | Episode:    16320
battle_won_mean:           0.0190	dead_allies_mean:          9.8669	dead_enemies_mean:         6.9524	ep_length_mean:           50.2243
epsilon:                   0.0500	grad_norm:                 0.7696	loss:                      0.0222	qplex_td_error_abs:        0.1382
return_mean:              10.5889	return_std:                2.0149	test_battle_won_mean:      0.0625	test_dead_allies_mean:     9.7188
test_dead_enemies_mean:    7.9250	test_ep_length_mean:      57.4500	test_return_mean:         11.8754	test_return_std:           2.2866

[INFO 07:26:39] my_main t_env: 661511 / 2050000
[INFO 07:26:39] my_main Estimated time left: 4 hours, 21 minutes, 34 seconds. Time passed: 1 hours, 55 minutes, 35 seconds
[INFO 07:26:48] my_main Recent Stats | t_env:     661511 | Episode:    16538
battle_won_mean:           0.0188	dead_allies_mean:          9.8763	dead_enemies_mean:         7.0023	ep_length_mean:           49.8279
epsilon:                   0.0500	grad_norm:                 0.5668	loss:                      0.0193	qplex_td_error_abs:        0.1302
return_mean:              10.6477	return_std:                2.0172	test_battle_won_mean:      0.0813	test_dead_allies_mean:     9.6875
test_dead_enemies_mean:    8.1125	test_ep_length_mean:      53.1000	test_return_mean:         12.0796	test_return_std:           2.4336

[INFO 07:28:26] my_main t_env: 671555 / 2050000
[INFO 07:28:26] my_main Estimated time left: 4 hours, 4 minutes, 55 seconds. Time passed: 1 hours, 57 minutes, 22 seconds
[INFO 07:28:35] my_main Recent Stats | t_env:     671555 | Episode:    16740
battle_won_mean:           0.0217	dead_allies_mean:          9.8702	dead_enemies_mean:         7.0585	ep_length_mean:           49.3693
epsilon:                   0.0500	grad_norm:                 0.4642	loss:                      0.0194	qplex_td_error_abs:        0.1285
return_mean:              10.6937	return_std:                2.0979	test_battle_won_mean:      0.0625	test_dead_allies_mean:     9.7625
test_dead_enemies_mean:    8.1062	test_ep_length_mean:      52.7500	test_return_mean:         11.9781	test_return_std:           2.3064

RequestQuit command received.
DataHandler: unable to parse websocket frame.
CloseHandler: 127.0.0.1:46350 disconnected
Closing Application...
[INFO 07:30:00] absl Shutdown gracefully.
[INFO 07:30:00] absl Shutdown with return code: -15
[INFO 07:30:00] absl Launching SC2: /labmount/users/202535331/MARL/pymarl-monotone-qmix/3rdparty/StarCraftII/Versions/Base75689/SC2_x64 -listen 127.0.0.1 -port 46171 -dataDir /labmount/users/202535331/MARL/pymarl-monotone-qmix/3rdparty/StarCraftII/ -tempDir /tmp/sc-txa0fs0p/
[INFO 07:30:00] absl Connecting to: ws://127.0.0.1:46171/sc2api, attempt: 0, running: True
Version: B75689 (SC2.4.10)
Build: Aug 12 2019 17:16:57
Command Line: '"/labmount/users/202535331/MARL/pymarl-monotone-qmix/3rdparty/StarCraftII/Versions/Base75689/SC2_x64" -listen 127.0.0.1 -port 46171 -dataDir /labmount/users/202535331/MARL/pymarl-monotone-qmix/3rdparty/StarCraftII/ -tempDir /tmp/sc-txa0fs0p/'
Starting up...
Startup Phase 1 complete
[INFO 07:30:01] absl Connecting to: ws://127.0.0.1:46171/sc2api, attempt: 1, running: True
Startup Phase 2 complete
Creating stub renderer...
Listening on: 127.0.0.1:46171
Startup Phase 3 complete. Ready for commands.
[INFO 07:30:02] absl Connecting to: ws://127.0.0.1:46171/sc2api, attempt: 2, running: True
ConnectHandler: Request from 127.0.0.1:43440 accepted
ReadyHandler: 127.0.0.1:43440 ready
Requesting to join a single player game
Configuring interface options
Configure: raw interface enabled
Configure: feature layer interface disabled
Configure: score interface disabled
Configure: render interface disabled
Launching next game.
Next launch phase started: 2
Next launch phase started: 3
Next launch phase started: 4
Next launch phase started: 5
Next launch phase started: 6
Next launch phase started: 7
Next launch phase started: 8
Game has started.
Using default stable ids, none found at: /labmount/users/202535331/MARL/pymarl-monotone-qmix/3rdparty/StarCraftII/stableid.json
Successfully loaded stable ids: GameData\stableid.json
Sending ResponseJoinGame
[INFO 07:30:22] my_main t_env: 681610 / 2050000
[INFO 07:30:22] my_main Estimated time left: 4 hours, 22 minutes, 37 seconds. Time passed: 1 hours, 59 minutes, 18 seconds
[INFO 07:30:31] my_main Recent Stats | t_env:     681610 | Episode:    16949
battle_won_mean:           0.0250	dead_allies_mean:          9.8649	dead_enemies_mean:         7.1084	ep_length_mean:           48.3903
epsilon:                   0.0500	grad_norm:                 0.4892	loss:                      0.0186	qplex_td_error_abs:        0.1237
return_mean:              10.7287	return_std:                2.1896	test_battle_won_mean:      0.0437	test_dead_allies_mean:     9.8187
test_dead_enemies_mean:    8.0188	test_ep_length_mean:      52.5750	test_return_mean:         11.8092	test_return_std:           2.2553

[INFO 07:32:09] my_main t_env: 691619 / 2050000
[INFO 07:32:09] my_main Estimated time left: 4 hours, 1 minutes, 37 seconds. Time passed: 2 hours, 1 minutes, 4 seconds
[INFO 07:32:19] my_main Recent Stats | t_env:     691619 | Episode:    17140
battle_won_mean:           0.0243	dead_allies_mean:          9.8619	dead_enemies_mean:         7.1556	ep_length_mean:           48.9724
epsilon:                   0.0500	grad_norm:                 0.6116	loss:                      0.0200	qplex_td_error_abs:        0.1311
return_mean:              10.7340	return_std:                2.1678	test_battle_won_mean:      0.0437	test_dead_allies_mean:     9.8250
test_dead_enemies_mean:    8.0500	test_ep_length_mean:      52.1875	test_return_mean:         11.8478	test_return_std:           2.2037

[INFO 07:33:59] my_main t_env: 701640 / 2050000
[INFO 07:33:59] my_main Estimated time left: 4 hours, 8 minutes, 0 seconds. Time passed: 2 hours, 2 minutes, 55 seconds
[INFO 07:34:09] my_main Recent Stats | t_env:     701640 | Episode:    17341
battle_won_mean:           0.0243	dead_allies_mean:          9.8636	dead_enemies_mean:         7.2593	ep_length_mean:           49.2027
epsilon:                   0.0500	grad_norm:                 0.6199	loss:                      0.0209	qplex_td_error_abs:        0.1329
return_mean:              10.8413	return_std:                2.1509	test_battle_won_mean:      0.0563	test_dead_allies_mean:     9.7812
test_dead_enemies_mean:    8.2375	test_ep_length_mean:      53.6250	test_return_mean:         12.0569	test_return_std:           2.4588

[INFO 07:35:50] my_main t_env: 711676 / 2050000
[INFO 07:35:50] my_main Estimated time left: 4 hours, 6 minutes, 55 seconds. Time passed: 2 hours, 4 minutes, 46 seconds
[INFO 07:36:01] my_main Recent Stats | t_env:     711676 | Episode:    17538
battle_won_mean:           0.0228	dead_allies_mean:          9.8638	dead_enemies_mean:         7.2909	ep_length_mean:           50.2072
epsilon:                   0.0500	grad_norm:                 0.4997	loss:                      0.0208	qplex_td_error_abs:        0.1328
return_mean:              10.8477	return_std:                2.1013	test_battle_won_mean:      0.0625	test_dead_allies_mean:     9.7312
test_dead_enemies_mean:    8.1500	test_ep_length_mean:      56.0000	test_return_mean:         12.0863	test_return_std:           2.5045

[INFO 07:37:39] my_main t_env: 721700 / 2050000
[INFO 07:37:39] my_main Estimated time left: 3 hours, 59 minutes, 34 seconds. Time passed: 2 hours, 6 minutes, 35 seconds
[INFO 07:37:48] my_main Recent Stats | t_env:     721700 | Episode:    17726
battle_won_mean:           0.0221	dead_allies_mean:          9.8599	dead_enemies_mean:         7.2657	ep_length_mean:           50.9264
epsilon:                   0.0500	grad_norm:                 0.4118	loss:                      0.0202	qplex_td_error_abs:        0.1313
return_mean:              10.8335	return_std:                2.0753	test_battle_won_mean:      0.0750	test_dead_allies_mean:     9.6813
test_dead_enemies_mean:    8.1438	test_ep_length_mean:      55.9750	test_return_mean:         12.1669	test_return_std:           2.6100

[INFO 07:39:29] my_main t_env: 731743 / 2050000
[INFO 07:39:29] my_main Estimated time left: 4 hours, 2 minutes, 2 seconds. Time passed: 2 hours, 8 minutes, 25 seconds
[INFO 07:39:39] my_main Recent Stats | t_env:     731743 | Episode:    17933
battle_won_mean:           0.0193	dead_allies_mean:          9.8816	dead_enemies_mean:         7.2597	ep_length_mean:           51.0078
epsilon:                   0.0500	grad_norm:                 0.3830	loss:                      0.0201	qplex_td_error_abs:        0.1327
return_mean:              10.8112	return_std:                2.0388	test_battle_won_mean:      0.0938	test_dead_allies_mean:     9.6250
test_dead_enemies_mean:    8.3000	test_ep_length_mean:      57.2563	test_return_mean:         12.3906	test_return_std:           2.6785

RequestQuit command received.
Closing Application...
DataHandler: unable to parse websocket frame.
CloseHandler: 127.0.0.1:43440 disconnected
[INFO 07:40:03] absl Shutdown gracefully.
[INFO 07:40:03] absl Shutdown with return code: -15
[INFO 07:40:03] absl Launching SC2: /labmount/users/202535331/MARL/pymarl-monotone-qmix/3rdparty/StarCraftII/Versions/Base75689/SC2_x64 -listen 127.0.0.1 -port 38415 -dataDir /labmount/users/202535331/MARL/pymarl-monotone-qmix/3rdparty/StarCraftII/ -tempDir /tmp/sc-jyqlrzk6/
[INFO 07:40:03] absl Connecting to: ws://127.0.0.1:38415/sc2api, attempt: 0, running: True
Version: B75689 (SC2.4.10)
Build: Aug 12 2019 17:16:57
Command Line: '"/labmount/users/202535331/MARL/pymarl-monotone-qmix/3rdparty/StarCraftII/Versions/Base75689/SC2_x64" -listen 127.0.0.1 -port 38415 -dataDir /labmount/users/202535331/MARL/pymarl-monotone-qmix/3rdparty/StarCraftII/ -tempDir /tmp/sc-jyqlrzk6/'
Starting up...
Startup Phase 1 complete
[INFO 07:40:04] absl Connecting to: ws://127.0.0.1:38415/sc2api, attempt: 1, running: True
Startup Phase 2 complete
Creating stub renderer...
Listening on: 127.0.0.1:38415
Startup Phase 3 complete. Ready for commands.
[INFO 07:40:05] absl Connecting to: ws://127.0.0.1:38415/sc2api, attempt: 2, running: True
ConnectHandler: Request from 127.0.0.1:57368 accepted
ReadyHandler: 127.0.0.1:57368 ready
Requesting to join a single player game
Configuring interface options
Configure: raw interface enabled
Configure: feature layer interface disabled
Configure: score interface disabled
Configure: render interface disabled
Launching next game.
Next launch phase started: 2
Next launch phase started: 3
Next launch phase started: 4
Next launch phase started: 5
Next launch phase started: 6
Next launch phase started: 7
Next launch phase started: 8
Game has started.
Using default stable ids, none found at: /labmount/users/202535331/MARL/pymarl-monotone-qmix/3rdparty/StarCraftII/stableid.json
Successfully loaded stable ids: GameData\stableid.json
Sending ResponseJoinGame
[INFO 07:41:25] my_main t_env: 741793 / 2050000
[INFO 07:41:25] my_main Estimated time left: 4 hours, 10 minutes, 17 seconds. Time passed: 2 hours, 10 minutes, 21 seconds
[INFO 07:41:34] my_main Recent Stats | t_env:     741793 | Episode:    18131
battle_won_mean:           0.0191	dead_allies_mean:          9.8848	dead_enemies_mean:         7.3024	ep_length_mean:           50.6787
epsilon:                   0.0500	grad_norm:                 0.3217	loss:                      0.0202	qplex_td_error_abs:        0.1328
return_mean:              10.8712	return_std:                2.0660	test_battle_won_mean:      0.1062	test_dead_allies_mean:     9.5687
test_dead_enemies_mean:    8.2500	test_ep_length_mean:      56.3937	test_return_mean:         12.4205	test_return_std:           2.8355

[INFO 07:43:14] my_main t_env: 751806 / 2050000
[INFO 07:43:14] my_main Estimated time left: 3 hours, 56 minutes, 56 seconds. Time passed: 2 hours, 12 minutes, 10 seconds
[INFO 07:43:25] my_main Recent Stats | t_env:     751806 | Episode:    18331
battle_won_mean:           0.0221	dead_allies_mean:          9.8727	dead_enemies_mean:         7.3896	ep_length_mean:           50.7206
epsilon:                   0.0500	grad_norm:                 0.3677	loss:                      0.0206	qplex_td_error_abs:        0.1362
return_mean:              10.9501	return_std:                2.1125	test_battle_won_mean:      0.1062	test_dead_allies_mean:     9.5563
test_dead_enemies_mean:    8.2375	test_ep_length_mean:      57.1562	test_return_mean:         12.4422	test_return_std:           2.7895

[INFO 07:45:04] my_main t_env: 761847 / 2050000
[INFO 07:45:04] my_main Estimated time left: 3 hours, 53 minutes, 20 seconds. Time passed: 2 hours, 13 minutes, 59 seconds
[INFO 07:45:13] my_main Recent Stats | t_env:     761847 | Episode:    18522
battle_won_mean:           0.0254	dead_allies_mean:          9.8617	dead_enemies_mean:         7.4023	ep_length_mean:           51.0459
epsilon:                   0.0500	grad_norm:                 0.4674	loss:                      0.0215	qplex_td_error_abs:        0.1374
return_mean:              10.9625	return_std:                2.1971	test_battle_won_mean:      0.1000	test_dead_allies_mean:     9.5563
test_dead_enemies_mean:    8.3250	test_ep_length_mean:      54.0187	test_return_mean:         12.4214	test_return_std:           2.6983

[INFO 07:46:51] my_main t_env: 771876 / 2050000
[INFO 07:46:51] my_main Estimated time left: 3 hours, 48 minutes, 16 seconds. Time passed: 2 hours, 15 minutes, 47 seconds
[INFO 07:47:01] my_main Recent Stats | t_env:     771876 | Episode:    18719
battle_won_mean:           0.0262	dead_allies_mean:          9.8600	dead_enemies_mean:         7.3864	ep_length_mean:           50.5638
epsilon:                   0.0500	grad_norm:                 0.5445	loss:                      0.0236	qplex_td_error_abs:        0.1420
return_mean:              10.9306	return_std:                2.2505	test_battle_won_mean:      0.1250	test_dead_allies_mean:     9.4313
test_dead_enemies_mean:    8.4437	test_ep_length_mean:      55.2687	test_return_mean:         12.5658	test_return_std:           2.8151

[INFO 07:48:39] my_main t_env: 781900 / 2050000
[INFO 07:48:39] my_main Estimated time left: 3 hours, 47 minutes, 49 seconds. Time passed: 2 hours, 17 minutes, 35 seconds
[INFO 07:48:49] my_main Recent Stats | t_env:     781900 | Episode:    18913
battle_won_mean:           0.0317	dead_allies_mean:          9.8427	dead_enemies_mean:         7.4181	ep_length_mean:           51.1944
epsilon:                   0.0500	grad_norm:                 0.5937	loss:                      0.0264	qplex_td_error_abs:        0.1494
return_mean:              11.0059	return_std:                2.3380	test_battle_won_mean:      0.1187	test_dead_allies_mean:     9.4062
test_dead_enemies_mean:    8.4500	test_ep_length_mean:      55.3188	test_return_mean:         12.5652	test_return_std:           2.8230

RequestQuit command received.
Closing Application...
DataHandler: unable to parse websocket frame.
CloseHandler: 127.0.0.1:57368 disconnected
[INFO 07:50:19] absl Shutdown gracefully.
[INFO 07:50:19] absl Shutdown with return code: -15
[INFO 07:50:19] absl Launching SC2: /labmount/users/202535331/MARL/pymarl-monotone-qmix/3rdparty/StarCraftII/Versions/Base75689/SC2_x64 -listen 127.0.0.1 -port 40895 -dataDir /labmount/users/202535331/MARL/pymarl-monotone-qmix/3rdparty/StarCraftII/ -tempDir /tmp/sc-ilcy344s/
[INFO 07:50:20] absl Connecting to: ws://127.0.0.1:40895/sc2api, attempt: 0, running: True
Version: B75689 (SC2.4.10)
Build: Aug 12 2019 17:16:57
Command Line: '"/labmount/users/202535331/MARL/pymarl-monotone-qmix/3rdparty/StarCraftII/Versions/Base75689/SC2_x64" -listen 127.0.0.1 -port 40895 -dataDir /labmount/users/202535331/MARL/pymarl-monotone-qmix/3rdparty/StarCraftII/ -tempDir /tmp/sc-ilcy344s/'
Starting up...
Startup Phase 1 complete
[INFO 07:50:21] absl Connecting to: ws://127.0.0.1:40895/sc2api, attempt: 1, running: True
Startup Phase 2 complete
Creating stub renderer...
Listening on: 127.0.0.1:40895
Startup Phase 3 complete. Ready for commands.
[INFO 07:50:22] absl Connecting to: ws://127.0.0.1:40895/sc2api, attempt: 2, running: True
ConnectHandler: Request from 127.0.0.1:57378 accepted
ReadyHandler: 127.0.0.1:57378 ready
Requesting to join a single player game
Configuring interface options
Configure: raw interface enabled
Configure: feature layer interface disabled
Configure: score interface disabled
Configure: render interface disabled
Launching next game.
Next launch phase started: 2
Next launch phase started: 3
Next launch phase started: 4
Next launch phase started: 5
Next launch phase started: 6
Next launch phase started: 7
Next launch phase started: 8
Game has started.
Using default stable ids, none found at: /labmount/users/202535331/MARL/pymarl-monotone-qmix/3rdparty/StarCraftII/stableid.json
Successfully loaded stable ids: GameData\stableid.json
Sending ResponseJoinGame
[INFO 07:50:37] my_main t_env: 791905 / 2050000
[INFO 07:50:37] my_main Estimated time left: 4 hours, 7 minutes, 23 seconds. Time passed: 2 hours, 19 minutes, 33 seconds
[INFO 07:50:47] my_main Recent Stats | t_env:     791905 | Episode:    19118
battle_won_mean:           0.0394	dead_allies_mean:          9.8193	dead_enemies_mean:         7.4248	ep_length_mean:           50.8039
epsilon:                   0.0500	grad_norm:                 0.6355	loss:                      0.0281	qplex_td_error_abs:        0.1529
return_mean:              11.0439	return_std:                2.4051	test_battle_won_mean:      0.1062	test_dead_allies_mean:     9.4500
test_dead_enemies_mean:    8.3812	test_ep_length_mean:      55.7625	test_return_mean:         12.4090	test_return_std:           2.7236

[INFO 07:52:28] my_main t_env: 802074 / 2050000
[INFO 07:52:28] my_main Estimated time left: 3 hours, 47 minutes, 45 seconds. Time passed: 2 hours, 21 minutes, 24 seconds
[INFO 07:52:37] my_main Recent Stats | t_env:     802074 | Episode:    19319
battle_won_mean:           0.0444	dead_allies_mean:          9.7995	dead_enemies_mean:         7.4013	ep_length_mean:           50.9093
epsilon:                   0.0500	grad_norm:                 0.8680	loss:                      0.0311	qplex_td_error_abs:        0.1618
return_mean:              11.0669	return_std:                2.4865	test_battle_won_mean:      0.1250	test_dead_allies_mean:     9.4250
test_dead_enemies_mean:    8.3125	test_ep_length_mean:      53.3000	test_return_mean:         12.4134	test_return_std:           2.9237

[INFO 07:54:16] my_main t_env: 812077 / 2050000
[INFO 07:54:16] my_main Estimated time left: 3 hours, 41 minutes, 18 seconds. Time passed: 2 hours, 23 minutes, 12 seconds
[INFO 07:54:25] my_main Recent Stats | t_env:     812077 | Episode:    19514
battle_won_mean:           0.0473	dead_allies_mean:          9.7754	dead_enemies_mean:         7.4242	ep_length_mean:           50.6546
epsilon:                   0.0500	grad_norm:                 0.7677	loss:                      0.0319	qplex_td_error_abs:        0.1643
return_mean:              11.1234	return_std:                2.5140	test_battle_won_mean:      0.1437	test_dead_allies_mean:     9.4313
test_dead_enemies_mean:    8.4000	test_ep_length_mean:      54.8500	test_return_mean:         12.5626	test_return_std:           3.0343

[INFO 07:56:06] my_main t_env: 822089 / 2050000
[INFO 07:56:06] my_main Estimated time left: 3 hours, 44 minutes, 39 seconds. Time passed: 2 hours, 25 minutes, 2 seconds
[INFO 07:56:15] my_main Recent Stats | t_env:     822089 | Episode:    19720
battle_won_mean:           0.0481	dead_allies_mean:          9.7836	dead_enemies_mean:         7.5359	ep_length_mean:           50.1933
epsilon:                   0.0500	grad_norm:                 1.1596	loss:                      0.0359	qplex_td_error_abs:        0.1769
return_mean:              11.2155	return_std:                2.4690	test_battle_won_mean:      0.1125	test_dead_allies_mean:     9.5813
test_dead_enemies_mean:    8.3500	test_ep_length_mean:      54.7188	test_return_mean:         12.4170	test_return_std:           2.8438

[INFO 07:57:51] my_main t_env: 832091 / 2050000
[INFO 07:57:51] my_main Estimated time left: 3 hours, 34 minutes, 19 seconds. Time passed: 2 hours, 26 minutes, 47 seconds
[INFO 07:58:01] my_main Recent Stats | t_env:     832091 | Episode:    19913
battle_won_mean:           0.0481	dead_allies_mean:          9.7782	dead_enemies_mean:         7.6256	ep_length_mean:           50.2240
epsilon:                   0.0500	grad_norm:                 1.4904	loss:                      0.0377	qplex_td_error_abs:        0.1801
return_mean:              11.2696	return_std:                2.4371	test_battle_won_mean:      0.1125	test_dead_allies_mean:     9.5813
test_dead_enemies_mean:    8.3625	test_ep_length_mean:      54.8937	test_return_mean:         12.4676	test_return_std:           2.7716

[INFO 07:59:37] my_main t_env: 842126 / 2050000
[INFO 07:59:37] my_main Estimated time left: 3 hours, 31 minutes, 57 seconds. Time passed: 2 hours, 28 minutes, 33 seconds
[INFO 07:59:45] my_main Recent Stats | t_env:     842126 | Episode:    20109
battle_won_mean:           0.0517	dead_allies_mean:          9.7665	dead_enemies_mean:         7.7107	ep_length_mean:           50.7028
epsilon:                   0.0500	grad_norm:                 1.3918	loss:                      0.0373	qplex_td_error_abs:        0.1772
return_mean:              11.3417	return_std:                2.4941	test_battle_won_mean:      0.1250	test_dead_allies_mean:     9.5500
test_dead_enemies_mean:    8.5563	test_ep_length_mean:      53.2000	test_return_mean:         12.6716	test_return_std:           2.8240

RequestQuit command received.
Closing Application...
DataHandler: unable to parse websocket frame.
CloseHandler: 127.0.0.1:57378 disconnected
ResponseThread: No connection, dropping the response.
[INFO 08:00:20] absl Shutdown gracefully.
[INFO 08:00:20] absl Shutdown with return code: -15
[INFO 08:00:20] absl Launching SC2: /labmount/users/202535331/MARL/pymarl-monotone-qmix/3rdparty/StarCraftII/Versions/Base75689/SC2_x64 -listen 127.0.0.1 -port 34873 -dataDir /labmount/users/202535331/MARL/pymarl-monotone-qmix/3rdparty/StarCraftII/ -tempDir /tmp/sc-3vpi53gg/
[INFO 08:00:20] absl Connecting to: ws://127.0.0.1:34873/sc2api, attempt: 0, running: True
Version: B75689 (SC2.4.10)
Build: Aug 12 2019 17:16:57
Command Line: '"/labmount/users/202535331/MARL/pymarl-monotone-qmix/3rdparty/StarCraftII/Versions/Base75689/SC2_x64" -listen 127.0.0.1 -port 34873 -dataDir /labmount/users/202535331/MARL/pymarl-monotone-qmix/3rdparty/StarCraftII/ -tempDir /tmp/sc-3vpi53gg/'
Starting up...
Startup Phase 1 complete
[INFO 08:00:21] absl Connecting to: ws://127.0.0.1:34873/sc2api, attempt: 1, running: True
Startup Phase 2 complete
Creating stub renderer...
Listening on: 127.0.0.1:34873
Startup Phase 3 complete. Ready for commands.
[INFO 08:00:22] absl Connecting to: ws://127.0.0.1:34873/sc2api, attempt: 2, running: True
ConnectHandler: Request from 127.0.0.1:39164 accepted
ReadyHandler: 127.0.0.1:39164 ready
Requesting to join a single player game
Configuring interface options
Configure: raw interface enabled
Configure: feature layer interface disabled
Configure: score interface disabled
Configure: render interface disabled
Launching next game.
Next launch phase started: 2
Next launch phase started: 3
Next launch phase started: 4
Next launch phase started: 5
Next launch phase started: 6
Next launch phase started: 7
Next launch phase started: 8
Game has started.
Using default stable ids, none found at: /labmount/users/202535331/MARL/pymarl-monotone-qmix/3rdparty/StarCraftII/stableid.json
Successfully loaded stable ids: GameData\stableid.json
Sending ResponseJoinGame
[INFO 08:01:32] my_main t_env: 852181 / 2050000
[INFO 08:01:32] my_main Estimated time left: 3 hours, 49 minutes, 2 seconds. Time passed: 2 hours, 30 minutes, 28 seconds
[INFO 08:01:42] my_main Recent Stats | t_env:     852181 | Episode:    20311
battle_won_mean:           0.0596	dead_allies_mean:          9.7301	dead_enemies_mean:         7.7686	ep_length_mean:           50.5399
epsilon:                   0.0500	grad_norm:                 1.2376	loss:                      0.0367	qplex_td_error_abs:        0.1749
return_mean:              11.3952	return_std:                2.5632	test_battle_won_mean:      0.1250	test_dead_allies_mean:     9.5125
test_dead_enemies_mean:    8.7000	test_ep_length_mean:      53.5938	test_return_mean:         12.7936	test_return_std:           2.7229

[INFO 08:03:27] my_main t_env: 862198 / 2050000
[INFO 08:03:27] my_main Estimated time left: 3 hours, 46 minutes, 43 seconds. Time passed: 2 hours, 32 minutes, 23 seconds
[INFO 08:03:36] my_main Recent Stats | t_env:     862198 | Episode:    20517
battle_won_mean:           0.0678	dead_allies_mean:          9.7125	dead_enemies_mean:         7.8027	ep_length_mean:           50.0056
epsilon:                   0.0500	grad_norm:                 1.2437	loss:                      0.0367	qplex_td_error_abs:        0.1743
return_mean:              11.4208	return_std:                2.6247	test_battle_won_mean:      0.0875	test_dead_allies_mean:     9.6312
test_dead_enemies_mean:    8.4812	test_ep_length_mean:      51.7250	test_return_mean:         12.3947	test_return_std:           2.4808

[INFO 08:05:21] my_main t_env: 872219 / 2050000
[INFO 08:05:21] my_main Estimated time left: 3 hours, 42 minutes, 59 seconds. Time passed: 2 hours, 34 minutes, 17 seconds
[INFO 08:05:30] my_main Recent Stats | t_env:     872219 | Episode:    20721
battle_won_mean:           0.0747	dead_allies_mean:          9.6652	dead_enemies_mean:         7.8099	ep_length_mean:           50.1098
epsilon:                   0.0500	grad_norm:                 0.9425	loss:                      0.0336	qplex_td_error_abs:        0.1649
return_mean:              11.4565	return_std:                2.7184	test_battle_won_mean:      0.1000	test_dead_allies_mean:     9.5813
test_dead_enemies_mean:    8.3625	test_ep_length_mean:      50.6688	test_return_mean:         12.3147	test_return_std:           2.6571

[INFO 08:07:17] my_main t_env: 882233 / 2050000
[INFO 08:07:17] my_main Estimated time left: 3 hours, 45 minutes, 2 seconds. Time passed: 2 hours, 36 minutes, 13 seconds
[INFO 08:07:26] my_main Recent Stats | t_env:     882233 | Episode:    20932
battle_won_mean:           0.0709	dead_allies_mean:          9.6866	dead_enemies_mean:         7.6967	ep_length_mean:           49.2369
epsilon:                   0.0500	grad_norm:                 0.7321	loss:                      0.0341	qplex_td_error_abs:        0.1685
return_mean:              11.3174	return_std:                2.6657	test_battle_won_mean:      0.1062	test_dead_allies_mean:     9.6062
test_dead_enemies_mean:    8.4187	test_ep_length_mean:      48.9625	test_return_mean:         12.3402	test_return_std:           2.6900

[INFO 08:09:08] my_main t_env: 892262 / 2050000
[INFO 08:09:08] my_main Estimated time left: 3 hours, 34 minutes, 11 seconds. Time passed: 2 hours, 38 minutes, 4 seconds
[INFO 08:09:17] my_main Recent Stats | t_env:     892262 | Episode:    21134
battle_won_mean:           0.0675	dead_allies_mean:          9.6935	dead_enemies_mean:         7.6378	ep_length_mean:           48.9268
epsilon:                   0.0500	grad_norm:                 0.7837	loss:                      0.0341	qplex_td_error_abs:        0.1698
return_mean:              11.2623	return_std:                2.6463	test_battle_won_mean:      0.1250	test_dead_allies_mean:     9.5188
test_dead_enemies_mean:    8.4500	test_ep_length_mean:      49.1375	test_return_mean:         12.4382	test_return_std:           2.7455

[INFO 08:10:55] my_main t_env: 902289 / 2050000
[INFO 08:10:55] my_main Estimated time left: 3 hours, 23 minutes, 56 seconds. Time passed: 2 hours, 39 minutes, 51 seconds
RequestQuit command received.
Closing Application...
DataHandler: unable to parse websocket frame.
CloseHandler: 127.0.0.1:39164 disconnected
[INFO 08:10:59] absl Shutdown gracefully.
[INFO 08:10:59] absl Shutdown with return code: -15
[INFO 08:10:59] absl Launching SC2: /labmount/users/202535331/MARL/pymarl-monotone-qmix/3rdparty/StarCraftII/Versions/Base75689/SC2_x64 -listen 127.0.0.1 -port 43567 -dataDir /labmount/users/202535331/MARL/pymarl-monotone-qmix/3rdparty/StarCraftII/ -tempDir /tmp/sc-aepcj0et/
[INFO 08:10:59] absl Connecting to: ws://127.0.0.1:43567/sc2api, attempt: 0, running: True
Version: B75689 (SC2.4.10)
Build: Aug 12 2019 17:16:57
Command Line: '"/labmount/users/202535331/MARL/pymarl-monotone-qmix/3rdparty/StarCraftII/Versions/Base75689/SC2_x64" -listen 127.0.0.1 -port 43567 -dataDir /labmount/users/202535331/MARL/pymarl-monotone-qmix/3rdparty/StarCraftII/ -tempDir /tmp/sc-aepcj0et/'
Starting up...
Startup Phase 1 complete
[INFO 08:11:00] absl Connecting to: ws://127.0.0.1:43567/sc2api, attempt: 1, running: True
Startup Phase 2 complete
Creating stub renderer...
Listening on: 127.0.0.1:43567
Startup Phase 3 complete. Ready for commands.
[INFO 08:11:01] absl Connecting to: ws://127.0.0.1:43567/sc2api, attempt: 2, running: True
ConnectHandler: Request from 127.0.0.1:42482 accepted
ReadyHandler: 127.0.0.1:42482 ready
Requesting to join a single player game
Configuring interface options
Configure: raw interface enabled
Configure: feature layer interface disabled
Configure: score interface disabled
Configure: render interface disabled
Launching next game.
Next launch phase started: 2
Next launch phase started: 3
Next launch phase started: 4
Next launch phase started: 5
Next launch phase started: 6
Next launch phase started: 7
Next launch phase started: 8
Game has started.
Using default stable ids, none found at: /labmount/users/202535331/MARL/pymarl-monotone-qmix/3rdparty/StarCraftII/stableid.json
Successfully loaded stable ids: GameData\stableid.json
Sending ResponseJoinGame
[INFO 08:11:11] my_main Recent Stats | t_env:     902289 | Episode:    21327
battle_won_mean:           0.0694	dead_allies_mean:          9.6845	dead_enemies_mean:         7.6978	ep_length_mean:           49.3621
epsilon:                   0.0500	grad_norm:                 0.7737	loss:                      0.0339	qplex_td_error_abs:        0.1665
return_mean:              11.3124	return_std:                2.6669	test_battle_won_mean:      0.1437	test_dead_allies_mean:     9.3438
test_dead_enemies_mean:    8.5500	test_ep_length_mean:      50.9438	test_return_mean:         12.6084	test_return_std:           2.8038

[INFO 08:12:50] my_main t_env: 912313 / 2050000
[INFO 08:12:50] my_main Estimated time left: 3 hours, 38 minutes, 37 seconds. Time passed: 2 hours, 41 minutes, 46 seconds
[INFO 08:13:00] my_main Recent Stats | t_env:     912313 | Episode:    21532
battle_won_mean:           0.0675	dead_allies_mean:          9.6900	dead_enemies_mean:         7.7668	ep_length_mean:           49.4163
epsilon:                   0.0500	grad_norm:                 0.7738	loss:                      0.0333	qplex_td_error_abs:        0.1660
return_mean:              11.3419	return_std:                2.6625	test_battle_won_mean:      0.1750	test_dead_allies_mean:     9.2375
test_dead_enemies_mean:    8.7000	test_ep_length_mean:      52.5438	test_return_mean:         12.9577	test_return_std:           3.0155

[INFO 08:14:40] my_main t_env: 922340 / 2050000
[INFO 08:14:40] my_main Estimated time left: 3 hours, 25 minutes, 0 seconds. Time passed: 2 hours, 43 minutes, 36 seconds
[INFO 08:14:49] my_main Recent Stats | t_env:     922340 | Episode:    21737
battle_won_mean:           0.0753	dead_allies_mean:          9.6660	dead_enemies_mean:         7.7934	ep_length_mean:           49.3743
epsilon:                   0.0500	grad_norm:                 0.6175	loss:                      0.0314	qplex_td_error_abs:        0.1630
return_mean:              11.3730	return_std:                2.7534	test_battle_won_mean:      0.1875	test_dead_allies_mean:     9.1562
test_dead_enemies_mean:    8.9500	test_ep_length_mean:      52.9625	test_return_mean:         13.2347	test_return_std:           2.9757

[INFO 08:16:25] my_main t_env: 932374 / 2050000
[INFO 08:16:25] my_main Estimated time left: 3 hours, 15 minutes, 35 seconds. Time passed: 2 hours, 45 minutes, 21 seconds
[INFO 08:16:35] my_main Recent Stats | t_env:     932374 | Episode:    21944
battle_won_mean:           0.0870	dead_allies_mean:          9.6296	dead_enemies_mean:         7.8665	ep_length_mean:           49.5770
epsilon:                   0.0500	grad_norm:                 0.6119	loss:                      0.0298	qplex_td_error_abs:        0.1582
return_mean:              11.4826	return_std:                2.8688	test_battle_won_mean:      0.2062	test_dead_allies_mean:     9.0437
test_dead_enemies_mean:    9.0500	test_ep_length_mean:      54.3750	test_return_mean:         13.4165	test_return_std:           3.0886

[INFO 08:18:14] my_main t_env: 942398 / 2050000
[INFO 08:18:14] my_main Estimated time left: 3 hours, 21 minutes, 5 seconds. Time passed: 2 hours, 47 minutes, 10 seconds
[INFO 08:18:24] my_main Recent Stats | t_env:     942398 | Episode:    22157
battle_won_mean:           0.0911	dead_allies_mean:          9.6166	dead_enemies_mean:         7.9023	ep_length_mean:           49.0595
epsilon:                   0.0500	grad_norm:                 0.6935	loss:                      0.0313	qplex_td_error_abs:        0.1638
return_mean:              11.5185	return_std:                2.9167	test_battle_won_mean:      0.1938	test_dead_allies_mean:     9.1062
test_dead_enemies_mean:    9.0750	test_ep_length_mean:      56.2938	test_return_mean:         13.4078	test_return_std:           3.0638

[INFO 08:19:54] my_main t_env: 952422 / 2050000
[INFO 08:19:54] my_main Estimated time left: 3 hours, 57 seconds. Time passed: 2 hours, 48 minutes, 49 seconds
[INFO 08:20:03] my_main Recent Stats | t_env:     952422 | Episode:    22347
battle_won_mean:           0.0819	dead_allies_mean:          9.6636	dead_enemies_mean:         7.8646	ep_length_mean:           49.2204
epsilon:                   0.0500	grad_norm:                 0.6434	loss:                      0.0303	qplex_td_error_abs:        0.1641
return_mean:              11.4363	return_std:                2.7946	test_battle_won_mean:      0.1750	test_dead_allies_mean:     9.2750
test_dead_enemies_mean:    9.1062	test_ep_length_mean:      55.9688	test_return_mean:         13.3651	test_return_std:           3.0256

RequestQuit command received.
Closing Application...
DataHandler: unable to parse websocket frame.
CloseHandler: 127.0.0.1:42482 disconnected
[INFO 08:20:51] absl Shutdown gracefully.
[INFO 08:20:51] absl Shutdown with return code: -15
[INFO 08:20:51] absl Launching SC2: /labmount/users/202535331/MARL/pymarl-monotone-qmix/3rdparty/StarCraftII/Versions/Base75689/SC2_x64 -listen 127.0.0.1 -port 39137 -dataDir /labmount/users/202535331/MARL/pymarl-monotone-qmix/3rdparty/StarCraftII/ -tempDir /tmp/sc-9uwpd4xl/
[INFO 08:20:52] absl Connecting to: ws://127.0.0.1:39137/sc2api, attempt: 0, running: True
Version: B75689 (SC2.4.10)
Build: Aug 12 2019 17:16:57
Command Line: '"/labmount/users/202535331/MARL/pymarl-monotone-qmix/3rdparty/StarCraftII/Versions/Base75689/SC2_x64" -listen 127.0.0.1 -port 39137 -dataDir /labmount/users/202535331/MARL/pymarl-monotone-qmix/3rdparty/StarCraftII/ -tempDir /tmp/sc-9uwpd4xl/'
Starting up...
Startup Phase 1 complete
[INFO 08:20:53] absl Connecting to: ws://127.0.0.1:39137/sc2api, attempt: 1, running: True
Startup Phase 2 complete
Creating stub renderer...
Listening on: 127.0.0.1:39137
Startup Phase 3 complete. Ready for commands.
[INFO 08:20:54] absl Connecting to: ws://127.0.0.1:39137/sc2api, attempt: 2, running: True
ConnectHandler: Request from 127.0.0.1:47132 accepted
ReadyHandler: 127.0.0.1:47132 ready
Requesting to join a single player game
Configuring interface options
Configure: raw interface enabled
Configure: feature layer interface disabled
Configure: score interface disabled
Configure: render interface disabled
Launching next game.
Next launch phase started: 2
Next launch phase started: 3
Next launch phase started: 4
Next launch phase started: 5
Next launch phase started: 6
Next launch phase started: 7
Next launch phase started: 8
Game has started.
Using default stable ids, none found at: /labmount/users/202535331/MARL/pymarl-monotone-qmix/3rdparty/StarCraftII/stableid.json
Successfully loaded stable ids: GameData\stableid.json
Sending ResponseJoinGame
[INFO 08:21:49] my_main t_env: 962451 / 2050000
[INFO 08:21:49] my_main Estimated time left: 3 hours, 27 minutes, 50 seconds. Time passed: 2 hours, 50 minutes, 44 seconds
[INFO 08:21:59] my_main Recent Stats | t_env:     962451 | Episode:    22558
battle_won_mean:           0.0739	dead_allies_mean:          9.6806	dead_enemies_mean:         7.7724	ep_length_mean:           48.9471
epsilon:                   0.0500	grad_norm:                 1.0216	loss:                      0.0361	qplex_td_error_abs:        0.1795
return_mean:              11.3453	return_std:                2.7452	test_battle_won_mean:      0.1750	test_dead_allies_mean:     9.2375
test_dead_enemies_mean:    9.2000	test_ep_length_mean:      56.8813	test_return_mean:         13.4357	test_return_std:           3.0521

[INFO 08:23:36] my_main t_env: 972487 / 2050000
[INFO 08:23:36] my_main Estimated time left: 3 hours, 12 minutes, 44 seconds. Time passed: 2 hours, 52 minutes, 32 seconds
[INFO 08:23:46] my_main Recent Stats | t_env:     972487 | Episode:    22749
battle_won_mean:           0.0660	dead_allies_mean:          9.7114	dead_enemies_mean:         7.7448	ep_length_mean:           49.6735
epsilon:                   0.0500	grad_norm:                 1.2272	loss:                      0.0377	qplex_td_error_abs:        0.1847
return_mean:              11.3239	return_std:                2.6977	test_battle_won_mean:      0.1500	test_dead_allies_mean:     9.3688
test_dead_enemies_mean:    9.1188	test_ep_length_mean:      57.8375	test_return_mean:         13.2799	test_return_std:           2.9874

[INFO 08:25:25] my_main t_env: 982526 / 2050000
[INFO 08:25:25] my_main Estimated time left: 3 hours, 13 minutes, 32 seconds. Time passed: 2 hours, 54 minutes, 21 seconds
[INFO 08:25:35] my_main Recent Stats | t_env:     982526 | Episode:    22947
battle_won_mean:           0.0588	dead_allies_mean:          9.7105	dead_enemies_mean:         7.7104	ep_length_mean:           50.1193
epsilon:                   0.0500	grad_norm:                 1.1189	loss:                      0.0370	qplex_td_error_abs:        0.1831
return_mean:              11.2893	return_std:                2.6555	test_battle_won_mean:      0.1437	test_dead_allies_mean:     9.4375
test_dead_enemies_mean:    9.1000	test_ep_length_mean:      56.5000	test_return_mean:         13.2368	test_return_std:           2.9448

[INFO 08:27:10] my_main t_env: 992563 / 2050000
[INFO 08:27:10] my_main Estimated time left: 3 hours, 3 minutes, 13 seconds. Time passed: 2 hours, 56 minutes, 6 seconds
[INFO 08:27:19] my_main Recent Stats | t_env:     992563 | Episode:    23145
battle_won_mean:           0.0640	dead_allies_mean:          9.6870	dead_enemies_mean:         7.7124	ep_length_mean:           50.8454
epsilon:                   0.0500	grad_norm:                 0.9748	loss:                      0.0356	qplex_td_error_abs:        0.1793
return_mean:              11.3165	return_std:                2.6843	test_battle_won_mean:      0.1437	test_dead_allies_mean:     9.3875
test_dead_enemies_mean:    9.1000	test_ep_length_mean:      55.4125	test_return_mean:         13.1941	test_return_std:           2.9287

[INFO 08:28:57] my_main t_env: 1002572 / 2050000
[INFO 08:28:57] my_main Estimated time left: 3 hours, 6 minutes, 19 seconds. Time passed: 2 hours, 57 minutes, 53 seconds
[INFO 08:29:06] my_main Recent Stats | t_env:    1002572 | Episode:    23349
battle_won_mean:           0.0770	dead_allies_mean:          9.6370	dead_enemies_mean:         7.6826	ep_length_mean:           50.1066
epsilon:                   0.0500	grad_norm:                 0.9018	loss:                      0.0375	qplex_td_error_abs:        0.1808
return_mean:              11.3985	return_std:                2.8539	test_battle_won_mean:      0.1313	test_dead_allies_mean:     9.4750
test_dead_enemies_mean:    8.9688	test_ep_length_mean:      54.9875	test_return_mean:         12.9942	test_return_std:           2.9220

[INFO 08:30:40] my_main t_env: 1012622 / 2050000
[INFO 08:30:40] my_main Estimated time left: 2 hours, 58 minutes, 42 seconds. Time passed: 2 hours, 59 minutes, 36 seconds
RequestQuit command received.
Closing Application...
DataHandler: unable to parse websocket frame.
CloseHandler: 127.0.0.1:47132 disconnected
[INFO 08:30:47] absl Shutdown gracefully.
[INFO 08:30:47] absl Shutdown with return code: -15
[INFO 08:30:47] absl Launching SC2: /labmount/users/202535331/MARL/pymarl-monotone-qmix/3rdparty/StarCraftII/Versions/Base75689/SC2_x64 -listen 127.0.0.1 -port 45793 -dataDir /labmount/users/202535331/MARL/pymarl-monotone-qmix/3rdparty/StarCraftII/ -tempDir /tmp/sc-l19w6kp7/
[INFO 08:30:47] absl Connecting to: ws://127.0.0.1:45793/sc2api, attempt: 0, running: True
Version: B75689 (SC2.4.10)
Build: Aug 12 2019 17:16:57
Command Line: '"/labmount/users/202535331/MARL/pymarl-monotone-qmix/3rdparty/StarCraftII/Versions/Base75689/SC2_x64" -listen 127.0.0.1 -port 45793 -dataDir /labmount/users/202535331/MARL/pymarl-monotone-qmix/3rdparty/StarCraftII/ -tempDir /tmp/sc-l19w6kp7/'
Starting up...
Startup Phase 1 complete
[INFO 08:30:48] absl Connecting to: ws://127.0.0.1:45793/sc2api, attempt: 1, running: True
Startup Phase 2 complete
Creating stub renderer...
Listening on: 127.0.0.1:45793
Startup Phase 3 complete. Ready for commands.
[INFO 08:30:49] absl Connecting to: ws://127.0.0.1:45793/sc2api, attempt: 2, running: True
ConnectHandler: Request from 127.0.0.1:49058 accepted
ReadyHandler: 127.0.0.1:49058 ready
Requesting to join a single player game
Configuring interface options
Configure: raw interface enabled
Configure: feature layer interface disabled
Configure: score interface disabled
Configure: render interface disabled
Launching next game.
Next launch phase started: 2
Next launch phase started: 3
Next launch phase started: 4
Next launch phase started: 5
Next launch phase started: 6
Next launch phase started: 7
Next launch phase started: 8
Game has started.
Using default stable ids, none found at: /labmount/users/202535331/MARL/pymarl-monotone-qmix/3rdparty/StarCraftII/stableid.json
Successfully loaded stable ids: GameData\stableid.json
Sending ResponseJoinGame
[INFO 08:30:56] my_main Recent Stats | t_env:    1012622 | Episode:    23546
battle_won_mean:           0.0948	dead_allies_mean:          9.5778	dead_enemies_mean:         7.7854	ep_length_mean:           50.8035
epsilon:                   0.0500	grad_norm:                 0.8000	loss:                      0.0351	qplex_td_error_abs:        0.1735
return_mean:              11.6076	return_std:                2.9865	test_battle_won_mean:      0.1688	test_dead_allies_mean:     9.2438
test_dead_enemies_mean:    8.9938	test_ep_length_mean:      54.0375	test_return_mean:         13.1787	test_return_std:           3.0256

[INFO 08:32:34] my_main t_env: 1022653 / 2050000
[INFO 08:32:34] my_main Estimated time left: 3 hours, 14 minutes, 21 seconds. Time passed: 3 hours, 1 minutes, 30 seconds
[INFO 08:32:46] my_main Recent Stats | t_env:    1022653 | Episode:    23743
battle_won_mean:           0.0995	dead_allies_mean:          9.5676	dead_enemies_mean:         7.7660	ep_length_mean:           50.4783
epsilon:                   0.0500	grad_norm:                 0.5891	loss:                      0.0338	qplex_td_error_abs:        0.1657
return_mean:              11.6274	return_std:                3.0338	test_battle_won_mean:      0.2000	test_dead_allies_mean:     9.0813
test_dead_enemies_mean:    9.0563	test_ep_length_mean:      56.2437	test_return_mean:         13.3507	test_return_std:           3.0311

[INFO 08:34:20] my_main t_env: 1032692 / 2050000
[INFO 08:34:20] my_main Estimated time left: 2 hours, 58 minutes, 6 seconds. Time passed: 3 hours, 3 minutes, 16 seconds
[INFO 08:34:30] my_main Recent Stats | t_env:    1032692 | Episode:    23938
battle_won_mean:           0.1058	dead_allies_mean:          9.5440	dead_enemies_mean:         7.7678	ep_length_mean:           50.6343
epsilon:                   0.0500	grad_norm:                 0.6719	loss:                      0.0359	qplex_td_error_abs:        0.1705
return_mean:              11.6803	return_std:                3.0903	test_battle_won_mean:      0.2375	test_dead_allies_mean:     8.9187
test_dead_enemies_mean:    9.1875	test_ep_length_mean:      58.0187	test_return_mean:         13.5929	test_return_std:           3.1368

[INFO 08:36:02] my_main t_env: 1042742 / 2050000
[INFO 08:36:02] my_main Estimated time left: 2 hours, 50 minutes, 4 seconds. Time passed: 3 hours, 4 minutes, 58 seconds
[INFO 08:36:11] my_main Recent Stats | t_env:    1042742 | Episode:    24119
battle_won_mean:           0.0957	dead_allies_mean:          9.5849	dead_enemies_mean:         7.7686	ep_length_mean:           51.6009
epsilon:                   0.0500	grad_norm:                 0.7679	loss:                      0.0368	qplex_td_error_abs:        0.1700
return_mean:              11.6500	return_std:                2.9897	test_battle_won_mean:      0.2625	test_dead_allies_mean:     8.7812
test_dead_enemies_mean:    9.2562	test_ep_length_mean:      58.1313	test_return_mean:         13.7926	test_return_std:           3.3098

[INFO 08:37:40] my_main t_env: 1052777 / 2050000
[INFO 08:37:40] my_main Estimated time left: 2 hours, 43 minutes, 37 seconds. Time passed: 3 hours, 6 minutes, 36 seconds
[INFO 08:37:50] my_main Recent Stats | t_env:    1052777 | Episode:    24296
battle_won_mean:           0.0925	dead_allies_mean:          9.5921	dead_enemies_mean:         7.8757	ep_length_mean:           53.1272
epsilon:                   0.0500	grad_norm:                 1.1728	loss:                      0.0405	qplex_td_error_abs:        0.1834
return_mean:              11.7303	return_std:                2.8963	test_battle_won_mean:      0.2938	test_dead_allies_mean:     8.6375
test_dead_enemies_mean:    9.4563	test_ep_length_mean:      58.0063	test_return_mean:         14.1203	test_return_std:           3.3468

[INFO 08:39:19] my_main t_env: 1062791 / 2050000
[INFO 08:39:19] my_main Estimated time left: 2 hours, 41 minutes, 30 seconds. Time passed: 3 hours, 8 minutes, 15 seconds
[INFO 08:39:29] my_main Recent Stats | t_env:    1062791 | Episode:    24472
battle_won_mean:           0.0876	dead_allies_mean:          9.6114	dead_enemies_mean:         7.8519	ep_length_mean:           54.3037
epsilon:                   0.0500	grad_norm:                 1.0016	loss:                      0.0411	qplex_td_error_abs:        0.1838
return_mean:              11.6550	return_std:                2.8621	test_battle_won_mean:      0.2188	test_dead_allies_mean:     9.0188
test_dead_enemies_mean:    9.2937	test_ep_length_mean:      59.0812	test_return_mean:         13.6485	test_return_std:           2.9536

RequestQuit command received.
Closing Application...
DataHandler: unable to parse websocket frame.
CloseHandler: 127.0.0.1:49058 disconnected
[INFO 08:40:10] absl Shutdown gracefully.
[INFO 08:40:10] absl Shutdown with return code: -15
[INFO 08:40:10] absl Launching SC2: /labmount/users/202535331/MARL/pymarl-monotone-qmix/3rdparty/StarCraftII/Versions/Base75689/SC2_x64 -listen 127.0.0.1 -port 32769 -dataDir /labmount/users/202535331/MARL/pymarl-monotone-qmix/3rdparty/StarCraftII/ -tempDir /tmp/sc-hje980ws/
[INFO 08:40:11] absl Connecting to: ws://127.0.0.1:32769/sc2api, attempt: 0, running: True
Version: B75689 (SC2.4.10)
Build: Aug 12 2019 17:16:57
Command Line: '"/labmount/users/202535331/MARL/pymarl-monotone-qmix/3rdparty/StarCraftII/Versions/Base75689/SC2_x64" -listen 127.0.0.1 -port 32769 -dataDir /labmount/users/202535331/MARL/pymarl-monotone-qmix/3rdparty/StarCraftII/ -tempDir /tmp/sc-hje980ws/'
Starting up...
Startup Phase 1 complete
[INFO 08:40:12] absl Connecting to: ws://127.0.0.1:32769/sc2api, attempt: 1, running: True
Startup Phase 2 complete
Creating stub renderer...
Listening on: 127.0.0.1:32769
Startup Phase 3 complete. Ready for commands.
[INFO 08:40:13] absl Connecting to: ws://127.0.0.1:32769/sc2api, attempt: 2, running: True
ConnectHandler: Request from 127.0.0.1:37498 accepted
ReadyHandler: 127.0.0.1:37498 ready
Requesting to join a single player game
Configuring interface options
Configure: raw interface enabled
Configure: feature layer interface disabled
Configure: score interface disabled
Configure: render interface disabled
Launching next game.
Next launch phase started: 2
Next launch phase started: 3
Next launch phase started: 4
Next launch phase started: 5
Next launch phase started: 6
Next launch phase started: 7
Next launch phase started: 8
Game has started.
Using default stable ids, none found at: /labmount/users/202535331/MARL/pymarl-monotone-qmix/3rdparty/StarCraftII/stableid.json
Successfully loaded stable ids: GameData\stableid.json
Sending ResponseJoinGame
[INFO 08:40:59] my_main t_env: 1072814 / 2050000
[INFO 08:40:59] my_main Estimated time left: 2 hours, 43 minutes, 38 seconds. Time passed: 3 hours, 9 minutes, 55 seconds
[INFO 08:41:10] my_main Recent Stats | t_env:    1072814 | Episode:    24628
battle_won_mean:           0.0857	dead_allies_mean:          9.5883	dead_enemies_mean:         7.9139	ep_length_mean:           56.9699
epsilon:                   0.0500	grad_norm:                 1.0117	loss:                      0.0468	qplex_td_error_abs:        0.1937
return_mean:              11.7107	return_std:                2.8284	test_battle_won_mean:      0.2250	test_dead_allies_mean:     9.0188
test_dead_enemies_mean:    9.2438	test_ep_length_mean:      57.5688	test_return_mean:         13.6877	test_return_std:           3.1161

[INFO 08:42:41] my_main t_env: 1082845 / 2050000
[INFO 08:42:41] my_main Estimated time left: 2 hours, 43 minutes, 46 seconds. Time passed: 3 hours, 11 minutes, 37 seconds
[INFO 08:42:52] my_main Recent Stats | t_env:    1082845 | Episode:    24806
battle_won_mean:           0.0852	dead_allies_mean:          9.6100	dead_enemies_mean:         7.9491	ep_length_mean:           57.9443
epsilon:                   0.0500	grad_norm:                 0.8614	loss:                      0.0472	qplex_td_error_abs:        0.1950
return_mean:              11.7451	return_std:                2.8282	test_battle_won_mean:      0.2000	test_dead_allies_mean:     9.1438
test_dead_enemies_mean:    9.1937	test_ep_length_mean:      57.9625	test_return_mean:         13.5466	test_return_std:           3.0030

[INFO 08:44:26] my_main t_env: 1092856 / 2050000
[INFO 08:44:26] my_main Estimated time left: 2 hours, 45 minutes, 59 seconds. Time passed: 3 hours, 13 minutes, 21 seconds
[INFO 08:44:36] my_main Recent Stats | t_env:    1092856 | Episode:    24988
battle_won_mean:           0.0906	dead_allies_mean:          9.5938	dead_enemies_mean:         7.9636	ep_length_mean:           57.8404
epsilon:                   0.0500	grad_norm:                 0.9090	loss:                      0.0515	qplex_td_error_abs:        0.2075
return_mean:              11.7476	return_std:                2.8517	test_battle_won_mean:      0.1938	test_dead_allies_mean:     9.2375
test_dead_enemies_mean:    9.2312	test_ep_length_mean:      59.0312	test_return_mean:         13.6612	test_return_std:           2.9663

[INFO 08:46:04] my_main t_env: 1102863 / 2050000
[INFO 08:46:04] my_main Estimated time left: 2 hours, 34 minutes, 44 seconds. Time passed: 3 hours, 15 minutes, 0 seconds
[INFO 08:46:15] my_main Recent Stats | t_env:    1102863 | Episode:    25153
battle_won_mean:           0.0848	dead_allies_mean:          9.6070	dead_enemies_mean:         7.8874	ep_length_mean:           58.6311
epsilon:                   0.0500	grad_norm:                 0.5781	loss:                      0.0510	qplex_td_error_abs:        0.2046
return_mean:              11.6342	return_std:                2.8217	test_battle_won_mean:      0.1875	test_dead_allies_mean:     9.2750
test_dead_enemies_mean:    9.1312	test_ep_length_mean:      61.5562	test_return_mean:         13.5170	test_return_std:           2.9739

[INFO 08:47:39] my_main t_env: 1112902 / 2050000
[INFO 08:47:39] my_main Estimated time left: 2 hours, 28 minutes, 14 seconds. Time passed: 3 hours, 16 minutes, 35 seconds
[INFO 08:47:50] my_main Recent Stats | t_env:    1112902 | Episode:    25304
battle_won_mean:           0.0763	dead_allies_mean:          9.6179	dead_enemies_mean:         7.8683	ep_length_mean:           60.5483
epsilon:                   0.0500	grad_norm:                 0.7535	loss:                      0.0528	qplex_td_error_abs:        0.2091
return_mean:              11.5935	return_std:                2.7459	test_battle_won_mean:      0.2250	test_dead_allies_mean:     9.1813
test_dead_enemies_mean:    9.3125	test_ep_length_mean:      62.8750	test_return_mean:         13.7846	test_return_std:           3.2486

[INFO 08:49:17] my_main t_env: 1122919 / 2050000
[INFO 08:49:17] my_main Estimated time left: 2 hours, 31 minutes, 19 seconds. Time passed: 3 hours, 18 minutes, 13 seconds
RequestQuit command received.
Closing Application...
DataHandler: unable to parse websocket frame.
CloseHandler: 127.0.0.1:37498 disconnected
[INFO 08:49:18] absl Shutdown gracefully.
[INFO 08:49:18] absl Shutdown with return code: -15
[INFO 08:49:18] absl Launching SC2: /labmount/users/202535331/MARL/pymarl-monotone-qmix/3rdparty/StarCraftII/Versions/Base75689/SC2_x64 -listen 127.0.0.1 -port 37709 -dataDir /labmount/users/202535331/MARL/pymarl-monotone-qmix/3rdparty/StarCraftII/ -tempDir /tmp/sc-dnoewmaz/
[INFO 08:49:18] absl Connecting to: ws://127.0.0.1:37709/sc2api, attempt: 0, running: True
Version: B75689 (SC2.4.10)
Build: Aug 12 2019 17:16:57
Command Line: '"/labmount/users/202535331/MARL/pymarl-monotone-qmix/3rdparty/StarCraftII/Versions/Base75689/SC2_x64" -listen 127.0.0.1 -port 37709 -dataDir /labmount/users/202535331/MARL/pymarl-monotone-qmix/3rdparty/StarCraftII/ -tempDir /tmp/sc-dnoewmaz/'
Starting up...
Startup Phase 1 complete
[INFO 08:49:19] absl Connecting to: ws://127.0.0.1:37709/sc2api, attempt: 1, running: True
Startup Phase 2 complete
Creating stub renderer...
Listening on: 127.0.0.1:37709
Startup Phase 3 complete. Ready for commands.
[INFO 08:49:20] absl Connecting to: ws://127.0.0.1:37709/sc2api, attempt: 2, running: True
ConnectHandler: Request from 127.0.0.1:41632 accepted
ReadyHandler: 127.0.0.1:41632 ready
Requesting to join a single player game
Configuring interface options
Configure: raw interface enabled
Configure: feature layer interface disabled
Configure: score interface disabled
Configure: render interface disabled
Launching next game.
Next launch phase started: 2
Next launch phase started: 3
Next launch phase started: 4
Next launch phase started: 5
Next launch phase started: 6
Next launch phase started: 7
Next launch phase started: 8
Game has started.
Using default stable ids, none found at: /labmount/users/202535331/MARL/pymarl-monotone-qmix/3rdparty/StarCraftII/stableid.json
Successfully loaded stable ids: GameData\stableid.json
Sending ResponseJoinGame
[INFO 08:49:34] my_main Recent Stats | t_env:    1122919 | Episode:    25466
battle_won_mean:           0.0757	dead_allies_mean:          9.6412	dead_enemies_mean:         7.8530	ep_length_mean:           60.0649
epsilon:                   0.0500	grad_norm:                 0.7893	loss:                      0.0512	qplex_td_error_abs:        0.2109
return_mean:              11.5345	return_std:                2.7314	test_battle_won_mean:      0.2062	test_dead_allies_mean:     9.1562
test_dead_enemies_mean:    9.2875	test_ep_length_mean:      63.6688	test_return_mean:         13.6252	test_return_std:           3.1267

[INFO 08:51:02] my_main t_env: 1132933 / 2050000
[INFO 08:51:02] my_main Estimated time left: 2 hours, 40 minutes, 57 seconds. Time passed: 3 hours, 19 minutes, 58 seconds
[INFO 08:51:13] my_main Recent Stats | t_env:    1132933 | Episode:    25618
battle_won_mean:           0.0775	dead_allies_mean:          9.5821	dead_enemies_mean:         7.8915	ep_length_mean:           61.9705
epsilon:                   0.0500	grad_norm:                 0.8183	loss:                      0.0527	qplex_td_error_abs:        0.2130
return_mean:              11.5462	return_std:                2.6905	test_battle_won_mean:      0.2188	test_dead_allies_mean:     9.0312
test_dead_enemies_mean:    9.2125	test_ep_length_mean:      63.1562	test_return_mean:         13.6226	test_return_std:           3.2141

[INFO 08:52:38] my_main t_env: 1143041 / 2050000
[INFO 08:52:38] my_main Estimated time left: 2 hours, 23 minutes, 7 seconds. Time passed: 3 hours, 21 minutes, 34 seconds
[INFO 08:52:50] my_main Recent Stats | t_env:    1143041 | Episode:    25761
battle_won_mean:           0.0736	dead_allies_mean:          9.5674	dead_enemies_mean:         7.8936	ep_length_mean:           65.1064
epsilon:                   0.0500	grad_norm:                 0.8772	loss:                      0.0520	qplex_td_error_abs:        0.2115
return_mean:              11.5271	return_std:                2.6504	test_battle_won_mean:      0.2250	test_dead_allies_mean:     8.9688
test_dead_enemies_mean:    9.2312	test_ep_length_mean:      64.4375	test_return_mean:         13.5940	test_return_std:           3.1606

[INFO 08:54:19] my_main t_env: 1153055 / 2050000
[INFO 08:54:19] my_main Estimated time left: 2 hours, 30 minutes, 10 seconds. Time passed: 3 hours, 23 minutes, 15 seconds
[INFO 08:54:33] my_main Recent Stats | t_env:    1153055 | Episode:    25912
battle_won_mean:           0.0763	dead_allies_mean:          9.5328	dead_enemies_mean:         7.8942	ep_length_mean:           66.2403
epsilon:                   0.0500	grad_norm:                 0.8116	loss:                      0.0513	qplex_td_error_abs:        0.2080
return_mean:              11.4999	return_std:                2.6788	test_battle_won_mean:      0.2000	test_dead_allies_mean:     8.9625
test_dead_enemies_mean:    9.1250	test_ep_length_mean:      70.2875	test_return_mean:         13.4310	test_return_std:           3.1331

[INFO 08:55:57] my_main t_env: 1163068 / 2050000
[INFO 08:55:57] my_main Estimated time left: 2 hours, 25 minutes, 33 seconds. Time passed: 3 hours, 24 minutes, 53 seconds
[INFO 08:56:08] my_main Recent Stats | t_env:    1163068 | Episode:    26045
battle_won_mean:           0.0779	dead_allies_mean:          9.5016	dead_enemies_mean:         7.8926	ep_length_mean:           68.0008
epsilon:                   0.0500	grad_norm:                 0.6308	loss:                      0.0488	qplex_td_error_abs:        0.2008
return_mean:              11.4902	return_std:                2.7210	test_battle_won_mean:      0.2062	test_dead_allies_mean:     8.8375
test_dead_enemies_mean:    9.0250	test_ep_length_mean:      69.2812	test_return_mean:         13.2964	test_return_std:           3.1610

[INFO 08:57:34] my_main t_env: 1173106 / 2050000
[INFO 08:57:34] my_main Estimated time left: 2 hours, 20 minutes, 37 seconds. Time passed: 3 hours, 26 minutes, 30 seconds
[INFO 08:57:47] my_main Recent Stats | t_env:    1173106 | Episode:    26183
battle_won_mean:           0.0761	dead_allies_mean:          9.4758	dead_enemies_mean:         7.8721	ep_length_mean:           70.1819
epsilon:                   0.0500	grad_norm:                 0.6552	loss:                      0.0483	qplex_td_error_abs:        0.1998
return_mean:              11.4852	return_std:                2.7128	test_battle_won_mean:      0.2062	test_dead_allies_mean:     8.8313
test_dead_enemies_mean:    9.0563	test_ep_length_mean:      73.7687	test_return_mean:         13.3898	test_return_std:           3.2782

RequestQuit command received.
Closing Application...
DataHandler: unable to parse websocket frame.
CloseHandler: 127.0.0.1:41632 disconnected
[INFO 08:57:58] absl Shutdown gracefully.
[INFO 08:57:58] absl Shutdown with return code: -15
[INFO 08:57:58] absl Launching SC2: /labmount/users/202535331/MARL/pymarl-monotone-qmix/3rdparty/StarCraftII/Versions/Base75689/SC2_x64 -listen 127.0.0.1 -port 33655 -dataDir /labmount/users/202535331/MARL/pymarl-monotone-qmix/3rdparty/StarCraftII/ -tempDir /tmp/sc-dvwnhvvk/
[INFO 08:57:58] absl Connecting to: ws://127.0.0.1:33655/sc2api, attempt: 0, running: True
Version: B75689 (SC2.4.10)
Build: Aug 12 2019 17:16:57
Command Line: '"/labmount/users/202535331/MARL/pymarl-monotone-qmix/3rdparty/StarCraftII/Versions/Base75689/SC2_x64" -listen 127.0.0.1 -port 33655 -dataDir /labmount/users/202535331/MARL/pymarl-monotone-qmix/3rdparty/StarCraftII/ -tempDir /tmp/sc-dvwnhvvk/'
Starting up...
Startup Phase 1 complete
[INFO 08:57:59] absl Connecting to: ws://127.0.0.1:33655/sc2api, attempt: 1, running: True
Startup Phase 2 complete
Creating stub renderer...
Listening on: 127.0.0.1:33655
Startup Phase 3 complete. Ready for commands.
[INFO 08:58:00] absl Connecting to: ws://127.0.0.1:33655/sc2api, attempt: 2, running: True
ConnectHandler: Request from 127.0.0.1:36632 accepted
ReadyHandler: 127.0.0.1:36632 ready
Requesting to join a single player game
Configuring interface options
Configure: raw interface enabled
Configure: feature layer interface disabled
Configure: score interface disabled
Configure: render interface disabled
Launching next game.
Next launch phase started: 2
Next launch phase started: 3
Next launch phase started: 4
Next launch phase started: 5
Next launch phase started: 6
Next launch phase started: 7
Next launch phase started: 8
Game has started.
Using default stable ids, none found at: /labmount/users/202535331/MARL/pymarl-monotone-qmix/3rdparty/StarCraftII/stableid.json
Successfully loaded stable ids: GameData\stableid.json
Sending ResponseJoinGame
[INFO 08:59:22] my_main t_env: 1183131 / 2050000
[INFO 08:59:22] my_main Estimated time left: 2 hours, 35 minutes, 5 seconds. Time passed: 3 hours, 28 minutes, 17 seconds
[INFO 08:59:33] my_main Recent Stats | t_env:    1183131 | Episode:    26336
battle_won_mean:           0.0708	dead_allies_mean:          9.5159	dead_enemies_mean:         7.8656	ep_length_mean:           70.1102
epsilon:                   0.0500	grad_norm:                 0.9978	loss:                      0.0502	qplex_td_error_abs:        0.2006
return_mean:              11.4963	return_std:                2.7043	test_battle_won_mean:      0.1812	test_dead_allies_mean:     8.9437
test_dead_enemies_mean:    9.0062	test_ep_length_mean:      75.7938	test_return_mean:         13.2768	test_return_std:           3.1785

[INFO 09:01:02] my_main t_env: 1193174 / 2050000
[INFO 09:01:02] my_main Estimated time left: 2 hours, 22 minutes, 34 seconds. Time passed: 3 hours, 29 minutes, 58 seconds
[INFO 09:01:12] my_main Recent Stats | t_env:    1193174 | Episode:    26491
battle_won_mean:           0.0775	dead_allies_mean:          9.5018	dead_enemies_mean:         7.8801	ep_length_mean:           68.9318
epsilon:                   0.0500	grad_norm:                 0.8749	loss:                      0.0498	qplex_td_error_abs:        0.1951
return_mean:              11.5427	return_std:                2.8099	test_battle_won_mean:      0.1625	test_dead_allies_mean:     9.0375
test_dead_enemies_mean:    8.8812	test_ep_length_mean:      75.5438	test_return_mean:         13.1007	test_return_std:           3.1776

[INFO 09:02:49] my_main t_env: 1203177 / 2050000
[INFO 09:02:49] my_main Estimated time left: 2 hours, 30 minutes, 42 seconds. Time passed: 3 hours, 31 minutes, 45 seconds
[INFO 09:03:00] my_main Recent Stats | t_env:    1203177 | Episode:    26659
battle_won_mean:           0.0877	dead_allies_mean:          9.4781	dead_enemies_mean:         7.9717	ep_length_mean:           67.5766
epsilon:                   0.0500	grad_norm:                 1.2035	loss:                      0.0531	qplex_td_error_abs:        0.1991
return_mean:              11.6981	return_std:                2.9228	test_battle_won_mean:      0.1562	test_dead_allies_mean:     9.1188
test_dead_enemies_mean:    8.9500	test_ep_length_mean:      70.1312	test_return_mean:         13.1313	test_return_std:           3.0638

[INFO 09:04:39] my_main t_env: 1213201 / 2050000
[INFO 09:04:39] my_main Estimated time left: 2 hours, 34 minutes, 4 seconds. Time passed: 3 hours, 33 minutes, 35 seconds
[INFO 09:04:50] my_main Recent Stats | t_env:    1213201 | Episode:    26842
battle_won_mean:           0.0916	dead_allies_mean:          9.5007	dead_enemies_mean:         8.0253	ep_length_mean:           63.4746
epsilon:                   0.0500	grad_norm:                 1.5040	loss:                      0.0602	qplex_td_error_abs:        0.2139
return_mean:              11.7504	return_std:                2.9464	test_battle_won_mean:      0.1750	test_dead_allies_mean:     9.1125
test_dead_enemies_mean:    9.0938	test_ep_length_mean:      70.1562	test_return_mean:         13.4924	test_return_std:           3.0776

[INFO 09:06:33] my_main t_env: 1223240 / 2050000
[INFO 09:06:33] my_main Estimated time left: 2 hours, 36 minutes, 0 seconds. Time passed: 3 hours, 35 minutes, 29 seconds
[INFO 09:06:43] my_main Recent Stats | t_env:    1223240 | Episode:    27036
battle_won_mean:           0.0992	dead_allies_mean:          9.5075	dead_enemies_mean:         8.1278	ep_length_mean:           59.2763
epsilon:                   0.0500	grad_norm:                 1.9339	loss:                      0.0686	qplex_td_error_abs:        0.2275
return_mean:              11.8564	return_std:                3.0226	test_battle_won_mean:      0.2375	test_dead_allies_mean:     8.8500
test_dead_enemies_mean:    9.2750	test_ep_length_mean:      64.8250	test_return_mean:         13.8516	test_return_std:           3.1016

RequestQuit command received.
Closing Application...
DataHandler: unable to parse websocket frame.
CloseHandler: 127.0.0.1:36632 disconnected
ResponseThread: No connection, dropping the response.
[INFO 09:07:41] absl Shutdown gracefully.
[INFO 09:07:41] absl Shutdown with return code: -15
[INFO 09:07:41] absl Launching SC2: /labmount/users/202535331/MARL/pymarl-monotone-qmix/3rdparty/StarCraftII/Versions/Base75689/SC2_x64 -listen 127.0.0.1 -port 34713 -dataDir /labmount/users/202535331/MARL/pymarl-monotone-qmix/3rdparty/StarCraftII/ -tempDir /tmp/sc-dlsli1k9/
[INFO 09:07:41] absl Connecting to: ws://127.0.0.1:34713/sc2api, attempt: 0, running: True
Version: B75689 (SC2.4.10)
Build: Aug 12 2019 17:16:57
Command Line: '"/labmount/users/202535331/MARL/pymarl-monotone-qmix/3rdparty/StarCraftII/Versions/Base75689/SC2_x64" -listen 127.0.0.1 -port 34713 -dataDir /labmount/users/202535331/MARL/pymarl-monotone-qmix/3rdparty/StarCraftII/ -tempDir /tmp/sc-dlsli1k9/'
Starting up...
Startup Phase 1 complete
[INFO 09:07:42] absl Connecting to: ws://127.0.0.1:34713/sc2api, attempt: 1, running: True
Startup Phase 2 complete
Creating stub renderer...
Listening on: 127.0.0.1:34713
Startup Phase 3 complete. Ready for commands.
[INFO 09:07:43] absl Connecting to: ws://127.0.0.1:34713/sc2api, attempt: 2, running: True
ConnectHandler: Request from 127.0.0.1:35070 accepted
ReadyHandler: 127.0.0.1:35070 ready
Requesting to join a single player game
Configuring interface options
Configure: raw interface enabled
Configure: feature layer interface disabled
Configure: score interface disabled
Configure: render interface disabled
Launching next game.
Next launch phase started: 2
Next launch phase started: 3
Next launch phase started: 4
Next launch phase started: 5
Next launch phase started: 6
Next launch phase started: 7
Next launch phase started: 8
Game has started.
Using default stable ids, none found at: /labmount/users/202535331/MARL/pymarl-monotone-qmix/3rdparty/StarCraftII/stableid.json
Successfully loaded stable ids: GameData\stableid.json
Sending ResponseJoinGame
[INFO 09:08:26] my_main t_env: 1233258 / 2050000
[INFO 09:08:26] my_main Estimated time left: 2 hours, 33 minutes, 10 seconds. Time passed: 3 hours, 37 minutes, 22 seconds
[INFO 09:08:37] my_main Recent Stats | t_env:    1233258 | Episode:    27212
battle_won_mean:           0.1098	dead_allies_mean:          9.4496	dead_enemies_mean:         8.2032	ep_length_mean:           57.5558
epsilon:                   0.0500	grad_norm:                 1.8624	loss:                      0.0686	qplex_td_error_abs:        0.2295
return_mean:              11.9466	return_std:                3.1021	test_battle_won_mean:      0.2687	test_dead_allies_mean:     8.7312
test_dead_enemies_mean:    9.3562	test_ep_length_mean:      64.5938	test_return_mean:         13.9996	test_return_std:           3.1374

[INFO 09:10:12] my_main t_env: 1243281 / 2050000
[INFO 09:10:12] my_main Estimated time left: 2 hours, 21 minutes, 56 seconds. Time passed: 3 hours, 39 minutes, 7 seconds
[INFO 09:10:22] my_main Recent Stats | t_env:    1243281 | Episode:    27383
battle_won_mean:           0.1080	dead_allies_mean:          9.4494	dead_enemies_mean:         8.2307	ep_length_mean:           56.3199
epsilon:                   0.0500	grad_norm:                 1.9485	loss:                      0.0716	qplex_td_error_abs:        0.2378
return_mean:              11.9619	return_std:                3.0523	test_battle_won_mean:      0.2687	test_dead_allies_mean:     8.7688
test_dead_enemies_mean:    9.4000	test_ep_length_mean:      63.0125	test_return_mean:         13.9416	test_return_std:           3.1478

[INFO 09:12:02] my_main t_env: 1253296 / 2050000
[INFO 09:12:02] my_main Estimated time left: 2 hours, 26 minutes, 22 seconds. Time passed: 3 hours, 40 minutes, 58 seconds
[INFO 09:12:12] my_main Recent Stats | t_env:    1253296 | Episode:    27571
battle_won_mean:           0.1072	dead_allies_mean:          9.4570	dead_enemies_mean:         8.2552	ep_length_mean:           55.0658
epsilon:                   0.0500	grad_norm:                 1.6337	loss:                      0.0715	qplex_td_error_abs:        0.2413
return_mean:              11.9577	return_std:                3.0024	test_battle_won_mean:      0.3000	test_dead_allies_mean:     8.5687
test_dead_enemies_mean:    9.5062	test_ep_length_mean:      59.9562	test_return_mean:         14.1695	test_return_std:           3.2445

[INFO 09:13:53] my_main t_env: 1263322 / 2050000
[INFO 09:13:53] my_main Estimated time left: 2 hours, 25 minutes, 48 seconds. Time passed: 3 hours, 42 minutes, 49 seconds
[INFO 09:14:03] my_main Recent Stats | t_env:    1263322 | Episode:    27762
battle_won_mean:           0.1097	dead_allies_mean:          9.4385	dead_enemies_mean:         8.2812	ep_length_mean:           54.6091
epsilon:                   0.0500	grad_norm:                 1.3417	loss:                      0.0640	qplex_td_error_abs:        0.2262
return_mean:              11.9888	return_std:                2.9919	test_battle_won_mean:      0.2938	test_dead_allies_mean:     8.5813
test_dead_enemies_mean:    9.4625	test_ep_length_mean:      58.1313	test_return_mean:         14.0011	test_return_std:           3.2525

[INFO 09:15:46] my_main t_env: 1273353 / 2050000
[INFO 09:15:46] my_main Estimated time left: 2 hours, 25 minutes, 49 seconds. Time passed: 3 hours, 44 minutes, 42 seconds
[INFO 09:15:56] my_main Recent Stats | t_env:    1273353 | Episode:    27955
battle_won_mean:           0.1191	dead_allies_mean:          9.4111	dead_enemies_mean:         8.3084	ep_length_mean:           54.6544
epsilon:                   0.0500	grad_norm:                 0.8874	loss:                      0.0553	qplex_td_error_abs:        0.2093
return_mean:              12.0470	return_std:                3.0413	test_battle_won_mean:      0.2375	test_dead_allies_mean:     8.9313
test_dead_enemies_mean:    9.3562	test_ep_length_mean:      57.2000	test_return_mean:         13.6770	test_return_std:           3.1359

[INFO 09:17:37] my_main t_env: 1283482 / 2050000
[INFO 09:17:37] my_main Estimated time left: 2 hours, 19 minutes, 3 seconds. Time passed: 3 hours, 46 minutes, 33 seconds
[INFO 09:17:47] my_main Recent Stats | t_env:    1283482 | Episode:    28139
battle_won_mean:           0.1169	dead_allies_mean:          9.4587	dead_enemies_mean:         8.2187	ep_length_mean:           54.2801
epsilon:                   0.0500	grad_norm:                 0.6420	loss:                      0.0527	qplex_td_error_abs:        0.2035
return_mean:              11.8995	return_std:                3.0666	test_battle_won_mean:      0.2250	test_dead_allies_mean:     9.0000
test_dead_enemies_mean:    9.3500	test_ep_length_mean:      55.7500	test_return_mean:         13.6625	test_return_std:           3.1987

RequestQuit command received.
Closing Application...
DataHandler: unable to parse websocket frame.
CloseHandler: 127.0.0.1:35070 disconnected
[INFO 09:17:47] absl Shutdown gracefully.
[INFO 09:17:47] absl Shutdown with return code: -15
[INFO 09:17:47] absl Launching SC2: /labmount/users/202535331/MARL/pymarl-monotone-qmix/3rdparty/StarCraftII/Versions/Base75689/SC2_x64 -listen 127.0.0.1 -port 40401 -dataDir /labmount/users/202535331/MARL/pymarl-monotone-qmix/3rdparty/StarCraftII/ -tempDir /tmp/sc-12qsvl5i/
[INFO 09:17:47] absl Connecting to: ws://127.0.0.1:40401/sc2api, attempt: 0, running: True
Version: B75689 (SC2.4.10)
Build: Aug 12 2019 17:16:57
Command Line: '"/labmount/users/202535331/MARL/pymarl-monotone-qmix/3rdparty/StarCraftII/Versions/Base75689/SC2_x64" -listen 127.0.0.1 -port 40401 -dataDir /labmount/users/202535331/MARL/pymarl-monotone-qmix/3rdparty/StarCraftII/ -tempDir /tmp/sc-12qsvl5i/'
Starting up...
Startup Phase 1 complete
[INFO 09:17:48] absl Connecting to: ws://127.0.0.1:40401/sc2api, attempt: 1, running: True
Startup Phase 2 complete
Creating stub renderer...
Listening on: 127.0.0.1:40401
Startup Phase 3 complete. Ready for commands.
[INFO 09:17:49] absl Connecting to: ws://127.0.0.1:40401/sc2api, attempt: 2, running: True
ConnectHandler: Request from 127.0.0.1:51942 accepted
ReadyHandler: 127.0.0.1:51942 ready
Requesting to join a single player game
Configuring interface options
Configure: raw interface enabled
Configure: feature layer interface disabled
Configure: score interface disabled
Configure: render interface disabled
Launching next game.
Next launch phase started: 2
Next launch phase started: 3
Next launch phase started: 4
Next launch phase started: 5
Next launch phase started: 6
Next launch phase started: 7
Next launch phase started: 8
Game has started.
Using default stable ids, none found at: /labmount/users/202535331/MARL/pymarl-monotone-qmix/3rdparty/StarCraftII/stableid.json
Successfully loaded stable ids: GameData\stableid.json
Sending ResponseJoinGame
[INFO 09:19:38] my_main t_env: 1293501 / 2050000
[INFO 09:19:38] my_main Estimated time left: 2 hours, 32 minutes, 44 seconds. Time passed: 3 hours, 48 minutes, 34 seconds
[INFO 09:19:49] my_main Recent Stats | t_env:    1293501 | Episode:    28326
battle_won_mean:           0.1186	dead_allies_mean:          9.4329	dead_enemies_mean:         8.2019	ep_length_mean:           53.2728
epsilon:                   0.0500	grad_norm:                 0.8753	loss:                      0.0531	qplex_td_error_abs:        0.2044
return_mean:              11.8971	return_std:                3.0859	test_battle_won_mean:      0.2375	test_dead_allies_mean:     8.9250
test_dead_enemies_mean:    9.3250	test_ep_length_mean:      56.3687	test_return_mean:         13.6833	test_return_std:           3.2856

[INFO 09:21:36] my_main t_env: 1303501 / 2050000
[INFO 09:21:36] my_main Estimated time left: 2 hours, 26 minutes, 45 seconds. Time passed: 3 hours, 50 minutes, 32 seconds
[INFO 09:21:46] my_main Recent Stats | t_env:    1303501 | Episode:    28522
battle_won_mean:           0.1155	dead_allies_mean:          9.4502	dead_enemies_mean:         8.1226	ep_length_mean:           52.8226
epsilon:                   0.0500	grad_norm:                 0.9019	loss:                      0.0527	qplex_td_error_abs:        0.2040
return_mean:              11.8336	return_std:                3.1184	test_battle_won_mean:      0.2437	test_dead_allies_mean:     9.0250
test_dead_enemies_mean:    9.3375	test_ep_length_mean:      57.6625	test_return_mean:         13.6977	test_return_std:           3.3127

[INFO 09:23:30] my_main t_env: 1313550 / 2050000
[INFO 09:23:30] my_main Estimated time left: 2 hours, 19 minutes, 13 seconds. Time passed: 3 hours, 52 minutes, 26 seconds
[INFO 09:23:41] my_main Recent Stats | t_env:    1313550 | Episode:    28704
battle_won_mean:           0.1198	dead_allies_mean:          9.4462	dead_enemies_mean:         8.2012	ep_length_mean:           53.3670
epsilon:                   0.0500	grad_norm:                 0.9120	loss:                      0.0535	qplex_td_error_abs:        0.2057
return_mean:              11.9405	return_std:                3.1357	test_battle_won_mean:      0.2625	test_dead_allies_mean:     8.9187
test_dead_enemies_mean:    9.4250	test_ep_length_mean:      59.2563	test_return_mean:         13.8999	test_return_std:           3.3482

[INFO 09:25:25] my_main t_env: 1323592 / 2050000
[INFO 09:25:25] my_main Estimated time left: 2 hours, 18 minutes, 12 seconds. Time passed: 3 hours, 54 minutes, 21 seconds
[INFO 09:25:36] my_main Recent Stats | t_env:    1323592 | Episode:    28891
battle_won_mean:           0.1100	dead_allies_mean:          9.4862	dead_enemies_mean:         8.1768	ep_length_mean:           53.7123
epsilon:                   0.0500	grad_norm:                 1.0980	loss:                      0.0539	qplex_td_error_abs:        0.2073
return_mean:              11.8729	return_std:                3.0820	test_battle_won_mean:      0.3000	test_dead_allies_mean:     8.6813
test_dead_enemies_mean:    9.5813	test_ep_length_mean:      60.5812	test_return_mean:         14.2405	test_return_std:           3.3934

[INFO 09:27:20] my_main t_env: 1333736 / 2050000
[INFO 09:27:20] my_main Estimated time left: 2 hours, 15 minutes, 7 seconds. Time passed: 3 hours, 56 minutes, 15 seconds
[INFO 09:27:30] my_main Recent Stats | t_env:    1333736 | Episode:    29074
battle_won_mean:           0.1069	dead_allies_mean:          9.4945	dead_enemies_mean:         8.2521	ep_length_mean:           53.7889
epsilon:                   0.0500	grad_norm:                 1.2764	loss:                      0.0538	qplex_td_error_abs:        0.2060
return_mean:              11.9639	return_std:                3.0375	test_battle_won_mean:      0.3187	test_dead_allies_mean:     8.6000
test_dead_enemies_mean:    9.6312	test_ep_length_mean:      59.6187	test_return_mean:         14.3393	test_return_std:           3.5116

RequestQuit command received.
Closing Application...
DataHandler: unable to parse websocket frame.
CloseHandler: 127.0.0.1:51942 disconnected
[INFO 09:28:23] absl Shutdown gracefully.
[INFO 09:28:23] absl Shutdown with return code: -15
[INFO 09:28:23] absl Launching SC2: /labmount/users/202535331/MARL/pymarl-monotone-qmix/3rdparty/StarCraftII/Versions/Base75689/SC2_x64 -listen 127.0.0.1 -port 43409 -dataDir /labmount/users/202535331/MARL/pymarl-monotone-qmix/3rdparty/StarCraftII/ -tempDir /tmp/sc-nnw545zs/
[INFO 09:28:23] absl Connecting to: ws://127.0.0.1:43409/sc2api, attempt: 0, running: True
Version: B75689 (SC2.4.10)
Build: Aug 12 2019 17:16:57
Command Line: '"/labmount/users/202535331/MARL/pymarl-monotone-qmix/3rdparty/StarCraftII/Versions/Base75689/SC2_x64" -listen 127.0.0.1 -port 43409 -dataDir /labmount/users/202535331/MARL/pymarl-monotone-qmix/3rdparty/StarCraftII/ -tempDir /tmp/sc-nnw545zs/'
Starting up...
Startup Phase 1 complete
[INFO 09:28:24] absl Connecting to: ws://127.0.0.1:43409/sc2api, attempt: 1, running: True
Startup Phase 2 complete
Creating stub renderer...
Listening on: 127.0.0.1:43409
Startup Phase 3 complete. Ready for commands.
[INFO 09:28:25] absl Connecting to: ws://127.0.0.1:43409/sc2api, attempt: 2, running: True
ConnectHandler: Request from 127.0.0.1:48408 accepted
ReadyHandler: 127.0.0.1:48408 ready
Requesting to join a single player game
Configuring interface options
Configure: raw interface enabled
Configure: feature layer interface disabled
Configure: score interface disabled
Configure: render interface disabled
Launching next game.
Next launch phase started: 2
Next launch phase started: 3
Next launch phase started: 4
Next launch phase started: 5
Next launch phase started: 6
Next launch phase started: 7
Next launch phase started: 8
Game has started.
Using default stable ids, none found at: /labmount/users/202535331/MARL/pymarl-monotone-qmix/3rdparty/StarCraftII/stableid.json
Successfully loaded stable ids: GameData\stableid.json
Sending ResponseJoinGame
[INFO 09:29:15] my_main t_env: 1343766 / 2050000
[INFO 09:29:15] my_main Estimated time left: 2 hours, 14 minutes, 56 seconds. Time passed: 3 hours, 58 minutes, 10 seconds
[INFO 09:29:24] my_main Recent Stats | t_env:    1343766 | Episode:    29247
battle_won_mean:           0.1119	dead_allies_mean:          9.4833	dead_enemies_mean:         8.2651	ep_length_mean:           54.6688
epsilon:                   0.0500	grad_norm:                 0.8938	loss:                      0.0491	qplex_td_error_abs:        0.1967
return_mean:              12.0121	return_std:                3.1270	test_battle_won_mean:      0.3688	test_dead_allies_mean:     8.4187
test_dead_enemies_mean:    9.8750	test_ep_length_mean:      58.2875	test_return_mean:         14.8743	test_return_std:           3.4571

[INFO 09:31:01] my_main t_env: 1353776 / 2050000
[INFO 09:31:01] my_main Estimated time left: 2 hours, 3 minutes, 37 seconds. Time passed: 3 hours, 59 minutes, 57 seconds
[INFO 09:31:11] my_main Recent Stats | t_env:    1353776 | Episode:    29416
battle_won_mean:           0.1109	dead_allies_mean:          9.4438	dead_enemies_mean:         8.3574	ep_length_mean:           56.3108
epsilon:                   0.0500	grad_norm:                 1.0394	loss:                      0.0449	qplex_td_error_abs:        0.1894
return_mean:              12.1061	return_std:                3.0490	test_battle_won_mean:      0.3875	test_dead_allies_mean:     8.2438
test_dead_enemies_mean:    9.8875	test_ep_length_mean:      57.2313	test_return_mean:         14.9774	test_return_std:           3.4949

[INFO 09:32:54] my_main t_env: 1363812 / 2050000
[INFO 09:32:54] my_main Estimated time left: 2 hours, 8 minutes, 17 seconds. Time passed: 4 hours, 1 minutes, 50 seconds
[INFO 09:33:04] my_main Recent Stats | t_env:    1363812 | Episode:    29599
battle_won_mean:           0.1261	dead_allies_mean:          9.3756	dead_enemies_mean:         8.3927	ep_length_mean:           56.2363
epsilon:                   0.0500	grad_norm:                 0.9236	loss:                      0.0445	qplex_td_error_abs:        0.1893
return_mean:              12.2242	return_std:                3.1233	test_battle_won_mean:      0.3688	test_dead_allies_mean:     8.2750
test_dead_enemies_mean:    9.8000	test_ep_length_mean:      57.1063	test_return_mean:         14.8919	test_return_std:           3.4415

[INFO 09:34:48] my_main t_env: 1373828 / 2050000
[INFO 09:34:48] my_main Estimated time left: 2 hours, 8 minutes, 23 seconds. Time passed: 4 hours, 3 minutes, 44 seconds
[INFO 09:34:59] my_main Recent Stats | t_env:    1373828 | Episode:    29785
battle_won_mean:           0.1391	dead_allies_mean:          9.2859	dead_enemies_mean:         8.4306	ep_length_mean:           56.2661
epsilon:                   0.0500	grad_norm:                 0.7014	loss:                      0.0454	qplex_td_error_abs:        0.1908
return_mean:              12.3438	return_std:                3.1961	test_battle_won_mean:      0.3625	test_dead_allies_mean:     8.3063
test_dead_enemies_mean:    9.7250	test_ep_length_mean:      57.9813	test_return_mean:         14.7653	test_return_std:           3.4811

[INFO 09:36:40] my_main t_env: 1383863 / 2050000
[INFO 09:36:40] my_main Estimated time left: 2 hours, 3 minutes, 56 seconds. Time passed: 4 hours, 5 minutes, 36 seconds
[INFO 09:36:50] my_main Recent Stats | t_env:    1383863 | Episode:    29965
battle_won_mean:           0.1494	dead_allies_mean:          9.2366	dead_enemies_mean:         8.4870	ep_length_mean:           56.3297
epsilon:                   0.0500	grad_norm:                 0.4992	loss:                      0.0440	qplex_td_error_abs:        0.1900
return_mean:              12.4349	return_std:                3.2704	test_battle_won_mean:      0.3563	test_dead_allies_mean:     8.2625
test_dead_enemies_mean:    9.6875	test_ep_length_mean:      57.6562	test_return_mean:         14.6862	test_return_std:           3.3563

[INFO 09:38:29] my_main t_env: 1393912 / 2050000
[INFO 09:38:29] my_main Estimated time left: 1 hours, 58 minutes, 55 seconds. Time passed: 4 hours, 7 minutes, 25 seconds
RequestQuit command received.
Closing Application...
DataHandler: unable to parse websocket frame.
CloseHandler: 127.0.0.1:48408 disconnected
[INFO 09:38:36] absl Shutdown gracefully.
[INFO 09:38:36] absl Shutdown with return code: -15
[INFO 09:38:36] absl Launching SC2: /labmount/users/202535331/MARL/pymarl-monotone-qmix/3rdparty/StarCraftII/Versions/Base75689/SC2_x64 -listen 127.0.0.1 -port 37321 -dataDir /labmount/users/202535331/MARL/pymarl-monotone-qmix/3rdparty/StarCraftII/ -tempDir /tmp/sc-udged5dr/
[INFO 09:38:37] absl Connecting to: ws://127.0.0.1:37321/sc2api, attempt: 0, running: True
Version: B75689 (SC2.4.10)
Build: Aug 12 2019 17:16:57
Command Line: '"/labmount/users/202535331/MARL/pymarl-monotone-qmix/3rdparty/StarCraftII/Versions/Base75689/SC2_x64" -listen 127.0.0.1 -port 37321 -dataDir /labmount/users/202535331/MARL/pymarl-monotone-qmix/3rdparty/StarCraftII/ -tempDir /tmp/sc-udged5dr/'
Starting up...
Startup Phase 1 complete
[INFO 09:38:38] absl Connecting to: ws://127.0.0.1:37321/sc2api, attempt: 1, running: True
Startup Phase 2 complete
Creating stub renderer...
Listening on: 127.0.0.1:37321
Startup Phase 3 complete. Ready for commands.
[INFO 09:38:39] absl Connecting to: ws://127.0.0.1:37321/sc2api, attempt: 2, running: True
ConnectHandler: Request from 127.0.0.1:53294 accepted
ReadyHandler: 127.0.0.1:53294 ready
Requesting to join a single player game
Configuring interface options
Configure: raw interface enabled
Configure: feature layer interface disabled
Configure: score interface disabled
Configure: render interface disabled
Launching next game.
Next launch phase started: 2
Next launch phase started: 3
Next launch phase started: 4
Next launch phase started: 5
Next launch phase started: 6
Next launch phase started: 7
Next launch phase started: 8
Game has started.
Using default stable ids, none found at: /labmount/users/202535331/MARL/pymarl-monotone-qmix/3rdparty/StarCraftII/stableid.json
Successfully loaded stable ids: GameData\stableid.json
Sending ResponseJoinGame
[INFO 09:38:46] my_main Recent Stats | t_env:    1393912 | Episode:    30143
battle_won_mean:           0.1555	dead_allies_mean:          9.1988	dead_enemies_mean:         8.5921	ep_length_mean:           56.0254
epsilon:                   0.0500	grad_norm:                 0.4912	loss:                      0.0444	qplex_td_error_abs:        0.1887
return_mean:              12.5287	return_std:                3.2879	test_battle_won_mean:      0.3187	test_dead_allies_mean:     8.2312
test_dead_enemies_mean:    9.5312	test_ep_length_mean:      59.4750	test_return_mean:         14.4583	test_return_std:           3.3776

[INFO 09:40:25] my_main t_env: 1403936 / 2050000
[INFO 09:40:25] my_main Estimated time left: 2 hours, 4 minutes, 23 seconds. Time passed: 4 hours, 9 minutes, 21 seconds
[INFO 09:40:35] my_main Recent Stats | t_env:    1403936 | Episode:    30317
battle_won_mean:           0.1675	dead_allies_mean:          9.1570	dead_enemies_mean:         8.6247	ep_length_mean:           55.7010
epsilon:                   0.0500	grad_norm:                 0.4030	loss:                      0.0497	qplex_td_error_abs:        0.1832
return_mean:              12.6250	return_std:                3.4189	test_battle_won_mean:      0.2938	test_dead_allies_mean:     8.3938
test_dead_enemies_mean:    9.4750	test_ep_length_mean:      60.1375	test_return_mean:         14.3112	test_return_std:           3.3961

[INFO 09:42:13] my_main t_env: 1413995 / 2050000
[INFO 09:42:13] my_main Estimated time left: 1 hours, 53 minutes, 31 seconds. Time passed: 4 hours, 11 minutes, 9 seconds
[INFO 09:42:24] my_main Recent Stats | t_env:    1413995 | Episode:    30491
battle_won_mean:           0.1649	dead_allies_mean:          9.1503	dead_enemies_mean:         8.5852	ep_length_mean:           56.2948
epsilon:                   0.0500	grad_norm:                 0.6199	loss:                      0.0504	qplex_td_error_abs:        0.1842
return_mean:              12.5805	return_std:                3.4573	test_battle_won_mean:      0.3125	test_dead_allies_mean:     8.3625
test_dead_enemies_mean:    9.6125	test_ep_length_mean:      61.1375	test_return_mean:         14.5401	test_return_std:           3.3738

[INFO 09:43:59] my_main t_env: 1423997 / 2050000
[INFO 09:43:59] my_main Estimated time left: 1 hours, 50 minutes, 45 seconds. Time passed: 4 hours, 12 minutes, 55 seconds
[INFO 09:44:09] my_main Recent Stats | t_env:    1423997 | Episode:    30657
battle_won_mean:           0.1714	dead_allies_mean:          9.1239	dead_enemies_mean:         8.6307	ep_length_mean:           57.5755
epsilon:                   0.0500	grad_norm:                 0.6570	loss:                      0.0507	qplex_td_error_abs:        0.1865
return_mean:              12.6666	return_std:                3.5254	test_battle_won_mean:      0.3063	test_dead_allies_mean:     8.3688
test_dead_enemies_mean:    9.5625	test_ep_length_mean:      59.7250	test_return_mean:         14.4791	test_return_std:           3.3827

[INFO 09:45:48] my_main t_env: 1434025 / 2050000
[INFO 09:45:48] my_main Estimated time left: 1 hours, 52 minutes, 8 seconds. Time passed: 4 hours, 14 minutes, 44 seconds
[INFO 09:46:00] my_main Recent Stats | t_env:    1434025 | Episode:    30838
battle_won_mean:           0.1701	dead_allies_mean:          9.1125	dead_enemies_mean:         8.6169	ep_length_mean:           57.5062
epsilon:                   0.0500	grad_norm:                 0.6659	loss:                      0.0531	qplex_td_error_abs:        0.1915
return_mean:              12.6937	return_std:                3.5059	test_battle_won_mean:      0.2938	test_dead_allies_mean:     8.3938
test_dead_enemies_mean:    9.6562	test_ep_length_mean:      63.1187	test_return_mean:         14.6225	test_return_std:           3.3173

[INFO 09:47:34] my_main t_env: 1444030 / 2050000
[INFO 09:47:34] my_main Estimated time left: 1 hours, 47 minutes, 4 seconds. Time passed: 4 hours, 16 minutes, 30 seconds
[INFO 09:47:45] my_main Recent Stats | t_env:    1444030 | Episode:    31005
battle_won_mean:           0.1865	dead_allies_mean:          9.0520	dead_enemies_mean:         8.6621	ep_length_mean:           58.1972
epsilon:                   0.0500	grad_norm:                 0.6824	loss:                      0.0562	qplex_td_error_abs:        0.1995
return_mean:              12.8441	return_std:                3.5666	test_battle_won_mean:      0.3250	test_dead_allies_mean:     8.2875
test_dead_enemies_mean:    9.7688	test_ep_length_mean:      62.7625	test_return_mean:         14.7898	test_return_std:           3.3938

RequestQuit command received.
Closing Application...
DataHandler: unable to parse websocket frame.
CloseHandler: 127.0.0.1:53294 disconnected
[INFO 09:48:26] absl Shutdown gracefully.
[INFO 09:48:26] absl Shutdown with return code: -15
[INFO 09:48:26] absl Launching SC2: /labmount/users/202535331/MARL/pymarl-monotone-qmix/3rdparty/StarCraftII/Versions/Base75689/SC2_x64 -listen 127.0.0.1 -port 37359 -dataDir /labmount/users/202535331/MARL/pymarl-monotone-qmix/3rdparty/StarCraftII/ -tempDir /tmp/sc-lx5f952k/
[INFO 09:48:26] absl Connecting to: ws://127.0.0.1:37359/sc2api, attempt: 0, running: True
Version: B75689 (SC2.4.10)
Build: Aug 12 2019 17:16:57
Command Line: '"/labmount/users/202535331/MARL/pymarl-monotone-qmix/3rdparty/StarCraftII/Versions/Base75689/SC2_x64" -listen 127.0.0.1 -port 37359 -dataDir /labmount/users/202535331/MARL/pymarl-monotone-qmix/3rdparty/StarCraftII/ -tempDir /tmp/sc-lx5f952k/'
Starting up...
Startup Phase 1 complete
[INFO 09:48:27] absl Connecting to: ws://127.0.0.1:37359/sc2api, attempt: 1, running: True
Startup Phase 2 complete
Creating stub renderer...
Listening on: 127.0.0.1:37359
Startup Phase 3 complete. Ready for commands.
[INFO 09:48:28] absl Connecting to: ws://127.0.0.1:37359/sc2api, attempt: 2, running: True
ConnectHandler: Request from 127.0.0.1:56136 accepted
ReadyHandler: 127.0.0.1:56136 ready
Requesting to join a single player game
Configuring interface options
Configure: raw interface enabled
Configure: feature layer interface disabled
Configure: score interface disabled
Configure: render interface disabled
Launching next game.
Next launch phase started: 2
Next launch phase started: 3
Next launch phase started: 4
Next launch phase started: 5
Next launch phase started: 6
Next launch phase started: 7
Next launch phase started: 8
Game has started.
Using default stable ids, none found at: /labmount/users/202535331/MARL/pymarl-monotone-qmix/3rdparty/StarCraftII/stableid.json
Successfully loaded stable ids: GameData\stableid.json
Sending ResponseJoinGame
[INFO 09:49:30] my_main t_env: 1454067 / 2050000
[INFO 09:49:30] my_main Estimated time left: 1 hours, 54 minutes, 9 seconds. Time passed: 4 hours, 18 minutes, 26 seconds
[INFO 09:49:39] my_main Recent Stats | t_env:    1454067 | Episode:    31182
battle_won_mean:           0.1927	dead_allies_mean:          9.0360	dead_enemies_mean:         8.6202	ep_length_mean:           58.0166
epsilon:                   0.0500	grad_norm:                 0.7085	loss:                      0.0530	qplex_td_error_abs:        0.2062
return_mean:              12.8334	return_std:                3.5998	test_battle_won_mean:      0.3625	test_dead_allies_mean:     8.1188
test_dead_enemies_mean:    9.7937	test_ep_length_mean:      61.2750	test_return_mean:         14.9366	test_return_std:           3.5113

[INFO 09:51:15] my_main t_env: 1464084 / 2050000
[INFO 09:51:15] my_main Estimated time left: 1 hours, 42 minutes, 37 seconds. Time passed: 4 hours, 20 minutes, 11 seconds
[INFO 09:51:26] my_main Recent Stats | t_env:    1464084 | Episode:    31354
battle_won_mean:           0.1977	dead_allies_mean:          8.9955	dead_enemies_mean:         8.5635	ep_length_mean:           58.1022
epsilon:                   0.0500	grad_norm:                 0.5842	loss:                      0.0557	qplex_td_error_abs:        0.2127
return_mean:              12.7963	return_std:                3.6687	test_battle_won_mean:      0.3625	test_dead_allies_mean:     8.1000
test_dead_enemies_mean:    9.7562	test_ep_length_mean:      61.9562	test_return_mean:         14.8523	test_return_std:           3.6037

[INFO 09:53:01] my_main t_env: 1474111 / 2050000
[INFO 09:53:01] my_main Estimated time left: 1 hours, 41 minutes, 21 seconds. Time passed: 4 hours, 21 minutes, 57 seconds
[INFO 09:53:12] my_main Recent Stats | t_env:    1474111 | Episode:    31521
battle_won_mean:           0.1867	dead_allies_mean:          9.0111	dead_enemies_mean:         8.4813	ep_length_mean:           58.0600
epsilon:                   0.0500	grad_norm:                 0.5602	loss:                      0.0553	qplex_td_error_abs:        0.2109
return_mean:              12.6633	return_std:                3.6271	test_battle_won_mean:      0.3563	test_dead_allies_mean:     8.0625
test_dead_enemies_mean:    9.7188	test_ep_length_mean:      63.9000	test_return_mean:         14.8882	test_return_std:           3.6041

[INFO 09:54:47] my_main t_env: 1484133 / 2050000
[INFO 09:54:47] my_main Estimated time left: 1 hours, 39 minutes, 58 seconds. Time passed: 4 hours, 23 minutes, 43 seconds
[INFO 09:54:58] my_main Recent Stats | t_env:    1484133 | Episode:    31693
battle_won_mean:           0.1952	dead_allies_mean:          8.9695	dead_enemies_mean:         8.4896	ep_length_mean:           58.6328
epsilon:                   0.0500	grad_norm:                 0.6654	loss:                      0.0567	qplex_td_error_abs:        0.2135
return_mean:              12.6742	return_std:                3.6552	test_battle_won_mean:      0.4000	test_dead_allies_mean:     7.8250
test_dead_enemies_mean:    9.7937	test_ep_length_mean:      62.0812	test_return_mean:         15.0927	test_return_std:           3.6243

[INFO 09:56:34] my_main t_env: 1494161 / 2050000
[INFO 09:56:34] my_main Estimated time left: 1 hours, 38 minutes, 23 seconds. Time passed: 4 hours, 25 minutes, 30 seconds
[INFO 09:56:45] my_main Recent Stats | t_env:    1494161 | Episode:    31868
battle_won_mean:           0.1839	dead_allies_mean:          9.0224	dead_enemies_mean:         8.4282	ep_length_mean:           58.1114
epsilon:                   0.0500	grad_norm:                 0.9118	loss:                      0.0610	qplex_td_error_abs:        0.2220
return_mean:              12.5851	return_std:                3.6048	test_battle_won_mean:      0.3688	test_dead_allies_mean:     8.0250
test_dead_enemies_mean:    9.7562	test_ep_length_mean:      63.4875	test_return_mean:         14.9569	test_return_std:           3.5122

RequestQuit command received.
Closing Application...
DataHandler: unable to parse websocket frame.
CloseHandler: 127.0.0.1:56136 disconnected
ResponseThread: No connection, dropping the response.
[INFO 09:58:15] absl Shutdown gracefully.
[INFO 09:58:15] absl Shutdown with return code: -15
[INFO 09:58:15] absl Launching SC2: /labmount/users/202535331/MARL/pymarl-monotone-qmix/3rdparty/StarCraftII/Versions/Base75689/SC2_x64 -listen 127.0.0.1 -port 38789 -dataDir /labmount/users/202535331/MARL/pymarl-monotone-qmix/3rdparty/StarCraftII/ -tempDir /tmp/sc-skrc19do/
[INFO 09:58:15] absl Connecting to: ws://127.0.0.1:38789/sc2api, attempt: 0, running: True
Version: B75689 (SC2.4.10)
Build: Aug 12 2019 17:16:57
Command Line: '"/labmount/users/202535331/MARL/pymarl-monotone-qmix/3rdparty/StarCraftII/Versions/Base75689/SC2_x64" -listen 127.0.0.1 -port 38789 -dataDir /labmount/users/202535331/MARL/pymarl-monotone-qmix/3rdparty/StarCraftII/ -tempDir /tmp/sc-skrc19do/'
Starting up...
Startup Phase 1 complete
[INFO 09:58:16] absl Connecting to: ws://127.0.0.1:38789/sc2api, attempt: 1, running: True
Startup Phase 2 complete
Creating stub renderer...
Listening on: 127.0.0.1:38789
Startup Phase 3 complete. Ready for commands.
[INFO 09:58:17] absl Connecting to: ws://127.0.0.1:38789/sc2api, attempt: 2, running: True
ConnectHandler: Request from 127.0.0.1:52934 accepted
ReadyHandler: 127.0.0.1:52934 ready
Requesting to join a single player game
Configuring interface options
Configure: raw interface enabled
Configure: feature layer interface disabled
Configure: score interface disabled
Configure: render interface disabled
Launching next game.
Next launch phase started: 2
Next launch phase started: 3
Next launch phase started: 4
Next launch phase started: 5
Next launch phase started: 6
Next launch phase started: 7
Next launch phase started: 8
Game has started.
Using default stable ids, none found at: /labmount/users/202535331/MARL/pymarl-monotone-qmix/3rdparty/StarCraftII/stableid.json
Successfully loaded stable ids: GameData\stableid.json
Sending ResponseJoinGame
[INFO 09:58:27] my_main t_env: 1504207 / 2050000
[INFO 09:58:27] my_main Estimated time left: 1 hours, 42 minutes, 39 seconds. Time passed: 4 hours, 27 minutes, 23 seconds
[INFO 09:58:38] my_main Recent Stats | t_env:    1504207 | Episode:    32047
battle_won_mean:           0.1812	dead_allies_mean:          8.9901	dead_enemies_mean:         8.4260	ep_length_mean:           57.9947
epsilon:                   0.0500	grad_norm:                 1.3962	loss:                      0.0720	qplex_td_error_abs:        0.2451
return_mean:              12.5747	return_std:                3.6115	test_battle_won_mean:      0.3812	test_dead_allies_mean:     7.9437
test_dead_enemies_mean:    9.9250	test_ep_length_mean:      64.4125	test_return_mean:         15.2141	test_return_std:           3.3885

[INFO 10:00:10] my_main t_env: 1514238 / 2050000
[INFO 10:00:10] my_main Estimated time left: 1 hours, 31 minutes, 42 seconds. Time passed: 4 hours, 29 minutes, 6 seconds
[INFO 10:00:20] my_main Recent Stats | t_env:    1514238 | Episode:    32207
battle_won_mean:           0.1794	dead_allies_mean:          9.0022	dead_enemies_mean:         8.4503	ep_length_mean:           58.8858
epsilon:                   0.0500	grad_norm:                 1.7131	loss:                      0.0803	qplex_td_error_abs:        0.2600
return_mean:              12.6295	return_std:                3.5930	test_battle_won_mean:      0.4250	test_dead_allies_mean:     7.7062
test_dead_enemies_mean:    9.8875	test_ep_length_mean:      61.1187	test_return_mean:         15.3426	test_return_std:           3.2878

[INFO 10:01:54] my_main t_env: 1524256 / 2050000
[INFO 10:01:54] my_main Estimated time left: 1 hours, 31 minutes, 8 seconds. Time passed: 4 hours, 30 minutes, 50 seconds
[INFO 10:02:06] my_main Recent Stats | t_env:    1524256 | Episode:    32377
battle_won_mean:           0.2047	dead_allies_mean:          8.9077	dead_enemies_mean:         8.5752	ep_length_mean:           58.6633
epsilon:                   0.0500	grad_norm:                 1.7719	loss:                      0.0831	qplex_td_error_abs:        0.2640
return_mean:              12.8513	return_std:                3.6896	test_battle_won_mean:      0.4625	test_dead_allies_mean:     7.6063
test_dead_enemies_mean:   10.0437	test_ep_length_mean:      60.3625	test_return_mean:         15.6147	test_return_std:           3.3689

[INFO 10:03:40] my_main t_env: 1534265 / 2050000
[INFO 10:03:40] my_main Estimated time left: 1 hours, 31 minutes, 6 seconds. Time passed: 4 hours, 32 minutes, 36 seconds
[INFO 10:03:51] my_main Recent Stats | t_env:    1534265 | Episode:    32552
battle_won_mean:           0.2075	dead_allies_mean:          8.8904	dead_enemies_mean:         8.5987	ep_length_mean:           58.4486
epsilon:                   0.0500	grad_norm:                 2.0645	loss:                      0.0920	qplex_td_error_abs:        0.2825
return_mean:              12.9041	return_std:                3.7396	test_battle_won_mean:      0.4562	test_dead_allies_mean:     7.6125
test_dead_enemies_mean:    9.9625	test_ep_length_mean:      60.1000	test_return_mean:         15.4886	test_return_std:           3.5374

[INFO 10:05:25] my_main t_env: 1544286 / 2050000
[INFO 10:05:25] my_main Estimated time left: 1 hours, 27 minutes, 59 seconds. Time passed: 4 hours, 34 minutes, 21 seconds
[INFO 10:05:36] my_main Recent Stats | t_env:    1544286 | Episode:    32728
battle_won_mean:           0.2164	dead_allies_mean:          8.8153	dead_enemies_mean:         8.6071	ep_length_mean:           58.3756
epsilon:                   0.0500	grad_norm:                 2.0817	loss:                      0.0988	qplex_td_error_abs:        0.2887
return_mean:              12.9653	return_std:                3.8169	test_battle_won_mean:      0.5250	test_dead_allies_mean:     7.2188
test_dead_enemies_mean:   10.1250	test_ep_length_mean:      59.1250	test_return_mean:         15.9371	test_return_std:           3.5661

[INFO 10:07:12] my_main t_env: 1554295 / 2050000
[INFO 10:07:12] my_main Estimated time left: 1 hours, 28 minutes, 35 seconds. Time passed: 4 hours, 36 minutes, 8 seconds
[INFO 10:07:22] my_main Recent Stats | t_env:    1554295 | Episode:    32910
battle_won_mean:           0.2191	dead_allies_mean:          8.8423	dead_enemies_mean:         8.5682	ep_length_mean:           58.1499
epsilon:                   0.0500	grad_norm:                 1.5262	loss:                      0.0925	qplex_td_error_abs:        0.2746
return_mean:              12.9442	return_std:                3.8227	test_battle_won_mean:      0.5062	test_dead_allies_mean:     7.2875
test_dead_enemies_mean:    9.9875	test_ep_length_mean:      59.5125	test_return_mean:         15.7182	test_return_std:           3.6564

RequestQuit command received.
Closing Application...
DataHandler: unable to parse websocket frame.
CloseHandler: 127.0.0.1:52934 disconnected
[INFO 10:07:53] absl Shutdown gracefully.
[INFO 10:07:53] absl Shutdown with return code: -15
[INFO 10:07:53] absl Launching SC2: /labmount/users/202535331/MARL/pymarl-monotone-qmix/3rdparty/StarCraftII/Versions/Base75689/SC2_x64 -listen 127.0.0.1 -port 40045 -dataDir /labmount/users/202535331/MARL/pymarl-monotone-qmix/3rdparty/StarCraftII/ -tempDir /tmp/sc-i_on07rz/
[INFO 10:07:53] absl Connecting to: ws://127.0.0.1:40045/sc2api, attempt: 0, running: True
Version: B75689 (SC2.4.10)
Build: Aug 12 2019 17:16:57
Command Line: '"/labmount/users/202535331/MARL/pymarl-monotone-qmix/3rdparty/StarCraftII/Versions/Base75689/SC2_x64" -listen 127.0.0.1 -port 40045 -dataDir /labmount/users/202535331/MARL/pymarl-monotone-qmix/3rdparty/StarCraftII/ -tempDir /tmp/sc-i_on07rz/'
Starting up...
Startup Phase 1 complete
[INFO 10:07:54] absl Connecting to: ws://127.0.0.1:40045/sc2api, attempt: 1, running: True
Startup Phase 2 complete
Creating stub renderer...
Listening on: 127.0.0.1:40045
Startup Phase 3 complete. Ready for commands.
[INFO 10:07:55] absl Connecting to: ws://127.0.0.1:40045/sc2api, attempt: 2, running: True
ConnectHandler: Request from 127.0.0.1:42524 accepted
ReadyHandler: 127.0.0.1:42524 ready
Requesting to join a single player game
Configuring interface options
Configure: raw interface enabled
Configure: feature layer interface disabled
Configure: score interface disabled
Configure: render interface disabled
Launching next game.
Next launch phase started: 2
Next launch phase started: 3
Next launch phase started: 4
Next launch phase started: 5
Next launch phase started: 6
Next launch phase started: 7
Next launch phase started: 8
Game has started.
Using default stable ids, none found at: /labmount/users/202535331/MARL/pymarl-monotone-qmix/3rdparty/StarCraftII/stableid.json
Successfully loaded stable ids: GameData\stableid.json
Sending ResponseJoinGame
[INFO 10:09:05] my_main t_env: 1564303 / 2050000
[INFO 10:09:05] my_main Estimated time left: 1 hours, 31 minutes, 4 seconds. Time passed: 4 hours, 38 minutes, 1 seconds
[INFO 10:09:15] my_main Recent Stats | t_env:    1564303 | Episode:    33088
battle_won_mean:           0.2308	dead_allies_mean:          8.7781	dead_enemies_mean:         8.6224	ep_length_mean:           56.8561
epsilon:                   0.0500	grad_norm:                 1.2232	loss:                      0.0894	qplex_td_error_abs:        0.2718
return_mean:              13.0087	return_std:                3.8412	test_battle_won_mean:      0.4875	test_dead_allies_mean:     7.4375
test_dead_enemies_mean:   10.0312	test_ep_length_mean:      60.3438	test_return_mean:         15.7800	test_return_std:           3.7277

[INFO 10:10:49] my_main t_env: 1574320 / 2050000
[INFO 10:10:49] my_main Estimated time left: 1 hours, 22 minutes, 32 seconds. Time passed: 4 hours, 39 minutes, 45 seconds
[INFO 10:11:00] my_main Recent Stats | t_env:    1574320 | Episode:    33258
battle_won_mean:           0.2273	dead_allies_mean:          8.7534	dead_enemies_mean:         8.6189	ep_length_mean:           56.8549
epsilon:                   0.0500	grad_norm:                 1.6220	loss:                      0.0944	qplex_td_error_abs:        0.2834
return_mean:              12.9997	return_std:                3.7838	test_battle_won_mean:      0.4750	test_dead_allies_mean:     7.5875
test_dead_enemies_mean:    9.9437	test_ep_length_mean:      60.0438	test_return_mean:         15.6008	test_return_std:           3.7048

[INFO 10:12:30] my_main t_env: 1584359 / 2050000
[INFO 10:12:30] my_main Estimated time left: 1 hours, 17 minutes, 55 seconds. Time passed: 4 hours, 41 minutes, 26 seconds
[INFO 10:12:41] my_main Recent Stats | t_env:    1584359 | Episode:    33417
battle_won_mean:           0.2401	dead_allies_mean:          8.6770	dead_enemies_mean:         8.6426	ep_length_mean:           58.0437
epsilon:                   0.0500	grad_norm:                 1.2177	loss:                      0.0947	qplex_td_error_abs:        0.2811
return_mean:              13.1097	return_std:                3.8417	test_battle_won_mean:      0.4437	test_dead_allies_mean:     7.8063
test_dead_enemies_mean:    9.9250	test_ep_length_mean:      60.5125	test_return_mean:         15.4621	test_return_std:           3.5584

[INFO 10:14:18] my_main t_env: 1594504 / 2050000
[INFO 10:14:18] my_main Estimated time left: 1 hours, 21 minutes, 0 seconds. Time passed: 4 hours, 43 minutes, 14 seconds
[INFO 10:14:30] my_main Recent Stats | t_env:    1594504 | Episode:    33594
battle_won_mean:           0.2421	dead_allies_mean:          8.7203	dead_enemies_mean:         8.6781	ep_length_mean:           58.1195
epsilon:                   0.0500	grad_norm:                 1.0284	loss:                      0.0901	qplex_td_error_abs:        0.2778
return_mean:              13.1746	return_std:                3.8313	test_battle_won_mean:      0.3812	test_dead_allies_mean:     8.1875
test_dead_enemies_mean:    9.7625	test_ep_length_mean:      63.1750	test_return_mean:         15.0770	test_return_std:           3.5281

[INFO 10:16:05] my_main t_env: 1604539 / 2050000
[INFO 10:16:05] my_main Estimated time left: 1 hours, 19 minutes, 6 seconds. Time passed: 4 hours, 45 minutes, 1 seconds
[INFO 10:16:16] my_main Recent Stats | t_env:    1604539 | Episode:    33767
battle_won_mean:           0.2558	dead_allies_mean:          8.6574	dead_enemies_mean:         8.7643	ep_length_mean:           58.7218
epsilon:                   0.0500	grad_norm:                 1.1304	loss:                      0.0914	qplex_td_error_abs:        0.2800
return_mean:              13.3041	return_std:                3.8897	test_battle_won_mean:      0.3750	test_dead_allies_mean:     8.2125
test_dead_enemies_mean:    9.7750	test_ep_length_mean:      63.3687	test_return_mean:         15.0979	test_return_std:           3.4341

RequestQuit command received.
Closing Application...
DataHandler: unable to parse websocket frame.
CloseHandler: 127.0.0.1:42524 disconnected
[INFO 10:17:29] absl Shutdown gracefully.
[INFO 10:17:29] absl Shutdown with return code: -15
[INFO 10:17:29] absl Launching SC2: /labmount/users/202535331/MARL/pymarl-monotone-qmix/3rdparty/StarCraftII/Versions/Base75689/SC2_x64 -listen 127.0.0.1 -port 34595 -dataDir /labmount/users/202535331/MARL/pymarl-monotone-qmix/3rdparty/StarCraftII/ -tempDir /tmp/sc-qhv_p9v4/
[INFO 10:17:29] absl Connecting to: ws://127.0.0.1:34595/sc2api, attempt: 0, running: True
Version: B75689 (SC2.4.10)
Build: Aug 12 2019 17:16:57
Command Line: '"/labmount/users/202535331/MARL/pymarl-monotone-qmix/3rdparty/StarCraftII/Versions/Base75689/SC2_x64" -listen 127.0.0.1 -port 34595 -dataDir /labmount/users/202535331/MARL/pymarl-monotone-qmix/3rdparty/StarCraftII/ -tempDir /tmp/sc-qhv_p9v4/'
Starting up...
Startup Phase 1 complete
[INFO 10:17:30] absl Connecting to: ws://127.0.0.1:34595/sc2api, attempt: 1, running: True
Startup Phase 2 complete
Creating stub renderer...
Listening on: 127.0.0.1:34595
Startup Phase 3 complete. Ready for commands.
[INFO 10:17:31] absl Connecting to: ws://127.0.0.1:34595/sc2api, attempt: 2, running: True
ConnectHandler: Request from 127.0.0.1:49832 accepted
ReadyHandler: 127.0.0.1:49832 ready
Requesting to join a single player game
Configuring interface options
Configure: raw interface enabled
Configure: feature layer interface disabled
Configure: score interface disabled
Configure: render interface disabled
Launching next game.
Next launch phase started: 2
Next launch phase started: 3
Next launch phase started: 4
Next launch phase started: 5
Next launch phase started: 6
Next launch phase started: 7
Next launch phase started: 8
Game has started.
Using default stable ids, none found at: /labmount/users/202535331/MARL/pymarl-monotone-qmix/3rdparty/StarCraftII/stableid.json
Successfully loaded stable ids: GameData\stableid.json
Sending ResponseJoinGame
[INFO 10:17:55] my_main t_env: 1614588 / 2050000
[INFO 10:17:55] my_main Estimated time left: 1 hours, 19 minutes, 19 seconds. Time passed: 4 hours, 46 minutes, 51 seconds
[INFO 10:18:07] my_main Recent Stats | t_env:    1614588 | Episode:    33934
battle_won_mean:           0.2580	dead_allies_mean:          8.6764	dead_enemies_mean:         8.7695	ep_length_mean:           59.5115
epsilon:                   0.0500	grad_norm:                 1.1230	loss:                      0.0909	qplex_td_error_abs:        0.2758
return_mean:              13.3298	return_std:                3.9020	test_battle_won_mean:      0.3563	test_dead_allies_mean:     8.1813
test_dead_enemies_mean:    9.8000	test_ep_length_mean:      66.7875	test_return_mean:         14.9902	test_return_std:           3.4233

[INFO 10:19:45] my_main t_env: 1624597 / 2050000
[INFO 10:19:45] my_main Estimated time left: 1 hours, 17 minutes, 56 seconds. Time passed: 4 hours, 48 minutes, 41 seconds
[INFO 10:19:56] my_main Recent Stats | t_env:    1624597 | Episode:    34112
battle_won_mean:           0.2579	dead_allies_mean:          8.7112	dead_enemies_mean:         8.7651	ep_length_mean:           58.9729
epsilon:                   0.0500	grad_norm:                 0.7104	loss:                      0.0901	qplex_td_error_abs:        0.2727
return_mean:              13.3555	return_std:                3.9177	test_battle_won_mean:      0.3563	test_dead_allies_mean:     8.1375
test_dead_enemies_mean:    9.8938	test_ep_length_mean:      66.9250	test_return_mean:         15.0883	test_return_std:           3.3477

[INFO 10:21:34] my_main t_env: 1634605 / 2050000
[INFO 10:21:34] my_main Estimated time left: 1 hours, 15 minutes, 24 seconds. Time passed: 4 hours, 50 minutes, 30 seconds
[INFO 10:21:44] my_main Recent Stats | t_env:    1634605 | Episode:    34289
battle_won_mean:           0.2503	dead_allies_mean:          8.7663	dead_enemies_mean:         8.7795	ep_length_mean:           57.6537
epsilon:                   0.0500	grad_norm:                 0.7412	loss:                      0.0854	qplex_td_error_abs:        0.2658
return_mean:              13.3050	return_std:                3.8703	test_battle_won_mean:      0.3750	test_dead_allies_mean:     8.1062
test_dead_enemies_mean:    9.8562	test_ep_length_mean:      65.1437	test_return_mean:         15.1355	test_return_std:           3.5082

[INFO 10:23:18] my_main t_env: 1644608 / 2050000
[INFO 10:23:18] my_main Estimated time left: 1 hours, 10 minutes, 16 seconds. Time passed: 4 hours, 52 minutes, 14 seconds
[INFO 10:23:29] my_main Recent Stats | t_env:    1644608 | Episode:    34455
battle_won_mean:           0.2654	dead_allies_mean:          8.6702	dead_enemies_mean:         8.8352	ep_length_mean:           58.2422
epsilon:                   0.0500	grad_norm:                 0.6871	loss:                      0.0863	qplex_td_error_abs:        0.2684
return_mean:              13.3805	return_std:                3.9071	test_battle_won_mean:      0.4062	test_dead_allies_mean:     7.9250
test_dead_enemies_mean:    9.8688	test_ep_length_mean:      62.5000	test_return_mean:         15.2457	test_return_std:           3.6558

[INFO 10:25:04] my_main t_env: 1654652 / 2050000
[INFO 10:25:04] my_main Estimated time left: 1 hours, 9 minutes, 23 seconds. Time passed: 4 hours, 54 minutes, 0 seconds
[INFO 10:25:14] my_main Recent Stats | t_env:    1654652 | Episode:    34626
battle_won_mean:           0.2743	dead_allies_mean:          8.6238	dead_enemies_mean:         8.9328	ep_length_mean:           58.3884
epsilon:                   0.0500	grad_norm:                 0.7077	loss:                      0.0851	qplex_td_error_abs:        0.2687
return_mean:              13.5589	return_std:                3.9051	test_battle_won_mean:      0.4250	test_dead_allies_mean:     7.8063
test_dead_enemies_mean:    9.8375	test_ep_length_mean:      61.8687	test_return_mean:         15.2591	test_return_std:           3.7978

[INFO 10:26:51] my_main t_env: 1664700 / 2050000
[INFO 10:26:51] my_main Estimated time left: 1 hours, 8 minutes, 32 seconds. Time passed: 4 hours, 55 minutes, 47 seconds
[INFO 10:27:01] my_main Recent Stats | t_env:    1664700 | Episode:    34801
battle_won_mean:           0.2775	dead_allies_mean:          8.5612	dead_enemies_mean:         8.9759	ep_length_mean:           57.8371
epsilon:                   0.0500	grad_norm:                 1.0889	loss:                      0.0895	qplex_td_error_abs:        0.2743
return_mean:              13.6179	return_std:                3.9069	test_battle_won_mean:      0.4375	test_dead_allies_mean:     7.8750
test_dead_enemies_mean:    9.7562	test_ep_length_mean:      58.1437	test_return_mean:         15.2494	test_return_std:           3.9104

RequestQuit command received.
Closing Application...
DataHandler: unable to parse websocket frame.
CloseHandler: 127.0.0.1:49832 disconnected
[INFO 10:27:15] absl Shutdown gracefully.
[INFO 10:27:15] absl Shutdown with return code: -15
[INFO 10:27:15] absl Launching SC2: /labmount/users/202535331/MARL/pymarl-monotone-qmix/3rdparty/StarCraftII/Versions/Base75689/SC2_x64 -listen 127.0.0.1 -port 40957 -dataDir /labmount/users/202535331/MARL/pymarl-monotone-qmix/3rdparty/StarCraftII/ -tempDir /tmp/sc-4rxgnvh3/
[INFO 10:27:15] absl Connecting to: ws://127.0.0.1:40957/sc2api, attempt: 0, running: True
Version: B75689 (SC2.4.10)
Build: Aug 12 2019 17:16:57
Command Line: '"/labmount/users/202535331/MARL/pymarl-monotone-qmix/3rdparty/StarCraftII/Versions/Base75689/SC2_x64" -listen 127.0.0.1 -port 40957 -dataDir /labmount/users/202535331/MARL/pymarl-monotone-qmix/3rdparty/StarCraftII/ -tempDir /tmp/sc-4rxgnvh3/'
Starting up...
Startup Phase 1 complete
[INFO 10:27:16] absl Connecting to: ws://127.0.0.1:40957/sc2api, attempt: 1, running: True
Startup Phase 2 complete
Creating stub renderer...
Listening on: 127.0.0.1:40957
Startup Phase 3 complete. Ready for commands.
[INFO 10:27:17] absl Connecting to: ws://127.0.0.1:40957/sc2api, attempt: 2, running: True
ConnectHandler: Request from 127.0.0.1:56918 accepted
ReadyHandler: 127.0.0.1:56918 ready
Requesting to join a single player game
Configuring interface options
Configure: raw interface enabled
Configure: feature layer interface disabled
Configure: score interface disabled
Configure: render interface disabled
Launching next game.
Next launch phase started: 2
Next launch phase started: 3
Next launch phase started: 4
Next launch phase started: 5
Next launch phase started: 6
Next launch phase started: 7
Next launch phase started: 8
Game has started.
Using default stable ids, none found at: /labmount/users/202535331/MARL/pymarl-monotone-qmix/3rdparty/StarCraftII/stableid.json
Successfully loaded stable ids: GameData\stableid.json
Sending ResponseJoinGame
[INFO 10:28:48] my_main t_env: 1674713 / 2050000
[INFO 10:28:48] my_main Estimated time left: 1 hours, 13 minutes, 1 seconds. Time passed: 4 hours, 57 minutes, 44 seconds
[INFO 10:29:00] my_main Recent Stats | t_env:    1674713 | Episode:    34980
battle_won_mean:           0.2951	dead_allies_mean:          8.4554	dead_enemies_mean:         9.0308	ep_length_mean:           57.7788
epsilon:                   0.0500	grad_norm:                 1.3085	loss:                      0.0930	qplex_td_error_abs:        0.2830
return_mean:              13.7613	return_std:                3.9489	test_battle_won_mean:      0.4688	test_dead_allies_mean:     7.6750
test_dead_enemies_mean:    9.8000	test_ep_length_mean:      57.4688	test_return_mean:         15.4432	test_return_std:           3.9842

[INFO 10:30:42] my_main t_env: 1684748 / 2050000
[INFO 10:30:42] my_main Estimated time left: 1 hours, 9 minutes, 6 seconds. Time passed: 4 hours, 59 minutes, 38 seconds
[INFO 10:30:53] my_main Recent Stats | t_env:    1684748 | Episode:    35162
battle_won_mean:           0.3027	dead_allies_mean:          8.4057	dead_enemies_mean:         9.0044	ep_length_mean:           57.4978
epsilon:                   0.0500	grad_norm:                 1.2703	loss:                      0.0957	qplex_td_error_abs:        0.2878
return_mean:              13.7808	return_std:                4.0153	test_battle_won_mean:      0.4875	test_dead_allies_mean:     7.6312
test_dead_enemies_mean:    9.9187	test_ep_length_mean:      58.9562	test_return_mean:         15.6568	test_return_std:           3.8636

[INFO 10:32:30] my_main t_env: 1694763 / 2050000
[INFO 10:32:30] my_main Estimated time left: 1 hours, 3 minutes, 44 seconds. Time passed: 5 hours, 1 minutes, 26 seconds
[INFO 10:32:41] my_main Recent Stats | t_env:    1694763 | Episode:    35322
battle_won_mean:           0.3012	dead_allies_mean:          8.3716	dead_enemies_mean:         8.9609	ep_length_mean:           57.9647
epsilon:                   0.0500	grad_norm:                 1.2755	loss:                      0.0929	qplex_td_error_abs:        0.2827
return_mean:              13.7614	return_std:                4.0257	test_battle_won_mean:      0.4875	test_dead_allies_mean:     7.6188
test_dead_enemies_mean:    9.9500	test_ep_length_mean:      57.6000	test_return_mean:         15.6964	test_return_std:           3.8345

[INFO 10:34:20] my_main t_env: 1704764 / 2050000
[INFO 10:34:20] my_main Estimated time left: 1 hours, 3 minutes, 6 seconds. Time passed: 5 hours, 3 minutes, 15 seconds
[INFO 10:34:31] my_main Recent Stats | t_env:    1704764 | Episode:    35489
battle_won_mean:           0.2931	dead_allies_mean:          8.3796	dead_enemies_mean:         8.8840	ep_length_mean:           58.1946
epsilon:                   0.0500	grad_norm:                 1.5585	loss:                      0.0991	qplex_td_error_abs:        0.2925
return_mean:              13.6296	return_std:                4.0494	test_battle_won_mean:      0.4875	test_dead_allies_mean:     7.5625
test_dead_enemies_mean:   10.0687	test_ep_length_mean:      59.5312	test_return_mean:         15.8271	test_return_std:           3.7923

[INFO 10:36:07] my_main t_env: 1714784 / 2050000
[INFO 10:36:07] my_main Estimated time left: 59 minutes, 55 seconds. Time passed: 5 hours, 5 minutes, 3 seconds
[INFO 10:36:18] my_main Recent Stats | t_env:    1714784 | Episode:    35650
battle_won_mean:           0.2956	dead_allies_mean:          8.3954	dead_enemies_mean:         8.8828	ep_length_mean:           59.1584
epsilon:                   0.0500	grad_norm:                 1.2350	loss:                      0.0951	qplex_td_error_abs:        0.2896
return_mean:              13.6533	return_std:                4.0947	test_battle_won_mean:      0.5000	test_dead_allies_mean:     7.4250
test_dead_enemies_mean:   10.2125	test_ep_length_mean:      61.1500	test_return_mean:         16.0124	test_return_std:           3.7598

RequestQuit command received.
Closing Application...
DataHandler: unable to parse websocket frame.
CloseHandler: 127.0.0.1:56918 disconnected
[INFO 10:37:25] absl Shutdown gracefully.
[INFO 10:37:25] absl Shutdown with return code: -15
[INFO 10:37:25] absl Launching SC2: /labmount/users/202535331/MARL/pymarl-monotone-qmix/3rdparty/StarCraftII/Versions/Base75689/SC2_x64 -listen 127.0.0.1 -port 36919 -dataDir /labmount/users/202535331/MARL/pymarl-monotone-qmix/3rdparty/StarCraftII/ -tempDir /tmp/sc-kiww59w0/
[INFO 10:37:25] absl Connecting to: ws://127.0.0.1:36919/sc2api, attempt: 0, running: True
Version: B75689 (SC2.4.10)
Build: Aug 12 2019 17:16:57
Command Line: '"/labmount/users/202535331/MARL/pymarl-monotone-qmix/3rdparty/StarCraftII/Versions/Base75689/SC2_x64" -listen 127.0.0.1 -port 36919 -dataDir /labmount/users/202535331/MARL/pymarl-monotone-qmix/3rdparty/StarCraftII/ -tempDir /tmp/sc-kiww59w0/'
Starting up...
Startup Phase 1 complete
[INFO 10:37:26] absl Connecting to: ws://127.0.0.1:36919/sc2api, attempt: 1, running: True
Startup Phase 2 complete
Creating stub renderer...
Listening on: 127.0.0.1:36919
Startup Phase 3 complete. Ready for commands.
[INFO 10:37:27] absl Connecting to: ws://127.0.0.1:36919/sc2api, attempt: 2, running: True
ConnectHandler: Request from 127.0.0.1:42544 accepted
ReadyHandler: 127.0.0.1:42544 ready
Requesting to join a single player game
Configuring interface options
Configure: raw interface enabled
Configure: feature layer interface disabled
Configure: score interface disabled
Configure: render interface disabled
Launching next game.
Next launch phase started: 2
Next launch phase started: 3
Next launch phase started: 4
Next launch phase started: 5
Next launch phase started: 6
Next launch phase started: 7
Next launch phase started: 8
Game has started.
Using default stable ids, none found at: /labmount/users/202535331/MARL/pymarl-monotone-qmix/3rdparty/StarCraftII/stableid.json
Successfully loaded stable ids: GameData\stableid.json
Sending ResponseJoinGame
[INFO 10:38:02] my_main t_env: 1724857 / 2050000
[INFO 10:38:02] my_main Estimated time left: 1 hours, 1 minutes, 52 seconds. Time passed: 5 hours, 6 minutes, 58 seconds
[INFO 10:38:13] my_main Recent Stats | t_env:    1724857 | Episode:    35817
battle_won_mean:           0.2814	dead_allies_mean:          8.4527	dead_enemies_mean:         8.8234	ep_length_mean:           60.0341
epsilon:                   0.0500	grad_norm:                 1.1389	loss:                      0.0883	qplex_td_error_abs:        0.2757
return_mean:              13.5435	return_std:                4.0844	test_battle_won_mean:      0.4938	test_dead_allies_mean:     7.5375
test_dead_enemies_mean:   10.2250	test_ep_length_mean:      60.9438	test_return_mean:         16.0076	test_return_std:           3.7215

[INFO 10:39:54] my_main t_env: 1734891 / 2050000
[INFO 10:39:54] my_main Estimated time left: 58 minutes, 50 seconds. Time passed: 5 hours, 8 minutes, 50 seconds
[INFO 10:40:06] my_main Recent Stats | t_env:    1734891 | Episode:    35990
battle_won_mean:           0.2922	dead_allies_mean:          8.3988	dead_enemies_mean:         8.8813	ep_length_mean:           60.6067
epsilon:                   0.0500	grad_norm:                 1.3350	loss:                      0.0887	qplex_td_error_abs:        0.2733
return_mean:              13.6434	return_std:                4.1281	test_battle_won_mean:      0.4688	test_dead_allies_mean:     7.5687
test_dead_enemies_mean:   10.0875	test_ep_length_mean:      61.4125	test_return_mean:         15.7137	test_return_std:           3.8364

[INFO 10:41:48] my_main t_env: 1744891 / 2050000
[INFO 10:41:48] my_main Estimated time left: 57 minutes, 43 seconds. Time passed: 5 hours, 10 minutes, 44 seconds
[INFO 10:41:59] my_main Recent Stats | t_env:    1744891 | Episode:    36162
battle_won_mean:           0.3089	dead_allies_mean:          8.3436	dead_enemies_mean:         8.9816	ep_length_mean:           59.7158
epsilon:                   0.0500	grad_norm:                 1.4769	loss:                      0.0872	qplex_td_error_abs:        0.2681
return_mean:              13.7880	return_std:                4.1775	test_battle_won_mean:      0.4875	test_dead_allies_mean:     7.5062
test_dead_enemies_mean:   10.1562	test_ep_length_mean:      61.8563	test_return_mean:         15.8738	test_return_std:           3.8664

[INFO 10:43:35] my_main t_env: 1754912 / 2050000
[INFO 10:43:35] my_main Estimated time left: 52 minutes, 35 seconds. Time passed: 5 hours, 12 minutes, 31 seconds
[INFO 10:43:47] my_main Recent Stats | t_env:    1754912 | Episode:    36331
battle_won_mean:           0.3237	dead_allies_mean:          8.2834	dead_enemies_mean:         9.0708	ep_length_mean:           59.5978
epsilon:                   0.0500	grad_norm:                 1.0514	loss:                      0.0838	qplex_td_error_abs:        0.2644
return_mean:              13.9204	return_std:                4.2061	test_battle_won_mean:      0.5062	test_dead_allies_mean:     7.5062
test_dead_enemies_mean:   10.2500	test_ep_length_mean:      61.1812	test_return_mean:         16.0821	test_return_std:           3.7338

[INFO 10:45:19] my_main t_env: 1764914 / 2050000
[INFO 10:45:19] my_main Estimated time left: 49 minutes, 30 seconds. Time passed: 5 hours, 14 minutes, 15 seconds
[INFO 10:45:29] my_main Recent Stats | t_env:    1764914 | Episode:    36489
battle_won_mean:           0.3197	dead_allies_mean:          8.2865	dead_enemies_mean:         9.0505	ep_length_mean:           59.8113
epsilon:                   0.0500	grad_norm:                 1.0520	loss:                      0.0812	qplex_td_error_abs:        0.2591
return_mean:              13.8579	return_std:                4.1902	test_battle_won_mean:      0.4938	test_dead_allies_mean:     7.5563
test_dead_enemies_mean:   10.1750	test_ep_length_mean:      59.5625	test_return_mean:         15.9184	test_return_std:           3.6538

[INFO 10:47:05] my_main t_env: 1774924 / 2050000
[INFO 10:47:05] my_main Estimated time left: 48 minutes, 9 seconds. Time passed: 5 hours, 16 minutes, 0 seconds
[INFO 10:47:16] my_main Recent Stats | t_env:    1774924 | Episode:    36653
battle_won_mean:           0.3256	dead_allies_mean:          8.2722	dead_enemies_mean:         9.1218	ep_length_mean:           59.9552
epsilon:                   0.0500	grad_norm:                 0.8719	loss:                      0.0836	qplex_td_error_abs:        0.2636
return_mean:              13.9275	return_std:                4.1968	test_battle_won_mean:      0.5125	test_dead_allies_mean:     7.3375
test_dead_enemies_mean:   10.2438	test_ep_length_mean:      60.2437	test_return_mean:         16.0934	test_return_std:           3.5426

RequestQuit command received.
Closing Application...
DataHandler: unable to parse websocket frame.
CloseHandler: 127.0.0.1:42544 disconnected
[INFO 10:47:21] absl Shutdown gracefully.
[INFO 10:47:21] absl Shutdown with return code: -15
[INFO 10:47:21] absl Launching SC2: /labmount/users/202535331/MARL/pymarl-monotone-qmix/3rdparty/StarCraftII/Versions/Base75689/SC2_x64 -listen 127.0.0.1 -port 44251 -dataDir /labmount/users/202535331/MARL/pymarl-monotone-qmix/3rdparty/StarCraftII/ -tempDir /tmp/sc-5_x6t6uf/
[INFO 10:47:21] absl Connecting to: ws://127.0.0.1:44251/sc2api, attempt: 0, running: True
Version: B75689 (SC2.4.10)
Build: Aug 12 2019 17:16:57
Command Line: '"/labmount/users/202535331/MARL/pymarl-monotone-qmix/3rdparty/StarCraftII/Versions/Base75689/SC2_x64" -listen 127.0.0.1 -port 44251 -dataDir /labmount/users/202535331/MARL/pymarl-monotone-qmix/3rdparty/StarCraftII/ -tempDir /tmp/sc-5_x6t6uf/'
Starting up...
Startup Phase 1 complete
[INFO 10:47:22] absl Connecting to: ws://127.0.0.1:44251/sc2api, attempt: 1, running: True
Startup Phase 2 complete
Creating stub renderer...
Listening on: 127.0.0.1:44251
Startup Phase 3 complete. Ready for commands.
[INFO 10:47:23] absl Connecting to: ws://127.0.0.1:44251/sc2api, attempt: 2, running: True
ConnectHandler: Request from 127.0.0.1:56396 accepted
ReadyHandler: 127.0.0.1:56396 ready
Requesting to join a single player game
Configuring interface options
Configure: raw interface enabled
Configure: feature layer interface disabled
Configure: score interface disabled
Configure: render interface disabled
Launching next game.
Next launch phase started: 2
Next launch phase started: 3
Next launch phase started: 4
Next launch phase started: 5
Next launch phase started: 6
Next launch phase started: 7
Next launch phase started: 8
Game has started.
Using default stable ids, none found at: /labmount/users/202535331/MARL/pymarl-monotone-qmix/3rdparty/StarCraftII/stableid.json
Successfully loaded stable ids: GameData\stableid.json
Sending ResponseJoinGame
[INFO 10:48:55] my_main t_env: 1784979 / 2050000
[INFO 10:48:55] my_main Estimated time left: 48 minutes, 36 seconds. Time passed: 5 hours, 17 minutes, 51 seconds
[INFO 10:49:06] my_main Recent Stats | t_env:    1784979 | Episode:    36810
battle_won_mean:           0.3181	dead_allies_mean:          8.2802	dead_enemies_mean:         9.1058	ep_length_mean:           61.1641
epsilon:                   0.0500	grad_norm:                 0.8690	loss:                      0.0795	qplex_td_error_abs:        0.2594
return_mean:              13.9221	return_std:                4.1504	test_battle_won_mean:      0.5312	test_dead_allies_mean:     7.1875
test_dead_enemies_mean:   10.2000	test_ep_length_mean:      58.8500	test_return_mean:         16.1897	test_return_std:           3.5269

[INFO 10:50:45] my_main t_env: 1795016 / 2050000
[INFO 10:50:45] my_main Estimated time left: 46 minutes, 29 seconds. Time passed: 5 hours, 19 minutes, 41 seconds
[INFO 10:50:57] my_main Recent Stats | t_env:    1795016 | Episode:    36979
battle_won_mean:           0.3218	dead_allies_mean:          8.2673	dead_enemies_mean:         9.0927	ep_length_mean:           61.4143
epsilon:                   0.0500	grad_norm:                 0.7266	loss:                      0.0780	qplex_td_error_abs:        0.2582
return_mean:              13.9388	return_std:                4.1969	test_battle_won_mean:      0.5500	test_dead_allies_mean:     7.1312
test_dead_enemies_mean:   10.2250	test_ep_length_mean:      59.9250	test_return_mean:         16.3038	test_return_std:           3.5033

[INFO 10:52:32] my_main t_env: 1805018 / 2050000
[INFO 10:52:32] my_main Estimated time left: 43 minutes, 42 seconds. Time passed: 5 hours, 21 minutes, 28 seconds
[INFO 10:52:43] my_main Recent Stats | t_env:    1805018 | Episode:    37138
battle_won_mean:           0.3061	dead_allies_mean:          8.3333	dead_enemies_mean:         9.0117	ep_length_mean:           62.1362
epsilon:                   0.0500	grad_norm:                 0.8969	loss:                      0.0758	qplex_td_error_abs:        0.2490
return_mean:              13.8364	return_std:                4.1623	test_battle_won_mean:      0.5625	test_dead_allies_mean:     6.9625
test_dead_enemies_mean:   10.1750	test_ep_length_mean:      59.3312	test_return_mean:         16.2658	test_return_std:           3.6398

[INFO 10:54:23] my_main t_env: 1815050 / 2050000
[INFO 10:54:23] my_main Estimated time left: 43 minutes, 25 seconds. Time passed: 5 hours, 23 minutes, 19 seconds
[INFO 10:54:35] my_main Recent Stats | t_env:    1815050 | Episode:    37309
battle_won_mean:           0.3241	dead_allies_mean:          8.2297	dead_enemies_mean:         9.0741	ep_length_mean:           61.2088
epsilon:                   0.0500	grad_norm:                 0.8713	loss:                      0.0761	qplex_td_error_abs:        0.2480
return_mean:              13.9850	return_std:                4.2293	test_battle_won_mean:      0.5687	test_dead_allies_mean:     6.8563
test_dead_enemies_mean:   10.2125	test_ep_length_mean:      61.5000	test_return_mean:         16.3173	test_return_std:           3.7461

[INFO 10:56:08] my_main t_env: 1825050 / 2050000
[INFO 10:56:08] my_main Estimated time left: 39 minutes, 17 seconds. Time passed: 5 hours, 25 minutes, 4 seconds
[INFO 10:56:20] my_main Recent Stats | t_env:    1825050 | Episode:    37466
battle_won_mean:           0.3395	dead_allies_mean:          8.1680	dead_enemies_mean:         9.1420	ep_length_mean:           61.7403
epsilon:                   0.0500	grad_norm:                 1.1664	loss:                      0.0833	qplex_td_error_abs:        0.2616
return_mean:              14.1268	return_std:                4.2426	test_battle_won_mean:      0.5687	test_dead_allies_mean:     6.8937
test_dead_enemies_mean:   10.1937	test_ep_length_mean:      63.6688	test_return_mean:         16.2648	test_return_std:           3.7967

RequestQuit command received.
Closing Application...
DataHandler: unable to parse websocket frame.
CloseHandler: 127.0.0.1:56396 disconnected
[INFO 10:57:14] absl Shutdown gracefully.
[INFO 10:57:14] absl Shutdown with return code: -15
[INFO 10:57:14] absl Launching SC2: /labmount/users/202535331/MARL/pymarl-monotone-qmix/3rdparty/StarCraftII/Versions/Base75689/SC2_x64 -listen 127.0.0.1 -port 36655 -dataDir /labmount/users/202535331/MARL/pymarl-monotone-qmix/3rdparty/StarCraftII/ -tempDir /tmp/sc-mjk1i_5u/
[INFO 10:57:14] absl Connecting to: ws://127.0.0.1:36655/sc2api, attempt: 0, running: True
Version: B75689 (SC2.4.10)
Build: Aug 12 2019 17:16:57
Command Line: '"/labmount/users/202535331/MARL/pymarl-monotone-qmix/3rdparty/StarCraftII/Versions/Base75689/SC2_x64" -listen 127.0.0.1 -port 36655 -dataDir /labmount/users/202535331/MARL/pymarl-monotone-qmix/3rdparty/StarCraftII/ -tempDir /tmp/sc-mjk1i_5u/'
Starting up...
Startup Phase 1 complete
[INFO 10:57:15] absl Connecting to: ws://127.0.0.1:36655/sc2api, attempt: 1, running: True
Startup Phase 2 complete
Creating stub renderer...
Listening on: 127.0.0.1:36655
Startup Phase 3 complete. Ready for commands.
[INFO 10:57:16] absl Connecting to: ws://127.0.0.1:36655/sc2api, attempt: 2, running: True
ConnectHandler: Request from 127.0.0.1:56630 accepted
ReadyHandler: 127.0.0.1:56630 ready
Requesting to join a single player game
Configuring interface options
Configure: raw interface enabled
Configure: feature layer interface disabled
Configure: score interface disabled
Configure: render interface disabled
Launching next game.
Next launch phase started: 2
Next launch phase started: 3
Next launch phase started: 4
Next launch phase started: 5
Next launch phase started: 6
Next launch phase started: 7
Next launch phase started: 8
Game has started.
Using default stable ids, none found at: /labmount/users/202535331/MARL/pymarl-monotone-qmix/3rdparty/StarCraftII/stableid.json
Successfully loaded stable ids: GameData\stableid.json
Sending ResponseJoinGame
[INFO 10:58:05] my_main t_env: 1835106 / 2050000
[INFO 10:58:05] my_main Estimated time left: 41 minutes, 37 seconds. Time passed: 5 hours, 27 minutes, 1 seconds
[INFO 10:58:17] my_main Recent Stats | t_env:    1835106 | Episode:    37642
battle_won_mean:           0.3493	dead_allies_mean:          8.1157	dead_enemies_mean:         9.1569	ep_length_mean:           60.3587
epsilon:                   0.0500	grad_norm:                 1.8943	loss:                      0.0962	qplex_td_error_abs:        0.2860
return_mean:              14.1544	return_std:                4.3080	test_battle_won_mean:      0.5563	test_dead_allies_mean:     7.0250
test_dead_enemies_mean:   10.2188	test_ep_length_mean:      64.9938	test_return_mean:         16.2667	test_return_std:           3.8528

[INFO 10:59:54] my_main t_env: 1845154 / 2050000
[INFO 10:59:54] my_main Estimated time left: 37 minutes, 3 seconds. Time passed: 5 hours, 28 minutes, 50 seconds
[INFO 11:00:06] my_main Recent Stats | t_env:    1845154 | Episode:    37817
battle_won_mean:           0.3386	dead_allies_mean:          8.1343	dead_enemies_mean:         9.1381	ep_length_mean:           59.9640
epsilon:                   0.0500	grad_norm:                 1.8636	loss:                      0.0975	qplex_td_error_abs:        0.2905
return_mean:              14.0924	return_std:                4.2451	test_battle_won_mean:      0.5437	test_dead_allies_mean:     6.9688
test_dead_enemies_mean:   10.2438	test_ep_length_mean:      64.0062	test_return_mean:         16.1935	test_return_std:           3.7949

[INFO 11:01:42] my_main t_env: 1855169 / 2050000
[INFO 11:01:42] my_main Estimated time left: 35 minutes, 6 seconds. Time passed: 5 hours, 30 minutes, 38 seconds
[INFO 11:01:54] my_main Recent Stats | t_env:    1855169 | Episode:    37985
battle_won_mean:           0.3547	dead_allies_mean:          8.0530	dead_enemies_mean:         9.2004	ep_length_mean:           59.3055
epsilon:                   0.0500	grad_norm:                 1.7690	loss:                      0.0983	qplex_td_error_abs:        0.2942
return_mean:              14.2241	return_std:                4.2883	test_battle_won_mean:      0.5312	test_dead_allies_mean:     7.0125
test_dead_enemies_mean:   10.2000	test_ep_length_mean:      65.4875	test_return_mean:         16.1445	test_return_std:           3.8103

[INFO 11:03:30] my_main t_env: 1865188 / 2050000
[INFO 11:03:30] my_main Estimated time left: 33 minutes, 5 seconds. Time passed: 5 hours, 32 minutes, 26 seconds
[INFO 11:03:40] my_main Recent Stats | t_env:    1865188 | Episode:    38153
battle_won_mean:           0.3513	dead_allies_mean:          8.0696	dead_enemies_mean:         9.2261	ep_length_mean:           59.4996
epsilon:                   0.0500	grad_norm:                 1.8756	loss:                      0.0997	qplex_td_error_abs:        0.2962
return_mean:              14.2351	return_std:                4.2349	test_battle_won_mean:      0.5875	test_dead_allies_mean:     6.7625
test_dead_enemies_mean:   10.3875	test_ep_length_mean:      63.9312	test_return_mean:         16.6018	test_return_std:           3.5833

[INFO 11:05:15] my_main t_env: 1875226 / 2050000
[INFO 11:05:15] my_main Estimated time left: 30 minutes, 23 seconds. Time passed: 5 hours, 34 minutes, 11 seconds
[INFO 11:05:26] my_main Recent Stats | t_env:    1875226 | Episode:    38321
battle_won_mean:           0.3511	dead_allies_mean:          8.0451	dead_enemies_mean:         9.2098	ep_length_mean:           58.7107
epsilon:                   0.0500	grad_norm:                 1.7053	loss:                      0.0885	qplex_td_error_abs:        0.2746
return_mean:              14.1954	return_std:                4.2527	test_battle_won_mean:      0.5500	test_dead_allies_mean:     6.8375
test_dead_enemies_mean:   10.3250	test_ep_length_mean:      62.0562	test_return_mean:         16.3663	test_return_std:           3.6505

[INFO 11:06:54] my_main t_env: 1885226 / 2050000
[INFO 11:06:54] my_main Estimated time left: 27 minutes, 19 seconds. Time passed: 5 hours, 35 minutes, 50 seconds
RequestQuit command received.
Closing Application...
DataHandler: unable to parse websocket frame.
CloseHandler: 127.0.0.1:56630 disconnected
[INFO 11:06:58] absl Shutdown gracefully.
[INFO 11:06:58] absl Shutdown with return code: -15
[INFO 11:06:58] absl Launching SC2: /labmount/users/202535331/MARL/pymarl-monotone-qmix/3rdparty/StarCraftII/Versions/Base75689/SC2_x64 -listen 127.0.0.1 -port 42357 -dataDir /labmount/users/202535331/MARL/pymarl-monotone-qmix/3rdparty/StarCraftII/ -tempDir /tmp/sc-2mw3ilij/
[INFO 11:06:58] absl Connecting to: ws://127.0.0.1:42357/sc2api, attempt: 0, running: True
Version: B75689 (SC2.4.10)
Build: Aug 12 2019 17:16:57
Command Line: '"/labmount/users/202535331/MARL/pymarl-monotone-qmix/3rdparty/StarCraftII/Versions/Base75689/SC2_x64" -listen 127.0.0.1 -port 42357 -dataDir /labmount/users/202535331/MARL/pymarl-monotone-qmix/3rdparty/StarCraftII/ -tempDir /tmp/sc-2mw3ilij/'
Starting up...
Startup Phase 1 complete
[INFO 11:06:59] absl Connecting to: ws://127.0.0.1:42357/sc2api, attempt: 1, running: True
Startup Phase 2 complete
Creating stub renderer...
Listening on: 127.0.0.1:42357
Startup Phase 3 complete. Ready for commands.
[INFO 11:07:00] absl Connecting to: ws://127.0.0.1:42357/sc2api, attempt: 2, running: True
ConnectHandler: Request from 127.0.0.1:49842 accepted
ReadyHandler: 127.0.0.1:49842 ready
Requesting to join a single player game
Configuring interface options
Configure: raw interface enabled
Configure: feature layer interface disabled
Configure: score interface disabled
Configure: render interface disabled
Launching next game.
Next launch phase started: 2
Next launch phase started: 3
Next launch phase started: 4
Next launch phase started: 5
Next launch phase started: 6
Next launch phase started: 7
Next launch phase started: 8
Game has started.
Using default stable ids, none found at: /labmount/users/202535331/MARL/pymarl-monotone-qmix/3rdparty/StarCraftII/stableid.json
Successfully loaded stable ids: GameData\stableid.json
Sending ResponseJoinGame
[INFO 11:07:12] my_main Recent Stats | t_env:    1885226 | Episode:    38473
battle_won_mean:           0.3536	dead_allies_mean:          8.0629	dead_enemies_mean:         9.2349	ep_length_mean:           60.4413
epsilon:                   0.0500	grad_norm:                 1.3384	loss:                      0.0807	qplex_td_error_abs:        0.2621
return_mean:              14.2484	return_std:                4.1873	test_battle_won_mean:      0.6062	test_dead_allies_mean:     6.5000
test_dead_enemies_mean:   10.5875	test_ep_length_mean:      61.4438	test_return_mean:         16.8345	test_return_std:           3.4956

[INFO 11:08:43] my_main t_env: 1895259 / 2050000
[INFO 11:08:43] my_main Estimated time left: 28 minutes, 2 seconds. Time passed: 5 hours, 37 minutes, 39 seconds
[INFO 11:08:55] my_main Recent Stats | t_env:    1895259 | Episode:    38626
battle_won_mean:           0.3519	dead_allies_mean:          8.0549	dead_enemies_mean:         9.2014	ep_length_mean:           62.0729
epsilon:                   0.0500	grad_norm:                 1.5502	loss:                      0.0821	qplex_td_error_abs:        0.2637
return_mean:              14.2105	return_std:                4.2083	test_battle_won_mean:      0.6188	test_dead_allies_mean:     6.4500
test_dead_enemies_mean:   10.5813	test_ep_length_mean:      62.1437	test_return_mean:         16.8924	test_return_std:           3.5381

[INFO 11:10:26] my_main t_env: 1905321 / 2050000
[INFO 11:10:26] my_main Estimated time left: 24 minutes, 35 seconds. Time passed: 5 hours, 39 minutes, 22 seconds
[INFO 11:10:38] my_main Recent Stats | t_env:    1905321 | Episode:    38776
battle_won_mean:           0.3643	dead_allies_mean:          8.0020	dead_enemies_mean:         9.2587	ep_length_mean:           63.5663
epsilon:                   0.0500	grad_norm:                 2.0995	loss:                      0.0878	qplex_td_error_abs:        0.2728
return_mean:              14.3076	return_std:                4.2395	test_battle_won_mean:      0.6438	test_dead_allies_mean:     6.3688
test_dead_enemies_mean:   10.6438	test_ep_length_mean:      61.3875	test_return_mean:         17.0627	test_return_std:           3.5854

[INFO 11:12:13] my_main t_env: 1915368 / 2050000
[INFO 11:12:13] my_main Estimated time left: 23 minutes, 59 seconds. Time passed: 5 hours, 41 minutes, 9 seconds
[INFO 11:12:25] my_main Recent Stats | t_env:    1915368 | Episode:    38937
battle_won_mean:           0.3599	dead_allies_mean:          8.0287	dead_enemies_mean:         9.2132	ep_length_mean:           64.1197
epsilon:                   0.0500	grad_norm:                 2.0596	loss:                      0.0885	qplex_td_error_abs:        0.2764
return_mean:              14.2625	return_std:                4.2787	test_battle_won_mean:      0.6188	test_dead_allies_mean:     6.5375
test_dead_enemies_mean:   10.5625	test_ep_length_mean:      62.0187	test_return_mean:         16.9214	test_return_std:           3.7106

[INFO 11:14:00] my_main t_env: 1925398 / 2050000
[INFO 11:14:00] my_main Estimated time left: 22 minutes, 4 seconds. Time passed: 5 hours, 42 minutes, 56 seconds
[INFO 11:14:11] my_main Recent Stats | t_env:    1925398 | Episode:    39098
battle_won_mean:           0.3731	dead_allies_mean:          7.9958	dead_enemies_mean:         9.2244	ep_length_mean:           64.6293
epsilon:                   0.0500	grad_norm:                 1.9578	loss:                      0.0918	qplex_td_error_abs:        0.2822
return_mean:              14.3514	return_std:                4.2973	test_battle_won_mean:      0.6375	test_dead_allies_mean:     6.5812
test_dead_enemies_mean:   10.5500	test_ep_length_mean:      62.8188	test_return_mean:         17.0046	test_return_std:           3.7695

[INFO 11:15:39] my_main t_env: 1935454 / 2050000
[INFO 11:15:39] my_main Estimated time left: 18 minutes, 52 seconds. Time passed: 5 hours, 44 minutes, 35 seconds
[INFO 11:15:52] my_main Recent Stats | t_env:    1935454 | Episode:    39246
battle_won_mean:           0.3912	dead_allies_mean:          7.9118	dead_enemies_mean:         9.2816	ep_length_mean:           65.0606
epsilon:                   0.0500	grad_norm:                 1.7426	loss:                      0.0886	qplex_td_error_abs:        0.2753
return_mean:              14.4923	return_std:                4.3650	test_battle_won_mean:      0.6312	test_dead_allies_mean:     6.5563
test_dead_enemies_mean:   10.5938	test_ep_length_mean:      65.8250	test_return_mean:         17.0676	test_return_std:           3.7134

RequestQuit command received.
Closing Application...
DataHandler: unable to parse websocket frame.
CloseHandler: 127.0.0.1:49842 disconnected
[INFO 11:16:21] absl Shutdown gracefully.
[INFO 11:16:21] absl Shutdown with return code: -15
[INFO 11:16:21] absl Launching SC2: /labmount/users/202535331/MARL/pymarl-monotone-qmix/3rdparty/StarCraftII/Versions/Base75689/SC2_x64 -listen 127.0.0.1 -port 38993 -dataDir /labmount/users/202535331/MARL/pymarl-monotone-qmix/3rdparty/StarCraftII/ -tempDir /tmp/sc-1gtg7y8b/
[INFO 11:16:21] absl Connecting to: ws://127.0.0.1:38993/sc2api, attempt: 0, running: True
Version: B75689 (SC2.4.10)
Build: Aug 12 2019 17:16:57
Command Line: '"/labmount/users/202535331/MARL/pymarl-monotone-qmix/3rdparty/StarCraftII/Versions/Base75689/SC2_x64" -listen 127.0.0.1 -port 38993 -dataDir /labmount/users/202535331/MARL/pymarl-monotone-qmix/3rdparty/StarCraftII/ -tempDir /tmp/sc-1gtg7y8b/'
Starting up...
Startup Phase 1 complete
[INFO 11:16:22] absl Connecting to: ws://127.0.0.1:38993/sc2api, attempt: 1, running: True
Startup Phase 2 complete
Creating stub renderer...
Listening on: 127.0.0.1:38993
Startup Phase 3 complete. Ready for commands.
[INFO 11:16:23] absl Connecting to: ws://127.0.0.1:38993/sc2api, attempt: 2, running: True
ConnectHandler: Request from 127.0.0.1:34284 accepted
ReadyHandler: 127.0.0.1:34284 ready
Requesting to join a single player game
Configuring interface options
Configure: raw interface enabled
Configure: feature layer interface disabled
Configure: score interface disabled
Configure: render interface disabled
Launching next game.
Next launch phase started: 2
Next launch phase started: 3
Next launch phase started: 4
Next launch phase started: 5
Next launch phase started: 6
Next launch phase started: 7
Next launch phase started: 8
Game has started.
Using default stable ids, none found at: /labmount/users/202535331/MARL/pymarl-monotone-qmix/3rdparty/StarCraftII/stableid.json
Successfully loaded stable ids: GameData\stableid.json
Sending ResponseJoinGame
[INFO 11:17:31] my_main t_env: 1945630 / 2050000
[INFO 11:17:31] my_main Estimated time left: 19 minutes, 3 seconds. Time passed: 5 hours, 46 minutes, 27 seconds
[INFO 11:17:43] my_main Recent Stats | t_env:    1945630 | Episode:    39402
battle_won_mean:           0.4027	dead_allies_mean:          7.8900	dead_enemies_mean:         9.3522	ep_length_mean:           64.9917
epsilon:                   0.0500	grad_norm:                 1.5364	loss:                      0.0894	qplex_td_error_abs:        0.2744
return_mean:              14.6483	return_std:                4.3540	test_battle_won_mean:      0.6312	test_dead_allies_mean:     6.6250
test_dead_enemies_mean:   10.6375	test_ep_length_mean:      66.7313	test_return_mean:         17.1333	test_return_std:           3.6169

[INFO 11:19:15] my_main t_env: 1955642 / 2050000
[INFO 11:19:15] my_main Estimated time left: 16 minutes, 19 seconds. Time passed: 5 hours, 48 minutes, 11 seconds
[INFO 11:19:26] my_main Recent Stats | t_env:    1955642 | Episode:    39558
battle_won_mean:           0.4085	dead_allies_mean:          7.8684	dead_enemies_mean:         9.3577	ep_length_mean:           64.4116
epsilon:                   0.0500	grad_norm:                 1.1635	loss:                      0.0831	qplex_td_error_abs:        0.2652
return_mean:              14.6916	return_std:                4.3338	test_battle_won_mean:      0.6312	test_dead_allies_mean:     6.5750
test_dead_enemies_mean:   10.6438	test_ep_length_mean:      66.0625	test_return_mean:         17.1120	test_return_std:           3.5209

[INFO 11:20:58] my_main t_env: 1965663 / 2050000
[INFO 11:20:58] my_main Estimated time left: 14 minutes, 32 seconds. Time passed: 5 hours, 49 minutes, 54 seconds
[INFO 11:21:11] my_main Recent Stats | t_env:    1965663 | Episode:    39714
battle_won_mean:           0.4170	dead_allies_mean:          7.8146	dead_enemies_mean:         9.4161	ep_length_mean:           64.7783
epsilon:                   0.0500	grad_norm:                 0.9762	loss:                      0.0817	qplex_td_error_abs:        0.2601
return_mean:              14.7982	return_std:                4.3188	test_battle_won_mean:      0.6438	test_dead_allies_mean:     6.4938
test_dead_enemies_mean:   10.6438	test_ep_length_mean:      67.6562	test_return_mean:         17.1869	test_return_std:           3.4887

[INFO 11:22:41] my_main t_env: 1975682 / 2050000
[INFO 11:22:41] my_main Estimated time left: 12 minutes, 41 seconds. Time passed: 5 hours, 51 minutes, 37 seconds
[INFO 11:22:53] my_main Recent Stats | t_env:    1975682 | Episode:    39864
battle_won_mean:           0.4221	dead_allies_mean:          7.7725	dead_enemies_mean:         9.4566	ep_length_mean:           65.6773
epsilon:                   0.0500	grad_norm:                 1.4001	loss:                      0.0839	qplex_td_error_abs:        0.2636
return_mean:              14.8528	return_std:                4.3077	test_battle_won_mean:      0.6375	test_dead_allies_mean:     6.4688
test_dead_enemies_mean:   10.6125	test_ep_length_mean:      67.6562	test_return_mean:         17.1340	test_return_std:           3.4860

[INFO 11:24:25] my_main t_env: 1985737 / 2050000
[INFO 11:24:25] my_main Estimated time left: 11 minutes, 3 seconds. Time passed: 5 hours, 53 minutes, 21 seconds
[INFO 11:24:36] my_main Recent Stats | t_env:    1985737 | Episode:    40019
battle_won_mean:           0.4092	dead_allies_mean:          7.7887	dead_enemies_mean:         9.4197	ep_length_mean:           65.0623
epsilon:                   0.0500	grad_norm:                 1.2702	loss:                      0.0843	qplex_td_error_abs:        0.2657
return_mean:              14.7572	return_std:                4.2753	test_battle_won_mean:      0.6250	test_dead_allies_mean:     6.5625
test_dead_enemies_mean:   10.4375	test_ep_length_mean:      65.3750	test_return_mean:         16.8993	test_return_std:           3.6529

RequestQuit command received.
Closing Application...
DataHandler: unable to parse websocket frame.
CloseHandler: 127.0.0.1:34284 disconnected
[INFO 11:25:48] absl Shutdown gracefully.
[INFO 11:25:48] absl Shutdown with return code: -15
[INFO 11:25:48] absl Launching SC2: /labmount/users/202535331/MARL/pymarl-monotone-qmix/3rdparty/StarCraftII/Versions/Base75689/SC2_x64 -listen 127.0.0.1 -port 38717 -dataDir /labmount/users/202535331/MARL/pymarl-monotone-qmix/3rdparty/StarCraftII/ -tempDir /tmp/sc-85p_xibl/
[INFO 11:25:48] absl Connecting to: ws://127.0.0.1:38717/sc2api, attempt: 0, running: True
Version: B75689 (SC2.4.10)
Build: Aug 12 2019 17:16:57
Command Line: '"/labmount/users/202535331/MARL/pymarl-monotone-qmix/3rdparty/StarCraftII/Versions/Base75689/SC2_x64" -listen 127.0.0.1 -port 38717 -dataDir /labmount/users/202535331/MARL/pymarl-monotone-qmix/3rdparty/StarCraftII/ -tempDir /tmp/sc-85p_xibl/'
Starting up...
Startup Phase 1 complete
[INFO 11:25:49] absl Connecting to: ws://127.0.0.1:38717/sc2api, attempt: 1, running: True
Startup Phase 2 complete
Creating stub renderer...
Listening on: 127.0.0.1:38717
Startup Phase 3 complete. Ready for commands.
[INFO 11:25:50] absl Connecting to: ws://127.0.0.1:38717/sc2api, attempt: 2, running: True
ConnectHandler: Request from 127.0.0.1:54636 accepted
ReadyHandler: 127.0.0.1:54636 ready
Requesting to join a single player game
Configuring interface options
Configure: raw interface enabled
Configure: feature layer interface disabled
Configure: score interface disabled
Configure: render interface disabled
Launching next game.
Next launch phase started: 2
Next launch phase started: 3
Next launch phase started: 4
Next launch phase started: 5
Next launch phase started: 6
Next launch phase started: 7
Next launch phase started: 8
Game has started.
Using default stable ids, none found at: /labmount/users/202535331/MARL/pymarl-monotone-qmix/3rdparty/StarCraftII/stableid.json
Successfully loaded stable ids: GameData\stableid.json
Sending ResponseJoinGame
[INFO 11:26:14] my_main t_env: 1995772 / 2050000
[INFO 11:26:14] my_main Estimated time left: 9 minutes, 48 seconds. Time passed: 5 hours, 55 minutes, 10 seconds
[INFO 11:26:25] my_main Recent Stats | t_env:    1995772 | Episode:    40173
battle_won_mean:           0.4089	dead_allies_mean:          7.7417	dead_enemies_mean:         9.4569	ep_length_mean:           65.0487
epsilon:                   0.0500	grad_norm:                 1.4562	loss:                      0.0815	qplex_td_error_abs:        0.2610
return_mean:              14.7967	return_std:                4.2454	test_battle_won_mean:      0.5938	test_dead_allies_mean:     6.7062
test_dead_enemies_mean:   10.3438	test_ep_length_mean:      64.8375	test_return_mean:         16.5560	test_return_std:           3.7778

[INFO 11:27:05] my_main Saving models to results/models/qplex_MMM2_seed41__2026-09-20_05-30-59/2000081
[INFO 11:27:57] my_main t_env: 2005925 / 2050000
[INFO 11:27:57] my_main Estimated time left: 7 minutes, 30 seconds. Time passed: 5 hours, 56 minutes, 53 seconds
[INFO 11:28:10] my_main Recent Stats | t_env:    2005925 | Episode:    40324
battle_won_mean:           0.3986	dead_allies_mean:          7.7583	dead_enemies_mean:         9.4389	ep_length_mean:           65.6604
epsilon:                   0.0500	grad_norm:                 1.3822	loss:                      0.0809	qplex_td_error_abs:        0.2583
return_mean:              14.7241	return_std:                4.2336	test_battle_won_mean:      0.5750	test_dead_allies_mean:     6.8500
test_dead_enemies_mean:   10.3938	test_ep_length_mean:      67.4688	test_return_mean:         16.5764	test_return_std:           3.6916

[INFO 11:29:41] my_main t_env: 2015978 / 2050000
[INFO 11:29:41] my_main Estimated time left: 5 minutes, 50 seconds. Time passed: 5 hours, 58 minutes, 37 seconds
[INFO 11:29:53] my_main Recent Stats | t_env:    2015978 | Episode:    40474
battle_won_mean:           0.4069	dead_allies_mean:          7.7231	dead_enemies_mean:         9.4368	ep_length_mean:           66.2170
epsilon:                   0.0500	grad_norm:                 1.4400	loss:                      0.0840	qplex_td_error_abs:        0.2640
return_mean:              14.7491	return_std:                4.2643	test_battle_won_mean:      0.5563	test_dead_allies_mean:     6.8625
test_dead_enemies_mean:   10.4375	test_ep_length_mean:      66.9188	test_return_mean:         16.5447	test_return_std:           3.6265

[INFO 11:31:21] my_main t_env: 2026110 / 2050000
[INFO 11:31:21] my_main Estimated time left: 3 minutes, 56 seconds. Time passed: 6 hours, 17 seconds
[INFO 11:31:34] my_main Recent Stats | t_env:    2026110 | Episode:    40612
battle_won_mean:           0.3875	dead_allies_mean:          7.7937	dead_enemies_mean:         9.3706	ep_length_mean:           67.5424
epsilon:                   0.0500	grad_norm:                 1.7184	loss:                      0.0892	qplex_td_error_abs:        0.2748
return_mean:              14.6289	return_std:                4.2454	test_battle_won_mean:      0.5875	test_dead_allies_mean:     6.5938
test_dead_enemies_mean:   10.5625	test_ep_length_mean:      67.2500	test_return_mean:         16.7726	test_return_std:           3.6099

[INFO 11:33:00] my_main t_env: 2036134 / 2050000
[INFO 11:33:00] my_main Estimated time left: 2 minutes, 17 seconds. Time passed: 6 hours, 1 minutes, 56 seconds
[INFO 11:33:12] my_main Recent Stats | t_env:    2036134 | Episode:    40750
battle_won_mean:           0.3937	dead_allies_mean:          7.7655	dead_enemies_mean:         9.4592	ep_length_mean:           69.0957
epsilon:                   0.0500	grad_norm:                 1.9503	loss:                      0.0916	qplex_td_error_abs:        0.2754
return_mean:              14.7357	return_std:                4.2433	test_battle_won_mean:      0.6000	test_dead_allies_mean:     6.5500
test_dead_enemies_mean:   10.6625	test_ep_length_mean:      66.4813	test_return_mean:         16.9248	test_return_std:           3.5517

[INFO 11:34:43] my_main t_env: 2046170 / 2050000
[INFO 11:34:43] my_main Estimated time left: 39 seconds. Time passed: 6 hours, 3 minutes, 39 seconds
RequestQuit command received.
Closing Application...
DataHandler: unable to parse websocket frame.
CloseHandler: 127.0.0.1:54636 disconnected
[INFO 11:34:54] absl Shutdown gracefully.
[INFO 11:34:54] absl Shutdown with return code: -15
[INFO 11:34:54] absl Launching SC2: /labmount/users/202535331/MARL/pymarl-monotone-qmix/3rdparty/StarCraftII/Versions/Base75689/SC2_x64 -listen 127.0.0.1 -port 40189 -dataDir /labmount/users/202535331/MARL/pymarl-monotone-qmix/3rdparty/StarCraftII/ -tempDir /tmp/sc-92pn6ycw/
[INFO 11:34:54] absl Connecting to: ws://127.0.0.1:40189/sc2api, attempt: 0, running: True
Version: B75689 (SC2.4.10)
Build: Aug 12 2019 17:16:57
Command Line: '"/labmount/users/202535331/MARL/pymarl-monotone-qmix/3rdparty/StarCraftII/Versions/Base75689/SC2_x64" -listen 127.0.0.1 -port 40189 -dataDir /labmount/users/202535331/MARL/pymarl-monotone-qmix/3rdparty/StarCraftII/ -tempDir /tmp/sc-92pn6ycw/'
Starting up...
Startup Phase 1 complete
[INFO 11:34:55] absl Connecting to: ws://127.0.0.1:40189/sc2api, attempt: 1, running: True
Startup Phase 2 complete
Creating stub renderer...
Listening on: 127.0.0.1:40189
Startup Phase 3 complete. Ready for commands.
[INFO 11:34:56] absl Connecting to: ws://127.0.0.1:40189/sc2api, attempt: 2, running: True
ConnectHandler: Request from 127.0.0.1:40492 accepted
ReadyHandler: 127.0.0.1:40492 ready
Requesting to join a single player game
Configuring interface options
Configure: raw interface enabled
Configure: feature layer interface disabled
Configure: score interface disabled
Configure: render interface disabled
Launching next game.
Next launch phase started: 2
Next launch phase started: 3
Next launch phase started: 4
Next launch phase started: 5
Next launch phase started: 6
Next launch phase started: 7
Next launch phase started: 8
Game has started.
Using default stable ids, none found at: /labmount/users/202535331/MARL/pymarl-monotone-qmix/3rdparty/StarCraftII/stableid.json
Successfully loaded stable ids: GameData\stableid.json
Sending ResponseJoinGame
[INFO 11:35:00] my_main Recent Stats | t_env:    2046170 | Episode:    40899
battle_won_mean:           0.4044	dead_allies_mean:          7.7149	dead_enemies_mean:         9.4883	ep_length_mean:           69.5344
epsilon:                   0.0500	grad_norm:                 1.7904	loss:                      0.0929	qplex_td_error_abs:        0.2775
return_mean:              14.7644	return_std:                4.3024	test_battle_won_mean:      0.6188	test_dead_allies_mean:     6.3375
test_dead_enemies_mean:   10.6937	test_ep_length_mean:      66.6562	test_return_mean:         17.1960	test_return_std:           3.4882

RequestQuit command received.
DataHandler: unable to parse websocket frame.
CloseHandler: 127.0.0.1:40492 disconnected
ResponseThread: No connection, dropping the response.
Closing Application...
[INFO 11:35:36] absl Shutdown gracefully.
[INFO 11:35:36] absl Shutdown with return code: -15
[INFO 11:35:36] my_main Finished Training
