{
  "battle_won_mean": [
    0.0,
    0.0,
    0.0,
    0.0,
    0.0,
    0.0,
    0.0,
    0.0,
    0.0,
    0.0,
    0.0,
    0.0,
    0.0,
    0.0,
    0.0,
    0.0,
    0.0,
    0.0,
    0.0,
    0.0,
    0.0,
    0.0,
    0.0
  ],
  "battle_won_mean_T": [
    40,
    10046,
    20046,
    30049,
    40067,
    50087,
    60243,
    70351,
    80432,
    90467,
    100479,
    110503,
    120678,
    130814,
    140838,
    150852,
    160885,
    170915,
    180942,
    190967,
    201004,
    211145,
    221222
  ],
  "dead_allies_mean": [
    10.0,
    9.919028340080972,
    9.487730061349692,
    9.16793893129771,
    9.031630170316301,
    9.007575757575758,
    9.07361963190184,
    9.141078838174273,
    9.257383966244726,
    9.40990990990991,
    9.476683937823834,
    9.494845360824742,
    9.481481481481481,
    9.64676616915423,
    9.657754010695188,
    9.757731958762887,
    9.813131313131313,
    9.702127659574469,
    9.737113402061855,
    9.767676767676768,
    9.774193548387096,
    9.705314009661835,
    9.732673267326733
  ],
  "dead_allies_mean_T": [
    40,
    10046,
    20046,
    30049,
    40067,
    50087,
    60243,
    70351,
    80432,
    90467,
    100479,
    110503,
    120678,
    130814,
    140838,
    150852,
    160885,
    170915,
    180942,
    190967,
    201004,
    211145,
    221222
  ],
  "dead_enemies_mean": [
    0.0,
    0.004048582995951417,
    0.07975460122699386,
    0.2824427480916031,
    0.8807785888077859,
    1.744949494949495,
    2.3282208588957056,
    2.5269709543568464,
    2.970464135021097,
    3.355855855855856,
    3.3989637305699483,
    3.5309278350515463,
    3.3439153439153437,
    3.298507462686567,
    3.2459893048128343,
    3.252577319587629,
    3.297979797979798,
    3.6968085106382977,
    3.4948453608247423,
    3.5303030303030303,
    3.6912442396313363,
    3.685990338164251,
    3.757425742574257
  ],
  "dead_enemies_mean_T": [
    40,
    10046,
    20046,
    30049,
    40067,
    50087,
    60243,
    70351,
    80432,
    90467,
    100479,
    110503,
    120678,
    130814,
    140838,
    150852,
    160885,
    170915,
    180942,
    190967,
    201004,
    211145,
    221222
  ],
  "ep_length_mean": [
    40.0,
    40.51012145748988,
    30.67484662576687,
    25.452926208651398,
    24.374695863746958,
    25.303030303030305,
    31.153374233128833,
    41.941908713692946,
    42.53586497890296,
    45.2027027027027,
    51.87564766839378,
    51.670103092783506,
    53.835978835978835,
    50.42786069651741,
    53.60427807486631,
    51.618556701030926,
    50.67171717171717,
    53.351063829787236,
    51.68556701030928,
    50.63131313131313,
    46.25345622119816,
    48.990338164251206,
    49.886138613861384
  ],
  "ep_length_mean_T": [
    40,
    10046,
    20046,
    30049,
    40067,
    50087,
    60243,
    70351,
    80432,
    90467,
    100479,
    110503,
    120678,
    130814,
    140838,
    150852,
    160885,
    170915,
    180942,
    190967,
    201004,
    211145,
    221222
  ],
  "episode": [
    247,
    574,
    967,
    1378,
    1774,
    2100,
    2341,
    2578,
    2800,
    2993,
    3187,
    3376,
    3577,
    3764,
    3958,
    4156,
    4344,
    4538,
    4736,
    4953,
    5160,
    5362
  ],
  "episode_T": [
    10021,
    20046,
    30049,
    40067,
    50087,
    60243,
    70351,
    80432,
    90467,
    100479,
    110503,
    120678,
    130814,
    140838,
    150852,
    160885,
    170915,
    180942,
    190967,
    201004,
    211145,
    221222
  ],
  "epsilon": [
    1.0,
    0.809601,
    0.619658,
    0.42950600000000005,
    0.23914500000000005,
    0.05,
    0.05,
    0.05,
    0.05,
    0.05,
    0.05,
    0.05,
    0.05,
    0.05,
    0.05,
    0.05,
    0.05,
    0.05,
    0.05,
    0.05,
    0.05,
    0.05,
    0.05
  ],
  "epsilon_T": [
    40,
    10046,
    20046,
    30049,
    40067,
    50087,
    60243,
    70351,
    80432,
    90467,
    100479,
    110503,
    120678,
    130814,
    140838,
    150852,
    160885,
    170915,
    180942,
    190967,
    201004,
    211145,
    221222
  ],
  "grad_norm": [
    0.7545315027236938,
    0.08297372609376907,
    0.023303844034671783,
    0.012176385149359703,
    0.043268006294965744,
    0.023993730545043945,
    0.18584658205509186,
    0.1619371920824051,
    0.14533255994319916,
    0.06538286060094833,
    0.7456615567207336,
    0.4045071005821228,
    0.3282508850097656,
    0.10053585469722748,
    0.20699279010295868,
    0.5458619594573975,
    0.09926847368478775,
    0.34072497487068176,
    0.09371126443147659,
    0.33017781376838684,
    0.37461256980895996,
    0.6473046541213989,
    0.28935593366622925
  ],
  "grad_norm_T": [
    1191,
    11213,
    21220,
    31230,
    41231,
    51247,
    61263,
    71303,
    81355,
    91430,
    101481,
    111495,
    121503,
    131527,
    141621,
    151649,
    161689,
    171698,
    181730,
    191731,
    201735,
    211754,
    221764
  ],
  "loss": [
    0.028981968760490417,
    0.002852353034541011,
    0.004598952364176512,
    0.006281573791056871,
    0.007289529778063297,
    0.012194002978503704,
    0.011187778785824776,
    0.01168836373835802,
    0.011324278078973293,
    0.012355207465589046,
    0.023892395198345184,
    0.0154570909217,
    0.015289606526494026,
    0.013720872811973095,
    0.013583802618086338,
    0.016890671104192734,
    0.013409641571342945,
    0.014862149953842163,
    0.01592562161386013,
    0.01385306753218174,
    0.01662944070994854,
    0.02417038381099701,
    0.016407817602157593
  ],
  "loss_T": [
    1191,
    11213,
    21220,
    31230,
    41231,
    51247,
    61263,
    71303,
    81355,
    91430,
    101481,
    111495,
    121503,
    131527,
    141621,
    151649,
    161689,
    171698,
    181730,
    191731,
    201735,
    211754,
    221764
  ],
  "q_taken_mean": [
    -0.014281609036359938,
    0.0034497353100868726,
    0.028579763638771186,
    0.06307396852569745,
    0.08733451475888858,
    0.11597387912809716,
    0.12453842826511549,
    0.13387817885159464,
    0.13746711575255102,
    0.15159687987410875,
    0.17859505223863908,
    0.17351475903111646,
    0.1738188584340511,
    0.1692444003756394,
    0.17458441571029776,
    0.16215375254946549,
    0.14243085924742815,
    0.16585303090784673,
    0.19396346283604995,
    0.17062184113313894,
    0.17773363010106788,
    0.22582379663379074,
    0.18668598735249126
  ],
  "q_taken_mean_T": [
    1191,
    11213,
    21220,
    31230,
    41231,
    51247,
    61263,
    71303,
    81355,
    91430,
    101481,
    111495,
    121503,
    131527,
    141621,
    151649,
    161689,
    171698,
    181730,
    191731,
    201735,
    211754,
    221764
  ],
  "return_mean": [
    1.8915407806016595,
    1.9364358656313518,
    2.2206942376672156,
    2.5795240250480402,
    3.374539851944958,
    4.364732105727268,
    5.160788593049951,
    5.562722295291272,
    5.958027679888428,
    6.462428846848012,
    6.498008033372387,
    6.55080819455287,
    6.678678584807018,
    6.617785339865762,
    6.640915539640975,
    6.631137739384595,
    6.707428563055343,
    6.933167586987946,
    6.720806704874177,
    6.736344988395361,
    6.853632034939861,
    6.849002495640143,
    6.960563741475286
  ],
  "return_mean_T": [
    40,
    10046,
    20046,
    30049,
    40067,
    50087,
    60243,
    70351,
    80432,
    90467,
    100479,
    110503,
    120678,
    130814,
    140838,
    150852,
    160885,
    170915,
    180942,
    190967,
    201004,
    211145,
    221222
  ],