[info] CUDA_VISIBLE_DEVICES=1
/data/workspace/mzn/miniconda3/envs/pymarl/lib/python3.9/site-packages/sacred/dependencies.py:11: UserWarning: pkg_resources is deprecated as an API. See https://setuptools.pypa.io/en/latest/pkg_resources.html. The pkg_resources package is slated for removal as early as 2025-11-30. Refrain from using this package or pin to Setuptools<81.
  import pkg_resources
[DEBUG 16:39:22] git.cmd Popen(['git', 'version'], cwd=/data/workspace/wxr/pymarl-monotone-qmix, stdin=None, shell=False, universal_newlines=False)
[DEBUG 16:39:22] git.cmd Popen(['git', 'version'], cwd=/data/workspace/wxr/pymarl-monotone-qmix, stdin=None, shell=False, universal_newlines=False)
[DEBUG 16:39:22] git.util sys.platform='linux', git_executable='git'
[DEBUG 16:39:22] git.cmd Popen(['git', 'diff', '--cached', '--abbrev=40', '--full-index', '--raw'], cwd=/data/workspace/wxr/pymarl-monotone-qmix, stdin=None, shell=False, universal_newlines=False)
[DEBUG 16:39:22] git.cmd Popen(['git', 'diff', '--abbrev=40', '--full-index', '--raw'], cwd=/data/workspace/wxr/pymarl-monotone-qmix, stdin=None, shell=False, universal_newlines=False)
[DEBUG 16:39:22] git.cmd Popen(['git', 'cat-file', '--batch-check'], cwd=/data/workspace/wxr/pymarl-monotone-qmix, stdin=<valid stream>, shell=False, universal_newlines=False)
[DEBUG 16:39:22] git.util sys.platform='linux', git_executable='git'
[DEBUG 16:39:22] git.cmd Popen(['git', 'diff', '--cached', '--abbrev=40', '--full-index', '--raw'], cwd=/data/workspace/wxr/pymarl-monotone-qmix, stdin=None, shell=False, universal_newlines=False)
[DEBUG 16:39:22] git.cmd Popen(['git', 'diff', '--abbrev=40', '--full-index', '--raw'], cwd=/data/workspace/wxr/pymarl-monotone-qmix, stdin=None, shell=False, universal_newlines=False)
[DEBUG 16:39:22] git.cmd Popen(['git', 'cat-file', '--batch-check'], cwd=/data/workspace/wxr/pymarl-monotone-qmix, stdin=<valid stream>, shell=False, universal_newlines=False)
[DEBUG 16:39:22] git.util sys.platform='linux', git_executable='git'
[DEBUG 16:39:22] git.cmd Popen(['git', 'diff', '--cached', '--abbrev=40', '--full-index', '--raw'], cwd=/data/workspace/wxr/pymarl-monotone-qmix, stdin=None, shell=False, universal_newlines=False)
[DEBUG 16:39:22] git.cmd Popen(['git', 'diff', '--abbrev=40', '--full-index', '--raw'], cwd=/data/workspace/wxr/pymarl-monotone-qmix, stdin=None, shell=False, universal_newlines=False)
[DEBUG 16:39:22] git.cmd Popen(['git', 'cat-file', '--batch-check'], cwd=/data/workspace/wxr/pymarl-monotone-qmix, stdin=<valid stream>, shell=False, universal_newlines=False)
[INFO 16:39:22] root Saving to FileStorageObserver in /data/workspace/wxr/pymarl-monotone-qmix/results/sacred/amco.
[DEBUG 16:39:24] pymarl Using capture mode "fd"
[INFO 16:39:24] pymarl Running command 'my_main'
[INFO 16:39:24] pymarl Started run with ID "8"
[DEBUG 16:39:24] pymarl Starting Heartbeat
[DEBUG 16:39:24] my_main Started
[INFO 16:39:24] my_main Experiment Parameters:
[INFO 16:39:24] my_main 

{   'action_selector': 'epsilon_greedy',
    'agent': 'rnn',
    'agent_output_type': 'q',
    'amco_mono_activation': 'relu',
    'amco_mono_depth': 4,
    'amco_mono_hidden_dim': 96,
    'amco_state_activation': 'silu',
    'amco_state_embed_dim': 104,
    'amco_state_encoder_depth': 2,
    'amco_state_input_scale': 0.3,
    'amco_state_input_scale_by_map': {   '1c3s5z': 0.25,
                                         '27m_vs_30m': 0.25,
                                         '2c_vs_64zg': 0.3,
                                         '2s3z': 0.3,
                                         '3s5z': 0.3,
                                         '3s_vs_5z': 0.3,
                                         '5m_vs_6m': 0.25,
                                         'MMM2': 0.3,
                                         'bane_vs_bane': 0.25},
    'amco_state_value_activation': 'relu',
    'amco_state_value_dim': 32,
    'batch_size': 32,
    'batch_size_run': 1,
    'buffer_cpu_only': True,
    'buffer_size': 5000,
    'checkpoint_path': '',
    'credit_near_zero_threshold': 0.0001,
    'critic_lr': 0.0005,
    'double_q': True,
    'env': 'sc2',
    'env_args': {   'continuing_episode': False,
                    'debug': False,
                    'difficulty': '7',
                    'game_version': None,
                    'heuristic_ai': False,
                    'heuristic_rest': False,
                    'map_name': '5m_vs_6m',
                    'move_amount': 2,
                    'obs_all_health': True,
                    'obs_instead_of_state': False,
                    'obs_last_action': False,
                    'obs_own_health': True,
                    'obs_pathing_grid': False,
                    'obs_terrain_height': False,
                    'obs_timestep_number': False,
                    'replay_dir': '',
                    'replay_prefix': '',
                    'reward_death_value': 10,
                    'reward_defeat': 0,
                    'reward_negative_scale': 0.5,
                    'reward_only_positive': True,
                    'reward_scale': True,
                    'reward_scale_rate': 20,
                    'reward_sparse': False,
                    'reward_win': 200,
                    'seed': 141,
                    'state_last_action': True,
                    'state_timestep_number': False,
                    'step_mul': 8},
    'epsilon_anneal_time': 50000,
    'epsilon_finish': 0.05,
    'epsilon_start': 1.0,
    'evaluate': False,
    'gamma': 0.99,
    'grad_norm_clip': 10,
    'label': 'default_label',
    'learner': 'q_learner',
    'learner_log_interval': 10000,
    'load_step': 0,
    'local_results_path': 'results',
    'log_interval': 10000,
    'lr': 0.0005,
    'mac': 'basic_mac',
    'mixer': 'amco',
    'mixer_diagnostics': True,
    'name': 'amco_5m_vs_6m_seed141',
    'obs_agent_id': True,
    'obs_last_action': True,
    'optim_alpha': 0.99,
    'optim_eps': 1e-05,
    'repeat_id': 1,
    'rnn_hidden_dim': 64,
    'runner': 'episode',
    'runner_log_interval': 10000,
    'save_model': False,
    'save_model_interval': 2000000,
    'save_replay': False,
    'seed': 141,
    't_max': 2050000,
    'target_update_interval': 200,
    'test_greedy': True,
    'test_interval': 10000,
    'test_nepisode': 32,
    'use_cuda': True,
    'use_tensorboard': True}

[INFO 16:39:27] my_main Beginning training for 2050000 timesteps
[INFO 16:39:27] absl Launching SC2: /data/workspace/wxr/pymarl-monotone-qmix/3rdparty/StarCraftII/Versions/Base75689/SC2_x64 -listen 127.0.0.1 -port 39631 -dataDir /data/workspace/wxr/pymarl-monotone-qmix/3rdparty/StarCraftII/ -tempDir /tmp/sc-fdxgy784/
[INFO 16:39:27] absl Connecting to: ws://127.0.0.1:39631/sc2api, attempt: 0, running: True
Version: B75689 (SC2.4.10)
Build: Aug 12 2019 17:16:57
Command Line: '"/data/workspace/wxr/pymarl-monotone-qmix/3rdparty/StarCraftII/Versions/Base75689/SC2_x64" -listen 127.0.0.1 -port 39631 -dataDir /data/workspace/wxr/pymarl-monotone-qmix/3rdparty/StarCraftII/ -tempDir /tmp/sc-fdxgy784/'
Starting up...
Startup Phase 1 complete
[INFO 16:39:28] absl Connecting to: ws://127.0.0.1:39631/sc2api, attempt: 1, running: True
Startup Phase 2 complete
Creating stub renderer...
Listening on: 127.0.0.1:39631
Startup Phase 3 complete. Ready for commands.
[INFO 16:39:29] absl Connecting to: ws://127.0.0.1:39631/sc2api, attempt: 2, running: True
ConnectHandler: Request from 127.0.0.1:46362 accepted
ReadyHandler: 127.0.0.1:46362 ready
Requesting to join a single player game
Configuring interface options
Configure: raw interface enabled
Configure: feature layer interface disabled
Configure: score interface disabled
Configure: render interface disabled
Launching next game.
Next launch phase started: 2
Next launch phase started: 3
Next launch phase started: 4
Next launch phase started: 5
Next launch phase started: 6
Next launch phase started: 7
Next launch phase started: 8
Game has started.
Using default stable ids, none found at: /data/workspace/wxr/pymarl-monotone-qmix/3rdparty/StarCraftII/stableid.json
Successfully loaded stable ids: GameData\stableid.json
Sending ResponseJoinGame
[INFO 16:39:32] my_main t_env: 23 / 2050000
[INFO 16:39:32] my_main Estimated time left: 19 minutes, 43 seconds. Time passed: 5 seconds
/data/workspace/mzn/miniconda3/envs/pymarl/lib/python3.9/site-packages/torch/autograd/graph.py:829: UserWarning: Attempting to run cuBLAS, but there was no current CUDA context! Attempting to set the primary context... (Triggered internally at /pytorch/aten/src/ATen/cuda/CublasHandlePool.cpp:179.)
  return Variable._execution_engine.run_backward(  # Calls into the C++ engine to run the backward pass
[INFO 16:40:56] my_main Updated target network
[INFO 16:42:34] my_main Recent Stats | t_env:      10010 | Episode:      370
amco_mixing_output_rms:    1.3200	amco_q_term_rms:           0.0842	amco_relu_zero_frac:       0.5472	amco_state_term_rms:       0.0167
amco_state_to_q_ratio:     0.1988	amco_state_value_rms:      0.0426	amco_v_to_m_ratio:         0.0323	battle_won_mean:           0.0000
credit_entropy:            0.9977	credit_grad_agent_0:       3.8935	credit_grad_agent_1:       3.0736	credit_grad_agent_2:       3.5622
credit_grad_agent_3:       3.4375	credit_grad_agent_4:       3.8562	credit_grad_cv:            0.1918	credit_grad_max:           4.7936
credit_grad_mean:          3.5646	credit_grad_median:        3.2817	credit_grad_min:           2.4769	credit_grad_near_zero_frac:  0.0000
credit_grad_negative_frac:  0.0000	credit_grad_p10:           2.6371	credit_grad_p90:           4.5969	credit_grad_std:           0.6837
credit_max_share:          0.2185	dead_allies_mean:          5.0000	dead_enemies_mean:         0.0000	ep_length_mean:           23.0000
epsilon:                   1.0000	grad_norm:                45.1611	loss:                      5.2100	q_taken_mean:              0.0415
return_mean:               1.3585	return_std:                0.0000	target_mean:               0.3865	td_error_abs:              1.7512
test_battle_won_mean:      0.0000	test_dead_allies_mean:     5.0000	test_dead_enemies_mean:    0.0000	test_ep_length_mean:      15.8125
test_return_mean:          1.0047	test_return_std:           0.3148	
[INFO 16:42:34] my_main t_env: 10032 / 2050000
[INFO 16:42:34] my_main Estimated time left: 10 hours, 17 minutes, 35 seconds. Time passed: 3 minutes, 7 seconds
[INFO 16:43:01] my_main Updated target network
[INFO 16:44:43] my_main Updated target network
[INFO 16:46:30] my_main Updated target network
[INFO 16:46:54] my_main Recent Stats | t_env:      20025 | Episode:      847
amco_mixing_output_rms:    0.9003	amco_q_term_rms:           0.1107	amco_relu_zero_frac:       0.7415	amco_state_term_rms:       0.0165
amco_state_to_q_ratio:     0.1583	amco_state_value_rms:      0.0760	amco_v_to_m_ratio:         0.1300	battle_won_mean:           0.0000
credit_entropy:            0.9981	credit_grad_agent_0:       2.3574	credit_grad_agent_1:       1.8752	credit_grad_agent_2:       2.1702
credit_grad_agent_3:       2.0882	credit_grad_agent_4:       2.3331	credit_grad_cv:            0.3459	credit_grad_max:           3.6868
credit_grad_mean:          2.1648	credit_grad_median:        1.9761	credit_grad_min:           1.5208	credit_grad_near_zero_frac:  0.0000
credit_grad_negative_frac:  0.0000	credit_grad_p10:           1.6024	credit_grad_p90:           2.7102	credit_grad_std:           0.5331
credit_max_share:          0.2174	dead_allies_mean:          4.9919	dead_enemies_mean:         0.0014	ep_length_mean:           25.0257
epsilon:                   0.8098	grad_norm:                22.6970	loss:                      2.6546	q_taken_mean:             -0.0266
return_mean:               1.4601	return_std:                0.2195	target_mean:               0.1470	td_error_abs:              0.9847
test_battle_won_mean:      0.0000	test_dead_allies_mean:     4.8438	test_dead_enemies_mean:    0.4375	test_ep_length_mean:      27.6719
test_return_mean:          3.0024	test_return_std:           0.8448	
[INFO 16:46:55] my_main t_env: 20049 / 2050000
[INFO 16:46:55] my_main Estimated time left: 14 hours, 39 minutes, 41 seconds. Time passed: 7 minutes, 28 seconds
[INFO 16:48:13] my_main Updated target network
[INFO 16:49:59] my_main Updated target network
[INFO 16:51:33] my_main Recent Stats | t_env:      30041 | Episode:     1383
amco_mixing_output_rms:    0.7869	amco_q_term_rms:           0.1008	amco_relu_zero_frac:       0.6572	amco_state_term_rms:       0.0160
amco_state_to_q_ratio:     0.1673	amco_state_value_rms:      0.0910	amco_v_to_m_ratio:         0.1587	battle_won_mean:           0.0000
credit_entropy:            0.9981	credit_grad_agent_0:       2.0998	credit_grad_agent_1:       1.6749	credit_grad_agent_2:       1.9249
credit_grad_agent_3:       1.8509	credit_grad_agent_4:       2.0097	credit_grad_cv:            0.3204	credit_grad_max:           3.1608
credit_grad_mean:          1.9120	credit_grad_median:        1.7733	credit_grad_min:           1.2882	credit_grad_near_zero_frac:  0.0000
credit_grad_negative_frac:  0.0000	credit_grad_p10:           1.3763	credit_grad_p90:           2.4266	credit_grad_std:           0.4818
credit_max_share:          0.2203	dead_allies_mean:          4.9946	dead_enemies_mean:         0.0093	ep_length_mean:           23.6838
epsilon:                   0.6195	grad_norm:                15.1972	loss:                      1.7824	q_taken_mean:              0.0003
return_mean:               1.6848	return_std:                0.3635	target_mean:               0.1169	td_error_abs:              0.7051
test_battle_won_mean:      0.0000	test_dead_allies_mean:     4.8958	test_dead_enemies_mean:    0.8854	test_ep_length_mean:      24.6667
test_return_mean:          4.0122	test_return_std:           0.7627	
[INFO 16:51:33] my_main t_env: 30060 / 2050000
[INFO 16:51:33] my_main Estimated time left: 15 hours, 36 minutes, 16 seconds. Time passed: 12 minutes, 6 seconds
[INFO 16:51:48] my_main Updated target network
[INFO 16:53:17] my_main Updated target network
[INFO 16:55:01] my_main Updated target network
[INFO 16:56:12] my_main Recent Stats | t_env:      40050 | Episode:     1937
amco_mixing_output_rms:    0.9134	amco_q_term_rms:           0.1162	amco_relu_zero_frac:       0.5452	amco_state_term_rms:       0.0159
amco_state_to_q_ratio:     0.1495	amco_state_value_rms:      0.1615	amco_v_to_m_ratio:         0.1911	battle_won_mean:           0.0000
credit_entropy:            0.9983	credit_grad_agent_0:       1.9518	credit_grad_agent_1:       1.5787	credit_grad_agent_2:       1.7933
credit_grad_agent_3:       1.7364	credit_grad_agent_4:       1.8389	credit_grad_cv:            0.3019	credit_grad_max:           2.8036
credit_grad_mean:          1.7798	credit_grad_median:        1.7040	credit_grad_min:           1.0759	credit_grad_near_zero_frac:  0.0000
credit_grad_negative_frac:  0.0000	credit_grad_p10:           1.2217	credit_grad_p90:           2.2462	credit_grad_std:           0.4465
credit_max_share:          0.2199	dead_allies_mean:          4.9955	dead_enemies_mean:         0.0713	ep_length_mean:           22.4321
epsilon:                   0.4292	grad_norm:                11.7582	loss:                      1.3473	q_taken_mean:              0.0689
return_mean:               2.0915	return_std:                0.5113	target_mean:               0.1612	td_error_abs:              0.5689
test_battle_won_mean:      0.0000	test_dead_allies_mean:     4.9219	test_dead_enemies_mean:    1.2266	test_ep_length_mean:      23.3594
test_return_mean:          4.7338	test_return_std:           0.7698	
[INFO 16:56:12] my_main t_env: 40067 / 2050000
[INFO 16:56:12] my_main Estimated time left: 15 hours, 34 minutes, 12 seconds. Time passed: 16 minutes, 45 seconds
[INFO 16:56:50] my_main Updated target network
[INFO 16:58:35] my_main Updated target network
[INFO 17:00:17] my_main Updated target network
[INFO 17:01:05] my_main Recent Stats | t_env:      50050 | Episode:     2490
amco_mixing_output_rms:    1.0716	amco_q_term_rms:           0.1311	amco_relu_zero_frac:       0.4863	amco_state_term_rms:       0.0161
amco_state_to_q_ratio:     0.1376	amco_state_value_rms:      0.2485	amco_v_to_m_ratio:         0.2229	battle_won_mean:           0.0000
credit_entropy:            0.9985	credit_grad_agent_0:       1.8701	credit_grad_agent_1:       1.5387	credit_grad_agent_2:       1.7199
credit_grad_agent_3:       1.6804	credit_grad_agent_4:       1.7512	credit_grad_cv:            0.3000	credit_grad_max:           2.6141
credit_grad_mean:          1.7120	credit_grad_median:        1.6955	credit_grad_min:           0.9778	credit_grad_near_zero_frac:  0.0000
credit_grad_negative_frac:  0.0000	credit_grad_p10:           1.1209	credit_grad_p90:           2.1643	credit_grad_std:           0.4415
credit_max_share:          0.2190	dead_allies_mean:          4.9964	dead_enemies_mean:         0.1939	ep_length_mean:           21.5584
epsilon:                   0.2391	grad_norm:                 9.5262	loss:                      1.0840	q_taken_mean:              0.1293
return_mean:               2.5415	return_std:                0.5840	target_mean:               0.2040	td_error_abs:              0.4801
test_battle_won_mean:      0.0000	test_dead_allies_mean:     4.9375	test_dead_enemies_mean:    1.3375	test_ep_length_mean:      22.3750
test_return_mean:          5.0373	test_return_std:           0.7470	
[INFO 17:01:05] my_main t_env: 50069 / 2050000
[INFO 17:01:05] my_main Estimated time left: 16 hours, 17 minutes, 41 seconds. Time passed: 21 minutes, 38 seconds
[INFO 17:02:08] my_main Updated target network
[INFO 17:03:55] my_main Updated target network
[INFO 17:05:41] my_main Updated target network
[INFO 17:05:56] my_main Recent Stats | t_env:      60060 | Episode:     3028
amco_mixing_output_rms:    1.2406	amco_q_term_rms:           0.1578	amco_relu_zero_frac:       0.4264	amco_state_term_rms:       0.0166
amco_state_to_q_ratio:     0.1154	amco_state_value_rms:      0.4081	amco_v_to_m_ratio:         0.2941	battle_won_mean:           0.0000
credit_entropy:            0.9988	credit_grad_agent_0:       1.4244	credit_grad_agent_1:       1.2241	credit_grad_agent_2:       1.3112
credit_grad_agent_3:       1.3064	credit_grad_agent_4:       1.2854	credit_grad_cv:            0.3248	credit_grad_max:           2.0565
credit_grad_mean:          1.3103	credit_grad_median:        1.4056	credit_grad_min:           0.5865	credit_grad_near_zero_frac:  0.0000
credit_grad_negative_frac:  0.0000	credit_grad_p10:           0.7276	credit_grad_p90:           1.6441	credit_grad_std:           0.4030
credit_max_share:          0.2185	dead_allies_mean:          4.9964	dead_enemies_mean:         0.4691	ep_length_mean:           20.5757
epsilon:                   0.0500	grad_norm:                 0.6029	loss:                      0.0483	q_taken_mean:              0.2191
return_mean:               3.3654	return_std:                0.7507	target_mean:               0.2257	td_error_abs:              0.1552
test_battle_won_mean:      0.0000	test_dead_allies_mean:     4.9375	test_dead_enemies_mean:    1.6562	test_ep_length_mean:      22.8188
test_return_mean:          6.0498	test_return_std:           0.7845	
[INFO 17:05:57] my_main t_env: 60080 / 2050000
[INFO 17:05:57] my_main Estimated time left: 16 hours, 5 minutes, 7 seconds. Time passed: 26 minutes, 30 seconds
DataHandler: unable to parse websocket frame.
CloseHandler: 127.0.0.1:46362 disconnected
[INFO 17:06:02] absl Shutdown gracefully.
[INFO 17:06:02] absl Shutdown with return code: -15
[INFO 17:06:02] absl Launching SC2: /data/workspace/wxr/pymarl-monotone-qmix/3rdparty/StarCraftII/Versions/Base75689/SC2_x64 -listen 127.0.0.1 -port 43117 -dataDir /data/workspace/wxr/pymarl-monotone-qmix/3rdparty/StarCraftII/ -tempDir /tmp/sc-lm0f887f/
Version: B75689 (SC2.4.10)
Build: Aug 12 2019 17:16:57
[INFO 17:06:02] absl Connecting to: ws://127.0.0.1:43117/sc2api, attempt: 0, running: True
Command Line: '"/data/workspace/wxr/pymarl-monotone-qmix/3rdparty/StarCraftII/Versions/Base75689/SC2_x64" -listen 127.0.0.1 -port 43117 -dataDir /data/workspace/wxr/pymarl-monotone-qmix/3rdparty/StarCraftII/ -tempDir /tmp/sc-lm0f887f/'
Starting up...
Startup Phase 1 complete
[INFO 17:06:03] absl Connecting to: ws://127.0.0.1:43117/sc2api, attempt: 1, running: True
Startup Phase 2 complete
Creating stub renderer...
Listening on: 127.0.0.1:43117
Startup Phase 3 complete. Ready for commands.
[INFO 17:06:04] absl Connecting to: ws://127.0.0.1:43117/sc2api, attempt: 2, running: True
ConnectHandler: Request from 127.0.0.1:44866 accepted
ReadyHandler: 127.0.0.1:44866 ready
Requesting to join a single player game
Configuring interface options
Configure: raw interface enabled
Configure: feature layer interface disabled
Configure: score interface disabled
Configure: render interface disabled
Launching next game.
Next launch phase started: 2
Next launch phase started: 3
Next launch phase started: 4
Next launch phase started: 5
Next launch phase started: 6
Next launch phase started: 7
Next launch phase started: 8
Game has started.
Using default stable ids, none found at: /data/workspace/wxr/pymarl-monotone-qmix/3rdparty/StarCraftII/stableid.json
Successfully loaded stable ids: GameData\stableid.json
Sending ResponseJoinGame
[INFO 17:07:38] my_main Updated target network
[INFO 17:09:28] my_main Updated target network
[INFO 17:10:53] my_main Recent Stats | t_env:      70077 | Episode:     3563
amco_mixing_output_rms:    1.6731	amco_q_term_rms:           0.1784	amco_relu_zero_frac:       0.2833	amco_state_term_rms:       0.0175
amco_state_to_q_ratio:     0.1090	amco_state_value_rms:      0.5977	amco_v_to_m_ratio:         0.3286	battle_won_mean:           0.0000
credit_entropy:            0.9989	credit_grad_agent_0:       1.6322	credit_grad_agent_1:       1.4258	credit_grad_agent_2:       1.4912
credit_grad_agent_3:       1.5053	credit_grad_agent_4:       1.4654	credit_grad_cv:            0.2841	credit_grad_max:           1.9768
credit_grad_mean:          1.5040	credit_grad_median:        1.6720	credit_grad_min:           0.5806	credit_grad_near_zero_frac:  0.0000
credit_grad_negative_frac:  0.0000	credit_grad_p10:           0.7502	credit_grad_p90:           1.9146	credit_grad_std:           0.4292
credit_max_share:          0.2184	dead_allies_mean:          4.9993	dead_enemies_mean:         0.8321	ep_length_mean:           18.8870
epsilon:                   0.0500	grad_norm:                 0.8839	loss:                      0.0366	q_taken_mean:              0.3606
return_mean:               4.2967	return_std:                0.8064	target_mean:               0.3636	td_error_abs:              0.1402
test_battle_won_mean:      0.0000	test_dead_allies_mean:     4.9688	test_dead_enemies_mean:    1.8250	test_ep_length_mean:      18.4312
test_return_mean:          6.2811	test_return_std:           0.7905	
[INFO 17:10:54] my_main t_env: 70097 / 2050000
[INFO 17:10:54] my_main Estimated time left: 16 hours, 18 minutes, 0 seconds. Time passed: 31 minutes, 27 seconds
[INFO 17:11:21] my_main Updated target network
[INFO 17:13:10] my_main Updated target network
[INFO 17:14:52] my_main Updated target network
[INFO 17:15:45] my_main Recent Stats | t_env:      80084 | Episode:     4097
amco_mixing_output_rms:    2.0767	amco_q_term_rms:           0.2082	amco_relu_zero_frac:       0.2368	amco_state_term_rms:       0.0187
amco_state_to_q_ratio:     0.0900	amco_state_value_rms:      0.8231	amco_v_to_m_ratio:         0.3822	battle_won_mean:           0.0000
credit_entropy:            0.9990	credit_grad_agent_0:       1.6805	credit_grad_agent_1:       1.5018	credit_grad_agent_2:       1.5298
credit_grad_agent_3:       1.5717	credit_grad_agent_4:       1.5340	credit_grad_cv:            0.2963	credit_grad_max:           2.0008
credit_grad_mean:          1.5636	credit_grad_median:        1.8029	credit_grad_min:           0.5189	credit_grad_near_zero_frac:  0.0000
credit_grad_negative_frac:  0.0000	credit_grad_p10:           0.6925	credit_grad_p90:           1.9867	credit_grad_std:           0.4661
credit_max_share:          0.2163	dead_allies_mean:          4.9993	dead_enemies_mean:         1.2039	ep_length_mean:           18.4317
epsilon:                   0.0500	grad_norm:                 0.9804	loss:                      0.0358	q_taken_mean:              0.4743
return_mean:               5.1315	return_std:                0.8277	target_mean:               0.4760	td_error_abs:              0.1375
test_battle_won_mean:      0.0000	test_dead_allies_mean:     4.9688	test_dead_enemies_mean:    1.8687	test_ep_length_mean:      18.4937
test_return_mean:          6.4017	test_return_std:           0.8205	
[INFO 17:15:46] my_main t_env: 80102 / 2050000
[INFO 17:15:46] my_main Estimated time left: 15 hours, 59 minutes, 12 seconds. Time passed: 36 minutes, 19 seconds
[INFO 17:16:49] my_main Updated target network
[INFO 17:18:35] my_main Updated target network
[INFO 17:20:18] my_main Updated target network
[INFO 17:20:31] my_main Recent Stats | t_env:      90095 | Episode:     4626
amco_mixing_output_rms:    2.3763	amco_q_term_rms:           0.2220	amco_relu_zero_frac:       0.2408	amco_state_term_rms:       0.0197
amco_state_to_q_ratio:     0.0890	amco_state_value_rms:      1.0383	amco_v_to_m_ratio:         0.4283	battle_won_mean:           0.0000
credit_entropy:            0.9990	credit_grad_agent_0:       1.7699	credit_grad_agent_1:       1.5985	credit_grad_agent_2:       1.5985
credit_grad_agent_3:       1.6609	credit_grad_agent_4:       1.6341	credit_grad_cv:            0.3089	credit_grad_max:           2.1234
credit_grad_mean:          1.6524	credit_grad_median:        1.9279	credit_grad_min:           0.5257	credit_grad_near_zero_frac:  0.0000
credit_grad_negative_frac:  0.0000	credit_grad_p10:           0.6977	credit_grad_p90:           2.1131	credit_grad_std:           0.5110
credit_max_share:          0.2157	dead_allies_mean:          4.9996	dead_enemies_mean:         1.5390	ep_length_mean:           18.4434
epsilon:                   0.0500	grad_norm:                 1.1366	loss:                      0.0368	q_taken_mean:              0.5604
return_mean:               5.7339	return_std:                0.7985	target_mean:               0.5541	td_error_abs:              0.1375
test_battle_won_mean:      0.0000	test_dead_allies_mean:     4.9688	test_dead_enemies_mean:    1.8250	test_ep_length_mean:      18.3750
test_return_mean:          6.3392	test_return_std:           0.8247	
[INFO 17:20:31] my_main t_env: 90114 / 2050000
[INFO 17:20:31] my_main Estimated time left: 15 hours, 30 minutes, 45 seconds. Time passed: 41 minutes, 4 seconds
[INFO 17:22:13] my_main Updated target network
[INFO 17:23:56] my_main Updated target network
[INFO 17:25:02] my_main Recent Stats | t_env:     100096 | Episode:     5128
amco_mixing_output_rms:    2.5659	amco_q_term_rms:           0.2287	amco_relu_zero_frac:       0.2442	amco_state_term_rms:       0.0205
amco_state_to_q_ratio:     0.0895	amco_state_value_rms:      1.2310	amco_v_to_m_ratio:         0.4759	battle_won_mean:           0.0000
credit_entropy:            0.9990	credit_grad_agent_0:       1.8369	credit_grad_agent_1:       1.6647	credit_grad_agent_2:       1.6499
credit_grad_agent_3:       1.7243	credit_grad_agent_4:       1.7089	credit_grad_cv:            0.3208	credit_grad_max:           2.2206
credit_grad_mean:          1.7169	credit_grad_median:        2.0172	credit_grad_min:           0.4992	credit_grad_near_zero_frac:  0.0000
credit_grad_negative_frac:  0.0000	credit_grad_p10:           0.6642	credit_grad_p90:           2.2118	credit_grad_std:           0.5509
credit_max_share:          0.2157	dead_allies_mean:          4.9996	dead_enemies_mean:         1.8010	ep_length_mean:           18.6160
epsilon:                   0.0500	grad_norm:                 1.0835	loss:                      0.0365	q_taken_mean:              0.6235
return_mean:               6.1511	return_std:                0.7914	target_mean:               0.6162	td_error_abs:              0.1365
test_battle_won_mean:      0.0000	test_dead_allies_mean:     4.9688	test_dead_enemies_mean:    1.9438	test_ep_length_mean:      18.6313
test_return_mean:          6.5134	test_return_std:           0.8945	
[INFO 17:25:02] my_main t_env: 100117 / 2050000
[INFO 17:25:02] my_main Estimated time left: 14 hours, 41 minutes, 12 seconds. Time passed: 45 minutes, 35 seconds
[INFO 17:25:50] my_main Updated target network
[INFO 17:27:29] my_main Updated target network
[INFO 17:29:08] my_main Updated target network
[INFO 17:29:35] my_main Recent Stats | t_env:     110107 | Episode:     5650
amco_mixing_output_rms:    2.6461	amco_q_term_rms:           0.2284	amco_relu_zero_frac:       0.2531	amco_state_term_rms:       0.0207
amco_state_to_q_ratio:     0.0909	amco_state_value_rms:      1.4030	amco_v_to_m_ratio:         0.5309	battle_won_mean:           0.0000
credit_entropy:            0.9989	credit_grad_agent_0:       1.8739	credit_grad_agent_1:       1.6983	credit_grad_agent_2:       1.6752
credit_grad_agent_3:       1.7605	credit_grad_agent_4:       1.7582	credit_grad_cv:            0.3330	credit_grad_max:           2.2951
credit_grad_mean:          1.7532	credit_grad_median:        2.0766	credit_grad_min:           0.4822	credit_grad_near_zero_frac:  0.0000
credit_grad_negative_frac:  0.0000	credit_grad_p10:           0.6334	credit_grad_p90:           2.2837	credit_grad_std:           0.5836
credit_max_share:          0.2162	dead_allies_mean:          4.9976	dead_enemies_mean:         1.9154	ep_length_mean:           18.9839
epsilon:                   0.0500	grad_norm:                 1.3991	loss:                      0.0380	q_taken_mean:              0.6633
return_mean:               6.3613	return_std:                0.8082	target_mean:               0.6510	td_error_abs:              0.1419
test_battle_won_mean:      0.0000	test_dead_allies_mean:     4.9688	test_dead_enemies_mean:    2.0375	test_ep_length_mean:      18.9500
test_return_mean:          6.7094	test_return_std:           0.9522	
[INFO 17:29:36] my_main t_env: 110126 / 2050000
[INFO 17:29:36] my_main Estimated time left: 14 hours, 42 minutes, 28 seconds. Time passed: 50 minutes, 9 seconds
[INFO 17:30:57] my_main Updated target network
[INFO 17:32:38] my_main Updated target network
[INFO 17:33:55] my_main t_env: 120127 / 2050000
[INFO 17:33:55] my_main Estimated time left: 13 hours, 52 minutes, 29 seconds. Time passed: 54 minutes, 27 seconds
[INFO 17:34:01] my_main Recent Stats | t_env:     120127 | Episode:     6151
amco_mixing_output_rms:    2.6460	amco_q_term_rms:           0.2229	amco_relu_zero_frac:       0.2665	amco_state_term_rms:       0.0207
amco_state_to_q_ratio:     0.0927	amco_state_value_rms:      1.5429	amco_v_to_m_ratio:         0.5838	battle_won_mean:           0.0000
credit_entropy:            0.9989	credit_grad_agent_0:       1.8884	credit_grad_agent_1:       1.7089	credit_grad_agent_2:       1.6848
credit_grad_agent_3:       1.7804	credit_grad_agent_4:       1.7861	credit_grad_cv:            0.3464	credit_grad_max:           2.3497
credit_grad_mean:          1.7697	credit_grad_median:        2.1143	credit_grad_min:           0.4706	credit_grad_near_zero_frac:  0.0000
credit_grad_negative_frac:  0.0000	credit_grad_p10:           0.6120	credit_grad_p90:           2.3388	credit_grad_std:           0.6127
credit_max_share:          0.2164	dead_allies_mean:          4.9972	dead_enemies_mean:         1.9486	ep_length_mean:           19.3530
epsilon:                   0.0500	grad_norm:                 1.1929	loss:                      0.0372	q_taken_mean:              0.6827
return_mean:               6.4696	return_std:                0.8761	target_mean:               0.6747	td_error_abs:              0.1399
test_battle_won_mean:      0.0000	test_dead_allies_mean:     5.0000	test_dead_enemies_mean:    2.1125	test_ep_length_mean:      19.4250
test_return_mean:          6.8453	test_return_std:           0.8593	
RequestQuit command received.
Closing Application...
DataHandler: unable to parse websocket frame.
CloseHandler: 127.0.0.1:44866 disconnected
[INFO 17:34:24] absl Shutdown gracefully.
[INFO 17:34:24] absl Shutdown with return code: -15
[INFO 17:34:24] absl Launching SC2: /data/workspace/wxr/pymarl-monotone-qmix/3rdparty/StarCraftII/Versions/Base75689/SC2_x64 -listen 127.0.0.1 -port 46707 -dataDir /data/workspace/wxr/pymarl-monotone-qmix/3rdparty/StarCraftII/ -tempDir /tmp/sc-74y0e55v/
[INFO 17:34:24] absl Connecting to: ws://127.0.0.1:46707/sc2api, attempt: 0, running: True
Version: B75689 (SC2.4.10)
Build: Aug 12 2019 17:16:57
Command Line: '"/data/workspace/wxr/pymarl-monotone-qmix/3rdparty/StarCraftII/Versions/Base75689/SC2_x64" -listen 127.0.0.1 -port 46707 -dataDir /data/workspace/wxr/pymarl-monotone-qmix/3rdparty/StarCraftII/ -tempDir /tmp/sc-74y0e55v/'
Starting up...
Startup Phase 1 complete
[INFO 17:34:25] absl Connecting to: ws://127.0.0.1:46707/sc2api, attempt: 1, running: True
Startup Phase 2 complete
Creating stub renderer...
Listening on: 127.0.0.1:46707
Startup Phase 3 complete. Ready for commands.
[INFO 17:34:26] absl Connecting to: ws://127.0.0.1:46707/sc2api, attempt: 2, running: True
ConnectHandler: Request from 127.0.0.1:42446 accepted
ReadyHandler: 127.0.0.1:42446 ready
Requesting to join a single player game
Configuring interface options
Configure: raw interface enabled
Configure: feature layer interface disabled
Configure: score interface disabled
Configure: render interface disabled
Launching next game.
Next launch phase started: 2
Next launch phase started: 3
Next launch phase started: 4
Next launch phase started: 5
Next launch phase started: 6
Next launch phase started: 7
Next launch phase started: 8
Game has started.
Using default stable ids, none found at: /data/workspace/wxr/pymarl-monotone-qmix/3rdparty/StarCraftII/stableid.json
Successfully loaded stable ids: GameData\stableid.json
Sending ResponseJoinGame
[INFO 17:34:36] my_main Updated target network
[INFO 17:36:16] my_main Updated target network
[INFO 17:38:03] my_main Updated target network
[INFO 17:38:17] my_main t_env: 130140 / 2050000
[INFO 17:38:17] my_main Estimated time left: 13 hours, 59 minutes, 8 seconds. Time passed: 58 minutes, 50 seconds
[INFO 17:38:23] my_main Recent Stats | t_env:     130140 | Episode:     6629
amco_mixing_output_rms:    2.6589	amco_q_term_rms:           0.2190	amco_relu_zero_frac:       0.2729	amco_state_term_rms:       0.0208
amco_state_to_q_ratio:     0.0950	amco_state_value_rms:      1.6771	amco_v_to_m_ratio:         0.6322	battle_won_mean:           0.0000
credit_entropy:            0.9989	credit_grad_agent_0:       1.9161	credit_grad_agent_1:       1.7256	credit_grad_agent_2:       1.7036
credit_grad_agent_3:       1.8087	credit_grad_agent_4:       1.8186	credit_grad_cv:            0.3540	credit_grad_max:           2.4052
credit_grad_mean:          1.7945	credit_grad_median:        2.1501	credit_grad_min:           0.4565	credit_grad_near_zero_frac:  0.0000
credit_grad_negative_frac:  0.0000	credit_grad_p10:           0.5928	credit_grad_p90:           2.3936	credit_grad_std:           0.6348
credit_max_share:          0.2171	dead_allies_mean:          4.9951	dead_enemies_mean:         1.9931	ep_length_mean:           19.7953
epsilon:                   0.0500	grad_norm:                 1.2369	loss:                      0.0367	q_taken_mean:              0.7066
return_mean:               6.5922	return_std:                0.9196	target_mean:               0.6977	td_error_abs:              0.1400
test_battle_won_mean:      0.0000	test_dead_allies_mean:     5.0000	test_dead_enemies_mean:    2.2125	test_ep_length_mean:      20.0125
test_return_mean:          7.0316	test_return_std:           0.8579	
[INFO 17:39:49] my_main Updated target network
[INFO 17:41:29] my_main Updated target network
[INFO 17:42:21] my_main t_env: 140157 / 2050000
[INFO 17:42:21] my_main Estimated time left: 12 hours, 55 minutes, 0 seconds. Time passed: 1 hours, 2 minutes, 54 seconds
[INFO 17:42:30] my_main Recent Stats | t_env:     140157 | Episode:     7104
amco_mixing_output_rms:    2.5856	amco_q_term_rms:           0.2121	amco_relu_zero_frac:       0.2851	amco_state_term_rms:       0.0208
amco_state_to_q_ratio:     0.0981	amco_state_value_rms:      1.7934	amco_v_to_m_ratio:         0.6959	battle_won_mean:           0.0000
credit_entropy:            0.9989	credit_grad_agent_0:       1.9054	credit_grad_agent_1:       1.7062	credit_grad_agent_2:       1.6895
credit_grad_agent_3:       1.7981	credit_grad_agent_4:       1.8164	credit_grad_cv:            0.3632	credit_grad_max:           2.4253
credit_grad_mean:          1.7831	credit_grad_median:        2.1489	credit_grad_min:           0.4510	credit_grad_near_zero_frac:  0.0000
credit_grad_negative_frac:  0.0000	credit_grad_p10:           0.5419	credit_grad_p90:           2.4094	credit_grad_std:           0.6475
credit_max_share:          0.2177	dead_allies_mean:          4.9951	dead_enemies_mean:         2.0553	ep_length_mean:           20.2277
epsilon:                   0.0500	grad_norm:                 0.9611	loss:                      0.0324	q_taken_mean:              0.7112
return_mean:               6.7229	return_std:                0.9535	target_mean:               0.7045	td_error_abs:              0.1303
test_battle_won_mean:      0.0000	test_dead_allies_mean:     5.0000	test_dead_enemies_mean:    2.2812	test_ep_length_mean:      20.2750
test_return_mean:          7.1545	test_return_std:           0.8318	
[INFO 17:43:18] my_main Updated target network
[INFO 17:45:00] my_main Updated target network
[INFO 17:46:36] my_main t_env: 150175 / 2050000
[INFO 17:46:36] my_main Estimated time left: 13 hours, 26 minutes, 3 seconds. Time passed: 1 hours, 7 minutes, 9 seconds
[INFO 17:46:47] my_main Recent Stats | t_env:     150175 | Episode:     7590
amco_mixing_output_rms:    2.4982	amco_q_term_rms:           0.2048	amco_relu_zero_frac:       0.2948	amco_state_term_rms:       0.0207
amco_state_to_q_ratio:     0.1012	amco_state_value_rms:      1.9029	amco_v_to_m_ratio:         0.7685	battle_won_mean:           0.0000
credit_entropy:            0.9989	credit_grad_agent_0:       1.8954	credit_grad_agent_1:       1.6856	credit_grad_agent_2:       1.6753
credit_grad_agent_3:       1.7832	credit_grad_agent_4:       1.8092	credit_grad_cv:            0.3665	credit_grad_max:           2.4312
credit_grad_mean:          1.7697	credit_grad_median:        2.1336	credit_grad_min:           0.4490	credit_grad_near_zero_frac:  0.0000
credit_grad_negative_frac:  0.0000	credit_grad_p10:           0.5361	credit_grad_p90:           2.4053	credit_grad_std:           0.6486
credit_max_share:          0.2184	dead_allies_mean:          4.9971	dead_enemies_mean:         2.1928	ep_length_mean:           20.3651
epsilon:                   0.0500	grad_norm:                 1.0984	loss:                      0.0315	q_taken_mean:              0.7142
return_mean:               6.9134	return_std:                0.9881	target_mean:               0.7053	td_error_abs:              0.1294
test_battle_won_mean:      0.0000	test_dead_allies_mean:     5.0000	test_dead_enemies_mean:    2.3937	test_ep_length_mean:      21.7750
test_return_mean:          7.2578	test_return_std:           0.8843	
[INFO 17:46:53] my_main Updated target network
[INFO 17:48:33] my_main Updated target network
[INFO 17:50:13] my_main Updated target network
[INFO 17:50:58] my_main t_env: 160179 / 2050000
[INFO 17:50:58] my_main Estimated time left: 13 hours, 45 minutes, 59 seconds. Time passed: 1 hours, 11 minutes, 31 seconds
[INFO 17:51:04] my_main Recent Stats | t_env:     160179 | Episode:     8081
amco_mixing_output_rms:    2.4077	amco_q_term_rms:           0.1980	amco_relu_zero_frac:       0.2973	amco_state_term_rms:       0.0207
amco_state_to_q_ratio:     0.1051	amco_state_value_rms:      2.0005	amco_v_to_m_ratio:         0.8431	battle_won_mean:           0.0004
credit_entropy:            0.9989	credit_grad_agent_0:       1.8794	credit_grad_agent_1:       1.6641	credit_grad_agent_2:       1.6660
credit_grad_agent_3:       1.7681	credit_grad_agent_4:       1.7895	credit_grad_cv:            0.3651	credit_grad_max:           2.4166
credit_grad_mean:          1.7534	credit_grad_median:        2.1055	credit_grad_min:           0.4469	credit_grad_near_zero_frac:  0.0000
credit_grad_negative_frac:  0.0000	credit_grad_p10:           0.5407	credit_grad_p90:           2.3886	credit_grad_std:           0.6400
credit_max_share:          0.2183	dead_allies_mean:          4.9959	dead_enemies_mean:         2.3268	ep_length_mean:           20.6052
epsilon:                   0.0500	grad_norm:                 0.8437	loss:                      0.0291	q_taken_mean:              0.7173
return_mean:               7.0744	return_std:                1.0487	target_mean:               0.7139	td_error_abs:              0.1227
test_battle_won_mean:      0.0000	test_dead_allies_mean:     5.0000	test_dead_enemies_mean:    2.5312	test_ep_length_mean:      22.0375
test_return_mean:          7.4342	test_return_std:           0.9279	
[INFO 17:52:06] my_main Updated target network
[INFO 17:53:48] my_main Updated target network
[INFO 17:55:21] my_main t_env: 170190 / 2050000
[INFO 17:55:21] my_main Estimated time left: 13 hours, 41 minutes, 20 seconds. Time passed: 1 hours, 15 minutes, 54 seconds
[INFO 17:55:29] my_main Recent Stats | t_env:     170190 | Episode:     8576
amco_mixing_output_rms:    2.2969	amco_q_term_rms:           0.1900	amco_relu_zero_frac:       0.2954	amco_state_term_rms:       0.0210
amco_state_to_q_ratio:     0.1109	amco_state_value_rms:      2.1123	amco_v_to_m_ratio:         0.9319	battle_won_mean:           0.0008
credit_entropy:            0.9990	credit_grad_agent_0:       1.8536	credit_grad_agent_1:       1.6358	credit_grad_agent_2:       1.6567
credit_grad_agent_3:       1.7476	credit_grad_agent_4:       1.7586	credit_grad_cv:            0.3587	credit_grad_max:           2.3774
credit_grad_mean:          1.7304	credit_grad_median:        2.0595	credit_grad_min:           0.4412	credit_grad_near_zero_frac:  0.0000
credit_grad_negative_frac:  0.0000	credit_grad_p10:           0.5584	credit_grad_p90:           2.3498	credit_grad_std:           0.6208
credit_max_share:          0.2179	dead_allies_mean:          4.9959	dead_enemies_mean:         2.4861	ep_length_mean:           20.6497
epsilon:                   0.0500	grad_norm:                 0.8210	loss:                      0.0286	q_taken_mean:              0.7227
return_mean:               7.2783	return_std:                1.1001	target_mean:               0.7189	td_error_abs:              0.1219
test_battle_won_mean:      0.0000	test_dead_allies_mean:     5.0000	test_dead_enemies_mean:    2.7062	test_ep_length_mean:      22.1812
test_return_mean:          7.6941	test_return_std:           0.9623	
[INFO 17:55:41] my_main Updated target network
[INFO 17:57:24] my_main Updated target network
[INFO 17:59:10] my_main Updated target network
[INFO 17:59:43] my_main t_env: 180197 / 2050000
[INFO 17:59:43] my_main Estimated time left: 13 hours, 37 minutes, 15 seconds. Time passed: 1 hours, 20 minutes, 16 seconds
[INFO 17:59:51] my_main Recent Stats | t_env:     180197 | Episode:     9068
amco_mixing_output_rms:    2.1916	amco_q_term_rms:           0.1823	amco_relu_zero_frac:       0.2972	amco_state_term_rms:       0.0212
amco_state_to_q_ratio:     0.1170	amco_state_value_rms:      2.2189	amco_v_to_m_ratio:         1.0184	battle_won_mean:           0.0008
credit_entropy:            0.9990	credit_grad_agent_0:       1.8230	credit_grad_agent_1:       1.6072	credit_grad_agent_2:       1.6605
credit_grad_agent_3:       1.7321	credit_grad_agent_4:       1.7309	credit_grad_cv:            0.3545	credit_grad_max:           2.3366
credit_grad_mean:          1.7108	credit_grad_median:        2.0194	credit_grad_min:           0.4405	credit_grad_near_zero_frac:  0.0000
credit_grad_negative_frac:  0.0000	credit_grad_p10:           0.5608	credit_grad_p90:           2.3096	credit_grad_std:           0.6063
credit_max_share:          0.2171	dead_allies_mean:          4.9980	dead_enemies_mean:         2.5881	ep_length_mean:           20.5280
epsilon:                   0.0500	grad_norm:                 0.8426	loss:                      0.0290	q_taken_mean:              0.7262
return_mean:               7.3877	return_std:                1.1210	target_mean:               0.7218	td_error_abs:              0.1224
test_battle_won_mean:      0.0000	test_dead_allies_mean:     5.0000	test_dead_enemies_mean:    2.7812	test_ep_length_mean:      21.9688
test_return_mean:          7.7875	test_return_std:           1.0112	
RequestQuit command received.
Closing Application...
DataHandler: unable to parse websocket frame.
CloseHandler: 127.0.0.1:42446 disconnected
[INFO 18:00:21] absl Shutdown gracefully.
[INFO 18:00:21] absl Shutdown with return code: -15
[INFO 18:00:21] absl Launching SC2: /data/workspace/wxr/pymarl-monotone-qmix/3rdparty/StarCraftII/Versions/Base75689/SC2_x64 -listen 127.0.0.1 -port 41983 -dataDir /data/workspace/wxr/pymarl-monotone-qmix/3rdparty/StarCraftII/ -tempDir /tmp/sc-mnevyfwk/
Version: B75689 (SC2.4.10)
Build: Aug 12 2019 17:16:57
Command Line: '"/data/workspace/wxr/pymarl-monotone-qmix/3rdparty/StarCraftII/Versions/Base75689/SC2_x64" -listen 127.0.0.1 -port 41983 -dataDir /data/workspace/wxr/pymarl-monotone-qmix/3rdparty/StarCraftII/ -tempDir /tmp/sc-mnevyfwk/'
[INFO 18:00:21] absl Connecting to: ws://127.0.0.1:41983/sc2api, attempt: 0, running: True
Starting up...
Startup Phase 1 complete
[INFO 18:00:22] absl Connecting to: ws://127.0.0.1:41983/sc2api, attempt: 1, running: True
Startup Phase 2 complete
Creating stub renderer...
Listening on: 127.0.0.1:41983
Startup Phase 3 complete. Ready for commands.
[INFO 18:00:23] absl Connecting to: ws://127.0.0.1:41983/sc2api, attempt: 2, running: True
ConnectHandler: Request from 127.0.0.1:60522 accepted
ReadyHandler: 127.0.0.1:60522 ready
Requesting to join a single player game
Configuring interface options
Configure: raw interface enabled
Configure: feature layer interface disabled
Configure: score interface disabled
Configure: render interface disabled
Launching next game.
Next launch phase started: 2
Next launch phase started: 3
Next launch phase started: 4
Next launch phase started: 5
Next launch phase started: 6
Next launch phase started: 7
Next launch phase started: 8
Game has started.
Using default stable ids, none found at: /data/workspace/wxr/pymarl-monotone-qmix/3rdparty/StarCraftII/stableid.json
Successfully loaded stable ids: GameData\stableid.json
Sending ResponseJoinGame
[INFO 18:01:06] my_main Updated target network
[INFO 18:02:45] my_main Updated target network
[INFO 18:04:10] my_main t_env: 190203 / 2050000
[INFO 18:04:10] my_main Estimated time left: 13 hours, 45 minutes, 36 seconds. Time passed: 1 hours, 24 minutes, 43 seconds
[INFO 18:04:17] my_main Recent Stats | t_env:     190203 | Episode:     9554
amco_mixing_output_rms:    2.1265	amco_q_term_rms:           0.1769	amco_relu_zero_frac:       0.2983	amco_state_term_rms:       0.0218
amco_state_to_q_ratio:     0.1237	amco_state_value_rms:      2.3358	amco_v_to_m_ratio:         1.1000	battle_won_mean:           0.0016
credit_entropy:            0.9990	credit_grad_agent_0:       1.8052	credit_grad_agent_1:       1.5870	credit_grad_agent_2:       1.6731
credit_grad_agent_3:       1.7283	credit_grad_agent_4:       1.7104	credit_grad_cv:            0.3543	credit_grad_max:           2.3065
credit_grad_mean:          1.7008	credit_grad_median:        1.9925	credit_grad_min:           0.4352	credit_grad_near_zero_frac:  0.0000
credit_grad_negative_frac:  0.0000	credit_grad_p10:           0.5750	credit_grad_p90:           2.2852	credit_grad_std:           0.6024
credit_max_share:          0.2161	dead_allies_mean:          4.9951	dead_enemies_mean:         2.6813	ep_length_mean:           20.4280
epsilon:                   0.0500	grad_norm:                 0.8320	loss:                      0.0301	q_taken_mean:              0.7387
return_mean:               7.5049	return_std:                1.2049	target_mean:               0.7346	td_error_abs:              0.1259
test_battle_won_mean:      0.0000	test_dead_allies_mean:     5.0000	test_dead_enemies_mean:    2.8375	test_ep_length_mean:      21.9062
test_return_mean:          7.8392	test_return_std:           0.9975	
[INFO 18:04:41] my_main Updated target network
[INFO 18:06:27] my_main Updated target network
[INFO 18:08:08] my_main Updated target network
[INFO 18:08:23] my_main t_env: 200221 / 2050000
[INFO 18:08:23] my_main Estimated time left: 13 hours, 49 seconds. Time passed: 1 hours, 28 minutes, 56 seconds
[INFO 18:08:29] my_main Recent Stats | t_env:     200221 | Episode:    10031
amco_mixing_output_rms:    2.1010	amco_q_term_rms:           0.1727	amco_relu_zero_frac:       0.2960	amco_state_term_rms:       0.0228
amco_state_to_q_ratio:     0.1326	amco_state_value_rms:      2.4427	amco_v_to_m_ratio:         1.1629	battle_won_mean:           0.0025
credit_entropy:            0.9990	credit_grad_agent_0:       1.8031	credit_grad_agent_1:       1.5789	credit_grad_agent_2:       1.7078
credit_grad_agent_3:       1.7459	credit_grad_agent_4:       1.7063	credit_grad_cv:            0.3501	credit_grad_max:           2.2933
credit_grad_mean:          1.7084	credit_grad_median:        1.9787	credit_grad_min:           0.4329	credit_grad_near_zero_frac:  0.0000
credit_grad_negative_frac:  0.0000	credit_grad_p10:           0.5800	credit_grad_p90:           2.2841	credit_grad_std:           0.5979
credit_max_share:          0.2150	dead_allies_mean:          4.9938	dead_enemies_mean:         2.7181	ep_length_mean:           20.5058
epsilon:                   0.0500	grad_norm:                 0.8454	loss:                      0.0330	q_taken_mean:              0.7555
return_mean:               7.5592	return_std:                1.2770	target_mean:               0.7513	td_error_abs:              0.1310
test_battle_won_mean:      0.0000	test_dead_allies_mean:     5.0000	test_dead_enemies_mean:    2.9625	test_ep_length_mean:      20.7500
test_return_mean:          7.9896	test_return_std:           0.9979	
[INFO 18:09:56] my_main Updated target network
[INFO 18:11:40] my_main Updated target network
[INFO 18:12:33] my_main t_env: 210237 / 2050000
[INFO 18:12:33] my_main Estimated time left: 12 hours, 43 minutes, 55 seconds. Time passed: 1 hours, 33 minutes, 6 seconds
[INFO 18:12:42] my_main Recent Stats | t_env:     210237 | Episode:    10505
amco_mixing_output_rms:    2.0851	amco_q_term_rms:           0.1692	amco_relu_zero_frac:       0.3000	amco_state_term_rms:       0.0235
amco_state_to_q_ratio:     0.1389	amco_state_value_rms:      2.5600	amco_v_to_m_ratio:         1.2286	battle_won_mean:           0.0033
credit_entropy:            0.9989	credit_grad_agent_0:       1.8060	credit_grad_agent_1:       1.5680	credit_grad_agent_2:       1.7391
credit_grad_agent_3:       1.7667	credit_grad_agent_4:       1.7138	credit_grad_cv:            0.3501	credit_grad_max:           2.2927
credit_grad_mean:          1.7187	credit_grad_median:        1.9653	credit_grad_min:           0.4320	credit_grad_near_zero_frac:  0.0000
credit_grad_negative_frac:  0.0000	credit_grad_p10:           0.5753	credit_grad_p90:           2.2880	credit_grad_std:           0.6017
credit_max_share:          0.2145	dead_allies_mean:          4.9921	dead_enemies_mean:         2.7516	ep_length_mean:           20.6570
epsilon:                   0.0500	grad_norm:                 1.0372	loss:                      0.0378	q_taken_mean:              0.7739
return_mean:               7.6331	return_std:                1.3445	target_mean:               0.7722	td_error_abs:              0.1422
test_battle_won_mean:      0.0000	test_dead_allies_mean:     5.0000	test_dead_enemies_mean:    3.0000	test_ep_length_mean:      21.1250
test_return_mean:          8.0377	test_return_std:           0.9907	
[INFO 18:13:28] my_main Updated target network
[INFO 18:15:11] my_main Updated target network
[INFO 18:16:37] my_main t_env: 220238 / 2050000
[INFO 18:16:37] my_main Estimated time left: 12 hours, 23 minutes, 35 seconds. Time passed: 1 hours, 37 minutes, 10 seconds
[INFO 18:16:43] my_main Recent Stats | t_env:     220238 | Episode:    10973
amco_mixing_output_rms:    2.0626	amco_q_term_rms:           0.1667	amco_relu_zero_frac:       0.3126	amco_state_term_rms:       0.0238
amco_state_to_q_ratio:     0.1432	amco_state_value_rms:      2.6516	amco_v_to_m_ratio:         1.2876	battle_won_mean:           0.0051
credit_entropy:            0.9987	credit_grad_agent_0:       1.7977	credit_grad_agent_1:       1.5454	credit_grad_agent_2:       1.7536
credit_grad_agent_3:       1.7750	credit_grad_agent_4:       1.7172	credit_grad_cv:            0.3565	credit_grad_max:           2.2953
credit_grad_mean:          1.7178	credit_grad_median:        1.9480	credit_grad_min:           0.4295	credit_grad_near_zero_frac:  0.0000
credit_grad_negative_frac:  0.0000	credit_grad_p10:           0.5505	credit_grad_p90:           2.2854	credit_grad_std:           0.6123
credit_max_share:          0.2143	dead_allies_mean:          4.9878	dead_enemies_mean:         2.7807	ep_length_mean:           20.8861
epsilon:                   0.0500	grad_norm:                 1.2156	loss:                      0.0406	q_taken_mean:              0.7824
return_mean:               7.7102	return_std:                1.4536	target_mean:               0.7831	td_error_abs:              0.1488
test_battle_won_mean:      0.0000	test_dead_allies_mean:     5.0000	test_dead_enemies_mean:    3.0438	test_ep_length_mean:      21.3250
test_return_mean:          8.1215	test_return_std:           1.0669	
[INFO 18:16:58] my_main Updated target network
[INFO 18:18:44] my_main Updated target network
[INFO 18:20:23] my_main Updated target network
[INFO 18:20:38] my_main t_env: 230254 / 2050000
[INFO 18:20:38] my_main Estimated time left: 12 hours, 10 minutes, 50 seconds. Time passed: 1 hours, 41 minutes, 11 seconds
[INFO 18:20:46] my_main Recent Stats | t_env:     230254 | Episode:    11435
amco_mixing_output_rms:    2.0707	amco_q_term_rms:           0.1644	amco_relu_zero_frac:       0.3135	amco_state_term_rms:       0.0241
amco_state_to_q_ratio:     0.1470	amco_state_value_rms:      2.7448	amco_v_to_m_ratio:         1.3265	battle_won_mean:           0.0059
credit_entropy:            0.9986	credit_grad_agent_0:       1.8163	credit_grad_agent_1:       1.5482	credit_grad_agent_2:       1.7830
credit_grad_agent_3:       1.8051	credit_grad_agent_4:       1.7477	credit_grad_cv:            0.3583	credit_grad_max:           2.3219
credit_grad_mean:          1.7400	credit_grad_median:        1.9663	credit_grad_min:           0.4225	credit_grad_near_zero_frac:  0.0000
credit_grad_negative_frac:  0.0000	credit_grad_p10:           0.5501	credit_grad_p90:           2.3091	credit_grad_std:           0.6234
credit_max_share:          0.2144	dead_allies_mean:          4.9865	dead_enemies_mean:         2.8118	ep_length_mean:           21.1541
epsilon:                   0.0500	grad_norm:                 1.3827	loss:                      0.0446	q_taken_mean:              0.8014
return_mean:               7.7808	return_std:                1.5145	target_mean:               0.8005	td_error_abs:              0.1567
test_battle_won_mean:      0.0063	test_dead_allies_mean:     4.9750	test_dead_enemies_mean:    3.0875	test_ep_length_mean:      21.5063
test_return_mean:          8.2156	test_return_std:           1.3123	
[INFO 18:22:08] my_main Updated target network
[INFO 18:23:53] my_main Updated target network
[INFO 18:24:43] my_main t_env: 240268 / 2050000
[INFO 18:24:43] my_main Estimated time left: 12 hours, 17 minutes, 9 seconds. Time passed: 1 hours, 45 minutes, 16 seconds
[INFO 18:24:51] my_main Recent Stats | t_env:     240268 | Episode:    11907
amco_mixing_output_rms:    2.0904	amco_q_term_rms:           0.1622	amco_relu_zero_frac:       0.3184	amco_state_term_rms:       0.0245
amco_state_to_q_ratio:     0.1511	amco_state_value_rms:      2.8174	amco_v_to_m_ratio:         1.3483	battle_won_mean:           0.0055
credit_entropy:            0.9985	credit_grad_agent_0:       1.8408	credit_grad_agent_1:       1.5650	credit_grad_agent_2:       1.8257
credit_grad_agent_3:       1.8463	credit_grad_agent_4:       1.7923	credit_grad_cv:            0.3568	credit_grad_max:           2.3689
credit_grad_mean:          1.7740	credit_grad_median:        1.9880	credit_grad_min:           0.4317	credit_grad_near_zero_frac:  0.0000
credit_grad_negative_frac:  0.0000	credit_grad_p10:           0.5495	credit_grad_p90:           2.3387	credit_grad_std:           0.6325
credit_max_share:          0.2142	dead_allies_mean:          4.9889	dead_enemies_mean:         2.8185	ep_length_mean:           21.2797
epsilon:                   0.0500	grad_norm:                 1.4032	loss:                      0.0478	q_taken_mean:              0.8152
return_mean:               7.7985	return_std:                1.4839	target_mean:               0.8146	td_error_abs:              0.1627
test_battle_won_mean:      0.0063	test_dead_allies_mean:     4.9750	test_dead_enemies_mean:    3.0688	test_ep_length_mean:      21.5813
test_return_mean:          8.2460	test_return_std:           1.3211	
RequestQuit command received.
Closing Application...
DataHandler: unable to parse websocket frame.
CloseHandler: 127.0.0.1:60522 disconnected
[INFO 18:25:32] absl Shutdown gracefully.
[INFO 18:25:32] absl Shutdown with return code: -15
[INFO 18:25:32] absl Launching SC2: /data/workspace/wxr/pymarl-monotone-qmix/3rdparty/StarCraftII/Versions/Base75689/SC2_x64 -listen 127.0.0.1 -port 41465 -dataDir /data/workspace/wxr/pymarl-monotone-qmix/3rdparty/StarCraftII/ -tempDir /tmp/sc-fc_drx99/
[INFO 18:25:32] absl Connecting to: ws://127.0.0.1:41465/sc2api, attempt: 0, running: True
Version: B75689 (SC2.4.10)
Build: Aug 12 2019 17:16:57
Command Line: '"/data/workspace/wxr/pymarl-monotone-qmix/3rdparty/StarCraftII/Versions/Base75689/SC2_x64" -listen 127.0.0.1 -port 41465 -dataDir /data/workspace/wxr/pymarl-monotone-qmix/3rdparty/StarCraftII/ -tempDir /tmp/sc-fc_drx99/'
Starting up...
Startup Phase 1 complete
[INFO 18:25:33] absl Connecting to: ws://127.0.0.1:41465/sc2api, attempt: 1, running: True
Startup Phase 2 complete
Creating stub renderer...
Listening on: 127.0.0.1:41465
Startup Phase 3 complete. Ready for commands.
[INFO 18:25:34] absl Connecting to: ws://127.0.0.1:41465/sc2api, attempt: 2, running: True
ConnectHandler: Request from 127.0.0.1:36466 accepted
ReadyHandler: 127.0.0.1:36466 ready
Requesting to join a single player game
Configuring interface options
Configure: raw interface enabled
Configure: feature layer interface disabled
Configure: score interface disabled
Configure: render interface disabled
Launching next game.
Next launch phase started: 2
Next launch phase started: 3
Next launch phase started: 4
Next launch phase started: 5
Next launch phase started: 6
Next launch phase started: 7
Next launch phase started: 8
Game has started.
Using default stable ids, none found at: /data/workspace/wxr/pymarl-monotone-qmix/3rdparty/StarCraftII/stableid.json
Successfully loaded stable ids: GameData\stableid.json
Sending ResponseJoinGame
[INFO 18:25:42] my_main Updated target network
[INFO 18:27:25] my_main Updated target network
[INFO 18:28:49] my_main t_env: 250278 / 2050000
[INFO 18:28:49] my_main Estimated time left: 12 hours, 17 minutes, 38 seconds. Time passed: 1 hours, 49 minutes, 22 seconds
[INFO 18:28:56] my_main Recent Stats | t_env:     250278 | Episode:    12377
amco_mixing_output_rms:    2.0987	amco_q_term_rms:           0.1608	amco_relu_zero_frac:       0.3243	amco_state_term_rms:       0.0248
amco_state_to_q_ratio:     0.1543	amco_state_value_rms:      2.8889	amco_v_to_m_ratio:         1.3770	battle_won_mean:           0.0055
credit_entropy:            0.9984	credit_grad_agent_0:       1.8520	credit_grad_agent_1:       1.5718	credit_grad_agent_2:       1.8455
credit_grad_agent_3:       1.8743	credit_grad_agent_4:       1.8235	credit_grad_cv:            0.3620	credit_grad_max:           2.4060
credit_grad_mean:          1.7934	credit_grad_median:        2.0067	credit_grad_min:           0.4289	credit_grad_near_zero_frac:  0.0000
credit_grad_negative_frac:  0.0000	credit_grad_p10:           0.5416	credit_grad_p90:           2.3592	credit_grad_std:           0.6489
credit_max_share:          0.2140	dead_allies_mean:          4.9855	dead_enemies_mean:         2.8180	ep_length_mean:           21.3388
epsilon:                   0.0500	grad_norm:                 1.2442	loss:                      0.0484	q_taken_mean:              0.8280
return_mean:               7.8105	return_std:                1.4900	target_mean:               0.8299	td_error_abs:              0.1649
test_battle_won_mean:      0.0125	test_dead_allies_mean:     4.9562	test_dead_enemies_mean:    3.0562	test_ep_length_mean:      21.7063
test_return_mean:          8.3295	test_return_std:           1.5720	
[INFO 18:29:07] my_main Updated target network
[INFO 18:30:50] my_main Updated target network
[INFO 18:32:26] my_main Updated target network
[INFO 18:32:45] my_main t_env: 260283 / 2050000
[INFO 18:32:45] my_main Estimated time left: 11 hours, 43 minutes, 17 seconds. Time passed: 1 hours, 53 minutes, 18 seconds
[INFO 18:32:51] my_main Recent Stats | t_env:     260283 | Episode:    12848
amco_mixing_output_rms:    2.1040	amco_q_term_rms:           0.1599	amco_relu_zero_frac:       0.3294	amco_state_term_rms:       0.0263
amco_state_to_q_ratio:     0.1648	amco_state_value_rms:      2.9292	amco_v_to_m_ratio:         1.3930	battle_won_mean:           0.0047
credit_entropy:            0.9985	credit_grad_agent_0:       1.8669	credit_grad_agent_1:       1.5918	credit_grad_agent_2:       1.8680
credit_grad_agent_3:       1.8998	credit_grad_agent_4:       1.8549	credit_grad_cv:            0.3655	credit_grad_max:           2.4483
credit_grad_mean:          1.8163	credit_grad_median:        2.0348	credit_grad_min:           0.4325	credit_grad_near_zero_frac:  0.0000
credit_grad_negative_frac:  0.0000	credit_grad_p10:           0.5420	credit_grad_p90:           2.3861	credit_grad_std:           0.6636
credit_max_share:          0.2134	dead_allies_mean:          4.9876	dead_enemies_mean:         2.8088	ep_length_mean:           21.3611
epsilon:                   0.0500	grad_norm:                 1.6142	loss:                      0.0573	q_taken_mean:              0.8346
return_mean:               7.7843	return_std:                1.4469	target_mean:               0.8396	td_error_abs:              0.1776
test_battle_won_mean:      0.0125	test_dead_allies_mean:     4.9562	test_dead_enemies_mean:    3.0812	test_ep_length_mean:      21.7250
test_return_mean:          8.3955	test_return_std:           1.5899	
[INFO 18:34:05] my_main Updated target network
[INFO 18:35:43] my_main Updated target network
[INFO 18:36:36] my_main t_env: 270306 / 2050000
[INFO 18:36:36] my_main Estimated time left: 11 hours, 22 minutes, 13 seconds. Time passed: 1 hours, 57 minutes, 9 seconds
[INFO 18:36:44] my_main Recent Stats | t_env:     270306 | Episode:    13315
amco_mixing_output_rms:    2.1631	amco_q_term_rms:           0.1621	amco_relu_zero_frac:       0.3324	amco_state_term_rms:       0.0290
amco_state_to_q_ratio:     0.1781	amco_state_value_rms:      3.0026	amco_v_to_m_ratio:         1.3888	battle_won_mean:           0.0030
credit_entropy:            0.9987	credit_grad_agent_0:       1.9130	credit_grad_agent_1:       1.6485	credit_grad_agent_2:       1.9180
credit_grad_agent_3:       1.9413	credit_grad_agent_4:       1.9172	credit_grad_cv:            0.3788	credit_grad_max:           2.5514
credit_grad_mean:          1.8676	credit_grad_median:        2.1224	credit_grad_min:           0.4346	credit_grad_near_zero_frac:  0.0000
credit_grad_negative_frac:  0.0000	credit_grad_p10:           0.5296	credit_grad_p90:           2.4695	credit_grad_std:           0.7082
credit_max_share:          0.2125	dead_allies_mean:          4.9915	dead_enemies_mean:         2.8315	ep_length_mean:           21.3796
epsilon:                   0.0500	grad_norm:                 1.4681	loss:                      0.0607	q_taken_mean:              0.8569
return_mean:               7.7796	return_std:                1.3575	target_mean:               0.8604	td_error_abs:              0.1806
test_battle_won_mean:      0.0312	test_dead_allies_mean:     4.9250	test_dead_enemies_mean:    3.1000	test_ep_length_mean:      21.7063
test_return_mean:          8.5476	test_return_std:           2.0334	
[INFO 18:37:25] my_main Updated target network
[INFO 18:39:06] my_main Updated target network
[INFO 18:40:26] my_main t_env: 280320 / 2050000
[INFO 18:40:26] my_main Estimated time left: 11 hours, 18 minutes, 32 seconds. Time passed: 2 hours, 59 seconds
[INFO 18:40:33] my_main Recent Stats | t_env:     280320 | Episode:    13781
amco_mixing_output_rms:    2.1926	amco_q_term_rms:           0.1622	amco_relu_zero_frac:       0.3388	amco_state_term_rms:       0.0316
amco_state_to_q_ratio:     0.1943	amco_state_value_rms:      3.0541	amco_v_to_m_ratio:         1.3939	battle_won_mean:           0.0034
credit_entropy:            0.9989	credit_grad_agent_0:       1.9454	credit_grad_agent_1:       1.7056	credit_grad_agent_2:       1.9655
credit_grad_agent_3:       1.9728	credit_grad_agent_4:       1.9594	credit_grad_cv:            0.3871	credit_grad_max:           2.6388
credit_grad_mean:          1.9097	credit_grad_median:        2.1872	credit_grad_min:           0.4435	credit_grad_near_zero_frac:  0.0000
credit_grad_negative_frac:  0.0000	credit_grad_p10:           0.5175	credit_grad_p90:           2.5308	credit_grad_std:           0.7402
credit_max_share:          0.2114	dead_allies_mean:          4.9906	dead_enemies_mean:         2.8764	ep_length_mean:           21.3416
epsilon:                   0.0500	grad_norm:                 1.2981	loss:                      0.0644	q_taken_mean:              0.8692
return_mean:               7.8082	return_std:                1.3809	target_mean:               0.8781	td_error_abs:              0.1828
test_battle_won_mean:      0.0250	test_dead_allies_mean:     4.9500	test_dead_enemies_mean:    3.0750	test_ep_length_mean:      21.6750
test_return_mean:          8.4684	test_return_std:           1.7879	
[INFO 18:40:44] my_main Updated target network
[INFO 18:42:21] my_main Updated target network
[INFO 18:43:51] my_main Updated target network
[INFO 18:44:10] my_main t_env: 290333 / 2050000
[INFO 18:44:10] my_main Estimated time left: 10 hours, 55 minutes, 39 seconds. Time passed: 2 hours, 4 minutes, 43 seconds
[INFO 18:44:18] my_main Recent Stats | t_env:     290333 | Episode:    14240
amco_mixing_output_rms:    2.2680	amco_q_term_rms:           0.1645	amco_relu_zero_frac:       0.3415	amco_state_term_rms:       0.0349
amco_state_to_q_ratio:     0.2118	amco_state_value_rms:      3.1091	amco_v_to_m_ratio:         1.3755	battle_won_mean:           0.0052
credit_entropy:            0.9990	credit_grad_agent_0:       2.0157	credit_grad_agent_1:       1.7889	credit_grad_agent_2:       2.0413
credit_grad_agent_3:       2.0225	credit_grad_agent_4:       2.0236	credit_grad_cv:            0.4065	credit_grad_max:           2.7791
credit_grad_mean:          1.9784	credit_grad_median:        2.3142	credit_grad_min:           0.4321	credit_grad_near_zero_frac:  0.0000
credit_grad_negative_frac:  0.0000	credit_grad_p10:           0.4878	credit_grad_p90:           2.6538	credit_grad_std:           0.8075
credit_max_share:          0.2108	dead_allies_mean:          4.9858	dead_enemies_mean:         2.9494	ep_length_mean:           21.4613
epsilon:                   0.0500	grad_norm:                 1.4876	loss:                      0.0716	q_taken_mean:              0.8922
return_mean:               7.8968	return_std:                1.4776	target_mean:               0.8997	td_error_abs:              0.1914
test_battle_won_mean:      0.0375	test_dead_allies_mean:     4.9313	test_dead_enemies_mean:    3.2500	test_ep_length_mean:      22.0625
test_return_mean:          8.7179	test_return_std:           2.2177	
[INFO 18:45:36] my_main Updated target network
[INFO 18:47:12] my_main Updated target network
[INFO 18:48:01] my_main t_env: 300344 / 2050000
[INFO 18:48:01] my_main Estimated time left: 11 hours, 12 minutes, 39 seconds. Time passed: 2 hours, 8 minutes, 34 seconds
[INFO 18:48:09] my_main Recent Stats | t_env:     300344 | Episode:    14703
amco_mixing_output_rms:    2.3564	amco_q_term_rms:           0.1676	amco_relu_zero_frac:       0.3452	amco_state_term_rms:       0.0392
amco_state_to_q_ratio:     0.2330	amco_state_value_rms:      3.1685	amco_v_to_m_ratio:         1.3502	battle_won_mean:           0.0043
credit_entropy:            0.9991	credit_grad_agent_0:       2.1090	credit_grad_agent_1:       1.8775	credit_grad_agent_2:       2.1518
credit_grad_agent_3:       2.0988	credit_grad_agent_4:       2.0992	credit_grad_cv:            0.4277	credit_grad_max:           2.9937
credit_grad_mean:          2.0672	credit_grad_median:        2.4509	credit_grad_min:           0.4265	credit_grad_near_zero_frac:  0.0000
credit_grad_negative_frac:  0.0000	credit_grad_p10:           0.4715	credit_grad_p90:           2.8308	credit_grad_std:           0.8890
credit_max_share:          0.2111	dead_allies_mean:          4.9896	dead_enemies_mean:         3.0054	ep_length_mean:           21.5261
epsilon:                   0.0500	grad_norm:                 1.6745	loss:                      0.0810	q_taken_mean:              0.9174
return_mean:               7.9096	return_std:                1.4472	target_mean:               0.9267	td_error_abs:              0.2020
test_battle_won_mean:      0.0500	test_dead_allies_mean:     4.9000	test_dead_enemies_mean:    3.3500	test_ep_length_mean:      22.7812
test_return_mean:          8.8967	test_return_std:           2.4875	
[INFO 18:48:56] my_main Updated target network
DataHandler: unable to parse websocket frame.
CloseHandler: 127.0.0.1:36466 disconnected
[INFO 18:48:58] absl Shutdown gracefully.
[INFO 18:48:58] absl Shutdown with return code: -15
[INFO 18:48:58] absl Launching SC2: /data/workspace/wxr/pymarl-monotone-qmix/3rdparty/StarCraftII/Versions/Base75689/SC2_x64 -listen 127.0.0.1 -port 35499 -dataDir /data/workspace/wxr/pymarl-monotone-qmix/3rdparty/StarCraftII/ -tempDir /tmp/sc-wmina24x/
[INFO 18:48:58] absl Connecting to: ws://127.0.0.1:35499/sc2api, attempt: 0, running: True
Version: B75689 (SC2.4.10)
Build: Aug 12 2019 17:16:57
Command Line: '"/data/workspace/wxr/pymarl-monotone-qmix/3rdparty/StarCraftII/Versions/Base75689/SC2_x64" -listen 127.0.0.1 -port 35499 -dataDir /data/workspace/wxr/pymarl-monotone-qmix/3rdparty/StarCraftII/ -tempDir /tmp/sc-wmina24x/'
Starting up...
Startup Phase 1 complete
[INFO 18:48:59] absl Connecting to: ws://127.0.0.1:35499/sc2api, attempt: 1, running: True
Startup Phase 2 complete
Creating stub renderer...
Listening on: 127.0.0.1:35499
Startup Phase 3 complete. Ready for commands.
[INFO 18:49:00] absl Connecting to: ws://127.0.0.1:35499/sc2api, attempt: 2, running: True
ConnectHandler: Request from 127.0.0.1:59612 accepted
ReadyHandler: 127.0.0.1:59612 ready
Requesting to join a single player game
Configuring interface options
Configure: raw interface enabled
Configure: feature layer interface disabled
Configure: score interface disabled
Configure: render interface disabled
Launching next game.
Next launch phase started: 2
Next launch phase started: 3
Next launch phase started: 4
Next launch phase started: 5
Next launch phase started: 6
Next launch phase started: 7
Next launch phase started: 8
Game has started.
Using default stable ids, none found at: /data/workspace/wxr/pymarl-monotone-qmix/3rdparty/StarCraftII/stableid.json
Successfully loaded stable ids: GameData\stableid.json
Sending ResponseJoinGame
[INFO 18:50:33] my_main Updated target network
[INFO 18:51:50] my_main t_env: 310353 / 2050000
[INFO 18:51:50] my_main Estimated time left: 11 hours, 4 minutes, 25 seconds. Time passed: 2 hours, 12 minutes, 23 seconds
[INFO 18:51:58] my_main Recent Stats | t_env:     310353 | Episode:    15176
amco_mixing_output_rms:    2.4356	amco_q_term_rms:           0.1709	amco_relu_zero_frac:       0.3509	amco_state_term_rms:       0.0432
amco_state_to_q_ratio:     0.2521	amco_state_value_rms:      3.2370	amco_v_to_m_ratio:         1.3315	battle_won_mean:           0.0056
credit_entropy:            0.9991	credit_grad_agent_0:       2.1905	credit_grad_agent_1:       1.9494	credit_grad_agent_2:       2.2584
credit_grad_agent_3:       2.1602	credit_grad_agent_4:       2.1609	credit_grad_cv:            0.4494	credit_grad_max:           3.2339
credit_grad_mean:          2.1439	credit_grad_median:        2.5813	credit_grad_min:           0.4170	credit_grad_near_zero_frac:  0.0000
credit_grad_negative_frac:  0.0000	credit_grad_p10:           0.4540	credit_grad_p90:           3.0003	credit_grad_std:           0.9663
credit_max_share:          0.2123	dead_allies_mean:          4.9850	dead_enemies_mean:         3.0589	ep_length_mean:           21.5099
epsilon:                   0.0500	grad_norm:                 1.7620	loss:                      0.0897	q_taken_mean:              0.9405
return_mean:               7.9486	return_std:                1.5339	target_mean:               0.9492	td_error_abs:              0.2071
test_battle_won_mean:      0.0563	test_dead_allies_mean:     4.8875	test_dead_enemies_mean:    3.4375	test_ep_length_mean:      22.8125
test_return_mean:          8.9769	test_return_std:           2.7781	
[INFO 18:52:10] my_main Updated target network
[INFO 18:53:47] my_main Updated target network
[INFO 18:55:16] my_main Updated target network
[INFO 18:55:32] my_main t_env: 320373 / 2050000
[INFO 18:55:32] my_main Estimated time left: 10 hours, 38 minutes, 25 seconds. Time passed: 2 hours, 16 minutes, 5 seconds
[INFO 18:55:38] my_main Recent Stats | t_env:     320373 | Episode:    15637
amco_mixing_output_rms:    2.5166	amco_q_term_rms:           0.1749	amco_relu_zero_frac:       0.3557	amco_state_term_rms:       0.0473
amco_state_to_q_ratio:     0.2693	amco_state_value_rms:      3.2914	amco_v_to_m_ratio:         1.3100	battle_won_mean:           0.0104
credit_entropy:            0.9990	credit_grad_agent_0:       2.2574	credit_grad_agent_1:       2.0055	credit_grad_agent_2:       2.3480
credit_grad_agent_3:       2.2288	credit_grad_agent_4:       2.2113	credit_grad_cv:            0.4694	credit_grad_max:           3.4525
credit_grad_mean:          2.2102	credit_grad_median:        2.6959	credit_grad_min:           0.4000	credit_grad_near_zero_frac:  0.0000
credit_grad_negative_frac:  0.0000	credit_grad_p10:           0.4397	credit_grad_p90:           3.1581	credit_grad_std:           1.0406
credit_max_share:          0.2133	dead_allies_mean:          4.9746	dead_enemies_mean:         3.1142	ep_length_mean:           21.5644
epsilon:                   0.0500	grad_norm:                 1.9685	loss:                      0.1068	q_taken_mean:              0.9618
return_mean:               8.0434	return_std:                1.7381	target_mean:               0.9686	td_error_abs:              0.2207
test_battle_won_mean:      0.0563	test_dead_allies_mean:     4.8750	test_dead_enemies_mean:    3.4562	test_ep_length_mean:      22.7563
test_return_mean:          8.9550	test_return_std:           2.7875	
[INFO 18:57:00] my_main Updated target network
[INFO 18:58:32] my_main Updated target network
[INFO 18:59:10] my_main t_env: 330393 / 2050000
[INFO 18:59:10] my_main Estimated time left: 10 hours, 23 minutes, 57 seconds. Time passed: 2 hours, 19 minutes, 43 seconds
[INFO 18:59:18] my_main Recent Stats | t_env:     330393 | Episode:    16084
amco_mixing_output_rms:    2.5575	amco_q_term_rms:           0.1819	amco_relu_zero_frac:       0.3705	amco_state_term_rms:       0.0513
amco_state_to_q_ratio:     0.2815	amco_state_value_rms:      3.3513	amco_v_to_m_ratio:         1.3114	battle_won_mean:           0.0153
credit_entropy:            0.9989	credit_grad_agent_0:       2.2866	credit_grad_agent_1:       2.0193	credit_grad_agent_2:       2.3883
credit_grad_agent_3:       2.2576	credit_grad_agent_4:       2.2354	credit_grad_cv:            0.5003	credit_grad_max:           3.6447
credit_grad_mean:          2.2374	credit_grad_median:        2.7697	credit_grad_min:           0.3812	credit_grad_near_zero_frac:  0.0000
credit_grad_negative_frac:  0.0000	credit_grad_p10:           0.4239	credit_grad_p90:           3.3020	credit_grad_std:           1.1191
credit_max_share:          0.2141	dead_allies_mean:          4.9624	dead_enemies_mean:         3.1732	ep_length_mean:           21.7498
epsilon:                   0.0500	grad_norm:                 2.2390	loss:                      0.1130	q_taken_mean:              0.9739
return_mean:               8.1729	return_std:                1.9226	target_mean:               0.9756	td_error_abs:              0.2292
test_battle_won_mean:      0.0563	test_dead_allies_mean:     4.8750	test_dead_enemies_mean:    3.5375	test_ep_length_mean:      22.7875
test_return_mean:          9.0104	test_return_std:           2.7860	
[INFO 19:00:14] my_main Updated target network
[INFO 19:01:44] my_main Updated target network
[INFO 19:02:46] my_main t_env: 340398 / 2050000
[INFO 19:02:46] my_main Estimated time left: 10 hours, 14 minutes, 50 seconds. Time passed: 2 hours, 23 minutes, 19 seconds
[INFO 19:02:54] my_main Recent Stats | t_env:     340398 | Episode:    16539
amco_mixing_output_rms:    2.5252	amco_q_term_rms:           0.1867	amco_relu_zero_frac:       0.3872	amco_state_term_rms:       0.0571
amco_state_to_q_ratio:     0.3047	amco_state_value_rms:      3.3812	amco_v_to_m_ratio:         1.3407	battle_won_mean:           0.0154
credit_entropy:            0.9987	credit_grad_agent_0:       2.2474	credit_grad_agent_1:       1.9743	credit_grad_agent_2:       2.3548
credit_grad_agent_3:       2.2308	credit_grad_agent_4:       2.1952	credit_grad_cv:            0.5215	credit_grad_max:           3.7146
credit_grad_mean:          2.2005	credit_grad_median:        2.7010	credit_grad_min:           0.3710	credit_grad_near_zero_frac:  0.0000
credit_grad_negative_frac:  0.0000	credit_grad_p10:           0.4153	credit_grad_p90:           3.3481	credit_grad_std:           1.1461
credit_max_share:          0.2148	dead_allies_mean:          4.9628	dead_enemies_mean:         3.1792	ep_length_mean:           21.7846
epsilon:                   0.0500	grad_norm:                 2.0453	loss:                      0.1231	q_taken_mean:              0.9660
return_mean:               8.1798	return_std:                1.9284	target_mean:               0.9714	td_error_abs:              0.2347
test_battle_won_mean:      0.0750	test_dead_allies_mean:     4.8312	test_dead_enemies_mean:    3.6562	test_ep_length_mean:      23.3125
test_return_mean:          9.4026	test_return_std:           2.9648	
[INFO 19:03:24] my_main Updated target network
[INFO 19:04:55] my_main Updated target network
[INFO 19:06:25] my_main t_env: 350417 / 2050000
[INFO 19:06:25] my_main Estimated time left: 10 hours, 18 minutes, 24 seconds. Time passed: 2 hours, 26 minutes, 58 seconds
[INFO 19:06:34] my_main Recent Stats | t_env:     350417 | Episode:    16997
amco_mixing_output_rms:    2.4481	amco_q_term_rms:           0.1916	amco_relu_zero_frac:       0.4036	amco_state_term_rms:       0.0633
amco_state_to_q_ratio:     0.3293	amco_state_value_rms:      3.4215	amco_v_to_m_ratio:         1.4044	battle_won_mean:           0.0189
credit_entropy:            0.9986	credit_grad_agent_0:       2.1889	credit_grad_agent_1:       1.9229	credit_grad_agent_2:       2.2907
credit_grad_agent_3:       2.1607	credit_grad_agent_4:       2.1391	credit_grad_cv:            0.5414	credit_grad_max:           3.7524
credit_grad_mean:          2.1404	credit_grad_median:        2.5892	credit_grad_min:           0.3577	credit_grad_near_zero_frac:  0.0000
credit_grad_negative_frac:  0.0000	credit_grad_p10:           0.4081	credit_grad_p90:           3.3571	credit_grad_std:           1.1567
credit_max_share:          0.2155	dead_allies_mean:          4.9540	dead_enemies_mean:         3.1847	ep_length_mean:           21.8353
epsilon:                   0.0500	grad_norm:                 1.8896	loss:                      0.1224	q_taken_mean:              0.9546
return_mean:               8.2391	return_std:                2.0683	target_mean:               0.9581	td_error_abs:              0.2347
test_battle_won_mean:      0.0938	test_dead_allies_mean:     4.7438	test_dead_enemies_mean:    3.7812	test_ep_length_mean:      23.3313
test_return_mean:          9.7469	test_return_std:           3.0834	
[INFO 19:06:36] my_main Updated target network
[INFO 19:08:06] my_main Updated target network
[INFO 19:09:40] my_main Updated target network
[INFO 19:10:00] my_main t_env: 360429 / 2050000
[INFO 19:10:00] my_main Estimated time left: 10 hours, 5 minutes, 14 seconds. Time passed: 2 hours, 30 minutes, 33 seconds
[INFO 19:10:07] my_main Recent Stats | t_env:     360429 | Episode:    17444
amco_mixing_output_rms:    2.3203	amco_q_term_rms:           0.1985	amco_relu_zero_frac:       0.4229	amco_state_term_rms:       0.0692
amco_state_to_q_ratio:     0.3476	amco_state_value_rms:      3.4581	amco_v_to_m_ratio:         1.5196	battle_won_mean:           0.0225
credit_entropy:            0.9986	credit_grad_agent_0:       2.0777	credit_grad_agent_1:       1.8351	credit_grad_agent_2:       2.1691
credit_grad_agent_3:       2.0537	credit_grad_agent_4:       2.0342	credit_grad_cv:            0.5623	credit_grad_max:           3.7328
credit_grad_mean:          2.0340	credit_grad_median:        2.3604	credit_grad_min:           0.3453	credit_grad_near_zero_frac:  0.0000
credit_grad_negative_frac:  0.0000	credit_grad_p10:           0.3981	credit_grad_p90:           3.2927	credit_grad_std:           1.1389
credit_max_share:          0.2154	dead_allies_mean:          4.9466	dead_enemies_mean:         3.2202	ep_length_mean:           22.0828
epsilon:                   0.0500	grad_norm:                 1.6606	loss:                      0.1156	q_taken_mean:              0.9358
return_mean:               8.3795	return_std:                2.1830	target_mean:               0.9385	td_error_abs:              0.2301
test_battle_won_mean:      0.1375	test_dead_allies_mean:     4.6500	test_dead_enemies_mean:    3.9500	test_ep_length_mean:      23.8750
test_return_mean:         10.3948	test_return_std:           3.5520	
RequestQuit command received.
Closing Application...
DataHandler: unable to parse websocket frame.
CloseHandler: 127.0.0.1:59612 disconnected
[INFO 19:10:59] absl Shutdown gracefully.
[INFO 19:10:59] absl Shutdown with return code: -15
[INFO 19:10:59] absl Launching SC2: /data/workspace/wxr/pymarl-monotone-qmix/3rdparty/StarCraftII/Versions/Base75689/SC2_x64 -listen 127.0.0.1 -port 36807 -dataDir /data/workspace/wxr/pymarl-monotone-qmix/3rdparty/StarCraftII/ -tempDir /tmp/sc-svworrqb/
[INFO 19:11:00] absl Connecting to: ws://127.0.0.1:36807/sc2api, attempt: 0, running: True
Version: B75689 (SC2.4.10)
Build: Aug 12 2019 17:16:57
Command Line: '"/data/workspace/wxr/pymarl-monotone-qmix/3rdparty/StarCraftII/Versions/Base75689/SC2_x64" -listen 127.0.0.1 -port 36807 -dataDir /data/workspace/wxr/pymarl-monotone-qmix/3rdparty/StarCraftII/ -tempDir /tmp/sc-svworrqb/'
Starting up...
Startup Phase 1 complete
[INFO 19:11:01] absl Connecting to: ws://127.0.0.1:36807/sc2api, attempt: 1, running: True
Startup Phase 2 complete
Creating stub renderer...
[INFO 19:11:02] absl Connecting to: ws://127.0.0.1:36807/sc2api, attempt: 2, running: True
Listening on: 127.0.0.1:36807
Startup Phase 3 complete. Ready for commands.
[INFO 19:11:03] absl Connecting to: ws://127.0.0.1:36807/sc2api, attempt: 3, running: True
ConnectHandler: Request from 127.0.0.1:51164 accepted
ReadyHandler: 127.0.0.1:51164 ready
Requesting to join a single player game
Configuring interface options
Configure: raw interface enabled
Configure: feature layer interface disabled
Configure: score interface disabled
Configure: render interface disabled
Launching next game.
Next launch phase started: 2
Next launch phase started: 3
Next launch phase started: 4
Next launch phase started: 5
Next launch phase started: 6
Next launch phase started: 7
Next launch phase started: 8
Game has started.
Using default stable ids, none found at: /data/workspace/wxr/pymarl-monotone-qmix/3rdparty/StarCraftII/stableid.json
Successfully loaded stable ids: GameData\stableid.json
Sending ResponseJoinGame
[INFO 19:11:26] my_main Updated target network
[INFO 19:12:53] my_main Updated target network
[INFO 19:13:34] my_main t_env: 370436 / 2050000
[INFO 19:13:34] my_main Estimated time left: 9 hours, 59 minutes, 29 seconds. Time passed: 2 hours, 34 minutes, 7 seconds
[INFO 19:13:41] my_main Recent Stats | t_env:     370436 | Episode:    17893
amco_mixing_output_rms:    2.2360	amco_q_term_rms:           0.1968	amco_relu_zero_frac:       0.4249	amco_state_term_rms:       0.0743
amco_state_to_q_ratio:     0.3784	amco_state_value_rms:      3.5174	amco_v_to_m_ratio:         1.5935	battle_won_mean:           0.0231
credit_entropy:            0.9984	credit_grad_agent_0:       2.0594	credit_grad_agent_1:       1.8117	credit_grad_agent_2:       2.1375
credit_grad_agent_3:       2.0277	credit_grad_agent_4:       2.0051	credit_grad_cv:            0.5601	credit_grad_max:           3.7776
credit_grad_mean:          2.0083	credit_grad_median:        2.2962	credit_grad_min:           0.3481	credit_grad_near_zero_frac:  0.0000
credit_grad_negative_frac:  0.0000	credit_grad_p10:           0.4216	credit_grad_p90:           3.2788	credit_grad_std:           1.1206
credit_max_share:          0.2160	dead_allies_mean:          4.9422	dead_enemies_mean:         3.2498	ep_length_mean:           22.1932
epsilon:                   0.0500	grad_norm:                 2.0227	loss:                      0.1230	q_taken_mean:              0.9353
return_mean:               8.4391	return_std:                2.1989	target_mean:               0.9433	td_error_abs:              0.2393
test_battle_won_mean:      0.1375	test_dead_allies_mean:     4.6562	test_dead_enemies_mean:    3.9688	test_ep_length_mean:      23.9625
test_return_mean:         10.4719	test_return_std:           3.5465	
[INFO 19:14:31] my_main Updated target network
[INFO 19:16:03] my_main Updated target network
[INFO 19:17:01] my_main t_env: 380451 / 2050000
[INFO 19:17:01] my_main Estimated time left: 9 hours, 34 minutes, 53 seconds. Time passed: 2 hours, 37 minutes, 34 seconds
[INFO 19:17:07] my_main Recent Stats | t_env:     380451 | Episode:    18336
amco_mixing_output_rms:    2.2581	amco_q_term_rms:           0.1971	amco_relu_zero_frac:       0.4274	amco_state_term_rms:       0.0820
amco_state_to_q_ratio:     0.4169	amco_state_value_rms:      3.5863	amco_v_to_m_ratio:         1.6082	battle_won_mean:           0.0259
credit_entropy:            0.9983	credit_grad_agent_0:       2.0866	credit_grad_agent_1:       1.8419	credit_grad_agent_2:       2.1672
credit_grad_agent_3:       2.0460	credit_grad_agent_4:       2.0185	credit_grad_cv:            0.5592	credit_grad_max:           3.9434
credit_grad_mean:          2.0321	credit_grad_median:        2.2987	credit_grad_min:           0.3542	credit_grad_near_zero_frac:  0.0000
credit_grad_negative_frac:  0.0000	credit_grad_p10:           0.4396	credit_grad_p90:           3.3335	credit_grad_std:           1.1316
credit_max_share:          0.2174	dead_allies_mean:          4.9376	dead_enemies_mean:         3.2644	ep_length_mean:           22.2315
epsilon:                   0.0500	grad_norm:                 1.9547	loss:                      0.1443	q_taken_mean:              0.9473
return_mean:               8.4976	return_std:                2.2573	target_mean:               0.9593	td_error_abs:              0.2532
test_battle_won_mean:      0.1562	test_dead_allies_mean:     4.6188	test_dead_enemies_mean:    4.0750	test_ep_length_mean:      24.3750
test_return_mean:         10.8184	test_return_std:           4.0077	
[INFO 19:17:37] my_main Updated target network
[INFO 19:19:05] my_main Updated target network
[INFO 19:20:33] my_main t_env: 390458 / 2050000
[INFO 19:20:33] my_main Estimated time left: 9 hours, 46 minutes, 14 seconds. Time passed: 2 hours, 41 minutes, 6 seconds
[INFO 19:20:40] my_main Recent Stats | t_env:     390458 | Episode:    18789
amco_mixing_output_rms:    2.2922	amco_q_term_rms:           0.1950	amco_relu_zero_frac:       0.4218	amco_state_term_rms:       0.0872
amco_state_to_q_ratio:     0.4493	amco_state_value_rms:      3.6876	amco_v_to_m_ratio:         1.6288	battle_won_mean:           0.0312
credit_entropy:            0.9982	credit_grad_agent_0:       2.1700	credit_grad_agent_1:       1.9160	credit_grad_agent_2:       2.2405
credit_grad_agent_3:       2.1250	credit_grad_agent_4:       2.0918	credit_grad_cv:            0.5521	credit_grad_max:           4.1854
credit_grad_mean:          2.1086	credit_grad_median:        2.4079	credit_grad_min:           0.3599	credit_grad_near_zero_frac:  0.0000
credit_grad_negative_frac:  0.0000	credit_grad_p10:           0.4552	credit_grad_p90:           3.4265	credit_grad_std:           1.1563
credit_max_share:          0.2184	dead_allies_mean:          4.9279	dead_enemies_mean:         3.2792	ep_length_mean:           22.2518
epsilon:                   0.0500	grad_norm:                 2.3909	loss:                      0.1843	q_taken_mean:              0.9757
return_mean:               8.5722	return_std:                2.4190	target_mean:               0.9899	td_error_abs:              0.2749
test_battle_won_mean:      0.1437	test_dead_allies_mean:     4.6562	test_dead_enemies_mean:    3.9875	test_ep_length_mean:      24.0562
test_return_mean:         10.5566	test_return_std:           3.9376	
[INFO 19:20:46] my_main Updated target network
[INFO 19:22:13] my_main Updated target network
[INFO 19:23:46] my_main Updated target network
[INFO 19:24:06] my_main t_env: 400483 / 2050000
[INFO 19:24:06] my_main Estimated time left: 9 hours, 42 minutes, 35 seconds. Time passed: 2 hours, 44 minutes, 39 seconds
[INFO 19:24:14] my_main Recent Stats | t_env:     400483 | Episode:    19242
amco_mixing_output_rms:    2.3031	amco_q_term_rms:           0.1984	amco_relu_zero_frac:       0.4320	amco_state_term_rms:       0.0908
amco_state_to_q_ratio:     0.4596	amco_state_value_rms:      3.7906	amco_v_to_m_ratio:         1.6670	battle_won_mean:           0.0352
credit_entropy:            0.9982	credit_grad_agent_0:       2.1801	credit_grad_agent_1:       1.9547	credit_grad_agent_2:       2.2458
credit_grad_agent_3:       2.1494	credit_grad_agent_4:       2.1195	credit_grad_cv:            0.5618	credit_grad_max:           4.4082
credit_grad_mean:          2.1299	credit_grad_median:        2.4369	credit_grad_min:           0.3682	credit_grad_near_zero_frac:  0.0000
credit_grad_negative_frac:  0.0000	credit_grad_p10:           0.4671	credit_grad_p90:           3.4866	credit_grad_std:           1.1889
credit_max_share:          0.2188	dead_allies_mean:          4.9198	dead_enemies_mean:         3.3042	ep_length_mean:           22.3027
epsilon:                   0.0500	grad_norm:                 3.3153	loss:                      0.2062	q_taken_mean:              0.9920
return_mean:               8.6506	return_std:                2.5468	target_mean:               1.0129	td_error_abs:              0.2983
test_battle_won_mean:      0.1250	test_dead_allies_mean:     4.7500	test_dead_enemies_mean:    3.8375	test_ep_length_mean:      23.5437
test_return_mean:         10.2226	test_return_std:           3.8226	
[INFO 19:25:19] my_main Updated target network
[INFO 19:26:52] my_main Updated target network
[INFO 19:27:30] my_main t_env: 410489 / 2050000
[INFO 19:27:30] my_main Estimated time left: 9 hours, 16 minutes, 39 seconds. Time passed: 2 hours, 48 minutes, 3 seconds
[INFO 19:27:36] my_main Recent Stats | t_env:     410489 | Episode:    19690
amco_mixing_output_rms:    2.4781	amco_q_term_rms:           0.1996	amco_relu_zero_frac:       0.4262	amco_state_term_rms:       0.0964
amco_state_to_q_ratio:     0.4834	amco_state_value_rms:      3.9079	amco_v_to_m_ratio:         1.5852	battle_won_mean:           0.0352
credit_entropy:            0.9982	credit_grad_agent_0:       2.3069	credit_grad_agent_1:       2.0965	credit_grad_agent_2:       2.3637
credit_grad_agent_3:       2.2922	credit_grad_agent_4:       2.2823	credit_grad_cv:            0.5646	credit_grad_max:           4.7442
credit_grad_mean:          2.2683	credit_grad_median:        2.6917	credit_grad_min:           0.3732	credit_grad_near_zero_frac:  0.0000
credit_grad_negative_frac:  0.0000	credit_grad_p10:           0.4874	credit_grad_p90:           3.7131	credit_grad_std:           1.2786
credit_max_share:          0.2192	dead_allies_mean:          4.9176	dead_enemies_mean:         3.3117	ep_length_mean:           22.2900
epsilon:                   0.0500	grad_norm:                 3.6302	loss:                      0.2518	q_taken_mean:              1.0395
return_mean:               8.6516	return_std:                2.5575	target_mean:               1.0543	td_error_abs:              0.3180
test_battle_won_mean:      0.0750	test_dead_allies_mean:     4.8563	test_dead_enemies_mean:    3.7437	test_ep_length_mean:      23.3250
test_return_mean:          9.6606	test_return_std:           3.0753	
[INFO 19:28:21] my_main Updated target network
[INFO 19:29:51] my_main Updated target network
[INFO 19:30:46] my_main t_env: 420504 / 2050000
[INFO 19:30:46] my_main Estimated time left: 8 hours, 53 minutes, 51 seconds. Time passed: 2 hours, 51 minutes, 19 seconds
[INFO 19:30:54] my_main Recent Stats | t_env:     420504 | Episode:    20128
amco_mixing_output_rms:    2.4666	amco_q_term_rms:           0.2050	amco_relu_zero_frac:       0.4499	amco_state_term_rms:       0.1021
amco_state_to_q_ratio:     0.4990	amco_state_value_rms:      3.9809	amco_v_to_m_ratio:         1.6270	battle_won_mean:           0.0367
credit_entropy:            0.9983	credit_grad_agent_0:       2.2793	credit_grad_agent_1:       2.1212	credit_grad_agent_2:       2.3345
credit_grad_agent_3:       2.2793	credit_grad_agent_4:       2.3018	credit_grad_cv:            0.5875	credit_grad_max:           5.0005
credit_grad_mean:          2.2632	credit_grad_median:        2.5692	credit_grad_min:           0.3723	credit_grad_near_zero_frac:  0.0000
credit_grad_negative_frac:  0.0000	credit_grad_p10:           0.4754	credit_grad_p90:           3.8039	credit_grad_std:           1.3246
credit_max_share:          0.2195	dead_allies_mean:          4.9158	dead_enemies_mean:         3.3148	ep_length_mean:           22.4056
epsilon:                   0.0500	grad_norm:                 3.9754	loss:                      0.2591	q_taken_mean:              1.0385
return_mean:               8.6757	return_std:                2.5984	target_mean:               1.0543	td_error_abs:              0.3224
test_battle_won_mean:      0.0750	test_dead_allies_mean:     4.8500	test_dead_enemies_mean:    3.8438	test_ep_length_mean:      23.6000
test_return_mean:          9.7974	test_return_std:           3.0253	
[INFO 19:31:25] my_main Updated target network
DataHandler: unable to parse websocket frame.
RequestQuit command received.
CloseHandler: 127.0.0.1:51164 disconnected
Closing Application...
ResponseThread: No connection, dropping the response.
[INFO 19:31:42] absl Shutdown gracefully.
[INFO 19:31:42] absl Shutdown with return code: -15
[INFO 19:31:42] absl Launching SC2: /data/workspace/wxr/pymarl-monotone-qmix/3rdparty/StarCraftII/Versions/Base75689/SC2_x64 -listen 127.0.0.1 -port 37459 -dataDir /data/workspace/wxr/pymarl-monotone-qmix/3rdparty/StarCraftII/ -tempDir /tmp/sc-_nsygag1/
[INFO 19:31:42] absl Connecting to: ws://127.0.0.1:37459/sc2api, attempt: 0, running: True
Version: B75689 (SC2.4.10)
Build: Aug 12 2019 17:16:57
Command Line: '"/data/workspace/wxr/pymarl-monotone-qmix/3rdparty/StarCraftII/Versions/Base75689/SC2_x64" -listen 127.0.0.1 -port 37459 -dataDir /data/workspace/wxr/pymarl-monotone-qmix/3rdparty/StarCraftII/ -tempDir /tmp/sc-_nsygag1/'
Starting up...
Startup Phase 1 complete
[INFO 19:31:43] absl Connecting to: ws://127.0.0.1:37459/sc2api, attempt: 1, running: True
Startup Phase 2 complete
Creating stub renderer...
Listening on: 127.0.0.1:37459
Startup Phase 3 complete. Ready for commands.
[INFO 19:31:44] absl Connecting to: ws://127.0.0.1:37459/sc2api, attempt: 2, running: True
ConnectHandler: Request from 127.0.0.1:36360 accepted
ReadyHandler: 127.0.0.1:36360 ready
Requesting to join a single player game
Configuring interface options
Configure: raw interface enabled
Configure: feature layer interface disabled
Configure: score interface disabled
Configure: render interface disabled
Launching next game.
Next launch phase started: 2
Next launch phase started: 3
Next launch phase started: 4
Next launch phase started: 5
Next launch phase started: 6
Next launch phase started: 7
Next launch phase started: 8
Game has started.
Using default stable ids, none found at: /data/workspace/wxr/pymarl-monotone-qmix/3rdparty/StarCraftII/stableid.json
Successfully loaded stable ids: GameData\stableid.json
Sending ResponseJoinGame
[INFO 19:33:02] my_main Updated target network
[INFO 19:34:16] my_main t_env: 430523 / 2050000
[INFO 19:34:16] my_main Estimated time left: 9 hours, 24 minutes, 22 seconds. Time passed: 2 hours, 54 minutes, 49 seconds
[INFO 19:34:23] my_main Recent Stats | t_env:     430523 | Episode:    20568
amco_mixing_output_rms:    2.3298	amco_q_term_rms:           0.2086	amco_relu_zero_frac:       0.4706	amco_state_term_rms:       0.1039
amco_state_to_q_ratio:     0.4993	amco_state_value_rms:      4.0463	amco_v_to_m_ratio:         1.7640	battle_won_mean:           0.0363
credit_entropy:            0.9983	credit_grad_agent_0:       2.2035	credit_grad_agent_1:       2.0906	credit_grad_agent_2:       2.2618
credit_grad_agent_3:       2.2240	credit_grad_agent_4:       2.2561	credit_grad_cv:            0.6093	credit_grad_max:           5.1032
credit_grad_mean:          2.2072	credit_grad_median:        2.4028	credit_grad_min:           0.3677	credit_grad_near_zero_frac:  0.0000
credit_grad_negative_frac:  0.0000	credit_grad_p10:           0.4656	credit_grad_p90:           3.8116	credit_grad_std:           1.3382
credit_max_share:          0.2191	dead_allies_mean:          4.9139	dead_enemies_mean:         3.3194	ep_length_mean:           22.4383
epsilon:                   0.0500	grad_norm:                 4.2624	loss:                      0.2463	q_taken_mean:              1.0255
return_mean:               8.6688	return_std:                2.5921	target_mean:               1.0370	td_error_abs:              0.3165
test_battle_won_mean:      0.0813	test_dead_allies_mean:     4.8250	test_dead_enemies_mean:    3.8312	test_ep_length_mean:      23.5688
test_return_mean:          9.8285	test_return_std:           3.1324	
[INFO 19:34:36] my_main Updated target network
[INFO 19:36:10] my_main Updated target network
[INFO 19:37:37] my_main Updated target network
[INFO 19:37:39] my_main t_env: 440549 / 2050000
[INFO 19:37:39] my_main Estimated time left: 9 hours, 4 minutes, 19 seconds. Time passed: 2 hours, 58 minutes, 12 seconds
[INFO 19:37:46] my_main Recent Stats | t_env:     440549 | Episode:    21006
amco_mixing_output_rms:    2.2849	amco_q_term_rms:           0.2143	amco_relu_zero_frac:       0.4870	amco_state_term_rms:       0.1057
amco_state_to_q_ratio:     0.4933	amco_state_value_rms:      4.1045	amco_v_to_m_ratio:         1.8174	battle_won_mean:           0.0402
credit_entropy:            0.9984	credit_grad_agent_0:       2.1744	credit_grad_agent_1:       2.0847	credit_grad_agent_2:       2.2377
credit_grad_agent_3:       2.1907	credit_grad_agent_4:       2.2502	credit_grad_cv:            0.6358	credit_grad_max:           5.2376
credit_grad_mean:          2.1875	credit_grad_median:        2.3351	credit_grad_min:           0.3614	credit_grad_near_zero_frac:  0.0000
credit_grad_negative_frac:  0.0000	credit_grad_p10:           0.4623	credit_grad_p90:           3.9009	credit_grad_std:           1.3898
credit_max_share:          0.2189	dead_allies_mean:          4.9033	dead_enemies_mean:         3.3734	ep_length_mean:           22.5982
epsilon:                   0.0500	grad_norm:                 5.0262	loss:                      0.2334	q_taken_mean:              1.0215
return_mean:               8.7677	return_std:                2.6766	target_mean:               1.0224	td_error_abs:              0.3195
test_battle_won_mean:      0.0688	test_dead_allies_mean:     4.8438	test_dead_enemies_mean:    3.8312	test_ep_length_mean:      23.5562
test_return_mean:          9.7172	test_return_std:           2.8771	
[INFO 19:39:12] my_main Updated target network
[INFO 19:40:41] my_main Updated target network
[INFO 19:41:00] my_main t_env: 450556 / 2050000
[INFO 19:41:00] my_main Estimated time left: 8 hours, 53 minutes, 50 seconds. Time passed: 3 hours, 1 minutes, 33 seconds
[INFO 19:41:06] my_main Recent Stats | t_env:     450556 | Episode:    21446
amco_mixing_output_rms:    2.2381	amco_q_term_rms:           0.2175	amco_relu_zero_frac:       0.4982	amco_state_term_rms:       0.1088
amco_state_to_q_ratio:     0.5006	amco_state_value_rms:      4.1435	amco_v_to_m_ratio:         1.8787	battle_won_mean:           0.0382
credit_entropy:            0.9984	credit_grad_agent_0:       2.1413	credit_grad_agent_1:       2.0725	credit_grad_agent_2:       2.2226
credit_grad_agent_3:       2.1611	credit_grad_agent_4:       2.2181	credit_grad_cv:            0.6503	credit_grad_max:           5.3443
credit_grad_mean:          2.1631	credit_grad_median:        2.2027	credit_grad_min:           0.3606	credit_grad_near_zero_frac:  0.0000
credit_grad_negative_frac:  0.0000	credit_grad_p10:           0.4586	credit_grad_p90:           3.9522	credit_grad_std:           1.4028
credit_max_share:          0.2186	dead_allies_mean:          4.9078	dead_enemies_mean:         3.4117	ep_length_mean:           22.7208
epsilon:                   0.0500	grad_norm:                 5.3913	loss:                      0.2538	q_taken_mean:              1.0153
return_mean:               8.7867	return_std:                2.6102	target_mean:               1.0155	td_error_abs:              0.3226
test_battle_won_mean:      0.0688	test_dead_allies_mean:     4.8438	test_dead_enemies_mean:    3.9000	test_ep_length_mean:      23.5938
test_return_mean:          9.7764	test_return_std:           2.8321	
[INFO 19:42:13] my_main Updated target network
[INFO 19:43:44] my_main Updated target network
[INFO 19:44:22] my_main t_env: 460556 / 2050000
[INFO 19:44:22] my_main Estimated time left: 8 hours, 55 minutes, 42 seconds. Time passed: 3 hours, 4 minutes, 55 seconds
[INFO 19:44:28] my_main Recent Stats | t_env:     460556 | Episode:    21891
amco_mixing_output_rms:    2.1124	amco_q_term_rms:           0.2200	amco_relu_zero_frac:       0.5142	amco_state_term_rms:       0.1094
amco_state_to_q_ratio:     0.4978	amco_state_value_rms:      4.1736	amco_v_to_m_ratio:         1.9858	battle_won_mean:           0.0378
credit_entropy:            0.9984	credit_grad_agent_0:       2.1081	credit_grad_agent_1:       2.0263	credit_grad_agent_2:       2.2130
credit_grad_agent_3:       2.1235	credit_grad_agent_4:       2.1687	credit_grad_cv:            0.6669	credit_grad_max:           5.4262
credit_grad_mean:          2.1279	credit_grad_median:        2.0091	credit_grad_min:           0.3584	credit_grad_near_zero_frac:  0.0000
credit_grad_negative_frac:  0.0000	credit_grad_p10:           0.4513	credit_grad_p90:           3.9909	credit_grad_std:           1.4177
credit_max_share:          0.2183	dead_allies_mean:          4.9122	dead_enemies_mean:         3.4206	ep_length_mean:           22.7483
epsilon:                   0.0500	grad_norm:                 5.2490	loss:                      0.2348	q_taken_mean:              0.9964
return_mean:               8.7763	return_std:                2.5980	target_mean:               0.9980	td_error_abs:              0.3186
test_battle_won_mean:      0.0813	test_dead_allies_mean:     4.8063	test_dead_enemies_mean:    3.8875	test_ep_length_mean:      23.8875
test_return_mean:          9.8830	test_return_std:           3.1944	
[INFO 19:45:14] my_main Updated target network
[INFO 19:46:46] my_main Updated target network
[INFO 19:47:42] my_main t_env: 470561 / 2050000
[INFO 19:47:42] my_main Estimated time left: 8 hours, 46 minutes, 46 seconds. Time passed: 3 hours, 8 minutes, 15 seconds
[INFO 19:47:48] my_main Recent Stats | t_env:     470561 | Episode:    22331
amco_mixing_output_rms:    2.0854	amco_q_term_rms:           0.2265	amco_relu_zero_frac:       0.5222	amco_state_term_rms:       0.1136
amco_state_to_q_ratio:     0.5007	amco_state_value_rms:      4.2323	amco_v_to_m_ratio:         2.0385	battle_won_mean:           0.0364
credit_entropy:            0.9983	credit_grad_agent_0:       2.0925	credit_grad_agent_1:       2.0047	credit_grad_agent_2:       2.2318
credit_grad_agent_3:       2.1110	credit_grad_agent_4:       2.1406	credit_grad_cv:            0.6900	credit_grad_max:           5.5853
credit_grad_mean:          2.1161	credit_grad_median:        1.9512	credit_grad_min:           0.3573	credit_grad_near_zero_frac:  0.0000
credit_grad_negative_frac:  0.0000	credit_grad_p10:           0.4418	credit_grad_p90:           4.0582	credit_grad_std:           1.4581
credit_max_share:          0.2182	dead_allies_mean:          4.9159	dead_enemies_mean:         3.4102	ep_length_mean:           22.7229
epsilon:                   0.0500	grad_norm:                 5.5468	loss:                      0.2371	q_taken_mean:              0.9983
return_mean:               8.7485	return_std:                2.5771	target_mean:               0.9889	td_error_abs:              0.3199
test_battle_won_mean:      0.0938	test_dead_allies_mean:     4.7938	test_dead_enemies_mean:    3.9125	test_ep_length_mean:      24.0500
test_return_mean:         10.0024	test_return_std:           3.3683	
[INFO 19:48:16] my_main Updated target network
[INFO 19:49:44] my_main Updated target network
[INFO 19:50:56] my_main t_env: 480582 / 2050000
[INFO 19:50:56] my_main Estimated time left: 8 hours, 25 minutes, 54 seconds. Time passed: 3 hours, 11 minutes, 29 seconds
[INFO 19:51:04] my_main Recent Stats | t_env:     480582 | Episode:    22764
amco_mixing_output_rms:    2.1669	amco_q_term_rms:           0.2292	amco_relu_zero_frac:       0.5213	amco_state_term_rms:       0.1187
amco_state_to_q_ratio:     0.5173	amco_state_value_rms:      4.3123	amco_v_to_m_ratio:         1.9980	battle_won_mean:           0.0356
credit_entropy:            0.9983	credit_grad_agent_0:       2.1453	credit_grad_agent_1:       2.0277	credit_grad_agent_2:       2.2990
credit_grad_agent_3:       2.1738	credit_grad_agent_4:       2.1877	credit_grad_cv:            0.6975	credit_grad_max:           5.8018
credit_grad_mean:          2.1667	credit_grad_median:        1.9992	credit_grad_min:           0.3585	credit_grad_near_zero_frac:  0.0000
credit_grad_negative_frac:  0.0000	credit_grad_p10:           0.4396	credit_grad_p90:           4.1774	credit_grad_std:           1.5085
credit_max_share:          0.2184	dead_allies_mean:          4.9193	dead_enemies_mean:         3.4093	ep_length_mean:           22.7975
epsilon:                   0.0500	grad_norm:                 5.2784	loss:                      0.2666	q_taken_mean:              1.0215
return_mean:               8.7456	return_std:                2.5607	target_mean:               1.0158	td_error_abs:              0.3342
test_battle_won_mean:      0.1062	test_dead_allies_mean:     4.7812	test_dead_enemies_mean:    3.9625	test_ep_length_mean:      24.1812
test_return_mean:         10.1481	test_return_std:           3.4885	
[INFO 19:51:19] my_main Updated target network
RequestQuit command received.
Closing Application...
DataHandler: unable to parse websocket frame.
CloseHandler: 127.0.0.1:36360 disconnected
[INFO 19:51:55] absl Shutdown gracefully.
[INFO 19:51:55] absl Shutdown with return code: -15
[INFO 19:51:55] absl Launching SC2: /data/workspace/wxr/pymarl-monotone-qmix/3rdparty/StarCraftII/Versions/Base75689/SC2_x64 -listen 127.0.0.1 -port 34183 -dataDir /data/workspace/wxr/pymarl-monotone-qmix/3rdparty/StarCraftII/ -tempDir /tmp/sc-8__nbfpt/
[INFO 19:51:55] absl Connecting to: ws://127.0.0.1:34183/sc2api, attempt: 0, running: True
Version: B75689 (SC2.4.10)
Build: Aug 12 2019 17:16:57
Command Line: '"/data/workspace/wxr/pymarl-monotone-qmix/3rdparty/StarCraftII/Versions/Base75689/SC2_x64" -listen 127.0.0.1 -port 34183 -dataDir /data/workspace/wxr/pymarl-monotone-qmix/3rdparty/StarCraftII/ -tempDir /tmp/sc-8__nbfpt/'
Starting up...
Startup Phase 1 complete
[INFO 19:51:56] absl Connecting to: ws://127.0.0.1:34183/sc2api, attempt: 1, running: True
Startup Phase 2 complete
Creating stub renderer...
Listening on: 127.0.0.1:34183
Startup Phase 3 complete. Ready for commands.
[INFO 19:51:57] absl Connecting to: ws://127.0.0.1:34183/sc2api, attempt: 2, running: True
ConnectHandler: Request from 127.0.0.1:57620 accepted
ReadyHandler: 127.0.0.1:57620 ready
Requesting to join a single player game
Configuring interface options
Configure: raw interface enabled
Configure: feature layer interface disabled
Configure: score interface disabled
Configure: render interface disabled
Launching next game.
Next launch phase started: 2
Next launch phase started: 3
Next launch phase started: 4
Next launch phase started: 5
Next launch phase started: 6
Next launch phase started: 7
Next launch phase started: 8
Game has started.
Using default stable ids, none found at: /data/workspace/wxr/pymarl-monotone-qmix/3rdparty/StarCraftII/stableid.json
Successfully loaded stable ids: GameData\stableid.json
Sending ResponseJoinGame
[INFO 19:52:58] my_main Updated target network
[INFO 19:54:21] my_main t_env: 490592 / 2050000
[INFO 19:54:21] my_main Estimated time left: 8 hours, 53 minutes, 5 seconds. Time passed: 3 hours, 14 minutes, 54 seconds
[INFO 19:54:27] my_main Recent Stats | t_env:     490592 | Episode:    23192
amco_mixing_output_rms:    2.2305	amco_q_term_rms:           0.2306	amco_relu_zero_frac:       0.5236	amco_state_term_rms:       0.1217
amco_state_to_q_ratio:     0.5279	amco_state_value_rms:      4.4153	amco_v_to_m_ratio:         1.9943	battle_won_mean:           0.0330
credit_entropy:            0.9982	credit_grad_agent_0:       2.1843	credit_grad_agent_1:       2.0607	credit_grad_agent_2:       2.3808
credit_grad_agent_3:       2.2513	credit_grad_agent_4:       2.2198	credit_grad_cv:            0.6987	credit_grad_max:           6.0657
credit_grad_mean:          2.2194	credit_grad_median:        2.0367	credit_grad_min:           0.3640	credit_grad_near_zero_frac:  0.0000
credit_grad_negative_frac:  0.0000	credit_grad_p10:           0.4400	credit_grad_p90:           4.2947	credit_grad_std:           1.5457
credit_max_share:          0.2192	dead_allies_mean:          4.9164	dead_enemies_mean:         3.3651	ep_length_mean:           22.8970
epsilon:                   0.0500	grad_norm:                 4.7098	loss:                      0.2836	q_taken_mean:              1.0457
return_mean:               8.6665	return_std:                2.5240	target_mean:               1.0445	td_error_abs:              0.3434
test_battle_won_mean:      0.1500	test_dead_allies_mean:     4.6750	test_dead_enemies_mean:    4.0375	test_ep_length_mean:      24.3562
test_return_mean:         10.6297	test_return_std:           3.9969	
[INFO 19:54:30] my_main Updated target network
[INFO 19:55:59] my_main Updated target network
[INFO 19:57:27] my_main Updated target network
[INFO 19:57:36] my_main t_env: 500600 / 2050000
[INFO 19:57:36] my_main Estimated time left: 8 hours, 21 minutes, 31 seconds. Time passed: 3 hours, 18 minutes, 9 seconds
[INFO 19:57:42] my_main Recent Stats | t_env:     500600 | Episode:    23621
amco_mixing_output_rms:    2.3766	amco_q_term_rms:           0.2381	amco_relu_zero_frac:       0.5217	amco_state_term_rms:       0.1227
amco_state_to_q_ratio:     0.5183	amco_state_value_rms:      4.5433	amco_v_to_m_ratio:         1.9290	battle_won_mean:           0.0397
credit_entropy:            0.9982	credit_grad_agent_0:       2.3017	credit_grad_agent_1:       2.1359	credit_grad_agent_2:       2.5135
credit_grad_agent_3:       2.3684	credit_grad_agent_4:       2.3283	credit_grad_cv:            0.7052	credit_grad_max:           6.3572
credit_grad_mean:          2.3295	credit_grad_median:        2.1702	credit_grad_min:           0.3705	credit_grad_near_zero_frac:  0.0000
credit_grad_negative_frac:  0.0000	credit_grad_p10:           0.4436	credit_grad_p90:           4.4862	credit_grad_std:           1.6390
credit_max_share:          0.2196	dead_allies_mean:          4.9020	dead_enemies_mean:         3.3529	ep_length_mean:           23.0141
epsilon:                   0.0500	grad_norm:                 5.0539	loss:                      0.3271	q_taken_mean:              1.0863
return_mean:               8.7192	return_std:                2.6897	target_mean:               1.0862	td_error_abs:              0.3664
test_battle_won_mean:      0.1625	test_dead_allies_mean:     4.6437	test_dead_enemies_mean:    4.0563	test_ep_length_mean:      25.0750
test_return_mean:         10.7573	test_return_std:           4.1739	
[INFO 19:59:00] my_main Updated target network
[INFO 20:00:31] my_main Updated target network
[INFO 20:00:52] my_main t_env: 510604 / 2050000
[INFO 20:00:52] my_main Estimated time left: 8 hours, 22 minutes, 27 seconds. Time passed: 3 hours, 21 minutes, 25 seconds
[INFO 20:00:57] my_main Recent Stats | t_env:     510604 | Episode:    24054
amco_mixing_output_rms:    2.7064	amco_q_term_rms:           0.2422	amco_relu_zero_frac:       0.5098	amco_state_term_rms:       0.1250
amco_state_to_q_ratio:     0.5191	amco_state_value_rms:      4.6989	amco_v_to_m_ratio:         1.7884	battle_won_mean:           0.0463
credit_entropy:            0.9981	credit_grad_agent_0:       2.4824	credit_grad_agent_1:       2.2756	credit_grad_agent_2:       2.7095
credit_grad_agent_3:       2.5069	credit_grad_agent_4:       2.4780	credit_grad_cv:            0.7004	credit_grad_max:           6.6618
credit_grad_mean:          2.4905	credit_grad_median:        2.5344	credit_grad_min:           0.3825	credit_grad_near_zero_frac:  0.0000
credit_grad_negative_frac:  0.0000	credit_grad_p10:           0.4473	credit_grad_p90:           4.7188	credit_grad_std:           1.7369
credit_max_share:          0.2203	dead_allies_mean:          4.8805	dead_enemies_mean:         3.3935	ep_length_mean:           23.1405
epsilon:                   0.0500	grad_norm:                 6.4432	loss:                      0.4088	q_taken_mean:              1.1635
return_mean:               8.8311	return_std:                2.8362	target_mean:               1.1555	td_error_abs:              0.4080
test_battle_won_mean:      0.1625	test_dead_allies_mean:     4.6437	test_dead_enemies_mean:    4.0938	test_ep_length_mean:      24.9187
test_return_mean:         10.8139	test_return_std:           4.1910	
[INFO 20:02:03] my_main Updated target network
[INFO 20:03:33] my_main Updated target network
[INFO 20:04:04] my_main t_env: 520616 / 2050000
[INFO 20:04:04] my_main Estimated time left: 8 hours, 8 minutes, 35 seconds. Time passed: 3 hours, 24 minutes, 37 seconds
[INFO 20:04:10] my_main Recent Stats | t_env:     520616 | Episode:    24476
amco_mixing_output_rms:    2.8752	amco_q_term_rms:           0.2483	amco_relu_zero_frac:       0.5093	amco_state_term_rms:       0.1233
amco_state_to_q_ratio:     0.5009	amco_state_value_rms:      4.8183	amco_v_to_m_ratio:         1.7066	battle_won_mean:           0.0541
credit_entropy:            0.9981	credit_grad_agent_0:       2.6237	credit_grad_agent_1:       2.3708	credit_grad_agent_2:       2.8403
credit_grad_agent_3:       2.5963	credit_grad_agent_4:       2.5706	credit_grad_cv:            0.6988	credit_grad_max:           6.8156
credit_grad_mean:          2.6003	credit_grad_median:        2.6498	credit_grad_min:           0.3956	credit_grad_near_zero_frac:  0.0000
credit_grad_negative_frac:  0.0000	credit_grad_p10:           0.4625	credit_grad_p90:           4.9222	credit_grad_std:           1.8149
credit_max_share:          0.2206	dead_allies_mean:          4.8595	dead_enemies_mean:         3.3971	ep_length_mean:           23.3378
epsilon:                   0.0500	grad_norm:                 6.6634	loss:                      0.4535	q_taken_mean:              1.2035
return_mean:               8.8991	return_std:                3.0113	target_mean:               1.2070	td_error_abs:              0.4346
test_battle_won_mean:      0.1500	test_dead_allies_mean:     4.6312	test_dead_enemies_mean:    4.0750	test_ep_length_mean:      24.7875
test_return_mean:         10.7118	test_return_std:           4.0254	
[INFO 20:05:04] my_main Updated target network
[INFO 20:06:32] my_main Updated target network
[INFO 20:07:20] my_main t_env: 530636 / 2050000
[INFO 20:07:20] my_main Estimated time left: 8 hours, 17 minutes, 41 seconds. Time passed: 3 hours, 27 minutes, 53 seconds
[INFO 20:07:26] my_main Recent Stats | t_env:     530636 | Episode:    24916
amco_mixing_output_rms:    3.0214	amco_q_term_rms:           0.2539	amco_relu_zero_frac:       0.5104	amco_state_term_rms:       0.1242
amco_state_to_q_ratio:     0.4917	amco_state_value_rms:      4.8941	amco_v_to_m_ratio:         1.6389	battle_won_mean:           0.0549
credit_entropy:            0.9982	credit_grad_agent_0:       2.7527	credit_grad_agent_1:       2.4795	credit_grad_agent_2:       2.9581
credit_grad_agent_3:       2.6587	credit_grad_agent_4:       2.6741	credit_grad_cv:            0.7039	credit_grad_max:           6.9948
credit_grad_mean:          2.7046	credit_grad_median:        2.7695	credit_grad_min:           0.4038	credit_grad_near_zero_frac:  0.0000
credit_grad_negative_frac:  0.0000	credit_grad_p10:           0.4742	credit_grad_p90:           5.1485	credit_grad_std:           1.9016
credit_max_share:          0.2203	dead_allies_mean:          4.8566	dead_enemies_mean:         3.3780	ep_length_mean:           23.2637
epsilon:                   0.0500	grad_norm:                 9.5278	loss:                      0.5277	q_taken_mean:              1.2330
return_mean:               8.8828	return_std:                3.0360	target_mean:               1.2258	td_error_abs:              0.4741
test_battle_won_mean:      0.1562	test_dead_allies_mean:     4.6125	test_dead_enemies_mean:    4.0375	test_ep_length_mean:      24.7563
test_return_mean:         10.7533	test_return_std:           4.1173	
[INFO 20:08:01] my_main Updated target network
[INFO 20:09:25] my_main Updated target network
[INFO 20:10:29] my_main t_env: 540653 / 2050000
[INFO 20:10:29] my_main Estimated time left: 7 hours, 54 minutes, 37 seconds. Time passed: 3 hours, 31 minutes, 2 seconds
[INFO 20:10:37] my_main Recent Stats | t_env:     540653 | Episode:    25353
amco_mixing_output_rms:    3.0809	amco_q_term_rms:           0.2635	amco_relu_zero_frac:       0.5249	amco_state_term_rms:       0.1322
amco_state_to_q_ratio:     0.5018	amco_state_value_rms:      4.9335	amco_v_to_m_ratio:         1.6169	battle_won_mean:           0.0552
credit_entropy:            0.9982	credit_grad_agent_0:       2.7444	credit_grad_agent_1:       2.4559	credit_grad_agent_2:       2.9160
credit_grad_agent_3:       2.5802	credit_grad_agent_4:       2.6455	credit_grad_cv:            0.7275	credit_grad_max:           7.0279
credit_grad_mean:          2.6684	credit_grad_median:        2.6109	credit_grad_min:           0.4061	credit_grad_near_zero_frac:  0.0000
credit_grad_negative_frac:  0.0000	credit_grad_p10:           0.4722	credit_grad_p90:           5.2152	credit_grad_std:           1.9350
credit_max_share:          0.2194	dead_allies_mean:          4.8631	dead_enemies_mean:         3.3909	ep_length_mean:           23.1705
epsilon:                   0.0500	grad_norm:                 9.5400	loss:                      0.5513	q_taken_mean:              1.2345
return_mean:               8.9177	return_std:                3.0403	target_mean:               1.2271	td_error_abs:              0.4812
test_battle_won_mean:      0.1688	test_dead_allies_mean:     4.5750	test_dead_enemies_mean:    4.0438	test_ep_length_mean:      24.7000
test_return_mean:         10.8776	test_return_std:           4.2029	
[INFO 20:10:58] my_main Updated target network
RequestQuit command received.
Closing Application...
DataHandler: unable to parse websocket frame.
CloseHandler: 127.0.0.1:57620 disconnected
ResponseThread: No connection, dropping the response.
[INFO 20:11:31] absl Shutdown gracefully.
[INFO 20:11:31] absl Shutdown with return code: -15
[INFO 20:11:31] absl Launching SC2: /data/workspace/wxr/pymarl-monotone-qmix/3rdparty/StarCraftII/Versions/Base75689/SC2_x64 -listen 127.0.0.1 -port 36331 -dataDir /data/workspace/wxr/pymarl-monotone-qmix/3rdparty/StarCraftII/ -tempDir /tmp/sc-3z1e4qza/
[INFO 20:11:32] absl Connecting to: ws://127.0.0.1:36331/sc2api, attempt: 0, running: True
Version: B75689 (SC2.4.10)
Build: Aug 12 2019 17:16:57
Command Line: '"/data/workspace/wxr/pymarl-monotone-qmix/3rdparty/StarCraftII/Versions/Base75689/SC2_x64" -listen 127.0.0.1 -port 36331 -dataDir /data/workspace/wxr/pymarl-monotone-qmix/3rdparty/StarCraftII/ -tempDir /tmp/sc-3z1e4qza/'
Starting up...
Startup Phase 1 complete
[INFO 20:11:33] absl Connecting to: ws://127.0.0.1:36331/sc2api, attempt: 1, running: True
Startup Phase 2 complete
Creating stub renderer...
Listening on: 127.0.0.1:36331
Startup Phase 3 complete. Ready for commands.
[INFO 20:11:34] absl Connecting to: ws://127.0.0.1:36331/sc2api, attempt: 2, running: True
ConnectHandler: Request from 127.0.0.1:38602 accepted
ReadyHandler: 127.0.0.1:38602 ready
Requesting to join a single player game
Configuring interface options
Configure: raw interface enabled
Configure: feature layer interface disabled
Configure: score interface disabled
Configure: render interface disabled
Launching next game.
Next launch phase started: 2
Next launch phase started: 3
Next launch phase started: 4
Next launch phase started: 5
Next launch phase started: 6
Next launch phase started: 7
Next launch phase started: 8
Game has started.
Using default stable ids, none found at: /data/workspace/wxr/pymarl-monotone-qmix/3rdparty/StarCraftII/stableid.json
Successfully loaded stable ids: GameData\stableid.json
Sending ResponseJoinGame
[INFO 20:12:33] my_main Updated target network
[INFO 20:13:50] my_main t_env: 550657 / 2050000
[INFO 20:13:50] my_main Estimated time left: 8 hours, 21 minutes, 21 seconds. Time passed: 3 hours, 34 minutes, 23 seconds
[INFO 20:13:58] my_main Recent Stats | t_env:     550657 | Episode:    25790
amco_mixing_output_rms:    3.0052	amco_q_term_rms:           0.2664	amco_relu_zero_frac:       0.5416	amco_state_term_rms:       0.1397
amco_state_to_q_ratio:     0.5241	amco_state_value_rms:      4.9228	amco_v_to_m_ratio:         1.6693	battle_won_mean:           0.0536
credit_entropy:            0.9982	credit_grad_agent_0:       2.6639	credit_grad_agent_1:       2.3754	credit_grad_agent_2:       2.8038
credit_grad_agent_3:       2.4493	credit_grad_agent_4:       2.5531	credit_grad_cv:            0.7525	credit_grad_max:           6.9534
credit_grad_mean:          2.5691	credit_grad_median:        2.3762	credit_grad_min:           0.3982	credit_grad_near_zero_frac:  0.0000
credit_grad_negative_frac:  0.0000	credit_grad_p10:           0.4664	credit_grad_p90:           5.1798	credit_grad_std:           1.9127
credit_max_share:          0.2189	dead_allies_mean:          4.8600	dead_enemies_mean:         3.3831	ep_length_mean:           23.0833
epsilon:                   0.0500	grad_norm:                 9.0758	loss:                      0.4998	q_taken_mean:              1.2105
return_mean:               8.9140	return_std:                3.0169	target_mean:               1.1898	td_error_abs:              0.4584
test_battle_won_mean:      0.1750	test_dead_allies_mean:     4.5563	test_dead_enemies_mean:    4.1000	test_ep_length_mean:      24.3062
test_return_mean:         11.0528	test_return_std:           4.2288	
[INFO 20:14:02] my_main Updated target network
[INFO 20:15:27] my_main Updated target network
[INFO 20:16:54] my_main Updated target network
[INFO 20:16:57] my_main t_env: 560659 / 2050000
[INFO 20:16:57] my_main Estimated time left: 7 hours, 43 minutes, 2 seconds. Time passed: 3 hours, 37 minutes, 30 seconds
[INFO 20:17:04] my_main Recent Stats | t_env:     560659 | Episode:    26208
amco_mixing_output_rms:    2.6831	amco_q_term_rms:           0.2649	amco_relu_zero_frac:       0.5639	amco_state_term_rms:       0.1478
amco_state_to_q_ratio:     0.5601	amco_state_value_rms:      4.8630	amco_v_to_m_ratio:         1.8479	battle_won_mean:           0.0531
credit_entropy:            0.9982	credit_grad_agent_0:       2.4843	credit_grad_agent_1:       2.2167	credit_grad_agent_2:       2.5726
credit_grad_agent_3:       2.2451	credit_grad_agent_4:       2.3586	credit_grad_cv:            0.7715	credit_grad_max:           6.7869
credit_grad_mean:          2.3755	credit_grad_median:        1.9285	credit_grad_min:           0.3922	credit_grad_near_zero_frac:  0.0000
credit_grad_negative_frac:  0.0000	credit_grad_p10:           0.4638	credit_grad_p90:           4.9627	credit_grad_std:           1.8209
credit_max_share:          0.2181	dead_allies_mean:          4.8607	dead_enemies_mean:         3.3251	ep_length_mean:           23.2481
epsilon:                   0.0500	grad_norm:                 7.5217	loss:                      0.4248	q_taken_mean:              1.1425
return_mean:               8.8395	return_std:                3.0392	target_mean:               1.1276	td_error_abs:              0.4207
test_battle_won_mean:      0.1938	test_dead_allies_mean:     4.5438	test_dead_enemies_mean:    4.0625	test_ep_length_mean:      24.2312
test_return_mean:         11.1575	test_return_std:           4.4839	
[INFO 20:18:21] my_main Updated target network
[INFO 20:19:47] my_main Updated target network
[INFO 20:20:01] my_main t_env: 570667 / 2050000
[INFO 20:20:01] my_main Estimated time left: 7 hours, 34 minutes, 2 seconds. Time passed: 3 hours, 40 minutes, 34 seconds
[INFO 20:20:09] my_main Recent Stats | t_env:     570667 | Episode:    26635
amco_mixing_output_rms:    2.5020	amco_q_term_rms:           0.2643	amco_relu_zero_frac:       0.5754	amco_state_term_rms:       0.1589
amco_state_to_q_ratio:     0.6025	amco_state_value_rms:      4.8311	amco_v_to_m_ratio:         1.9864	battle_won_mean:           0.0501
credit_entropy:            0.9983	credit_grad_agent_0:       2.3387	credit_grad_agent_1:       2.0848	credit_grad_agent_2:       2.3894
credit_grad_agent_3:       2.0982	credit_grad_agent_4:       2.2224	credit_grad_cv:            0.7824	credit_grad_max:           6.6817
credit_grad_mean:          2.2267	credit_grad_median:        1.7388	credit_grad_min:           0.3732	credit_grad_near_zero_frac:  0.0000
credit_grad_negative_frac:  0.0000	credit_grad_p10:           0.4515	credit_grad_p90:           4.7702	credit_grad_std:           1.7311
credit_max_share:          0.2174	dead_allies_mean:          4.8653	dead_enemies_mean:         3.3393	ep_length_mean:           23.1907
epsilon:                   0.0500	grad_norm:                 6.8500	loss:                      0.3903	q_taken_mean:              1.1088
return_mean:               8.8459	return_std:                2.9760	target_mean:               1.0838	td_error_abs:              0.4031
test_battle_won_mean:      0.2313	test_dead_allies_mean:     4.4688	test_dead_enemies_mean:    4.0875	test_ep_length_mean:      24.2875
test_return_mean:         11.5038	test_return_std:           4.8378	
[INFO 20:21:21] my_main Updated target network
[INFO 20:22:44] my_main Updated target network
[INFO 20:23:07] my_main t_env: 580683 / 2050000
[INFO 20:23:07] my_main Estimated time left: 7 hours, 33 minutes, 35 seconds. Time passed: 3 hours, 43 minutes, 40 seconds
[INFO 20:23:14] my_main Recent Stats | t_env:     580683 | Episode:    27056
amco_mixing_output_rms:    2.3656	amco_q_term_rms:           0.2633	amco_relu_zero_frac:       0.5808	amco_state_term_rms:       0.1675
amco_state_to_q_ratio:     0.6387	amco_state_value_rms:      4.8214	amco_v_to_m_ratio:         2.0738	battle_won_mean:           0.0552
credit_entropy:            0.9981	credit_grad_agent_0:       2.2232	credit_grad_agent_1:       1.9398	credit_grad_agent_2:       2.2282
credit_grad_agent_3:       1.9615	credit_grad_agent_4:       2.0679	credit_grad_cv:            0.7884	credit_grad_max:           6.6213
credit_grad_mean:          2.0841	credit_grad_median:        1.4960	credit_grad_min:           0.3648	credit_grad_near_zero_frac:  0.0000
credit_grad_negative_frac:  0.0000	credit_grad_p10:           0.4418	credit_grad_p90:           4.5445	credit_grad_std:           1.6410
credit_max_share:          0.2178	dead_allies_mean:          4.8540	dead_enemies_mean:         3.3561	ep_length_mean:           23.3944
epsilon:                   0.0500	grad_norm:                 4.0478	loss:                      0.3218	q_taken_mean:              1.0846
return_mean:               8.9151	return_std:                3.0916	target_mean:               1.0688	td_error_abs:              0.3701
test_battle_won_mean:      0.2250	test_dead_allies_mean:     4.4813	test_dead_enemies_mean:    4.1500	test_ep_length_mean:      24.8500
test_return_mean:         11.5439	test_return_std:           4.7163	
[INFO 20:24:16] my_main Updated target network
[INFO 20:25:45] my_main Updated target network
[INFO 20:26:09] my_main t_env: 590702 / 2050000
[INFO 20:26:09] my_main Estimated time left: 7 hours, 23 minutes, 45 seconds. Time passed: 3 hours, 46 minutes, 42 seconds
[INFO 20:26:16] my_main Recent Stats | t_env:     590702 | Episode:    27462
amco_mixing_output_rms:    2.3206	amco_q_term_rms:           0.2578	amco_relu_zero_frac:       0.5697	amco_state_term_rms:       0.1723
amco_state_to_q_ratio:     0.6721	amco_state_value_rms:      4.8374	amco_v_to_m_ratio:         2.1066	battle_won_mean:           0.0638
credit_entropy:            0.9980	credit_grad_agent_0:       2.2534	credit_grad_agent_1:       1.9459	credit_grad_agent_2:       2.2429
credit_grad_agent_3:       1.9780	credit_grad_agent_4:       2.0635	credit_grad_cv:            0.7722	credit_grad_max:           6.5014
credit_grad_mean:          2.0967	credit_grad_median:        1.5670	credit_grad_min:           0.3610	credit_grad_near_zero_frac:  0.0000
credit_grad_negative_frac:  0.0000	credit_grad_p10:           0.4443	credit_grad_p90:           4.4860	credit_grad_std:           1.6104
credit_max_share:          0.2187	dead_allies_mean:          4.8341	dead_enemies_mean:         3.3714	ep_length_mean:           23.7454
epsilon:                   0.0500	grad_norm:                 4.3234	loss:                      0.3417	q_taken_mean:              1.0903
return_mean:               8.9889	return_std:                3.2559	target_mean:               1.0724	td_error_abs:              0.3764
test_battle_won_mean:      0.1812	test_dead_allies_mean:     4.5938	test_dead_enemies_mean:    4.0938	test_ep_length_mean:      25.2750
test_return_mean:         11.1111	test_return_std:           4.3907	
[INFO 20:27:12] my_main Updated target network
[INFO 20:28:38] my_main Updated target network
[INFO 20:29:05] my_main t_env: 600721 / 2050000
[INFO 20:29:05] my_main Estimated time left: 7 hours, 4 minutes, 14 seconds. Time passed: 3 hours, 49 minutes, 38 seconds
[INFO 20:29:12] my_main Recent Stats | t_env:     600721 | Episode:    27870
amco_mixing_output_rms:    2.5756	amco_q_term_rms:           0.2525	amco_relu_zero_frac:       0.5442	amco_state_term_rms:       0.1801
amco_state_to_q_ratio:     0.7138	amco_state_value_rms:      4.8900	amco_v_to_m_ratio:         1.9784	battle_won_mean:           0.0655
credit_entropy:            0.9978	credit_grad_agent_0:       2.3755	credit_grad_agent_1:       2.0390	credit_grad_agent_2:       2.3888
credit_grad_agent_3:       2.1065	credit_grad_agent_4:       2.1577	credit_grad_cv:            0.7432	credit_grad_max:           6.6128
credit_grad_mean:          2.2135	credit_grad_median:        1.8764	credit_grad_min:           0.3645	credit_grad_near_zero_frac:  0.0000
credit_grad_negative_frac:  0.0000	credit_grad_p10:           0.4484	credit_grad_p90:           4.5754	credit_grad_std:           1.6354
credit_max_share:          0.2201	dead_allies_mean:          4.8344	dead_enemies_mean:         3.3998	ep_length_mean:           24.0782
epsilon:                   0.0500	grad_norm:                 5.0098	loss:                      0.3891	q_taken_mean:              1.1461
return_mean:               9.0214	return_std:                3.2928	target_mean:               1.1262	td_error_abs:              0.3992
test_battle_won_mean:      0.1625	test_dead_allies_mean:     4.6375	test_dead_enemies_mean:    4.0438	test_ep_length_mean:      25.8562
test_return_mean:         10.8913	test_return_std:           4.1750	
RequestQuit command received.
Closing Application...
DataHandler: unable to parse websocket frame.
CloseHandler: 127.0.0.1:38602 disconnected
[INFO 20:29:56] absl Shutdown gracefully.
[INFO 20:29:56] absl Shutdown with return code: -15
[INFO 20:29:56] absl Launching SC2: /data/workspace/wxr/pymarl-monotone-qmix/3rdparty/StarCraftII/Versions/Base75689/SC2_x64 -listen 127.0.0.1 -port 41123 -dataDir /data/workspace/wxr/pymarl-monotone-qmix/3rdparty/StarCraftII/ -tempDir /tmp/sc-xwy5xgev/
Version: B75689 (SC2.4.10)
Build: Aug 12 2019 17:16:57
Command Line: '"/data/workspace/wxr/pymarl-monotone-qmix/3rdparty/StarCraftII/Versions/Base75689/SC2_x64" -listen 127.0.0.1 -port 41123 -dataDir /data/workspace/wxr/pymarl-monotone-qmix/3rdparty/StarCraftII/ -tempDir /tmp/sc-xwy5xgev/'
[INFO 20:29:56] absl Connecting to: ws://127.0.0.1:41123/sc2api, attempt: 0, running: True
Starting up...
Startup Phase 1 complete
[INFO 20:29:57] absl Connecting to: ws://127.0.0.1:41123/sc2api, attempt: 1, running: True
Startup Phase 2 complete
Creating stub renderer...
Listening on: 127.0.0.1:41123
Startup Phase 3 complete. Ready for commands.
[INFO 20:29:58] absl Connecting to: ws://127.0.0.1:41123/sc2api, attempt: 2, running: True
ConnectHandler: Request from 127.0.0.1:46810 accepted
ReadyHandler: 127.0.0.1:46810 ready
Requesting to join a single player game
Configuring interface options
Configure: raw interface enabled
Configure: feature layer interface disabled
Configure: score interface disabled
Configure: render interface disabled
Launching next game.
Next launch phase started: 2
Next launch phase started: 3
Next launch phase started: 4
Next launch phase started: 5
Next launch phase started: 6
Next launch phase started: 7
Next launch phase started: 8
Game has started.
Using default stable ids, none found at: /data/workspace/wxr/pymarl-monotone-qmix/3rdparty/StarCraftII/stableid.json
Successfully loaded stable ids: GameData\stableid.json
Sending ResponseJoinGame
[INFO 20:30:13] my_main Updated target network
[INFO 20:31:37] my_main Updated target network
[INFO 20:32:11] my_main t_env: 610749 / 2050000
[INFO 20:32:11] my_main Estimated time left: 7 hours, 25 minutes, 10 seconds. Time passed: 3 hours, 52 minutes, 44 seconds
[INFO 20:32:20] my_main Recent Stats | t_env:     610749 | Episode:    28288
amco_mixing_output_rms:    2.8752	amco_q_term_rms:           0.2528	amco_relu_zero_frac:       0.5228	amco_state_term_rms:       0.1841
amco_state_to_q_ratio:     0.7295	amco_state_value_rms:      4.9548	amco_v_to_m_ratio:         1.8096	battle_won_mean:           0.0670
credit_entropy:            0.9977	credit_grad_agent_0:       2.5363	credit_grad_agent_1:       2.1797	credit_grad_agent_2:       2.5929
credit_grad_agent_3:       2.2815	credit_grad_agent_4:       2.3210	credit_grad_cv:            0.7268	credit_grad_max:           6.7857
credit_grad_mean:          2.3823	credit_grad_median:        2.1789	credit_grad_min:           0.3659	credit_grad_near_zero_frac:  0.0000
credit_grad_negative_frac:  0.0000	credit_grad_p10:           0.4516	credit_grad_p90:           4.8040	credit_grad_std:           1.7178
credit_max_share:          0.2211	dead_allies_mean:          4.8334	dead_enemies_mean:         3.4132	ep_length_mean:           24.0906
epsilon:                   0.0500	grad_norm:                 6.8384	loss:                      0.4598	q_taken_mean:              1.2058
return_mean:               9.0454	return_std:                3.3337	target_mean:               1.1782	td_error_abs:              0.4304
test_battle_won_mean:      0.1938	test_dead_allies_mean:     4.5062	test_dead_enemies_mean:    4.2062	test_ep_length_mean:      26.0813
test_return_mean:         11.3653	test_return_std:           4.3293	
[INFO 20:33:04] my_main Updated target network
[INFO 20:34:26] my_main Updated target network
[INFO 20:35:08] my_main t_env: 620766 / 2050000
[INFO 20:35:08] my_main Estimated time left: 7 hours, 40 seconds. Time passed: 3 hours, 55 minutes, 41 seconds
[INFO 20:35:16] my_main Recent Stats | t_env:     620766 | Episode:    28704
amco_mixing_output_rms:    3.0792	amco_q_term_rms:           0.2505	amco_relu_zero_frac:       0.5057	amco_state_term_rms:       0.1830
amco_state_to_q_ratio:     0.7310	amco_state_value_rms:      5.0252	amco_v_to_m_ratio:         1.6709	battle_won_mean:           0.0716
credit_entropy:            0.9976	credit_grad_agent_0:       2.6799	credit_grad_agent_1:       2.2865	credit_grad_agent_2:       2.7598
credit_grad_agent_3:       2.4193	credit_grad_agent_4:       2.4435	credit_grad_cv:            0.7112	credit_grad_max:           6.8510
credit_grad_mean:          2.5178	credit_grad_median:        2.4174	credit_grad_min:           0.3737	credit_grad_near_zero_frac:  0.0000
credit_grad_negative_frac:  0.0000	credit_grad_p10:           0.4619	credit_grad_p90:           4.9563	credit_grad_std:           1.7858
credit_max_share:          0.2224	dead_allies_mean:          4.8259	dead_enemies_mean:         3.4292	ep_length_mean:           24.2189
epsilon:                   0.0500	grad_norm:                 6.8916	loss:                      0.5183	q_taken_mean:              1.2511
return_mean:               9.1032	return_std:                3.4264	target_mean:               1.2279	td_error_abs:              0.4541
test_battle_won_mean:      0.1938	test_dead_allies_mean:     4.5250	test_dead_enemies_mean:    4.2438	test_ep_length_mean:      26.2875
test_return_mean:         11.3625	test_return_std:           4.3370	
[INFO 20:35:53] my_main Updated target network
[INFO 20:37:18] my_main Updated target network
[INFO 20:38:05] my_main t_env: 630770 / 2050000
[INFO 20:38:05] my_main Estimated time left: 6 hours, 57 minutes, 8 seconds. Time passed: 3 hours, 58 minutes, 38 seconds
[INFO 20:38:12] my_main Recent Stats | t_env:     630770 | Episode:    29124
amco_mixing_output_rms:    3.2508	amco_q_term_rms:           0.2547	amco_relu_zero_frac:       0.5020	amco_state_term_rms:       0.1851
amco_state_to_q_ratio:     0.7281	amco_state_value_rms:      5.0703	amco_v_to_m_ratio:         1.5770	battle_won_mean:           0.0731
credit_entropy:            0.9976	credit_grad_agent_0:       2.7330	credit_grad_agent_1:       2.3570	credit_grad_agent_2:       2.8613
credit_grad_agent_3:       2.5166	credit_grad_agent_4:       2.5230	credit_grad_cv:            0.7109	credit_grad_max:           6.8837
credit_grad_mean:          2.5982	credit_grad_median:        2.5586	credit_grad_min:           0.3730	credit_grad_near_zero_frac:  0.0000
credit_grad_negative_frac:  0.0000	credit_grad_p10:           0.4645	credit_grad_p90:           5.0872	credit_grad_std:           1.8452
credit_max_share:          0.2226	dead_allies_mean:          4.8206	dead_enemies_mean:         3.4456	ep_length_mean:           24.2245
epsilon:                   0.0500	grad_norm:                 8.4780	loss:                      0.5693	q_taken_mean:              1.2791
return_mean:               9.1360	return_std:                3.4517	target_mean:               1.2671	td_error_abs:              0.4802
test_battle_won_mean:      0.2062	test_dead_allies_mean:     4.4875	test_dead_enemies_mean:    4.2500	test_ep_length_mean:      26.2125
test_return_mean:         11.4953	test_return_std:           4.4268	
[INFO 20:38:43] my_main Updated target network
[INFO 20:40:08] my_main Updated target network
[INFO 20:40:57] my_main t_env: 640780 / 2050000
[INFO 20:40:57] my_main Estimated time left: 6 hours, 44 minutes, 15 seconds. Time passed: 4 hours, 1 minutes, 30 seconds
[INFO 20:41:03] my_main Recent Stats | t_env:     640780 | Episode:    29526
amco_mixing_output_rms:    3.4233	amco_q_term_rms:           0.2624	amco_relu_zero_frac:       0.5091	amco_state_term_rms:       0.1903
amco_state_to_q_ratio:     0.7253	amco_state_value_rms:      5.1230	amco_v_to_m_ratio:         1.5049	battle_won_mean:           0.0658
credit_entropy:            0.9976	credit_grad_agent_0:       2.7119	credit_grad_agent_1:       2.3549	credit_grad_agent_2:       2.8802
credit_grad_agent_3:       2.5491	credit_grad_agent_4:       2.5392	credit_grad_cv:            0.7329	credit_grad_max:           7.0983
credit_grad_mean:          2.6071	credit_grad_median:        2.5164	credit_grad_min:           0.3672	credit_grad_near_zero_frac:  0.0000
credit_grad_negative_frac:  0.0000	credit_grad_p10:           0.4592	credit_grad_p90:           5.1825	credit_grad_std:           1.9069
credit_max_share:          0.2226	dead_allies_mean:          4.8326	dead_enemies_mean:         3.4361	ep_length_mean:           24.2691
epsilon:                   0.0500	grad_norm:                 9.3758	loss:                      0.5723	q_taken_mean:              1.2990
return_mean:               9.0759	return_std:                3.3362	target_mean:               1.2997	td_error_abs:              0.4872
test_battle_won_mean:      0.2625	test_dead_allies_mean:     4.3125	test_dead_enemies_mean:    4.4062	test_ep_length_mean:      25.9750
test_return_mean:         12.1507	test_return_std:           4.7154	
[INFO 20:41:31] my_main Updated target network
[INFO 20:42:51] my_main Updated target network
[INFO 20:43:53] my_main t_env: 650791 / 2050000
[INFO 20:43:53] my_main Estimated time left: 6 hours, 50 minutes, 18 seconds. Time passed: 4 hours, 4 minutes, 26 seconds
[INFO 20:44:01] my_main Recent Stats | t_env:     650791 | Episode:    29943
amco_mixing_output_rms:    3.3430	amco_q_term_rms:           0.2692	amco_relu_zero_frac:       0.5282	amco_state_term_rms:       0.1987
amco_state_to_q_ratio:     0.7363	amco_state_value_rms:      5.1211	amco_v_to_m_ratio:         1.5389	battle_won_mean:           0.0698
credit_entropy:            0.9977	credit_grad_agent_0:       2.6500	credit_grad_agent_1:       2.3452	credit_grad_agent_2:       2.8446
credit_grad_agent_3:       2.5515	credit_grad_agent_4:       2.5256	credit_grad_cv:            0.7647	credit_grad_max:           7.2496
credit_grad_mean:          2.5834	credit_grad_median:        2.2509	credit_grad_min:           0.3613	credit_grad_near_zero_frac:  0.0000
credit_grad_negative_frac:  0.0000	credit_grad_p10:           0.4568	credit_grad_p90:           5.2724	credit_grad_std:           1.9690
credit_max_share:          0.2219	dead_allies_mean:          4.8227	dead_enemies_mean:         3.4527	ep_length_mean:           24.1593
epsilon:                   0.0500	grad_norm:                 9.0284	loss:                      0.5732	q_taken_mean:              1.2659
return_mean:               9.1215	return_std:                3.3986	target_mean:               1.2690	td_error_abs:              0.4841
test_battle_won_mean:      0.2562	test_dead_allies_mean:     4.3187	test_dead_enemies_mean:    4.3563	test_ep_length_mean:      26.3313
test_return_mean:         11.9545	test_return_std:           4.6387	
[INFO 20:44:26] my_main Updated target network
[INFO 20:45:54] my_main Updated target network
[INFO 20:46:38] my_main t_env: 660844 / 2050000
[INFO 20:46:38] my_main Estimated time left: 6 hours, 18 minutes, 28 seconds. Time passed: 4 hours, 7 minutes, 11 seconds
[INFO 20:46:44] my_main Recent Stats | t_env:     660844 | Episode:    30299
amco_mixing_output_rms:    3.3794	amco_q_term_rms:           0.2723	amco_relu_zero_frac:       0.5338	amco_state_term_rms:       0.2034
amco_state_to_q_ratio:     0.7457	amco_state_value_rms:      5.1466	amco_v_to_m_ratio:         1.5322	battle_won_mean:           0.0748
credit_entropy:            0.9977	credit_grad_agent_0:       2.6316	credit_grad_agent_1:       2.3809	credit_grad_agent_2:       2.8696
credit_grad_agent_3:       2.6297	credit_grad_agent_4:       2.5602	credit_grad_cv:            0.7740	credit_grad_max:           7.3857
credit_grad_mean:          2.6144	credit_grad_median:        2.2875	credit_grad_min:           0.3514	credit_grad_near_zero_frac:  0.0000
credit_grad_negative_frac:  0.0000	credit_grad_p10:           0.4527	credit_grad_p90:           5.3584	credit_grad_std:           2.0183
credit_max_share:          0.2217	dead_allies_mean:          4.7991	dead_enemies_mean:         3.5091	ep_length_mean:           25.0090
epsilon:                   0.0500	grad_norm:                 9.9788	loss:                      0.6281	q_taken_mean:              1.2705
return_mean:               9.2268	return_std:                3.4596	target_mean:               1.2939	td_error_abs:              0.5087
test_battle_won_mean:      0.2375	test_dead_allies_mean:     4.4062	test_dead_enemies_mean:    4.3625	test_ep_length_mean:      26.4750
test_return_mean:         11.8104	test_return_std:           4.4858	
RequestQuit command received.
DataHandler: unable to parse websocket frame.
Closing Application...
CloseHandler: 127.0.0.1:46810 disconnected
ResponseThread: No connection, dropping the response.
[INFO 20:47:24] absl Shutdown gracefully.
[INFO 20:47:24] absl Shutdown with return code: -15
[INFO 20:47:24] absl Launching SC2: /data/workspace/wxr/pymarl-monotone-qmix/3rdparty/StarCraftII/Versions/Base75689/SC2_x64 -listen 127.0.0.1 -port 40261 -dataDir /data/workspace/wxr/pymarl-monotone-qmix/3rdparty/StarCraftII/ -tempDir /tmp/sc-cw3f1i5l/
Version: B75689 (SC2.4.10)
Build: Aug 12 2019 17:16:57
Command Line: '"/data/workspace/wxr/pymarl-monotone-qmix/3rdparty/StarCraftII/Versions/Base75689/SC2_x64" -listen 127.0.0.1 -port 40261 -dataDir /data/workspace/wxr/pymarl-monotone-qmix/3rdparty/StarCraftII/ -tempDir /tmp/sc-cw3f1i5l/'
[INFO 20:47:24] absl Connecting to: ws://127.0.0.1:40261/sc2api, attempt: 0, running: True
Starting up...
Startup Phase 1 complete
[INFO 20:47:25] absl Connecting to: ws://127.0.0.1:40261/sc2api, attempt: 1, running: True
Startup Phase 2 complete
Creating stub renderer...
Listening on: 127.0.0.1:40261
Startup Phase 3 complete. Ready for commands.
[INFO 20:47:26] absl Connecting to: ws://127.0.0.1:40261/sc2api, attempt: 2, running: True
ConnectHandler: Request from 127.0.0.1:55648 accepted
ReadyHandler: 127.0.0.1:55648 ready
Requesting to join a single player game
Configuring interface options
Configure: raw interface enabled
Configure: feature layer interface disabled
Configure: score interface disabled
Configure: render interface disabled
Launching next game.
Next launch phase started: 2
Next launch phase started: 3
Next launch phase started: 4
Next launch phase started: 5
Next launch phase started: 6
Next launch phase started: 7
Next launch phase started: 8
Game has started.
Using default stable ids, none found at: /data/workspace/wxr/pymarl-monotone-qmix/3rdparty/StarCraftII/stableid.json
Successfully loaded stable ids: GameData\stableid.json
Sending ResponseJoinGame
[INFO 20:47:34] my_main Updated target network
[INFO 20:49:00] my_main Updated target network
[INFO 20:49:33] my_main t_env: 670879 / 2050000
[INFO 20:49:33] my_main Estimated time left: 6 hours, 42 minutes, 3 seconds. Time passed: 4 hours, 10 minutes, 6 seconds
[INFO 20:49:40] my_main Recent Stats | t_env:     670879 | Episode:    30687
amco_mixing_output_rms:    3.6073	amco_q_term_rms:           0.2721	amco_relu_zero_frac:       0.5300	amco_state_term_rms:       0.2068
amco_state_to_q_ratio:     0.7595	amco_state_value_rms:      5.1982	amco_v_to_m_ratio:         1.4512	battle_won_mean:           0.0738
credit_entropy:            0.9977	credit_grad_agent_0:       2.6852	credit_grad_agent_1:       2.4817	credit_grad_agent_2:       3.0029
credit_grad_agent_3:       2.7776	credit_grad_agent_4:       2.6700	credit_grad_cv:            0.7733	credit_grad_max:           7.8100
credit_grad_mean:          2.7235	credit_grad_median:        2.4747	credit_grad_min:           0.3463	credit_grad_near_zero_frac:  0.0000
credit_grad_negative_frac:  0.0000	credit_grad_p10:           0.4517	credit_grad_p90:           5.5439	credit_grad_std:           2.0945
credit_max_share:          0.2220	dead_allies_mean:          4.7906	dead_enemies_mean:         3.5151	ep_length_mean:           25.3658
epsilon:                   0.0500	grad_norm:                12.7870	loss:                      0.6792	q_taken_mean:              1.3114
return_mean:               9.2160	return_std:                3.4417	target_mean:               1.3443	td_error_abs:              0.5263
test_battle_won_mean:      0.2375	test_dead_allies_mean:     4.3875	test_dead_enemies_mean:    4.3937	test_ep_length_mean:      27.3750
test_return_mean:         11.8767	test_return_std:           4.4316	
[INFO 20:50:27] my_main Updated target network
[INFO 20:51:54] my_main Updated target network
[INFO 20:52:23] my_main t_env: 680893 / 2050000
[INFO 20:52:23] my_main Estimated time left: 6 hours, 27 minutes, 50 seconds. Time passed: 4 hours, 12 minutes, 56 seconds
[INFO 20:52:30] my_main Recent Stats | t_env:     680893 | Episode:    31077
amco_mixing_output_rms:    3.6781	amco_q_term_rms:           0.2712	amco_relu_zero_frac:       0.5289	amco_state_term_rms:       0.2122
amco_state_to_q_ratio:     0.7819	amco_state_value_rms:      5.2021	amco_v_to_m_ratio:         1.4214	battle_won_mean:           0.0719
credit_entropy:            0.9977	credit_grad_agent_0:       2.7246	credit_grad_agent_1:       2.5335	credit_grad_agent_2:       3.0420
credit_grad_agent_3:       2.8329	credit_grad_agent_4:       2.7160	credit_grad_cv:            0.7790	credit_grad_max:           8.1318
credit_grad_mean:          2.7698	credit_grad_median:        2.4486	credit_grad_min:           0.3480	credit_grad_near_zero_frac:  0.0000
credit_grad_negative_frac:  0.0000	credit_grad_p10:           0.4553	credit_grad_p90:           5.6732	credit_grad_std:           2.1446
credit_max_share:          0.2220	dead_allies_mean:          4.7904	dead_enemies_mean:         3.5238	ep_length_mean:           25.7374
epsilon:                   0.0500	grad_norm:                13.7818	loss:                      0.7213	q_taken_mean:              1.3184
return_mean:               9.2110	return_std:                3.3911	target_mean:               1.3482	td_error_abs:              0.5435
test_battle_won_mean:      0.2250	test_dead_allies_mean:     4.4188	test_dead_enemies_mean:    4.3312	test_ep_length_mean:      27.0063
test_return_mean:         11.6752	test_return_std:           4.3829	
[INFO 20:53:18] my_main Updated target network
[INFO 20:54:40] my_main Updated target network
[INFO 20:55:09] my_main t_env: 690905 / 2050000
[INFO 20:55:09] my_main Estimated time left: 6 hours, 14 minutes, 35 seconds. Time passed: 4 hours, 15 minutes, 42 seconds
[INFO 20:55:16] my_main Recent Stats | t_env:     690905 | Episode:    31475
amco_mixing_output_rms:    3.6624	amco_q_term_rms:           0.2653	amco_relu_zero_frac:       0.5261	amco_state_term_rms:       0.2110
amco_state_to_q_ratio:     0.7948	amco_state_value_rms:      5.1706	amco_v_to_m_ratio:         1.4189	battle_won_mean:           0.0836
credit_entropy:            0.9978	credit_grad_agent_0:       2.7675	credit_grad_agent_1:       2.5989	credit_grad_agent_2:       3.1081
credit_grad_agent_3:       2.9062	credit_grad_agent_4:       2.8085	credit_grad_cv:            0.7668	credit_grad_max:           8.3007
credit_grad_mean:          2.8378	credit_grad_median:        2.5757	credit_grad_min:           0.3471	credit_grad_near_zero_frac:  0.0000
credit_grad_negative_frac:  0.0000	credit_grad_p10:           0.4575	credit_grad_p90:           5.7510	credit_grad_std:           2.1640
credit_max_share:          0.2218	dead_allies_mean:          4.7509	dead_enemies_mean:         3.5709	ep_length_mean:           25.7884
epsilon:                   0.0500	grad_norm:                14.1874	loss:                      0.7607	q_taken_mean:              1.3135
return_mean:               9.3624	return_std:                3.5611	target_mean:               1.3444	td_error_abs:              0.5580
test_battle_won_mean:      0.2125	test_dead_allies_mean:     4.5000	test_dead_enemies_mean:    4.2938	test_ep_length_mean:      26.9187
test_return_mean:         11.5130	test_return_std:           4.3785	
[INFO 20:56:09] my_main Updated target network
[INFO 20:57:30] my_main Updated target network
[INFO 20:57:55] my_main t_env: 700913 / 2050000
[INFO 20:57:55] my_main Estimated time left: 6 hours, 14 minutes, 1 seconds. Time passed: 4 hours, 18 minutes, 28 seconds
[INFO 20:58:03] my_main Recent Stats | t_env:     700913 | Episode:    31870
amco_mixing_output_rms:    3.7912	amco_q_term_rms:           0.2598	amco_relu_zero_frac:       0.5154	amco_state_term_rms:       0.2064
amco_state_to_q_ratio:     0.7945	amco_state_value_rms:      5.1775	amco_v_to_m_ratio:         1.3687	battle_won_mean:           0.0860
credit_entropy:            0.9977	credit_grad_agent_0:       2.8263	credit_grad_agent_1:       2.6384	credit_grad_agent_2:       3.1816
credit_grad_agent_3:       2.9757	credit_grad_agent_4:       2.8962	credit_grad_cv:            0.7545	credit_grad_max:           8.4135
credit_grad_mean:          2.9036	credit_grad_median:        2.7183	credit_grad_min:           0.3420	credit_grad_near_zero_frac:  0.0000
credit_grad_negative_frac:  0.0000	credit_grad_p10:           0.4559	credit_grad_p90:           5.8131	credit_grad_std:           2.1867
credit_max_share:          0.2220	dead_allies_mean:          4.7415	dead_enemies_mean:         3.5640	ep_length_mean:           26.0543
epsilon:                   0.0500	grad_norm:                15.5431	loss:                      0.8206	q_taken_mean:              1.3463
return_mean:               9.3785	return_std:                3.5950	target_mean:               1.3721	td_error_abs:              0.5817
test_battle_won_mean:      0.2125	test_dead_allies_mean:     4.5125	test_dead_enemies_mean:    4.2812	test_ep_length_mean:      25.6938
test_return_mean:         11.5422	test_return_std:           4.3883	
[INFO 20:58:55] my_main Updated target network
[INFO 21:00:25] my_main Updated target network
[INFO 21:00:36] my_main t_env: 710917 / 2050000
[INFO 21:00:36] my_main Estimated time left: 5 hours, 58 minutes, 8 seconds. Time passed: 4 hours, 21 minutes, 9 seconds
[INFO 21:00:43] my_main Recent Stats | t_env:     710917 | Episode:    32226
amco_mixing_output_rms:    3.7697	amco_q_term_rms:           0.2610	amco_relu_zero_frac:       0.5244	amco_state_term_rms:       0.2104
amco_state_to_q_ratio:     0.8058	amco_state_value_rms:      5.1803	amco_v_to_m_ratio:         1.3775	battle_won_mean:           0.0793
credit_entropy:            0.9976	credit_grad_agent_0:       2.7531	credit_grad_agent_1:       2.5566	credit_grad_agent_2:       3.1019
credit_grad_agent_3:       2.8930	credit_grad_agent_4:       2.8417	credit_grad_cv:            0.7726	credit_grad_max:           8.4299
credit_grad_mean:          2.8293	credit_grad_median:        2.4793	credit_grad_min:           0.3284	credit_grad_near_zero_frac:  0.0000
credit_grad_negative_frac:  0.0000	credit_grad_p10:           0.4502	credit_grad_p90:           5.7745	credit_grad_std:           2.1804
credit_max_share:          0.2219	dead_allies_mean:          4.7550	dead_enemies_mean:         3.5247	ep_length_mean:           26.0268
epsilon:                   0.0500	grad_norm:                14.7113	loss:                      0.7943	q_taken_mean:              1.3347
return_mean:               9.2633	return_std:                3.4780	target_mean:               1.3574	td_error_abs:              0.5725
test_battle_won_mean:      0.2250	test_dead_allies_mean:     4.4625	test_dead_enemies_mean:    4.2562	test_ep_length_mean:      26.0625
test_return_mean:         11.5903	test_return_std:           4.5236	
[INFO 21:01:54] my_main Updated target network
[INFO 21:03:17] my_main Updated target network
[INFO 21:03:23] my_main t_env: 720933 / 2050000
[INFO 21:03:23] my_main Estimated time left: 6 hours, 8 minutes, 51 seconds. Time passed: 4 hours, 23 minutes, 56 seconds
[INFO 21:03:30] my_main Recent Stats | t_env:     720933 | Episode:    32615
amco_mixing_output_rms:    3.5520	amco_q_term_rms:           0.2670	amco_relu_zero_frac:       0.5459	amco_state_term_rms:       0.2164
amco_state_to_q_ratio:     0.8114	amco_state_value_rms:      5.0967	amco_v_to_m_ratio:         1.4425	battle_won_mean:           0.0798
credit_entropy:            0.9977	credit_grad_agent_0:       2.6188	credit_grad_agent_1:       2.4305	credit_grad_agent_2:       2.9132
credit_grad_agent_3:       2.7218	credit_grad_agent_4:       2.7266	credit_grad_cv:            0.8135	credit_grad_max:           8.5902
credit_grad_mean:          2.6822	credit_grad_median:        2.0441	credit_grad_min:           0.2952	credit_grad_near_zero_frac:  0.0000
credit_grad_negative_frac:  0.0000	credit_grad_p10:           0.4390	credit_grad_p90:           5.7335	credit_grad_std:           2.1721
credit_max_share:          0.2210	dead_allies_mean:          4.7582	dead_enemies_mean:         3.5059	ep_length_mean:           26.0037
epsilon:                   0.0500	grad_norm:                14.9772	loss:                      0.7755	q_taken_mean:              1.2668
return_mean:               9.2581	return_std:                3.4805	target_mean:               1.2805	td_error_abs:              0.5627
test_battle_won_mean:      0.2062	test_dead_allies_mean:     4.5187	test_dead_enemies_mean:    4.1875	test_ep_length_mean:      24.9312
test_return_mean:         11.3302	test_return_std:           4.4346	
RequestQuit command received.
Closing Application...
DataHandler: unable to parse websocket frame.
CloseHandler: 127.0.0.1:55648 disconnected
[INFO 21:04:09] absl Shutdown gracefully.
[INFO 21:04:09] absl Shutdown with return code: -15
[INFO 21:04:09] absl Launching SC2: /data/workspace/wxr/pymarl-monotone-qmix/3rdparty/StarCraftII/Versions/Base75689/SC2_x64 -listen 127.0.0.1 -port 35233 -dataDir /data/workspace/wxr/pymarl-monotone-qmix/3rdparty/StarCraftII/ -tempDir /tmp/sc-f9cmdj9_/
Version: B75689 (SC2.4.10)
Build: Aug 12 2019 17:16:57
Command Line: '"/data/workspace/wxr/pymarl-monotone-qmix/3rdparty/StarCraftII/Versions/Base75689/SC2_x64" -listen 127.0.0.1 -port 35233 -dataDir /data/workspace/wxr/pymarl-monotone-qmix/3rdparty/StarCraftII/ -tempDir /tmp/sc-f9cmdj9_/'
[INFO 21:04:09] absl Connecting to: ws://127.0.0.1:35233/sc2api, attempt: 0, running: True
Starting up...
Startup Phase 1 complete
[INFO 21:04:10] absl Connecting to: ws://127.0.0.1:35233/sc2api, attempt: 1, running: True
Startup Phase 2 complete
Creating stub renderer...
Listening on: 127.0.0.1:35233
Startup Phase 3 complete. Ready for commands.
[INFO 21:04:11] absl Connecting to: ws://127.0.0.1:35233/sc2api, attempt: 2, running: True
ConnectHandler: Request from 127.0.0.1:38362 accepted
ReadyHandler: 127.0.0.1:38362 ready
Requesting to join a single player game
Configuring interface options
Configure: raw interface enabled
Configure: feature layer interface disabled
Configure: score interface disabled
Configure: render interface disabled
Launching next game.
Next launch phase started: 2
Next launch phase started: 3
Next launch phase started: 4
Next launch phase started: 5
Next launch phase started: 6
Next launch phase started: 7
Next launch phase started: 8
Game has started.
Using default stable ids, none found at: /data/workspace/wxr/pymarl-monotone-qmix/3rdparty/StarCraftII/stableid.json
Successfully loaded stable ids: GameData\stableid.json
Sending ResponseJoinGame
[INFO 21:04:52] my_main Updated target network
[INFO 21:06:15] my_main Updated target network
[INFO 21:06:23] my_main t_env: 730953 / 2050000
[INFO 21:06:23] my_main Estimated time left: 6 hours, 35 minutes, 38 seconds. Time passed: 4 hours, 26 minutes, 56 seconds
[INFO 21:06:30] my_main Recent Stats | t_env:     730953 | Episode:    33020
amco_mixing_output_rms:    3.4890	amco_q_term_rms:           0.2735	amco_relu_zero_frac:       0.5601	amco_state_term_rms:       0.2284
amco_state_to_q_ratio:     0.8338	amco_state_value_rms:      5.0229	amco_v_to_m_ratio:         1.4473	battle_won_mean:           0.0872
credit_entropy:            0.9977	credit_grad_agent_0:       2.5082	credit_grad_agent_1:       2.3632	credit_grad_agent_2:       2.8360
credit_grad_agent_3:       2.6365	credit_grad_agent_4:       2.6822	credit_grad_cv:            0.8494	credit_grad_max:           8.5852
credit_grad_mean:          2.6052	credit_grad_median:        1.8139	credit_grad_min:           0.2632	credit_grad_near_zero_frac:  0.0000
credit_grad_negative_frac:  0.0000	credit_grad_p10:           0.4169	credit_grad_p90:           5.7613	credit_grad_std:           2.1963
credit_max_share:          0.2206	dead_allies_mean:          4.7374	dead_enemies_mean:         3.4925	ep_length_mean:           25.8165
epsilon:                   0.0500	grad_norm:                13.1820	loss:                      0.7186	q_taken_mean:              1.2256
return_mean:               9.2926	return_std:                3.6145	target_mean:               1.2351	td_error_abs:              0.5321
test_battle_won_mean:      0.1812	test_dead_allies_mean:     4.5875	test_dead_enemies_mean:    4.1813	test_ep_length_mean:      24.8625
test_return_mean:         11.1059	test_return_std:           4.1122	
[INFO 21:07:43] my_main Updated target network
[INFO 21:09:05] my_main Updated target network
[INFO 21:09:15] my_main t_env: 740964 / 2050000
[INFO 21:09:15] my_main Estimated time left: 6 hours, 14 minutes, 24 seconds. Time passed: 4 hours, 29 minutes, 48 seconds
[INFO 21:09:23] my_main Recent Stats | t_env:     740964 | Episode:    33426
amco_mixing_output_rms:    3.3954	amco_q_term_rms:           0.2827	amco_relu_zero_frac:       0.5769	amco_state_term_rms:       0.2463
amco_state_to_q_ratio:     0.8687	amco_state_value_rms:      4.9972	amco_v_to_m_ratio:         1.4829	battle_won_mean:           0.0823
credit_entropy:            0.9977	credit_grad_agent_0:       2.3827	credit_grad_agent_1:       2.2742	credit_grad_agent_2:       2.6950
credit_grad_agent_3:       2.5047	credit_grad_agent_4:       2.5787	credit_grad_cv:            0.8914	credit_grad_max:           8.8115
credit_grad_mean:          2.4871	credit_grad_median:        1.4466	credit_grad_min:           0.2565	credit_grad_near_zero_frac:  0.0000
credit_grad_negative_frac:  0.0000	credit_grad_p10:           0.3969	credit_grad_p90:           5.7440	credit_grad_std:           2.2045
credit_max_share:          0.2202	dead_allies_mean:          4.7619	dead_enemies_mean:         3.4806	ep_length_mean:           25.7169
epsilon:                   0.0500	grad_norm:                12.1311	loss:                      0.6660	q_taken_mean:              1.1856
return_mean:               9.2495	return_std:                3.5362	target_mean:               1.1888	td_error_abs:              0.5089
test_battle_won_mean:      0.1625	test_dead_allies_mean:     4.6250	test_dead_enemies_mean:    4.1937	test_ep_length_mean:      25.1000
test_return_mean:         11.0342	test_return_std:           3.9494	
[INFO 21:10:34] my_main Updated target network
[INFO 21:11:57] my_main Updated target network
[INFO 21:12:07] my_main t_env: 750985 / 2050000
[INFO 21:12:07] my_main Estimated time left: 6 hours, 11 minutes, 16 seconds. Time passed: 4 hours, 32 minutes, 40 seconds
[INFO 21:12:14] my_main Recent Stats | t_env:     750985 | Episode:    33825
amco_mixing_output_rms:    3.3100	amco_q_term_rms:           0.2831	amco_relu_zero_frac:       0.5844	amco_state_term_rms:       0.2527
amco_state_to_q_ratio:     0.8920	amco_state_value_rms:      4.9903	amco_v_to_m_ratio:         1.5134	battle_won_mean:           0.0781
credit_entropy:            0.9977	credit_grad_agent_0:       2.2967	credit_grad_agent_1:       2.2279	credit_grad_agent_2:       2.6013
credit_grad_agent_3:       2.4190	credit_grad_agent_4:       2.5312	credit_grad_cv:            0.9067	credit_grad_max:           8.9167
credit_grad_mean:          2.4152	credit_grad_median:        1.3347	credit_grad_min:           0.2510	credit_grad_near_zero_frac:  0.0000
credit_grad_negative_frac:  0.0000	credit_grad_p10:           0.3863	credit_grad_p90:           5.7055	credit_grad_std:           2.1837
credit_max_share:          0.2195	dead_allies_mean:          4.7719	dead_enemies_mean:         3.4775	ep_length_mean:           25.6726
epsilon:                   0.0500	grad_norm:                11.2561	loss:                      0.6430	q_taken_mean:              1.1606
return_mean:               9.2204	return_std:                3.4722	target_mean:               1.1679	td_error_abs:              0.4979
test_battle_won_mean:      0.1812	test_dead_allies_mean:     4.5812	test_dead_enemies_mean:    4.2625	test_ep_length_mean:      25.4625
test_return_mean:         11.3142	test_return_std:           4.1618	
[INFO 21:13:27] my_main Updated target network
[INFO 21:14:47] my_main Updated target network
[INFO 21:14:53] my_main t_env: 760996 / 2050000
[INFO 21:14:53] my_main Estimated time left: 5 hours, 57 minutes, 24 seconds. Time passed: 4 hours, 35 minutes, 26 seconds
[INFO 21:15:01] my_main Recent Stats | t_env:     760996 | Episode:    34218
amco_mixing_output_rms:    3.1792	amco_q_term_rms:           0.2858	amco_relu_zero_frac:       0.5979	amco_state_term_rms:       0.2678
amco_state_to_q_ratio:     0.9376	amco_state_value_rms:      4.9718	amco_v_to_m_ratio:         1.5684	battle_won_mean:           0.0791
credit_entropy:            0.9977	credit_grad_agent_0:       2.1893	credit_grad_agent_1:       2.1364	credit_grad_agent_2:       2.4704
credit_grad_agent_3:       2.2955	credit_grad_agent_4:       2.4408	credit_grad_cv:            0.9349	credit_grad_max:           9.0638
credit_grad_mean:          2.3065	credit_grad_median:        1.1440	credit_grad_min:           0.2556	credit_grad_near_zero_frac:  0.0000
credit_grad_negative_frac:  0.0000	credit_grad_p10:           0.3689	credit_grad_p90:           5.6403	credit_grad_std:           2.1538
credit_max_share:          0.2189	dead_allies_mean:          4.7775	dead_enemies_mean:         3.4871	ep_length_mean:           25.1470
epsilon:                   0.0500	grad_norm:                10.2946	loss:                      0.5757	q_taken_mean:              1.1230
return_mean:               9.2693	return_std:                3.4838	target_mean:               1.1150	td_error_abs:              0.4643
test_battle_won_mean:      0.1812	test_dead_allies_mean:     4.5750	test_dead_enemies_mean:    4.2625	test_ep_length_mean:      24.9375
test_return_mean:         11.3679	test_return_std:           4.1141	
[INFO 21:16:14] my_main Updated target network
[INFO 21:17:36] my_main Updated target network
[INFO 21:17:39] my_main t_env: 770997 / 2050000
[INFO 21:17:39] my_main Estimated time left: 5 hours, 53 minutes, 0 seconds. Time passed: 4 hours, 38 minutes, 12 seconds
[INFO 21:17:46] my_main Recent Stats | t_env:     770997 | Episode:    34608
amco_mixing_output_rms:    3.2322	amco_q_term_rms:           0.2816	amco_relu_zero_frac:       0.5863	amco_state_term_rms:       0.2709
amco_state_to_q_ratio:     0.9613	amco_state_value_rms:      5.0101	amco_v_to_m_ratio:         1.5540	battle_won_mean:           0.0863
credit_entropy:            0.9975	credit_grad_agent_0:       2.1734	credit_grad_agent_1:       2.1319	credit_grad_agent_2:       2.4970
credit_grad_agent_3:       2.3034	credit_grad_agent_4:       2.4650	credit_grad_cv:            0.9184	credit_grad_max:           8.6217
credit_grad_mean:          2.3141	credit_grad_median:        1.2167	credit_grad_min:           0.2720	credit_grad_near_zero_frac:  0.0000
credit_grad_negative_frac:  0.0000	credit_grad_p10:           0.3673	credit_grad_p90:           5.5874	credit_grad_std:           2.1210
credit_max_share:          0.2193	dead_allies_mean:          4.7576	dead_enemies_mean:         3.5207	ep_length_mean:           25.1261
epsilon:                   0.0500	grad_norm:                 7.6488	loss:                      0.5434	q_taken_mean:              1.1489
return_mean:               9.3569	return_std:                3.5891	target_mean:               1.1453	td_error_abs:              0.4557
test_battle_won_mean:      0.1938	test_dead_allies_mean:     4.5125	test_dead_enemies_mean:    4.2750	test_ep_length_mean:      25.7000
test_return_mean:         11.5335	test_return_std:           4.1870	
[INFO 21:19:04] my_main Updated target network
[INFO 21:20:20] my_main Updated target network
[INFO 21:20:28] my_main t_env: 781065 / 2050000
[INFO 21:20:28] my_main Estimated time left: 5 hours, 55 minutes, 42 seconds. Time passed: 4 hours, 41 minutes, 1 seconds
[INFO 21:20:35] my_main Recent Stats | t_env:     781065 | Episode:    35019
amco_mixing_output_rms:    3.1595	amco_q_term_rms:           0.2785	amco_relu_zero_frac:       0.5876	amco_state_term_rms:       0.2643
amco_state_to_q_ratio:     0.9480	amco_state_value_rms:      5.0810	amco_v_to_m_ratio:         1.6142	battle_won_mean:           0.0816
credit_entropy:            0.9974	credit_grad_agent_0:       2.1218	credit_grad_agent_1:       2.0755	credit_grad_agent_2:       2.4362
credit_grad_agent_3:       2.2271	credit_grad_agent_4:       2.4041	credit_grad_cv:            0.9122	credit_grad_max:           8.6541
credit_grad_mean:          2.2530	credit_grad_median:        1.2127	credit_grad_min:           0.2857	credit_grad_near_zero_frac:  0.0000
credit_grad_negative_frac:  0.0000	credit_grad_p10:           0.3668	credit_grad_p90:           5.4341	credit_grad_std:           2.0499
credit_max_share:          0.2199	dead_allies_mean:          4.7754	dead_enemies_mean:         3.5437	ep_length_mean:           25.0772
epsilon:                   0.0500	grad_norm:                 7.4126	loss:                      0.5368	q_taken_mean:              1.1559
return_mean:               9.3514	return_std:                3.5020	target_mean:               1.1532	td_error_abs:              0.4497
test_battle_won_mean:      0.2375	test_dead_allies_mean:     4.3625	test_dead_enemies_mean:    4.3688	test_ep_length_mean:      26.0875
test_return_mean:         12.0257	test_return_std:           4.5892	
RequestQuit command received.
Closing Application...
DataHandler: unable to parse websocket frame.
CloseHandler: 127.0.0.1:38362 disconnected
[INFO 21:21:07] absl Shutdown gracefully.
[INFO 21:21:07] absl Shutdown with return code: -15
[INFO 21:21:07] absl Launching SC2: /data/workspace/wxr/pymarl-monotone-qmix/3rdparty/StarCraftII/Versions/Base75689/SC2_x64 -listen 127.0.0.1 -port 38903 -dataDir /data/workspace/wxr/pymarl-monotone-qmix/3rdparty/StarCraftII/ -tempDir /tmp/sc-v3d19c15/
Version: B75689 (SC2.4.10)
Build: Aug 12 2019 17:16:57
Command Line: '"/data/workspace/wxr/pymarl-monotone-qmix/3rdparty/StarCraftII/Versions/Base75689/SC2_x64" -listen 127.0.0.1 -port 38903 -dataDir /data/workspace/wxr/pymarl-monotone-qmix/3rdparty/StarCraftII/ -tempDir /tmp/sc-v3d19c15/'
[INFO 21:21:07] absl Connecting to: ws://127.0.0.1:38903/sc2api, attempt: 0, running: True
Starting up...
Startup Phase 1 complete
[INFO 21:21:08] absl Connecting to: ws://127.0.0.1:38903/sc2api, attempt: 1, running: True
Startup Phase 2 complete
Creating stub renderer...
[INFO 21:21:09] absl Connecting to: ws://127.0.0.1:38903/sc2api, attempt: 2, running: True
Listening on: 127.0.0.1:38903
Startup Phase 3 complete. Ready for commands.
[INFO 21:21:10] absl Connecting to: ws://127.0.0.1:38903/sc2api, attempt: 3, running: True
ConnectHandler: Request from 127.0.0.1:59718 accepted
ReadyHandler: 127.0.0.1:59718 ready
Requesting to join a single player game
Configuring interface options
Configure: raw interface enabled
Configure: feature layer interface disabled
Configure: score interface disabled
Configure: render interface disabled
Launching next game.
Next launch phase started: 2
Next launch phase started: 3
Next launch phase started: 4
Next launch phase started: 5
Next launch phase started: 6
Next launch phase started: 7
Next launch phase started: 8
Game has started.
Using default stable ids, none found at: /data/workspace/wxr/pymarl-monotone-qmix/3rdparty/StarCraftII/stableid.json
Successfully loaded stable ids: GameData\stableid.json
Sending ResponseJoinGame
[INFO 21:22:01] my_main Updated target network
[INFO 21:23:22] my_main Updated target network
[INFO 21:23:24] my_main t_env: 791079 / 2050000
[INFO 21:23:24] my_main Estimated time left: 6 hours, 8 minutes, 37 seconds. Time passed: 4 hours, 43 minutes, 57 seconds
[INFO 21:23:31] my_main Recent Stats | t_env:     791079 | Episode:    35407
amco_mixing_output_rms:    3.1576	amco_q_term_rms:           0.2778	amco_relu_zero_frac:       0.5861	amco_state_term_rms:       0.2573
amco_state_to_q_ratio:     0.9265	amco_state_value_rms:      5.0911	amco_v_to_m_ratio:         1.6185	battle_won_mean:           0.0747
credit_entropy:            0.9973	credit_grad_agent_0:       2.1108	credit_grad_agent_1:       2.0536	credit_grad_agent_2:       2.4276
credit_grad_agent_3:       2.1932	credit_grad_agent_4:       2.3949	credit_grad_cv:            0.9064	credit_grad_max:           8.4594
credit_grad_mean:          2.2360	credit_grad_median:        1.2384	credit_grad_min:           0.2794	credit_grad_near_zero_frac:  0.0000
credit_grad_negative_frac:  0.0000	credit_grad_p10:           0.3696	credit_grad_p90:           5.3666	credit_grad_std:           2.0212
credit_max_share:          0.2202	dead_allies_mean:          4.7822	dead_enemies_mean:         3.5095	ep_length_mean:           25.3076
epsilon:                   0.0500	grad_norm:                 7.8281	loss:                      0.5317	q_taken_mean:              1.1602
return_mean:               9.2358	return_std:                3.3924	target_mean:               1.1488	td_error_abs:              0.4439
test_battle_won_mean:      0.2250	test_dead_allies_mean:     4.3812	test_dead_enemies_mean:    4.2062	test_ep_length_mean:      25.6000
test_return_mean:         11.6436	test_return_std:           4.6189	
[INFO 21:24:54] my_main Updated target network
[INFO 21:26:07] my_main t_env: 801086 / 2050000
[INFO 21:26:07] my_main Estimated time left: 5 hours, 39 minutes, 12 seconds. Time passed: 4 hours, 46 minutes, 40 seconds
[INFO 21:26:15] my_main Recent Stats | t_env:     801086 | Episode:    35763
amco_mixing_output_rms:    3.2908	amco_q_term_rms:           0.2724	amco_relu_zero_frac:       0.5660	amco_state_term_rms:       0.2542
amco_state_to_q_ratio:     0.9344	amco_state_value_rms:      5.1801	amco_v_to_m_ratio:         1.5928	battle_won_mean:           0.0753
credit_entropy:            0.9971	credit_grad_agent_0:       2.1462	credit_grad_agent_1:       2.0871	credit_grad_agent_2:       2.4929
credit_grad_agent_3:       2.2292	credit_grad_agent_4:       2.4624	credit_grad_cv:            0.8708	credit_grad_max:           8.1961
credit_grad_mean:          2.2836	credit_grad_median:        1.4765	credit_grad_min:           0.2626	credit_grad_near_zero_frac:  0.0000
credit_grad_negative_frac:  0.0000	credit_grad_p10:           0.3813	credit_grad_p90:           5.2868	credit_grad_std:           1.9676
credit_max_share:          0.2213	dead_allies_mean:          4.7667	dead_enemies_mean:         3.4972	ep_length_mean:           25.9064
epsilon:                   0.0500	grad_norm:                 7.5903	loss:                      0.5428	q_taken_mean:              1.2194
return_mean:               9.2207	return_std:                3.4146	target_mean:               1.2085	td_error_abs:              0.4527
test_battle_won_mean:      0.2562	test_dead_allies_mean:     4.2938	test_dead_enemies_mean:    4.3438	test_ep_length_mean:      26.7063
test_return_mean:         12.0785	test_return_std:           4.7643	
[INFO 21:26:31] my_main Updated target network
[INFO 21:27:54] my_main Updated target network
[INFO 21:28:53] my_main t_env: 811105 / 2050000
[INFO 21:28:53] my_main Estimated time left: 5 hours, 41 minutes, 40 seconds. Time passed: 4 hours, 49 minutes, 26 seconds
[INFO 21:29:01] my_main Recent Stats | t_env:     811105 | Episode:    36136
amco_mixing_output_rms:    3.3469	amco_q_term_rms:           0.2690	amco_relu_zero_frac:       0.5524	amco_state_term_rms:       0.2369
amco_state_to_q_ratio:     0.8827	amco_state_value_rms:      5.3033	amco_v_to_m_ratio:         1.6014	battle_won_mean:           0.0775
credit_entropy:            0.9969	credit_grad_agent_0:       2.2092	credit_grad_agent_1:       2.1561	credit_grad_agent_2:       2.5754
credit_grad_agent_3:       2.2688	credit_grad_agent_4:       2.5374	credit_grad_cv:            0.8308	credit_grad_max:           7.9735
credit_grad_mean:          2.3494	credit_grad_median:        1.7055	credit_grad_min:           0.2678	credit_grad_near_zero_frac:  0.0000
credit_grad_negative_frac:  0.0000	credit_grad_p10:           0.4000	credit_grad_p90:           5.2344	credit_grad_std:           1.9336
credit_max_share:          0.2224	dead_allies_mean:          4.7583	dead_enemies_mean:         3.5211	ep_length_mean:           26.1839
epsilon:                   0.0500	grad_norm:                 7.5809	loss:                      0.5820	q_taken_mean:              1.2666
return_mean:               9.2728	return_std:                3.4506	target_mean:               1.2647	td_error_abs:              0.4723
test_battle_won_mean:      0.2437	test_dead_allies_mean:     4.3125	test_dead_enemies_mean:    4.3063	test_ep_length_mean:      27.7812
test_return_mean:         11.8611	test_return_std:           4.7601	
[INFO 21:29:26] my_main Updated target network
[INFO 21:30:54] my_main Updated target network
[INFO 21:31:31] my_main t_env: 821108 / 2050000
[INFO 21:31:31] my_main Estimated time left: 5 hours, 23 minutes, 41 seconds. Time passed: 4 hours, 52 minutes, 4 seconds
[INFO 21:31:38] my_main Recent Stats | t_env:     821108 | Episode:    36485
amco_mixing_output_rms:    3.5081	amco_q_term_rms:           0.2646	amco_relu_zero_frac:       0.5384	amco_state_term_rms:       0.2374
amco_state_to_q_ratio:     0.9011	amco_state_value_rms:      5.4204	amco_v_to_m_ratio:         1.5692	battle_won_mean:           0.0721
credit_entropy:            0.9968	credit_grad_agent_0:       2.2822	credit_grad_agent_1:       2.2355	credit_grad_agent_2:       2.6387
credit_grad_agent_3:       2.3217	credit_grad_agent_4:       2.6182	credit_grad_cv:            0.8063	credit_grad_max:           8.0131
credit_grad_mean:          2.4192	credit_grad_median:        1.9409	credit_grad_min:           0.2753	credit_grad_near_zero_frac:  0.0000
credit_grad_negative_frac:  0.0000	credit_grad_p10:           0.4049	credit_grad_p90:           5.2285	credit_grad_std:           1.9245
credit_max_share:          0.2227	dead_allies_mean:          4.7686	dead_enemies_mean:         3.5280	ep_length_mean:           26.7875
epsilon:                   0.0500	grad_norm:                10.4738	loss:                      0.6698	q_taken_mean:              1.3244
return_mean:               9.2275	return_std:                3.3755	target_mean:               1.3044	td_error_abs:              0.5017
test_battle_won_mean:      0.2250	test_dead_allies_mean:     4.3875	test_dead_enemies_mean:    4.2812	test_ep_length_mean:      27.7875
test_return_mean:         11.6564	test_return_std:           4.6287	
[INFO 21:32:23] my_main Updated target network
[INFO 21:33:53] my_main Updated target network
[INFO 21:34:00] my_main t_env: 831108 / 2050000
[INFO 21:34:00] my_main Estimated time left: 5 hours, 2 minutes, 34 seconds. Time passed: 4 hours, 54 minutes, 33 seconds
[INFO 21:34:07] my_main Recent Stats | t_env:     831108 | Episode:    36817
amco_mixing_output_rms:    3.6365	amco_q_term_rms:           0.2617	amco_relu_zero_frac:       0.5243	amco_state_term_rms:       0.2358
amco_state_to_q_ratio:     0.9040	amco_state_value_rms:      5.5493	amco_v_to_m_ratio:         1.5425	battle_won_mean:           0.0693
credit_entropy:            0.9968	credit_grad_agent_0:       2.3803	credit_grad_agent_1:       2.3370	credit_grad_agent_2:       2.7371
credit_grad_agent_3:       2.4116	credit_grad_agent_4:       2.7362	credit_grad_cv:            0.7768	credit_grad_max:           7.8406
credit_grad_mean:          2.5204	credit_grad_median:        2.1655	credit_grad_min:           0.2639	credit_grad_near_zero_frac:  0.0000
credit_grad_negative_frac:  0.0000	credit_grad_p10:           0.4230	credit_grad_p90:           5.2825	credit_grad_std:           1.9433
credit_max_share:          0.2228	dead_allies_mean:          4.7548	dead_enemies_mean:         3.4991	ep_length_mean:           27.9124
epsilon:                   0.0500	grad_norm:                10.7904	loss:                      0.7110	q_taken_mean:              1.3771
return_mean:               9.1309	return_std:                3.3495	target_mean:               1.3576	td_error_abs:              0.5217
test_battle_won_mean:      0.2375	test_dead_allies_mean:     4.3563	test_dead_enemies_mean:    4.3250	test_ep_length_mean:      28.0437
test_return_mean:         11.8203	test_return_std:           4.6513	
[INFO 21:35:24] my_main Updated target network
[INFO 21:36:28] my_main t_env: 841168 / 2050000
[INFO 21:36:28] my_main Estimated time left: 4 hours, 56 minutes, 54 seconds. Time passed: 4 hours, 57 minutes, 1 seconds
[INFO 21:36:35] my_main Recent Stats | t_env:     841168 | Episode:    37151
amco_mixing_output_rms:    3.8553	amco_q_term_rms:           0.2526	amco_relu_zero_frac:       0.4980	amco_state_term_rms:       0.2306
amco_state_to_q_ratio:     0.9155	amco_state_value_rms:      5.7194	amco_v_to_m_ratio:         1.4969	battle_won_mean:           0.0775
credit_entropy:            0.9966	credit_grad_agent_0:       2.4588	credit_grad_agent_1:       2.4199	credit_grad_agent_2:       2.8292
credit_grad_agent_3:       2.4694	credit_grad_agent_4:       2.8063	credit_grad_cv:            0.7394	credit_grad_max:           7.7253
credit_grad_mean:          2.5967	credit_grad_median:        2.4449	credit_grad_min:           0.2370	credit_grad_near_zero_frac:  0.0000
credit_grad_negative_frac:  0.0000	credit_grad_p10:           0.4367	credit_grad_p90:           5.2694	credit_grad_std:           1.9175
credit_max_share:          0.2242	dead_allies_mean:          4.7260	dead_enemies_mean:         3.5318	ep_length_mean:           28.7745
epsilon:                   0.0500	grad_norm:                12.9918	loss:                      0.8334	q_taken_mean:              1.4693
return_mean:               9.2232	return_std:                3.4930	target_mean:               1.4663	td_error_abs:              0.5728
test_battle_won_mean:      0.2750	test_dead_allies_mean:     4.2750	test_dead_enemies_mean:    4.4938	test_ep_length_mean:      28.8062
test_return_mean:         12.3700	test_return_std:           4.7701	
[INFO 21:36:57] my_main Updated target network
RequestQuit command received.
Closing Application...
DataHandler: unable to parse websocket frame.
CloseHandler: 127.0.0.1:59718 disconnected
[INFO 21:36:59] absl Shutdown gracefully.
[INFO 21:36:59] absl Shutdown with return code: -15
[INFO 21:36:59] absl Launching SC2: /data/workspace/wxr/pymarl-monotone-qmix/3rdparty/StarCraftII/Versions/Base75689/SC2_x64 -listen 127.0.0.1 -port 38879 -dataDir /data/workspace/wxr/pymarl-monotone-qmix/3rdparty/StarCraftII/ -tempDir /tmp/sc-13drfmsn/
[INFO 21:36:59] absl Connecting to: ws://127.0.0.1:38879/sc2api, attempt: 0, running: True
Version: B75689 (SC2.4.10)
Build: Aug 12 2019 17:16:57
Command Line: '"/data/workspace/wxr/pymarl-monotone-qmix/3rdparty/StarCraftII/Versions/Base75689/SC2_x64" -listen 127.0.0.1 -port 38879 -dataDir /data/workspace/wxr/pymarl-monotone-qmix/3rdparty/StarCraftII/ -tempDir /tmp/sc-13drfmsn/'
Starting up...
Startup Phase 1 complete
[INFO 21:37:00] absl Connecting to: ws://127.0.0.1:38879/sc2api, attempt: 1, running: True
Startup Phase 2 complete
Creating stub renderer...
Listening on: 127.0.0.1:38879
Startup Phase 3 complete. Ready for commands.
[INFO 21:37:01] absl Connecting to: ws://127.0.0.1:38879/sc2api, attempt: 2, running: True
ConnectHandler: Request from 127.0.0.1:39640 accepted
ReadyHandler: 127.0.0.1:39640 ready
Requesting to join a single player game
Configuring interface options
Configure: raw interface enabled
Configure: feature layer interface disabled
Configure: score interface disabled
Configure: render interface disabled
Launching next game.
Next launch phase started: 2
Next launch phase started: 3
Next launch phase started: 4
Next launch phase started: 5
Next launch phase started: 6
Next launch phase started: 7
Next launch phase started: 8
Game has started.
Using default stable ids, none found at: /data/workspace/wxr/pymarl-monotone-qmix/3rdparty/StarCraftII/stableid.json
Successfully loaded stable ids: GameData\stableid.json
Sending ResponseJoinGame
[INFO 21:38:31] my_main Updated target network
[INFO 21:39:12] my_main t_env: 851173 / 2050000
[INFO 21:39:12] my_main Estimated time left: 5 hours, 27 minutes, 44 seconds. Time passed: 4 hours, 59 minutes, 45 seconds
[INFO 21:39:20] my_main Recent Stats | t_env:     851173 | Episode:    37499
amco_mixing_output_rms:    3.6571	amco_q_term_rms:           0.2597	amco_relu_zero_frac:       0.5259	amco_state_term_rms:       0.2341
amco_state_to_q_ratio:     0.9034	amco_state_value_rms:      5.7021	amco_v_to_m_ratio:         1.5761	battle_won_mean:           0.0773
credit_entropy:            0.9968	credit_grad_agent_0:       2.3791	credit_grad_agent_1:       2.3351	credit_grad_agent_2:       2.6973
credit_grad_agent_3:       2.3419	credit_grad_agent_4:       2.6449	credit_grad_cv:            0.7785	credit_grad_max:           7.6718
credit_grad_mean:          2.4796	credit_grad_median:        2.1099	credit_grad_min:           0.2506	credit_grad_near_zero_frac:  0.0000
credit_grad_negative_frac:  0.0000	credit_grad_p10:           0.4215	credit_grad_p90:           5.2109	credit_grad_std:           1.9165
credit_max_share:          0.2239	dead_allies_mean:          4.7276	dead_enemies_mean:         3.5684	ep_length_mean:           28.9025
epsilon:                   0.0500	grad_norm:                12.4317	loss:                      0.7937	q_taken_mean:              1.4035
return_mean:               9.2657	return_std:                3.4837	target_mean:               1.4126	td_error_abs:              0.5559
test_battle_won_mean:      0.2500	test_dead_allies_mean:     4.3312	test_dead_enemies_mean:    4.4125	test_ep_length_mean:      28.5688
test_return_mean:         12.0269	test_return_std:           4.6637	
[INFO 21:40:03] my_main Updated target network
[INFO 21:41:29] my_main Updated target network
[INFO 21:41:40] my_main t_env: 861191 / 2050000
[INFO 21:41:40] my_main Estimated time left: 4 hours, 52 minutes, 20 seconds. Time passed: 5 hours, 2 minutes, 13 seconds
[INFO 21:41:48] my_main Recent Stats | t_env:     861191 | Episode:    37827
amco_mixing_output_rms:    3.7959	amco_q_term_rms:           0.2648	amco_relu_zero_frac:       0.5235	amco_state_term_rms:       0.2445
amco_state_to_q_ratio:     0.9245	amco_state_value_rms:      5.6833	amco_v_to_m_ratio:         1.5114	battle_won_mean:           0.0768
credit_entropy:            0.9968	credit_grad_agent_0:       2.3506	credit_grad_agent_1:       2.3002	credit_grad_agent_2:       2.6720
credit_grad_agent_3:       2.3127	credit_grad_agent_4:       2.5778	credit_grad_cv:            0.7960	credit_grad_max:           7.6828
credit_grad_mean:          2.4427	credit_grad_median:        1.9779	credit_grad_min:           0.2373	credit_grad_near_zero_frac:  0.0000
credit_grad_negative_frac:  0.0000	credit_grad_p10:           0.4072	credit_grad_p90:           5.1902	credit_grad_std:           1.9277
credit_max_share:          0.2244	dead_allies_mean:          4.7195	dead_enemies_mean:         3.5731	ep_length_mean:           29.6390
epsilon:                   0.0500	grad_norm:                11.8942	loss:                      0.7987	q_taken_mean:              1.4132
return_mean:               9.2510	return_std:                3.4815	target_mean:               1.4175	td_error_abs:              0.5472
test_battle_won_mean:      0.2812	test_dead_allies_mean:     4.2938	test_dead_enemies_mean:    4.5000	test_ep_length_mean:      28.1562
test_return_mean:         12.4288	test_return_std:           4.7694	
[INFO 21:43:06] my_main Updated target network
[INFO 21:44:09] my_main t_env: 871208 / 2050000
[INFO 21:44:09] my_main Estimated time left: 4 hours, 52 minutes, 28 seconds. Time passed: 5 hours, 4 minutes, 42 seconds
[INFO 21:44:20] my_main Recent Stats | t_env:     871208 | Episode:    38153
amco_mixing_output_rms:    3.6526	amco_q_term_rms:           0.2766	amco_relu_zero_frac:       0.5485	amco_state_term_rms:       0.2487
amco_state_to_q_ratio:     0.9001	amco_state_value_rms:      5.6164	amco_v_to_m_ratio:         1.5501	battle_won_mean:           0.0724
credit_entropy:            0.9969	credit_grad_agent_0:       2.2201	credit_grad_agent_1:       2.1688	credit_grad_agent_2:       2.5160
credit_grad_agent_3:       2.1677	credit_grad_agent_4:       2.3850	credit_grad_cv:            0.8439	credit_grad_max:           7.7787
credit_grad_mean:          2.2915	credit_grad_median:        1.5964	credit_grad_min:           0.2262	credit_grad_near_zero_frac:  0.0000
credit_grad_negative_frac:  0.0000	credit_grad_p10:           0.3807	credit_grad_p90:           5.0883	credit_grad_std:           1.9155
credit_max_share:          0.2244	dead_allies_mean:          4.7225	dead_enemies_mean:         3.5579	ep_length_mean:           30.0520
epsilon:                   0.0500	grad_norm:                 9.5530	loss:                      0.7267	q_taken_mean:              1.3482
return_mean:               9.1875	return_std:                3.4143	target_mean:               1.3600	td_error_abs:              0.5152
test_battle_won_mean:      0.3250	test_dead_allies_mean:     4.1500	test_dead_enemies_mean:    4.6250	test_ep_length_mean:      29.7500
test_return_mean:         12.9165	test_return_std:           4.9845	
[INFO 21:44:41] my_main Updated target network
[INFO 21:46:10] my_main Updated target network
[INFO 21:46:43] my_main t_env: 881215 / 2050000
[INFO 21:46:43] my_main Estimated time left: 4 hours, 59 minutes, 18 seconds. Time passed: 5 hours, 7 minutes, 16 seconds
[INFO 21:46:51] my_main Recent Stats | t_env:     881215 | Episode:    38483
amco_mixing_output_rms:    3.6158	amco_q_term_rms:           0.2806	amco_relu_zero_frac:       0.5590	amco_state_term_rms:       0.2504
amco_state_to_q_ratio:     0.8943	amco_state_value_rms:      5.5560	amco_v_to_m_ratio:         1.5498	battle_won_mean:           0.0731
credit_entropy:            0.9968	credit_grad_agent_0:       2.1387	credit_grad_agent_1:       2.0967	credit_grad_agent_2:       2.4315
credit_grad_agent_3:       2.0845	credit_grad_agent_4:       2.2567	credit_grad_cv:            0.8609	credit_grad_max:           7.6578
credit_grad_mean:          2.2016	credit_grad_median:        1.4084	credit_grad_min:           0.1990	credit_grad_near_zero_frac:  0.0000
credit_grad_negative_frac:  0.0000	credit_grad_p10:           0.3599	credit_grad_p90:           4.9819	credit_grad_std:           1.8812
credit_max_share:          0.2252	dead_allies_mean:          4.7143	dead_enemies_mean:         3.5839	ep_length_mean:           30.0927
epsilon:                   0.0500	grad_norm:                10.3401	loss:                      0.7209	q_taken_mean:              1.3194
return_mean:               9.2327	return_std:                3.4213	target_mean:               1.3334	td_error_abs:              0.5141
test_battle_won_mean:      0.3250	test_dead_allies_mean:     4.1312	test_dead_enemies_mean:    4.6250	test_ep_length_mean:      29.8438
test_return_mean:         12.9137	test_return_std:           4.9994	
[INFO 21:47:38] my_main Updated target network
[INFO 21:48:59] my_main Updated target network
[INFO 21:49:10] my_main t_env: 891274 / 2050000
[INFO 21:49:10] my_main Estimated time left: 4 hours, 42 minutes, 10 seconds. Time passed: 5 hours, 9 minutes, 43 seconds
[INFO 21:49:18] my_main Recent Stats | t_env:     891274 | Episode:    38829
amco_mixing_output_rms:    3.5389	amco_q_term_rms:           0.2895	amco_relu_zero_frac:       0.5779	amco_state_term_rms:       0.2498
amco_state_to_q_ratio:     0.8635	amco_state_value_rms:      5.5427	amco_v_to_m_ratio:         1.5751	battle_won_mean:           0.0673
credit_entropy:            0.9970	credit_grad_agent_0:       2.0791	credit_grad_agent_1:       2.0501	credit_grad_agent_2:       2.3765
credit_grad_agent_3:       2.0462	credit_grad_agent_4:       2.1781	credit_grad_cv:            0.8777	credit_grad_max:           7.7205
credit_grad_mean:          2.1460	credit_grad_median:        1.3223	credit_grad_min:           0.2171	credit_grad_near_zero_frac:  0.0000
credit_grad_negative_frac:  0.0000	credit_grad_p10:           0.3452	credit_grad_p90:           4.9332	credit_grad_std:           1.8789
credit_max_share:          0.2248	dead_allies_mean:          4.7328	dead_enemies_mean:         3.5660	ep_length_mean:           29.8832
epsilon:                   0.0500	grad_norm:                 8.9388	loss:                      0.6231	q_taken_mean:              1.2840
return_mean:               9.1703	return_std:                3.3230	target_mean:               1.2784	td_error_abs:              0.4747
test_battle_won_mean:      0.3250	test_dead_allies_mean:     4.0687	test_dead_enemies_mean:    4.5812	test_ep_length_mean:      31.0813
test_return_mean:         12.8229	test_return_std:           5.0726	
[INFO 21:50:32] my_main Updated target network
[INFO 21:51:52] my_main t_env: 901299 / 2050000
[INFO 21:51:52] my_main Estimated time left: 5 hours, 10 minutes, 6 seconds. Time passed: 5 hours, 12 minutes, 25 seconds
[INFO 21:51:58] my_main Recent Stats | t_env:     901299 | Episode:    39187
amco_mixing_output_rms:    3.6414	amco_q_term_rms:           0.2875	amco_relu_zero_frac:       0.5692	amco_state_term_rms:       0.2480
amco_state_to_q_ratio:     0.8636	amco_state_value_rms:      5.5863	amco_v_to_m_ratio:         1.5383	battle_won_mean:           0.0697
credit_entropy:            0.9968	credit_grad_agent_0:       2.0658	credit_grad_agent_1:       2.0524	credit_grad_agent_2:       2.3808
credit_grad_agent_3:       2.0429	credit_grad_agent_4:       2.1653	credit_grad_cv:            0.8637	credit_grad_max:           7.9418
credit_grad_mean:          2.1414	credit_grad_median:        1.4068	credit_grad_min:           0.1924	credit_grad_near_zero_frac:  0.0000
credit_grad_negative_frac:  0.0000	credit_grad_p10:           0.3442	credit_grad_p90:           4.8867	credit_grad_std:           1.8457
credit_max_share:          0.2255	dead_allies_mean:          4.7287	dead_enemies_mean:         3.5669	ep_length_mean:           29.7338
epsilon:                   0.0500	grad_norm:                 9.6466	loss:                      0.6291	q_taken_mean:              1.3191
return_mean:               9.1754	return_std:                3.3552	target_mean:               1.3002	td_error_abs:              0.4780
test_battle_won_mean:      0.3563	test_dead_allies_mean:     4.0000	test_dead_enemies_mean:    4.6188	test_ep_length_mean:      29.9937
test_return_mean:         13.1422	test_return_std:           5.2609	
[INFO 21:52:03] my_main Updated target network
RequestQuit command received.
DataHandler: unable to parse websocket frame.
CloseHandler: 127.0.0.1:39640 disconnected
Closing Application...
[INFO 21:52:09] absl Shutdown gracefully.
[INFO 21:52:09] absl Shutdown with return code: -15
[INFO 21:52:09] absl Launching SC2: /data/workspace/wxr/pymarl-monotone-qmix/3rdparty/StarCraftII/Versions/Base75689/SC2_x64 -listen 127.0.0.1 -port 42647 -dataDir /data/workspace/wxr/pymarl-monotone-qmix/3rdparty/StarCraftII/ -tempDir /tmp/sc-k5cofdo_/
Version: B75689 (SC2.4.10)
Build: Aug 12 2019 17:16:57
Command Line: '"/data/workspace/wxr/pymarl-monotone-qmix/3rdparty/StarCraftII/Versions/Base75689/SC2_x64" -listen 127.0.0.1 -port 42647 -dataDir /data/workspace/wxr/pymarl-monotone-qmix/3rdparty/StarCraftII/ -tempDir /tmp/sc-k5cofdo_/'
[INFO 21:52:09] absl Connecting to: ws://127.0.0.1:42647/sc2api, attempt: 0, running: True
Starting up...
Startup Phase 1 complete
[INFO 21:52:10] absl Connecting to: ws://127.0.0.1:42647/sc2api, attempt: 1, running: True
Startup Phase 2 complete
Creating stub renderer...
Listening on: 127.0.0.1:42647
Startup Phase 3 complete. Ready for commands.
[INFO 21:52:11] absl Connecting to: ws://127.0.0.1:42647/sc2api, attempt: 2, running: True
ConnectHandler: Request from 127.0.0.1:43676 accepted
ReadyHandler: 127.0.0.1:43676 ready
Requesting to join a single player game
Configuring interface options
Configure: raw interface enabled
Configure: feature layer interface disabled
Configure: score interface disabled
Configure: render interface disabled
Launching next game.
Next launch phase started: 2
Next launch phase started: 3
Next launch phase started: 4
Next launch phase started: 5
Next launch phase started: 6
Next launch phase started: 7
Next launch phase started: 8
Game has started.
Using default stable ids, none found at: /data/workspace/wxr/pymarl-monotone-qmix/3rdparty/StarCraftII/stableid.json
Successfully loaded stable ids: GameData\stableid.json
Sending ResponseJoinGame
[INFO 21:53:38] my_main Updated target network
[INFO 21:54:39] my_main t_env: 911322 / 2050000
[INFO 21:54:39] my_main Estimated time left: 5 hours, 16 minutes, 17 seconds. Time passed: 5 hours, 15 minutes, 12 seconds
[INFO 21:54:48] my_main Recent Stats | t_env:     911322 | Episode:    39540
amco_mixing_output_rms:    3.3988	amco_q_term_rms:           0.2961	amco_relu_zero_frac:       0.5989	amco_state_term_rms:       0.2587
amco_state_to_q_ratio:     0.8717	amco_state_value_rms:      5.4725	amco_v_to_m_ratio:         1.6199	battle_won_mean:           0.0795
credit_entropy:            0.9970	credit_grad_agent_0:       1.9192	credit_grad_agent_1:       1.9293	credit_grad_agent_2:       2.2126
credit_grad_agent_3:       1.8974	credit_grad_agent_4:       2.0159	credit_grad_cv:            0.9173	credit_grad_max:           8.0641
credit_grad_mean:          1.9949	credit_grad_median:        1.1997	credit_grad_min:           0.1670	credit_grad_near_zero_frac:  0.0000
credit_grad_negative_frac:  0.0000	credit_grad_p10:           0.3278	credit_grad_p90:           4.7561	credit_grad_std:           1.8024
credit_max_share:          0.2253	dead_allies_mean:          4.7081	dead_enemies_mean:         3.5667	ep_length_mean:           29.3040
epsilon:                   0.0500	grad_norm:                 9.6354	loss:                      0.5807	q_taken_mean:              1.2294
return_mean:               9.2485	return_std:                3.5090	target_mean:               1.2174	td_error_abs:              0.4613
test_battle_won_mean:      0.3250	test_dead_allies_mean:     4.0500	test_dead_enemies_mean:    4.5438	test_ep_length_mean:      30.1000
test_return_mean:         12.7988	test_return_std:           5.1408	
[INFO 21:55:12] my_main Updated target network
[INFO 21:56:37] my_main Updated target network
[INFO 21:57:17] my_main t_env: 921338 / 2050000
[INFO 21:57:17] my_main Estimated time left: 4 hours, 56 minutes, 46 seconds. Time passed: 5 hours, 17 minutes, 50 seconds
[INFO 21:57:25] my_main Recent Stats | t_env:     921338 | Episode:    39881
amco_mixing_output_rms:    3.3453	amco_q_term_rms:           0.2916	amco_relu_zero_frac:       0.5970	amco_state_term_rms:       0.2555
amco_state_to_q_ratio:     0.8740	amco_state_value_rms:      5.4920	amco_v_to_m_ratio:         1.6529	battle_won_mean:           0.0813
credit_entropy:            0.9969	credit_grad_agent_0:       1.9262	credit_grad_agent_1:       1.9864	credit_grad_agent_2:       2.2458
credit_grad_agent_3:       1.9161	credit_grad_agent_4:       2.0394	credit_grad_cv:            0.9059	credit_grad_max:           8.0505
credit_grad_mean:          2.0228	credit_grad_median:        1.2874	credit_grad_min:           0.1619	credit_grad_near_zero_frac:  0.0000
credit_grad_negative_frac:  0.0000	credit_grad_p10:           0.3321	credit_grad_p90:           4.7832	credit_grad_std:           1.8045
credit_max_share:          0.2257	dead_allies_mean:          4.7021	dead_enemies_mean:         3.5443	ep_length_mean:           29.0331
epsilon:                   0.0500	grad_norm:                 9.3688	loss:                      0.5752	q_taken_mean:              1.2340
return_mean:               9.2411	return_std:                3.5406	target_mean:               1.2334	td_error_abs:              0.4671
test_battle_won_mean:      0.2812	test_dead_allies_mean:     4.1500	test_dead_enemies_mean:    4.4250	test_ep_length_mean:      29.0625
test_return_mean:         12.2958	test_return_std:           4.9413	
[INFO 21:58:15] my_main Updated target network
[INFO 21:59:43] my_main Updated target network
[INFO 21:59:54] my_main t_env: 931352 / 2050000
[INFO 21:59:54] my_main Estimated time left: 4 hours, 50 minutes, 53 seconds. Time passed: 5 hours, 20 minutes, 27 seconds
[INFO 22:00:02] my_main Recent Stats | t_env:     931352 | Episode:    40223
amco_mixing_output_rms:    3.3665	amco_q_term_rms:           0.2898	amco_relu_zero_frac:       0.5941	amco_state_term_rms:       0.2545
amco_state_to_q_ratio:     0.8760	amco_state_value_rms:      5.5505	amco_v_to_m_ratio:         1.6599	battle_won_mean:           0.0855
credit_entropy:            0.9971	credit_grad_agent_0:       1.9348	credit_grad_agent_1:       2.0272	credit_grad_agent_2:       2.2751
credit_grad_agent_3:       1.9497	credit_grad_agent_4:       2.0688	credit_grad_cv:            0.9051	credit_grad_max:           8.2711
credit_grad_mean:          2.0511	credit_grad_median:        1.3353	credit_grad_min:           0.1897	credit_grad_near_zero_frac:  0.0000
credit_grad_negative_frac:  0.0000	credit_grad_p10:           0.3299	credit_grad_p90:           4.8426	credit_grad_std:           1.8273
credit_max_share:          0.2253	dead_allies_mean:          4.6973	dead_enemies_mean:         3.5631	ep_length_mean:           28.8244
epsilon:                   0.0500	grad_norm:                10.0370	loss:                      0.5900	q_taken_mean:              1.2554
return_mean:               9.3121	return_std:                3.6052	target_mean:               1.2474	td_error_abs:              0.4691
test_battle_won_mean:      0.2687	test_dead_allies_mean:     4.2062	test_dead_enemies_mean:    4.4188	test_ep_length_mean:      29.4500
test_return_mean:         12.1333	test_return_std:           4.9126	
[INFO 22:01:13] my_main Updated target network
[INFO 22:02:38] my_main Updated target network
[INFO 22:02:42] my_main t_env: 941368 / 2050000
[INFO 22:02:42] my_main Estimated time left: 5 hours, 10 minutes, 35 seconds. Time passed: 5 hours, 23 minutes, 15 seconds
[INFO 22:02:49] my_main Recent Stats | t_env:     941368 | Episode:    40610
amco_mixing_output_rms:    3.2556	amco_q_term_rms:           0.2907	amco_relu_zero_frac:       0.6052	amco_state_term_rms:       0.2592
amco_state_to_q_ratio:     0.8892	amco_state_value_rms:      5.4726	amco_v_to_m_ratio:         1.6889	battle_won_mean:           0.0903
credit_entropy:            0.9971	credit_grad_agent_0:       1.8334	credit_grad_agent_1:       1.9595	credit_grad_agent_2:       2.1718
credit_grad_agent_3:       1.8672	credit_grad_agent_4:       1.9813	credit_grad_cv:            0.9383	credit_grad_max:           8.1419
credit_grad_mean:          1.9626	credit_grad_median:        1.1104	credit_grad_min:           0.1858	credit_grad_near_zero_frac:  0.0000
credit_grad_negative_frac:  0.0000	credit_grad_p10:           0.3188	credit_grad_p90:           4.8263	credit_grad_std:           1.8163
credit_max_share:          0.2251	dead_allies_mean:          4.6957	dead_enemies_mean:         3.6069	ep_length_mean:           28.1862
epsilon:                   0.0500	grad_norm:                 8.7636	loss:                      0.5561	q_taken_mean:              1.2156
return_mean:               9.4093	return_std:                3.6734	target_mean:               1.2218	td_error_abs:              0.4542
test_battle_won_mean:      0.2750	test_dead_allies_mean:     4.2250	test_dead_enemies_mean:    4.4313	test_ep_length_mean:      27.8875
test_return_mean:         12.1880	test_return_std:           4.9447	
[INFO 22:04:00] my_main Updated target network
[INFO 22:05:20] my_main Updated target network
[INFO 22:05:23] my_main t_env: 951381 / 2050000
[INFO 22:05:23] my_main Estimated time left: 4 hours, 53 minutes, 57 seconds. Time passed: 5 hours, 25 minutes, 56 seconds
[INFO 22:05:32] my_main Recent Stats | t_env:     951381 | Episode:    41006
amco_mixing_output_rms:    3.1429	amco_q_term_rms:           0.2961	amco_relu_zero_frac:       0.6172	amco_state_term_rms:       0.2709
amco_state_to_q_ratio:     0.9129	amco_state_value_rms:      5.3242	amco_v_to_m_ratio:         1.6973	battle_won_mean:           0.0912
credit_entropy:            0.9971	credit_grad_agent_0:       1.7570	credit_grad_agent_1:       1.9121	credit_grad_agent_2:       2.1072
credit_grad_agent_3:       1.8138	credit_grad_agent_4:       1.9259	credit_grad_cv:            0.9706	credit_grad_max:           7.9733
credit_grad_mean:          1.9032	credit_grad_median:        1.0054	credit_grad_min:           0.1941	credit_grad_near_zero_frac:  0.0000
credit_grad_negative_frac:  0.0000	credit_grad_p10:           0.3072	credit_grad_p90:           4.7988	credit_grad_std:           1.8243
credit_max_share:          0.2250	dead_allies_mean:          4.6961	dead_enemies_mean:         3.5966	ep_length_mean:           27.6427
epsilon:                   0.0500	grad_norm:                 7.9504	loss:                      0.5471	q_taken_mean:              1.1561
return_mean:               9.4132	return_std:                3.6868	target_mean:               1.1644	td_error_abs:              0.4427
test_battle_won_mean:      0.2625	test_dead_allies_mean:     4.2750	test_dead_enemies_mean:    4.4125	test_ep_length_mean:      28.7625
test_return_mean:         12.0703	test_return_std:           4.8922	
[INFO 22:06:51] my_main Updated target network
[INFO 22:08:07] my_main t_env: 961399 / 2050000
[INFO 22:08:07] my_main Estimated time left: 4 hours, 57 minutes, 4 seconds. Time passed: 5 hours, 28 minutes, 40 seconds
[INFO 22:08:15] my_main Recent Stats | t_env:     961399 | Episode:    41390
amco_mixing_output_rms:    3.2770	amco_q_term_rms:           0.2826	amco_relu_zero_frac:       0.5979	amco_state_term_rms:       0.2660
amco_state_to_q_ratio:     0.9439	amco_state_value_rms:      5.3541	amco_v_to_m_ratio:         1.6355	battle_won_mean:           0.0810
credit_entropy:            0.9971	credit_grad_agent_0:       1.8204	credit_grad_agent_1:       1.9836	credit_grad_agent_2:       2.1902
credit_grad_agent_3:       1.8939	credit_grad_agent_4:       2.0056	credit_grad_cv:            0.9335	credit_grad_max:           7.7561
credit_grad_mean:          1.9787	credit_grad_median:        1.1282	credit_grad_min:           0.2093	credit_grad_near_zero_frac:  0.0000
credit_grad_negative_frac:  0.0000	credit_grad_p10:           0.3030	credit_grad_p90:           4.8435	credit_grad_std:           1.8385
credit_max_share:          0.2250	dead_allies_mean:          4.7266	dead_enemies_mean:         3.6004	ep_length_mean:           27.1816
epsilon:                   0.0500	grad_norm:                 8.5834	loss:                      0.5681	q_taken_mean:              1.2061
return_mean:               9.3559	return_std:                3.5157	target_mean:               1.2045	td_error_abs:              0.4562
test_battle_won_mean:      0.3063	test_dead_allies_mean:     4.1437	test_dead_enemies_mean:    4.5312	test_ep_length_mean:      28.4187
test_return_mean:         12.5620	test_return_std:           4.9976	
DataHandler: unable to parse websocket frame.
CloseHandler: 127.0.0.1:43676 disconnected
[INFO 22:08:17] absl Shutdown gracefully.
[INFO 22:08:17] absl Shutdown with return code: -15
[INFO 22:08:17] absl Launching SC2: /data/workspace/wxr/pymarl-monotone-qmix/3rdparty/StarCraftII/Versions/Base75689/SC2_x64 -listen 127.0.0.1 -port 34457 -dataDir /data/workspace/wxr/pymarl-monotone-qmix/3rdparty/StarCraftII/ -tempDir /tmp/sc-dw76f41c/
[INFO 22:08:17] absl Connecting to: ws://127.0.0.1:34457/sc2api, attempt: 0, running: True
Version: B75689 (SC2.4.10)
Build: Aug 12 2019 17:16:57
Command Line: '"/data/workspace/wxr/pymarl-monotone-qmix/3rdparty/StarCraftII/Versions/Base75689/SC2_x64" -listen 127.0.0.1 -port 34457 -dataDir /data/workspace/wxr/pymarl-monotone-qmix/3rdparty/StarCraftII/ -tempDir /tmp/sc-dw76f41c/'
Starting up...
Startup Phase 1 complete
[INFO 22:08:18] absl Connecting to: ws://127.0.0.1:34457/sc2api, attempt: 1, running: True
Startup Phase 2 complete
Creating stub renderer...
Listening on: 127.0.0.1:34457
Startup Phase 3 complete. Ready for commands.
[INFO 22:08:19] absl Connecting to: ws://127.0.0.1:34457/sc2api, attempt: 2, running: True
ConnectHandler: Request from 127.0.0.1:47440 accepted
ReadyHandler: 127.0.0.1:47440 ready
Requesting to join a single player game
Configuring interface options
Configure: raw interface enabled
Configure: feature layer interface disabled
Configure: score interface disabled
Configure: render interface disabled
Launching next game.
Next launch phase started: 2
Next launch phase started: 3
Next launch phase started: 4
Next launch phase started: 5
Next launch phase started: 6
Next launch phase started: 7
Next launch phase started: 8
Game has started.
Using default stable ids, none found at: /data/workspace/wxr/pymarl-monotone-qmix/3rdparty/StarCraftII/stableid.json
Successfully loaded stable ids: GameData\stableid.json
Sending ResponseJoinGame
[INFO 22:08:28] my_main Updated target network
[INFO 22:09:45] my_main Updated target network
[INFO 22:10:49] my_main t_env: 971425 / 2050000
[INFO 22:10:49] my_main Estimated time left: 4 hours, 50 minutes, 44 seconds. Time passed: 5 hours, 31 minutes, 22 seconds
[INFO 22:10:56] my_main Recent Stats | t_env:     971425 | Episode:    41750
amco_mixing_output_rms:    3.2825	amco_q_term_rms:           0.2819	amco_relu_zero_frac:       0.6007	amco_state_term_rms:       0.2813
amco_state_to_q_ratio:     1.0013	amco_state_value_rms:      5.2676	amco_v_to_m_ratio:         1.6054	battle_won_mean:           0.0847
credit_entropy:            0.9971	credit_grad_agent_0:       1.7876	credit_grad_agent_1:       1.9199	credit_grad_agent_2:       2.1368
credit_grad_agent_3:       1.8655	credit_grad_agent_4:       1.9628	credit_grad_cv:            0.9498	credit_grad_max:           7.7790
credit_grad_mean:          1.9345	credit_grad_median:        1.0654	credit_grad_min:           0.2044	credit_grad_near_zero_frac:  0.0000
credit_grad_negative_frac:  0.0000	credit_grad_p10:           0.2869	credit_grad_p90:           4.8121	credit_grad_std:           1.8301
credit_max_share:          0.2247	dead_allies_mean:          4.7134	dead_enemies_mean:         3.6252	ep_length_mean:           26.8771
epsilon:                   0.0500	grad_norm:                 8.4189	loss:                      0.6078	q_taken_mean:              1.1816
return_mean:               9.4407	return_std:                3.5595	target_mean:               1.1748	td_error_abs:              0.4601
test_battle_won_mean:      0.3812	test_dead_allies_mean:     3.9250	test_dead_enemies_mean:    4.6937	test_ep_length_mean:      27.2437
test_return_mean:         13.4215	test_return_std:           5.1975	
[INFO 22:11:18] my_main Updated target network
[INFO 22:12:40] my_main Updated target network
[INFO 22:13:28] my_main t_env: 981443 / 2050000
[INFO 22:13:28] my_main Estimated time left: 4 hours, 43 minutes, 8 seconds. Time passed: 5 hours, 34 minutes, 1 seconds
[INFO 22:13:34] my_main Recent Stats | t_env:     981443 | Episode:    42121
amco_mixing_output_rms:    3.2554	amco_q_term_rms:           0.2820	amco_relu_zero_frac:       0.6068	amco_state_term_rms:       0.2867
amco_state_to_q_ratio:     1.0204	amco_state_value_rms:      5.2034	amco_v_to_m_ratio:         1.5996	battle_won_mean:           0.0838
credit_entropy:            0.9970	credit_grad_agent_0:       1.7306	credit_grad_agent_1:       1.8358	credit_grad_agent_2:       2.0784
credit_grad_agent_3:       1.8240	credit_grad_agent_4:       1.9083	credit_grad_cv:            0.9660	credit_grad_max:           7.6499
credit_grad_mean:          1.8754	credit_grad_median:        0.9815	credit_grad_min:           0.1974	credit_grad_near_zero_frac:  0.0000
credit_grad_negative_frac:  0.0000	credit_grad_p10:           0.2726	credit_grad_p90:           4.7545	credit_grad_std:           1.8106
credit_max_share:          0.2249	dead_allies_mean:          4.7192	dead_enemies_mean:         3.6190	ep_length_mean:           26.4215
epsilon:                   0.0500	grad_norm:                 7.2867	loss:                      0.5982	q_taken_mean:              1.1558
return_mean:               9.4420	return_std:                3.5297	target_mean:               1.1578	td_error_abs:              0.4542
test_battle_won_mean:      0.3875	test_dead_allies_mean:     3.9312	test_dead_enemies_mean:    4.6688	test_ep_length_mean:      26.1250
test_return_mean:         13.4733	test_return_std:           5.2189	
[INFO 22:14:07] my_main Updated target network
[INFO 22:15:26] my_main Updated target network
[INFO 22:16:09] my_main t_env: 991459 / 2050000
[INFO 22:16:09] my_main Estimated time left: 4 hours, 42 minutes, 51 seconds. Time passed: 5 hours, 36 minutes, 42 seconds
[INFO 22:16:16] my_main Recent Stats | t_env:     991459 | Episode:    42500
amco_mixing_output_rms:    3.1912	amco_q_term_rms:           0.2796	amco_relu_zero_frac:       0.6152	amco_state_term_rms:       0.2892
amco_state_to_q_ratio:     1.0364	amco_state_value_rms:      5.1137	amco_v_to_m_ratio:         1.6060	battle_won_mean:           0.0868
credit_entropy:            0.9971	credit_grad_agent_0:       1.7237	credit_grad_agent_1:       1.8048	credit_grad_agent_2:       2.0720
credit_grad_agent_3:       1.8256	credit_grad_agent_4:       1.8924	credit_grad_cv:            0.9911	credit_grad_max:           7.7987
credit_grad_mean:          1.8637	credit_grad_median:        0.8991	credit_grad_min:           0.1792	credit_grad_near_zero_frac:  0.0000
credit_grad_negative_frac:  0.0000	credit_grad_p10:           0.2581	credit_grad_p90:           4.7776	credit_grad_std:           1.8441
credit_max_share:          0.2245	dead_allies_mean:          4.7018	dead_enemies_mean:         3.5930	ep_length_mean:           26.5308
epsilon:                   0.0500	grad_norm:                 6.6255	loss:                      0.6022	q_taken_mean:              1.1175
return_mean:               9.4400	return_std:                3.5885	target_mean:               1.1140	td_error_abs:              0.4480
test_battle_won_mean:      0.3688	test_dead_allies_mean:     3.9750	test_dead_enemies_mean:    4.6000	test_ep_length_mean:      25.7063
test_return_mean:         13.2783	test_return_std:           5.1413	
[INFO 22:16:56] my_main Updated target network
[INFO 22:18:19] my_main Updated target network
[INFO 22:18:46] my_main t_env: 1001465 / 2050000
[INFO 22:18:46] my_main Estimated time left: 4 hours, 33 minutes, 42 seconds. Time passed: 5 hours, 39 minutes, 19 seconds
[INFO 22:18:53] my_main Recent Stats | t_env:    1001465 | Episode:    42869
amco_mixing_output_rms:    3.3061	amco_q_term_rms:           0.2736	amco_relu_zero_frac:       0.5989	amco_state_term_rms:       0.2752
amco_state_to_q_ratio:     1.0059	amco_state_value_rms:      5.2377	amco_v_to_m_ratio:         1.5899	battle_won_mean:           0.0909
credit_entropy:            0.9971	credit_grad_agent_0:       1.8407	credit_grad_agent_1:       1.9007	credit_grad_agent_2:       2.1893
credit_grad_agent_3:       1.9414	credit_grad_agent_4:       2.0038	credit_grad_cv:            0.9508	credit_grad_max:           7.9093
credit_grad_mean:          1.9752	credit_grad_median:        1.1249	credit_grad_min:           0.1837	credit_grad_near_zero_frac:  0.0000
credit_grad_negative_frac:  0.0000	credit_grad_p10:           0.2669	credit_grad_p90:           4.8375	credit_grad_std:           1.8609
credit_max_share:          0.2242	dead_allies_mean:          4.6955	dead_enemies_mean:         3.6109	ep_length_mean:           26.8970
epsilon:                   0.0500	grad_norm:                 7.9320	loss:                      0.6791	q_taken_mean:              1.1774
return_mean:               9.5032	return_std:                3.6403	target_mean:               1.1900	td_error_abs:              0.4862
test_battle_won_mean:      0.3625	test_dead_allies_mean:     3.9562	test_dead_enemies_mean:    4.6562	test_ep_length_mean:      25.7188
test_return_mean:         13.3026	test_return_std:           5.0378	
[INFO 22:19:48] my_main Updated target network
[INFO 22:21:09] my_main Updated target network
[INFO 22:21:29] my_main t_env: 1011477 / 2050000
[INFO 22:21:29] my_main Estimated time left: 4 hours, 43 minutes, 5 seconds. Time passed: 5 hours, 42 minutes, 2 seconds
[INFO 22:21:36] my_main Recent Stats | t_env:    1011477 | Episode:    43250
amco_mixing_output_rms:    3.4106	amco_q_term_rms:           0.2775	amco_relu_zero_frac:       0.5923	amco_state_term_rms:       0.2642
amco_state_to_q_ratio:     0.9518	amco_state_value_rms:      5.3200	amco_v_to_m_ratio:         1.5710	battle_won_mean:           0.0973
credit_entropy:            0.9971	credit_grad_agent_0:       1.9013	credit_grad_agent_1:       1.9509	credit_grad_agent_2:       2.2550
credit_grad_agent_3:       1.9969	credit_grad_agent_4:       2.0478	credit_grad_cv:            0.9426	credit_grad_max:           8.2464
credit_grad_mean:          2.0304	credit_grad_median:        1.1935	credit_grad_min:           0.1917	credit_grad_near_zero_frac:  0.0000
credit_grad_negative_frac:  0.0000	credit_grad_p10:           0.2858	credit_grad_p90:           4.9174	credit_grad_std:           1.8946
credit_max_share:          0.2242	dead_allies_mean:          4.6804	dead_enemies_mean:         3.6433	ep_length_mean:           26.9350
epsilon:                   0.0500	grad_norm:                 7.3352	loss:                      0.6818	q_taken_mean:              1.2154
return_mean:               9.6018	return_std:                3.7325	target_mean:               1.2286	td_error_abs:              0.4868
test_battle_won_mean:      0.3625	test_dead_allies_mean:     3.9500	test_dead_enemies_mean:    4.6375	test_ep_length_mean:      25.3438
test_return_mean:         13.2736	test_return_std:           5.0802	
[INFO 22:22:32] my_main Updated target network
[INFO 22:24:01] my_main Updated target network
[INFO 22:24:07] my_main t_env: 1021485 / 2050000
[INFO 22:24:07] my_main Estimated time left: 4 hours, 29 minutes, 35 seconds. Time passed: 5 hours, 44 minutes, 40 seconds
RequestQuit command received.
DataHandler: unable to parse websocket frame.
CloseHandler: 127.0.0.1:47440 disconnected
Closing Application...
[INFO 22:24:15] absl Shutdown gracefully.
[INFO 22:24:15] absl Shutdown with return code: -15
[INFO 22:24:15] absl Launching SC2: /data/workspace/wxr/pymarl-monotone-qmix/3rdparty/StarCraftII/Versions/Base75689/SC2_x64 -listen 127.0.0.1 -port 34145 -dataDir /data/workspace/wxr/pymarl-monotone-qmix/3rdparty/StarCraftII/ -tempDir /tmp/sc-qwoi__fr/
[INFO 22:24:15] absl Connecting to: ws://127.0.0.1:34145/sc2api, attempt: 0, running: True
Version: B75689 (SC2.4.10)
Build: Aug 12 2019 17:16:57
Command Line: '"/data/workspace/wxr/pymarl-monotone-qmix/3rdparty/StarCraftII/Versions/Base75689/SC2_x64" -listen 127.0.0.1 -port 34145 -dataDir /data/workspace/wxr/pymarl-monotone-qmix/3rdparty/StarCraftII/ -tempDir /tmp/sc-qwoi__fr/'
Starting up...
Startup Phase 1 complete
[INFO 22:24:16] absl Connecting to: ws://127.0.0.1:34145/sc2api, attempt: 1, running: True
Startup Phase 2 complete
Creating stub renderer...
Listening on: 127.0.0.1:34145
Startup Phase 3 complete. Ready for commands.
[INFO 22:24:17] absl Connecting to: ws://127.0.0.1:34145/sc2api, attempt: 2, running: True
ConnectHandler: Request from 127.0.0.1:37512 accepted
ReadyHandler: 127.0.0.1:37512 ready
Requesting to join a single player game
Configuring interface options
Configure: raw interface enabled
Configure: feature layer interface disabled
Configure: score interface disabled
Configure: render interface disabled
Launching next game.
Next launch phase started: 2
Next launch phase started: 3
Next launch phase started: 4
Next launch phase started: 5
Next launch phase started: 6
Next launch phase started: 7
Next launch phase started: 8
Game has started.
Using default stable ids, none found at: /data/workspace/wxr/pymarl-monotone-qmix/3rdparty/StarCraftII/stableid.json
Successfully loaded stable ids: GameData\stableid.json
Sending ResponseJoinGame
[INFO 22:24:22] my_main Recent Stats | t_env:    1021485 | Episode:    43614
amco_mixing_output_rms:    3.4905	amco_q_term_rms:           0.2798	amco_relu_zero_frac:       0.5947	amco_state_term_rms:       0.2511
amco_state_to_q_ratio:     0.8968	amco_state_value_rms:      5.3817	amco_v_to_m_ratio:         1.5526	battle_won_mean:           0.0987
credit_entropy:            0.9970	credit_grad_agent_0:       1.8712	credit_grad_agent_1:       1.9133	credit_grad_agent_2:       2.2269
credit_grad_agent_3:       1.9691	credit_grad_agent_4:       2.0182	credit_grad_cv:            0.9464	credit_grad_max:           8.3708
credit_grad_mean:          1.9998	credit_grad_median:        1.1707	credit_grad_min:           0.1894	credit_grad_near_zero_frac:  0.0000
credit_grad_negative_frac:  0.0000	credit_grad_p10:           0.2947	credit_grad_p90:           4.8521	credit_grad_std:           1.8714
credit_max_share:          0.2241	dead_allies_mean:          4.6867	dead_enemies_mean:         3.6624	ep_length_mean:           26.8639
epsilon:                   0.0500	grad_norm:                 6.6518	loss:                      0.6094	q_taken_mean:              1.2331
return_mean:               9.6214	return_std:                3.7571	target_mean:               1.2468	td_error_abs:              0.4646
test_battle_won_mean:      0.3375	test_dead_allies_mean:     4.0187	test_dead_enemies_mean:    4.5812	test_ep_length_mean:      26.2500
test_return_mean:         12.9667	test_return_std:           5.1548	
[INFO 22:25:42] my_main Updated target network
[INFO 22:26:55] my_main t_env: 1031491 / 2050000
[INFO 22:26:55] my_main Estimated time left: 4 hours, 45 minutes, 27 seconds. Time passed: 5 hours, 47 minutes, 28 seconds
[INFO 22:27:02] my_main Recent Stats | t_env:    1031491 | Episode:    43992
amco_mixing_output_rms:    3.3743	amco_q_term_rms:           0.2858	amco_relu_zero_frac:       0.6098	amco_state_term_rms:       0.2553
amco_state_to_q_ratio:     0.8925	amco_state_value_rms:      5.3744	amco_v_to_m_ratio:         1.6178	battle_won_mean:           0.1026
credit_entropy:            0.9971	credit_grad_agent_0:       1.8143	credit_grad_agent_1:       1.8454	credit_grad_agent_2:       2.1405
credit_grad_agent_3:       1.9089	credit_grad_agent_4:       1.9484	credit_grad_cv:            0.9658	credit_grad_max:           8.2834
credit_grad_mean:          1.9315	credit_grad_median:        1.0925	credit_grad_min:           0.1877	credit_grad_near_zero_frac:  0.0000
credit_grad_negative_frac:  0.0000	credit_grad_p10:           0.2901	credit_grad_p90:           4.7743	credit_grad_std:           1.8382
credit_max_share:          0.2231	dead_allies_mean:          4.6709	dead_enemies_mean:         3.6452	ep_length_mean:           26.7575
epsilon:                   0.0500	grad_norm:                 5.7801	loss:                      0.5569	q_taken_mean:              1.1964
return_mean:               9.6320	return_std:                3.8331	target_mean:               1.2057	td_error_abs:              0.4446
test_battle_won_mean:      0.3312	test_dead_allies_mean:     4.0187	test_dead_enemies_mean:    4.5750	test_ep_length_mean:      26.5375
test_return_mean:         12.9151	test_return_std:           5.1185	
[INFO 22:27:06] my_main Updated target network
[INFO 22:28:29] my_main Updated target network
[INFO 22:29:34] my_main t_env: 1041501 / 2050000
[INFO 22:29:34] my_main Estimated time left: 4 hours, 27 minutes, 29 seconds. Time passed: 5 hours, 50 minutes, 7 seconds
[INFO 22:29:41] my_main Recent Stats | t_env:    1041501 | Episode:    44368
amco_mixing_output_rms:    3.4428	amco_q_term_rms:           0.2852	amco_relu_zero_frac:       0.5986	amco_state_term_rms:       0.2586
amco_state_to_q_ratio:     0.9063	amco_state_value_rms:      5.4663	amco_v_to_m_ratio:         1.6098	battle_won_mean:           0.1054
credit_entropy:            0.9969	credit_grad_agent_0:       1.8349	credit_grad_agent_1:       1.8513	credit_grad_agent_2:       2.1495
credit_grad_agent_3:       1.9339	credit_grad_agent_4:       1.9610	credit_grad_cv:            0.9316	credit_grad_max:           8.1525
credit_grad_mean:          1.9461	credit_grad_median:        1.2025	credit_grad_min:           0.2003	credit_grad_near_zero_frac:  0.0000
credit_grad_negative_frac:  0.0000	credit_grad_p10:           0.2993	credit_grad_p90:           4.6948	credit_grad_std:           1.7905
credit_max_share:          0.2235	dead_allies_mean:          4.6693	dead_enemies_mean:         3.6669	ep_length_mean:           26.7965
epsilon:                   0.0500	grad_norm:                 6.2566	loss:                      0.5635	q_taken_mean:              1.2344
return_mean:               9.6862	return_std:                3.8649	target_mean:               1.2394	td_error_abs:              0.4563
test_battle_won_mean:      0.3500	test_dead_allies_mean:     3.9500	test_dead_enemies_mean:    4.6437	test_ep_length_mean:      26.6125
test_return_mean:         13.1356	test_return_std:           5.1786	
[INFO 22:29:53] my_main Updated target network
[INFO 22:31:08] my_main Updated target network
[INFO 22:32:10] my_main t_env: 1051531 / 2050000
[INFO 22:32:10] my_main Estimated time left: 4 hours, 19 minutes, 2 seconds. Time passed: 5 hours, 52 minutes, 43 seconds
[INFO 22:32:17] my_main Recent Stats | t_env:    1051531 | Episode:    44760
amco_mixing_output_rms:    3.3178	amco_q_term_rms:           0.2964	amco_relu_zero_frac:       0.6152	amco_state_term_rms:       0.2631
amco_state_to_q_ratio:     0.8894	amco_state_value_rms:      5.4674	amco_v_to_m_ratio:         1.6726	battle_won_mean:           0.1011
credit_entropy:            0.9967	credit_grad_agent_0:       1.7642	credit_grad_agent_1:       1.7574	credit_grad_agent_2:       2.0621
credit_grad_agent_3:       1.8755	credit_grad_agent_4:       1.8691	credit_grad_cv:            0.9592	credit_grad_max:           8.3030
credit_grad_mean:          1.8656	credit_grad_median:        1.0061	credit_grad_min:           0.1882	credit_grad_near_zero_frac:  0.0000
credit_grad_negative_frac:  0.0000	credit_grad_p10:           0.3009	credit_grad_p90:           4.6535	credit_grad_std:           1.7801
credit_max_share:          0.2239	dead_allies_mean:          4.6756	dead_enemies_mean:         3.6747	ep_length_mean:           26.4905
epsilon:                   0.0500	grad_norm:                 5.5105	loss:                      0.4970	q_taken_mean:              1.2010
return_mean:               9.6820	return_std:                3.7901	target_mean:               1.2011	td_error_abs:              0.4299
test_battle_won_mean:      0.3750	test_dead_allies_mean:     3.8563	test_dead_enemies_mean:    4.6437	test_ep_length_mean:      25.9062
test_return_mean:         13.3483	test_return_std:           5.3009	
[INFO 22:32:33] my_main Updated target network
[INFO 22:33:54] my_main Updated target network
[INFO 22:34:52] my_main t_env: 1061542 / 2050000
[INFO 22:34:52] my_main Estimated time left: 4 hours, 25 minutes, 28 seconds. Time passed: 5 hours, 55 minutes, 25 seconds
[INFO 22:34:58] my_main Recent Stats | t_env:    1061542 | Episode:    45161
amco_mixing_output_rms:    3.0886	amco_q_term_rms:           0.3007	amco_relu_zero_frac:       0.6341	amco_state_term_rms:       0.2681
amco_state_to_q_ratio:     0.8938	amco_state_value_rms:      5.3810	amco_v_to_m_ratio:         1.7562	battle_won_mean:           0.1011
credit_entropy:            0.9966	credit_grad_agent_0:       1.6699	credit_grad_agent_1:       1.6447	credit_grad_agent_2:       1.9541
credit_grad_agent_3:       1.7962	credit_grad_agent_4:       1.7609	credit_grad_cv:            0.9910	credit_grad_max:           8.1113
credit_grad_mean:          1.7652	credit_grad_median:        0.8624	credit_grad_min:           0.1649	credit_grad_near_zero_frac:  0.0000
credit_grad_negative_frac:  0.0000	credit_grad_p10:           0.2812	credit_grad_p90:           4.5563	credit_grad_std:           1.7435
credit_max_share:          0.2243	dead_allies_mean:          4.6820	dead_enemies_mean:         3.6482	ep_length_mean:           26.2279
epsilon:                   0.0500	grad_norm:                 5.4597	loss:                      0.4733	q_taken_mean:              1.1368
return_mean:               9.6492	return_std:                3.8017	target_mean:               1.1462	td_error_abs:              0.4162
test_battle_won_mean:      0.3563	test_dead_allies_mean:     3.9188	test_dead_enemies_mean:    4.5750	test_ep_length_mean:      25.7937
test_return_mean:         13.1278	test_return_std:           5.2788	
[INFO 22:35:15] my_main Updated target network
[INFO 22:36:35] my_main Updated target network
[INFO 22:37:35] my_main t_env: 1071555 / 2050000
[INFO 22:37:35] my_main Estimated time left: 4 hours, 26 minutes, 34 seconds. Time passed: 5 hours, 58 minutes, 8 seconds
[INFO 22:37:43] my_main Recent Stats | t_env:    1071555 | Episode:    45558
amco_mixing_output_rms:    2.8730	amco_q_term_rms:           0.3112	amco_relu_zero_frac:       0.6543	amco_state_term_rms:       0.2728
amco_state_to_q_ratio:     0.8805	amco_state_value_rms:      5.2891	amco_v_to_m_ratio:         1.8493	battle_won_mean:           0.1045
credit_entropy:            0.9965	credit_grad_agent_0:       1.5802	credit_grad_agent_1:       1.5366	credit_grad_agent_2:       1.8462
credit_grad_agent_3:       1.7040	credit_grad_agent_4:       1.6472	credit_grad_cv:            1.0285	credit_grad_max:           8.0557
credit_grad_mean:          1.6628	credit_grad_median:        0.7861	credit_grad_min:           0.1528	credit_grad_near_zero_frac:  0.0000
credit_grad_negative_frac:  0.0000	credit_grad_p10:           0.2666	credit_grad_p90:           4.3738	credit_grad_std:           1.6884
credit_max_share:          0.2248	dead_allies_mean:          4.6811	dead_enemies_mean:         3.6666	ep_length_mean:           25.7733
epsilon:                   0.0500	grad_norm:                 5.4736	loss:                      0.4362	q_taken_mean:              1.0757
return_mean:               9.7247	return_std:                3.8401	target_mean:               1.0894	td_error_abs:              0.4010
test_battle_won_mean:      0.3438	test_dead_allies_mean:     3.9688	test_dead_enemies_mean:    4.5500	test_ep_length_mean:      25.7937
test_return_mean:         13.0057	test_return_std:           5.2101	
[INFO 22:38:02] my_main Updated target network
[INFO 22:39:20] my_main Updated target network
[INFO 22:40:17] my_main t_env: 1081574 / 2050000
[INFO 22:40:17] my_main Estimated time left: 4 hours, 20 minutes, 8 seconds. Time passed: 6 hours, 50 seconds
RequestQuit command received.
Closing Application...
DataHandler: unable to parse websocket frame.
CloseHandler: 127.0.0.1:37512 disconnected
[INFO 22:40:23] absl Shutdown gracefully.
[INFO 22:40:23] absl Shutdown with return code: -15
[INFO 22:40:23] absl Launching SC2: /data/workspace/wxr/pymarl-monotone-qmix/3rdparty/StarCraftII/Versions/Base75689/SC2_x64 -listen 127.0.0.1 -port 38085 -dataDir /data/workspace/wxr/pymarl-monotone-qmix/3rdparty/StarCraftII/ -tempDir /tmp/sc-1wqh99q4/
Version: B75689 (SC2.4.10)
Build: Aug 12 2019 17:16:57
Command Line: '"/data/workspace/wxr/pymarl-monotone-qmix/3rdparty/StarCraftII/Versions/Base75689/SC2_x64" -listen 127.0.0.1 -port 38085 -dataDir /data/workspace/wxr/pymarl-monotone-qmix/3rdparty/StarCraftII/ -tempDir /tmp/sc-1wqh99q4/'
[INFO 22:40:23] absl Connecting to: ws://127.0.0.1:38085/sc2api, attempt: 0, running: True
Starting up...
Startup Phase 1 complete
[INFO 22:40:24] absl Connecting to: ws://127.0.0.1:38085/sc2api, attempt: 1, running: True
Startup Phase 2 complete
Creating stub renderer...
Listening on: 127.0.0.1:38085
Startup Phase 3 complete. Ready for commands.
[INFO 22:40:25] absl Connecting to: ws://127.0.0.1:38085/sc2api, attempt: 2, running: True
ConnectHandler: Request from 127.0.0.1:50436 accepted
ReadyHandler: 127.0.0.1:50436 ready
Requesting to join a single player game
Configuring interface options
Configure: raw interface enabled
Configure: feature layer interface disabled
Configure: score interface disabled
Configure: render interface disabled
Launching next game.
Next launch phase started: 2
Next launch phase started: 3
Next launch phase started: 4
Next launch phase started: 5
Next launch phase started: 6
Next launch phase started: 7
Next launch phase started: 8
Game has started.
Using default stable ids, none found at: /data/workspace/wxr/pymarl-monotone-qmix/3rdparty/StarCraftII/stableid.json
Successfully loaded stable ids: GameData\stableid.json
Sending ResponseJoinGame
[INFO 22:40:31] my_main Recent Stats | t_env:    1081574 | Episode:    45943
amco_mixing_output_rms:    2.8298	amco_q_term_rms:           0.3144	amco_relu_zero_frac:       0.6543	amco_state_term_rms:       0.2747
amco_state_to_q_ratio:     0.8771	amco_state_value_rms:      5.2336	amco_v_to_m_ratio:         1.8604	battle_won_mean:           0.1120
credit_entropy:            0.9963	credit_grad_agent_0:       1.5855	credit_grad_agent_1:       1.5449	credit_grad_agent_2:       1.8727
credit_grad_agent_3:       1.7105	credit_grad_agent_4:       1.6448	credit_grad_cv:            1.0380	credit_grad_max:           8.3117
credit_grad_mean:          1.6717	credit_grad_median:        0.7970	credit_grad_min:           0.1403	credit_grad_near_zero_frac:  0.0000
credit_grad_negative_frac:  0.0000	credit_grad_p10:           0.2575	credit_grad_p90:           4.4060	credit_grad_std:           1.7132
credit_max_share:          0.2261	dead_allies_mean:          4.6753	dead_enemies_mean:         3.7118	ep_length_mean:           25.6838
epsilon:                   0.0500	grad_norm:                 5.9495	loss:                      0.4490	q_taken_mean:              1.0688
return_mean:               9.8523	return_std:                3.9170	target_mean:               1.0792	td_error_abs:              0.4043
test_battle_won_mean:      0.3625	test_dead_allies_mean:     3.8813	test_dead_enemies_mean:    4.5187	test_ep_length_mean:      26.0375
test_return_mean:         13.0995	test_return_std:           5.3795	
[INFO 22:40:56] my_main Updated target network
[INFO 22:42:13] my_main Updated target network
[INFO 22:43:11] my_main t_env: 1091593 / 2050000
[INFO 22:43:11] my_main Estimated time left: 4 hours, 37 minutes, 45 seconds. Time passed: 6 hours, 3 minutes, 44 seconds
[INFO 22:43:17] my_main Recent Stats | t_env:    1091593 | Episode:    46357
amco_mixing_output_rms:    2.7236	amco_q_term_rms:           0.3243	amco_relu_zero_frac:       0.6666	amco_state_term_rms:       0.2837
amco_state_to_q_ratio:     0.8745	amco_state_value_rms:      5.1723	amco_v_to_m_ratio:         1.9037	battle_won_mean:           0.1156
credit_entropy:            0.9962	credit_grad_agent_0:       1.5314	credit_grad_agent_1:       1.4934	credit_grad_agent_2:       1.8459
credit_grad_agent_3:       1.6674	credit_grad_agent_4:       1.5912	credit_grad_cv:            1.0665	credit_grad_max:           8.5578
credit_grad_mean:          1.6258	credit_grad_median:        0.7167	credit_grad_min:           0.1326	credit_grad_near_zero_frac:  0.0000
credit_grad_negative_frac:  0.0000	credit_grad_p10:           0.2394	credit_grad_p90:           4.3829	credit_grad_std:           1.7168
credit_max_share:          0.2270	dead_allies_mean:          4.6758	dead_enemies_mean:         3.7078	ep_length_mean:           25.1995
epsilon:                   0.0500	grad_norm:                 6.2126	loss:                      0.4445	q_taken_mean:              1.0353
return_mean:               9.8801	return_std:                3.9684	target_mean:               1.0476	td_error_abs:              0.3979
test_battle_won_mean:      0.3563	test_dead_allies_mean:     3.8875	test_dead_enemies_mean:    4.5438	test_ep_length_mean:      26.1750
test_return_mean:         13.1085	test_return_std:           5.3057	
[INFO 22:43:35] my_main Updated target network
[INFO 22:44:50] my_main Updated target network
[INFO 22:45:56] my_main t_env: 1101609 / 2050000
[INFO 22:45:56] my_main Estimated time left: 4 hours, 20 minutes, 30 seconds. Time passed: 6 hours, 6 minutes, 29 seconds
[INFO 22:46:03] my_main Recent Stats | t_env:    1101609 | Episode:    46775
amco_mixing_output_rms:    2.7532	amco_q_term_rms:           0.3240	amco_relu_zero_frac:       0.6682	amco_state_term_rms:       0.2929
amco_state_to_q_ratio:     0.9044	amco_state_value_rms:      5.1599	amco_v_to_m_ratio:         1.8827	battle_won_mean:           0.1188
credit_entropy:            0.9958	credit_grad_agent_0:       1.4578	credit_grad_agent_1:       1.4313	credit_grad_agent_2:       1.8088
credit_grad_agent_3:       1.6086	credit_grad_agent_4:       1.5295	credit_grad_cv:            1.0906	credit_grad_max:           8.7631
credit_grad_mean:          1.5672	credit_grad_median:        0.6525	credit_grad_min:           0.1306	credit_grad_near_zero_frac:  0.0000
credit_grad_negative_frac:  0.0000	credit_grad_p10:           0.2258	credit_grad_p90:           4.3164	credit_grad_std:           1.7017
credit_max_share:          0.2286	dead_allies_mean:          4.6698	dead_enemies_mean:         3.6941	ep_length_mean:           24.8745
epsilon:                   0.0500	grad_norm:                 5.4276	loss:                      0.4227	q_taken_mean:              1.0386
return_mean:               9.8827	return_std:                4.0173	target_mean:               1.0463	td_error_abs:              0.3861
test_battle_won_mean:      0.3438	test_dead_allies_mean:     3.9375	test_dead_enemies_mean:    4.5187	test_ep_length_mean:      26.4688
test_return_mean:         12.9637	test_return_std:           5.2818	
[INFO 22:46:14] my_main Updated target network
[INFO 22:47:31] my_main Updated target network
[INFO 22:48:42] my_main t_env: 1111620 / 2050000
[INFO 22:48:42] my_main Estimated time left: 4 hours, 18 minutes, 53 seconds. Time passed: 6 hours, 9 minutes, 15 seconds
[INFO 22:48:49] my_main Recent Stats | t_env:    1111620 | Episode:    47180
amco_mixing_output_rms:    2.7665	amco_q_term_rms:           0.3290	amco_relu_zero_frac:       0.6708	amco_state_term_rms:       0.2923
amco_state_to_q_ratio:     0.8891	amco_state_value_rms:      5.1995	amco_v_to_m_ratio:         1.8880	battle_won_mean:           0.1226
credit_entropy:            0.9956	credit_grad_agent_0:       1.4371	credit_grad_agent_1:       1.4264	credit_grad_agent_2:       1.8077
credit_grad_agent_3:       1.6004	credit_grad_agent_4:       1.5160	credit_grad_cv:            1.0904	credit_grad_max:           9.0397
credit_grad_mean:          1.5575	credit_grad_median:        0.6518	credit_grad_min:           0.1202	credit_grad_near_zero_frac:  0.0000
credit_grad_negative_frac:  0.0000	credit_grad_p10:           0.2294	credit_grad_p90:           4.2720	credit_grad_std:           1.6912
credit_max_share:          0.2296	dead_allies_mean:          4.6565	dead_enemies_mean:         3.7057	ep_length_mean:           24.8252
epsilon:                   0.0500	grad_norm:                 5.1201	loss:                      0.4271	q_taken_mean:              1.0482
return_mean:               9.9330	return_std:                4.0655	target_mean:               1.0549	td_error_abs:              0.3922
test_battle_won_mean:      0.3312	test_dead_allies_mean:     3.9562	test_dead_enemies_mean:    4.5000	test_ep_length_mean:      26.4875
test_return_mean:         12.8460	test_return_std:           5.2057	
[INFO 22:48:57] my_main Updated target network
[INFO 22:50:17] my_main Updated target network
[INFO 22:51:24] my_main t_env: 1121622 / 2050000
[INFO 22:51:24] my_main Estimated time left: 4 hours, 10 minutes, 46 seconds. Time passed: 6 hours, 11 minutes, 57 seconds
[INFO 22:51:31] my_main Recent Stats | t_env:    1121622 | Episode:    47581
amco_mixing_output_rms:    2.8745	amco_q_term_rms:           0.3203	amco_relu_zero_frac:       0.6471	amco_state_term_rms:       0.2895
amco_state_to_q_ratio:     0.9038	amco_state_value_rms:      5.2800	amco_v_to_m_ratio:         1.8445	battle_won_mean:           0.1193
credit_entropy:            0.9952	credit_grad_agent_0:       1.5466	credit_grad_agent_1:       1.5574	credit_grad_agent_2:       1.9643
credit_grad_agent_3:       1.7283	credit_grad_agent_4:       1.6387	credit_grad_cv:            1.0371	credit_grad_max:           9.0328
credit_grad_mean:          1.6871	credit_grad_median:        0.8114	credit_grad_min:           0.1259	credit_grad_near_zero_frac:  0.0000
credit_grad_negative_frac:  0.0000	credit_grad_p10:           0.2470	credit_grad_p90:           4.4540	credit_grad_std:           1.7432
credit_max_share:          0.2310	dead_allies_mean:          4.6711	dead_enemies_mean:         3.6848	ep_length_mean:           24.7693
epsilon:                   0.0500	grad_norm:                 6.2600	loss:                      0.4969	q_taken_mean:              1.1069
return_mean:               9.8640	return_std:                4.0337	target_mean:               1.1183	td_error_abs:              0.4300
test_battle_won_mean:      0.2875	test_dead_allies_mean:     4.1000	test_dead_enemies_mean:    4.3875	test_ep_length_mean:      26.0312
test_return_mean:         12.3177	test_return_std:           4.9359	
[INFO 22:51:39] my_main Updated target network
[INFO 22:52:59] my_main Updated target network
[INFO 22:54:16] my_main t_env: 1131625 / 2050000
[INFO 22:54:16] my_main Estimated time left: 4 hours, 22 minutes, 56 seconds. Time passed: 6 hours, 14 minutes, 49 seconds
[INFO 22:54:23] my_main Recent Stats | t_env:    1131625 | Episode:    48000
amco_mixing_output_rms:    2.9566	amco_q_term_rms:           0.3141	amco_relu_zero_frac:       0.6383	amco_state_term_rms:       0.2755
amco_state_to_q_ratio:     0.8753	amco_state_value_rms:      5.3847	amco_v_to_m_ratio:         1.8245	battle_won_mean:           0.1151
credit_entropy:            0.9948	credit_grad_agent_0:       1.5959	credit_grad_agent_1:       1.6036	credit_grad_agent_2:       2.0572
credit_grad_agent_3:       1.7793	credit_grad_agent_4:       1.6883	credit_grad_cv:            1.0117	credit_grad_max:           9.2248
credit_grad_mean:          1.7449	credit_grad_median:        0.9025	credit_grad_min:           0.1193	credit_grad_near_zero_frac:  0.0000
credit_grad_negative_frac:  0.0000	credit_grad_p10:           0.2727	credit_grad_p90:           4.5128	credit_grad_std:           1.7572
credit_max_share:          0.2325	dead_allies_mean:          4.6888	dead_enemies_mean:         3.6626	ep_length_mean:           24.3394
epsilon:                   0.0500	grad_norm:                 6.6128	loss:                      0.5090	q_taken_mean:              1.1543
return_mean:               9.7772	return_std:                3.9889	target_mean:               1.1583	td_error_abs:              0.4451
test_battle_won_mean:      0.2938	test_dead_allies_mean:     4.1312	test_dead_enemies_mean:    4.4688	test_ep_length_mean:      25.9500
test_return_mean:         12.4993	test_return_std:           4.8420	
[INFO 22:54:24] my_main Updated target network
[INFO 22:55:38] my_main Updated target network
[INFO 22:56:55] my_main Updated target network
[INFO 22:57:04] my_main t_env: 1141642 / 2050000
[INFO 22:57:04] my_main Estimated time left: 4 hours, 13 minutes, 38 seconds. Time passed: 6 hours, 17 minutes, 37 seconds
RequestQuit command received.
Closing Application...
DataHandler: unable to parse websocket frame.
CloseHandler: 127.0.0.1:50436 disconnected
[INFO 22:57:08] absl Shutdown gracefully.
[INFO 22:57:08] absl Shutdown with return code: -15
[INFO 22:57:08] absl Launching SC2: /data/workspace/wxr/pymarl-monotone-qmix/3rdparty/StarCraftII/Versions/Base75689/SC2_x64 -listen 127.0.0.1 -port 43047 -dataDir /data/workspace/wxr/pymarl-monotone-qmix/3rdparty/StarCraftII/ -tempDir /tmp/sc-mxmd_zyq/
[INFO 22:57:08] absl Connecting to: ws://127.0.0.1:43047/sc2api, attempt: 0, running: True
Version: B75689 (SC2.4.10)
Build: Aug 12 2019 17:16:57
Command Line: '"/data/workspace/wxr/pymarl-monotone-qmix/3rdparty/StarCraftII/Versions/Base75689/SC2_x64" -listen 127.0.0.1 -port 43047 -dataDir /data/workspace/wxr/pymarl-monotone-qmix/3rdparty/StarCraftII/ -tempDir /tmp/sc-mxmd_zyq/'
Starting up...
Startup Phase 1 complete
[INFO 22:57:09] absl Connecting to: ws://127.0.0.1:43047/sc2api, attempt: 1, running: True
Startup Phase 2 complete
Creating stub renderer...
Listening on: 127.0.0.1:43047
Startup Phase 3 complete. Ready for commands.
[INFO 22:57:10] absl Connecting to: ws://127.0.0.1:43047/sc2api, attempt: 2, running: True
ConnectHandler: Request from 127.0.0.1:38380 accepted
ReadyHandler: 127.0.0.1:38380 ready
Requesting to join a single player game
Configuring interface options
Configure: raw interface enabled
Configure: feature layer interface disabled
Configure: score interface disabled
Configure: render interface disabled
Launching next game.
Next launch phase started: 2
Next launch phase started: 3
Next launch phase started: 4
Next launch phase started: 5
Next launch phase started: 6
Next launch phase started: 7
Next launch phase started: 8
Game has started.
Using default stable ids, none found at: /data/workspace/wxr/pymarl-monotone-qmix/3rdparty/StarCraftII/stableid.json
Successfully loaded stable ids: GameData\stableid.json
Sending ResponseJoinGame
[INFO 22:57:17] my_main Recent Stats | t_env:    1141642 | Episode:    48425
amco_mixing_output_rms:    2.9873	amco_q_term_rms:           0.3098	amco_relu_zero_frac:       0.6304	amco_state_term_rms:       0.2643
amco_state_to_q_ratio:     0.8529	amco_state_value_rms:      5.4147	amco_v_to_m_ratio:         1.8146	battle_won_mean:           0.1069
credit_entropy:            0.9944	credit_grad_agent_0:       1.6257	credit_grad_agent_1:       1.6228	credit_grad_agent_2:       2.0887
credit_grad_agent_3:       1.7827	credit_grad_agent_4:       1.6846	credit_grad_cv:            1.0094	credit_grad_max:           9.4176
credit_grad_mean:          1.7609	credit_grad_median:        0.9221	credit_grad_min:           0.1048	credit_grad_near_zero_frac:  0.0000
credit_grad_negative_frac:  0.0000	credit_grad_p10:           0.2870	credit_grad_p90:           4.5322	credit_grad_std:           1.7705
credit_max_share:          0.2339	dead_allies_mean:          4.7122	dead_enemies_mean:         3.6511	ep_length_mean:           24.2132
epsilon:                   0.0500	grad_norm:                 6.2035	loss:                      0.4978	q_taken_mean:              1.1777
return_mean:               9.7021	return_std:                3.8715	target_mean:               1.1854	td_error_abs:              0.4432
test_battle_won_mean:      0.2687	test_dead_allies_mean:     4.2375	test_dead_enemies_mean:    4.3500	test_ep_length_mean:      25.7125
test_return_mean:         12.1208	test_return_std:           4.7841	
[INFO 22:58:25] my_main Updated target network
[INFO 22:59:43] my_main Updated target network
[INFO 23:00:00] my_main t_env: 1151647 / 2050000
[INFO 23:00:00] my_main Estimated time left: 4 hours, 23 minutes, 8 seconds. Time passed: 6 hours, 20 minutes, 32 seconds
[INFO 23:00:06] my_main Recent Stats | t_env:    1151647 | Episode:    48846
amco_mixing_output_rms:    2.9555	amco_q_term_rms:           0.3122	amco_relu_zero_frac:       0.6288	amco_state_term_rms:       0.2731
amco_state_to_q_ratio:     0.8730	amco_state_value_rms:      5.3760	amco_v_to_m_ratio:         1.8199	battle_won_mean:           0.1063
credit_entropy:            0.9942	credit_grad_agent_0:       1.6543	credit_grad_agent_1:       1.6311	credit_grad_agent_2:       2.1223
credit_grad_agent_3:       1.8074	credit_grad_agent_4:       1.6963	credit_grad_cv:            1.0041	credit_grad_max:           9.2183
credit_grad_mean:          1.7823	credit_grad_median:        0.9434	credit_grad_min:           0.0954	credit_grad_near_zero_frac:  0.0000
credit_grad_negative_frac:  0.0000	credit_grad_p10:           0.2804	credit_grad_p90:           4.5622	credit_grad_std:           1.7837
credit_max_share:          0.2344	dead_allies_mean:          4.7207	dead_enemies_mean:         3.6677	ep_length_mean:           24.1738
epsilon:                   0.0500	grad_norm:                 6.5245	loss:                      0.5187	q_taken_mean:              1.1675
return_mean:               9.7117	return_std:                3.8603	target_mean:               1.1729	td_error_abs:              0.4491
test_battle_won_mean:      0.2687	test_dead_allies_mean:     4.2687	test_dead_enemies_mean:    4.3438	test_ep_length_mean:      25.3875
test_return_mean:         12.1050	test_return_std:           4.8011	
[INFO 23:01:06] my_main Updated target network
[INFO 23:02:24] my_main Updated target network
[INFO 23:02:48] my_main t_env: 1161647 / 2050000
[INFO 23:02:48] my_main Estimated time left: 4 hours, 9 minutes, 54 seconds. Time passed: 6 hours, 23 minutes, 21 seconds
[INFO 23:02:55] my_main Recent Stats | t_env:    1161647 | Episode:    49263
amco_mixing_output_rms:    3.0218	amco_q_term_rms:           0.3071	amco_relu_zero_frac:       0.6148	amco_state_term_rms:       0.2791
amco_state_to_q_ratio:     0.9061	amco_state_value_rms:      5.3695	amco_v_to_m_ratio:         1.7798	battle_won_mean:           0.1032
credit_entropy:            0.9934	credit_grad_agent_0:       1.6925	credit_grad_agent_1:       1.6333	credit_grad_agent_2:       2.2158
credit_grad_agent_3:       1.8583	credit_grad_agent_4:       1.7305	credit_grad_cv:            0.9942	credit_grad_max:           9.2123
credit_grad_mean:          1.8261	credit_grad_median:        1.0085	credit_grad_min:           0.1009	credit_grad_near_zero_frac:  0.0000
credit_grad_negative_frac:  0.0000	credit_grad_p10:           0.2803	credit_grad_p90:           4.6230	credit_grad_std:           1.8115
credit_max_share:          0.2367	dead_allies_mean:          4.7346	dead_enemies_mean:         3.6667	ep_length_mean:           24.0262
epsilon:                   0.0500	grad_norm:                 7.0312	loss:                      0.5607	q_taken_mean:              1.1928
return_mean:               9.6867	return_std:                3.8172	target_mean:               1.1969	td_error_abs:              0.4614
test_battle_won_mean:      0.2750	test_dead_allies_mean:     4.3000	test_dead_enemies_mean:    4.3187	test_ep_length_mean:      25.3687
test_return_mean:         12.1356	test_return_std:           4.8647	
[INFO 23:03:49] my_main Updated target network
[INFO 23:05:06] my_main Updated target network
[INFO 23:05:30] my_main t_env: 1171663 / 2050000
[INFO 23:05:30] my_main Estimated time left: 3 hours, 57 minutes, 0 seconds. Time passed: 6 hours, 26 minutes, 3 seconds
[INFO 23:05:37] my_main Recent Stats | t_env:    1171663 | Episode:    49668
amco_mixing_output_rms:    3.0707	amco_q_term_rms:           0.3099	amco_relu_zero_frac:       0.6106	amco_state_term_rms:       0.2858
amco_state_to_q_ratio:     0.9196	amco_state_value_rms:      5.3790	amco_v_to_m_ratio:         1.7566	battle_won_mean:           0.1055
credit_entropy:            0.9928	credit_grad_agent_0:       1.6744	credit_grad_agent_1:       1.5940	credit_grad_agent_2:       2.2432
credit_grad_agent_3:       1.8553	credit_grad_agent_4:       1.7038	credit_grad_cv:            1.0069	credit_grad_max:           9.7254
credit_grad_mean:          1.8141	credit_grad_median:        0.9666	credit_grad_min:           0.0936	credit_grad_near_zero_frac:  0.0000
credit_grad_negative_frac:  0.0000	credit_grad_p10:           0.2715	credit_grad_p90:           4.5965	credit_grad_std:           1.8240
credit_max_share:          0.2392	dead_allies_mean:          4.7257	dead_enemies_mean:         3.6630	ep_length_mean:           23.9839
epsilon:                   0.0500	grad_norm:                 5.9638	loss:                      0.5343	q_taken_mean:              1.2107
return_mean:               9.7097	return_std:                3.8495	target_mean:               1.2077	td_error_abs:              0.4459
test_battle_won_mean:      0.3187	test_dead_allies_mean:     4.1813	test_dead_enemies_mean:    4.4437	test_ep_length_mean:      24.9500
test_return_mean:         12.7040	test_return_std:           5.0849	
[INFO 23:06:29] my_main Updated target network
[INFO 23:07:50] my_main Updated target network
[INFO 23:08:19] my_main t_env: 1181694 / 2050000
[INFO 23:08:19] my_main Estimated time left: 4 hours, 3 minutes, 1 seconds. Time passed: 6 hours, 28 minutes, 52 seconds
[INFO 23:08:25] my_main Recent Stats | t_env:    1181694 | Episode:    50078
amco_mixing_output_rms:    3.1871	amco_q_term_rms:           0.3090	amco_relu_zero_frac:       0.5971	amco_state_term_rms:       0.2926
amco_state_to_q_ratio:     0.9450	amco_state_value_rms:      5.3453	amco_v_to_m_ratio:         1.6848	battle_won_mean:           0.0987
credit_entropy:            0.9919	credit_grad_agent_0:       1.6860	credit_grad_agent_1:       1.5993	credit_grad_agent_2:       2.2891
credit_grad_agent_3:       1.8969	credit_grad_agent_4:       1.7110	credit_grad_cv:            0.9943	credit_grad_max:           9.9424
credit_grad_mean:          1.8364	credit_grad_median:        1.0430	credit_grad_min:           0.0936	credit_grad_near_zero_frac:  0.0000
credit_grad_negative_frac:  0.0000	credit_grad_p10:           0.2703	credit_grad_p90:           4.5758	credit_grad_std:           1.8197
credit_max_share:          0.2415	dead_allies_mean:          4.7399	dead_enemies_mean:         3.6601	ep_length_mean:           24.1024
epsilon:                   0.0500	grad_norm:                 5.5261	loss:                      0.5680	q_taken_mean:              1.2311
return_mean:               9.6563	return_std:                3.7528	target_mean:               1.2382	td_error_abs:              0.4565
test_battle_won_mean:      0.3125	test_dead_allies_mean:     4.1312	test_dead_enemies_mean:    4.4437	test_ep_length_mean:      24.6000
test_return_mean:         12.6172	test_return_std:           5.0836	
[INFO 23:09:13] my_main Updated target network
[INFO 23:10:32] my_main Updated target network
[INFO 23:11:04] my_main t_env: 1191709 / 2050000
[INFO 23:11:04] my_main Estimated time left: 3 hours, 56 minutes, 22 seconds. Time passed: 6 hours, 31 minutes, 37 seconds
[INFO 23:11:11] my_main Recent Stats | t_env:    1191709 | Episode:    50488
amco_mixing_output_rms:    3.2508	amco_q_term_rms:           0.3141	amco_relu_zero_frac:       0.6015	amco_state_term_rms:       0.2999
amco_state_to_q_ratio:     0.9538	amco_state_value_rms:      5.3887	amco_v_to_m_ratio:         1.6615	battle_won_mean:           0.1038
credit_entropy:            0.9911	credit_grad_agent_0:       1.6178	credit_grad_agent_1:       1.5354	credit_grad_agent_2:       2.2853
credit_grad_agent_3:       1.8775	credit_grad_agent_4:       1.6774	credit_grad_cv:            1.0088	credit_grad_max:          10.1143
credit_grad_mean:          1.7987	credit_grad_median:        1.0370	credit_grad_min:           0.0988	credit_grad_near_zero_frac:  0.0000
credit_grad_negative_frac:  0.0000	credit_grad_p10:           0.2709	credit_grad_p90:           4.4831	credit_grad_std:           1.8016
credit_max_share:          0.2443	dead_allies_mean:          4.7173	dead_enemies_mean:         3.6948	ep_length_mean:           24.2738
epsilon:                   0.0500	grad_norm:                 5.4290	loss:                      0.5666	q_taken_mean:              1.2409
return_mean:               9.7308	return_std:                3.8048	target_mean:               1.2436	td_error_abs:              0.4565
test_battle_won_mean:      0.3563	test_dead_allies_mean:     4.0250	test_dead_enemies_mean:    4.6000	test_ep_length_mean:      24.9812
test_return_mean:         13.1599	test_return_std:           5.2047	
[INFO 23:11:55] my_main Updated target network
[INFO 23:13:17] my_main Updated target network
[INFO 23:13:55] my_main t_env: 1201713 / 2050000
[INFO 23:13:55] my_main Estimated time left: 4 hours, 54 seconds. Time passed: 6 hours, 34 minutes, 28 seconds
DataHandler: unable to parse websocket frame.
RequestQuit command received.
CloseHandler: 127.0.0.1:38380 disconnected
Closing Application...
ResponseThread: No connection, dropping the response.
[INFO 23:13:59] absl Shutdown gracefully.
[INFO 23:13:59] absl Shutdown with return code: -15
[INFO 23:13:59] absl Launching SC2: /data/workspace/wxr/pymarl-monotone-qmix/3rdparty/StarCraftII/Versions/Base75689/SC2_x64 -listen 127.0.0.1 -port 43817 -dataDir /data/workspace/wxr/pymarl-monotone-qmix/3rdparty/StarCraftII/ -tempDir /tmp/sc-f_u_z03s/
Version: B75689 (SC2.4.10)
Build: Aug 12 2019 17:16:57
Command Line: '"/data/workspace/wxr/pymarl-monotone-qmix/3rdparty/StarCraftII/Versions/Base75689/SC2_x64" -listen 127.0.0.1 -port 43817 -dataDir /data/workspace/wxr/pymarl-monotone-qmix/3rdparty/StarCraftII/ -tempDir /tmp/sc-f_u_z03s/'
[INFO 23:13:59] absl Connecting to: ws://127.0.0.1:43817/sc2api, attempt: 0, running: True
Starting up...
Startup Phase 1 complete
[INFO 23:14:00] absl Connecting to: ws://127.0.0.1:43817/sc2api, attempt: 1, running: True
Startup Phase 2 complete
Creating stub renderer...
Listening on: 127.0.0.1:43817
Startup Phase 3 complete. Ready for commands.
[INFO 23:14:01] absl Connecting to: ws://127.0.0.1:43817/sc2api, attempt: 2, running: True
ConnectHandler: Request from 127.0.0.1:46250 accepted
ReadyHandler: 127.0.0.1:46250 ready
Requesting to join a single player game
Configuring interface options
Configure: raw interface enabled
Configure: feature layer interface disabled
Configure: score interface disabled
Configure: render interface disabled
Launching next game.
Next launch phase started: 2
Next launch phase started: 3
Next launch phase started: 4
Next launch phase started: 5
Next launch phase started: 6
Next launch phase started: 7
Next launch phase started: 8
Game has started.
Using default stable ids, none found at: /data/workspace/wxr/pymarl-monotone-qmix/3rdparty/StarCraftII/stableid.json
Successfully loaded stable ids: GameData\stableid.json
Sending ResponseJoinGame
[INFO 23:14:08] my_main Recent Stats | t_env:    1201713 | Episode:    50904
amco_mixing_output_rms:    3.3257	amco_q_term_rms:           0.3088	amco_relu_zero_frac:       0.5929	amco_state_term_rms:       0.2810
amco_state_to_q_ratio:     0.9092	amco_state_value_rms:      5.4744	amco_v_to_m_ratio:         1.6482	battle_won_mean:           0.1002
credit_entropy:            0.9899	credit_grad_agent_0:       1.6250	credit_grad_agent_1:       1.5465	credit_grad_agent_2:       2.3753
credit_grad_agent_3:       1.9449	credit_grad_agent_4:       1.7189	credit_grad_cv:            0.9838	credit_grad_max:          10.5806
credit_grad_mean:          1.8421	credit_grad_median:        1.1380	credit_grad_min:           0.1097	credit_grad_near_zero_frac:  0.0000
credit_grad_negative_frac:  0.0000	credit_grad_p10:           0.2918	credit_grad_p90:           4.4809	credit_grad_std:           1.7969
credit_max_share:          0.2470	dead_allies_mean:          4.7257	dead_enemies_mean:         3.6908	ep_length_mean:           24.3305
epsilon:                   0.0500	grad_norm:                 5.3299	loss:                      0.5610	q_taken_mean:              1.2798
return_mean:               9.7046	return_std:                3.7426	target_mean:               1.2854	td_error_abs:              0.4606
test_battle_won_mean:      0.3688	test_dead_allies_mean:     3.9562	test_dead_enemies_mean:    4.5687	test_ep_length_mean:      24.7375
test_return_mean:         13.2052	test_return_std:           5.3080	
[INFO 23:14:49] my_main Updated target network
[INFO 23:16:08] my_main Updated target network
[INFO 23:16:59] my_main t_env: 1211730 / 2050000
[INFO 23:16:59] my_main Estimated time left: 4 hours, 16 minutes, 28 seconds. Time passed: 6 hours, 37 minutes, 32 seconds
[INFO 23:17:06] my_main Recent Stats | t_env:    1211730 | Episode:    51334
amco_mixing_output_rms:    3.2774	amco_q_term_rms:           0.3132	amco_relu_zero_frac:       0.5989	amco_state_term_rms:       0.2714
amco_state_to_q_ratio:     0.8667	amco_state_value_rms:      5.5092	amco_v_to_m_ratio:         1.6866	battle_won_mean:           0.0996
credit_entropy:            0.9895	credit_grad_agent_0:       1.6013	credit_grad_agent_1:       1.5387	credit_grad_agent_2:       2.3636
credit_grad_agent_3:       1.9473	credit_grad_agent_4:       1.7067	credit_grad_cv:            0.9776	credit_grad_max:          10.6752
credit_grad_mean:          1.8315	credit_grad_median:        1.1538	credit_grad_min:           0.1146	credit_grad_near_zero_frac:  0.0000
credit_grad_negative_frac:  0.0000	credit_grad_p10:           0.2977	credit_grad_p90:           4.4174	credit_grad_std:           1.7753
credit_max_share:          0.2471	dead_allies_mean:          4.7180	dead_enemies_mean:         3.6974	ep_length_mean:           24.1934
epsilon:                   0.0500	grad_norm:                 4.6253	loss:                      0.5034	q_taken_mean:              1.2735
return_mean:               9.7099	return_std:                3.7210	target_mean:               1.2761	td_error_abs:              0.4467
test_battle_won_mean:      0.3688	test_dead_allies_mean:     3.9062	test_dead_enemies_mean:    4.6250	test_ep_length_mean:      24.7812
test_return_mean:         13.2554	test_return_std:           5.2871	
[INFO 23:17:34] my_main Updated target network
[INFO 23:18:53] my_main Updated target network
[INFO 23:19:59] my_main t_env: 1221738 / 2050000
[INFO 23:19:59] my_main Estimated time left: 4 hours, 8 minutes, 28 seconds. Time passed: 6 hours, 40 minutes, 32 seconds
[INFO 23:20:06] my_main Recent Stats | t_env:    1221738 | Episode:    51758
amco_mixing_output_rms:    3.2326	amco_q_term_rms:           0.3155	amco_relu_zero_frac:       0.6067	amco_state_term_rms:       0.2669
amco_state_to_q_ratio:     0.8461	amco_state_value_rms:      5.5042	amco_v_to_m_ratio:         1.7089	battle_won_mean:           0.0953
credit_entropy:            0.9889	credit_grad_agent_0:       1.5466	credit_grad_agent_1:       1.4766	credit_grad_agent_2:       2.3001
credit_grad_agent_3:       1.9095	credit_grad_agent_4:       1.6646	credit_grad_cv:            0.9879	credit_grad_max:          10.7044
credit_grad_mean:          1.7795	credit_grad_median:        1.1098	credit_grad_min:           0.1172	credit_grad_near_zero_frac:  0.0000
credit_grad_negative_frac:  0.0000	credit_grad_p10:           0.2925	credit_grad_p90:           4.3528	credit_grad_std:           1.7405
credit_max_share:          0.2475	dead_allies_mean:          4.7310	dead_enemies_mean:         3.7286	ep_length_mean:           23.9680
epsilon:                   0.0500	grad_norm:                 5.4691	loss:                      0.4922	q_taken_mean:              1.2568
return_mean:               9.7145	return_std:                3.6344	target_mean:               1.2489	td_error_abs:              0.4435
test_battle_won_mean:      0.3812	test_dead_allies_mean:     3.8563	test_dead_enemies_mean:    4.6750	test_ep_length_mean:      24.7188
test_return_mean:         13.3927	test_return_std:           5.3120	
[INFO 23:20:23] my_main Updated target network
[INFO 23:21:40] my_main Updated target network
[INFO 23:22:47] my_main t_env: 1231757 / 2050000
[INFO 23:22:47] my_main Estimated time left: 3 hours, 49 minutes, 19 seconds. Time passed: 6 hours, 43 minutes, 20 seconds
[INFO 23:22:55] my_main Recent Stats | t_env:    1231757 | Episode:    52176
amco_mixing_output_rms:    3.1562	amco_q_term_rms:           0.3117	amco_relu_zero_frac:       0.6033	amco_state_term_rms:       0.2686
amco_state_to_q_ratio:     0.8644	amco_state_value_rms:      5.5168	amco_v_to_m_ratio:         1.7501	battle_won_mean:           0.0959
credit_entropy:            0.9885	credit_grad_agent_0:       1.5118	credit_grad_agent_1:       1.4427	credit_grad_agent_2:       2.2715
credit_grad_agent_3:       1.8971	credit_grad_agent_4:       1.6483	credit_grad_cv:            0.9775	credit_grad_max:          10.3413
credit_grad_mean:          1.7543	credit_grad_median:        1.1184	credit_grad_min:           0.1236	credit_grad_near_zero_frac:  0.0000
credit_grad_negative_frac:  0.0000	credit_grad_p10:           0.2822	credit_grad_p90:           4.2386	credit_grad_std:           1.6981
credit_max_share:          0.2482	dead_allies_mean:          4.7305	dead_enemies_mean:         3.7653	ep_length_mean:           23.8686
epsilon:                   0.0500	grad_norm:                 6.3968	loss:                      0.4971	q_taken_mean:              1.2577
return_mean:               9.7787	return_std:                3.6267	target_mean:               1.2488	td_error_abs:              0.4498
test_battle_won_mean:      0.4000	test_dead_allies_mean:     3.8875	test_dead_enemies_mean:    4.7125	test_ep_length_mean:      24.7437
test_return_mean:         13.6177	test_return_std:           5.3200	
[INFO 23:23:05] my_main Updated target network
[INFO 23:24:25] my_main Updated target network
[INFO 23:25:41] my_main Updated target network
[INFO 23:25:41] my_main t_env: 1241775 / 2050000
[INFO 23:25:41] my_main Estimated time left: 3 hours, 53 minutes, 44 seconds. Time passed: 6 hours, 46 minutes, 14 seconds
[INFO 23:25:47] my_main Recent Stats | t_env:    1241775 | Episode:    52601
amco_mixing_output_rms:    3.1753	amco_q_term_rms:           0.3061	amco_relu_zero_frac:       0.5961	amco_state_term_rms:       0.2690
amco_state_to_q_ratio:     0.8825	amco_state_value_rms:      5.5332	amco_v_to_m_ratio:         1.7450	battle_won_mean:           0.0932
credit_entropy:            0.9882	credit_grad_agent_0:       1.5258	credit_grad_agent_1:       1.4537	credit_grad_agent_2:       2.2909
credit_grad_agent_3:       1.9294	credit_grad_agent_4:       1.6748	credit_grad_cv:            0.9526	credit_grad_max:          10.1635
credit_grad_mean:          1.7749	credit_grad_median:        1.1766	credit_grad_min:           0.1256	credit_grad_near_zero_frac:  0.0000
credit_grad_negative_frac:  0.0000	credit_grad_p10:           0.2764	credit_grad_p90:           4.2323	credit_grad_std:           1.6809
credit_max_share:          0.2480	dead_allies_mean:          4.7437	dead_enemies_mean:         3.7631	ep_length_mean:           23.6976
epsilon:                   0.0500	grad_norm:                 6.2226	loss:                      0.4926	q_taken_mean:              1.2737
return_mean:               9.7624	return_std:                3.5872	target_mean:               1.2719	td_error_abs:              0.4513
test_battle_won_mean:      0.4000	test_dead_allies_mean:     3.8625	test_dead_enemies_mean:    4.7062	test_ep_length_mean:      24.5750
test_return_mean:         13.6146	test_return_std:           5.3219	
[INFO 23:27:07] my_main Updated target network
[INFO 23:28:30] my_main Updated target network
[INFO 23:28:40] my_main t_env: 1251785 / 2050000
[INFO 23:28:40] my_main Estimated time left: 3 hours, 57 minutes, 55 seconds. Time passed: 6 hours, 49 minutes, 13 seconds
[INFO 23:28:47] my_main Recent Stats | t_env:    1251785 | Episode:    53026
amco_mixing_output_rms:    3.1403	amco_q_term_rms:           0.3046	amco_relu_zero_frac:       0.5985	amco_state_term_rms:       0.2735
amco_state_to_q_ratio:     0.9021	amco_state_value_rms:      5.5547	amco_v_to_m_ratio:         1.7699	battle_won_mean:           0.0980
credit_entropy:            0.9887	credit_grad_agent_0:       1.5098	credit_grad_agent_1:       1.4497	credit_grad_agent_2:       2.2448
credit_grad_agent_3:       1.8855	credit_grad_agent_4:       1.6439	credit_grad_cv:            0.9509	credit_grad_max:          10.0458
credit_grad_mean:          1.7468	credit_grad_median:        1.1577	credit_grad_min:           0.1265	credit_grad_near_zero_frac:  0.0000
credit_grad_negative_frac:  0.0000	credit_grad_p10:           0.2653	credit_grad_p90:           4.1479	credit_grad_std:           1.6524
credit_max_share:          0.2474	dead_allies_mean:          4.7310	dead_enemies_mean:         3.7525	ep_length_mean:           23.5985
epsilon:                   0.0500	grad_norm:                 6.1666	loss:                      0.5119	q_taken_mean:              1.2722
return_mean:               9.7971	return_std:                3.6691	target_mean:               1.2739	td_error_abs:              0.4602
test_battle_won_mean:      0.3812	test_dead_allies_mean:     3.9250	test_dead_enemies_mean:    4.7375	test_ep_length_mean:      24.8000
test_return_mean:         13.5250	test_return_std:           5.1678	
[INFO 23:29:55] my_main Updated target network
[INFO 23:31:14] my_main Updated target network
[INFO 23:31:37] my_main t_env: 1261800 / 2050000
[INFO 23:31:37] my_main Estimated time left: 3 hours, 51 minutes, 33 seconds. Time passed: 6 hours, 52 minutes, 10 seconds
RequestQuit command received.
Closing Application...
DataHandler: unable to parse websocket frame.
CloseHandler: 127.0.0.1:46250 disconnected
[INFO 23:31:42] absl Shutdown gracefully.
[INFO 23:31:42] absl Shutdown with return code: -15
[INFO 23:31:42] absl Launching SC2: /data/workspace/wxr/pymarl-monotone-qmix/3rdparty/StarCraftII/Versions/Base75689/SC2_x64 -listen 127.0.0.1 -port 41477 -dataDir /data/workspace/wxr/pymarl-monotone-qmix/3rdparty/StarCraftII/ -tempDir /tmp/sc-f7xzxax4/
[INFO 23:31:42] absl Connecting to: ws://127.0.0.1:41477/sc2api, attempt: 0, running: True
Version: B75689 (SC2.4.10)
Build: Aug 12 2019 17:16:57
Command Line: '"/data/workspace/wxr/pymarl-monotone-qmix/3rdparty/StarCraftII/Versions/Base75689/SC2_x64" -listen 127.0.0.1 -port 41477 -dataDir /data/workspace/wxr/pymarl-monotone-qmix/3rdparty/StarCraftII/ -tempDir /tmp/sc-f7xzxax4/'
Starting up...
Startup Phase 1 complete
[INFO 23:31:43] absl Connecting to: ws://127.0.0.1:41477/sc2api, attempt: 1, running: True
Startup Phase 2 complete
Creating stub renderer...
Listening on: 127.0.0.1:41477
Startup Phase 3 complete. Ready for commands.
[INFO 23:31:44] absl Connecting to: ws://127.0.0.1:41477/sc2api, attempt: 2, running: True
ConnectHandler: Request from 127.0.0.1:34266 accepted
ReadyHandler: 127.0.0.1:34266 ready
Requesting to join a single player game
Configuring interface options
Configure: raw interface enabled
Configure: feature layer interface disabled
Configure: score interface disabled
Configure: render interface disabled
Launching next game.
Next launch phase started: 2
Next launch phase started: 3
Next launch phase started: 4
Next launch phase started: 5
Next launch phase started: 6
Next launch phase started: 7
Next launch phase started: 8
Game has started.
Using default stable ids, none found at: /data/workspace/wxr/pymarl-monotone-qmix/3rdparty/StarCraftII/stableid.json
Successfully loaded stable ids: GameData\stableid.json
Sending ResponseJoinGame
[INFO 23:31:51] my_main Recent Stats | t_env:    1261800 | Episode:    53456
amco_mixing_output_rms:    3.1591	amco_q_term_rms:           0.3024	amco_relu_zero_frac:       0.6020	amco_state_term_rms:       0.2748
amco_state_to_q_ratio:     0.9113	amco_state_value_rms:      5.6184	amco_v_to_m_ratio:         1.7794	battle_won_mean:           0.0985
credit_entropy:            0.9889	credit_grad_agent_0:       1.4851	credit_grad_agent_1:       1.4576	credit_grad_agent_2:       2.2212
credit_grad_agent_3:       1.8677	credit_grad_agent_4:       1.6373	credit_grad_cv:            0.9570	credit_grad_max:          10.0880
credit_grad_mean:          1.7338	credit_grad_median:        1.1423	credit_grad_min:           0.1252	credit_grad_near_zero_frac:  0.0000
credit_grad_negative_frac:  0.0000	credit_grad_p10:           0.2707	credit_grad_p90:           4.1229	credit_grad_std:           1.6504
credit_max_share:          0.2468	dead_allies_mean:          4.7334	dead_enemies_mean:         3.7293	ep_length_mean:           23.5976
epsilon:                   0.0500	grad_norm:                 6.4701	loss:                      0.5341	q_taken_mean:              1.2831
return_mean:               9.7530	return_std:                3.6990	target_mean:               1.2874	td_error_abs:              0.4667
test_battle_won_mean:      0.3750	test_dead_allies_mean:     3.9375	test_dead_enemies_mean:    4.6875	test_ep_length_mean:      24.8000
test_return_mean:         13.4425	test_return_std:           5.1369	
[INFO 23:32:50] my_main Updated target network
[INFO 23:34:08] my_main Updated target network
[INFO 23:34:44] my_main t_env: 1271818 / 2050000
[INFO 23:34:44] my_main Estimated time left: 4 hours, 2 minutes, 53 seconds. Time passed: 6 hours, 55 minutes, 17 seconds
[INFO 23:34:52] my_main Recent Stats | t_env:    1271818 | Episode:    53888
amco_mixing_output_rms:    3.2683	amco_q_term_rms:           0.2989	amco_relu_zero_frac:       0.5898	amco_state_term_rms:       0.2735
amco_state_to_q_ratio:     0.9170	amco_state_value_rms:      5.7076	amco_v_to_m_ratio:         1.7511	battle_won_mean:           0.1069
credit_entropy:            0.9891	credit_grad_agent_0:       1.5484	credit_grad_agent_1:       1.5591	credit_grad_agent_2:       2.3193
credit_grad_agent_3:       1.9375	credit_grad_agent_4:       1.7162	credit_grad_cv:            0.9276	credit_grad_max:          10.2069
credit_grad_mean:          1.8161	credit_grad_median:        1.2661	credit_grad_min:           0.1275	credit_grad_near_zero_frac:  0.0000
credit_grad_negative_frac:  0.0000	credit_grad_p10:           0.2862	credit_grad_p90:           4.1922	credit_grad_std:           1.6769
credit_max_share:          0.2471	dead_allies_mean:          4.7046	dead_enemies_mean:         3.7139	ep_length_mean:           23.5148
epsilon:                   0.0500	grad_norm:                 6.8468	loss:                      0.6016	q_taken_mean:              1.3273
return_mean:               9.8078	return_std:                3.8186	target_mean:               1.3293	td_error_abs:              0.4950
test_battle_won_mean:      0.3937	test_dead_allies_mean:     3.8687	test_dead_enemies_mean:    4.6937	test_ep_length_mean:      24.8062
test_return_mean:         13.5983	test_return_std:           5.1971	
[INFO 23:35:40] my_main Updated target network
[INFO 23:37:02] my_main Updated target network
[INFO 23:37:43] my_main t_env: 1281829 / 2050000
[INFO 23:37:43] my_main Estimated time left: 3 hours, 48 minutes, 22 seconds. Time passed: 6 hours, 58 minutes, 16 seconds
[INFO 23:37:50] my_main Recent Stats | t_env:    1281829 | Episode:    54308
amco_mixing_output_rms:    3.3052	amco_q_term_rms:           0.3069	amco_relu_zero_frac:       0.5972	amco_state_term_rms:       0.2735
amco_state_to_q_ratio:     0.8920	amco_state_value_rms:      5.7660	amco_v_to_m_ratio:         1.7494	battle_won_mean:           0.1126
credit_entropy:            0.9896	credit_grad_agent_0:       1.5577	credit_grad_agent_1:       1.5712	credit_grad_agent_2:       2.2980
credit_grad_agent_3:       1.9391	credit_grad_agent_4:       1.7156	credit_grad_cv:            0.9342	credit_grad_max:          10.5220
credit_grad_mean:          1.8163	credit_grad_median:        1.2535	credit_grad_min:           0.1342	credit_grad_near_zero_frac:  0.0000
credit_grad_negative_frac:  0.0000	credit_grad_p10:           0.2956	credit_grad_p90:           4.2191	credit_grad_std:           1.6898
credit_max_share:          0.2453	dead_allies_mean:          4.6939	dead_enemies_mean:         3.6983	ep_length_mean:           23.4882
epsilon:                   0.0500	grad_norm:                 6.4516	loss:                      0.5948	q_taken_mean:              1.3295
return_mean:               9.8431	return_std:                3.9001	target_mean:               1.3228	td_error_abs:              0.4928
test_battle_won_mean:      0.4125	test_dead_allies_mean:     3.7750	test_dead_enemies_mean:    4.7250	test_ep_length_mean:      24.7812
test_return_mean:         13.7962	test_return_std:           5.1956	
[INFO 23:38:28] my_main Updated target network
[INFO 23:39:50] my_main Updated target network
[INFO 23:40:41] my_main t_env: 1291858 / 2050000
[INFO 23:40:41] my_main Estimated time left: 3 hours, 43 minutes, 45 seconds. Time passed: 7 hours, 1 minutes, 14 seconds
[INFO 23:40:47] my_main Recent Stats | t_env:    1291858 | Episode:    54730
amco_mixing_output_rms:    3.2965	amco_q_term_rms:           0.3025	amco_relu_zero_frac:       0.5913	amco_state_term_rms:       0.2671
amco_state_to_q_ratio:     0.8853	amco_state_value_rms:      5.7702	amco_v_to_m_ratio:         1.7552	battle_won_mean:           0.1151
credit_entropy:            0.9899	credit_grad_agent_0:       1.6091	credit_grad_agent_1:       1.6357	credit_grad_agent_2:       2.3201
credit_grad_agent_3:       1.9756	credit_grad_agent_4:       1.7358	credit_grad_cv:            0.9060	credit_grad_max:          10.2425
credit_grad_mean:          1.8552	credit_grad_median:        1.3302	credit_grad_min:           0.1402	credit_grad_near_zero_frac:  0.0000
credit_grad_negative_frac:  0.0000	credit_grad_p10:           0.3070	credit_grad_p90:           4.2174	credit_grad_std:           1.6777
credit_max_share:          0.2446	dead_allies_mean:          4.6849	dead_enemies_mean:         3.6876	ep_length_mean:           23.5269
epsilon:                   0.0500	grad_norm:                 8.0396	loss:                      0.6737	q_taken_mean:              1.3358
return_mean:               9.8498	return_std:                3.9484	target_mean:               1.3157	td_error_abs:              0.5227
test_battle_won_mean:      0.3688	test_dead_allies_mean:     3.8875	test_dead_enemies_mean:    4.6437	test_ep_length_mean:      24.7250
test_return_mean:         13.3738	test_return_std:           5.0099	
[INFO 23:41:16] my_main Updated target network
[INFO 23:42:37] my_main Updated target network
[INFO 23:43:35] my_main t_env: 1301871 / 2050000
[INFO 23:43:35] my_main Estimated time left: 3 hours, 37 minutes, 41 seconds. Time passed: 7 hours, 4 minutes, 8 seconds
[INFO 23:43:42] my_main Recent Stats | t_env:    1301871 | Episode:    55150
amco_mixing_output_rms:    3.3064	amco_q_term_rms:           0.3032	amco_relu_zero_frac:       0.5910	amco_state_term_rms:       0.2697
amco_state_to_q_ratio:     0.8919	amco_state_value_rms:      5.7401	amco_v_to_m_ratio:         1.7405	battle_won_mean:           0.1182
credit_entropy:            0.9901	credit_grad_agent_0:       1.5783	credit_grad_agent_1:       1.6157	credit_grad_agent_2:       2.2530
credit_grad_agent_3:       1.9540	credit_grad_agent_4:       1.6988	credit_grad_cv:            0.9149	credit_grad_max:           9.8302
credit_grad_mean:          1.8200	credit_grad_median:        1.2828	credit_grad_min:           0.1385	credit_grad_near_zero_frac:  0.0000
credit_grad_negative_frac:  0.0000	credit_grad_p10:           0.3024	credit_grad_p90:           4.1939	credit_grad_std:           1.6609
credit_max_share:          0.2437	dead_allies_mean:          4.6790	dead_enemies_mean:         3.6992	ep_length_mean:           23.5844
epsilon:                   0.0500	grad_norm:                 7.6372	loss:                      0.6258	q_taken_mean:              1.3322
return_mean:               9.8745	return_std:                3.9940	target_mean:               1.3058	td_error_abs:              0.5047
test_battle_won_mean:      0.3750	test_dead_allies_mean:     3.8375	test_dead_enemies_mean:    4.6000	test_ep_length_mean:      24.4125
test_return_mean:         13.3302	test_return_std:           5.1077	
[INFO 23:44:05] my_main Updated target network
[INFO 23:45:27] my_main Updated target network
[INFO 23:46:40] my_main t_env: 1311894 / 2050000
[INFO 23:46:40] my_main Estimated time left: 3 hours, 46 minutes, 29 seconds. Time passed: 7 hours, 7 minutes, 13 seconds
[INFO 23:46:47] my_main Recent Stats | t_env:    1311894 | Episode:    55583
amco_mixing_output_rms:    3.4344	amco_q_term_rms:           0.2981	amco_relu_zero_frac:       0.5737	amco_state_term_rms:       0.2764
amco_state_to_q_ratio:     0.9288	amco_state_value_rms:      5.7156	amco_v_to_m_ratio:         1.6688	battle_won_mean:           0.1171
credit_entropy:            0.9895	credit_grad_agent_0:       1.5978	credit_grad_agent_1:       1.5998	credit_grad_agent_2:       2.2340
credit_grad_agent_3:       1.9837	credit_grad_agent_4:       1.6927	credit_grad_cv:            0.8952	credit_grad_max:           9.6909
credit_grad_mean:          1.8216	credit_grad_median:        1.3282	credit_grad_min:           0.1419	credit_grad_near_zero_frac:  0.0000
credit_grad_negative_frac:  0.0000	credit_grad_p10:           0.2881	credit_grad_p90:           4.1643	credit_grad_std:           1.6285
credit_max_share:          0.2448	dead_allies_mean:          4.6789	dead_enemies_mean:         3.7076	ep_length_mean:           23.5558
epsilon:                   0.0500	grad_norm:                 8.9401	loss:                      0.6663	q_taken_mean:              1.3655
return_mean:               9.8985	return_std:                3.9702	target_mean:               1.3244	td_error_abs:              0.5232
test_battle_won_mean:      0.4125	test_dead_allies_mean:     3.7750	test_dead_enemies_mean:    4.7062	test_ep_length_mean:      24.4250
test_return_mean:         13.7399	test_return_std:           5.1941	
[INFO 23:46:55] my_main Updated target network
[INFO 23:48:16] my_main Updated target network
[INFO 23:49:43] my_main Updated target network
[INFO 23:49:51] my_main t_env: 1321906 / 2050000
[INFO 23:49:51] my_main Estimated time left: 3 hours, 51 minutes, 5 seconds. Time passed: 7 hours, 10 minutes, 24 seconds
RequestQuit command received.
Closing Application...
DataHandler: unable to parse websocket frame.
CloseHandler: 127.0.0.1:34266 disconnected
[INFO 23:49:57] absl Shutdown gracefully.
[INFO 23:49:57] absl Shutdown with return code: -15
[INFO 23:49:57] absl Launching SC2: /data/workspace/wxr/pymarl-monotone-qmix/3rdparty/StarCraftII/Versions/Base75689/SC2_x64 -listen 127.0.0.1 -port 36765 -dataDir /data/workspace/wxr/pymarl-monotone-qmix/3rdparty/StarCraftII/ -tempDir /tmp/sc-qnc0dl3z/
Version: B75689 (SC2.4.10)
Build: Aug 12 2019 17:16:57
Command Line: '"/data/workspace/wxr/pymarl-monotone-qmix/3rdparty/StarCraftII/Versions/Base75689/SC2_x64" -listen 127.0.0.1 -port 36765 -dataDir /data/workspace/wxr/pymarl-monotone-qmix/3rdparty/StarCraftII/ -tempDir /tmp/sc-qnc0dl3z/'
[INFO 23:49:57] absl Connecting to: ws://127.0.0.1:36765/sc2api, attempt: 0, running: True
Starting up...
Startup Phase 1 complete
[INFO 23:49:58] absl Connecting to: ws://127.0.0.1:36765/sc2api, attempt: 1, running: True
Startup Phase 2 complete
Creating stub renderer...
Listening on: 127.0.0.1:36765
Startup Phase 3 complete. Ready for commands.
[INFO 23:49:59] absl Connecting to: ws://127.0.0.1:36765/sc2api, attempt: 2, running: True
ConnectHandler: Request from 127.0.0.1:38998 accepted
ReadyHandler: 127.0.0.1:38998 ready
Requesting to join a single player game
Configuring interface options
Configure: raw interface enabled
Configure: feature layer interface disabled
Configure: score interface disabled
Configure: render interface disabled
Launching next game.
Next launch phase started: 2
Next launch phase started: 3
Next launch phase started: 4
Next launch phase started: 5
Next launch phase started: 6
Next launch phase started: 7
Next launch phase started: 8
Game has started.
Using default stable ids, none found at: /data/workspace/wxr/pymarl-monotone-qmix/3rdparty/StarCraftII/stableid.json
Successfully loaded stable ids: GameData\stableid.json
Sending ResponseJoinGame
[INFO 23:50:05] my_main Recent Stats | t_env:    1321906 | Episode:    56018
amco_mixing_output_rms:    3.3296	amco_q_term_rms:           0.2980	amco_relu_zero_frac:       0.5842	amco_state_term_rms:       0.2738
amco_state_to_q_ratio:     0.9205	amco_state_value_rms:      5.7007	amco_v_to_m_ratio:         1.7185	battle_won_mean:           0.1165
credit_entropy:            0.9899	credit_grad_agent_0:       1.5625	credit_grad_agent_1:       1.5292	credit_grad_agent_2:       2.1274
credit_grad_agent_3:       1.9599	credit_grad_agent_4:       1.6314	credit_grad_cv:            0.9036	credit_grad_max:           9.3600
credit_grad_mean:          1.7621	credit_grad_median:        1.2630	credit_grad_min:           0.1428	credit_grad_near_zero_frac:  0.0000
credit_grad_negative_frac:  0.0000	credit_grad_p10:           0.2811	credit_grad_p90:           4.0360	credit_grad_std:           1.5899
credit_max_share:          0.2428	dead_allies_mean:          4.6817	dead_enemies_mean:         3.7052	ep_length_mean:           23.5211
epsilon:                   0.0500	grad_norm:                 8.7128	loss:                      0.6133	q_taken_mean:              1.3422
return_mean:               9.9098	return_std:                3.9625	target_mean:               1.3012	td_error_abs:              0.5048
test_battle_won_mean:      0.3563	test_dead_allies_mean:     3.9250	test_dead_enemies_mean:    4.5375	test_ep_length_mean:      24.2125
test_return_mean:         13.0899	test_return_std:           5.0646	
[INFO 23:51:22] my_main Updated target network
[INFO 23:52:41] my_main Updated target network
[INFO 23:53:04] my_main t_env: 1331917 / 2050000
[INFO 23:53:04] my_main Estimated time left: 3 hours, 51 minutes, 10 seconds. Time passed: 7 hours, 13 minutes, 37 seconds
[INFO 23:53:11] my_main Recent Stats | t_env:    1331917 | Episode:    56451
amco_mixing_output_rms:    3.2583	amco_q_term_rms:           0.2991	amco_relu_zero_frac:       0.5923	amco_state_term_rms:       0.2755
amco_state_to_q_ratio:     0.9231	amco_state_value_rms:      5.6420	amco_v_to_m_ratio:         1.7403	battle_won_mean:           0.1172
credit_entropy:            0.9898	credit_grad_agent_0:       1.4877	credit_grad_agent_1:       1.4461	credit_grad_agent_2:       2.0155
credit_grad_agent_3:       1.8951	credit_grad_agent_4:       1.5512	credit_grad_cv:            0.9221	credit_grad_max:           9.0724
credit_grad_mean:          1.6791	credit_grad_median:        1.1490	credit_grad_min:           0.1388	credit_grad_near_zero_frac:  0.0000
credit_grad_negative_frac:  0.0000	credit_grad_p10:           0.2703	credit_grad_p90:           3.8741	credit_grad_std:           1.5449
credit_max_share:          0.2429	dead_allies_mean:          4.6758	dead_enemies_mean:         3.6836	ep_length_mean:           23.3780
epsilon:                   0.0500	grad_norm:                 7.6751	loss:                      0.5630	q_taken_mean:              1.3184
return_mean:               9.8780	return_std:                3.9893	target_mean:               1.2861	td_error_abs:              0.4820
test_battle_won_mean:      0.2875	test_dead_allies_mean:     4.1188	test_dead_enemies_mean:    4.4188	test_ep_length_mean:      24.2063
test_return_mean:         12.4222	test_return_std:           4.8847	
[INFO 23:54:17] my_main Updated target network
[INFO 23:55:34] my_main Updated target network
[INFO 23:56:05] my_main t_env: 1341928 / 2050000
[INFO 23:56:05] my_main Estimated time left: 3 hours, 34 minutes, 0 seconds. Time passed: 7 hours, 16 minutes, 38 seconds
[INFO 23:56:13] my_main Recent Stats | t_env:    1341928 | Episode:    56873
amco_mixing_output_rms:    3.2517	amco_q_term_rms:           0.3022	amco_relu_zero_frac:       0.5938	amco_state_term_rms:       0.2780
amco_state_to_q_ratio:     0.9212	amco_state_value_rms:      5.6501	amco_v_to_m_ratio:         1.7464	battle_won_mean:           0.1200
credit_entropy:            0.9898	credit_grad_agent_0:       1.4466	credit_grad_agent_1:       1.3869	credit_grad_agent_2:       1.9210
credit_grad_agent_3:       1.8594	credit_grad_agent_4:       1.5073	credit_grad_cv:            0.9341	credit_grad_max:           9.0770
credit_grad_mean:          1.6242	credit_grad_median:        1.0587	credit_grad_min:           0.1106	credit_grad_near_zero_frac:  0.0003
credit_grad_negative_frac:  0.0000	credit_grad_p10:           0.2645	credit_grad_p90:           3.7742	credit_grad_std:           1.5155
credit_max_share:          0.2420	dead_allies_mean:          4.6710	dead_enemies_mean:         3.6883	ep_length_mean:           23.3694
epsilon:                   0.0500	grad_norm:                 6.0984	loss:                      0.4926	q_taken_mean:              1.3220
return_mean:               9.9020	return_std:                4.0264	target_mean:               1.3018	td_error_abs:              0.4547
test_battle_won_mean:      0.3187	test_dead_allies_mean:     4.0250	test_dead_enemies_mean:    4.4688	test_ep_length_mean:      24.2125
test_return_mean:         12.7335	test_return_std:           5.0247	
[INFO 23:57:03] my_main Updated target network
[INFO 23:58:22] my_main Updated target network
[INFO 23:59:02] my_main t_env: 1351953 / 2050000
[INFO 23:59:02] my_main Estimated time left: 3 hours, 24 minutes, 44 seconds. Time passed: 7 hours, 19 minutes, 35 seconds
[INFO 23:59:09] my_main Recent Stats | t_env:    1351953 | Episode:    57296
amco_mixing_output_rms:    3.1328	amco_q_term_rms:           0.3099	amco_relu_zero_frac:       0.6112	amco_state_term_rms:       0.2766
amco_state_to_q_ratio:     0.8953	amco_state_value_rms:      5.6470	amco_v_to_m_ratio:         1.8224	battle_won_mean:           0.1160
credit_entropy:            0.9901	credit_grad_agent_0:       1.4160	credit_grad_agent_1:       1.3376	credit_grad_agent_2:       1.8365
credit_grad_agent_3:       1.8025	credit_grad_agent_4:       1.4631	credit_grad_cv:            0.9528	credit_grad_max:           9.1792
credit_grad_mean:          1.5711	credit_grad_median:        0.9850	credit_grad_min:           0.0928	credit_grad_near_zero_frac:  0.0003
credit_grad_negative_frac:  0.0000	credit_grad_p10:           0.2650	credit_grad_p90:           3.6712	credit_grad_std:           1.4916
credit_max_share:          0.2413	dead_allies_mean:          4.6781	dead_enemies_mean:         3.6783	ep_length_mean:           23.3413
epsilon:                   0.0500	grad_norm:                 6.5727	loss:                      0.5078	q_taken_mean:              1.2890
return_mean:               9.8639	return_std:                3.9670	target_mean:               1.2765	td_error_abs:              0.4601
test_battle_won_mean:      0.3375	test_dead_allies_mean:     3.9875	test_dead_enemies_mean:    4.5563	test_ep_length_mean:      24.5188
test_return_mean:         13.0368	test_return_std:           5.0067	
[INFO 23:59:46] my_main Updated target network
[INFO 00:01:04] my_main Updated target network
[INFO 00:01:58] my_main t_env: 1361965 / 2050000
[INFO 00:01:58] my_main Estimated time left: 3 hours, 21 minutes, 8 seconds. Time passed: 7 hours, 22 minutes, 31 seconds
[INFO 00:02:06] my_main Recent Stats | t_env:    1361965 | Episode:    57721
amco_mixing_output_rms:    2.9865	amco_q_term_rms:           0.3132	amco_relu_zero_frac:       0.6271	amco_state_term_rms:       0.2726
amco_state_to_q_ratio:     0.8715	amco_state_value_rms:      5.6264	amco_v_to_m_ratio:         1.8907	battle_won_mean:           0.1225
credit_entropy:            0.9908	credit_grad_agent_0:       1.3821	credit_grad_agent_1:       1.3102	credit_grad_agent_2:       1.7618
credit_grad_agent_3:       1.7427	credit_grad_agent_4:       1.4302	credit_grad_cv:            0.9620	credit_grad_max:           9.3081
credit_grad_mean:          1.5254	credit_grad_median:        0.9313	credit_grad_min:           0.0832	credit_grad_near_zero_frac:  0.0003
credit_grad_negative_frac:  0.0000	credit_grad_p10:           0.2702	credit_grad_p90:           3.5653	credit_grad_std:           1.4642
credit_max_share:          0.2396	dead_allies_mean:          4.6686	dead_enemies_mean:         3.7117	ep_length_mean:           23.4233
epsilon:                   0.0500	grad_norm:                 6.1970	loss:                      0.4900	q_taken_mean:              1.2501
return_mean:               9.9531	return_std:                4.0392	target_mean:               1.2618	td_error_abs:              0.4568
test_battle_won_mean:      0.3187	test_dead_allies_mean:     4.0250	test_dead_enemies_mean:    4.5438	test_ep_length_mean:      24.5437
test_return_mean:         12.8863	test_return_std:           4.9417	
[INFO 00:02:42] my_main Updated target network
[INFO 00:04:06] my_main Updated target network
[INFO 00:05:01] my_main t_env: 1371970 / 2050000
[INFO 00:05:01] my_main Estimated time left: 3 hours, 26 minutes, 54 seconds. Time passed: 7 hours, 25 minutes, 34 seconds
[INFO 00:05:09] my_main Recent Stats | t_env:    1371970 | Episode:    58137
amco_mixing_output_rms:    2.8966	amco_q_term_rms:           0.3138	amco_relu_zero_frac:       0.6318	amco_state_term_rms:       0.2762
amco_state_to_q_ratio:     0.8816	amco_state_value_rms:      5.5928	amco_v_to_m_ratio:         1.9412	battle_won_mean:           0.1189
credit_entropy:            0.9908	credit_grad_agent_0:       1.3426	credit_grad_agent_1:       1.2715	credit_grad_agent_2:       1.7076
credit_grad_agent_3:       1.6807	credit_grad_agent_4:       1.3890	credit_grad_cv:            0.9644	credit_grad_max:           9.1416
credit_grad_mean:          1.4783	credit_grad_median:        0.8852	credit_grad_min:           0.0688	credit_grad_near_zero_frac:  0.0003
credit_grad_negative_frac:  0.0000	credit_grad_p10:           0.2709	credit_grad_p90:           3.4643	credit_grad_std:           1.4240
credit_max_share:          0.2399	dead_allies_mean:          4.6740	dead_enemies_mean:         3.7253	ep_length_mean:           23.6301
epsilon:                   0.0500	grad_norm:                 4.8921	loss:                      0.4709	q_taken_mean:              1.2302
return_mean:               9.9072	return_std:                3.9920	target_mean:               1.2486	td_error_abs:              0.4469
test_battle_won_mean:      0.3563	test_dead_allies_mean:     4.0187	test_dead_enemies_mean:    4.7313	test_ep_length_mean:      24.9438
test_return_mean:         13.4281	test_return_std:           4.9759	
[INFO 00:05:35] my_main Updated target network
[INFO 00:06:54] my_main Updated target network
[INFO 00:08:01] my_main t_env: 1381971 / 2050000
[INFO 00:08:01] my_main Estimated time left: 3 hours, 20 minutes, 49 seconds. Time passed: 7 hours, 28 minutes, 34 seconds
RequestQuit command received.
Closing Application...
DataHandler: unable to parse websocket frame.
CloseHandler: 127.0.0.1:38998 disconnected
[INFO 00:08:07] absl Shutdown gracefully.
[INFO 00:08:07] absl Shutdown with return code: -15
[INFO 00:08:07] absl Launching SC2: /data/workspace/wxr/pymarl-monotone-qmix/3rdparty/StarCraftII/Versions/Base75689/SC2_x64 -listen 127.0.0.1 -port 42095 -dataDir /data/workspace/wxr/pymarl-monotone-qmix/3rdparty/StarCraftII/ -tempDir /tmp/sc-r_zl44m2/
Version: B75689 (SC2.4.10)
Build: Aug 12 2019 17:16:57
Command Line: '"/data/workspace/wxr/pymarl-monotone-qmix/3rdparty/StarCraftII/Versions/Base75689/SC2_x64" -listen 127.0.0.1 -port 42095 -dataDir /data/workspace/wxr/pymarl-monotone-qmix/3rdparty/StarCraftII/ -tempDir /tmp/sc-r_zl44m2/'
[INFO 00:08:07] absl Connecting to: ws://127.0.0.1:42095/sc2api, attempt: 0, running: True
Starting up...
Startup Phase 1 complete
[INFO 00:08:08] absl Connecting to: ws://127.0.0.1:42095/sc2api, attempt: 1, running: True
Startup Phase 2 complete
Creating stub renderer...
Listening on: 127.0.0.1:42095
Startup Phase 3 complete. Ready for commands.
[INFO 00:08:09] absl Connecting to: ws://127.0.0.1:42095/sc2api, attempt: 2, running: True
ConnectHandler: Request from 127.0.0.1:51906 accepted
ReadyHandler: 127.0.0.1:51906 ready
Requesting to join a single player game
Configuring interface options
Configure: raw interface enabled
Configure: feature layer interface disabled
Configure: score interface disabled
Configure: render interface disabled
Launching next game.
Next launch phase started: 2
Next launch phase started: 3
Next launch phase started: 4
Next launch phase started: 5
Next launch phase started: 6
Next launch phase started: 7
Next launch phase started: 8
Game has started.
Using default stable ids, none found at: /data/workspace/wxr/pymarl-monotone-qmix/3rdparty/StarCraftII/stableid.json
Successfully loaded stable ids: GameData\stableid.json
Sending ResponseJoinGame
[INFO 00:08:14] my_main Recent Stats | t_env:    1381971 | Episode:    58567
amco_mixing_output_rms:    2.8994	amco_q_term_rms:           0.3144	amco_relu_zero_frac:       0.6303	amco_state_term_rms:       0.2870
amco_state_to_q_ratio:     0.9139	amco_state_value_rms:      5.5768	amco_v_to_m_ratio:         1.9342	battle_won_mean:           0.1195
credit_entropy:            0.9913	credit_grad_agent_0:       1.3700	credit_grad_agent_1:       1.2979	credit_grad_agent_2:       1.7192
credit_grad_agent_3:       1.6803	credit_grad_agent_4:       1.4047	credit_grad_cv:            0.9702	credit_grad_max:           9.1102
credit_grad_mean:          1.4944	credit_grad_median:        0.8608	credit_grad_min:           0.0478	credit_grad_near_zero_frac:  0.0003
credit_grad_negative_frac:  0.0000	credit_grad_p10:           0.2637	credit_grad_p90:           3.5296	credit_grad_std:           1.4488
credit_max_share:          0.2392	dead_allies_mean:          4.6702	dead_enemies_mean:         3.7331	ep_length_mean:           23.6578
epsilon:                   0.0500	grad_norm:                 6.5086	loss:                      0.4950	q_taken_mean:              1.2237
return_mean:               9.9292	return_std:                3.9826	target_mean:               1.2288	td_error_abs:              0.4565
test_battle_won_mean:      0.3812	test_dead_allies_mean:     3.8750	test_dead_enemies_mean:    4.7562	test_ep_length_mean:      24.8938
test_return_mean:         13.6552	test_return_std:           5.0985	
[INFO 00:08:28] my_main Updated target network
[INFO 00:09:45] my_main Updated target network
[INFO 00:11:02] my_main t_env: 1391987 / 2050000
[INFO 00:11:02] my_main Estimated time left: 3 hours, 18 minutes, 13 seconds. Time passed: 7 hours, 31 minutes, 35 seconds
[INFO 00:11:10] my_main Recent Stats | t_env:    1391987 | Episode:    58990
amco_mixing_output_rms:    2.8404	amco_q_term_rms:           0.3217	amco_relu_zero_frac:       0.6444	amco_state_term_rms:       0.2855
amco_state_to_q_ratio:     0.8884	amco_state_value_rms:      5.5651	amco_v_to_m_ratio:         1.9660	battle_won_mean:           0.1128
credit_entropy:            0.9913	credit_grad_agent_0:       1.3490	credit_grad_agent_1:       1.2626	credit_grad_agent_2:       1.7058
credit_grad_agent_3:       1.6363	credit_grad_agent_4:       1.3726	credit_grad_cv:            1.0042	credit_grad_max:           9.5565
credit_grad_mean:          1.4652	credit_grad_median:        0.8130	credit_grad_min:           0.0478	credit_grad_near_zero_frac:  0.0003
credit_grad_negative_frac:  0.0000	credit_grad_p10:           0.2639	credit_grad_p90:           3.5158	credit_grad_std:           1.4693
credit_max_share:          0.2395	dead_allies_mean:          4.6870	dead_enemies_mean:         3.7257	ep_length_mean:           23.6489
epsilon:                   0.0500	grad_norm:                 7.0797	loss:                      0.4988	q_taken_mean:              1.1958
return_mean:               9.8878	return_std:                3.8861	target_mean:               1.1925	td_error_abs:              0.4545
test_battle_won_mean:      0.3937	test_dead_allies_mean:     3.8375	test_dead_enemies_mean:    4.7938	test_ep_length_mean:      24.9000
test_return_mean:         13.7778	test_return_std:           5.1253	
[INFO 00:11:14] my_main Updated target network
[INFO 00:12:33] my_main Updated target network
[INFO 00:13:52] my_main Updated target network
[INFO 00:13:55] my_main t_env: 1402004 / 2050000
[INFO 00:13:55] my_main Estimated time left: 3 hours, 6 minutes, 7 seconds. Time passed: 7 hours, 34 minutes, 28 seconds
[INFO 00:14:03] my_main Recent Stats | t_env:    1402004 | Episode:    59408
amco_mixing_output_rms:    2.8286	amco_q_term_rms:           0.3231	amco_relu_zero_frac:       0.6420	amco_state_term_rms:       0.2895
amco_state_to_q_ratio:     0.8967	amco_state_value_rms:      5.5495	amco_v_to_m_ratio:         1.9696	battle_won_mean:           0.1226
credit_entropy:            0.9912	credit_grad_agent_0:       1.3383	credit_grad_agent_1:       1.2438	credit_grad_agent_2:       1.7074
credit_grad_agent_3:       1.6052	credit_grad_agent_4:       1.3391	credit_grad_cv:            1.0105	credit_grad_max:           9.7022
credit_grad_mean:          1.4467	credit_grad_median:        0.8063	credit_grad_min:           0.0413	credit_grad_near_zero_frac:  0.0003
credit_grad_negative_frac:  0.0000	credit_grad_p10:           0.2613	credit_grad_p90:           3.4558	credit_grad_std:           1.4584
credit_max_share:          0.2402	dead_allies_mean:          4.6643	dead_enemies_mean:         3.7881	ep_length_mean:           23.7018
epsilon:                   0.0500	grad_norm:                 6.7136	loss:                      0.4721	q_taken_mean:              1.1945
return_mean:              10.0648	return_std:                3.9758	target_mean:               1.1855	td_error_abs:              0.4413
test_battle_won_mean:      0.4125	test_dead_allies_mean:     3.7938	test_dead_enemies_mean:    4.8312	test_ep_length_mean:      24.8687
test_return_mean:         13.9547	test_return_std:           5.1443	
[INFO 00:15:18] my_main Updated target network
[INFO 00:16:37] my_main Updated target network
[INFO 00:16:51] my_main t_env: 1412010 / 2050000
[INFO 00:16:51] my_main Estimated time left: 3 hours, 6 minutes, 48 seconds. Time passed: 7 hours, 37 minutes, 24 seconds
[INFO 00:16:58] my_main Recent Stats | t_env:    1412010 | Episode:    59833
amco_mixing_output_rms:    2.7748	amco_q_term_rms:           0.3261	amco_relu_zero_frac:       0.6431	amco_state_term_rms:       0.2944
amco_state_to_q_ratio:     0.9038	amco_state_value_rms:      5.5353	amco_v_to_m_ratio:         2.0014	battle_won_mean:           0.1236
credit_entropy:            0.9912	credit_grad_agent_0:       1.3256	credit_grad_agent_1:       1.2244	credit_grad_agent_2:       1.6922
credit_grad_agent_3:       1.5781	credit_grad_agent_4:       1.3024	credit_grad_cv:            1.0268	credit_grad_max:           9.7783
credit_grad_mean:          1.4245	credit_grad_median:        0.7503	credit_grad_min:           0.0391	credit_grad_near_zero_frac:  0.0003
credit_grad_negative_frac:  0.0000	credit_grad_p10:           0.2576	credit_grad_p90:           3.4408	credit_grad_std:           1.4600
credit_max_share:          0.2407	dead_allies_mean:          4.6581	dead_enemies_mean:         3.7885	ep_length_mean:           23.6990
epsilon:                   0.0500	grad_norm:                 6.1736	loss:                      0.4476	q_taken_mean:              1.1837
return_mean:              10.0755	return_std:                3.9798	target_mean:               1.1713	td_error_abs:              0.4278
test_battle_won_mean:      0.4250	test_dead_allies_mean:     3.7687	test_dead_enemies_mean:    4.8125	test_ep_length_mean:      25.2000
test_return_mean:         14.0144	test_return_std:           5.2220	
[INFO 00:18:06] my_main Updated target network
[INFO 00:19:23] my_main Updated target network
[INFO 00:19:46] my_main t_env: 1422019 / 2050000
[INFO 00:19:46] my_main Estimated time left: 3 hours, 3 minutes, 36 seconds. Time passed: 7 hours, 40 minutes, 19 seconds
[INFO 00:19:53] my_main Recent Stats | t_env:    1422019 | Episode:    60255
amco_mixing_output_rms:    2.9083	amco_q_term_rms:           0.3236	amco_relu_zero_frac:       0.6312	amco_state_term_rms:       0.2977
amco_state_to_q_ratio:     0.9226	amco_state_value_rms:      5.5456	amco_v_to_m_ratio:         1.9194	battle_won_mean:           0.1313
credit_entropy:            0.9908	credit_grad_agent_0:       1.3478	credit_grad_agent_1:       1.2402	credit_grad_agent_2:       1.7227
credit_grad_agent_3:       1.6231	credit_grad_agent_4:       1.3158	credit_grad_cv:            1.0332	credit_grad_max:           9.9066
credit_grad_mean:          1.4499	credit_grad_median:        0.7650	credit_grad_min:           0.0347	credit_grad_near_zero_frac:  0.0003
credit_grad_negative_frac:  0.0000	credit_grad_p10:           0.2506	credit_grad_p90:           3.5023	credit_grad_std:           1.4939
credit_max_share:          0.2417	dead_allies_mean:          4.6448	dead_enemies_mean:         3.8333	ep_length_mean:           23.6325
epsilon:                   0.0500	grad_norm:                 6.5534	loss:                      0.4897	q_taken_mean:              1.2120
return_mean:              10.2204	return_std:                4.0446	target_mean:               1.1972	td_error_abs:              0.4388
test_battle_won_mean:      0.3937	test_dead_allies_mean:     3.7750	test_dead_enemies_mean:    4.7188	test_ep_length_mean:      24.9625
test_return_mean:         13.6561	test_return_std:           5.1521	
[INFO 00:21:05] my_main Updated target network
[INFO 00:22:35] my_main Updated target network
[INFO 00:23:07] my_main t_env: 1432019 / 2050000
[INFO 00:23:07] my_main Estimated time left: 3 hours, 26 minutes, 52 seconds. Time passed: 7 hours, 43 minutes, 40 seconds
[INFO 00:23:15] my_main Recent Stats | t_env:    1432019 | Episode:    60669
amco_mixing_output_rms:    2.8789	amco_q_term_rms:           0.3205	amco_relu_zero_frac:       0.6353	amco_state_term_rms:       0.2880
amco_state_to_q_ratio:     0.9012	amco_state_value_rms:      5.6154	amco_v_to_m_ratio:         1.9624	battle_won_mean:           0.1275
credit_entropy:            0.9907	credit_grad_agent_0:       1.3293	credit_grad_agent_1:       1.2030	credit_grad_agent_2:       1.6871
credit_grad_agent_3:       1.5854	credit_grad_agent_4:       1.2858	credit_grad_cv:            1.0329	credit_grad_max:          10.2247
credit_grad_mean:          1.4181	credit_grad_median:        0.7735	credit_grad_min:           0.0371	credit_grad_near_zero_frac:  0.0003
credit_grad_negative_frac:  0.0000	credit_grad_p10:           0.2573	credit_grad_p90:           3.4129	credit_grad_std:           1.4617
credit_max_share:          0.2418	dead_allies_mean:          4.6580	dead_enemies_mean:         3.8464	ep_length_mean:           23.8117
epsilon:                   0.0500	grad_norm:                 5.2651	loss:                      0.4759	q_taken_mean:              1.2223
return_mean:              10.2155	return_std:                3.9845	target_mean:               1.2157	td_error_abs:              0.4294
test_battle_won_mean:      0.4062	test_dead_allies_mean:     3.8625	test_dead_enemies_mean:    4.8125	test_ep_length_mean:      25.3250
test_return_mean:         13.8835	test_return_std:           5.0967	
[INFO 00:24:21] my_main Updated target network
[INFO 00:25:59] my_main Updated target network
[INFO 00:26:42] my_main t_env: 1442024 / 2050000
[INFO 00:26:42] my_main Estimated time left: 3 hours, 37 minutes, 37 seconds. Time passed: 7 hours, 47 minutes, 15 seconds
RequestQuit command received.
Closing Application...
DataHandler: unable to parse websocket frame.
CloseHandler: 127.0.0.1:51906 disconnected
[INFO 00:26:48] absl Shutdown gracefully.
[INFO 00:26:48] absl Shutdown with return code: -15
[INFO 00:26:48] absl Launching SC2: /data/workspace/wxr/pymarl-monotone-qmix/3rdparty/StarCraftII/Versions/Base75689/SC2_x64 -listen 127.0.0.1 -port 40409 -dataDir /data/workspace/wxr/pymarl-monotone-qmix/3rdparty/StarCraftII/ -tempDir /tmp/sc-q_ybqr7r/
[INFO 00:26:48] absl Connecting to: ws://127.0.0.1:40409/sc2api, attempt: 0, running: True
Version: B75689 (SC2.4.10)
Build: Aug 12 2019 17:16:57
Command Line: '"/data/workspace/wxr/pymarl-monotone-qmix/3rdparty/StarCraftII/Versions/Base75689/SC2_x64" -listen 127.0.0.1 -port 40409 -dataDir /data/workspace/wxr/pymarl-monotone-qmix/3rdparty/StarCraftII/ -tempDir /tmp/sc-q_ybqr7r/'
Starting up...
Startup Phase 1 complete
[INFO 00:26:49] absl Connecting to: ws://127.0.0.1:40409/sc2api, attempt: 1, running: True
Startup Phase 2 complete
Creating stub renderer...
Listening on: 127.0.0.1:40409
Startup Phase 3 complete. Ready for commands.
[INFO 00:26:50] absl Connecting to: ws://127.0.0.1:40409/sc2api, attempt: 2, running: True
ConnectHandler: Request from 127.0.0.1:45274 accepted
ReadyHandler: 127.0.0.1:45274 ready
Requesting to join a single player game
Configuring interface options
Configure: raw interface enabled
Configure: feature layer interface disabled
Configure: score interface disabled
Configure: render interface disabled
Launching next game.
Next launch phase started: 2
Next launch phase started: 3
Next launch phase started: 4
Next launch phase started: 5
Next launch phase started: 6
Next launch phase started: 7
Next launch phase started: 8
Game has started.
Using default stable ids, none found at: /data/workspace/wxr/pymarl-monotone-qmix/3rdparty/StarCraftII/stableid.json
Successfully loaded stable ids: GameData\stableid.json
Sending ResponseJoinGame
[INFO 00:26:56] my_main Recent Stats | t_env:    1442024 | Episode:    61092
amco_mixing_output_rms:    3.0115	amco_q_term_rms:           0.3120	amco_relu_zero_frac:       0.6150	amco_state_term_rms:       0.2923
amco_state_to_q_ratio:     0.9400	amco_state_value_rms:      5.6604	amco_v_to_m_ratio:         1.9035	battle_won_mean:           0.1346
credit_entropy:            0.9907	credit_grad_agent_0:       1.3580	credit_grad_agent_1:       1.2203	credit_grad_agent_2:       1.7012
credit_grad_agent_3:       1.6171	credit_grad_agent_4:       1.3237	credit_grad_cv:            1.0041	credit_grad_max:          10.0980
credit_grad_mean:          1.4441	credit_grad_median:        0.8422	credit_grad_min:           0.0594	credit_grad_near_zero_frac:  0.0000
credit_grad_negative_frac:  0.0000	credit_grad_p10:           0.2552	credit_grad_p90:           3.3964	credit_grad_std:           1.4463
credit_max_share:          0.2423	dead_allies_mean:          4.6433	dead_enemies_mean:         3.8766	ep_length_mean:           23.8065
epsilon:                   0.0500	grad_norm:                 5.1944	loss:                      0.4963	q_taken_mean:              1.2703
return_mean:              10.3017	return_std:                4.0687	target_mean:               1.2699	td_error_abs:              0.4416
test_battle_won_mean:      0.4250	test_dead_allies_mean:     3.8500	test_dead_enemies_mean:    4.8375	test_ep_length_mean:      25.4125
test_return_mean:         14.0776	test_return_std:           5.0998	
[INFO 00:27:50] my_main Updated target network
[INFO 00:29:25] my_main Updated target network
[INFO 00:30:25] my_main t_env: 1452040 / 2050000
[INFO 00:30:25] my_main Estimated time left: 3 hours, 41 minutes, 54 seconds. Time passed: 7 hours, 50 minutes, 58 seconds
[INFO 00:30:32] my_main Recent Stats | t_env:    1452040 | Episode:    61524
amco_mixing_output_rms:    3.1888	amco_q_term_rms:           0.3088	amco_relu_zero_frac:       0.5955	amco_state_term_rms:       0.2904
amco_state_to_q_ratio:     0.9427	amco_state_value_rms:      5.7516	amco_v_to_m_ratio:         1.8216	battle_won_mean:           0.1257
credit_entropy:            0.9906	credit_grad_agent_0:       1.4028	credit_grad_agent_1:       1.2487	credit_grad_agent_2:       1.7367
credit_grad_agent_3:       1.6749	credit_grad_agent_4:       1.3794	credit_grad_cv:            0.9826	credit_grad_max:          10.1088
credit_grad_mean:          1.4885	credit_grad_median:        0.9003	credit_grad_min:           0.0680	credit_grad_near_zero_frac:  0.0000
credit_grad_negative_frac:  0.0000	credit_grad_p10:           0.2561	credit_grad_p90:           3.4533	credit_grad_std:           1.4609
credit_max_share:          0.2425	dead_allies_mean:          4.6659	dead_enemies_mean:         3.8272	ep_length_mean:           23.6508
epsilon:                   0.0500	grad_norm:                 5.2799	loss:                      0.5325	q_taken_mean:              1.3296
return_mean:              10.1561	return_std:                3.9869	target_mean:               1.3254	td_error_abs:              0.4565
test_battle_won_mean:      0.4062	test_dead_allies_mean:     3.9062	test_dead_enemies_mean:    4.8000	test_ep_length_mean:      25.4937
test_return_mean:         13.8894	test_return_std:           5.0986	
[INFO 00:31:09] my_main Updated target network
[INFO 00:32:51] my_main Updated target network
[INFO 00:33:55] my_main t_env: 1462056 / 2050000
[INFO 00:33:55] my_main Estimated time left: 3 hours, 25 minutes, 39 seconds. Time passed: 7 hours, 54 minutes, 28 seconds
[INFO 00:34:03] my_main Recent Stats | t_env:    1462056 | Episode:    61942
amco_mixing_output_rms:    3.2486	amco_q_term_rms:           0.3120	amco_relu_zero_frac:       0.5952	amco_state_term_rms:       0.3050
amco_state_to_q_ratio:     0.9773	amco_state_value_rms:      5.8473	amco_v_to_m_ratio:         1.8130	battle_won_mean:           0.1223
credit_entropy:            0.9907	credit_grad_agent_0:       1.4108	credit_grad_agent_1:       1.2406	credit_grad_agent_2:       1.7180
credit_grad_agent_3:       1.6641	credit_grad_agent_4:       1.3931	credit_grad_cv:            0.9664	credit_grad_max:           9.8623
credit_grad_mean:          1.4853	credit_grad_median:        0.9258	credit_grad_min:           0.0648	credit_grad_near_zero_frac:  0.0000
credit_grad_negative_frac:  0.0000	credit_grad_p10:           0.2484	credit_grad_p90:           3.4160	credit_grad_std:           1.4353
credit_max_share:          0.2420	dead_allies_mean:          4.6828	dead_enemies_mean:         3.8333	ep_length_mean:           23.7344
epsilon:                   0.0500	grad_norm:                 4.7198	loss:                      0.5208	q_taken_mean:              1.3478
return_mean:              10.1456	return_std:                3.9471	target_mean:               1.3368	td_error_abs:              0.4503
test_battle_won_mean:      0.3750	test_dead_allies_mean:     3.9875	test_dead_enemies_mean:    4.7687	test_ep_length_mean:      25.1438
test_return_mean:         13.5901	test_return_std:           4.9886	
[INFO 00:34:34] my_main Updated target network
[INFO 00:36:21] my_main Updated target network
[INFO 00:37:48] my_main t_env: 1472060 / 2050000
[INFO 00:37:48] my_main Estimated time left: 3 hours, 44 minutes, 31 seconds. Time passed: 7 hours, 58 minutes, 21 seconds
[INFO 00:37:58] my_main Recent Stats | t_env:    1472060 | Episode:    62369
amco_mixing_output_rms:    3.2937	amco_q_term_rms:           0.3145	amco_relu_zero_frac:       0.5970	amco_state_term_rms:       0.3062
amco_state_to_q_ratio:     0.9734	amco_state_value_rms:      5.9918	amco_v_to_m_ratio:         1.8322	battle_won_mean:           0.1164
credit_entropy:            0.9907	credit_grad_agent_0:       1.3963	credit_grad_agent_1:       1.2167	credit_grad_agent_2:       1.6980
credit_grad_agent_3:       1.6064	credit_grad_agent_4:       1.3928	credit_grad_cv:            0.9551	credit_grad_max:           9.6396
credit_grad_mean:          1.4620	credit_grad_median:        0.9089	credit_grad_min:           0.0634	credit_grad_near_zero_frac:  0.0000
credit_grad_negative_frac:  0.0000	credit_grad_p10:           0.2537	credit_grad_p90:           3.3681	credit_grad_std:           1.3962
credit_max_share:          0.2419	dead_allies_mean:          4.7015	dead_enemies_mean:         3.7977	ep_length_mean:           23.6765
epsilon:                   0.0500	grad_norm:                 4.9048	loss:                      0.5310	q_taken_mean:              1.3754
return_mean:              10.0270	return_std:                3.9072	target_mean:               1.3763	td_error_abs:              0.4592
test_battle_won_mean:      0.4313	test_dead_allies_mean:     3.8750	test_dead_enemies_mean:    4.8875	test_ep_length_mean:      25.4375
test_return_mean:         14.1903	test_return_std:           5.0953	
[INFO 00:38:16] my_main Updated target network
[INFO 00:40:01] my_main Updated target network
[INFO 00:41:47] my_main t_env: 1482061 / 2050000
[INFO 00:41:47] my_main Estimated time left: 3 hours, 45 minutes, 52 seconds. Time passed: 8 hours, 2 minutes, 20 seconds
[INFO 00:41:57] my_main Recent Stats | t_env:    1482061 | Episode:    62796
amco_mixing_output_rms:    3.3735	amco_q_term_rms:           0.3170	amco_relu_zero_frac:       0.5884	amco_state_term_rms:       0.3099
amco_state_to_q_ratio:     0.9776	amco_state_value_rms:      6.1488	amco_v_to_m_ratio:         1.8307	battle_won_mean:           0.1190
credit_entropy:            0.9903	credit_grad_agent_0:       1.4236	credit_grad_agent_1:       1.2306	credit_grad_agent_2:       1.7392
credit_grad_agent_3:       1.6425	credit_grad_agent_4:       1.4357	credit_grad_cv:            0.9282	credit_grad_max:           9.4650
credit_grad_mean:          1.4943	credit_grad_median:        0.9778	credit_grad_min:           0.0645	credit_grad_near_zero_frac:  0.0000
credit_grad_negative_frac:  0.0000	credit_grad_p10:           0.2566	credit_grad_p90:           3.3733	credit_grad_std:           1.3858
credit_max_share:          0.2426	dead_allies_mean:          4.7052	dead_enemies_mean:         3.8128	ep_length_mean:           23.5299
epsilon:                   0.0500	grad_norm:                 5.1941	loss:                      0.5647	q_taken_mean:              1.4195
return_mean:              10.0606	return_std:                3.9452	target_mean:               1.4300	td_error_abs:              0.4793
test_battle_won_mean:      0.4375	test_dead_allies_mean:     3.8312	test_dead_enemies_mean:    4.8625	test_ep_length_mean:      25.1687
test_return_mean:         14.1658	test_return_std:           5.1756	
[INFO 00:41:59] my_main Updated target network
[INFO 00:43:47] my_main Updated target network
[INFO 00:45:42] my_main Updated target network
[INFO 00:45:57] my_main t_env: 1492062 / 2050000
[INFO 00:45:57] my_main Estimated time left: 3 hours, 52 minutes, 46 seconds. Time passed: 8 hours, 6 minutes, 30 seconds
[INFO 00:46:06] my_main Recent Stats | t_env:    1492062 | Episode:    63226
amco_mixing_output_rms:    3.4208	amco_q_term_rms:           0.3210	amco_relu_zero_frac:       0.5906	amco_state_term_rms:       0.3088
amco_state_to_q_ratio:     0.9611	amco_state_value_rms:      6.3312	amco_v_to_m_ratio:         1.8585	battle_won_mean:           0.1195
credit_entropy:            0.9898	credit_grad_agent_0:       1.4071	credit_grad_agent_1:       1.2150	credit_grad_agent_2:       1.7410
credit_grad_agent_3:       1.6227	credit_grad_agent_4:       1.4262	credit_grad_cv:            0.9213	credit_grad_max:           9.2361
credit_grad_mean:          1.4824	credit_grad_median:        0.9620	credit_grad_min:           0.0526	credit_grad_near_zero_frac:  0.0000
credit_grad_negative_frac:  0.0000	credit_grad_p10:           0.2651	credit_grad_p90:           3.3572	credit_grad_std:           1.3642
credit_max_share:          0.2433	dead_allies_mean:          4.6974	dead_enemies_mean:         3.7937	ep_length_mean:           23.4510
epsilon:                   0.0500	grad_norm:                 4.6982	loss:                      0.5581	q_taken_mean:              1.4517
return_mean:              10.0297	return_std:                3.9674	target_mean:               1.4634	td_error_abs:              0.4775
test_battle_won_mean:      0.3875	test_dead_allies_mean:     3.9312	test_dead_enemies_mean:    4.7687	test_ep_length_mean:      25.0562
test_return_mean:         13.6413	test_return_std:           5.0901	
[INFO 00:47:25] my_main Updated target network
[INFO 00:49:04] my_main Updated target network
[INFO 00:49:29] my_main t_env: 1502078 / 2050000
[INFO 00:49:29] my_main Estimated time left: 3 hours, 12 minutes, 42 seconds. Time passed: 8 hours, 10 minutes, 2 seconds
RequestQuit command received.
DataHandler: unable to parse websocket frame.
CloseHandler: 127.0.0.1:45274 disconnected
Closing Application...
[INFO 00:49:36] absl Shutdown gracefully.
[INFO 00:49:36] absl Shutdown with return code: -15
[INFO 00:49:36] absl Launching SC2: /data/workspace/wxr/pymarl-monotone-qmix/3rdparty/StarCraftII/Versions/Base75689/SC2_x64 -listen 127.0.0.1 -port 43947 -dataDir /data/workspace/wxr/pymarl-monotone-qmix/3rdparty/StarCraftII/ -tempDir /tmp/sc-7cpmmq7_/
Version: B75689 (SC2.4.10)
Build: Aug 12 2019 17:16:57
Command Line: '"/data/workspace/wxr/pymarl-monotone-qmix/3rdparty/StarCraftII/Versions/Base75689/SC2_x64" -listen 127.0.0.1 -port 43947 -dataDir /data/workspace/wxr/pymarl-monotone-qmix/3rdparty/StarCraftII/ -tempDir /tmp/sc-7cpmmq7_/'
[INFO 00:49:36] absl Connecting to: ws://127.0.0.1:43947/sc2api, attempt: 0, running: True
Starting up...
Startup Phase 1 complete
[INFO 00:49:37] absl Connecting to: ws://127.0.0.1:43947/sc2api, attempt: 1, running: True
Startup Phase 2 complete
Creating stub renderer...
Listening on: 127.0.0.1:43947
Startup Phase 3 complete. Ready for commands.
[INFO 00:49:38] absl Connecting to: ws://127.0.0.1:43947/sc2api, attempt: 2, running: True
ConnectHandler: Request from 127.0.0.1:56108 accepted
ReadyHandler: 127.0.0.1:56108 ready
Requesting to join a single player game
Configuring interface options
Configure: raw interface enabled
Configure: feature layer interface disabled
Configure: score interface disabled
Configure: render interface disabled
Launching next game.
Next launch phase started: 2
Next launch phase started: 3
Next launch phase started: 4
Next launch phase started: 5
Next launch phase started: 6
Next launch phase started: 7
Next launch phase started: 8
Game has started.
Using default stable ids, none found at: /data/workspace/wxr/pymarl-monotone-qmix/3rdparty/StarCraftII/stableid.json
Successfully loaded stable ids: GameData\stableid.json
Sending ResponseJoinGame
[INFO 00:49:45] my_main Recent Stats | t_env:    1502078 | Episode:    63653
amco_mixing_output_rms:    3.3302	amco_q_term_rms:           0.3283	amco_relu_zero_frac:       0.6109	amco_state_term_rms:       0.3227
amco_state_to_q_ratio:     0.9816	amco_state_value_rms:      6.4152	amco_v_to_m_ratio:         1.9373	battle_won_mean:           0.1268
credit_entropy:            0.9902	credit_grad_agent_0:       1.3711	credit_grad_agent_1:       1.1793	credit_grad_agent_2:       1.6896
credit_grad_agent_3:       1.5677	credit_grad_agent_4:       1.3833	credit_grad_cv:            0.9265	credit_grad_max:           9.2082
credit_grad_mean:          1.4382	credit_grad_median:        0.8967	credit_grad_min:           0.0503	credit_grad_near_zero_frac:  0.0000
credit_grad_negative_frac:  0.0000	credit_grad_p10:           0.2609	credit_grad_p90:           3.2921	credit_grad_std:           1.3287
credit_max_share:          0.2423	dead_allies_mean:          4.6818	dead_enemies_mean:         3.8268	ep_length_mean:           23.5053
epsilon:                   0.0500	grad_norm:                 4.2787	loss:                      0.5381	q_taken_mean:              1.4178
return_mean:              10.1247	return_std:                4.0488	target_mean:               1.4318	td_error_abs:              0.4655
test_battle_won_mean:      0.3812	test_dead_allies_mean:     3.9312	test_dead_enemies_mean:    4.7062	test_ep_length_mean:      24.8562
test_return_mean:         13.5142	test_return_std:           5.1201	
[INFO 00:50:56] my_main Updated target network
[INFO 00:52:35] my_main Updated target network
[INFO 00:53:17] my_main t_env: 1512093 / 2050000
[INFO 00:53:17] my_main Estimated time left: 3 hours, 23 minutes, 55 seconds. Time passed: 8 hours, 13 minutes, 50 seconds
[INFO 00:53:24] my_main Recent Stats | t_env:    1512093 | Episode:    64084
amco_mixing_output_rms:    3.4071	amco_q_term_rms:           0.3235	amco_relu_zero_frac:       0.6066	amco_state_term_rms:       0.3150
amco_state_to_q_ratio:     0.9738	amco_state_value_rms:      6.4623	amco_v_to_m_ratio:         1.9061	battle_won_mean:           0.1265
credit_entropy:            0.9897	credit_grad_agent_0:       1.3691	credit_grad_agent_1:       1.1942	credit_grad_agent_2:       1.7039
credit_grad_agent_3:       1.5669	credit_grad_agent_4:       1.3698	credit_grad_cv:            0.9240	credit_grad_max:           9.0855
credit_grad_mean:          1.4408	credit_grad_median:        0.8908	credit_grad_min:           0.0480	credit_grad_near_zero_frac:  0.0000
credit_grad_negative_frac:  0.0000	credit_grad_p10:           0.2676	credit_grad_p90:           3.2938	credit_grad_std:           1.3277
credit_max_share:          0.2428	dead_allies_mean:          4.6784	dead_enemies_mean:         3.7949	ep_length_mean:           23.3603
epsilon:                   0.0500	grad_norm:                 5.0360	loss:                      0.5587	q_taken_mean:              1.4359
return_mean:              10.0763	return_std:                4.0600	target_mean:               1.4540	td_error_abs:              0.4728
test_battle_won_mean:      0.4125	test_dead_allies_mean:     3.8563	test_dead_enemies_mean:    4.7438	test_ep_length_mean:      24.8313
test_return_mean:         13.8462	test_return_std:           5.1976	
[INFO 00:54:21] my_main Updated target network
[INFO 00:55:57] my_main Updated target network
[INFO 00:56:47] my_main t_env: 1522099 / 2050000
[INFO 00:56:47] my_main Estimated time left: 3 hours, 4 minutes, 50 seconds. Time passed: 8 hours, 17 minutes, 20 seconds
[INFO 00:56:54] my_main Recent Stats | t_env:    1522099 | Episode:    64508
amco_mixing_output_rms:    3.5399	amco_q_term_rms:           0.3238	amco_relu_zero_frac:       0.5935	amco_state_term_rms:       0.3215
amco_state_to_q_ratio:     0.9941	amco_state_value_rms:      6.4863	amco_v_to_m_ratio:         1.8550	battle_won_mean:           0.1324
credit_entropy:            0.9891	credit_grad_agent_0:       1.3347	credit_grad_agent_1:       1.1912	credit_grad_agent_2:       1.6741
credit_grad_agent_3:       1.5487	credit_grad_agent_4:       1.3482	credit_grad_cv:            0.9317	credit_grad_max:           9.0231
credit_grad_mean:          1.4194	credit_grad_median:        0.8853	credit_grad_min:           0.0499	credit_grad_near_zero_frac:  0.0000
credit_grad_negative_frac:  0.0000	credit_grad_p10:           0.2613	credit_grad_p90:           3.2269	credit_grad_std:           1.3185
credit_max_share:          0.2443	dead_allies_mean:          4.6610	dead_enemies_mean:         3.8021	ep_length_mean:           23.3944
epsilon:                   0.0500	grad_norm:                 4.4569	loss:                      0.5369	q_taken_mean:              1.4718
return_mean:              10.1554	return_std:                4.1244	target_mean:               1.4852	td_error_abs:              0.4595
test_battle_won_mean:      0.3937	test_dead_allies_mean:     3.9438	test_dead_enemies_mean:    4.6937	test_ep_length_mean:      24.7625
test_return_mean:         13.6292	test_return_std:           5.2064	
[INFO 00:57:38] my_main Updated target network
[INFO 00:59:12] my_main Updated target network
[INFO 01:00:18] my_main t_env: 1532114 / 2050000
[INFO 01:00:18] my_main Estimated time left: 3 hours, 2 minutes, 27 seconds. Time passed: 8 hours, 20 minutes, 51 seconds
[INFO 01:00:27] my_main Recent Stats | t_env:    1532114 | Episode:    64935
amco_mixing_output_rms:    3.5963	amco_q_term_rms:           0.3217	amco_relu_zero_frac:       0.5895	amco_state_term_rms:       0.3236
amco_state_to_q_ratio:     1.0071	amco_state_value_rms:      6.4655	amco_v_to_m_ratio:         1.8169	battle_won_mean:           0.1295
credit_entropy:            0.9887	credit_grad_agent_0:       1.3021	credit_grad_agent_1:       1.1961	credit_grad_agent_2:       1.6594
credit_grad_agent_3:       1.5087	credit_grad_agent_4:       1.3194	credit_grad_cv:            0.9575	credit_grad_max:           9.1324
credit_grad_mean:          1.3972	credit_grad_median:        0.8370	credit_grad_min:           0.0504	credit_grad_near_zero_frac:  0.0000
credit_grad_negative_frac:  0.0000	credit_grad_p10:           0.2506	credit_grad_p90:           3.2340	credit_grad_std:           1.3373
credit_max_share:          0.2456	dead_allies_mean:          4.6614	dead_enemies_mean:         3.7857	ep_length_mean:           23.4010
epsilon:                   0.0500	grad_norm:                 5.1742	loss:                      0.5168	q_taken_mean:              1.4813
return_mean:              10.1233	return_std:                4.0928	target_mean:               1.4858	td_error_abs:              0.4462
test_battle_won_mean:      0.3750	test_dead_allies_mean:     3.9750	test_dead_enemies_mean:    4.6125	test_ep_length_mean:      24.9062
test_return_mean:         13.3502	test_return_std:           5.2383	
[INFO 01:01:01] my_main Updated target network
[INFO 01:02:32] my_main Updated target network
[INFO 01:03:47] my_main t_env: 1542114 / 2050000
[INFO 01:03:47] my_main Estimated time left: 2 hours, 56 minutes, 8 seconds. Time passed: 8 hours, 24 minutes, 20 seconds
[INFO 01:03:56] my_main Recent Stats | t_env:    1542114 | Episode:    65347
amco_mixing_output_rms:    3.5486	amco_q_term_rms:           0.3188	amco_relu_zero_frac:       0.5878	amco_state_term_rms:       0.3248
amco_state_to_q_ratio:     1.0206	amco_state_value_rms:      6.4294	amco_v_to_m_ratio:         1.8305	battle_won_mean:           0.1278
credit_entropy:            0.9888	credit_grad_agent_0:       1.3065	credit_grad_agent_1:       1.2138	credit_grad_agent_2:       1.6686
credit_grad_agent_3:       1.5155	credit_grad_agent_4:       1.3277	credit_grad_cv:            0.9502	credit_grad_max:           9.0199
credit_grad_mean:          1.4064	credit_grad_median:        0.8657	credit_grad_min:           0.0518	credit_grad_near_zero_frac:  0.0000
credit_grad_negative_frac:  0.0000	credit_grad_p10:           0.2426	credit_grad_p90:           3.2381	credit_grad_std:           1.3347
credit_max_share:          0.2459	dead_allies_mean:          4.6669	dead_enemies_mean:         3.8109	ep_length_mean:           23.6037
epsilon:                   0.0500	grad_norm:                 6.4417	loss:                      0.5600	q_taken_mean:              1.4736
return_mean:              10.1597	return_std:                4.0497	target_mean:               1.4875	td_error_abs:              0.4710
test_battle_won_mean:      0.3688	test_dead_allies_mean:     4.0187	test_dead_enemies_mean:    4.6250	test_ep_length_mean:      25.0500
test_return_mean:         13.3262	test_return_std:           5.1825	
[INFO 01:04:25] my_main Updated target network
[INFO 01:06:05] my_main Updated target network
[INFO 01:07:28] my_main t_env: 1552132 / 2050000
[INFO 01:07:28] my_main Estimated time left: 3 hours, 3 minutes, 37 seconds. Time passed: 8 hours, 28 minutes, 1 seconds
[INFO 01:07:34] my_main Recent Stats | t_env:    1552132 | Episode:    65768
amco_mixing_output_rms:    3.6224	amco_q_term_rms:           0.3093	amco_relu_zero_frac:       0.5706	amco_state_term_rms:       0.3147
amco_state_to_q_ratio:     1.0177	amco_state_value_rms:      6.4540	amco_v_to_m_ratio:         1.7920	battle_won_mean:           0.1282
credit_entropy:            0.9880	credit_grad_agent_0:       1.3191	credit_grad_agent_1:       1.2503	credit_grad_agent_2:       1.7313
credit_grad_agent_3:       1.5645	credit_grad_agent_4:       1.3713	credit_grad_cv:            0.9363	credit_grad_max:           8.8292
credit_grad_mean:          1.4473	credit_grad_median:        0.9430	credit_grad_min:           0.0554	credit_grad_near_zero_frac:  0.0000
credit_grad_negative_frac:  0.0000	credit_grad_p10:           0.2491	credit_grad_p90:           3.2839	credit_grad_std:           1.3542
credit_max_share:          0.2482	dead_allies_mean:          4.6616	dead_enemies_mean:         3.8006	ep_length_mean:           23.6715
epsilon:                   0.0500	grad_norm:                 8.6868	loss:                      0.6137	q_taken_mean:              1.5196
return_mean:              10.1449	return_std:                4.0588	target_mean:               1.5305	td_error_abs:              0.4966
test_battle_won_mean:      0.4000	test_dead_allies_mean:     3.9625	test_dead_enemies_mean:    4.7250	test_ep_length_mean:      25.2875
test_return_mean:         13.6986	test_return_std:           5.1748	
[INFO 01:07:53] my_main Updated target network
[INFO 01:09:33] my_main Updated target network
[INFO 01:11:05] my_main t_env: 1562148 / 2050000
[INFO 01:11:05] my_main Estimated time left: 2 hours, 55 minutes, 42 seconds. Time passed: 8 hours, 31 minutes, 38 seconds
DataHandler: unable to parse websocket frame.
CloseHandler: 127.0.0.1:56108 disconnected
[INFO 01:11:10] absl Shutdown gracefully.
[INFO 01:11:10] absl Shutdown with return code: -15
[INFO 01:11:10] absl Launching SC2: /data/workspace/wxr/pymarl-monotone-qmix/3rdparty/StarCraftII/Versions/Base75689/SC2_x64 -listen 127.0.0.1 -port 36299 -dataDir /data/workspace/wxr/pymarl-monotone-qmix/3rdparty/StarCraftII/ -tempDir /tmp/sc-3q52orqa/
[INFO 01:11:10] absl Connecting to: ws://127.0.0.1:36299/sc2api, attempt: 0, running: True
Version: B75689 (SC2.4.10)
Build: Aug 12 2019 17:16:57
Command Line: '"/data/workspace/wxr/pymarl-monotone-qmix/3rdparty/StarCraftII/Versions/Base75689/SC2_x64" -listen 127.0.0.1 -port 36299 -dataDir /data/workspace/wxr/pymarl-monotone-qmix/3rdparty/StarCraftII/ -tempDir /tmp/sc-3q52orqa/'
Starting up...
Startup Phase 1 complete
[INFO 01:11:11] absl Connecting to: ws://127.0.0.1:36299/sc2api, attempt: 1, running: True
Startup Phase 2 complete
Creating stub renderer...
Listening on: 127.0.0.1:36299
Startup Phase 3 complete. Ready for commands.
[INFO 01:11:12] absl Connecting to: ws://127.0.0.1:36299/sc2api, attempt: 2, running: True
ConnectHandler: Request from 127.0.0.1:49086 accepted
ReadyHandler: 127.0.0.1:49086 ready
Requesting to join a single player game
Configuring interface options
Configure: raw interface enabled
Configure: feature layer interface disabled
Configure: score interface disabled
Configure: render interface disabled
Launching next game.
Next launch phase started: 2
Next launch phase started: 3
Next launch phase started: 4
Next launch phase started: 5
Next launch phase started: 6
Next launch phase started: 7
Next launch phase started: 8
Game has started.
Using default stable ids, none found at: /data/workspace/wxr/pymarl-monotone-qmix/3rdparty/StarCraftII/stableid.json
Successfully loaded stable ids: GameData\stableid.json
Sending ResponseJoinGame
[INFO 01:11:18] my_main Recent Stats | t_env:    1562148 | Episode:    66185
amco_mixing_output_rms:    3.6316	amco_q_term_rms:           0.3092	amco_relu_zero_frac:       0.5615	amco_state_term_rms:       0.3116
amco_state_to_q_ratio:     1.0082	amco_state_value_rms:      6.4868	amco_v_to_m_ratio:         1.7966	battle_won_mean:           0.1333
credit_entropy:            0.9873	credit_grad_agent_0:       1.2959	credit_grad_agent_1:       1.2374	credit_grad_agent_2:       1.7332
credit_grad_agent_3:       1.5569	credit_grad_agent_4:       1.3679	credit_grad_cv:            0.9405	credit_grad_max:           8.9443
credit_grad_mean:          1.4383	credit_grad_median:        0.9583	credit_grad_min:           0.0590	credit_grad_near_zero_frac:  0.0000
credit_grad_negative_frac:  0.0000	credit_grad_p10:           0.2517	credit_grad_p90:           3.2488	credit_grad_std:           1.3513
credit_max_share:          0.2503	dead_allies_mean:          4.6510	dead_enemies_mean:         3.8267	ep_length_mean:           23.8280
epsilon:                   0.0500	grad_norm:                 8.3039	loss:                      0.6138	q_taken_mean:              1.5462
return_mean:              10.2205	return_std:                4.1122	target_mean:               1.5574	td_error_abs:              0.4992
test_battle_won_mean:      0.4437	test_dead_allies_mean:     3.7750	test_dead_enemies_mean:    4.8125	test_ep_length_mean:      25.2812
test_return_mean:         14.1328	test_return_std:           5.1737	
[INFO 01:11:25] my_main Updated target network
[INFO 01:13:10] my_main Updated target network
[INFO 01:14:51] my_main Updated target network
[INFO 01:14:55] my_main t_env: 1572163 / 2050000
[INFO 01:14:55] my_main Estimated time left: 3 hours, 3 minutes, 4 seconds. Time passed: 8 hours, 35 minutes, 28 seconds
[INFO 01:15:04] my_main Recent Stats | t_env:    1572163 | Episode:    66607
amco_mixing_output_rms:    3.4175	amco_q_term_rms:           0.3091	amco_relu_zero_frac:       0.5740	amco_state_term_rms:       0.3059
amco_state_to_q_ratio:     0.9902	amco_state_value_rms:      6.4634	amco_v_to_m_ratio:         1.8946	battle_won_mean:           0.1292
credit_entropy:            0.9877	credit_grad_agent_0:       1.3195	credit_grad_agent_1:       1.2404	credit_grad_agent_2:       1.7423
credit_grad_agent_3:       1.5808	credit_grad_agent_4:       1.3832	credit_grad_cv:            0.9371	credit_grad_max:           9.0187
credit_grad_mean:          1.4532	credit_grad_median:        0.9657	credit_grad_min:           0.0599	credit_grad_near_zero_frac:  0.0000
credit_grad_negative_frac:  0.0000	credit_grad_p10:           0.2525	credit_grad_p90:           3.2894	credit_grad_std:           1.3607
credit_max_share:          0.2500	dead_allies_mean:          4.6630	dead_enemies_mean:         3.8029	ep_length_mean:           23.8547
epsilon:                   0.0500	grad_norm:                 8.1318	loss:                      0.5879	q_taken_mean:              1.5046
return_mean:              10.1692	return_std:                4.0629	target_mean:               1.5135	td_error_abs:              0.4956
test_battle_won_mean:      0.4688	test_dead_allies_mean:     3.6375	test_dead_enemies_mean:    4.8688	test_ep_length_mean:      25.2688
test_return_mean:         14.3858	test_return_std:           5.1688	
[INFO 01:16:48] my_main Updated target network
[INFO 01:18:22] my_main Updated target network
[INFO 01:18:40] my_main t_env: 1582165 / 2050000
[INFO 01:18:40] my_main Estimated time left: 2 hours, 55 minutes, 9 seconds. Time passed: 8 hours, 39 minutes, 13 seconds
[INFO 01:18:46] my_main Recent Stats | t_env:    1582165 | Episode:    67038
amco_mixing_output_rms:    3.2606	amco_q_term_rms:           0.3175	amco_relu_zero_frac:       0.5854	amco_state_term_rms:       0.3092
amco_state_to_q_ratio:     0.9754	amco_state_value_rms:      6.3816	amco_v_to_m_ratio:         1.9690	battle_won_mean:           0.1313
credit_entropy:            0.9880	credit_grad_agent_0:       1.2861	credit_grad_agent_1:       1.1863	credit_grad_agent_2:       1.6767
credit_grad_agent_3:       1.5665	credit_grad_agent_4:       1.3462	credit_grad_cv:            0.9304	credit_grad_max:           8.5005
credit_grad_mean:          1.4123	credit_grad_median:        0.9357	credit_grad_min:           0.0643	credit_grad_near_zero_frac:  0.0000
credit_grad_negative_frac:  0.0000	credit_grad_p10:           0.2587	credit_grad_p90:           3.2082	credit_grad_std:           1.3117
credit_max_share:          0.2492	dead_allies_mean:          4.6602	dead_enemies_mean:         3.7611	ep_length_mean:           23.8051
epsilon:                   0.0500	grad_norm:                 7.1927	loss:                      0.5800	q_taken_mean:              1.4537
return_mean:              10.1328	return_std:                4.1077	target_mean:               1.4708	td_error_abs:              0.4926
test_battle_won_mean:      0.5062	test_dead_allies_mean:     3.5500	test_dead_enemies_mean:    4.9750	test_ep_length_mean:      25.1438
test_return_mean:         14.8413	test_return_std:           5.1709	
[INFO 01:20:11] my_main Updated target network
[INFO 01:21:47] my_main Updated target network
[INFO 01:22:17] my_main t_env: 1592166 / 2050000
[INFO 01:22:17] my_main Estimated time left: 2 hours, 45 minutes, 56 seconds. Time passed: 8 hours, 42 minutes, 50 seconds
[INFO 01:22:24] my_main Recent Stats | t_env:    1592166 | Episode:    67465
amco_mixing_output_rms:    3.1631	amco_q_term_rms:           0.3237	amco_relu_zero_frac:       0.5923	amco_state_term_rms:       0.3178
amco_state_to_q_ratio:     0.9822	amco_state_value_rms:      6.2509	amco_v_to_m_ratio:         1.9847	battle_won_mean:           0.1309
credit_entropy:            0.9879	credit_grad_agent_0:       1.2462	credit_grad_agent_1:       1.1417	credit_grad_agent_2:       1.5949
credit_grad_agent_3:       1.5290	credit_grad_agent_4:       1.2903	credit_grad_cv:            0.9493	credit_grad_max:           9.1117
credit_grad_mean:          1.3604	credit_grad_median:        0.8686	credit_grad_min:           0.0639	credit_grad_near_zero_frac:  0.0000
credit_grad_negative_frac:  0.0000	credit_grad_p10:           0.2526	credit_grad_p90:           3.1329	credit_grad_std:           1.2894
credit_max_share:          0.2495	dead_allies_mean:          4.6626	dead_enemies_mean:         3.7197	ep_length_mean:           23.6350
epsilon:                   0.0500	grad_norm:                 6.5866	loss:                      0.5392	q_taken_mean:              1.4090
return_mean:              10.0831	return_std:                4.1181	target_mean:               1.4238	td_error_abs:              0.4681
test_battle_won_mean:      0.5437	test_dead_allies_mean:     3.4937	test_dead_enemies_mean:    5.0438	test_ep_length_mean:      25.0625
test_return_mean:         15.2061	test_return_std:           5.2921	
[INFO 01:23:24] my_main Updated target network
[INFO 01:24:55] my_main Updated target network
[INFO 01:25:35] my_main t_env: 1602191 / 2050000
[INFO 01:25:35] my_main Estimated time left: 2 hours, 27 minutes, 11 seconds. Time passed: 8 hours, 46 minutes, 8 seconds
[INFO 01:25:41] my_main Recent Stats | t_env:    1602191 | Episode:    67890
amco_mixing_output_rms:    3.0299	amco_q_term_rms:           0.3341	amco_relu_zero_frac:       0.6047	amco_state_term_rms:       0.3256
amco_state_to_q_ratio:     0.9763	amco_state_value_rms:      6.0956	amco_v_to_m_ratio:         2.0212	battle_won_mean:           0.1235
credit_entropy:            0.9878	credit_grad_agent_0:       1.2085	credit_grad_agent_1:       1.0776	credit_grad_agent_2:       1.4971
credit_grad_agent_3:       1.4700	credit_grad_agent_4:       1.2314	credit_grad_cv:            0.9796	credit_grad_max:           9.1619
credit_grad_mean:          1.2969	credit_grad_median:        0.7789	credit_grad_min:           0.0546	credit_grad_near_zero_frac:  0.0000
credit_grad_negative_frac:  0.0000	credit_grad_p10:           0.2446	credit_grad_p90:           3.0523	credit_grad_std:           1.2672
credit_max_share:          0.2494	dead_allies_mean:          4.6836	dead_enemies_mean:         3.6913	ep_length_mean:           23.5935
epsilon:                   0.0500	grad_norm:                 4.9690	loss:                      0.4951	q_taken_mean:              1.3483
return_mean:              10.0103	return_std:                4.0329	target_mean:               1.3727	td_error_abs:              0.4477
test_battle_won_mean:      0.5563	test_dead_allies_mean:     3.4438	test_dead_enemies_mean:    5.0750	test_ep_length_mean:      25.0250
test_return_mean:         15.3413	test_return_std:           5.2691	
[INFO 01:26:33] my_main Updated target network
[INFO 01:28:13] my_main Updated target network
[INFO 01:29:12] my_main t_env: 1612203 / 2050000
[INFO 01:29:12] my_main Estimated time left: 2 hours, 38 minutes, 23 seconds. Time passed: 8 hours, 49 minutes, 45 seconds
[INFO 01:29:20] my_main Recent Stats | t_env:    1612203 | Episode:    68316
amco_mixing_output_rms:    2.9327	amco_q_term_rms:           0.3362	amco_relu_zero_frac:       0.6128	amco_state_term_rms:       0.3316
amco_state_to_q_ratio:     0.9884	amco_state_value_rms:      5.9466	amco_v_to_m_ratio:         2.0320	battle_won_mean:           0.1206
credit_entropy:            0.9881	credit_grad_agent_0:       1.1997	credit_grad_agent_1:       1.0536	credit_grad_agent_2:       1.4575
credit_grad_agent_3:       1.4574	credit_grad_agent_4:       1.2219	credit_grad_cv:            0.9780	credit_grad_max:           9.1096
credit_grad_mean:          1.2780	credit_grad_median:        0.7750	credit_grad_min:           0.0480	credit_grad_near_zero_frac:  0.0000
credit_grad_negative_frac:  0.0000	credit_grad_p10:           0.2396	credit_grad_p90:           3.0100	credit_grad_std:           1.2471
credit_max_share:          0.2482	dead_allies_mean:          4.6921	dead_enemies_mean:         3.6794	ep_length_mean:           23.4902
epsilon:                   0.0500	grad_norm:                 4.9108	loss:                      0.4888	q_taken_mean:              1.3012
return_mean:               9.9697	return_std:                4.0064	target_mean:               1.3261	td_error_abs:              0.4456
test_battle_won_mean:      0.5125	test_dead_allies_mean:     3.5812	test_dead_enemies_mean:    5.0812	test_ep_length_mean:      25.1938
test_return_mean:         15.0238	test_return_std:           5.1719	
[INFO 01:30:00] my_main Updated target network
[INFO 01:31:43] my_main Updated target network
[INFO 01:32:56] my_main t_env: 1622227 / 2050000
[INFO 01:32:56] my_main Estimated time left: 2 hours, 39 minutes, 23 seconds. Time passed: 8 hours, 53 minutes, 29 seconds
DataHandler: unable to parse websocket frame.
RequestQuit command received.
Closing Application...
CloseHandler: 127.0.0.1:49086 disconnected
[INFO 01:33:01] absl Shutdown gracefully.
[INFO 01:33:01] absl Shutdown with return code: -15
[INFO 01:33:01] absl Launching SC2: /data/workspace/wxr/pymarl-monotone-qmix/3rdparty/StarCraftII/Versions/Base75689/SC2_x64 -listen 127.0.0.1 -port 34679 -dataDir /data/workspace/wxr/pymarl-monotone-qmix/3rdparty/StarCraftII/ -tempDir /tmp/sc-lm7w7xf9/
[INFO 01:33:01] absl Connecting to: ws://127.0.0.1:34679/sc2api, attempt: 0, running: True
Version: B75689 (SC2.4.10)
Build: Aug 12 2019 17:16:57
Command Line: '"/data/workspace/wxr/pymarl-monotone-qmix/3rdparty/StarCraftII/Versions/Base75689/SC2_x64" -listen 127.0.0.1 -port 34679 -dataDir /data/workspace/wxr/pymarl-monotone-qmix/3rdparty/StarCraftII/ -tempDir /tmp/sc-lm7w7xf9/'
Starting up...
Startup Phase 1 complete
[INFO 01:33:02] absl Connecting to: ws://127.0.0.1:34679/sc2api, attempt: 1, running: True
Startup Phase 2 complete
Creating stub renderer...
Listening on: 127.0.0.1:34679
Startup Phase 3 complete. Ready for commands.
[INFO 01:33:03] absl Connecting to: ws://127.0.0.1:34679/sc2api, attempt: 2, running: True
ConnectHandler: Request from 127.0.0.1:38044 accepted
ReadyHandler: 127.0.0.1:38044 ready
Requesting to join a single player game
Configuring interface options
Configure: raw interface enabled
Configure: feature layer interface disabled
Configure: score interface disabled
Configure: render interface disabled
Launching next game.
Next launch phase started: 2
Next launch phase started: 3
Next launch phase started: 4
Next launch phase started: 5
Next launch phase started: 6
Next launch phase started: 7
Next launch phase started: 8
Game has started.
Using default stable ids, none found at: /data/workspace/wxr/pymarl-monotone-qmix/3rdparty/StarCraftII/stableid.json
Successfully loaded stable ids: GameData\stableid.json
Sending ResponseJoinGame
[INFO 01:33:12] my_main Recent Stats | t_env:    1622227 | Episode:    68744
amco_mixing_output_rms:    2.8823	amco_q_term_rms:           0.3437	amco_relu_zero_frac:       0.6195	amco_state_term_rms:       0.3370
amco_state_to_q_ratio:     0.9830	amco_state_value_rms:      5.8351	amco_v_to_m_ratio:         2.0288	battle_won_mean:           0.1189
credit_entropy:            0.9875	credit_grad_agent_0:       1.1436	credit_grad_agent_1:       0.9945	credit_grad_agent_2:       1.3911
credit_grad_agent_3:       1.4045	credit_grad_agent_4:       1.1545	credit_grad_cv:            0.9898	credit_grad_max:           8.9998
credit_grad_mean:          1.2176	credit_grad_median:        0.7229	credit_grad_min:           0.0429	credit_grad_near_zero_frac:  0.0000
credit_grad_negative_frac:  0.0000	credit_grad_p10:           0.2317	credit_grad_p90:           2.8779	credit_grad_std:           1.2039
credit_max_share:          0.2488	dead_allies_mean:          4.6996	dead_enemies_mean:         3.6947	ep_length_mean:           23.4278
epsilon:                   0.0500	grad_norm:                 4.9337	loss:                      0.4812	q_taken_mean:              1.2683
return_mean:               9.9634	return_std:                3.9793	target_mean:               1.2939	td_error_abs:              0.4375
test_battle_won_mean:      0.5125	test_dead_allies_mean:     3.5750	test_dead_enemies_mean:    5.0375	test_ep_length_mean:      25.0437
test_return_mean:         14.9759	test_return_std:           5.2282	
[INFO 01:33:41] my_main Updated target network
[INFO 01:35:30] my_main Updated target network
[INFO 01:36:56] my_main t_env: 1632243 / 2050000
[INFO 01:36:56] my_main Estimated time left: 2 hours, 46 minutes, 50 seconds. Time passed: 8 hours, 57 minutes, 29 seconds
[INFO 01:37:04] my_main Recent Stats | t_env:    1632243 | Episode:    69171
amco_mixing_output_rms:    2.8929	amco_q_term_rms:           0.3426	amco_relu_zero_frac:       0.6155	amco_state_term_rms:       0.3535
amco_state_to_q_ratio:     1.0335	amco_state_value_rms:      5.7566	amco_v_to_m_ratio:         1.9926	battle_won_mean:           0.1233
credit_entropy:            0.9873	credit_grad_agent_0:       1.1381	credit_grad_agent_1:       0.9987	credit_grad_agent_2:       1.3947
credit_grad_agent_3:       1.3990	credit_grad_agent_4:       1.1561	credit_grad_cv:            0.9796	credit_grad_max:           9.0515
credit_grad_mean:          1.2173	credit_grad_median:        0.7431	credit_grad_min:           0.0414	credit_grad_near_zero_frac:  0.0000
credit_grad_negative_frac:  0.0000	credit_grad_p10:           0.2223	credit_grad_p90:           2.8510	credit_grad_std:           1.1909
credit_max_share:          0.2491	dead_allies_mean:          4.6859	dead_enemies_mean:         3.7533	ep_length_mean:           23.4779
epsilon:                   0.0500	grad_norm:                 4.7636	loss:                      0.4751	q_taken_mean:              1.2614
return_mean:              10.0650	return_std:                4.0081	target_mean:               1.2785	td_error_abs:              0.4317
test_battle_won_mean:      0.4938	test_dead_allies_mean:     3.6063	test_dead_enemies_mean:    4.9500	test_ep_length_mean:      24.8188
test_return_mean:         14.7392	test_return_std:           5.2644	
[INFO 01:37:17] my_main Updated target network
[INFO 01:39:03] my_main Updated target network
[INFO 01:40:43] my_main t_env: 1642249 / 2050000
[INFO 01:40:43] my_main Estimated time left: 2 hours, 34 minutes, 1 seconds. Time passed: 9 hours, 1 minutes, 16 seconds
[INFO 01:40:50] my_main Recent Stats | t_env:    1642249 | Episode:    69594
amco_mixing_output_rms:    2.8106	amco_q_term_rms:           0.3467	amco_relu_zero_frac:       0.6270	amco_state_term_rms:       0.3493
amco_state_to_q_ratio:     1.0095	amco_state_value_rms:      5.7156	amco_v_to_m_ratio:         2.0363	battle_won_mean:           0.1259
credit_entropy:            0.9871	credit_grad_agent_0:       1.1122	credit_grad_agent_1:       0.9802	credit_grad_agent_2:       1.3639
credit_grad_agent_3:       1.3662	credit_grad_agent_4:       1.1375	credit_grad_cv:            0.9680	credit_grad_max:           8.4153
credit_grad_mean:          1.1920	credit_grad_median:        0.7358	credit_grad_min:           0.0301	credit_grad_near_zero_frac:  0.0005
credit_grad_negative_frac:  0.0000	credit_grad_p10:           0.2243	credit_grad_p90:           2.7653	credit_grad_std:           1.1528
credit_max_share:          0.2477	dead_allies_mean:          4.6810	dead_enemies_mean:         3.7948	ep_length_mean:           23.5245
epsilon:                   0.0500	grad_norm:                 4.4271	loss:                      0.4820	q_taken_mean:              1.2320
return_mean:              10.1431	return_std:                4.0203	target_mean:               1.2482	td_error_abs:              0.4326
test_battle_won_mean:      0.4875	test_dead_allies_mean:     3.5750	test_dead_enemies_mean:    4.9125	test_ep_length_mean:      24.8625
test_return_mean:         14.6552	test_return_std:           5.2846	
[INFO 01:40:53] my_main Updated target network
[INFO 01:42:35] my_main Updated target network
[INFO 01:44:17] my_main Updated target network
[INFO 01:44:23] my_main t_env: 1652250 / 2050000
[INFO 01:44:23] my_main Estimated time left: 2 hours, 26 minutes, 0 seconds. Time passed: 9 hours, 4 minutes, 56 seconds
[INFO 01:44:32] my_main Recent Stats | t_env:    1652250 | Episode:    70013
amco_mixing_output_rms:    2.8021	amco_q_term_rms:           0.3465	amco_relu_zero_frac:       0.6306	amco_state_term_rms:       0.3416
amco_state_to_q_ratio:     0.9890	amco_state_value_rms:      5.7299	amco_v_to_m_ratio:         2.0482	battle_won_mean:           0.1362
credit_entropy:            0.9875	credit_grad_agent_0:       1.1010	credit_grad_agent_1:       0.9784	credit_grad_agent_2:       1.3613
credit_grad_agent_3:       1.3614	credit_grad_agent_4:       1.1279	credit_grad_cv:            0.9477	credit_grad_max:           8.0295
credit_grad_mean:          1.1860	credit_grad_median:        0.7634	credit_grad_min:           0.0292	credit_grad_near_zero_frac:  0.0005
credit_grad_negative_frac:  0.0000	credit_grad_p10:           0.2277	credit_grad_p90:           2.7122	credit_grad_std:           1.1230
credit_max_share:          0.2464	dead_allies_mean:          4.6497	dead_enemies_mean:         3.8317	ep_length_mean:           23.5806
epsilon:                   0.0500	grad_norm:                 3.6698	loss:                      0.4653	q_taken_mean:              1.2340
return_mean:              10.2755	return_std:                4.1282	target_mean:               1.2447	td_error_abs:              0.4298
test_battle_won_mean:      0.4125	test_dead_allies_mean:     3.8062	test_dead_enemies_mean:    4.7250	test_ep_length_mean:      24.9750
test_return_mean:         13.8061	test_return_std:           5.1758	
[INFO 01:46:10] my_main Updated target network
[INFO 01:48:29] my_main Updated target network
[INFO 01:48:47] my_main t_env: 1662252 / 2050000
[INFO 01:48:47] my_main Estimated time left: 2 hours, 50 minutes, 33 seconds. Time passed: 9 hours, 9 minutes, 20 seconds
[INFO 01:48:59] my_main Recent Stats | t_env:    1662252 | Episode:    70427
amco_mixing_output_rms:    2.9272	amco_q_term_rms:           0.3471	amco_relu_zero_frac:       0.6208	amco_state_term_rms:       0.3413
amco_state_to_q_ratio:     0.9858	amco_state_value_rms:      5.7473	amco_v_to_m_ratio:         1.9863	battle_won_mean:           0.1403
credit_entropy:            0.9866	credit_grad_agent_0:       1.1159	credit_grad_agent_1:       0.9857	credit_grad_agent_2:       1.3744
credit_grad_agent_3:       1.3707	credit_grad_agent_4:       1.1390	credit_grad_cv:            0.9384	credit_grad_max:           8.1790
credit_grad_mean:          1.1972	credit_grad_median:        0.7774	credit_grad_min:           0.0242	credit_grad_near_zero_frac:  0.0013
credit_grad_negative_frac:  0.0000	credit_grad_p10:           0.2236	credit_grad_p90:           2.7273	credit_grad_std:           1.1214
credit_max_share:          0.2465	dead_allies_mean:          4.6329	dead_enemies_mean:         3.8626	ep_length_mean:           23.7120
epsilon:                   0.0500	grad_norm:                 3.5257	loss:                      0.5091	q_taken_mean:              1.2634
return_mean:              10.3494	return_std:                4.1615	target_mean:               1.2696	td_error_abs:              0.4403
test_battle_won_mean:      0.4000	test_dead_allies_mean:     3.8687	test_dead_enemies_mean:    4.6500	test_ep_length_mean:      25.1562
test_return_mean:         13.6042	test_return_std:           5.2244	
[INFO 01:50:32] my_main Updated target network
[INFO 01:52:14] my_main Updated target network
[INFO 01:52:43] my_main t_env: 1672260 / 2050000
[INFO 01:52:43] my_main Estimated time left: 2 hours, 28 minutes, 32 seconds. Time passed: 9 hours, 13 minutes, 16 seconds
[INFO 01:52:52] my_main Recent Stats | t_env:    1672260 | Episode:    70852
amco_mixing_output_rms:    3.0331	amco_q_term_rms:           0.3487	amco_relu_zero_frac:       0.6148	amco_state_term_rms:       0.3515
amco_state_to_q_ratio:     1.0106	amco_state_value_rms:      5.7508	amco_v_to_m_ratio:         1.9247	battle_won_mean:           0.1424
credit_entropy:            0.9873	credit_grad_agent_0:       1.1263	credit_grad_agent_1:       1.0117	credit_grad_agent_2:       1.3846
credit_grad_agent_3:       1.3618	credit_grad_agent_4:       1.1633	credit_grad_cv:            0.9242	credit_grad_max:           7.8598
credit_grad_mean:          1.2095	credit_grad_median:        0.8058	credit_grad_min:           0.0330	credit_grad_near_zero_frac:  0.0013
credit_grad_negative_frac:  0.0000	credit_grad_p10:           0.2243	credit_grad_p90:           2.7711	credit_grad_std:           1.1169
credit_max_share:          0.2448	dead_allies_mean:          4.6250	dead_enemies_mean:         3.8613	ep_length_mean:           23.7376
epsilon:                   0.0500	grad_norm:                 3.7913	loss:                      0.5243	q_taken_mean:              1.2775
return_mean:              10.3611	return_std:                4.1886	target_mean:               1.2813	td_error_abs:              0.4465
test_battle_won_mean:      0.3937	test_dead_allies_mean:     3.8875	test_dead_enemies_mean:    4.6750	test_ep_length_mean:      25.1625
test_return_mean:         13.5802	test_return_std:           5.1759	
[INFO 01:54:21] my_main Updated target network
[INFO 01:56:19] my_main Updated target network
[INFO 01:56:50] my_main t_env: 1682265 / 2050000
[INFO 01:56:50] my_main Estimated time left: 2 hours, 31 minutes, 7 seconds. Time passed: 9 hours, 17 minutes, 23 seconds
RequestQuit command received.
DataHandler: unable to parse websocket frame.
Closing Application...
CloseHandler: 127.0.0.1:38044 disconnected
[INFO 01:56:55] absl Shutdown gracefully.
[INFO 01:56:55] absl Shutdown with return code: -15
[INFO 01:56:55] absl Launching SC2: /data/workspace/wxr/pymarl-monotone-qmix/3rdparty/StarCraftII/Versions/Base75689/SC2_x64 -listen 127.0.0.1 -port 43509 -dataDir /data/workspace/wxr/pymarl-monotone-qmix/3rdparty/StarCraftII/ -tempDir /tmp/sc-_ej8akpb/
[INFO 01:56:55] absl Connecting to: ws://127.0.0.1:43509/sc2api, attempt: 0, running: True
Version: B75689 (SC2.4.10)
Build: Aug 12 2019 17:16:57
Command Line: '"/data/workspace/wxr/pymarl-monotone-qmix/3rdparty/StarCraftII/Versions/Base75689/SC2_x64" -listen 127.0.0.1 -port 43509 -dataDir /data/workspace/wxr/pymarl-monotone-qmix/3rdparty/StarCraftII/ -tempDir /tmp/sc-_ej8akpb/'
Starting up...
Startup Phase 1 complete
[INFO 01:56:56] absl Connecting to: ws://127.0.0.1:43509/sc2api, attempt: 1, running: True
Startup Phase 2 complete
Creating stub renderer...
Listening on: 127.0.0.1:43509
Startup Phase 3 complete. Ready for commands.
[INFO 01:56:57] absl Connecting to: ws://127.0.0.1:43509/sc2api, attempt: 2, running: True
ConnectHandler: Request from 127.0.0.1:58702 accepted
ReadyHandler: 127.0.0.1:58702 ready
Requesting to join a single player game
Configuring interface options
Configure: raw interface enabled
Configure: feature layer interface disabled
Configure: score interface disabled
Configure: render interface disabled
Launching next game.
Next launch phase started: 2
Next launch phase started: 3
Next launch phase started: 4
Next launch phase started: 5
Next launch phase started: 6
Next launch phase started: 7
Next launch phase started: 8
Game has started.
Using default stable ids, none found at: /data/workspace/wxr/pymarl-monotone-qmix/3rdparty/StarCraftII/stableid.json
Successfully loaded stable ids: GameData\stableid.json
Sending ResponseJoinGame
[INFO 01:57:05] my_main Recent Stats | t_env:    1682265 | Episode:    71261
amco_mixing_output_rms:    3.1348	amco_q_term_rms:           0.3539	amco_relu_zero_frac:       0.6126	amco_state_term_rms:       0.3380
amco_state_to_q_ratio:     0.9574	amco_state_value_rms:      5.8256	amco_v_to_m_ratio:         1.8853	battle_won_mean:           0.1490
credit_entropy:            0.9871	credit_grad_agent_0:       1.0949	credit_grad_agent_1:       0.9861	credit_grad_agent_2:       1.3485
credit_grad_agent_3:       1.3199	credit_grad_agent_4:       1.1340	credit_grad_cv:            0.9368	credit_grad_max:           7.7912
credit_grad_mean:          1.1767	credit_grad_median:        0.7580	credit_grad_min:           0.0324	credit_grad_near_zero_frac:  0.0013
credit_grad_negative_frac:  0.0000	credit_grad_p10:           0.2272	credit_grad_p90:           2.7085	credit_grad_std:           1.1008
credit_max_share:          0.2449	dead_allies_mean:          4.6091	dead_enemies_mean:         3.8975	ep_length_mean:           23.9387
epsilon:                   0.0500	grad_norm:                 3.7281	loss:                      0.5191	q_taken_mean:              1.3077
return_mean:              10.4694	return_std:                4.2426	target_mean:               1.3167	td_error_abs:              0.4531
test_battle_won_mean:      0.3812	test_dead_allies_mean:     3.8937	test_dead_enemies_mean:    4.7125	test_ep_length_mean:      25.3313
test_return_mean:         13.4844	test_return_std:           5.1555	
[INFO 01:58:27] my_main Updated target network
[INFO 02:00:20] my_main Updated target network
[INFO 02:01:00] my_main t_env: 1692284 / 2050000
[INFO 02:01:00] my_main Estimated time left: 2 hours, 28 minutes, 47 seconds. Time passed: 9 hours, 21 minutes, 33 seconds
[INFO 02:01:10] my_main Recent Stats | t_env:    1692284 | Episode:    71681
amco_mixing_output_rms:    3.2031	amco_q_term_rms:           0.3621	amco_relu_zero_frac:       0.6180	amco_state_term_rms:       0.3379
amco_state_to_q_ratio:     0.9377	amco_state_value_rms:      5.8796	amco_v_to_m_ratio:         1.8548	battle_won_mean:           0.1625
credit_entropy:            0.9881	credit_grad_agent_0:       1.0671	credit_grad_agent_1:       0.9580	credit_grad_agent_2:       1.3221
credit_grad_agent_3:       1.2842	credit_grad_agent_4:       1.1134	credit_grad_cv:            0.9814	credit_grad_max:           8.0465
credit_grad_mean:          1.1490	credit_grad_median:        0.7023	credit_grad_min:           0.0458	credit_grad_near_zero_frac:  0.0008
credit_grad_negative_frac:  0.0000	credit_grad_p10:           0.2236	credit_grad_p90:           2.7030	credit_grad_std:           1.1196
credit_max_share:          0.2438	dead_allies_mean:          4.5681	dead_enemies_mean:         3.9202	ep_length_mean:           23.9787
epsilon:                   0.0500	grad_norm:                 3.2224	loss:                      0.4815	q_taken_mean:              1.3191
return_mean:              10.6043	return_std:                4.3731	target_mean:               1.3203	td_error_abs:              0.4342
test_battle_won_mean:      0.4062	test_dead_allies_mean:     3.8188	test_dead_enemies_mean:    4.7938	test_ep_length_mean:      25.4250
test_return_mean:         13.7880	test_return_std:           5.1162	
[INFO 02:02:16] my_main Updated target network
[INFO 02:03:57] my_main Updated target network
[INFO 02:04:46] my_main t_env: 1702303 / 2050000
[INFO 02:04:46] my_main Estimated time left: 2 hours, 10 minutes, 33 seconds. Time passed: 9 hours, 25 minutes, 19 seconds
[INFO 02:04:55] my_main Recent Stats | t_env:    1702303 | Episode:    72097
amco_mixing_output_rms:    3.2583	amco_q_term_rms:           0.3622	amco_relu_zero_frac:       0.6151	amco_state_term_rms:       0.3491
amco_state_to_q_ratio:     0.9680	amco_state_value_rms:      5.8902	amco_v_to_m_ratio:         1.8184	battle_won_mean:           0.1555
credit_entropy:            0.9881	credit_grad_agent_0:       1.0464	credit_grad_agent_1:       0.9617	credit_grad_agent_2:       1.3290
credit_grad_agent_3:       1.2663	credit_grad_agent_4:       1.1195	credit_grad_cv:            1.0031	credit_grad_max:           8.4949
credit_grad_mean:          1.1446	credit_grad_median:        0.6857	credit_grad_min:           0.0534	credit_grad_near_zero_frac:  0.0008
credit_grad_negative_frac:  0.0000	credit_grad_p10:           0.2119	credit_grad_p90:           2.7279	credit_grad_std:           1.1399
credit_max_share:          0.2436	dead_allies_mean:          4.5968	dead_enemies_mean:         3.9230	ep_length_mean:           24.0217
epsilon:                   0.0500	grad_norm:                 3.6334	loss:                      0.4882	q_taken_mean:              1.3299
return_mean:              10.5623	return_std:                4.2807	target_mean:               1.3298	td_error_abs:              0.4358
test_battle_won_mean:      0.4250	test_dead_allies_mean:     3.7437	test_dead_enemies_mean:    4.8563	test_ep_length_mean:      25.2188
test_return_mean:         14.0550	test_return_std:           5.1786	
[INFO 02:05:53] my_main Updated target network
[INFO 02:07:50] my_main Updated target network
[INFO 02:08:52] my_main t_env: 1712318 / 2050000
[INFO 02:08:52] my_main Estimated time left: 2 hours, 18 minutes, 28 seconds. Time passed: 9 hours, 29 minutes, 25 seconds
[INFO 02:09:02] my_main Recent Stats | t_env:    1712318 | Episode:    72508
amco_mixing_output_rms:    3.2552	amco_q_term_rms:           0.3675	amco_relu_zero_frac:       0.6185	amco_state_term_rms:       0.3480
amco_state_to_q_ratio:     0.9494	amco_state_value_rms:      5.9226	amco_v_to_m_ratio:         1.8288	battle_won_mean:           0.1601
credit_entropy:            0.9884	credit_grad_agent_0:       0.9950	credit_grad_agent_1:       0.9414	credit_grad_agent_2:       1.2996
credit_grad_agent_3:       1.2341	credit_grad_agent_4:       1.0994	credit_grad_cv:            1.0207	credit_grad_max:           8.1727
credit_grad_mean:          1.1139	credit_grad_median:        0.6377	credit_grad_min:           0.0572	credit_grad_near_zero_frac:  0.0000
credit_grad_negative_frac:  0.0000	credit_grad_p10:           0.2093	credit_grad_p90:           2.6938	credit_grad_std:           1.1324
credit_max_share:          0.2442	dead_allies_mean:          4.5880	dead_enemies_mean:         3.9554	ep_length_mean:           24.0633
epsilon:                   0.0500	grad_norm:                 3.9087	loss:                      0.4499	q_taken_mean:              1.3326
return_mean:              10.6567	return_std:                4.3061	target_mean:               1.3361	td_error_abs:              0.4265
test_battle_won_mean:      0.4313	test_dead_allies_mean:     3.7313	test_dead_enemies_mean:    4.8563	test_ep_length_mean:      24.8938
test_return_mean:         14.1120	test_return_std:           5.1892	
[INFO 02:09:57] my_main Updated target network
[INFO 02:11:51] my_main Updated target network
[INFO 02:12:48] my_main t_env: 1722334 / 2050000
[INFO 02:12:48] my_main Estimated time left: 2 hours, 8 minutes, 34 seconds. Time passed: 9 hours, 33 minutes, 21 seconds
[INFO 02:12:58] my_main Recent Stats | t_env:    1722334 | Episode:    72916
amco_mixing_output_rms:    3.2097	amco_q_term_rms:           0.3707	amco_relu_zero_frac:       0.6242	amco_state_term_rms:       0.3576
amco_state_to_q_ratio:     0.9662	amco_state_value_rms:      5.9029	amco_v_to_m_ratio:         1.8471	battle_won_mean:           0.1622
credit_entropy:            0.9877	credit_grad_agent_0:       0.9658	credit_grad_agent_1:       0.9258	credit_grad_agent_2:       1.2825
credit_grad_agent_3:       1.2201	credit_grad_agent_4:       1.0890	credit_grad_cv:            1.0439	credit_grad_max:           8.7155
credit_grad_mean:          1.0966	credit_grad_median:        0.5934	credit_grad_min:           0.0416	credit_grad_near_zero_frac:  0.0002
credit_grad_negative_frac:  0.0000	credit_grad_p10:           0.2046	credit_grad_p90:           2.6738	credit_grad_std:           1.1422
credit_max_share:          0.2447	dead_allies_mean:          4.5828	dead_enemies_mean:         3.9473	ep_length_mean:           24.2635
epsilon:                   0.0500	grad_norm:                 3.7833	loss:                      0.4595	q_taken_mean:              1.3156
return_mean:              10.6767	return_std:                4.3357	target_mean:               1.3200	td_error_abs:              0.4285
test_battle_won_mean:      0.3937	test_dead_allies_mean:     3.8000	test_dead_enemies_mean:    4.7562	test_ep_length_mean:      24.7812
test_return_mean:         13.7021	test_return_std:           5.1700	
[INFO 02:13:45] my_main Updated target network
[INFO 02:15:24] my_main Updated target network
[INFO 02:16:30] my_main t_env: 1732354 / 2050000
[INFO 02:16:30] my_main Estimated time left: 1 hours, 57 minutes, 4 seconds. Time passed: 9 hours, 37 minutes, 3 seconds
[INFO 02:16:39] my_main Recent Stats | t_env:    1732354 | Episode:    73321
amco_mixing_output_rms:    3.1395	amco_q_term_rms:           0.3745	amco_relu_zero_frac:       0.6313	amco_state_term_rms:       0.3686
amco_state_to_q_ratio:     0.9856	amco_state_value_rms:      5.8487	amco_v_to_m_ratio:         1.8720	battle_won_mean:           0.1605
credit_entropy:            0.9877	credit_grad_agent_0:       0.9452	credit_grad_agent_1:       0.9110	credit_grad_agent_2:       1.2636
credit_grad_agent_3:       1.1921	credit_grad_agent_4:       1.0741	credit_grad_cv:            1.0540	credit_grad_max:           8.7837
credit_grad_mean:          1.0772	credit_grad_median:        0.5703	credit_grad_min:           0.0418	credit_grad_near_zero_frac:  0.0002
credit_grad_negative_frac:  0.0000	credit_grad_p10:           0.1976	credit_grad_p90:           2.6547	credit_grad_std:           1.1335
credit_max_share:          0.2444	dead_allies_mean:          4.5775	dead_enemies_mean:         3.9409	ep_length_mean:           24.3192
epsilon:                   0.0500	grad_norm:                 4.4291	loss:                      0.4523	q_taken_mean:              1.2852
return_mean:              10.6669	return_std:                4.3188	target_mean:               1.2854	td_error_abs:              0.4162
test_battle_won_mean:      0.4250	test_dead_allies_mean:     3.7938	test_dead_enemies_mean:    4.8125	test_ep_length_mean:      24.9000
test_return_mean:         14.0646	test_return_std:           5.1092	
[INFO 02:17:22] my_main Updated target network
[INFO 02:19:09] my_main Updated target network
[INFO 02:20:20] my_main t_env: 1742366 / 2050000
[INFO 02:20:20] my_main Estimated time left: 1 hours, 58 minutes, 6 seconds. Time passed: 9 hours, 40 minutes, 53 seconds
RequestQuit command received.
Closing Application...
DataHandler: unable to parse websocket frame.
CloseHandler: 127.0.0.1:58702 disconnected
ResponseThread: No connection, dropping the response.
[INFO 02:20:25] absl Shutdown gracefully.
[INFO 02:20:25] absl Shutdown with return code: -15
[INFO 02:20:25] absl Launching SC2: /data/workspace/wxr/pymarl-monotone-qmix/3rdparty/StarCraftII/Versions/Base75689/SC2_x64 -listen 127.0.0.1 -port 39987 -dataDir /data/workspace/wxr/pymarl-monotone-qmix/3rdparty/StarCraftII/ -tempDir /tmp/sc-qkex14b0/
Version: B75689 (SC2.4.10)
Build: Aug 12 2019 17:16:57
Command Line: '"/data/workspace/wxr/pymarl-monotone-qmix/3rdparty/StarCraftII/Versions/Base75689/SC2_x64" -listen 127.0.0.1 -port 39987 -dataDir /data/workspace/wxr/pymarl-monotone-qmix/3rdparty/StarCraftII/ -tempDir /tmp/sc-qkex14b0/'
[INFO 02:20:26] absl Connecting to: ws://127.0.0.1:39987/sc2api, attempt: 0, running: True
Starting up...
Startup Phase 1 complete
[INFO 02:20:27] absl Connecting to: ws://127.0.0.1:39987/sc2api, attempt: 1, running: True
Startup Phase 2 complete
Creating stub renderer...
Listening on: 127.0.0.1:39987
Startup Phase 3 complete. Ready for commands.
[INFO 02:20:28] absl Connecting to: ws://127.0.0.1:39987/sc2api, attempt: 2, running: True
ConnectHandler: Request from 127.0.0.1:47284 accepted
ReadyHandler: 127.0.0.1:47284 ready
Requesting to join a single player game
Configuring interface options
Configure: raw interface enabled
Configure: feature layer interface disabled
Configure: score interface disabled
Configure: render interface disabled
Launching next game.
Next launch phase started: 2
Next launch phase started: 3
Next launch phase started: 4
Next launch phase started: 5
Next launch phase started: 6
Next launch phase started: 7
Next launch phase started: 8
Game has started.
Using default stable ids, none found at: /data/workspace/wxr/pymarl-monotone-qmix/3rdparty/StarCraftII/stableid.json
Successfully loaded stable ids: GameData\stableid.json
Sending ResponseJoinGame
[INFO 02:20:38] my_main Recent Stats | t_env:    1742366 | Episode:    73730
amco_mixing_output_rms:    3.1908	amco_q_term_rms:           0.3653	amco_relu_zero_frac:       0.6173	amco_state_term_rms:       0.3729
amco_state_to_q_ratio:     1.0200	amco_state_value_rms:      5.8529	amco_v_to_m_ratio:         1.8420	battle_won_mean:           0.1548
credit_entropy:            0.9870	credit_grad_agent_0:       0.9508	credit_grad_agent_1:       0.9233	credit_grad_agent_2:       1.2869
credit_grad_agent_3:       1.1981	credit_grad_agent_4:       1.0939	credit_grad_cv:            1.0202	credit_grad_max:           8.8569
credit_grad_mean:          1.0906	credit_grad_median:        0.6028	credit_grad_min:           0.0393	credit_grad_near_zero_frac:  0.0002
credit_grad_negative_frac:  0.0000	credit_grad_p10:           0.1959	credit_grad_p90:           2.6525	credit_grad_std:           1.1130
credit_max_share:          0.2458	dead_allies_mean:          4.5882	dead_enemies_mean:         3.9400	ep_length_mean:           24.4441
epsilon:                   0.0500	grad_norm:                 4.3782	loss:                      0.4424	q_taken_mean:              1.3124
return_mean:              10.6164	return_std:                4.2631	target_mean:               1.3115	td_error_abs:              0.4160
test_battle_won_mean:      0.4250	test_dead_allies_mean:     3.7812	test_dead_enemies_mean:    4.7500	test_ep_length_mean:      24.7812
test_return_mean:         13.9889	test_return_std:           5.2118	
[INFO 02:21:19] my_main Updated target network
[INFO 02:23:12] my_main Updated target network
[INFO 02:24:31] my_main t_env: 1752384 / 2050000
[INFO 02:24:31] my_main Estimated time left: 2 hours, 4 minutes, 13 seconds. Time passed: 9 hours, 45 minutes, 4 seconds
[INFO 02:24:39] my_main Recent Stats | t_env:    1752384 | Episode:    74145
amco_mixing_output_rms:    3.2688	amco_q_term_rms:           0.3612	amco_relu_zero_frac:       0.6047	amco_state_term_rms:       0.3692
amco_state_to_q_ratio:     1.0208	amco_state_value_rms:      5.8648	amco_v_to_m_ratio:         1.7997	battle_won_mean:           0.1592
credit_entropy:            0.9856	credit_grad_agent_0:       0.9646	credit_grad_agent_1:       0.9322	credit_grad_agent_2:       1.2864
credit_grad_agent_3:       1.2060	credit_grad_agent_4:       1.1041	credit_grad_cv:            1.0016	credit_grad_max:           8.6581
credit_grad_mean:          1.0987	credit_grad_median:        0.6229	credit_grad_min:           0.0273	credit_grad_near_zero_frac:  0.0008
credit_grad_negative_frac:  0.0000	credit_grad_p10:           0.2049	credit_grad_p90:           2.6443	credit_grad_std:           1.0998
credit_max_share:          0.2477	dead_allies_mean:          4.5740	dead_enemies_mean:         3.9698	ep_length_mean:           24.4552
epsilon:                   0.0500	grad_norm:                 4.2973	loss:                      0.4576	q_taken_mean:              1.3385
return_mean:              10.6891	return_std:                4.3034	target_mean:               1.3345	td_error_abs:              0.4191
test_battle_won_mean:      0.4437	test_dead_allies_mean:     3.7062	test_dead_enemies_mean:    4.8125	test_ep_length_mean:      24.7875
test_return_mean:         14.2149	test_return_std:           5.2302	
[INFO 02:25:08] my_main Updated target network
[INFO 02:26:47] my_main Updated target network
[INFO 02:28:04] my_main t_env: 1762410 / 2050000
[INFO 02:28:04] my_main Estimated time left: 1 hours, 41 minutes, 47 seconds. Time passed: 9 hours, 48 minutes, 37 seconds
[INFO 02:28:13] my_main Recent Stats | t_env:    1762410 | Episode:    74557
amco_mixing_output_rms:    3.1665	amco_q_term_rms:           0.3625	amco_relu_zero_frac:       0.6151	amco_state_term_rms:       0.3712
amco_state_to_q_ratio:     1.0232	amco_state_value_rms:      5.8729	amco_v_to_m_ratio:         1.8578	battle_won_mean:           0.1552
credit_entropy:            0.9854	credit_grad_agent_0:       0.9600	credit_grad_agent_1:       0.9001	credit_grad_agent_2:       1.2488
credit_grad_agent_3:       1.1708	credit_grad_agent_4:       1.0779	credit_grad_cv:            0.9949	credit_grad_max:           8.7554
credit_grad_mean:          1.0715	credit_grad_median:        0.6047	credit_grad_min:           0.0236	credit_grad_near_zero_frac:  0.0013
credit_grad_negative_frac:  0.0000	credit_grad_p10:           0.2086	credit_grad_p90:           2.5828	credit_grad_std:           1.0661
credit_max_share:          0.2466	dead_allies_mean:          4.5878	dead_enemies_mean:         3.9358	ep_length_mean:           24.4487
epsilon:                   0.0500	grad_norm:                 4.5782	loss:                      0.4507	q_taken_mean:              1.3165
return_mean:              10.6109	return_std:                4.2789	target_mean:               1.3020	td_error_abs:              0.4135
test_battle_won_mean:      0.4688	test_dead_allies_mean:     3.5688	test_dead_enemies_mean:    4.8812	test_ep_length_mean:      24.8438
test_return_mean:         14.4811	test_return_std:           5.2301	
[INFO 02:28:35] my_main Updated target network
[INFO 02:30:29] my_main Updated target network
[INFO 02:31:53] my_main t_env: 1772411 / 2050000
[INFO 02:31:53] my_main Estimated time left: 1 hours, 45 minutes, 41 seconds. Time passed: 9 hours, 52 minutes, 26 seconds
[INFO 02:32:01] my_main Recent Stats | t_env:    1772411 | Episode:    74972
amco_mixing_output_rms:    3.1037	amco_q_term_rms:           0.3602	amco_relu_zero_frac:       0.6164	amco_state_term_rms:       0.3554
amco_state_to_q_ratio:     0.9863	amco_state_value_rms:      5.8701	amco_v_to_m_ratio:         1.8962	battle_won_mean:           0.1625
credit_entropy:            0.9858	credit_grad_agent_0:       0.9857	credit_grad_agent_1:       0.8983	credit_grad_agent_2:       1.2503
credit_grad_agent_3:       1.1641	credit_grad_agent_4:       1.0865	credit_grad_cv:            0.9742	credit_grad_max:           8.4976
credit_grad_mean:          1.0770	credit_grad_median:        0.6273	credit_grad_min:           0.0262	credit_grad_near_zero_frac:  0.0011
credit_grad_negative_frac:  0.0000	credit_grad_p10:           0.2146	credit_grad_p90:           2.5651	credit_grad_std:           1.0483
credit_max_share:          0.2462	dead_allies_mean:          4.5717	dead_enemies_mean:         3.9906	ep_length_mean:           24.3587
epsilon:                   0.0500	grad_norm:                 4.5704	loss:                      0.4834	q_taken_mean:              1.3111
return_mean:              10.7534	return_std:                4.3187	target_mean:               1.2981	td_error_abs:              0.4261
test_battle_won_mean:      0.4875	test_dead_allies_mean:     3.5875	test_dead_enemies_mean:    5.0000	test_ep_length_mean:      25.1938
test_return_mean:         14.7814	test_return_std:           5.1717	
[INFO 02:32:16] my_main Updated target network
[INFO 02:34:02] my_main Updated target network
[INFO 02:35:50] my_main t_env: 1782430 / 2050000
[INFO 02:35:50] my_main Estimated time left: 1 hours, 45 minutes, 48 seconds. Time passed: 9 hours, 56 minutes, 23 seconds
[INFO 02:36:00] my_main Recent Stats | t_env:    1782430 | Episode:    75394
amco_mixing_output_rms:    3.1049	amco_q_term_rms:           0.3547	amco_relu_zero_frac:       0.6101	amco_state_term_rms:       0.3472
amco_state_to_q_ratio:     0.9793	amco_state_value_rms:      5.8786	amco_v_to_m_ratio:         1.8983	battle_won_mean:           0.1645
credit_entropy:            0.9856	credit_grad_agent_0:       1.0180	credit_grad_agent_1:       0.9096	credit_grad_agent_2:       1.2611
credit_grad_agent_3:       1.1877	credit_grad_agent_4:       1.1047	credit_grad_cv:            0.9662	credit_grad_max:           8.7685
credit_grad_mean:          1.0962	credit_grad_median:        0.6490	credit_grad_min:           0.0170	credit_grad_near_zero_frac:  0.0011
credit_grad_negative_frac:  0.0000	credit_grad_p10:           0.2175	credit_grad_p90:           2.5704	credit_grad_std:           1.0592
credit_max_share:          0.2465	dead_allies_mean:          4.5702	dead_enemies_mean:         3.9893	ep_length_mean:           24.1589
epsilon:                   0.0500	grad_norm:                 3.6645	loss:                      0.4777	q_taken_mean:              1.3273
return_mean:              10.7610	return_std:                4.3373	target_mean:               1.3187	td_error_abs:              0.4305
test_battle_won_mean:      0.4437	test_dead_allies_mean:     3.7062	test_dead_enemies_mean:    4.9250	test_ep_length_mean:      25.1687
test_return_mean:         14.3309	test_return_std:           5.1316	
[INFO 02:36:04] my_main Updated target network
[INFO 02:37:49] my_main Updated target network
[INFO 02:39:35] my_main Updated target network
[INFO 02:39:40] my_main t_env: 1792430 / 2050000
[INFO 02:39:40] my_main Estimated time left: 1 hours, 38 minutes, 34 seconds. Time passed: 10 hours, 13 seconds
[INFO 02:39:47] my_main Recent Stats | t_env:    1792430 | Episode:    75812
amco_mixing_output_rms:    3.0777	amco_q_term_rms:           0.3622	amco_relu_zero_frac:       0.6117	amco_state_term_rms:       0.3484
amco_state_to_q_ratio:     0.9626	amco_state_value_rms:      5.8651	amco_v_to_m_ratio:         1.9100	battle_won_mean:           0.1656
credit_entropy:            0.9856	credit_grad_agent_0:       1.0332	credit_grad_agent_1:       0.9147	credit_grad_agent_2:       1.2618
credit_grad_agent_3:       1.1849	credit_grad_agent_4:       1.0985	credit_grad_cv:            0.9542	credit_grad_max:           8.3775
credit_grad_mean:          1.0986	credit_grad_median:        0.6627	credit_grad_min:           0.0170	credit_grad_near_zero_frac:  0.0011
credit_grad_negative_frac:  0.0000	credit_grad_p10:           0.2198	credit_grad_p90:           2.5502	credit_grad_std:           1.0486
credit_max_share:          0.2464	dead_allies_mean:          4.5719	dead_enemies_mean:         4.0013	ep_length_mean:           24.0477
epsilon:                   0.0500	grad_norm:                 4.9652	loss:                      0.5239	q_taken_mean:              1.3151
return_mean:              10.7955	return_std:                4.3389	target_mean:               1.3075	td_error_abs:              0.4465
test_battle_won_mean:      0.4188	test_dead_allies_mean:     3.8188	test_dead_enemies_mean:    4.8812	test_ep_length_mean:      25.2188
test_return_mean:         14.0851	test_return_std:           5.0998	
[INFO 02:41:17] my_main Updated target network
[INFO 02:42:49] my_main Updated target network
[INFO 02:43:07] my_main t_env: 1802448 / 2050000
[INFO 02:43:07] my_main Estimated time left: 1 hours, 25 minutes, 14 seconds. Time passed: 10 hours, 3 minutes, 40 seconds
RequestQuit command received.
DataHandler: unable to parse websocket frame.
CloseHandler: 127.0.0.1:47284 disconnected
Closing Application...
[INFO 02:43:12] absl Shutdown gracefully.
[INFO 02:43:12] absl Shutdown with return code: -15
[INFO 02:43:12] absl Launching SC2: /data/workspace/wxr/pymarl-monotone-qmix/3rdparty/StarCraftII/Versions/Base75689/SC2_x64 -listen 127.0.0.1 -port 43385 -dataDir /data/workspace/wxr/pymarl-monotone-qmix/3rdparty/StarCraftII/ -tempDir /tmp/sc-jj0n0ifh/
[INFO 02:43:12] absl Connecting to: ws://127.0.0.1:43385/sc2api, attempt: 0, running: True
Version: B75689 (SC2.4.10)
Build: Aug 12 2019 17:16:57
Command Line: '"/data/workspace/wxr/pymarl-monotone-qmix/3rdparty/StarCraftII/Versions/Base75689/SC2_x64" -listen 127.0.0.1 -port 43385 -dataDir /data/workspace/wxr/pymarl-monotone-qmix/3rdparty/StarCraftII/ -tempDir /tmp/sc-jj0n0ifh/'
Starting up...
Startup Phase 1 complete
[INFO 02:43:13] absl Connecting to: ws://127.0.0.1:43385/sc2api, attempt: 1, running: True
Startup Phase 2 complete
Creating stub renderer...
Listening on: 127.0.0.1:43385
Startup Phase 3 complete. Ready for commands.
[INFO 02:43:14] absl Connecting to: ws://127.0.0.1:43385/sc2api, attempt: 2, running: True
ConnectHandler: Request from 127.0.0.1:54500 accepted
ReadyHandler: 127.0.0.1:54500 ready
Requesting to join a single player game
Configuring interface options
Configure: raw interface enabled
Configure: feature layer interface disabled
Configure: score interface disabled
Configure: render interface disabled
Launching next game.
Next launch phase started: 2
Next launch phase started: 3
Next launch phase started: 4
Next launch phase started: 5
Next launch phase started: 6
Next launch phase started: 7
Next launch phase started: 8
Game has started.
Using default stable ids, none found at: /data/workspace/wxr/pymarl-monotone-qmix/3rdparty/StarCraftII/stableid.json
Successfully loaded stable ids: GameData\stableid.json
Sending ResponseJoinGame
[INFO 02:43:23] my_main Recent Stats | t_env:    1802448 | Episode:    76237
amco_mixing_output_rms:    3.0865	amco_q_term_rms:           0.3559	amco_relu_zero_frac:       0.6011	amco_state_term_rms:       0.3493
amco_state_to_q_ratio:     0.9852	amco_state_value_rms:      5.8631	amco_v_to_m_ratio:         1.9048	battle_won_mean:           0.1725
credit_entropy:            0.9864	credit_grad_agent_0:       1.0569	credit_grad_agent_1:       0.9356	credit_grad_agent_2:       1.2649
credit_grad_agent_3:       1.1836	credit_grad_agent_4:       1.1126	credit_grad_cv:            0.9277	credit_grad_max:           8.2127
credit_grad_mean:          1.1107	credit_grad_median:        0.7211	credit_grad_min:           0.0262	credit_grad_near_zero_frac:  0.0006
credit_grad_negative_frac:  0.0000	credit_grad_p10:           0.2158	credit_grad_p90:           2.5198	credit_grad_std:           1.0279
credit_max_share:          0.2465	dead_allies_mean:          4.5548	dead_enemies_mean:         3.9813	ep_length_mean:           23.9341
epsilon:                   0.0500	grad_norm:                 5.5137	loss:                      0.5595	q_taken_mean:              1.3292
return_mean:              10.8161	return_std:                4.4213	target_mean:               1.3184	td_error_abs:              0.4629
test_battle_won_mean:      0.4125	test_dead_allies_mean:     3.8375	test_dead_enemies_mean:    4.8063	test_ep_length_mean:      25.0875
test_return_mean:         13.9153	test_return_std:           5.1821	
[INFO 02:44:45] my_main Updated target network
[INFO 02:46:16] my_main Updated target network
[INFO 02:46:40] my_main t_env: 1812463 / 2050000
[INFO 02:46:40] my_main Estimated time left: 1 hours, 24 minutes, 11 seconds. Time passed: 10 hours, 7 minutes, 13 seconds
[INFO 02:46:47] my_main Recent Stats | t_env:    1812463 | Episode:    76654
amco_mixing_output_rms:    3.1442	amco_q_term_rms:           0.3506	amco_relu_zero_frac:       0.5911	amco_state_term_rms:       0.3478
amco_state_to_q_ratio:     0.9957	amco_state_value_rms:      5.8856	amco_v_to_m_ratio:         1.8780	battle_won_mean:           0.1822
credit_entropy:            0.9871	credit_grad_agent_0:       1.0742	credit_grad_agent_1:       0.9573	credit_grad_agent_2:       1.2422
credit_grad_agent_3:       1.1717	credit_grad_agent_4:       1.1062	credit_grad_cv:            0.9167	credit_grad_max:           8.0014
credit_grad_mean:          1.1103	credit_grad_median:        0.7436	credit_grad_min:           0.0272	credit_grad_near_zero_frac:  0.0000
credit_grad_negative_frac:  0.0000	credit_grad_p10:           0.2144	credit_grad_p90:           2.4698	credit_grad_std:           1.0163
credit_max_share:          0.2470	dead_allies_mean:          4.5274	dead_enemies_mean:         4.0055	ep_length_mean:           23.8705
epsilon:                   0.0500	grad_norm:                 7.7558	loss:                      0.6455	q_taken_mean:              1.3515
return_mean:              10.9362	return_std:                4.4996	target_mean:               1.3571	td_error_abs:              0.4891
test_battle_won_mean:      0.4188	test_dead_allies_mean:     3.9000	test_dead_enemies_mean:    4.8063	test_ep_length_mean:      25.2063
test_return_mean:         13.9851	test_return_std:           5.1769	
[INFO 02:48:01] my_main Updated target network
[INFO 02:49:38] my_main Updated target network
[INFO 02:50:08] my_main t_env: 1822466 / 2050000
[INFO 02:50:08] my_main Estimated time left: 1 hours, 19 minutes, 3 seconds. Time passed: 10 hours, 10 minutes, 41 seconds
[INFO 02:50:18] my_main Recent Stats | t_env:    1822466 | Episode:    77070
amco_mixing_output_rms:    3.2929	amco_q_term_rms:           0.3484	amco_relu_zero_frac:       0.5796	amco_state_term_rms:       0.3485
amco_state_to_q_ratio:     1.0038	amco_state_value_rms:      5.9659	amco_v_to_m_ratio:         1.8181	battle_won_mean:           0.1831
credit_entropy:            0.9872	credit_grad_agent_0:       1.0571	credit_grad_agent_1:       0.9634	credit_grad_agent_2:       1.2144
credit_grad_agent_3:       1.1679	credit_grad_agent_4:       1.0954	credit_grad_cv:            0.9059	credit_grad_max:           8.0153
credit_grad_mean:          1.0996	credit_grad_median:        0.7585	credit_grad_min:           0.0352	credit_grad_near_zero_frac:  0.0000
credit_grad_negative_frac:  0.0000	credit_grad_p10:           0.2145	credit_grad_p90:           2.4256	credit_grad_std:           0.9947
credit_max_share:          0.2471	dead_allies_mean:          4.5233	dead_enemies_mean:         3.9959	ep_length_mean:           23.8599
epsilon:                   0.0500	grad_norm:                 7.8490	loss:                      0.6148	q_taken_mean:              1.3967
return_mean:              10.9335	return_std:                4.5186	target_mean:               1.4000	td_error_abs:              0.4793
test_battle_won_mean:      0.4062	test_dead_allies_mean:     3.9250	test_dead_enemies_mean:    4.7313	test_ep_length_mean:      25.1812
test_return_mean:         13.8172	test_return_std:           5.2070	
[INFO 02:51:21] my_main Updated target network
[INFO 02:52:57] my_main Updated target network
[INFO 02:53:37] my_main t_env: 1832468 / 2050000
[INFO 02:53:37] my_main Estimated time left: 1 hours, 15 minutes, 35 seconds. Time passed: 10 hours, 14 minutes, 10 seconds
[INFO 02:53:45] my_main Recent Stats | t_env:    1832468 | Episode:    77483
amco_mixing_output_rms:    3.4551	amco_q_term_rms:           0.3452	amco_relu_zero_frac:       0.5677	amco_state_term_rms:       0.3517
amco_state_to_q_ratio:     1.0223	amco_state_value_rms:      6.0320	amco_v_to_m_ratio:         1.7517	battle_won_mean:           0.1824
credit_entropy:            0.9874	credit_grad_agent_0:       1.0403	credit_grad_agent_1:       0.9852	credit_grad_agent_2:       1.2086
credit_grad_agent_3:       1.1515	credit_grad_agent_4:       1.1007	credit_grad_cv:            0.9029	credit_grad_max:           7.7368
credit_grad_mean:          1.0973	credit_grad_median:        0.7688	credit_grad_min:           0.0422	credit_grad_near_zero_frac:  0.0000
credit_grad_negative_frac:  0.0000	credit_grad_p10:           0.2141	credit_grad_p90:           2.4139	credit_grad_std:           0.9891
credit_max_share:          0.2470	dead_allies_mean:          4.5314	dead_enemies_mean:         4.0176	ep_length_mean:           23.9551
epsilon:                   0.0500	grad_norm:                 9.2588	loss:                      0.6917	q_taken_mean:              1.4367
return_mean:              10.9639	return_std:                4.4979	target_mean:               1.4487	td_error_abs:              0.5089
test_battle_won_mean:      0.4375	test_dead_allies_mean:     3.7875	test_dead_enemies_mean:    4.7500	test_ep_length_mean:      25.0688
test_return_mean:         14.0509	test_return_std:           5.3515	
[INFO 02:54:41] my_main Updated target network
[INFO 02:56:07] my_main Updated target network
[INFO 02:56:50] my_main t_env: 1842489 / 2050000
[INFO 02:56:50] my_main Estimated time left: 1 hours, 6 minutes, 45 seconds. Time passed: 10 hours, 17 minutes, 23 seconds
[INFO 02:56:59] my_main Recent Stats | t_env:    1842489 | Episode:    77904
amco_mixing_output_rms:    3.4308	amco_q_term_rms:           0.3510	amco_relu_zero_frac:       0.5751	amco_state_term_rms:       0.3841
amco_state_to_q_ratio:     1.0878	amco_state_value_rms:      6.0368	amco_v_to_m_ratio:         1.7686	battle_won_mean:           0.1840
credit_entropy:            0.9881	credit_grad_agent_0:       1.0019	credit_grad_agent_1:       0.9632	credit_grad_agent_2:       1.1484
credit_grad_agent_3:       1.0940	credit_grad_agent_4:       1.0573	credit_grad_cv:            0.9445	credit_grad_max:           7.5376
credit_grad_mean:          1.0530	credit_grad_median:        0.7151	credit_grad_min:           0.0402	credit_grad_near_zero_frac:  0.0000
credit_grad_negative_frac:  0.0000	credit_grad_p10:           0.1990	credit_grad_p90:           2.3832	credit_grad_std:           0.9838
credit_max_share:          0.2459	dead_allies_mean:          4.5245	dead_enemies_mean:         3.9952	ep_length_mean:           23.9310
epsilon:                   0.0500	grad_norm:                 9.8644	loss:                      0.6789	q_taken_mean:              1.4172
return_mean:              10.9554	return_std:                4.5209	target_mean:               1.4340	td_error_abs:              0.5059
test_battle_won_mean:      0.4250	test_dead_allies_mean:     3.7687	test_dead_enemies_mean:    4.7188	test_ep_length_mean:      24.8938
test_return_mean:         13.9200	test_return_std:           5.2936	
[INFO 02:57:43] my_main Updated target network
[INFO 02:59:14] my_main Updated target network
[INFO 03:00:05] my_main t_env: 1852513 / 2050000
[INFO 03:00:05] my_main Estimated time left: 1 hours, 3 minutes, 54 seconds. Time passed: 10 hours, 20 minutes, 38 seconds
[INFO 03:00:12] my_main Recent Stats | t_env:    1852513 | Episode:    78324
amco_mixing_output_rms:    3.4988	amco_q_term_rms:           0.3593	amco_relu_zero_frac:       0.5798	amco_state_term_rms:       0.4008
amco_state_to_q_ratio:     1.1087	amco_state_value_rms:      6.0798	amco_v_to_m_ratio:         1.7485	battle_won_mean:           0.1811
credit_entropy:            0.9886	credit_grad_agent_0:       0.9597	credit_grad_agent_1:       0.9257	credit_grad_agent_2:       1.0881
credit_grad_agent_3:       1.0542	credit_grad_agent_4:       1.0039	credit_grad_cv:            0.9667	credit_grad_max:           7.4374
credit_grad_mean:          1.0063	credit_grad_median:        0.6327	credit_grad_min:           0.0414	credit_grad_near_zero_frac:  0.0000
credit_grad_negative_frac:  0.0000	credit_grad_p10:           0.1922	credit_grad_p90:           2.3429	credit_grad_std:           0.9665
credit_max_share:          0.2447	dead_allies_mean:          4.5325	dead_enemies_mean:         3.9603	ep_length_mean:           23.9900
epsilon:                   0.0500	grad_norm:                 9.6528	loss:                      0.6545	q_taken_mean:              1.4221
return_mean:              10.9075	return_std:                4.5134	target_mean:               1.4501	td_error_abs:              0.5006
test_battle_won_mean:      0.4125	test_dead_allies_mean:     3.8625	test_dead_enemies_mean:    4.7687	test_ep_length_mean:      25.1187
test_return_mean:         13.8625	test_return_std:           5.1758	
[INFO 03:00:44] my_main Updated target network
[INFO 03:02:18] my_main Updated target network
[INFO 03:03:20] my_main t_env: 1862533 / 2050000
[INFO 03:03:20] my_main Estimated time left: 1 hours, 52 seconds. Time passed: 10 hours, 23 minutes, 53 seconds
RequestQuit command received.
DataHandler: unable to parse websocket frame.
Closing Application...
CloseHandler: 127.0.0.1:54500 disconnected
[INFO 03:03:25] absl Shutdown gracefully.
[INFO 03:03:25] absl Shutdown with return code: -15
[INFO 03:03:25] absl Launching SC2: /data/workspace/wxr/pymarl-monotone-qmix/3rdparty/StarCraftII/Versions/Base75689/SC2_x64 -listen 127.0.0.1 -port 35463 -dataDir /data/workspace/wxr/pymarl-monotone-qmix/3rdparty/StarCraftII/ -tempDir /tmp/sc-2e1y44zx/
[INFO 03:03:25] absl Connecting to: ws://127.0.0.1:35463/sc2api, attempt: 0, running: True
Version: B75689 (SC2.4.10)
Build: Aug 12 2019 17:16:57
Command Line: '"/data/workspace/wxr/pymarl-monotone-qmix/3rdparty/StarCraftII/Versions/Base75689/SC2_x64" -listen 127.0.0.1 -port 35463 -dataDir /data/workspace/wxr/pymarl-monotone-qmix/3rdparty/StarCraftII/ -tempDir /tmp/sc-2e1y44zx/'
Starting up...
Startup Phase 1 complete
[INFO 03:03:26] absl Connecting to: ws://127.0.0.1:35463/sc2api, attempt: 1, running: True
Startup Phase 2 complete
Creating stub renderer...
Listening on: 127.0.0.1:35463
Startup Phase 3 complete. Ready for commands.
[INFO 03:03:27] absl Connecting to: ws://127.0.0.1:35463/sc2api, attempt: 2, running: True
ConnectHandler: Request from 127.0.0.1:47592 accepted
ReadyHandler: 127.0.0.1:47592 ready
Requesting to join a single player game
Configuring interface options
Configure: raw interface enabled
Configure: feature layer interface disabled
Configure: score interface disabled
Configure: render interface disabled
Launching next game.
Next launch phase started: 2
Next launch phase started: 3
Next launch phase started: 4
Next launch phase started: 5
Next launch phase started: 6
Next launch phase started: 7
Next launch phase started: 8
Game has started.
Using default stable ids, none found at: /data/workspace/wxr/pymarl-monotone-qmix/3rdparty/StarCraftII/stableid.json
Successfully loaded stable ids: GameData\stableid.json
Sending ResponseJoinGame
[INFO 03:03:35] my_main Recent Stats | t_env:    1862533 | Episode:    78742
amco_mixing_output_rms:    3.6048	amco_q_term_rms:           0.3596	amco_relu_zero_frac:       0.5734	amco_state_term_rms:       0.4062
amco_state_to_q_ratio:     1.1243	amco_state_value_rms:      6.1169	amco_v_to_m_ratio:         1.7085	battle_won_mean:           0.1733
credit_entropy:            0.9886	credit_grad_agent_0:       0.9689	credit_grad_agent_1:       0.9532	credit_grad_agent_2:       1.1278
credit_grad_agent_3:       1.0982	credit_grad_agent_4:       1.0413	credit_grad_cv:            0.9668	credit_grad_max:           7.2844
credit_grad_mean:          1.0379	credit_grad_median:        0.6510	credit_grad_min:           0.0496	credit_grad_near_zero_frac:  0.0000
credit_grad_negative_frac:  0.0000	credit_grad_p10:           0.1941	credit_grad_p90:           2.4359	credit_grad_std:           0.9951
credit_max_share:          0.2444	dead_allies_mean:          4.5523	dead_enemies_mean:         3.9464	ep_length_mean:           23.9809
epsilon:                   0.0500	grad_norm:                 6.9726	loss:                      0.6387	q_taken_mean:              1.4465
return_mean:              10.8221	return_std:                4.4482	target_mean:               1.4642	td_error_abs:              0.4940
test_battle_won_mean:      0.3875	test_dead_allies_mean:     3.8937	test_dead_enemies_mean:    4.6688	test_ep_length_mean:      24.7563
test_return_mean:         13.5144	test_return_std:           5.3001	
[INFO 03:04:02] my_main Updated target network
[INFO 03:05:34] my_main Updated target network
[INFO 03:06:44] my_main t_env: 1872545 / 2050000
[INFO 03:06:44] my_main Estimated time left: 1 hours, 4 seconds. Time passed: 10 hours, 27 minutes, 17 seconds
[INFO 03:06:53] my_main Recent Stats | t_env:    1872545 | Episode:    79160
amco_mixing_output_rms:    3.7291	amco_q_term_rms:           0.3543	amco_relu_zero_frac:       0.5627	amco_state_term_rms:       0.4076
amco_state_to_q_ratio:     1.1450	amco_state_value_rms:      6.1914	amco_v_to_m_ratio:         1.6764	battle_won_mean:           0.1784
credit_entropy:            0.9881	credit_grad_agent_0:       0.9698	credit_grad_agent_1:       0.9478	credit_grad_agent_2:       1.1349
credit_grad_agent_3:       1.0946	credit_grad_agent_4:       1.0292	credit_grad_cv:            0.9867	credit_grad_max:           7.3239
credit_grad_mean:          1.0353	credit_grad_median:        0.6255	credit_grad_min:           0.0467	credit_grad_near_zero_frac:  0.0000
credit_grad_negative_frac:  0.0000	credit_grad_p10:           0.1930	credit_grad_p90:           2.4682	credit_grad_std:           1.0141
credit_max_share:          0.2458	dead_allies_mean:          4.5346	dead_enemies_mean:         3.9488	ep_length_mean:           23.9622
epsilon:                   0.0500	grad_norm:                 7.6821	loss:                      0.6373	q_taken_mean:              1.4922
return_mean:              10.8440	return_std:                4.5018	target_mean:               1.5056	td_error_abs:              0.4931
test_battle_won_mean:      0.4188	test_dead_allies_mean:     3.7812	test_dead_enemies_mean:    4.7500	test_ep_length_mean:      24.7500
test_return_mean:         13.8127	test_return_std:           5.3334	
[INFO 03:07:13] my_main Updated target network
[INFO 03:08:39] my_main Updated target network
[INFO 03:09:48] my_main t_env: 1882557 / 2050000
[INFO 03:09:48] my_main Estimated time left: 51 minutes, 21 seconds. Time passed: 10 hours, 30 minutes, 21 seconds
[INFO 03:09:54] my_main Recent Stats | t_env:    1882557 | Episode:    79576
amco_mixing_output_rms:    3.7072	amco_q_term_rms:           0.3618	amco_relu_zero_frac:       0.5698	amco_state_term_rms:       0.4016
amco_state_to_q_ratio:     1.1085	amco_state_value_rms:      6.2065	amco_v_to_m_ratio:         1.6902	battle_won_mean:           0.1806
credit_entropy:            0.9883	credit_grad_agent_0:       0.9717	credit_grad_agent_1:       0.9243	credit_grad_agent_2:       1.1265
credit_grad_agent_3:       1.0925	credit_grad_agent_4:       1.0058	credit_grad_cv:            0.9968	credit_grad_max:           7.4511
credit_grad_mean:          1.0242	credit_grad_median:        0.6167	credit_grad_min:           0.0501	credit_grad_near_zero_frac:  0.0000
credit_grad_negative_frac:  0.0000	credit_grad_p10:           0.1948	credit_grad_p90:           2.4638	credit_grad_std:           1.0138
credit_max_share:          0.2459	dead_allies_mean:          4.5246	dead_enemies_mean:         3.9146	ep_length_mean:           23.9321
epsilon:                   0.0500	grad_norm:                 6.8608	loss:                      0.5897	q_taken_mean:              1.4811
return_mean:              10.8021	return_std:                4.5487	target_mean:               1.4769	td_error_abs:              0.4740
test_battle_won_mean:      0.4437	test_dead_allies_mean:     3.6812	test_dead_enemies_mean:    4.8563	test_ep_length_mean:      24.9812
test_return_mean:         14.1866	test_return_std:           5.1933	
[INFO 03:10:04] my_main Updated target network
[INFO 03:11:32] my_main Updated target network
[INFO 03:12:46] my_main t_env: 1892565 / 2050000
[INFO 03:12:46] my_main Estimated time left: 46 minutes, 43 seconds. Time passed: 10 hours, 33 minutes, 19 seconds
[INFO 03:12:52] my_main Recent Stats | t_env:    1892565 | Episode:    79983
amco_mixing_output_rms:    3.8344	amco_q_term_rms:           0.3471	amco_relu_zero_frac:       0.5506	amco_state_term_rms:       0.3693
amco_state_to_q_ratio:     1.0678	amco_state_value_rms:      6.2342	amco_v_to_m_ratio:         1.6289	battle_won_mean:           0.1770
credit_entropy:            0.9873	credit_grad_agent_0:       1.0084	credit_grad_agent_1:       0.9575	credit_grad_agent_2:       1.1835
credit_grad_agent_3:       1.1594	credit_grad_agent_4:       1.0540	credit_grad_cv:            0.9566	credit_grad_max:           7.5565
credit_grad_mean:          1.0725	credit_grad_median:        0.6799	credit_grad_min:           0.0500	credit_grad_near_zero_frac:  0.0000
credit_grad_negative_frac:  0.0000	credit_grad_p10:           0.2070	credit_grad_p90:           2.5257	credit_grad_std:           1.0243
credit_max_share:          0.2485	dead_allies_mean:          4.5436	dead_enemies_mean:         3.8965	ep_length_mean:           24.0894
epsilon:                   0.0500	grad_norm:                 4.9697	loss:                      0.6186	q_taken_mean:              1.5326
return_mean:              10.7527	return_std:                4.5275	target_mean:               1.5232	td_error_abs:              0.4860
test_battle_won_mean:      0.4625	test_dead_allies_mean:     3.6187	test_dead_enemies_mean:    4.8750	test_ep_length_mean:      25.0437
test_return_mean:         14.3358	test_return_std:           5.2881	
[INFO 03:12:59] my_main Updated target network
[INFO 03:14:22] my_main Updated target network
[INFO 03:15:42] my_main t_env: 1902585 / 2050000
[INFO 03:15:42] my_main Estimated time left: 43 minutes, 13 seconds. Time passed: 10 hours, 36 minutes, 15 seconds
[INFO 03:15:48] my_main Recent Stats | t_env:    1902585 | Episode:    80400
amco_mixing_output_rms:    3.8568	amco_q_term_rms:           0.3408	amco_relu_zero_frac:       0.5396	amco_state_term_rms:       0.3537
amco_state_to_q_ratio:     1.0432	amco_state_value_rms:      6.1953	amco_v_to_m_ratio:         1.6093	battle_won_mean:           0.1792
credit_entropy:            0.9867	credit_grad_agent_0:       1.0253	credit_grad_agent_1:       0.9598	credit_grad_agent_2:       1.2044
credit_grad_agent_3:       1.1839	credit_grad_agent_4:       1.0801	credit_grad_cv:            0.9438	credit_grad_max:           7.5280
credit_grad_mean:          1.0907	credit_grad_median:        0.7119	credit_grad_min:           0.0455	credit_grad_near_zero_frac:  0.0000
credit_grad_negative_frac:  0.0000	credit_grad_p10:           0.2082	credit_grad_p90:           2.5239	credit_grad_std:           1.0277
credit_max_share:          0.2501	dead_allies_mean:          4.5296	dead_enemies_mean:         3.9379	ep_length_mean:           24.1218
epsilon:                   0.0500	grad_norm:                 5.0088	loss:                      0.6427	q_taken_mean:              1.5475
return_mean:              10.8177	return_std:                4.5264	target_mean:               1.5404	td_error_abs:              0.4956
test_battle_won_mean:      0.5000	test_dead_allies_mean:     3.4937	test_dead_enemies_mean:    4.9062	test_ep_length_mean:      25.0437
test_return_mean:         14.7120	test_return_std:           5.3795	
[INFO 03:15:49] my_main Updated target network
[INFO 03:17:16] my_main Updated target network
[INFO 03:18:44] my_main Updated target network
[INFO 03:18:49] my_main t_env: 1912594 / 2050000
[INFO 03:18:49] my_main Estimated time left: 42 minutes, 39 seconds. Time passed: 10 hours, 39 minutes, 22 seconds
[INFO 03:18:54] my_main Recent Stats | t_env:    1912594 | Episode:    80815
amco_mixing_output_rms:    3.7306	amco_q_term_rms:           0.3476	amco_relu_zero_frac:       0.5515	amco_state_term_rms:       0.3554
amco_state_to_q_ratio:     1.0277	amco_state_value_rms:      6.1182	amco_v_to_m_ratio:         1.6482	battle_won_mean:           0.1886
credit_entropy:            0.9866	credit_grad_agent_0:       0.9816	credit_grad_agent_1:       0.9117	credit_grad_agent_2:       1.1621
credit_grad_agent_3:       1.1528	credit_grad_agent_4:       1.0321	credit_grad_cv:            0.9558	credit_grad_max:           7.5460
credit_grad_mean:          1.0481	credit_grad_median:        0.6717	credit_grad_min:           0.0466	credit_grad_near_zero_frac:  0.0000
credit_grad_negative_frac:  0.0000	credit_grad_p10:           0.1985	credit_grad_p90:           2.4542	credit_grad_std:           1.0007
credit_max_share:          0.2503	dead_allies_mean:          4.5063	dead_enemies_mean:         3.9557	ep_length_mean:           24.1512
epsilon:                   0.0500	grad_norm:                 5.2394	loss:                      0.5715	q_taken_mean:              1.5060
return_mean:              10.9187	return_std:                4.6135	target_mean:               1.4910	td_error_abs:              0.4772
test_battle_won_mean:      0.5312	test_dead_allies_mean:     3.4375	test_dead_enemies_mean:    5.0250	test_ep_length_mean:      25.3750
test_return_mean:         15.1066	test_return_std:           5.2580	
[INFO 03:20:11] my_main Updated target network
[INFO 03:21:39] my_main Updated target network
[INFO 03:21:55] my_main t_env: 1922603 / 2050000
[INFO 03:21:55] my_main Estimated time left: 39 minutes, 28 seconds. Time passed: 10 hours, 42 minutes, 28 seconds
DataHandler: unable to parse websocket frame.
RequestQuit command received.
Closing Application...
CloseHandler: 127.0.0.1:47592 disconnected
[INFO 03:21:58] absl Shutdown gracefully.
[INFO 03:21:58] absl Shutdown with return code: -15
[INFO 03:21:58] absl Launching SC2: /data/workspace/wxr/pymarl-monotone-qmix/3rdparty/StarCraftII/Versions/Base75689/SC2_x64 -listen 127.0.0.1 -port 39109 -dataDir /data/workspace/wxr/pymarl-monotone-qmix/3rdparty/StarCraftII/ -tempDir /tmp/sc-wnbzum5x/
[INFO 03:21:58] absl Connecting to: ws://127.0.0.1:39109/sc2api, attempt: 0, running: True
Version: B75689 (SC2.4.10)
Build: Aug 12 2019 17:16:57
Command Line: '"/data/workspace/wxr/pymarl-monotone-qmix/3rdparty/StarCraftII/Versions/Base75689/SC2_x64" -listen 127.0.0.1 -port 39109 -dataDir /data/workspace/wxr/pymarl-monotone-qmix/3rdparty/StarCraftII/ -tempDir /tmp/sc-wnbzum5x/'
Starting up...
Startup Phase 1 complete
[INFO 03:21:59] absl Connecting to: ws://127.0.0.1:39109/sc2api, attempt: 1, running: True
Startup Phase 2 complete
Creating stub renderer...
Listening on: 127.0.0.1:39109
Startup Phase 3 complete. Ready for commands.
[INFO 03:22:00] absl Connecting to: ws://127.0.0.1:39109/sc2api, attempt: 2, running: True
ConnectHandler: Request from 127.0.0.1:43066 accepted
ReadyHandler: 127.0.0.1:43066 ready
Requesting to join a single player game
Configuring interface options
Configure: raw interface enabled
Configure: feature layer interface disabled
Configure: score interface disabled
Configure: render interface disabled
Launching next game.
Next launch phase started: 2
Next launch phase started: 3
Next launch phase started: 4
Next launch phase started: 5
Next launch phase started: 6
Next launch phase started: 7
Next launch phase started: 8
Game has started.
Using default stable ids, none found at: /data/workspace/wxr/pymarl-monotone-qmix/3rdparty/StarCraftII/stableid.json
Successfully loaded stable ids: GameData\stableid.json
Sending ResponseJoinGame
[INFO 03:22:09] my_main Recent Stats | t_env:    1922603 | Episode:    81238
amco_mixing_output_rms:    3.5618	amco_q_term_rms:           0.3524	amco_relu_zero_frac:       0.5623	amco_state_term_rms:       0.3591
amco_state_to_q_ratio:     1.0231	amco_state_value_rms:      5.9803	amco_v_to_m_ratio:         1.6838	battle_won_mean:           0.1895
credit_entropy:            0.9867	credit_grad_agent_0:       1.0028	credit_grad_agent_1:       0.9156	credit_grad_agent_2:       1.1840
credit_grad_agent_3:       1.1925	credit_grad_agent_4:       1.0517	credit_grad_cv:            0.9392	credit_grad_max:           7.7384
credit_grad_mean:          1.0693	credit_grad_median:        0.7096	credit_grad_min:           0.0492	credit_grad_near_zero_frac:  0.0000
credit_grad_negative_frac:  0.0000	credit_grad_p10:           0.1969	credit_grad_p90:           2.4572	credit_grad_std:           1.0021
credit_max_share:          0.2499	dead_allies_mean:          4.5062	dead_enemies_mean:         3.9566	ep_length_mean:           24.0932
epsilon:                   0.0500	grad_norm:                 4.6532	loss:                      0.5900	q_taken_mean:              1.4436
return_mean:              10.9441	return_std:                4.6141	target_mean:               1.4363	td_error_abs:              0.4853
test_battle_won_mean:      0.5125	test_dead_allies_mean:     3.5063	test_dead_enemies_mean:    4.9062	test_ep_length_mean:      25.1812
test_return_mean:         14.8613	test_return_std:           5.3063	
[INFO 03:23:15] my_main Updated target network
[INFO 03:24:40] my_main Updated target network
[INFO 03:25:03] my_main t_env: 1932603 / 2050000
[INFO 03:25:03] my_main Estimated time left: 36 minutes, 47 seconds. Time passed: 10 hours, 45 minutes, 36 seconds
[INFO 03:25:09] my_main Recent Stats | t_env:    1932603 | Episode:    81656
amco_mixing_output_rms:    3.5929	amco_q_term_rms:           0.3401	amco_relu_zero_frac:       0.5449	amco_state_term_rms:       0.3639
amco_state_to_q_ratio:     1.0720	amco_state_value_rms:      5.8981	amco_v_to_m_ratio:         1.6487	battle_won_mean:           0.1898
credit_entropy:            0.9855	credit_grad_agent_0:       1.0206	credit_grad_agent_1:       0.9268	credit_grad_agent_2:       1.2047
credit_grad_agent_3:       1.2372	credit_grad_agent_4:       1.0717	credit_grad_cv:            0.9277	credit_grad_max:           7.6822
credit_grad_mean:          1.0922	credit_grad_median:        0.7338	credit_grad_min:           0.0449	credit_grad_near_zero_frac:  0.0000
credit_grad_negative_frac:  0.0000	credit_grad_p10:           0.1873	credit_grad_p90:           2.4913	credit_grad_std:           1.0122
credit_max_share:          0.2525	dead_allies_mean:          4.5100	dead_enemies_mean:         3.9763	ep_length_mean:           24.0644
epsilon:                   0.0500	grad_norm:                 4.6578	loss:                      0.6062	q_taken_mean:              1.4631
return_mean:              10.9860	return_std:                4.5995	target_mean:               1.4678	td_error_abs:              0.4935
test_battle_won_mean:      0.5000	test_dead_allies_mean:     3.5312	test_dead_enemies_mean:    4.8563	test_ep_length_mean:      24.8750
test_return_mean:         14.6929	test_return_std:           5.3557	
[INFO 03:26:13] my_main Updated target network
[INFO 03:27:40] my_main Updated target network
[INFO 03:28:05] my_main t_env: 1942614 / 2050000
[INFO 03:28:05] my_main Estimated time left: 32 minutes, 33 seconds. Time passed: 10 hours, 48 minutes, 38 seconds
[INFO 03:28:11] my_main Recent Stats | t_env:    1942614 | Episode:    82072
amco_mixing_output_rms:    3.6087	amco_q_term_rms:           0.3473	amco_relu_zero_frac:       0.5457	amco_state_term_rms:       0.3750
amco_state_to_q_ratio:     1.0813	amco_state_value_rms:      5.8461	amco_v_to_m_ratio:         1.6276	battle_won_mean:           0.1919
credit_entropy:            0.9857	credit_grad_agent_0:       0.9882	credit_grad_agent_1:       0.8855	credit_grad_agent_2:       1.1575
credit_grad_agent_3:       1.2086	credit_grad_agent_4:       1.0327	credit_grad_cv:            0.9540	credit_grad_max:           7.6518
credit_grad_mean:          1.0545	credit_grad_median:        0.6919	credit_grad_min:           0.0461	credit_grad_near_zero_frac:  0.0000
credit_grad_negative_frac:  0.0000	credit_grad_p10:           0.1771	credit_grad_p90:           2.4188	credit_grad_std:           1.0011
credit_max_share:          0.2527	dead_allies_mean:          4.5037	dead_enemies_mean:         4.0087	ep_length_mean:           23.9594
epsilon:                   0.0500	grad_norm:                 4.9524	loss:                      0.5655	q_taken_mean:              1.4572
return_mean:              11.0440	return_std:                4.6040	target_mean:               1.4648	td_error_abs:              0.4762
test_battle_won_mean:      0.5125	test_dead_allies_mean:     3.5000	test_dead_enemies_mean:    4.9313	test_ep_length_mean:      24.9438
test_return_mean:         14.8948	test_return_std:           5.3037	
[INFO 03:29:02] my_main Updated target network
[INFO 03:30:29] my_main Updated target network
[INFO 03:31:12] my_main t_env: 1952638 / 2050000
[INFO 03:31:12] my_main Estimated time left: 30 minutes, 12 seconds. Time passed: 10 hours, 51 minutes, 45 seconds
[INFO 03:31:18] my_main Recent Stats | t_env:    1952638 | Episode:    82494
amco_mixing_output_rms:    3.5719	amco_q_term_rms:           0.3567	amco_relu_zero_frac:       0.5560	amco_state_term_rms:       0.4045
amco_state_to_q_ratio:     1.1330	amco_state_value_rms:      5.7716	amco_v_to_m_ratio:         1.6227	battle_won_mean:           0.1948
credit_entropy:            0.9855	credit_grad_agent_0:       0.9732	credit_grad_agent_1:       0.8753	credit_grad_agent_2:       1.1625
credit_grad_agent_3:       1.2034	credit_grad_agent_4:       1.0173	credit_grad_cv:            0.9884	credit_grad_max:           8.1463
credit_grad_mean:          1.0464	credit_grad_median:        0.6726	credit_grad_min:           0.0482	credit_grad_near_zero_frac:  0.0000
credit_grad_negative_frac:  0.0000	credit_grad_p10:           0.1662	credit_grad_p90:           2.4264	credit_grad_std:           1.0299
credit_max_share:          0.2530	dead_allies_mean:          4.4954	dead_enemies_mean:         4.0154	ep_length_mean:           23.9044
epsilon:                   0.0500	grad_norm:                 5.0221	loss:                      0.5557	q_taken_mean:              1.4218
return_mean:              11.0713	return_std:                4.6243	target_mean:               1.4183	td_error_abs:              0.4623
test_battle_won_mean:      0.4938	test_dead_allies_mean:     3.5312	test_dead_enemies_mean:    4.8937	test_ep_length_mean:      24.8562
test_return_mean:         14.7024	test_return_std:           5.2854	
[INFO 03:31:59] my_main Updated target network
[INFO 03:33:19] my_main Updated target network
[INFO 03:34:04] my_main t_env: 1962661 / 2050000
[INFO 03:34:04] my_main Estimated time left: 25 minutes, 6 seconds. Time passed: 10 hours, 54 minutes, 37 seconds
[INFO 03:34:11] my_main Recent Stats | t_env:    1962661 | Episode:    82913
amco_mixing_output_rms:    3.6210	amco_q_term_rms:           0.3591	amco_relu_zero_frac:       0.5501	amco_state_term_rms:       0.4121
amco_state_to_q_ratio:     1.1470	amco_state_value_rms:      5.7291	amco_v_to_m_ratio:         1.5852	battle_won_mean:           0.1944
credit_entropy:            0.9855	credit_grad_agent_0:       0.9976	credit_grad_agent_1:       0.8934	credit_grad_agent_2:       1.1945
credit_grad_agent_3:       1.2093	credit_grad_agent_4:       1.0402	credit_grad_cv:            0.9827	credit_grad_max:           8.2630
credit_grad_mean:          1.0670	credit_grad_median:        0.7003	credit_grad_min:           0.0472	credit_grad_near_zero_frac:  0.0000
credit_grad_negative_frac:  0.0000	credit_grad_p10:           0.1638	credit_grad_p90:           2.4407	credit_grad_std:           1.0437
credit_max_share:          0.2534	dead_allies_mean:          4.4983	dead_enemies_mean:         4.0139	ep_length_mean:           23.8650
epsilon:                   0.0500	grad_norm:                 4.5485	loss:                      0.6018	q_taken_mean:              1.4248
return_mean:              11.0571	return_std:                4.6216	target_mean:               1.4282	td_error_abs:              0.4716
test_battle_won_mean:      0.4688	test_dead_allies_mean:     3.6375	test_dead_enemies_mean:    4.8063	test_ep_length_mean:      24.8625
test_return_mean:         14.4311	test_return_std:           5.3407	
[INFO 03:34:42] my_main Updated target network
[INFO 03:36:02] my_main Updated target network
[INFO 03:36:53] my_main t_env: 1972663 / 2050000
[INFO 03:36:53] my_main Estimated time left: 21 minutes, 46 seconds. Time passed: 10 hours, 57 minutes, 26 seconds
[INFO 03:37:00] my_main Recent Stats | t_env:    1972663 | Episode:    83336
amco_mixing_output_rms:    3.6602	amco_q_term_rms:           0.3588	amco_relu_zero_frac:       0.5482	amco_state_term_rms:       0.4109
amco_state_to_q_ratio:     1.1445	amco_state_value_rms:      5.7178	amco_v_to_m_ratio:         1.5633	battle_won_mean:           0.1873
credit_entropy:            0.9854	credit_grad_agent_0:       0.9884	credit_grad_agent_1:       0.8908	credit_grad_agent_2:       1.1773
credit_grad_agent_3:       1.1964	credit_grad_agent_4:       1.0211	credit_grad_cv:            0.9926	credit_grad_max:           8.3501
credit_grad_mean:          1.0548	credit_grad_median:        0.6786	credit_grad_min:           0.0471	credit_grad_near_zero_frac:  0.0000
credit_grad_negative_frac:  0.0000	credit_grad_p10:           0.1555	credit_grad_p90:           2.4307	credit_grad_std:           1.0438
credit_max_share:          0.2535	dead_allies_mean:          4.5139	dead_enemies_mean:         4.0120	ep_length_mean:           23.8617
epsilon:                   0.0500	grad_norm:                 4.9416	loss:                      0.6135	q_taken_mean:              1.4333
return_mean:              10.9878	return_std:                4.5580	target_mean:               1.4294	td_error_abs:              0.4740
test_battle_won_mean:      0.4875	test_dead_allies_mean:     3.6063	test_dead_enemies_mean:    4.8750	test_ep_length_mean:      24.9375
test_return_mean:         14.6349	test_return_std:           5.3334	
[INFO 03:37:21] my_main Updated target network
[INFO 03:38:23] my_main Updated target network
[INFO 03:39:14] my_main t_env: 1982677 / 2050000
[INFO 03:39:14] my_main Estimated time left: 15 minutes, 46 seconds. Time passed: 10 hours, 59 minutes, 47 seconds
DataHandler: unable to parse websocket frame.
CloseHandler: 127.0.0.1:43066 disconnected
RequestQuit command received.
QueueResponse: No outstanding requests to this connection, dropping response: quit, id: 999999999
Closing Application...
[INFO 03:39:18] absl Shutdown gracefully.
[INFO 03:39:18] absl Shutdown with return code: -15
[INFO 03:39:18] absl Launching SC2: /data/workspace/wxr/pymarl-monotone-qmix/3rdparty/StarCraftII/Versions/Base75689/SC2_x64 -listen 127.0.0.1 -port 34067 -dataDir /data/workspace/wxr/pymarl-monotone-qmix/3rdparty/StarCraftII/ -tempDir /tmp/sc-jb3e0zsd/
[INFO 03:39:18] absl Connecting to: ws://127.0.0.1:34067/sc2api, attempt: 0, running: True
Version: B75689 (SC2.4.10)
Build: Aug 12 2019 17:16:57
Command Line: '"/data/workspace/wxr/pymarl-monotone-qmix/3rdparty/StarCraftII/Versions/Base75689/SC2_x64" -listen 127.0.0.1 -port 34067 -dataDir /data/workspace/wxr/pymarl-monotone-qmix/3rdparty/StarCraftII/ -tempDir /tmp/sc-jb3e0zsd/'
Starting up...
Startup Phase 1 complete
[INFO 03:39:19] absl Connecting to: ws://127.0.0.1:34067/sc2api, attempt: 1, running: True
Startup Phase 2 complete
Creating stub renderer...
Listening on: 127.0.0.1:34067
Startup Phase 3 complete. Ready for commands.
[INFO 03:39:20] absl Connecting to: ws://127.0.0.1:34067/sc2api, attempt: 2, running: True
ConnectHandler: Request from 127.0.0.1:54126 accepted
ReadyHandler: 127.0.0.1:54126 ready
Requesting to join a single player game
Configuring interface options
Configure: raw interface enabled
Configure: feature layer interface disabled
Configure: score interface disabled
Configure: render interface disabled
Launching next game.
Next launch phase started: 2
Next launch phase started: 3
Next launch phase started: 4
Next launch phase started: 5
Next launch phase started: 6
Next launch phase started: 7
Next launch phase started: 8
Game has started.
Using default stable ids, none found at: /data/workspace/wxr/pymarl-monotone-qmix/3rdparty/StarCraftII/stableid.json
Successfully loaded stable ids: GameData\stableid.json
Sending ResponseJoinGame
[INFO 03:39:26] my_main Recent Stats | t_env:    1982677 | Episode:    83752
amco_mixing_output_rms:    3.6868	amco_q_term_rms:           0.3634	amco_relu_zero_frac:       0.5522	amco_state_term_rms:       0.4183
amco_state_to_q_ratio:     1.1509	amco_state_value_rms:      5.7350	amco_v_to_m_ratio:         1.5575	battle_won_mean:           0.1947
credit_entropy:            0.9861	credit_grad_agent_0:       0.9872	credit_grad_agent_1:       0.8967	credit_grad_agent_2:       1.1739
credit_grad_agent_3:       1.1789	credit_grad_agent_4:       1.0160	credit_grad_cv:            0.9874	credit_grad_max:           8.2322
credit_grad_mean:          1.0505	credit_grad_median:        0.6827	credit_grad_min:           0.0494	credit_grad_near_zero_frac:  0.0000
credit_grad_negative_frac:  0.0000	credit_grad_p10:           0.1560	credit_grad_p90:           2.4228	credit_grad_std:           1.0338
credit_max_share:          0.2519	dead_allies_mean:          4.4894	dead_enemies_mean:         4.0355	ep_length_mean:           23.8914
epsilon:                   0.0500	grad_norm:                 5.7056	loss:                      0.6623	q_taken_mean:              1.4342
return_mean:              11.0790	return_std:                4.6108	target_mean:               1.4150	td_error_abs:              0.4830
test_battle_won_mean:      0.4813	test_dead_allies_mean:     3.6250	test_dead_enemies_mean:    4.7562	test_ep_length_mean:      24.7437
test_return_mean:         14.4255	test_return_std:           5.4873	
[INFO 03:39:43] my_main Updated target network
[INFO 03:40:48] my_main Updated target network
[INFO 03:41:43] my_main t_env: 1992688 / 2050000
[INFO 03:41:43] my_main Estimated time left: 14 minutes, 10 seconds. Time passed: 11 hours, 2 minutes, 16 seconds
[INFO 03:41:49] my_main Recent Stats | t_env:    1992688 | Episode:    84175
amco_mixing_output_rms:    3.6116	amco_q_term_rms:           0.3661	amco_relu_zero_frac:       0.5608	amco_state_term_rms:       0.4162
amco_state_to_q_ratio:     1.1377	amco_state_value_rms:      5.7266	amco_v_to_m_ratio:         1.5901	battle_won_mean:           0.1955
credit_entropy:            0.9863	credit_grad_agent_0:       0.9969	credit_grad_agent_1:       0.9118	credit_grad_agent_2:       1.1793
credit_grad_agent_3:       1.1987	credit_grad_agent_4:       1.0252	credit_grad_cv:            0.9764	credit_grad_max:           8.2567
credit_grad_mean:          1.0624	credit_grad_median:        0.7006	credit_grad_min:           0.0473	credit_grad_near_zero_frac:  0.0000
credit_grad_negative_frac:  0.0000	credit_grad_p10:           0.1563	credit_grad_p90:           2.4372	credit_grad_std:           1.0358
credit_max_share:          0.2510	dead_allies_mean:          4.4810	dead_enemies_mean:         4.0279	ep_length_mean:           23.8118
epsilon:                   0.0500	grad_norm:                 5.7206	loss:                      0.7010	q_taken_mean:              1.4124
return_mean:              11.0747	return_std:                4.6201	target_mean:               1.3892	td_error_abs:              0.4958
test_battle_won_mean:      0.4813	test_dead_allies_mean:     3.6938	test_dead_enemies_mean:    4.7562	test_ep_length_mean:      24.8375
test_return_mean:         14.4623	test_return_std:           5.4472	
[INFO 03:41:58] my_main Updated target network
[INFO 03:43:02] my_main Updated target network
[INFO 03:44:06] my_main Updated target network
[INFO 03:44:06] my_main t_env: 2002689 / 2050000
[INFO 03:44:06] my_main Estimated time left: 11 minutes, 15 seconds. Time passed: 11 hours, 4 minutes, 38 seconds
[INFO 03:44:11] my_main Recent Stats | t_env:    2002689 | Episode:    84601
amco_mixing_output_rms:    3.6038	amco_q_term_rms:           0.3636	amco_relu_zero_frac:       0.5610	amco_state_term_rms:       0.3945
amco_state_to_q_ratio:     1.0867	amco_state_value_rms:      5.7657	amco_v_to_m_ratio:         1.6040	battle_won_mean:           0.1933
credit_entropy:            0.9863	credit_grad_agent_0:       0.9938	credit_grad_agent_1:       0.9193	credit_grad_agent_2:       1.1630
credit_grad_agent_3:       1.2031	credit_grad_agent_4:       1.0119	credit_grad_cv:            0.9677	credit_grad_max:           8.2591
credit_grad_mean:          1.0582	credit_grad_median:        0.6986	credit_grad_min:           0.0492	credit_grad_near_zero_frac:  0.0000
credit_grad_negative_frac:  0.0000	credit_grad_p10:           0.1629	credit_grad_p90:           2.4022	credit_grad_std:           1.0224
credit_max_share:          0.2509	dead_allies_mean:          4.4942	dead_enemies_mean:         4.0049	ep_length_mean:           23.7564
epsilon:                   0.0500	grad_norm:                 5.4121	loss:                      0.6909	q_taken_mean:              1.4240
return_mean:              11.0370	return_std:                4.6040	target_mean:               1.3999	td_error_abs:              0.4931
test_battle_won_mean:      0.5188	test_dead_allies_mean:     3.5812	test_dead_enemies_mean:    4.8187	test_ep_length_mean:      24.8687
test_return_mean:         14.8283	test_return_std:           5.4817	
[INFO 03:45:08] my_main Updated target network
[INFO 03:46:09] my_main Updated target network
[INFO 03:46:16] my_main t_env: 2012708 / 2050000
[INFO 03:46:16] my_main Estimated time left: 8 minutes, 6 seconds. Time passed: 11 hours, 6 minutes, 49 seconds
[INFO 03:46:22] my_main Recent Stats | t_env:    2012708 | Episode:    85026
amco_mixing_output_rms:    3.5739	amco_q_term_rms:           0.3607	amco_relu_zero_frac:       0.5610	amco_state_term_rms:       0.3914
amco_state_to_q_ratio:     1.0869	amco_state_value_rms:      5.7914	amco_v_to_m_ratio:         1.6262	battle_won_mean:           0.1871
credit_entropy:            0.9862	credit_grad_agent_0:       0.9967	credit_grad_agent_1:       0.9212	credit_grad_agent_2:       1.1612
credit_grad_agent_3:       1.2246	credit_grad_agent_4:       1.0036	credit_grad_cv:            0.9845	credit_grad_max:           8.7884
credit_grad_mean:          1.0615	credit_grad_median:        0.6866	credit_grad_min:           0.0496	credit_grad_near_zero_frac:  0.0000
credit_grad_negative_frac:  0.0000	credit_grad_p10:           0.1628	credit_grad_p90:           2.4271	credit_grad_std:           1.0436
credit_max_share:          0.2511	dead_allies_mean:          4.5022	dead_enemies_mean:         3.9817	ep_length_mean:           23.6870
epsilon:                   0.0500	grad_norm:                 5.5619	loss:                      0.6624	q_taken_mean:              1.4318
return_mean:              10.9834	return_std:                4.5479	target_mean:               1.4035	td_error_abs:              0.4902
test_battle_won_mean:      0.5250	test_dead_allies_mean:     3.5000	test_dead_enemies_mean:    4.8250	test_ep_length_mean:      24.9750
test_return_mean:         14.8983	test_return_std:           5.4760	
[INFO 03:47:14] my_main Updated target network
[INFO 03:48:14] my_main Updated target network
[INFO 03:48:27] my_main t_env: 2022715 / 2050000
[INFO 03:48:27] my_main Estimated time left: 5 minutes, 57 seconds. Time passed: 11 hours, 9 minutes, 0 seconds
[INFO 03:48:33] my_main Recent Stats | t_env:    2022715 | Episode:    85448
amco_mixing_output_rms:    3.4769	amco_q_term_rms:           0.3672	amco_relu_zero_frac:       0.5701	amco_state_term_rms:       0.4013
amco_state_to_q_ratio:     1.0942	amco_state_value_rms:      5.7825	amco_v_to_m_ratio:         1.6735	battle_won_mean:           0.1876
credit_entropy:            0.9861	credit_grad_agent_0:       0.9603	credit_grad_agent_1:       0.8822	credit_grad_agent_2:       1.1081
credit_grad_agent_3:       1.1740	credit_grad_agent_4:       0.9583	credit_grad_cv:            0.9933	credit_grad_max:           8.1254
credit_grad_mean:          1.0166	credit_grad_median:        0.6442	credit_grad_min:           0.0461	credit_grad_near_zero_frac:  0.0000
credit_grad_negative_frac:  0.0000	credit_grad_p10:           0.1596	credit_grad_p90:           2.3472	credit_grad_std:           1.0088
credit_max_share:          0.2514	dead_allies_mean:          4.5044	dead_enemies_mean:         3.9614	ep_length_mean:           23.7005
epsilon:                   0.0500	grad_norm:                 7.7106	loss:                      0.6704	q_taken_mean:              1.4067
return_mean:              10.9848	return_std:                4.5595	target_mean:               1.3885	td_error_abs:              0.4933
test_battle_won_mean:      0.5188	test_dead_allies_mean:     3.4750	test_dead_enemies_mean:    4.8438	test_ep_length_mean:      24.9688
test_return_mean:         14.8986	test_return_std:           5.4111	
[INFO 03:49:19] my_main Updated target network
[INFO 03:50:20] my_main Updated target network
[INFO 03:50:41] my_main t_env: 2032719 / 2050000
[INFO 03:50:41] my_main Estimated time left: 3 minutes, 50 seconds. Time passed: 11 hours, 11 minutes, 14 seconds
[INFO 03:50:46] my_main Recent Stats | t_env:    2032719 | Episode:    85866
amco_mixing_output_rms:    3.3742	amco_q_term_rms:           0.3763	amco_relu_zero_frac:       0.5792	amco_state_term_rms:       0.4058
amco_state_to_q_ratio:     1.0787	amco_state_value_rms:      5.7343	amco_v_to_m_ratio:         1.7038	battle_won_mean:           0.1817
credit_entropy:            0.9862	credit_grad_agent_0:       0.9298	credit_grad_agent_1:       0.8394	credit_grad_agent_2:       1.0482
credit_grad_agent_3:       1.1205	credit_grad_agent_4:       0.9145	credit_grad_cv:            1.0176	credit_grad_max:           8.1393
credit_grad_mean:          0.9705	credit_grad_median:        0.5860	credit_grad_min:           0.0407	credit_grad_near_zero_frac:  0.0000
credit_grad_negative_frac:  0.0000	credit_grad_p10:           0.1541	credit_grad_p90:           2.2680	credit_grad_std:           0.9874
credit_max_share:          0.2514	dead_allies_mean:          4.5231	dead_enemies_mean:         3.9311	ep_length_mean:           23.6727
epsilon:                   0.0500	grad_norm:                 7.0036	loss:                      0.5766	q_taken_mean:              1.3750
return_mean:              10.9168	return_std:                4.5182	target_mean:               1.3727	td_error_abs:              0.4631
test_battle_won_mean:      0.5437	test_dead_allies_mean:     3.4125	test_dead_enemies_mean:    5.0438	test_ep_length_mean:      25.4500
test_return_mean:         15.3686	test_return_std:           5.1392	
[INFO 03:51:26] my_main Updated target network
[INFO 03:52:25] my_main Updated target network
[INFO 03:52:51] my_main t_env: 2042721 / 2050000
[INFO 03:52:51] my_main Estimated time left: 1 minutes, 35 seconds. Time passed: 11 hours, 13 minutes, 24 seconds
RequestQuit command received.
Closing Application...
DataHandler: unable to parse websocket frame.
CloseHandler: 127.0.0.1:54126 disconnected
[INFO 03:52:54] absl Shutdown gracefully.
[INFO 03:52:54] absl Shutdown with return code: -15
[INFO 03:52:54] absl Launching SC2: /data/workspace/wxr/pymarl-monotone-qmix/3rdparty/StarCraftII/Versions/Base75689/SC2_x64 -listen 127.0.0.1 -port 32883 -dataDir /data/workspace/wxr/pymarl-monotone-qmix/3rdparty/StarCraftII/ -tempDir /tmp/sc-v725gy1k/
[INFO 03:52:54] absl Connecting to: ws://127.0.0.1:32883/sc2api, attempt: 0, running: True
Version: B75689 (SC2.4.10)
Build: Aug 12 2019 17:16:57
Command Line: '"/data/workspace/wxr/pymarl-monotone-qmix/3rdparty/StarCraftII/Versions/Base75689/SC2_x64" -listen 127.0.0.1 -port 32883 -dataDir /data/workspace/wxr/pymarl-monotone-qmix/3rdparty/StarCraftII/ -tempDir /tmp/sc-v725gy1k/'
Starting up...
Startup Phase 1 complete
[INFO 03:52:55] absl Connecting to: ws://127.0.0.1:32883/sc2api, attempt: 1, running: True
Startup Phase 2 complete
Creating stub renderer...
Listening on: 127.0.0.1:32883
Startup Phase 3 complete. Ready for commands.
[INFO 03:52:56] absl Connecting to: ws://127.0.0.1:32883/sc2api, attempt: 2, running: True
ConnectHandler: Request from 127.0.0.1:54366 accepted
ReadyHandler: 127.0.0.1:54366 ready
Requesting to join a single player game
Configuring interface options
Configure: raw interface enabled
Configure: feature layer interface disabled
Configure: score interface disabled
Configure: render interface disabled
Launching next game.
Next launch phase started: 2
Next launch phase started: 3
Next launch phase started: 4
Next launch phase started: 5
Next launch phase started: 6
Next launch phase started: 7
Next launch phase started: 8
Game has started.
Using default stable ids, none found at: /data/workspace/wxr/pymarl-monotone-qmix/3rdparty/StarCraftII/stableid.json
Successfully loaded stable ids: GameData\stableid.json
Sending ResponseJoinGame
[INFO 03:53:03] my_main Recent Stats | t_env:    2042721 | Episode:    86288
amco_mixing_output_rms:    3.4075	amco_q_term_rms:           0.3686	amco_relu_zero_frac:       0.5665	amco_state_term_rms:       0.4086
amco_state_to_q_ratio:     1.1092	amco_state_value_rms:      5.7178	amco_v_to_m_ratio:         1.6828	battle_won_mean:           0.1851
credit_entropy:            0.9860	credit_grad_agent_0:       0.9491	credit_grad_agent_1:       0.8696	credit_grad_agent_2:       1.0589
credit_grad_agent_3:       1.1280	credit_grad_agent_4:       0.9253	credit_grad_cv:            1.0075	credit_grad_max:           8.0125
credit_grad_mean:          0.9862	credit_grad_median:        0.6123	credit_grad_min:           0.0416	credit_grad_near_zero_frac:  0.0000
credit_grad_negative_frac:  0.0000	credit_grad_p10:           0.1542	credit_grad_p90:           2.2953	credit_grad_std:           0.9926
credit_max_share:          0.2518	dead_allies_mean:          4.5153	dead_enemies_mean:         3.9273	ep_length_mean:           23.6797
epsilon:                   0.0500	grad_norm:                 6.8616	loss:                      0.5374	q_taken_mean:              1.3967
return_mean:              10.9580	return_std:                4.5363	target_mean:               1.3945	td_error_abs:              0.4552
test_battle_won_mean:      0.5125	test_dead_allies_mean:     3.4500	test_dead_enemies_mean:    4.9750	test_ep_length_mean:      25.5813
test_return_mean:         15.0719	test_return_std:           5.0965	
[INFO 03:53:37] my_main Updated target network
DataHandler: unable to parse websocket frame.
CloseHandler: 127.0.0.1:54366 disconnected
[INFO 03:54:38] absl Shutdown gracefully.
[INFO 03:54:38] absl Shutdown with return code: -15
[INFO 03:54:38] my_main Finished Training
