{
  "battle_won_mean": [
    0.0,
    0.0,
    0.0,
    0.0,
    0.0,
    0.0,
    0.0,
    0.0,
    0.0,
    0.0,
    0.0,
    0.0,
    0.0,
    0.0,
    0.0
  ],
  "battle_won_mean_T": [
    44,
    10052,
    20064,
    30072,
    40079,
    50123,
    60260,
    70430,
    80472,
    90592,
    100603,
    110611,
    120644,
    130790,
    140909
  ],
  "dead_allies_mean": [
    10.0,
    9.876923076923077,
    9.78494623655914,
    9.70979020979021,
    9.50204081632653,
    9.521739130434783,
    9.368852459016393,
    9.536363636363637,
    9.563636363636364,
    9.557522123893806,
    9.518518518518519,
    9.126436781609195,
    9.347826086956522,
    9.3,
    9.279569892473118
  ],
  "dead_allies_mean_T": [
    44,
    10052,
    20064,
    30072,
    40079,
    50123,
    60260,
    70430,
    80472,
    90592,
    100603,
    110611,
    120644,
    130790,
    140909
  ],
  "dead_enemies_mean": [
    0.0,
    0.0,
    0.0035842293906810036,
    0.05944055944055944,
    0.3836734693877551,
    0.5869565217391305,
    0.819672131147541,
    0.7545454545454545,
    0.8727272727272727,
    1.5575221238938053,
    1.5185185185185186,
    1.2413793103448276,
    1.4891304347826086,
    1.5222222222222221,
    1.6774193548387097
  ],
  "dead_enemies_mean_T": [
    44,
    10052,
    20064,
    30072,
    40079,
    50123,
    60260,
    70430,
    80472,
    90592,
    100603,
    110611,
    120644,
    130790,
    140909
  ],
  "ep_length_mean": [
    44.0,
    38.49230769230769,
    35.88530465949821,
    34.99300699300699,
    40.844897959183676,
    54.58695652173913,
    83.09016393442623,
    92.45454545454545,
    91.2909090909091,
    89.5575221238938,
    92.69444444444444,
    115.03448275862068,
    109.05434782608695,
    112.73333333333333,
    108.80645161290323
  ],
  "ep_length_mean_T": [
    44,
    10052,
    20064,
    30072,
    40079,
    50123,
    60260,
    70430,
    80472,
    90592,
    100603,
    110611,
    120644,
    130790,
    140909
  ],
  "episode": [
    260,
    539,
    825,
    1071,
    1255,
    1377,
    1487,
    1597,
    1710,
    1818,
    1905,
    1997,
    2087,
    2180
  ],
  "episode_T": [
    10020,
    20032,
    30047,
    40079,
    50123,
    60260,
    70430,
    80472,
    90592,
    100603,
    110611,
    120644,
    130790,
    140909
  ],
  "epsilon": [
    1.0,
    0.80962,
    0.619392,
    0.429107,
    0.23922100000000013,
    0.05,
    0.05,
    0.05,
    0.05,
    0.05,
    0.05,
    0.05,
    0.05,
    0.05,
    0.05
  ],
  "epsilon_T": [
    44,
    10052,
    20064,
    30072,
    40079,
    50123,
    60260,
    70430,
    80472,
    90592,
    100603,
    110611,
    120644,
    130790,
    140909
  ],
  "grad_norm": [
    115.21549224853516,
    13.068442344665527,
    5.96538782119751,
    2.044642925262451,
    0.9198348522186279,
    7.607570648193359,
    4.6469879150390625,
    0.6723960638046265,
    12.018341064453125,
    2.519254446029663,
    9.758879661560059,
    0.45560359954833984,
    1.1070597171783447,
    9.587503433227539,
    2.1922974586486816
  ],
  "grad_norm_T": [
    1205,
    11215,
    21229,
    31233,
    41283,
    51314,
    61315,
    71329,
    81346,
    91379,
    101388,
    111419,
    121420,
    131555,
    141594
  ],
  "loss": [
    6.696041107177734,
    0.307179719209671,
    0.13969886302947998,
    0.04786806181073189,
    0.050598353147506714,
    0.07805141061544418,
    0.05582632124423981,
    0.04361679404973984,
    0.12412018328905106,
    0.03971097990870476,
    0.09443534910678864,
    0.04352303221821785,
    0.03922758996486664,
    0.07599173486232758,
    0.0377654992043972
  ],
  "loss_T": [
    1205,
    11215,
    21229,
    31233,
    41283,
    51314,
    61315,
    71329,
    81346,
    91379,
    101388,
    111419,
    121420,
    131555,
    141594
  ],
  "q_taken_mean": [
    0.21841669233013486,
    0.3272864990234375,
    0.29917856170408846,
    0.3591987834445963,
    0.354380417759324,
    0.3090184619106263,
    0.32194183023798933,
    0.36201942231075696,
    0.30299601335502424,
    0.3063387025476328,
    0.3044475631208609,
    0.3364059211058938,
    0.2944994882436899,
    0.29630104085359055,
    0.3254557092083078
  ],
  "q_taken_mean_T": [
    1205,
    11215,
    21229,
    31233,
    41283,
    51314,
    61315,
    71329,
    81346,
    91379,
    101388,
    111419,
    121420,
    131555,
    141594
  ],
  "return_mean": [
    2.1659102697095425,
    1.8047591602996327,
    1.872743488363338,
    2.100842624132221,
    2.7938969516100007,
    3.304994977124865,
    3.541960135843225,
    3.767981606292436,
    3.7370183495025464,
    4.832957501583555,
    4.752327421430765,
    5.00601745451185,
    5.336550956724696,
    5.305738351486858,
    5.505048339691248
  ],
  "return_mean_T": [
    44,
    10052,
    20064,
    30072,
    40079,
    50123,
    60260,
    70430,
    80472,
    90592,
    100603,
    110611,
    120644,
    130790,
    140909
  ],
  "return_std": [
    0.0,
    0.4033782774959049,
    0.4325159868270165,
    0.539289293385881,
    0.6700043257496895,
    0.9235991303518831,
    1.1975572375125128,
    1.3848219645106994,
    1.4972748821676554,
    1.2594283717113546,
    1.2073971977636775,
    1.2228421954475825,
    1.2361031171232042,
    1.0839423774418144,
    0.995789020135867
  ],
  "return_std_T": [
    44,
    10052,
    20064,
    30072,
    40079,
    50123,
    60260,
    70430,
    80472,
    90592,
    100603,
    110611,
    120644,
    130790,
    140909
  ],
  "target_mean": [
    0.4184151322614108,
    0.29670833333333335,
    0.3154875918090929,
    0.3549864644659378,
    0.3562809965641997,
    0.329160664804715,
    0.33392585075622777,
    0.36012547466384465,
    0.3309666077103511,
    0.30181006874278293,
    0.3282747826986755,
    0.3358907970369171,
    0.2969327955979567,
    0.27923171275646747,
    0.319616092983599
  ],
  "target_mean_T": [
    1205,
    11215,
    21229,
    31233,
    41283,
    51314,
    61315,
    71329,
    81346,
    91379,
    101388,
    111419,
    121420,
    131555,
    141594
  ],
  "td_error_abs": [
    2.1824546972251038,
    0.3801340738932292,
    0.272300195225229,
    0.1587022118853159,
    0.15180799696180555,
    0.2320429931468816,
    0.1823661831350089,
    0.1396705536253424,
    0.3070929760505732,
    0.11519423698442913,
    0.2656780116605443,
    0.1216271435040884,
    0.12239253704364483,
    0.21451363746445695,
    0.13539345260049432
  ],
  "td_error_abs_T": [
    1205,
    11215,
    21229,
    31233,
    41283,
    51314,
    61315,
    71329,
    81346,
    91379,
    101388,
    111419,
    121420,
    131555,
    141594
  ],
  "test_battle_won_mean": [
    0.0,
    0.0,
    0.0,
    0.0,
    0.0,
    0.0,
    0.0,
    0.0,
    0.0,
    0.0,
    0.0,
    0.0,
    0.0,
    0.0,
    0.0
  ],
  "test_battle_won_mean_T": [
    44,
    10052,
    20064,
    30072,
    40079,
    50123,
    60260,
    70430,
    80472,
    90592,
    100603,
    110611,
    120644,
    130790,
    140909
  ],
  "test_dead_allies_mean": [
    9.125,
    9.46875,
    9.5625,
    9.25,
    9.25,
    9.59375,
    8.65625,
    9.375,
    9.5625,
    9.28125,
    9.5,
    9.25,
    9.3125,
    9.3125,
    9.3125
  ],
  "test_dead_allies_mean_T": [
    44,
    10052,
    20064,
    30072,
    40079,
    50123,
    60260,
    70430,
    80472,
    90592,
    100603,
    110611,
    120644,
    130790,
    140909
  ],
  "test_dead_enemies_mean": [
    0.125,
    0.84375,
    0.59375,
    0.5,
    1.28125,
    0.75,
    0.25,
    0.71875,
    0.75,
    1.5625,
    1.59375,
    2.0,
    2.3125,
    2.09375,
    1.59375
  ],
  "test_dead_enemies_mean_T": [
    44,
    10052,
    20064,
    30072,
    40079,
    50123,
    60260,
    70430,
    80472,
    90592,
    100603,
    110611,
    120644,
    130790,
    140909
  ],