/labmount/users/202535331/miniconda3/envs/pymarl/lib/python3.9/site-packages/sacred/dependencies.py:11: UserWarning: pkg_resources is deprecated as an API. See https://setuptools.pypa.io/en/latest/pkg_resources.html. The pkg_resources package is slated for removal as early as 2025-11-30. Refrain from using this package or pin to Setuptools<81.
  import pkg_resources
[DEBUG 17:24:00] git.cmd Popen(['git', 'version'], cwd=/labmount/users/202535331/MARL/pymarl-monotone-qmix, stdin=None, shell=False, universal_newlines=False)
[DEBUG 17:24:00] git.cmd Popen(['git', 'version'], cwd=/labmount/users/202535331/MARL/pymarl-monotone-qmix, stdin=None, shell=False, universal_newlines=False)
[DEBUG 17:24:00] git.util sys.platform='linux', git_executable='git'
[DEBUG 17:24:00] git.cmd Popen(['git', 'diff', '--cached', '--abbrev=40', '--full-index', '--raw'], cwd=/labmount/users/202535331/MARL/pymarl-monotone-qmix, stdin=None, shell=False, universal_newlines=False)
[DEBUG 17:24:00] git.cmd Popen(['git', 'diff', '--abbrev=40', '--full-index', '--raw'], cwd=/labmount/users/202535331/MARL/pymarl-monotone-qmix, stdin=None, shell=False, universal_newlines=False)
[DEBUG 17:24:00] git.cmd Popen(['git', 'cat-file', '--batch-check'], cwd=/labmount/users/202535331/MARL/pymarl-monotone-qmix, stdin=<valid stream>, shell=False, universal_newlines=False)
[DEBUG 17:24:00] git.util sys.platform='linux', git_executable='git'
[DEBUG 17:24:00] git.cmd Popen(['git', 'diff', '--cached', '--abbrev=40', '--full-index', '--raw'], cwd=/labmount/users/202535331/MARL/pymarl-monotone-qmix, stdin=None, shell=False, universal_newlines=False)
[DEBUG 17:24:00] git.cmd Popen(['git', 'diff', '--abbrev=40', '--full-index', '--raw'], cwd=/labmount/users/202535331/MARL/pymarl-monotone-qmix, stdin=None, shell=False, universal_newlines=False)
[DEBUG 17:24:00] git.cmd Popen(['git', 'cat-file', '--batch-check'], cwd=/labmount/users/202535331/MARL/pymarl-monotone-qmix, stdin=<valid stream>, shell=False, universal_newlines=False)
[DEBUG 17:24:00] git.util sys.platform='linux', git_executable='git'
[DEBUG 17:24:00] git.cmd Popen(['git', 'diff', '--cached', '--abbrev=40', '--full-index', '--raw'], cwd=/labmount/users/202535331/MARL/pymarl-monotone-qmix, stdin=None, shell=False, universal_newlines=False)
[DEBUG 17:24:00] git.cmd Popen(['git', 'diff', '--abbrev=40', '--full-index', '--raw'], cwd=/labmount/users/202535331/MARL/pymarl-monotone-qmix, stdin=None, shell=False, universal_newlines=False)
[DEBUG 17:24:00] git.cmd Popen(['git', 'cat-file', '--batch-check'], cwd=/labmount/users/202535331/MARL/pymarl-monotone-qmix, stdin=<valid stream>, shell=False, universal_newlines=False)
[INFO 17:24:00] root Saving to FileStorageObserver in /labmount/users/202535331/MARL/pymarl-monotone-qmix/results/sacred/kaleidoscope_qmix.
[DEBUG 17:24:01] pymarl Using capture mode "fd"
[INFO 17:24:01] pymarl Running command 'my_main'
[INFO 17:24:01] pymarl Started run with ID "11"
[DEBUG 17:24:01] pymarl Starting Heartbeat
[DEBUG 17:24:01] my_main Started
[INFO 17:24:01] my_main Experiment Parameters:
[INFO 17:24:01] my_main 

{   'action_selector': 'epsilon_greedy',
    'agent': 'kaleidoscope_rnn_1r3',
    'agent_output_type': 'q',
    'batch_size': 32,
    'batch_size_run': 1,
    'buffer_cpu_only': True,
    'buffer_size': 5000,
    'checkpoint_path': '',
    'critic_lr': 0.0005,
    'double_q': True,
    'env': 'sc2',
    'env_args': {   'continuing_episode': False,
                    'debug': False,
                    'difficulty': '7',
                    'game_version': None,
                    'heuristic_ai': False,
                    'heuristic_rest': False,
                    'map_name': 'bane_vs_bane',
                    'move_amount': 2,
                    'obs_all_health': True,
                    'obs_instead_of_state': False,
                    'obs_last_action': False,
                    'obs_own_health': True,
                    'obs_pathing_grid': False,
                    'obs_terrain_height': False,
                    'obs_timestep_number': False,
                    'replay_dir': '',
                    'replay_prefix': '',
                    'reward_death_value': 10,
                    'reward_defeat': 0,
                    'reward_negative_scale': 0.5,
                    'reward_only_positive': True,
                    'reward_scale': True,
                    'reward_scale_rate': 20,
                    'reward_sparse': False,
                    'reward_win': 200,
                    'seed': 41,
                    'state_last_action': True,
                    'state_timestep_number': False,
                    'step_mul': 8},
    'epsilon_anneal_time': 50000,
    'epsilon_finish': 0.05,
    'epsilon_start': 1.0,
    'evaluate': False,
    'gamma': 0.99,
    'grad_norm_clip': 10,
    'hypernet_embed': 64,
    'hypernet_layers': 2,
    'kaleidoscope_args': {   'deque_len': 100,
                             'div_coef': 5.0,
                             'reset_interval': 1000000,
                             'reset_ratio': 0.2,
                             'sparsity_layer_weights': [   1.0,
                                                           2.0,
                                                           4.0,
                                                           8.0],
                             'threshold_init_bias': 5.0,
                             'threshold_init_scale': 5.0,
                             'threshold_reset_bias': 5.0,
                             'threshold_reset_scale': 5.0},
    'label': 'default_label',
    'learner': 'kaleidoscope_q_learner',
    'learner_log_interval': 10000,
    'load_step': 0,
    'local_results_path': 'results',
    'log_interval': 10000,
    'lr': 0.0005,
    'mac': 'kaleidoscope_mac',
    'mixer': 'qmix',
    'mixing_embed_dim': 32,
    'name': 'kaleidoscope_qmix_bane_vs_bane_seed41',
    'obs_agent_id': True,
    'obs_last_action': True,
    'optim_alpha': 0.99,
    'optim_eps': 1e-05,
    'repeat_id': 1,
    'rnn_hidden_dim': 64,
    'runner': 'episode',
    'runner_log_interval': 10000,
    'save_model': True,
    'save_model_interval': 2000000,
    'save_replay': False,
    'seed': 41,
    't_max': 2050000,
    'target_update_interval': 200,
    'test_greedy': True,
    'test_interval': 10000,
    'test_nepisode': 32,
    'use_cuda': True,
    'use_tensorboard': True}

[INFO 17:24:14] my_main Beginning training for 2050000 timesteps
[INFO 17:24:14] absl Launching SC2: /labmount/users/202535331/MARL/pymarl-monotone-qmix/3rdparty/StarCraftII/Versions/Base75689/SC2_x64 -listen 127.0.0.1 -port 35193 -dataDir /labmount/users/202535331/MARL/pymarl-monotone-qmix/3rdparty/StarCraftII/ -tempDir /tmp/sc-hazeg_q0/
[INFO 17:24:14] absl Connecting to: ws://127.0.0.1:35193/sc2api, attempt: 0, running: True
Version: B75689 (SC2.4.10)
Build: Aug 12 2019 17:16:57
Command Line: '"/labmount/users/202535331/MARL/pymarl-monotone-qmix/3rdparty/StarCraftII/Versions/Base75689/SC2_x64" -listen 127.0.0.1 -port 35193 -dataDir /labmount/users/202535331/MARL/pymarl-monotone-qmix/3rdparty/StarCraftII/ -tempDir /tmp/sc-hazeg_q0/'
Starting up...
Startup Phase 1 complete
[INFO 17:24:15] absl Connecting to: ws://127.0.0.1:35193/sc2api, attempt: 1, running: True
Startup Phase 2 complete
Creating stub renderer...
Listening on: 127.0.0.1:35193
Startup Phase 3 complete. Ready for commands.
[INFO 17:24:16] absl Connecting to: ws://127.0.0.1:35193/sc2api, attempt: 2, running: True
ConnectHandler: Request from 127.0.0.1:59104 accepted
ReadyHandler: 127.0.0.1:59104 ready
Requesting to join a single player game
Configuring interface options
Configure: raw interface enabled
Configure: feature layer interface disabled
Configure: score interface disabled
Configure: render interface disabled
Launching next game.
Next launch phase started: 2
Next launch phase started: 3
Next launch phase started: 4
Next launch phase started: 5
Next launch phase started: 6
Next launch phase started: 7
Next launch phase started: 8
Game has started.
Using default stable ids, none found at: /labmount/users/202535331/MARL/pymarl-monotone-qmix/3rdparty/StarCraftII/stableid.json
Successfully loaded stable ids: GameData\stableid.json
Sending ResponseJoinGame
[INFO 17:24:21] my_main t_env: 14 / 2050000
[INFO 17:24:21] my_main Estimated time left: 22 minutes, 7 seconds. Time passed: 6 seconds
[INFO 17:25:19] my_main Saving models to results/models/kaleidoscope_qmix_bane_vs_bane_seed41__2026-09-21_17-24-01/14
[INFO 17:28:37] my_main Updated target network
[INFO 17:31:53] my_main Updated target network
[INFO 17:32:12] my_main Recent Stats | t_env:      10002 | Episode:      423
battle_won_mean:           1.0000	dead_allies_mean:         21.0000	dead_enemies_mean:        24.0000	div_coef:                364486.3563
div_loss:                 -0.0001	ep_length_mean:           14.0000	epsilon:                   1.0000	grad_norm:                10.2827
loss:                    -24.3285	loss_td:                   6.0821	q_taken_mean:             -0.0080	return_mean:              20.0130
return_std:                0.0000	target_mean:               0.0433	td_error_abs:              1.2325	test_battle_won_mean:      0.0000
test_dead_allies_mean:    12.8750	test_dead_enemies_mean:   15.7188	test_ep_length_mean:     194.9375	test_return_mean:         11.2386
test_return_std:           1.3188	
[INFO 17:32:13] my_main t_env: 10021 / 2050000
[INFO 17:32:13] my_main Estimated time left: 1 days, 2 hours, 43 minutes, 59 seconds. Time passed: 7 minutes, 58 seconds
[INFO 17:35:19] my_main Updated target network
[INFO 17:38:35] my_main Updated target network
[INFO 17:40:13] my_main Recent Stats | t_env:      20011 | Episode:      907
battle_won_mean:           0.8877	dead_allies_mean:         21.4598	dead_enemies_mean:        23.9267	div_coef:                341082.8205
div_loss:                 -0.0001	ep_length_mean:           18.8286	epsilon:                   0.8100	grad_norm:                17.4269
loss:                    -19.5249	loss_td:                   4.7451	q_taken_mean:              0.1040	return_mean:              19.6375
return_std:                0.7535	target_mean:               0.1362	td_error_abs:              1.1912	test_battle_won_mean:      0.2188
test_dead_allies_mean:    17.7969	test_dead_enemies_mean:   19.3438	test_ep_length_mean:     105.5000	test_return_mean:         14.3712
test_return_std:           1.9500	
[INFO 17:40:13] my_main t_env: 20024 / 2050000
[INFO 17:40:13] my_main Estimated time left: 1 days, 3 hours, 4 minutes, 58 seconds. Time passed: 15 minutes, 59 seconds
[INFO 17:41:44] my_main Updated target network
[INFO 17:44:53] my_main Updated target network
[INFO 17:48:11] my_main Recent Stats | t_env:      30019 | Episode:     1396
battle_won_mean:           0.8184	dead_allies_mean:         21.7349	dead_enemies_mean:        23.8058	div_coef:                328435.2875
div_loss:                 -0.0001	ep_length_mean:           19.4415	epsilon:                   0.6198	grad_norm:                44.0376
loss:                    -17.1372	loss_td:                   4.2441	q_taken_mean:              0.2547	return_mean:              19.3393
return_std:                1.1570	target_mean:               0.2647	td_error_abs:              1.2284	test_battle_won_mean:      0.2812
test_dead_allies_mean:    19.3646	test_dead_enemies_mean:   20.4896	test_ep_length_mean:      79.3646	test_return_mean:         15.3628
test_return_std:           2.1498	
[INFO 17:48:12] my_main t_env: 30034 / 2050000
[INFO 17:48:12] my_main Estimated time left: 1 days, 2 hours, 51 minutes, 0 seconds. Time passed: 23 minutes, 58 seconds
[INFO 17:48:24] my_main Updated target network
[INFO 17:51:31] my_main t_env: 40050 / 2050000
[INFO 17:51:31] my_main Estimated time left: 11 hours, 4 minutes, 22 seconds. Time passed: 27 minutes, 16 seconds
[INFO 17:52:04] my_main Recent Stats | t_env:      40050 | Episode:     1518
battle_won_mean:           0.7125	dead_allies_mean:         21.7173	dead_enemies_mean:        23.3767	div_coef:                345374.5832
div_loss:                 -0.0001	ep_length_mean:           32.3144	epsilon:                   0.2429	grad_norm:                83.3463
loss:                    -16.2085	loss_td:                   4.4318	q_taken_mean:              0.3658	return_mean:              18.7286
return_std:                1.8058	target_mean:               0.3624	td_error_abs:              1.2768	test_battle_won_mean:      0.3063
test_dead_allies_mean:    19.9438	test_dead_enemies_mean:   20.2625	test_ep_length_mean:      82.1125	test_return_mean:         15.3019
test_return_std:           3.1156	
[INFO 17:55:02] my_main Updated target network
[INFO 17:55:02] my_main t_env: 50107 / 2050000
[INFO 17:55:02] my_main Estimated time left: 11 hours, 41 minutes, 33 seconds. Time passed: 30 minutes, 48 seconds
RequestQuit command received.
DataHandler: unable to parse websocket frame.
Closing Application...
CloseHandler: 127.0.0.1:59104 disconnected
[INFO 17:55:18] absl Shutdown gracefully.
[INFO 17:55:18] absl Shutdown with return code: -15
[INFO 17:55:18] absl Launching SC2: /labmount/users/202535331/MARL/pymarl-monotone-qmix/3rdparty/StarCraftII/Versions/Base75689/SC2_x64 -listen 127.0.0.1 -port 33607 -dataDir /labmount/users/202535331/MARL/pymarl-monotone-qmix/3rdparty/StarCraftII/ -tempDir /tmp/sc-cksk_5p8/
[INFO 17:55:18] absl Connecting to: ws://127.0.0.1:33607/sc2api, attempt: 0, running: True
Version: B75689 (SC2.4.10)
Build: Aug 12 2019 17:16:57
Command Line: '"/labmount/users/202535331/MARL/pymarl-monotone-qmix/3rdparty/StarCraftII/Versions/Base75689/SC2_x64" -listen 127.0.0.1 -port 33607 -dataDir /labmount/users/202535331/MARL/pymarl-monotone-qmix/3rdparty/StarCraftII/ -tempDir /tmp/sc-cksk_5p8/'
Starting up...
Startup Phase 1 complete
[INFO 17:55:19] absl Connecting to: ws://127.0.0.1:33607/sc2api, attempt: 1, running: True
Startup Phase 2 complete
Creating stub renderer...
Listening on: 127.0.0.1:33607
Startup Phase 3 complete. Ready for commands.
[INFO 17:55:20] absl Connecting to: ws://127.0.0.1:33607/sc2api, attempt: 2, running: True
ConnectHandler: Request from 127.0.0.1:38880 accepted
ReadyHandler: 127.0.0.1:38880 ready
Requesting to join a single player game
Configuring interface options
Configure: raw interface enabled
Configure: feature layer interface disabled
Configure: score interface disabled
Configure: render interface disabled
Launching next game.
Next launch phase started: 2
Next launch phase started: 3
Next launch phase started: 4
Next launch phase started: 5
Next launch phase started: 6
Next launch phase started: 7
Next launch phase started: 8
Game has started.
Using default stable ids, none found at: /labmount/users/202535331/MARL/pymarl-monotone-qmix/3rdparty/StarCraftII/stableid.json
Successfully loaded stable ids: GameData\stableid.json
Sending ResponseJoinGame
[INFO 17:55:35] my_main Recent Stats | t_env:      50107 | Episode:     1601
battle_won_mean:           0.5800	dead_allies_mean:         21.5053	dead_enemies_mean:        22.5381	div_coef:                355613.3557
div_loss:                 -0.0001	ep_length_mean:           53.7481	epsilon:                   0.0518	grad_norm:                84.2216
loss:                    -15.5214	loss_td:                   4.6975	q_taken_mean:              0.4384	return_mean:              17.7556
return_std:                2.7815	target_mean:               0.4307	td_error_abs:              1.2614	test_battle_won_mean:      0.3812
test_dead_allies_mean:    21.2625	test_dead_enemies_mean:   20.6375	test_ep_length_mean:      62.3000	test_return_mean:         15.8661
test_return_std:           4.0994	
[INFO 17:59:14] my_main t_env: 60118 / 2050000
[INFO 17:59:14] my_main Estimated time left: 13 hours, 53 minutes, 5 seconds. Time passed: 34 minutes, 59 seconds
[INFO 17:59:31] my_main Recent Stats | t_env:      60118 | Episode:     1705
battle_won_mean:           0.4980	dead_allies_mean:         21.0194	dead_enemies_mean:        21.6040	div_coef:                355393.1781
div_loss:                 -0.0000	ep_length_mean:           68.2686	epsilon:                   0.0500	grad_norm:               112.9224
loss:                    -12.4364	loss_td:                   4.9972	q_taken_mean:              0.6117	return_mean:              16.8584
return_std:                3.6259	target_mean:               0.5862	td_error_abs:              1.3491	test_battle_won_mean:      0.3500
test_dead_allies_mean:    21.3062	test_dead_enemies_mean:   20.6125	test_ep_length_mean:      69.4750	test_return_mean:         15.7531
test_return_std:           4.0337	
[INFO 18:02:24] my_main Updated target network
[INFO 18:05:58] my_main t_env: 70133 / 2050000
[INFO 18:05:58] my_main Estimated time left: 22 hours, 11 minutes, 4 seconds. Time passed: 41 minutes, 43 seconds
[INFO 18:06:12] my_main Recent Stats | t_env:      70133 | Episode:     1923
battle_won_mean:           0.4372	dead_allies_mean:         20.9954	dead_enemies_mean:        21.4297	div_coef:                369211.4287
div_loss:                 -0.0000	ep_length_mean:           73.3232	epsilon:                   0.0500	grad_norm:               116.4439
loss:                    -12.5856	loss_td:                   4.6256	q_taken_mean:              0.6742	return_mean:              16.5430
return_std:                3.7315	target_mean:               0.6487	td_error_abs:              1.2721	test_battle_won_mean:      0.3438
test_dead_allies_mean:    21.2312	test_dead_enemies_mean:   20.7188	test_ep_length_mean:      72.2250	test_return_mean:         15.8051
test_return_std:           3.9159	
[INFO 18:08:26] my_main Updated target network
[INFO 18:12:27] my_main t_env: 80260 / 2050000
[INFO 18:12:27] my_main Estimated time left: 20 hours, 59 minutes, 46 seconds. Time passed: 48 minutes, 12 seconds
[INFO 18:12:41] my_main Recent Stats | t_env:      80260 | Episode:     2141
battle_won_mean:           0.3902	dead_allies_mean:         20.9286	dead_enemies_mean:        21.1716	div_coef:                374526.0462
div_loss:                 -0.0000	ep_length_mean:           78.5199	epsilon:                   0.0500	grad_norm:               114.2086
loss:                    -12.1561	loss_td:                   4.7620	q_taken_mean:              0.6859	return_mean:              16.2125
return_std:                3.9230	target_mean:               0.6712	td_error_abs:              1.2114	test_battle_won_mean:      0.3000
test_dead_allies_mean:    21.5437	test_dead_enemies_mean:   20.6625	test_ep_length_mean:      74.4875	test_return_mean:         15.6271
test_return_std:           3.7267	
[INFO 18:14:23] my_main Updated target network
[INFO 18:17:54] my_main t_env: 90330 / 2050000
[INFO 18:17:54] my_main Estimated time left: 17 hours, 42 minutes, 15 seconds. Time passed: 53 minutes, 39 seconds
[INFO 18:18:20] my_main Recent Stats | t_env:      90330 | Episode:     2314
battle_won_mean:           0.3361	dead_allies_mean:         21.3667	dead_enemies_mean:        20.8477	div_coef:                378853.5226
div_loss:                 -0.0000	ep_length_mean:           73.6062	epsilon:                   0.0500	grad_norm:               101.7245
loss:                    -12.2529	loss_td:                   4.7002	q_taken_mean:              0.7064	return_mean:              15.7963
return_std:                4.0035	target_mean:               0.7075	td_error_abs:              1.1771	test_battle_won_mean:      0.2625
test_dead_allies_mean:    22.2437	test_dead_enemies_mean:   20.4563	test_ep_length_mean:      65.7875	test_return_mean:         15.3109
test_return_std:           3.4463	
[INFO 18:21:00] my_main Updated target network
[INFO 18:22:58] my_main t_env: 100494 / 2050000
[INFO 18:22:58] my_main Estimated time left: 16 hours, 11 minutes, 0 seconds. Time passed: 58 minutes, 43 seconds
[INFO 18:23:18] my_main Recent Stats | t_env:     100494 | Episode:     2462
battle_won_mean:           0.3051	dead_allies_mean:         21.9626	dead_enemies_mean:        20.9646	div_coef:                409132.2214
div_loss:                 -0.0000	ep_length_mean:           63.1076	epsilon:                   0.0500	grad_norm:               106.0921
loss:                    -13.6782	loss_td:                   4.3071	q_taken_mean:              0.6982	return_mean:              15.7646
return_std:                3.6991	target_mean:               0.7095	td_error_abs:              1.1668	test_battle_won_mean:      0.2875
test_dead_allies_mean:    22.4250	test_dead_enemies_mean:   21.2812	test_ep_length_mean:      60.0625	test_return_mean:         15.8906
test_return_std:           2.8564	
RequestQuit command received.
DataHandler: unable to parse websocket frame.
Closing Application...
CloseHandler: 127.0.0.1:38880 disconnected
ResponseThread: No connection, dropping the response.
[INFO 18:25:03] absl Shutdown gracefully.
[INFO 18:25:03] absl Shutdown with return code: -15
[INFO 18:25:03] absl Launching SC2: /labmount/users/202535331/MARL/pymarl-monotone-qmix/3rdparty/StarCraftII/Versions/Base75689/SC2_x64 -listen 127.0.0.1 -port 40263 -dataDir /labmount/users/202535331/MARL/pymarl-monotone-qmix/3rdparty/StarCraftII/ -tempDir /tmp/sc-400higqa/
[INFO 18:25:03] absl Connecting to: ws://127.0.0.1:40263/sc2api, attempt: 0, running: True
Version: B75689 (SC2.4.10)
Build: Aug 12 2019 17:16:57
Command Line: '"/labmount/users/202535331/MARL/pymarl-monotone-qmix/3rdparty/StarCraftII/Versions/Base75689/SC2_x64" -listen 127.0.0.1 -port 40263 -dataDir /labmount/users/202535331/MARL/pymarl-monotone-qmix/3rdparty/StarCraftII/ -tempDir /tmp/sc-400higqa/'
Starting up...
Startup Phase 1 complete
[INFO 18:25:04] absl Connecting to: ws://127.0.0.1:40263/sc2api, attempt: 1, running: True
Startup Phase 2 complete
Creating stub renderer...
Listening on: 127.0.0.1:40263
Startup Phase 3 complete. Ready for commands.
[INFO 18:25:05] absl Connecting to: ws://127.0.0.1:40263/sc2api, attempt: 2, running: True
ConnectHandler: Request from 127.0.0.1:54180 accepted
ReadyHandler: 127.0.0.1:54180 ready
Requesting to join a single player game
Configuring interface options
Configure: raw interface enabled
Configure: feature layer interface disabled
Configure: score interface disabled
Configure: render interface disabled
Launching next game.
Next launch phase started: 2
Next launch phase started: 3
Next launch phase started: 4
Next launch phase started: 5
Next launch phase started: 6
Next launch phase started: 7
Next launch phase started: 8
Game has started.
Using default stable ids, none found at: /labmount/users/202535331/MARL/pymarl-monotone-qmix/3rdparty/StarCraftII/stableid.json
Successfully loaded stable ids: GameData\stableid.json
Sending ResponseJoinGame
[INFO 18:27:46] my_main Updated target network
[INFO 18:28:24] my_main t_env: 110521 / 2050000
[INFO 18:28:24] my_main Estimated time left: 17 hours, 30 minutes, 13 seconds. Time passed: 1 hours, 4 minutes, 9 seconds
[INFO 18:28:47] my_main Recent Stats | t_env:     110521 | Episode:     2622
battle_won_mean:           0.2958	dead_allies_mean:         22.4370	dead_enemies_mean:        21.5031	div_coef:                449676.5401
div_loss:                 -0.0000	ep_length_mean:           56.3894	epsilon:                   0.0500	grad_norm:                90.4525
loss:                    -16.3334	loss_td:                   3.2678	q_taken_mean:              0.6436	return_mean:              16.1044
return_std:                3.1735	target_mean:               0.6593	td_error_abs:              0.9988	test_battle_won_mean:      0.2750
test_dead_allies_mean:    22.2625	test_dead_enemies_mean:   20.9438	test_ep_length_mean:      64.8250	test_return_mean:         15.6257
test_return_std:           2.9942	
[INFO 18:34:12] my_main Updated target network
[INFO 18:34:40] my_main t_env: 120528 / 2050000
[INFO 18:34:40] my_main Estimated time left: 20 hours, 11 minutes, 6 seconds. Time passed: 1 hours, 10 minutes, 26 seconds
[INFO 18:35:06] my_main Recent Stats | t_env:     120528 | Episode:     2817
battle_won_mean:           0.2862	dead_allies_mean:         22.4788	dead_enemies_mean:        21.3102	div_coef:                481070.8940
div_loss:                 -0.0000	ep_length_mean:           57.4649	epsilon:                   0.0500	grad_norm:               123.3976
loss:                    -16.9514	loss_td:                   3.8556	q_taken_mean:              0.6747	return_mean:              15.9501
return_std:                3.2766	target_mean:               0.6815	td_error_abs:              1.0681	test_battle_won_mean:      0.2250
test_dead_allies_mean:    22.3875	test_dead_enemies_mean:   20.5688	test_ep_length_mean:      78.2250	test_return_mean:         15.2257
test_return_std:           3.0206	
[INFO 18:40:38] my_main Updated target network
[INFO 18:41:07] my_main t_env: 130580 / 2050000
[INFO 18:41:07] my_main Estimated time left: 20 hours, 29 minutes, 26 seconds. Time passed: 1 hours, 16 minutes, 52 seconds
[INFO 18:41:36] my_main Recent Stats | t_env:     130580 | Episode:     3016
battle_won_mean:           0.2672	dead_allies_mean:         22.6929	dead_enemies_mean:        21.3216	div_coef:                526254.3454
div_loss:                 -0.0000	ep_length_mean:           58.2766	epsilon:                   0.0500	grad_norm:               127.4478
loss:                    -19.0913	loss_td:                   3.6310	q_taken_mean:              0.6708	return_mean:              15.9115
return_std:                3.1443	target_mean:               0.6762	td_error_abs:              1.0389	test_battle_won_mean:      0.2125
test_dead_allies_mean:    22.1375	test_dead_enemies_mean:   20.2312	test_ep_length_mean:      95.6625	test_return_mean:         14.9632
test_return_std:           2.9972	
[INFO 18:46:23] my_main t_env: 140597 / 2050000
[INFO 18:46:23] my_main Estimated time left: 16 hours, 45 minutes, 44 seconds. Time passed: 1 hours, 22 minutes, 9 seconds
[INFO 18:46:40] my_main Recent Stats | t_env:     140597 | Episode:     3161
battle_won_mean:           0.2884	dead_allies_mean:         22.6332	dead_enemies_mean:        21.6279	div_coef:                545211.2502
div_loss:                 -0.0000	ep_length_mean:           60.4515	epsilon:                   0.0500	grad_norm:               124.5301
loss:                    -19.9630	loss_td:                   3.4341	q_taken_mean:              0.6769	return_mean:              16.1884
return_std:                2.9937	target_mean:               0.6803	td_error_abs:              1.0066	test_battle_won_mean:      0.2375
test_dead_allies_mean:    22.2250	test_dead_enemies_mean:   21.2125	test_ep_length_mean:      85.8250	test_return_mean:         15.7476
test_return_std:           2.7205	
[INFO 18:47:48] my_main Updated target network
[INFO 18:53:07] my_main t_env: 150619 / 2050000
[INFO 18:53:07] my_main Estimated time left: 21 hours, 14 minutes, 31 seconds. Time passed: 1 hours, 28 minutes, 52 seconds
[INFO 18:53:22] my_main Recent Stats | t_env:     150619 | Episode:     3387
battle_won_mean:           0.3121	dead_allies_mean:         22.6795	dead_enemies_mean:        21.9938	div_coef:                538920.5442
div_loss:                 -0.0000	ep_length_mean:           55.5854	epsilon:                   0.0500	grad_norm:               134.5701
loss:                    -19.6721	loss_td:                   3.3579	q_taken_mean:              0.6959	return_mean:              16.5068
return_std:                2.8764	target_mean:               0.6996	td_error_abs:              0.9927	test_battle_won_mean:      0.1750
test_dead_allies_mean:    22.8250	test_dead_enemies_mean:   21.2563	test_ep_length_mean:      80.4500	test_return_mean:         15.5688
test_return_std:           2.5308	
[INFO 18:53:44] my_main Updated target network
DataHandler: unable to parse websocket frame.
RequestQuit command received.
CloseHandler: 127.0.0.1:54180 disconnected
QueueResponse: No outstanding requests to this connection, dropping response: quit, id: 999999999
Closing Application...
[INFO 18:58:36] absl Shutdown gracefully.
[INFO 18:58:36] absl Shutdown with return code: -15
[INFO 18:58:36] absl Launching SC2: /labmount/users/202535331/MARL/pymarl-monotone-qmix/3rdparty/StarCraftII/Versions/Base75689/SC2_x64 -listen 127.0.0.1 -port 33359 -dataDir /labmount/users/202535331/MARL/pymarl-monotone-qmix/3rdparty/StarCraftII/ -tempDir /tmp/sc-t6klaq4h/
[INFO 18:58:36] absl Connecting to: ws://127.0.0.1:33359/sc2api, attempt: 0, running: True
Version: B75689 (SC2.4.10)
Build: Aug 12 2019 17:16:57
Command Line: '"/labmount/users/202535331/MARL/pymarl-monotone-qmix/3rdparty/StarCraftII/Versions/Base75689/SC2_x64" -listen 127.0.0.1 -port 33359 -dataDir /labmount/users/202535331/MARL/pymarl-monotone-qmix/3rdparty/StarCraftII/ -tempDir /tmp/sc-t6klaq4h/'
Starting up...
Startup Phase 1 complete
[INFO 18:58:37] absl Connecting to: ws://127.0.0.1:33359/sc2api, attempt: 1, running: True
Startup Phase 2 complete
Creating stub renderer...
Listening on: 127.0.0.1:33359
Startup Phase 3 complete. Ready for commands.
[INFO 18:58:38] absl Connecting to: ws://127.0.0.1:33359/sc2api, attempt: 2, running: True
ConnectHandler: Request from 127.0.0.1:42636 accepted
ReadyHandler: 127.0.0.1:42636 ready
Requesting to join a single player game
Configuring interface options
Configure: raw interface enabled
Configure: feature layer interface disabled
Configure: score interface disabled
Configure: render interface disabled
Launching next game.
Next launch phase started: 2
Next launch phase started: 3
Next launch phase started: 4
Next launch phase started: 5
Next launch phase started: 6
Next launch phase started: 7
Next launch phase started: 8
Game has started.
Using default stable ids, none found at: /labmount/users/202535331/MARL/pymarl-monotone-qmix/3rdparty/StarCraftII/stableid.json
Successfully loaded stable ids: GameData\stableid.json
Sending ResponseJoinGame
[INFO 18:59:25] my_main Updated target network
[INFO 19:01:42] my_main t_env: 160629 / 2050000
[INFO 19:01:42] my_main Estimated time left: 1 days, 2 hours, 58 minutes, 59 seconds. Time passed: 1 hours, 37 minutes, 27 seconds
[INFO 19:01:57] my_main Recent Stats | t_env:     160629 | Episode:     3685
battle_won_mean:           0.2986	dead_allies_mean:         22.9788	dead_enemies_mean:        22.0396	div_coef:                534931.9950
div_loss:                 -0.0000	ep_length_mean:           49.7698	epsilon:                   0.0500	grad_norm:               132.1691
loss:                    -19.4739	loss_td:                   3.1966	q_taken_mean:              0.6779	return_mean:              16.4853
return_std:                2.8029	target_mean:               0.6876	td_error_abs:              0.9449	test_battle_won_mean:      0.1750
test_dead_allies_mean:    23.1250	test_dead_enemies_mean:   21.1812	test_ep_length_mean:      74.6437	test_return_mean:         15.5161
test_return_std:           2.7009	
[INFO 19:05:12] my_main Updated target network
[INFO 19:08:45] my_main t_env: 170629 / 2050000
[INFO 19:08:45] my_main Estimated time left: 22 hours, 5 minutes, 30 seconds. Time passed: 1 hours, 44 minutes, 30 seconds
[INFO 19:09:00] my_main Recent Stats | t_env:     170629 | Episode:     3928
battle_won_mean:           0.2906	dead_allies_mean:         23.1064	dead_enemies_mean:        22.0766	div_coef:                534239.7539
div_loss:                 -0.0000	ep_length_mean:           47.7367	epsilon:                   0.0500	grad_norm:               103.6388
loss:                    -19.7335	loss_td:                   2.8717	q_taken_mean:              0.6995	return_mean:              16.4818
return_std:                2.7995	target_mean:               0.7195	td_error_abs:              0.9358	test_battle_won_mean:      0.1938
test_dead_allies_mean:    23.2375	test_dead_enemies_mean:   21.2188	test_ep_length_mean:      61.4250	test_return_mean:         15.5845
test_return_std:           2.7890	
[INFO 19:10:55] my_main Updated target network
[INFO 19:15:10] my_main t_env: 180680 / 2050000
[INFO 19:15:10] my_main Estimated time left: 19 hours, 54 minutes, 57 seconds. Time passed: 1 hours, 50 minutes, 56 seconds
[INFO 19:15:29] my_main Recent Stats | t_env:     180680 | Episode:     4156
battle_won_mean:           0.2861	dead_allies_mean:         23.0055	dead_enemies_mean:        22.0484	div_coef:                510609.0129
div_loss:                 -0.0000	ep_length_mean:           46.4508	epsilon:                   0.0500	grad_norm:               108.3734
loss:                    -18.6591	loss_td:                   2.9284	q_taken_mean:              0.7243	return_mean:              16.4405
return_std:                2.8428	target_mean:               0.7432	td_error_abs:              0.9875	test_battle_won_mean:      0.2125
test_dead_allies_mean:    23.1375	test_dead_enemies_mean:   21.5750	test_ep_length_mean:      47.4750	test_return_mean:         15.8941
test_return_std:           2.7678	
[INFO 19:16:42] my_main Updated target network
[INFO 19:21:18] my_main t_env: 190695 / 2050000
[INFO 19:21:18] my_main Estimated time left: 18 hours, 57 minutes, 18 seconds. Time passed: 1 hours, 57 minutes, 3 seconds
[INFO 19:21:34] my_main Recent Stats | t_env:     190695 | Episode:     4369
battle_won_mean:           0.2603	dead_allies_mean:         23.0104	dead_enemies_mean:        21.8863	div_coef:                487070.7035
div_loss:                 -0.0000	ep_length_mean:           42.0380	epsilon:                   0.0500	grad_norm:               111.9430
loss:                    -17.9434	loss_td:                   2.6287	q_taken_mean:              0.6795	return_mean:              16.2645
return_std:                2.8362	target_mean:               0.6876	td_error_abs:              0.9387	test_battle_won_mean:      0.1938
test_dead_allies_mean:    23.0250	test_dead_enemies_mean:   21.2500	test_ep_length_mean:      47.6187	test_return_mean:         15.6379
test_return_std:           2.8295	
[INFO 19:22:25] my_main Updated target network
[INFO 19:27:52] my_main Updated target network
[INFO 19:28:04] my_main t_env: 200695 / 2050000
[INFO 19:28:04] my_main Estimated time left: 20 hours, 53 minutes, 20 seconds. Time passed: 2 hours, 3 minutes, 50 seconds
[INFO 19:28:19] my_main Recent Stats | t_env:     200695 | Episode:     4609
battle_won_mean:           0.2567	dead_allies_mean:         22.9162	dead_enemies_mean:        21.8120	div_coef:                442014.8648
div_loss:                 -0.0000	ep_length_mean:           41.5023	epsilon:                   0.0500	grad_norm:               101.6148
loss:                    -16.2261	loss_td:                   2.4240	q_taken_mean:              0.6885	return_mean:              16.2145
return_std:                2.8914	target_mean:               0.6848	td_error_abs:              0.9269	test_battle_won_mean:      0.2062
test_dead_allies_mean:    22.9250	test_dead_enemies_mean:   21.1125	test_ep_length_mean:      48.6625	test_return_mean:         15.5832
test_return_std:           2.9208	
[INFO 19:33:25] my_main Updated target network
[INFO 19:34:57] my_main t_env: 210712 / 2050000
[INFO 19:34:57] my_main Estimated time left: 21 hours, 1 minutes, 52 seconds. Time passed: 2 hours, 10 minutes, 42 seconds
[INFO 19:35:10] my_main Recent Stats | t_env:     210712 | Episode:     4861
battle_won_mean:           0.2636	dead_allies_mean:         22.7824	dead_enemies_mean:        21.7626	div_coef:                390854.5046
div_loss:                 -0.0000	ep_length_mean:           42.7342	epsilon:                   0.0500	grad_norm:               112.2105
loss:                    -13.7705	loss_td:                   2.7742	q_taken_mean:              0.7069	return_mean:              16.2039
return_std:                2.9191	target_mean:               0.6939	td_error_abs:              0.9911	test_battle_won_mean:      0.2000
test_dead_allies_mean:    22.8562	test_dead_enemies_mean:   21.1438	test_ep_length_mean:      48.0250	test_return_mean:         15.5790
test_return_std:           2.7820	
RequestQuit command received.
DataHandler: unable to parse websocket frame.
CloseHandler: 127.0.0.1:42636 disconnected
Closing Application...
ResponseThread: No connection, dropping the response.
[INFO 19:36:32] absl Shutdown gracefully.
[INFO 19:36:32] absl Shutdown with return code: -15
[INFO 19:36:32] absl Launching SC2: /labmount/users/202535331/MARL/pymarl-monotone-qmix/3rdparty/StarCraftII/Versions/Base75689/SC2_x64 -listen 127.0.0.1 -port 33651 -dataDir /labmount/users/202535331/MARL/pymarl-monotone-qmix/3rdparty/StarCraftII/ -tempDir /tmp/sc-0ezuha75/
[INFO 19:36:33] absl Connecting to: ws://127.0.0.1:33651/sc2api, attempt: 0, running: True
Version: B75689 (SC2.4.10)
Build: Aug 12 2019 17:16:57
Command Line: '"/labmount/users/202535331/MARL/pymarl-monotone-qmix/3rdparty/StarCraftII/Versions/Base75689/SC2_x64" -listen 127.0.0.1 -port 33651 -dataDir /labmount/users/202535331/MARL/pymarl-monotone-qmix/3rdparty/StarCraftII/ -tempDir /tmp/sc-0ezuha75/'
Starting up...
Startup Phase 1 complete
[INFO 19:36:34] absl Connecting to: ws://127.0.0.1:33651/sc2api, attempt: 1, running: True
Startup Phase 2 complete
Creating stub renderer...
Listening on: 127.0.0.1:33651
Startup Phase 3 complete. Ready for commands.
[INFO 19:36:35] absl Connecting to: ws://127.0.0.1:33651/sc2api, attempt: 2, running: True
ConnectHandler: Request from 127.0.0.1:56110 accepted
ReadyHandler: 127.0.0.1:56110 ready
Requesting to join a single player game
Configuring interface options
Configure: raw interface enabled
Configure: feature layer interface disabled
Configure: score interface disabled
Configure: render interface disabled
Launching next game.
Next launch phase started: 2
Next launch phase started: 3
Next launch phase started: 4
Next launch phase started: 5
Next launch phase started: 6
Next launch phase started: 7
Next launch phase started: 8
Game has started.
Using default stable ids, none found at: /labmount/users/202535331/MARL/pymarl-monotone-qmix/3rdparty/StarCraftII/stableid.json
Successfully loaded stable ids: GameData\stableid.json
Sending ResponseJoinGame
[INFO 19:39:14] my_main Updated target network
[INFO 19:40:48] my_main t_env: 220722 / 2050000
[INFO 19:40:48] my_main Estimated time left: 17 hours, 48 minutes, 45 seconds. Time passed: 2 hours, 16 minutes, 33 seconds
[INFO 19:41:01] my_main Recent Stats | t_env:     220722 | Episode:     5059
battle_won_mean:           0.2777	dead_allies_mean:         22.6577	dead_enemies_mean:        21.7385	div_coef:                330841.6026
div_loss:                 -0.0000	ep_length_mean:           44.6149	epsilon:                   0.0500	grad_norm:               104.4609
loss:                    -11.6997	loss_td:                   2.3579	q_taken_mean:              0.6337	return_mean:              16.2423
return_std:                2.9429	target_mean:               0.6183	td_error_abs:              0.8660	test_battle_won_mean:      0.2437
test_dead_allies_mean:    22.6500	test_dead_enemies_mean:   21.3188	test_ep_length_mean:      47.9688	test_return_mean:         15.8349
test_return_std:           2.8537	
[INFO 19:45:06] my_main Updated target network
[INFO 19:45:35] my_main t_env: 230732 / 2050000
[INFO 19:45:35] my_main Estimated time left: 14 hours, 30 minutes, 11 seconds. Time passed: 2 hours, 21 minutes, 20 seconds
[INFO 19:46:01] my_main Recent Stats | t_env:     230732 | Episode:     5217
battle_won_mean:           0.3183	dead_allies_mean:         22.5653	dead_enemies_mean:        21.8200	div_coef:                277619.3618
div_loss:                 -0.0000	ep_length_mean:           48.4691	epsilon:                   0.0500	grad_norm:                89.4598
loss:                     -9.6990	loss_td:                   2.1123	q_taken_mean:              0.5930	return_mean:              16.4290
return_std:                3.0002	target_mean:               0.5813	td_error_abs:              0.8090	test_battle_won_mean:      0.2437
test_dead_allies_mean:    22.3813	test_dead_enemies_mean:   21.0500	test_ep_length_mean:      56.8312	test_return_mean:         15.6516
test_return_std:           3.1079	
[INFO 19:49:13] my_main t_env: 240765 / 2050000
[INFO 19:49:13] my_main Estimated time left: 10 hours, 56 minutes, 19 seconds. Time passed: 2 hours, 24 minutes, 59 seconds
[INFO 19:50:02] my_main Recent Stats | t_env:     240765 | Episode:     5304
battle_won_mean:           0.3239	dead_allies_mean:         21.9958	dead_enemies_mean:        21.4787	div_coef:                232525.3172
div_loss:                 -0.0000	ep_length_mean:           62.1297	epsilon:                   0.0500	grad_norm:                65.2509
loss:                     -8.0324	loss_td:                   1.8280	q_taken_mean:              0.5643	return_mean:              16.2224
return_std:                3.3477	target_mean:               0.5610	td_error_abs:              0.7495	test_battle_won_mean:      0.2375
test_dead_allies_mean:    20.9187	test_dead_enemies_mean:   19.4688	test_ep_length_mean:      81.3875	test_return_mean:         14.5036
test_return_std:           3.7053	
[INFO 19:53:01] my_main t_env: 250800 / 2050000
[INFO 19:53:01] my_main Estimated time left: 11 hours, 19 minutes, 4 seconds. Time passed: 2 hours, 28 minutes, 46 seconds
[INFO 19:53:39] my_main Recent Stats | t_env:     250800 | Episode:     5379
battle_won_mean:           0.2992	dead_allies_mean:         20.9293	dead_enemies_mean:        20.3754	div_coef:                198931.6267
div_loss:                 -0.0000	ep_length_mean:           80.5564	epsilon:                   0.0500	grad_norm:                53.2082
loss:                     -6.9145	loss_td:                   1.5266	q_taken_mean:              0.4973	return_mean:              15.4172
return_std:                3.7680	target_mean:               0.4968	td_error_abs:              0.6633	test_battle_won_mean:      0.2500
test_dead_allies_mean:    19.5750	test_dead_enemies_mean:   18.4688	test_ep_length_mean:      99.2438	test_return_mean:         13.8684
test_return_std:           4.4797	
[INFO 19:54:31] my_main Updated target network
[INFO 19:56:31] my_main t_env: 260910 / 2050000
[INFO 19:56:31] my_main Estimated time left: 10 hours, 19 minutes, 15 seconds. Time passed: 2 hours, 32 minutes, 16 seconds
RequestQuit command received.
DataHandler: unable to parse websocket frame.
CloseHandler: 127.0.0.1:56110 disconnected
Closing Application...
[INFO 19:56:54] absl Shutdown gracefully.
[INFO 19:56:54] absl Shutdown with return code: -15
[INFO 19:56:54] absl Launching SC2: /labmount/users/202535331/MARL/pymarl-monotone-qmix/3rdparty/StarCraftII/Versions/Base75689/SC2_x64 -listen 127.0.0.1 -port 34119 -dataDir /labmount/users/202535331/MARL/pymarl-monotone-qmix/3rdparty/StarCraftII/ -tempDir /tmp/sc-0hyrs4x7/
[INFO 19:56:55] absl Connecting to: ws://127.0.0.1:34119/sc2api, attempt: 0, running: True
Version: B75689 (SC2.4.10)
Build: Aug 12 2019 17:16:57
Command Line: '"/labmount/users/202535331/MARL/pymarl-monotone-qmix/3rdparty/StarCraftII/Versions/Base75689/SC2_x64" -listen 127.0.0.1 -port 34119 -dataDir /labmount/users/202535331/MARL/pymarl-monotone-qmix/3rdparty/StarCraftII/ -tempDir /tmp/sc-0hyrs4x7/'
Starting up...
Startup Phase 1 complete
[INFO 19:56:56] absl Connecting to: ws://127.0.0.1:34119/sc2api, attempt: 1, running: True
Startup Phase 2 complete
Creating stub renderer...
Listening on: 127.0.0.1:34119
Startup Phase 3 complete. Ready for commands.
[INFO 19:56:57] absl Connecting to: ws://127.0.0.1:34119/sc2api, attempt: 2, running: True
ConnectHandler: Request from 127.0.0.1:37168 accepted
ReadyHandler: 127.0.0.1:37168 ready
Requesting to join a single player game
Configuring interface options
Configure: raw interface enabled
Configure: feature layer interface disabled
Configure: score interface disabled
Configure: render interface disabled
Launching next game.
Next launch phase started: 2
Next launch phase started: 3
Next launch phase started: 4
Next launch phase started: 5
Next launch phase started: 6
Next launch phase started: 7
Next launch phase started: 8
Game has started.
Using default stable ids, none found at: /labmount/users/202535331/MARL/pymarl-monotone-qmix/3rdparty/StarCraftII/stableid.json
Successfully loaded stable ids: GameData\stableid.json
Sending ResponseJoinGame
[INFO 19:57:19] my_main Recent Stats | t_env:     260910 | Episode:     5450
battle_won_mean:           0.2787	dead_allies_mean:         19.9574	dead_enemies_mean:        19.5110	div_coef:                164536.6635
div_loss:                 -0.0000	ep_length_mean:          101.0852	epsilon:                   0.0500	grad_norm:                34.8478
loss:                     -5.9380	loss_td:                   1.0376	q_taken_mean:              0.5099	return_mean:              14.7748
return_std:                4.2197	target_mean:               0.5166	td_error_abs:              0.6002	test_battle_won_mean:      0.2437
test_dead_allies_mean:    17.7812	test_dead_enemies_mean:   16.7250	test_ep_length_mean:     122.7687	test_return_mean:         12.6661
test_return_std:           5.1845	
[INFO 19:59:49] my_main t_env: 270923 / 2050000
[INFO 19:59:49] my_main Estimated time left: 9 hours, 46 minutes, 38 seconds. Time passed: 2 hours, 35 minutes, 34 seconds
[INFO 20:00:35] my_main Recent Stats | t_env:     270923 | Episode:     5508
battle_won_mean:           0.2173	dead_allies_mean:         18.7589	dead_enemies_mean:        17.9593	div_coef:                138017.5954
div_loss:                 -0.0000	ep_length_mean:          125.5017	epsilon:                   0.0500	grad_norm:                32.4570
loss:                     -4.7710	loss_td:                   1.0549	q_taken_mean:              0.5165	return_mean:              13.5244
return_std:                4.6537	target_mean:               0.5199	td_error_abs:              0.6034	test_battle_won_mean:      0.1688
test_dead_allies_mean:    16.3000	test_dead_enemies_mean:   14.4750	test_ep_length_mean:     149.4875	test_return_mean:         10.9025
test_return_std:           5.7068	
[INFO 20:03:09] my_main t_env: 281011 / 2050000
[INFO 20:03:09] my_main Estimated time left: 9 hours, 46 minutes, 48 seconds. Time passed: 2 hours, 38 minutes, 55 seconds
[INFO 20:03:54] my_main Recent Stats | t_env:     281011 | Episode:     5565
battle_won_mean:           0.1425	dead_allies_mean:         17.3312	dead_enemies_mean:        16.0488	div_coef:                123617.7812
div_loss:                 -0.0000	ep_length_mean:          148.2273	epsilon:                   0.0500	grad_norm:                26.2721
loss:                     -4.3318	loss_td:                   0.8535	q_taken_mean:              0.5266	return_mean:              11.9894
return_std:                5.1501	target_mean:               0.5225	td_error_abs:              0.5460	test_battle_won_mean:      0.1500
test_dead_allies_mean:    15.2250	test_dead_enemies_mean:   12.7812	test_ep_length_mean:     162.9688	test_return_mean:          9.6637
test_return_std:           6.2557	
[INFO 20:05:36] my_main Updated target network
[INFO 20:06:42] my_main t_env: 291208 / 2050000
[INFO 20:06:42] my_main Estimated time left: 10 hours, 11 minutes, 6 seconds. Time passed: 2 hours, 42 minutes, 27 seconds
[INFO 20:07:31] my_main Recent Stats | t_env:     291208 | Episode:     5626
battle_won_mean:           0.1260	dead_allies_mean:         16.2928	dead_enemies_mean:        14.5516	div_coef:                109472.9362
div_loss:                 -0.0000	ep_length_mean:          158.5957	epsilon:                   0.0500	grad_norm:                25.9468
loss:                     -3.7804	loss_td:                   0.7981	q_taken_mean:              0.5242	return_mean:              10.9115
return_std:                5.5288	target_mean:               0.5198	td_error_abs:              0.5230	test_battle_won_mean:      0.1500
test_dead_allies_mean:    14.7063	test_dead_enemies_mean:   11.9875	test_ep_length_mean:     162.5875	test_return_mean:          9.1677
test_return_std:           6.3584	
[INFO 20:10:14] my_main t_env: 301264 / 2050000
[INFO 20:10:14] my_main Estimated time left: 10 hours, 14 minutes, 4 seconds. Time passed: 2 hours, 45 minutes, 59 seconds
[INFO 20:10:54] my_main Recent Stats | t_env:     301264 | Episode:     5689
battle_won_mean:           0.1321	dead_allies_mean:         15.8013	dead_enemies_mean:        14.1072	div_coef:                106199.6110
div_loss:                 -0.0000	ep_length_mean:          163.7595	epsilon:                   0.0500	grad_norm:                24.8116
loss:                     -3.5792	loss_td:                   0.8526	q_taken_mean:              0.5243	return_mean:              10.5976
return_std:                5.7612	target_mean:               0.5278	td_error_abs:              0.5407	test_battle_won_mean:      0.1437
test_dead_allies_mean:    14.4062	test_dead_enemies_mean:   11.5750	test_ep_length_mean:     163.9062	test_return_mean:          8.8749
test_return_std:           6.4139	
RequestQuit command received.
DataHandler: unable to parse websocket frame.
Closing Application...
CloseHandler: 127.0.0.1:37168 disconnected
ResponseThread: No connection, dropping the response.
[INFO 20:11:21] absl Shutdown gracefully.
[INFO 20:11:21] absl Shutdown with return code: -15
[INFO 20:11:21] absl Launching SC2: /labmount/users/202535331/MARL/pymarl-monotone-qmix/3rdparty/StarCraftII/Versions/Base75689/SC2_x64 -listen 127.0.0.1 -port 44295 -dataDir /labmount/users/202535331/MARL/pymarl-monotone-qmix/3rdparty/StarCraftII/ -tempDir /tmp/sc-w4e99pbo/
[INFO 20:11:21] absl Connecting to: ws://127.0.0.1:44295/sc2api, attempt: 0, running: True
Version: B75689 (SC2.4.10)
Build: Aug 12 2019 17:16:57
Command Line: '"/labmount/users/202535331/MARL/pymarl-monotone-qmix/3rdparty/StarCraftII/Versions/Base75689/SC2_x64" -listen 127.0.0.1 -port 44295 -dataDir /labmount/users/202535331/MARL/pymarl-monotone-qmix/3rdparty/StarCraftII/ -tempDir /tmp/sc-w4e99pbo/'
Starting up...
Startup Phase 1 complete
[INFO 20:11:22] absl Connecting to: ws://127.0.0.1:44295/sc2api, attempt: 1, running: True
Startup Phase 2 complete
Creating stub renderer...
Listening on: 127.0.0.1:44295
Startup Phase 3 complete. Ready for commands.
[INFO 20:11:23] absl Connecting to: ws://127.0.0.1:44295/sc2api, attempt: 2, running: True
ConnectHandler: Request from 127.0.0.1:43606 accepted
ReadyHandler: 127.0.0.1:43606 ready
Requesting to join a single player game
Configuring interface options
Configure: raw interface enabled
Configure: feature layer interface disabled
Configure: score interface disabled
Configure: render interface disabled
Launching next game.
Next launch phase started: 2
Next launch phase started: 3
Next launch phase started: 4
Next launch phase started: 5
Next launch phase started: 6
Next launch phase started: 7
Next launch phase started: 8
Game has started.
Using default stable ids, none found at: /labmount/users/202535331/MARL/pymarl-monotone-qmix/3rdparty/StarCraftII/stableid.json
Successfully loaded stable ids: GameData\stableid.json
Sending ResponseJoinGame
[INFO 20:14:00] my_main t_env: 311384 / 2050000
[INFO 20:14:00] my_main Estimated time left: 10 hours, 48 minutes, 12 seconds. Time passed: 2 hours, 49 minutes, 46 seconds
[INFO 20:14:36] my_main Recent Stats | t_env:     311384 | Episode:     5760
battle_won_mean:           0.1462	dead_allies_mean:         15.2097	dead_enemies_mean:        14.0987	div_coef:                101323.6808
div_loss:                 -0.0000	ep_length_mean:          163.7877	epsilon:                   0.0500	grad_norm:                24.2195
loss:                     -3.3932	loss_td:                   0.8434	q_taken_mean:              0.4892	return_mean:              10.6631
return_std:                5.8699	target_mean:               0.4948	td_error_abs:              0.5221	test_battle_won_mean:      0.1875
test_dead_allies_mean:    14.5500	test_dead_enemies_mean:   12.3875	test_ep_length_mean:     154.9500	test_return_mean:          9.5758
test_return_std:           6.5298	
[INFO 20:16:24] my_main Updated target network
[INFO 20:17:27] my_main t_env: 321475 / 2050000
[INFO 20:17:27] my_main Estimated time left: 9 hours, 50 minutes, 5 seconds. Time passed: 2 hours, 53 minutes, 12 seconds
[INFO 20:18:16] my_main Recent Stats | t_env:     321475 | Episode:     5825
battle_won_mean:           0.1820	dead_allies_mean:         14.8381	dead_enemies_mean:        14.4026	div_coef:                98857.2028
div_loss:                 -0.0000	ep_length_mean:          160.3094	epsilon:                   0.0500	grad_norm:                24.4730
loss:                     -3.3409	loss_td:                   0.7828	q_taken_mean:              0.4897	return_mean:              10.9755
return_std:                6.0965	target_mean:               0.4952	td_error_abs:              0.4998	test_battle_won_mean:      0.2125
test_dead_allies_mean:    13.9563	test_dead_enemies_mean:   12.3938	test_ep_length_mean:     152.3500	test_return_mean:          9.6162
test_return_std:           6.8708	
[INFO 20:21:03] my_main t_env: 331515 / 2050000
[INFO 20:21:03] my_main Estimated time left: 10 hours, 17 minutes, 36 seconds. Time passed: 2 hours, 56 minutes, 49 seconds
[INFO 20:22:05] my_main Recent Stats | t_env:     331515 | Episode:     5882
battle_won_mean:           0.1820	dead_allies_mean:         14.2556	dead_enemies_mean:        13.7184	div_coef:                98708.2313
div_loss:                 -0.0000	ep_length_mean:          160.1409	epsilon:                   0.0500	grad_norm:                23.2479
loss:                     -3.3367	loss_td:                   0.7877	q_taken_mean:              0.4891	return_mean:              10.4811
return_std:                6.2439	target_mean:               0.4948	td_error_abs:              0.4693	test_battle_won_mean:      0.1938
test_dead_allies_mean:    12.7125	test_dead_enemies_mean:   10.8750	test_ep_length_mean:     157.5250	test_return_mean:          8.4863
test_return_std:           6.2257	
[INFO 20:24:57] my_main t_env: 341640 / 2050000
[INFO 20:24:57] my_main Estimated time left: 10 hours, 55 minutes, 27 seconds. Time passed: 3 hours, 42 seconds
[INFO 20:25:53] my_main Recent Stats | t_env:     341640 | Episode:     5936
battle_won_mean:           0.1599	dead_allies_mean:         13.3250	dead_enemies_mean:        12.7793	div_coef:                101891.5541
div_loss:                 -0.0000	ep_length_mean:          164.2082	epsilon:                   0.0500	grad_norm:                23.8476
loss:                     -3.4740	loss_td:                   0.8077	q_taken_mean:              0.4868	return_mean:               9.7278
return_std:                6.0400	target_mean:               0.4878	td_error_abs:              0.4627	test_battle_won_mean:      0.1938
test_dead_allies_mean:    12.3000	test_dead_enemies_mean:   10.7438	test_ep_length_mean:     158.7375	test_return_mean:          8.3377
test_return_std:           6.2334	
RequestQuit command received.
Closing Application...
DataHandler: unable to parse websocket frame.
CloseHandler: 127.0.0.1:43606 disconnected
ResponseThread: No connection, dropping the response.
[INFO 20:27:29] absl Shutdown gracefully.
[INFO 20:27:29] absl Shutdown with return code: -15
[INFO 20:27:29] absl Launching SC2: /labmount/users/202535331/MARL/pymarl-monotone-qmix/3rdparty/StarCraftII/Versions/Base75689/SC2_x64 -listen 127.0.0.1 -port 41777 -dataDir /labmount/users/202535331/MARL/pymarl-monotone-qmix/3rdparty/StarCraftII/ -tempDir /tmp/sc-aj2z08wi/
[INFO 20:27:30] absl Connecting to: ws://127.0.0.1:41777/sc2api, attempt: 0, running: True
Version: B75689 (SC2.4.10)
Build: Aug 12 2019 17:16:57
Command Line: '"/labmount/users/202535331/MARL/pymarl-monotone-qmix/3rdparty/StarCraftII/Versions/Base75689/SC2_x64" -listen 127.0.0.1 -port 41777 -dataDir /labmount/users/202535331/MARL/pymarl-monotone-qmix/3rdparty/StarCraftII/ -tempDir /tmp/sc-aj2z08wi/'
Starting up...
Startup Phase 1 complete
[INFO 20:27:31] absl Connecting to: ws://127.0.0.1:41777/sc2api, attempt: 1, running: True
Startup Phase 2 complete
Creating stub renderer...
Listening on: 127.0.0.1:41777
Startup Phase 3 complete. Ready for commands.
[INFO 20:27:32] absl Connecting to: ws://127.0.0.1:41777/sc2api, attempt: 2, running: True
ConnectHandler: Request from 127.0.0.1:39890 accepted
ReadyHandler: 127.0.0.1:39890 ready
Requesting to join a single player game
Configuring interface options
Configure: raw interface enabled
Configure: feature layer interface disabled
Configure: score interface disabled
Configure: render interface disabled
Launching next game.
Next launch phase started: 2
Next launch phase started: 3
Next launch phase started: 4
Next launch phase started: 5
Next launch phase started: 6
Next launch phase started: 7
Next launch phase started: 8
Game has started.
Using default stable ids, none found at: /labmount/users/202535331/MARL/pymarl-monotone-qmix/3rdparty/StarCraftII/stableid.json
Successfully loaded stable ids: GameData\stableid.json
Sending ResponseJoinGame
[INFO 20:28:49] my_main t_env: 351814 / 2050000
[INFO 20:28:49] my_main Estimated time left: 10 hours, 46 minutes, 38 seconds. Time passed: 3 hours, 4 minutes, 34 seconds
[INFO 20:29:47] my_main Recent Stats | t_env:     351814 | Episode:     5992
battle_won_mean:           0.1361	dead_allies_mean:         12.4830	dead_enemies_mean:        11.7893	div_coef:                104512.2313
div_loss:                 -0.0000	ep_length_mean:          168.6201	epsilon:                   0.0500	grad_norm:                19.0514
loss:                     -3.7339	loss_td:                   0.7167	q_taken_mean:              0.4719	return_mean:               8.9698
return_std:                5.9626	target_mean:               0.4708	td_error_abs:              0.4120	test_battle_won_mean:      0.1437
test_dead_allies_mean:    11.4563	test_dead_enemies_mean:    9.8938	test_ep_length_mean:     168.1937	test_return_mean:          7.5612
test_return_std:           5.8294	
[INFO 20:30:12] my_main Updated target network
[INFO 20:32:50] my_main t_env: 361951 / 2050000
[INFO 20:32:50] my_main Estimated time left: 11 hours, 9 minutes, 21 seconds. Time passed: 3 hours, 8 minutes, 35 seconds
[INFO 20:33:41] my_main Recent Stats | t_env:     361951 | Episode:     6064
battle_won_mean:           0.1409	dead_allies_mean:         12.2944	dead_enemies_mean:        11.6657	div_coef:                104838.1612
div_loss:                 -0.0000	ep_length_mean:          168.2713	epsilon:                   0.0500	grad_norm:                16.4953
loss:                     -3.8668	loss_td:                   0.6309	q_taken_mean:              0.4739	return_mean:               8.8527
return_std:                6.0450	target_mean:               0.4690	td_error_abs:              0.3779	test_battle_won_mean:      0.0938
test_dead_allies_mean:    10.5437	test_dead_enemies_mean:    9.7562	test_ep_length_mean:     179.5563	test_return_mean:          7.3233
test_return_std:           5.3764	
[INFO 20:36:41] my_main t_env: 372059 / 2050000
[INFO 20:36:41] my_main Estimated time left: 10 hours, 39 minutes, 17 seconds. Time passed: 3 hours, 12 minutes, 27 seconds
[INFO 20:37:28] my_main Recent Stats | t_env:     372059 | Episode:     6135
battle_won_mean:           0.1511	dead_allies_mean:         12.2093	dead_enemies_mean:        11.7014	div_coef:                104591.9766
div_loss:                 -0.0000	ep_length_mean:          165.6954	epsilon:                   0.0500	grad_norm:                17.9293
loss:                     -3.8339	loss_td:                   0.7083	q_taken_mean:              0.4799	return_mean:               8.9136
return_std:                6.1315	target_mean:               0.4786	td_error_abs:              0.3957	test_battle_won_mean:      0.0938
test_dead_allies_mean:    10.6188	test_dead_enemies_mean:    9.8938	test_ep_length_mean:     178.1562	test_return_mean:          7.4547
test_return_std:           5.3769	
[INFO 20:40:21] my_main t_env: 382126 / 2050000
[INFO 20:40:21] my_main Estimated time left: 10 hours, 7 minutes, 19 seconds. Time passed: 3 hours, 16 minutes, 7 seconds
[INFO 20:41:05] my_main Recent Stats | t_env:     382126 | Episode:     6200
battle_won_mean:           0.1767	dead_allies_mean:         12.4177	dead_enemies_mean:        12.4462	div_coef:                111366.1236
div_loss:                 -0.0000	ep_length_mean:          161.4427	epsilon:                   0.0500	grad_norm:                20.0019
loss:                     -4.1189	loss_td:                   0.7238	q_taken_mean:              0.4706	return_mean:               9.5380
return_std:                6.2603	target_mean:               0.4679	td_error_abs:              0.4238	test_battle_won_mean:      0.1125
test_dead_allies_mean:    11.5312	test_dead_enemies_mean:   12.2125	test_ep_length_mean:     171.6562	test_return_mean:          9.1808
test_return_std:           5.8250	
[INFO 20:41:08] my_main Updated target network
RequestQuit command received.
DataHandler: unable to parse websocket frame.
Closing Application...
CloseHandler: 127.0.0.1:39890 disconnected
ResponseThread: No connection, dropping the response.
[INFO 20:43:27] absl Shutdown gracefully.
[INFO 20:43:27] absl Shutdown with return code: -15
[INFO 20:43:27] absl Launching SC2: /labmount/users/202535331/MARL/pymarl-monotone-qmix/3rdparty/StarCraftII/Versions/Base75689/SC2_x64 -listen 127.0.0.1 -port 37847 -dataDir /labmount/users/202535331/MARL/pymarl-monotone-qmix/3rdparty/StarCraftII/ -tempDir /tmp/sc-y5ibmpvk/
[INFO 20:43:28] absl Connecting to: ws://127.0.0.1:37847/sc2api, attempt: 0, running: True
Version: B75689 (SC2.4.10)
Build: Aug 12 2019 17:16:57
Command Line: '"/labmount/users/202535331/MARL/pymarl-monotone-qmix/3rdparty/StarCraftII/Versions/Base75689/SC2_x64" -listen 127.0.0.1 -port 37847 -dataDir /labmount/users/202535331/MARL/pymarl-monotone-qmix/3rdparty/StarCraftII/ -tempDir /tmp/sc-y5ibmpvk/'
Starting up...
Startup Phase 1 complete
[INFO 20:43:29] absl Connecting to: ws://127.0.0.1:37847/sc2api, attempt: 1, running: True
Startup Phase 2 complete
Creating stub renderer...
Listening on: 127.0.0.1:37847
Startup Phase 3 complete. Ready for commands.
[INFO 20:43:30] absl Connecting to: ws://127.0.0.1:37847/sc2api, attempt: 2, running: True
ConnectHandler: Request from 127.0.0.1:39568 accepted
ReadyHandler: 127.0.0.1:39568 ready
Requesting to join a single player game
Configuring interface options
Configure: raw interface enabled
Configure: feature layer interface disabled
Configure: score interface disabled
Configure: render interface disabled
Launching next game.
Next launch phase started: 2
Next launch phase started: 3
Next launch phase started: 4
Next launch phase started: 5
Next launch phase started: 6
Next launch phase started: 7
Next launch phase started: 8
Game has started.
Using default stable ids, none found at: /labmount/users/202535331/MARL/pymarl-monotone-qmix/3rdparty/StarCraftII/stableid.json
Successfully loaded stable ids: GameData\stableid.json
Sending ResponseJoinGame
[INFO 20:43:50] my_main t_env: 392271 / 2050000
[INFO 20:43:50] my_main Estimated time left: 9 hours, 29 minutes, 28 seconds. Time passed: 3 hours, 19 minutes, 36 seconds
[INFO 20:44:39] my_main Recent Stats | t_env:     392271 | Episode:     6256
battle_won_mean:           0.1835	dead_allies_mean:         13.0879	dead_enemies_mean:        12.5507	div_coef:                116537.0328
div_loss:                 -0.0000	ep_length_mean:          160.1748	epsilon:                   0.0500	grad_norm:                18.2081
loss:                     -4.3665	loss_td:                   0.7158	q_taken_mean:              0.4690	return_mean:               9.7104
return_std:                6.2624	target_mean:               0.4674	td_error_abs:              0.4039	test_battle_won_mean:      0.0938
test_dead_allies_mean:    12.4062	test_dead_enemies_mean:   11.9938	test_ep_length_mean:     172.8688	test_return_mean:          9.0234
test_return_std:           5.4291	
[INFO 20:47:07] my_main t_env: 402340 / 2050000
[INFO 20:47:07] my_main Estimated time left: 8 hours, 56 minutes, 43 seconds. Time passed: 3 hours, 22 minutes, 52 seconds
[INFO 20:47:57] my_main Recent Stats | t_env:     402340 | Episode:     6308
battle_won_mean:           0.1731	dead_allies_mean:         14.0368	dead_enemies_mean:        11.9839	div_coef:                114024.8471
div_loss:                 -0.0000	ep_length_mean:          162.5660	epsilon:                   0.0500	grad_norm:                18.8896
loss:                     -4.1909	loss_td:                   0.7624	q_taken_mean:              0.4870	return_mean:               9.2938
return_std:                5.9971	target_mean:               0.4851	td_error_abs:              0.4107	test_battle_won_mean:      0.0875
test_dead_allies_mean:    13.2875	test_dead_enemies_mean:   10.9563	test_ep_length_mean:     173.0437	test_return_mean:          8.2876
test_return_std:           5.1342	
[INFO 20:50:21] my_main t_env: 412340 / 2050000
[INFO 20:50:21] my_main Estimated time left: 8 hours, 49 minutes, 37 seconds. Time passed: 3 hours, 26 minutes, 6 seconds
[INFO 20:51:09] my_main Recent Stats | t_env:     412340 | Episode:     6358
battle_won_mean:           0.1175	dead_allies_mean:         14.2707	dead_enemies_mean:         9.6809	div_coef:                119503.6576
div_loss:                 -0.0000	ep_length_mean:          174.4077	epsilon:                   0.0500	grad_norm:                21.5951
loss:                     -4.2904	loss_td:                   0.8676	q_taken_mean:              0.4870	return_mean:               7.5456
return_std:                5.4770	target_mean:               0.4883	td_error_abs:              0.4313	test_battle_won_mean:      0.0625
test_dead_allies_mean:    14.6438	test_dead_enemies_mean:    9.0875	test_ep_length_mean:     178.4062	test_return_mean:          6.8922
test_return_std:           4.8251	
[INFO 20:53:05] my_main Updated target network
[INFO 20:53:33] my_main t_env: 422426 / 2050000
[INFO 20:53:33] my_main Estimated time left: 8 hours, 34 minutes, 49 seconds. Time passed: 3 hours, 29 minutes, 18 seconds
[INFO 20:54:19] my_main Recent Stats | t_env:     422426 | Episode:     6411
battle_won_mean:           0.0650	dead_allies_mean:         14.8218	dead_enemies_mean:         7.9495	div_coef:                126037.6984
div_loss:                 -0.0000	ep_length_mean:          183.9948	epsilon:                   0.0500	grad_norm:                24.5125
loss:                     -4.4671	loss_td:                   0.9246	q_taken_mean:              0.5090	return_mean:               6.1679
return_std:                4.9526	target_mean:               0.5049	td_error_abs:              0.4476	test_battle_won_mean:      0.0312
test_dead_allies_mean:    15.6188	test_dead_enemies_mean:    8.2562	test_ep_length_mean:     186.3562	test_return_mean:          6.1970
test_return_std:           4.3258	
RequestQuit command received.
DataHandler: unable to parse websocket frame.
Closing Application...
CloseHandler: 127.0.0.1:39568 disconnected
ResponseThread: No connection, dropping the response.
[INFO 20:56:37] absl Shutdown gracefully.
[INFO 20:56:37] absl Shutdown with return code: -15
[INFO 20:56:37] absl Launching SC2: /labmount/users/202535331/MARL/pymarl-monotone-qmix/3rdparty/StarCraftII/Versions/Base75689/SC2_x64 -listen 127.0.0.1 -port 34741 -dataDir /labmount/users/202535331/MARL/pymarl-monotone-qmix/3rdparty/StarCraftII/ -tempDir /tmp/sc-ckpewuw1/
[INFO 20:56:37] absl Connecting to: ws://127.0.0.1:34741/sc2api, attempt: 0, running: True
Version: B75689 (SC2.4.10)
Build: Aug 12 2019 17:16:57
Command Line: '"/labmount/users/202535331/MARL/pymarl-monotone-qmix/3rdparty/StarCraftII/Versions/Base75689/SC2_x64" -listen 127.0.0.1 -port 34741 -dataDir /labmount/users/202535331/MARL/pymarl-monotone-qmix/3rdparty/StarCraftII/ -tempDir /tmp/sc-ckpewuw1/'
Starting up...
Startup Phase 1 complete
[INFO 20:56:38] absl Connecting to: ws://127.0.0.1:34741/sc2api, attempt: 1, running: True
Startup Phase 2 complete
Creating stub renderer...
Listening on: 127.0.0.1:34741
Startup Phase 3 complete. Ready for commands.
[INFO 20:56:39] absl Connecting to: ws://127.0.0.1:34741/sc2api, attempt: 2, running: True
ConnectHandler: Request from 127.0.0.1:53066 accepted
ReadyHandler: 127.0.0.1:53066 ready
Requesting to join a single player game
Configuring interface options
Configure: raw interface enabled
Configure: feature layer interface disabled
Configure: score interface disabled
Configure: render interface disabled
Launching next game.
Next launch phase started: 2
Next launch phase started: 3
Next launch phase started: 4
Next launch phase started: 5
Next launch phase started: 6
Next launch phase started: 7
Next launch phase started: 8
Game has started.
Using default stable ids, none found at: /labmount/users/202535331/MARL/pymarl-monotone-qmix/3rdparty/StarCraftII/stableid.json
Successfully loaded stable ids: GameData\stableid.json
Sending ResponseJoinGame
[INFO 20:56:50] my_main t_env: 432466 / 2050000
[INFO 20:56:50] my_main Estimated time left: 8 hours, 50 minutes, 45 seconds. Time passed: 3 hours, 32 minutes, 36 seconds
[INFO 20:57:37] my_main Recent Stats | t_env:     432466 | Episode:     6465
battle_won_mean:           0.0219	dead_allies_mean:         15.5373	dead_enemies_mean:         6.8273	div_coef:                124825.6873
div_loss:                 -0.0000	ep_length_mean:          190.2046	epsilon:                   0.0500	grad_norm:                22.7887
loss:                     -4.3394	loss_td:                   0.9785	q_taken_mean:              0.5263	return_mean:               5.2409
return_std:                4.4738	target_mean:               0.5239	td_error_abs:              0.4169	test_battle_won_mean:      0.0125
test_dead_allies_mean:    16.4250	test_dead_enemies_mean:    6.4688	test_ep_length_mean:     191.8000	test_return_mean:          4.8819
test_return_std:           4.1116	
[INFO 20:59:59] my_main t_env: 442528 / 2050000
[INFO 20:59:59] my_main Estimated time left: 8 hours, 22 minutes, 47 seconds. Time passed: 3 hours, 35 minutes, 44 seconds
[INFO 21:00:47] my_main Recent Stats | t_env:     442528 | Episode:     6517
battle_won_mean:           0.0076	dead_allies_mean:         16.1991	dead_enemies_mean:         6.5219	div_coef:                122363.5275
div_loss:                 -0.0000	ep_length_mean:          192.6725	epsilon:                   0.0500	grad_norm:                29.3570
loss:                     -3.9870	loss_td:                   1.2033	q_taken_mean:              0.5760	return_mean:               4.9625
return_std:                4.1419	target_mean:               0.5711	td_error_abs:              0.4606	test_battle_won_mean:      0.0125
test_dead_allies_mean:    16.8875	test_dead_enemies_mean:    6.1625	test_ep_length_mean:     194.7312	test_return_mean:          4.6507
test_return_std:           3.8530	
[INFO 21:03:11] my_main t_env: 452669 / 2050000
[INFO 21:03:11] my_main Estimated time left: 8 hours, 22 minutes, 59 seconds. Time passed: 3 hours, 38 minutes, 56 seconds
[INFO 21:03:58] my_main Recent Stats | t_env:     452669 | Episode:     6571
battle_won_mean:           0.0038	dead_allies_mean:         16.8849	dead_enemies_mean:         6.9676	div_coef:                126892.0596
div_loss:                 -0.0000	ep_length_mean:          191.5048	epsilon:                   0.0500	grad_norm:                33.6712
loss:                     -3.9765	loss_td:                   1.3816	q_taken_mean:              0.6321	return_mean:               5.2698
return_std:                4.0789	target_mean:               0.6211	td_error_abs:              0.4767	test_battle_won_mean:      0.0125
test_dead_allies_mean:    17.3750	test_dead_enemies_mean:    6.4313	test_ep_length_mean:     196.8063	test_return_mean:          4.8810
test_return_std:           3.6430	
[INFO 21:05:19] my_main Updated target network
[INFO 21:06:20] my_main t_env: 462764 / 2050000
[INFO 21:06:20] my_main Estimated time left: 8 hours, 15 minutes, 5 seconds. Time passed: 3 hours, 42 minutes, 5 seconds
[INFO 21:07:08] my_main Recent Stats | t_env:     462764 | Episode:     6624
battle_won_mean:           0.0075	dead_allies_mean:         17.4573	dead_enemies_mean:         7.4994	div_coef:                129482.1167
div_loss:                 -0.0000	ep_length_mean:          189.5992	epsilon:                   0.0500	grad_norm:                33.3314
loss:                     -4.0520	loss_td:                   1.4020	q_taken_mean:              0.6530	return_mean:               5.6871
return_std:                4.2944	target_mean:               0.6378	td_error_abs:              0.4670	test_battle_won_mean:      0.0187
test_dead_allies_mean:    17.3500	test_dead_enemies_mean:    6.5875	test_ep_length_mean:     195.7937	test_return_mean:          5.0422
test_return_std:           3.7913	
RequestQuit command received.
DataHandler: unable to parse websocket frame.
Closing Application...
CloseHandler: 127.0.0.1:53066 disconnected
[INFO 21:09:25] absl Shutdown gracefully.
[INFO 21:09:25] absl Shutdown with return code: -15
[INFO 21:09:25] absl Launching SC2: /labmount/users/202535331/MARL/pymarl-monotone-qmix/3rdparty/StarCraftII/Versions/Base75689/SC2_x64 -listen 127.0.0.1 -port 39049 -dataDir /labmount/users/202535331/MARL/pymarl-monotone-qmix/3rdparty/StarCraftII/ -tempDir /tmp/sc-g5rdgbm3/
[INFO 21:09:26] absl Connecting to: ws://127.0.0.1:39049/sc2api, attempt: 0, running: True
Version: B75689 (SC2.4.10)
Build: Aug 12 2019 17:16:57
Command Line: '"/labmount/users/202535331/MARL/pymarl-monotone-qmix/3rdparty/StarCraftII/Versions/Base75689/SC2_x64" -listen 127.0.0.1 -port 39049 -dataDir /labmount/users/202535331/MARL/pymarl-monotone-qmix/3rdparty/StarCraftII/ -tempDir /tmp/sc-g5rdgbm3/'
Starting up...
Startup Phase 1 complete
[INFO 21:09:27] absl Connecting to: ws://127.0.0.1:39049/sc2api, attempt: 1, running: True
Startup Phase 2 complete
Creating stub renderer...
Listening on: 127.0.0.1:39049
Startup Phase 3 complete. Ready for commands.
[INFO 21:09:28] absl Connecting to: ws://127.0.0.1:39049/sc2api, attempt: 2, running: True
ConnectHandler: Request from 127.0.0.1:55928 accepted
ReadyHandler: 127.0.0.1:55928 ready
Requesting to join a single player game
Configuring interface options
Configure: raw interface enabled
Configure: feature layer interface disabled
Configure: score interface disabled
Configure: render interface disabled
Launching next game.
Next launch phase started: 2
Next launch phase started: 3
Next launch phase started: 4
Next launch phase started: 5
Next launch phase started: 6
Next launch phase started: 7
Next launch phase started: 8
Game has started.
Using default stable ids, none found at: /labmount/users/202535331/MARL/pymarl-monotone-qmix/3rdparty/StarCraftII/stableid.json
Successfully loaded stable ids: GameData\stableid.json
Sending ResponseJoinGame
[INFO 21:09:38] my_main t_env: 472826 / 2050000
[INFO 21:09:38] my_main Estimated time left: 8 hours, 37 minutes, 47 seconds. Time passed: 3 hours, 45 minutes, 23 seconds
[INFO 21:10:21] my_main Recent Stats | t_env:     472826 | Episode:     6675
battle_won_mean:           0.0038	dead_allies_mean:         17.4877	dead_enemies_mean:         7.5313	div_coef:                131096.9218
div_loss:                 -0.0000	ep_length_mean:          190.9976	epsilon:                   0.0500	grad_norm:                30.6636
loss:                     -4.1353	loss_td:                   1.3783	q_taken_mean:              0.6396	return_mean:               5.7317
return_std:                4.2443	target_mean:               0.6302	td_error_abs:              0.4562	test_battle_won_mean:      0.0375
test_dead_allies_mean:    17.6562	test_dead_enemies_mean:    6.8688	test_ep_length_mean:     192.7438	test_return_mean:          5.3105
test_return_std:           3.9840	
[INFO 21:12:43] my_main t_env: 482886 / 2050000
[INFO 21:12:43] my_main Estimated time left: 8 hours, 49 seconds. Time passed: 3 hours, 48 minutes, 28 seconds
[INFO 21:13:30] my_main Recent Stats | t_env:     482886 | Episode:     6727
battle_won_mean:           0.0076	dead_allies_mean:         17.7206	dead_enemies_mean:         7.4043	div_coef:                134033.6042
div_loss:                 -0.0000	ep_length_mean:          192.5047	epsilon:                   0.0500	grad_norm:                29.8837
loss:                     -4.3678	loss_td:                   1.2587	q_taken_mean:              0.6145	return_mean:               5.6775
return_std:                4.1457	target_mean:               0.6047	td_error_abs:              0.4504	test_battle_won_mean:      0.0312
test_dead_allies_mean:    17.6750	test_dead_enemies_mean:    6.7438	test_ep_length_mean:     193.8625	test_return_mean:          5.1768
test_return_std:           3.8123	
[INFO 21:15:51] my_main t_env: 492944 / 2050000
[INFO 21:15:51] my_main Estimated time left: 8 hours, 4 minutes, 59 seconds. Time passed: 3 hours, 51 minutes, 36 seconds
[INFO 21:16:35] my_main Recent Stats | t_env:     492944 | Episode:     6779
battle_won_mean:           0.0115	dead_allies_mean:         17.8821	dead_enemies_mean:         7.4119	div_coef:                138309.4134
div_loss:                 -0.0000	ep_length_mean:          192.4893	epsilon:                   0.0500	grad_norm:                28.3265
loss:                     -4.6161	loss_td:                   1.1904	q_taken_mean:              0.5991	return_mean:               5.6711
return_std:                4.1013	target_mean:               0.5968	td_error_abs:              0.4683	test_battle_won_mean:      0.0312
test_dead_allies_mean:    17.9062	test_dead_enemies_mean:    7.2250	test_ep_length_mean:     191.7750	test_return_mean:          5.5075
test_return_std:           4.0793	
[INFO 21:17:32] my_main Updated target network
[INFO 21:18:55] my_main t_env: 503057 / 2050000
[INFO 21:18:55] my_main Estimated time left: 7 hours, 49 minutes, 4 seconds. Time passed: 3 hours, 54 minutes, 40 seconds
[INFO 21:19:39] my_main Recent Stats | t_env:     503057 | Episode:     6831
battle_won_mean:           0.0115	dead_allies_mean:         17.6964	dead_enemies_mean:         7.0316	div_coef:                142349.1283
div_loss:                 -0.0000	ep_length_mean:          193.8262	epsilon:                   0.0500	grad_norm:                23.2447
loss:                     -4.9995	loss_td:                   1.0173	q_taken_mean:              0.5457	return_mean:               5.3873
return_std:                3.9589	target_mean:               0.5494	td_error_abs:              0.4422	test_battle_won_mean:      0.0437
test_dead_allies_mean:    18.1000	test_dead_enemies_mean:    7.3063	test_ep_length_mean:     189.6000	test_return_mean:          5.5809
test_return_std:           4.5745	
[INFO 21:21:59] my_main t_env: 513145 / 2050000
[INFO 21:21:59] my_main Estimated time left: 7 hours, 47 minutes, 41 seconds. Time passed: 3 hours, 57 minutes, 44 seconds
RequestQuit command received.
DataHandler: unable to parse websocket frame.
Closing Application...
CloseHandler: 127.0.0.1:55928 disconnected
ResponseThread: No connection, dropping the response.
[INFO 21:22:04] absl Shutdown gracefully.
[INFO 21:22:04] absl Shutdown with return code: -15
[INFO 21:22:04] absl Launching SC2: /labmount/users/202535331/MARL/pymarl-monotone-qmix/3rdparty/StarCraftII/Versions/Base75689/SC2_x64 -listen 127.0.0.1 -port 37777 -dataDir /labmount/users/202535331/MARL/pymarl-monotone-qmix/3rdparty/StarCraftII/ -tempDir /tmp/sc-zgomfmm4/
[INFO 21:22:04] absl Connecting to: ws://127.0.0.1:37777/sc2api, attempt: 0, running: True
Version: B75689 (SC2.4.10)
Build: Aug 12 2019 17:16:57
Command Line: '"/labmount/users/202535331/MARL/pymarl-monotone-qmix/3rdparty/StarCraftII/Versions/Base75689/SC2_x64" -listen 127.0.0.1 -port 37777 -dataDir /labmount/users/202535331/MARL/pymarl-monotone-qmix/3rdparty/StarCraftII/ -tempDir /tmp/sc-zgomfmm4/'
Starting up...
Startup Phase 1 complete
[INFO 21:22:05] absl Connecting to: ws://127.0.0.1:37777/sc2api, attempt: 1, running: True
Startup Phase 2 complete
Creating stub renderer...
Listening on: 127.0.0.1:37777
Startup Phase 3 complete. Ready for commands.
[INFO 21:22:06] absl Connecting to: ws://127.0.0.1:37777/sc2api, attempt: 2, running: True
ConnectHandler: Request from 127.0.0.1:45260 accepted
ReadyHandler: 127.0.0.1:45260 ready
Requesting to join a single player game
Configuring interface options
Configure: raw interface enabled
Configure: feature layer interface disabled
Configure: score interface disabled
Configure: render interface disabled
Launching next game.
Next launch phase started: 2
Next launch phase started: 3
Next launch phase started: 4
Next launch phase started: 5
Next launch phase started: 6
Next launch phase started: 7
Next launch phase started: 8
Game has started.
Using default stable ids, none found at: /labmount/users/202535331/MARL/pymarl-monotone-qmix/3rdparty/StarCraftII/stableid.json
Successfully loaded stable ids: GameData\stableid.json
Sending ResponseJoinGame
[INFO 21:22:50] my_main Recent Stats | t_env:     513145 | Episode:     6884
battle_won_mean:           0.0115	dead_allies_mean:         17.7266	dead_enemies_mean:         6.7108	div_coef:                142209.0318
div_loss:                 -0.0000	ep_length_mean:          193.7998	epsilon:                   0.0500	grad_norm:                25.2399
loss:                     -4.9966	loss_td:                   1.0646	q_taken_mean:              0.5444	return_mean:               5.1273
return_std:                3.7003	target_mean:               0.5534	td_error_abs:              0.4717	test_battle_won_mean:      0.0375
test_dead_allies_mean:    18.2000	test_dead_enemies_mean:    6.8500	test_ep_length_mean:     188.4938	test_return_mean:          5.2421
test_return_std:           4.2956	
[INFO 21:25:08] my_main t_env: 523166 / 2050000
[INFO 21:25:08] my_main Estimated time left: 7 hours, 59 minutes, 56 seconds. Time passed: 4 hours, 53 seconds
[INFO 21:25:53] my_main Recent Stats | t_env:     523166 | Episode:     6935
battle_won_mean:           0.0115	dead_allies_mean:         17.9187	dead_enemies_mean:         6.4599	div_coef:                141943.0422
div_loss:                 -0.0000	ep_length_mean:          193.6390	epsilon:                   0.0500	grad_norm:                27.4062
loss:                     -4.9467	loss_td:                   1.1426	q_taken_mean:              0.5805	return_mean:               4.9509
return_std:                3.4789	target_mean:               0.5837	td_error_abs:              0.4754	test_battle_won_mean:      0.0187
test_dead_allies_mean:    18.1875	test_dead_enemies_mean:    6.6188	test_ep_length_mean:     190.5312	test_return_mean:          5.0289
test_return_std:           4.1034	
[INFO 21:28:17] my_main t_env: 533316 / 2050000
[INFO 21:28:17] my_main Estimated time left: 7 hours, 50 minutes, 57 seconds. Time passed: 4 hours, 4 minutes, 3 seconds
[INFO 21:29:06] my_main Recent Stats | t_env:     533316 | Episode:     6989
battle_won_mean:           0.0113	dead_allies_mean:         17.9266	dead_enemies_mean:         6.6017	div_coef:                141502.3011
div_loss:                 -0.0000	ep_length_mean:          192.5393	epsilon:                   0.0500	grad_norm:                28.9904
loss:                     -4.8381	loss_td:                   1.2462	q_taken_mean:              0.5932	return_mean:               5.0306
return_std:                3.6140	target_mean:               0.6010	td_error_abs:              0.4938	test_battle_won_mean:      0.0187
test_dead_allies_mean:    18.0188	test_dead_enemies_mean:    6.3937	test_ep_length_mean:     191.5687	test_return_mean:          4.8813
test_return_std:           3.9250	
[INFO 21:29:40] my_main Updated target network
[INFO 21:31:25] my_main t_env: 543316 / 2050000
[INFO 21:31:25] my_main Estimated time left: 7 hours, 52 minutes, 4 seconds. Time passed: 4 hours, 7 minutes, 11 seconds
[INFO 21:32:12] my_main Recent Stats | t_env:     543316 | Episode:     7039
battle_won_mean:           0.0075	dead_allies_mean:         17.8076	dead_enemies_mean:         6.5530	div_coef:                139574.8354
div_loss:                 -0.0000	ep_length_mean:          193.8547	epsilon:                   0.0500	grad_norm:                25.8549
loss:                     -4.8189	loss_td:                   1.1787	q_taken_mean:              0.5760	return_mean:               4.9746
return_std:                3.5234	target_mean:               0.5822	td_error_abs:              0.4532	test_battle_won_mean:      0.0187
test_dead_allies_mean:    17.7375	test_dead_enemies_mean:    6.1750	test_ep_length_mean:     191.6062	test_return_mean:          4.7385
test_return_std:           3.9085	
[INFO 21:34:38] my_main t_env: 553384 / 2050000
[INFO 21:34:38] my_main Estimated time left: 7 hours, 57 minutes, 28 seconds. Time passed: 4 hours, 10 minutes, 23 seconds
RequestQuit command received.
DataHandler: unable to parse websocket frame.
Closing Application...
CloseHandler: 127.0.0.1:45260 disconnected
ResponseThread: No connection, dropping the response.
[INFO 21:34:47] absl Shutdown gracefully.
[INFO 21:34:47] absl Shutdown with return code: -15
[INFO 21:34:47] absl Launching SC2: /labmount/users/202535331/MARL/pymarl-monotone-qmix/3rdparty/StarCraftII/Versions/Base75689/SC2_x64 -listen 127.0.0.1 -port 37695 -dataDir /labmount/users/202535331/MARL/pymarl-monotone-qmix/3rdparty/StarCraftII/ -tempDir /tmp/sc-6isze1f7/
[INFO 21:34:48] absl Connecting to: ws://127.0.0.1:37695/sc2api, attempt: 0, running: True
Version: B75689 (SC2.4.10)
Build: Aug 12 2019 17:16:57
Command Line: '"/labmount/users/202535331/MARL/pymarl-monotone-qmix/3rdparty/StarCraftII/Versions/Base75689/SC2_x64" -listen 127.0.0.1 -port 37695 -dataDir /labmount/users/202535331/MARL/pymarl-monotone-qmix/3rdparty/StarCraftII/ -tempDir /tmp/sc-6isze1f7/'
Starting up...
Startup Phase 1 complete
[INFO 21:34:49] absl Connecting to: ws://127.0.0.1:37695/sc2api, attempt: 1, running: True
Startup Phase 2 complete
Creating stub renderer...
Listening on: 127.0.0.1:37695
Startup Phase 3 complete. Ready for commands.
[INFO 21:34:50] absl Connecting to: ws://127.0.0.1:37695/sc2api, attempt: 2, running: True
ConnectHandler: Request from 127.0.0.1:53244 accepted
ReadyHandler: 127.0.0.1:53244 ready
Requesting to join a single player game
Configuring interface options
Configure: raw interface enabled
Configure: feature layer interface disabled
Configure: score interface disabled
Configure: render interface disabled
Launching next game.
Next launch phase started: 2
Next launch phase started: 3
Next launch phase started: 4
Next launch phase started: 5
Next launch phase started: 6
Next launch phase started: 7
Next launch phase started: 8
Game has started.
Using default stable ids, none found at: /labmount/users/202535331/MARL/pymarl-monotone-qmix/3rdparty/StarCraftII/stableid.json
Successfully loaded stable ids: GameData\stableid.json
Sending ResponseJoinGame
[INFO 21:35:30] my_main Recent Stats | t_env:     553384 | Episode:     7091
battle_won_mean:           0.0152	dead_allies_mean:         17.6730	dead_enemies_mean:         6.5261	div_coef:                136671.1743
div_loss:                 -0.0000	ep_length_mean:          193.6816	epsilon:                   0.0500	grad_norm:                29.2329
loss:                     -4.6015	loss_td:                   1.2528	q_taken_mean:              0.5922	return_mean:               4.9915
return_std:                3.6973	target_mean:               0.5933	td_error_abs:              0.4659	test_battle_won_mean:      0.0063
test_dead_allies_mean:    17.6438	test_dead_enemies_mean:    6.0563	test_ep_length_mean:     192.8063	test_return_mean:          4.6102
test_return_std:           3.6320	
[INFO 21:38:02] my_main t_env: 563419 / 2050000
[INFO 21:38:02] my_main Estimated time left: 8 hours, 24 minutes, 17 seconds. Time passed: 4 hours, 13 minutes, 48 seconds
[INFO 21:38:44] my_main Recent Stats | t_env:     563419 | Episode:     7147
battle_won_mean:           0.0221	dead_allies_mean:         17.6468	dead_enemies_mean:         7.0037	div_coef:                136953.6680
div_loss:                 -0.0000	ep_length_mean:          191.4530	epsilon:                   0.0500	grad_norm:                26.8714
loss:                     -4.6696	loss_td:                   1.1580	q_taken_mean:              0.5781	return_mean:               5.3470
return_std:                4.1204	target_mean:               0.5739	td_error_abs:              0.4285	test_battle_won_mean:      0.0312
test_dead_allies_mean:    17.8687	test_dead_enemies_mean:    7.1750	test_ep_length_mean:     188.8875	test_return_mean:          5.4282
test_return_std:           4.3462	
[INFO 21:41:13] my_main Updated target network
[INFO 21:41:13] my_main t_env: 573571 / 2050000
[INFO 21:41:13] my_main Estimated time left: 7 hours, 42 minutes, 47 seconds. Time passed: 4 hours, 16 minutes, 58 seconds
[INFO 21:42:00] my_main Recent Stats | t_env:     573571 | Episode:     7201
battle_won_mean:           0.0332	dead_allies_mean:         17.6878	dead_enemies_mean:         7.6743	div_coef:                138427.8821
div_loss:                 -0.0000	ep_length_mean:          189.7550	epsilon:                   0.0500	grad_norm:                25.2005
loss:                     -4.7660	loss_td:                   1.0929	q_taken_mean:              0.5495	return_mean:               5.8254
return_std:                4.5805	target_mean:               0.5513	td_error_abs:              0.4244	test_battle_won_mean:      0.0250
test_dead_allies_mean:    17.8188	test_dead_enemies_mean:    6.9938	test_ep_length_mean:     190.0188	test_return_mean:          5.2718
test_return_std:           4.1628	
[INFO 21:44:30] my_main t_env: 583765 / 2050000
[INFO 21:44:30] my_main Estimated time left: 7 hours, 51 minutes, 24 seconds. Time passed: 4 hours, 20 minutes, 15 seconds
[INFO 21:45:17] my_main Recent Stats | t_env:     583765 | Episode:     7256
battle_won_mean:           0.0332	dead_allies_mean:         17.8442	dead_enemies_mean:         7.8723	div_coef:                138555.2840
div_loss:                 -0.0000	ep_length_mean:          189.2315	epsilon:                   0.0500	grad_norm:                24.1451
loss:                     -4.8145	loss_td:                   1.0454	q_taken_mean:              0.5426	return_mean:               5.9414
return_std:                4.5091	target_mean:               0.5445	td_error_abs:              0.4184	test_battle_won_mean:      0.0375
test_dead_allies_mean:    18.0500	test_dead_enemies_mean:    7.5438	test_ep_length_mean:     187.8187	test_return_mean:          5.7091
test_return_std:           4.5849	
[INFO 21:47:45] my_main t_env: 593878 / 2050000
[INFO 21:47:45] my_main Estimated time left: 7 hours, 48 minutes, 54 seconds. Time passed: 4 hours, 23 minutes, 31 seconds
RequestQuit command received.
DataHandler: unable to parse websocket frame.
Closing Application...
CloseHandler: 127.0.0.1:53244 disconnected
[INFO 21:48:04] absl Shutdown gracefully.
[INFO 21:48:04] absl Shutdown with return code: -15
[INFO 21:48:04] absl Launching SC2: /labmount/users/202535331/MARL/pymarl-monotone-qmix/3rdparty/StarCraftII/Versions/Base75689/SC2_x64 -listen 127.0.0.1 -port 39719 -dataDir /labmount/users/202535331/MARL/pymarl-monotone-qmix/3rdparty/StarCraftII/ -tempDir /tmp/sc-q_f2dyi_/
[INFO 21:48:04] absl Connecting to: ws://127.0.0.1:39719/sc2api, attempt: 0, running: True
Version: B75689 (SC2.4.10)
Build: Aug 12 2019 17:16:57
Command Line: '"/labmount/users/202535331/MARL/pymarl-monotone-qmix/3rdparty/StarCraftII/Versions/Base75689/SC2_x64" -listen 127.0.0.1 -port 39719 -dataDir /labmount/users/202535331/MARL/pymarl-monotone-qmix/3rdparty/StarCraftII/ -tempDir /tmp/sc-q_f2dyi_/'
Starting up...
Startup Phase 1 complete
[INFO 21:48:05] absl Connecting to: ws://127.0.0.1:39719/sc2api, attempt: 1, running: True
Startup Phase 2 complete
Creating stub renderer...
Listening on: 127.0.0.1:39719
Startup Phase 3 complete. Ready for commands.
[INFO 21:48:06] absl Connecting to: ws://127.0.0.1:39719/sc2api, attempt: 2, running: True
ConnectHandler: Request from 127.0.0.1:43610 accepted
ReadyHandler: 127.0.0.1:43610 ready
Requesting to join a single player game
Configuring interface options
Configure: raw interface enabled
Configure: feature layer interface disabled
Configure: score interface disabled
Configure: render interface disabled
Launching next game.
Next launch phase started: 2
Next launch phase started: 3
Next launch phase started: 4
Next launch phase started: 5
Next launch phase started: 6
Next launch phase started: 7
Next launch phase started: 8
Game has started.
Using default stable ids, none found at: /labmount/users/202535331/MARL/pymarl-monotone-qmix/3rdparty/StarCraftII/stableid.json
Successfully loaded stable ids: GameData\stableid.json
Sending ResponseJoinGame
[INFO 21:48:40] my_main Recent Stats | t_env:     593878 | Episode:     7309
battle_won_mean:           0.0332	dead_allies_mean:         18.0588	dead_enemies_mean:         8.5875	div_coef:                137242.2410
div_loss:                 -0.0000	ep_length_mean:          187.3937	epsilon:                   0.0500	grad_norm:                22.4071
loss:                     -4.8490	loss_td:                   1.0030	q_taken_mean:              0.5467	return_mean:               6.4539
return_std:                4.7617	target_mean:               0.5482	td_error_abs:              0.4184	test_battle_won_mean:      0.0437
test_dead_allies_mean:    17.8313	test_dead_enemies_mean:    7.6562	test_ep_length_mean:     187.7063	test_return_mean:          5.8064
test_return_std:           4.5538	
[INFO 21:51:13] my_main t_env: 603896 / 2050000
[INFO 21:51:13] my_main Estimated time left: 8 hours, 20 minutes, 6 seconds. Time passed: 4 hours, 26 minutes, 58 seconds
[INFO 21:52:05] my_main Recent Stats | t_env:     603896 | Episode:     7363
battle_won_mean:           0.0329	dead_allies_mean:         17.9311	dead_enemies_mean:         8.6022	div_coef:                137408.5860
div_loss:                 -0.0000	ep_length_mean:          185.7743	epsilon:                   0.0500	grad_norm:                18.6271
loss:                     -4.9576	loss_td:                   0.9227	q_taken_mean:              0.5327	return_mean:               6.4603
return_std:                4.7890	target_mean:               0.5390	td_error_abs:              0.4016	test_battle_won_mean:      0.0437
test_dead_allies_mean:    17.5250	test_dead_enemies_mean:    7.5187	test_ep_length_mean:     188.6813	test_return_mean:          5.6819
test_return_std:           4.3362	
[INFO 21:53:56] my_main Updated target network
[INFO 21:54:33] my_main t_env: 613950 / 2050000
[INFO 21:54:33] my_main Estimated time left: 7 hours, 56 minutes, 17 seconds. Time passed: 4 hours, 30 minutes, 18 seconds
[INFO 21:55:26] my_main Recent Stats | t_env:     613950 | Episode:     7414
battle_won_mean:           0.0222	dead_allies_mean:         17.6209	dead_enemies_mean:         7.9003	div_coef:                137390.9579
div_loss:                 -0.0000	ep_length_mean:          189.3625	epsilon:                   0.0500	grad_norm:                18.9004
loss:                     -4.9202	loss_td:                   0.9734	q_taken_mean:              0.5507	return_mean:               5.9515
return_std:                4.4482	target_mean:               0.5569	td_error_abs:              0.3981	test_battle_won_mean:      0.0187
test_dead_allies_mean:    16.8562	test_dead_enemies_mean:    6.5375	test_ep_length_mean:     194.7188	test_return_mean:          4.9488
test_return_std:           3.7656	
[INFO 21:57:52] my_main t_env: 623950 / 2050000
[INFO 21:57:52] my_main Estimated time left: 7 hours, 53 minutes, 11 seconds. Time passed: 4 hours, 33 minutes, 38 seconds
[INFO 21:58:44] my_main Recent Stats | t_env:     623950 | Episode:     7464
battle_won_mean:           0.0110	dead_allies_mean:         17.1039	dead_enemies_mean:         6.9816	div_coef:                135726.2699
div_loss:                 -0.0000	ep_length_mean:          191.7625	epsilon:                   0.0500	grad_norm:                18.3125
loss:                     -4.8927	loss_td:                   0.9515	q_taken_mean:              0.5482	return_mean:               5.3136
return_std:                3.8205	target_mean:               0.5546	td_error_abs:              0.4028	test_battle_won_mean:      0.0187
test_dead_allies_mean:    16.2688	test_dead_enemies_mean:    6.1250	test_ep_length_mean:     194.6813	test_return_mean:          4.7214
test_return_std:           3.5413	
[INFO 22:01:09] my_main t_env: 633950 / 2050000
[INFO 22:01:09] my_main Estimated time left: 7 hours, 45 minutes, 1 seconds. Time passed: 4 hours, 36 minutes, 55 seconds
RequestQuit command received.
Closing Application...
DataHandler: unable to parse websocket frame.
CloseHandler: 127.0.0.1:43610 disconnected
[INFO 22:01:31] absl Shutdown gracefully.
[INFO 22:01:31] absl Shutdown with return code: -15
[INFO 22:01:31] absl Launching SC2: /labmount/users/202535331/MARL/pymarl-monotone-qmix/3rdparty/StarCraftII/Versions/Base75689/SC2_x64 -listen 127.0.0.1 -port 33091 -dataDir /labmount/users/202535331/MARL/pymarl-monotone-qmix/3rdparty/StarCraftII/ -tempDir /tmp/sc-3wrb8ebz/
[INFO 22:01:31] absl Connecting to: ws://127.0.0.1:33091/sc2api, attempt: 0, running: True
Version: B75689 (SC2.4.10)
Build: Aug 12 2019 17:16:57
Command Line: '"/labmount/users/202535331/MARL/pymarl-monotone-qmix/3rdparty/StarCraftII/Versions/Base75689/SC2_x64" -listen 127.0.0.1 -port 33091 -dataDir /labmount/users/202535331/MARL/pymarl-monotone-qmix/3rdparty/StarCraftII/ -tempDir /tmp/sc-3wrb8ebz/'
Starting up...
Startup Phase 1 complete
[INFO 22:01:32] absl Connecting to: ws://127.0.0.1:33091/sc2api, attempt: 1, running: True
Startup Phase 2 complete
Creating stub renderer...
Listening on: 127.0.0.1:33091
Startup Phase 3 complete. Ready for commands.
[INFO 22:01:33] absl Connecting to: ws://127.0.0.1:33091/sc2api, attempt: 2, running: True
ConnectHandler: Request from 127.0.0.1:36188 accepted
ReadyHandler: 127.0.0.1:36188 ready
Requesting to join a single player game
Configuring interface options
Configure: raw interface enabled
Configure: feature layer interface disabled
Configure: score interface disabled
Configure: render interface disabled
Launching next game.
Next launch phase started: 2
Next launch phase started: 3
Next launch phase started: 4
Next launch phase started: 5
Next launch phase started: 6
Next launch phase started: 7
Next launch phase started: 8
Game has started.
Using default stable ids, none found at: /labmount/users/202535331/MARL/pymarl-monotone-qmix/3rdparty/StarCraftII/stableid.json
Successfully loaded stable ids: GameData\stableid.json
Sending ResponseJoinGame
[INFO 22:02:07] my_main Recent Stats | t_env:     633950 | Episode:     7514
battle_won_mean:           0.0074	dead_allies_mean:         16.4871	dead_enemies_mean:         6.3165	div_coef:                135230.4360
div_loss:                 -0.0000	ep_length_mean:          194.6934	epsilon:                   0.0500	grad_norm:                20.9182
loss:                     -4.8044	loss_td:                   1.0482	q_taken_mean:              0.5698	return_mean:               4.9066
return_std:                3.5303	target_mean:               0.5771	td_error_abs:              0.4295	test_battle_won_mean:      0.0063
test_dead_allies_mean:    15.6312	test_dead_enemies_mean:    5.6625	test_ep_length_mean:     195.0188	test_return_mean:          4.4195
test_return_std:           3.0998	
[INFO 22:04:33] my_main t_env: 643950 / 2050000
[INFO 22:04:33] my_main Estimated time left: 7 hours, 57 minutes, 17 seconds. Time passed: 4 hours, 40 minutes, 18 seconds
[INFO 22:05:24] my_main Recent Stats | t_env:     643950 | Episode:     7564
battle_won_mean:           0.0074	dead_allies_mean:         15.9605	dead_enemies_mean:         5.5253	div_coef:                137340.9398
div_loss:                 -0.0000	ep_length_mean:          196.5312	epsilon:                   0.0500	grad_norm:                24.3098
loss:                     -4.7518	loss_td:                   1.1761	q_taken_mean:              0.5887	return_mean:               4.3807
return_std:                3.2234	target_mean:               0.5969	td_error_abs:              0.4490	test_battle_won_mean:      0.0000
test_dead_allies_mean:    15.5750	test_dead_enemies_mean:    5.6875	test_ep_length_mean:     197.1813	test_return_mean:          4.4385
test_return_std:           2.9368	
[INFO 22:07:12] my_main Updated target network
[INFO 22:07:48] my_main t_env: 653950 / 2050000
[INFO 22:07:48] my_main Estimated time left: 7 hours, 34 minutes, 50 seconds. Time passed: 4 hours, 43 minutes, 34 seconds
[INFO 22:08:37] my_main Recent Stats | t_env:     653950 | Episode:     7614
battle_won_mean:           0.0000	dead_allies_mean:         15.7143	dead_enemies_mean:         5.2868	div_coef:                139344.5184
div_loss:                 -0.0000	ep_length_mean:          199.4275	epsilon:                   0.0500	grad_norm:                29.3292
loss:                     -4.6676	loss_td:                   1.3116	q_taken_mean:              0.6124	return_mean:               4.2197
return_std:                2.8716	target_mean:               0.6223	td_error_abs:              0.4929	test_battle_won_mean:      0.0125
test_dead_allies_mean:    15.6125	test_dead_enemies_mean:    6.0187	test_ep_length_mean:     194.5625	test_return_mean:          4.7774
test_return_std:           3.3594	
[INFO 22:11:01] my_main t_env: 663950 / 2050000
[INFO 22:11:01] my_main Estimated time left: 7 hours, 25 minutes, 55 seconds. Time passed: 4 hours, 46 minutes, 47 seconds
[INFO 22:11:52] my_main Recent Stats | t_env:     663950 | Episode:     7664
battle_won_mean:           0.0000	dead_allies_mean:         15.5600	dead_enemies_mean:         5.2040	div_coef:                140503.2002
div_loss:                 -0.0000	ep_length_mean:          200.0000	epsilon:                   0.0500	grad_norm:                30.2726
loss:                     -4.7426	loss_td:                   1.3205	q_taken_mean:              0.5971	return_mean:               4.2068
return_std:                2.7202	target_mean:               0.6120	td_error_abs:              0.5197	test_battle_won_mean:      0.0125
test_dead_allies_mean:    15.6750	test_dead_enemies_mean:    5.9188	test_ep_length_mean:     194.4250	test_return_mean:          4.7785
test_return_std:           3.0786	
[INFO 22:14:19] my_main t_env: 673950 / 2050000
[INFO 22:14:19] my_main Estimated time left: 7 hours, 32 minutes, 13 seconds. Time passed: 4 hours, 50 minutes, 4 seconds
RequestQuit command received.
Closing Application...
DataHandler: unable to parse websocket frame.
CloseHandler: 127.0.0.1:36188 disconnected
[INFO 22:14:44] absl Shutdown gracefully.
[INFO 22:14:44] absl Shutdown with return code: -15
[INFO 22:14:44] absl Launching SC2: /labmount/users/202535331/MARL/pymarl-monotone-qmix/3rdparty/StarCraftII/Versions/Base75689/SC2_x64 -listen 127.0.0.1 -port 36771 -dataDir /labmount/users/202535331/MARL/pymarl-monotone-qmix/3rdparty/StarCraftII/ -tempDir /tmp/sc-w_8jhll3/
[INFO 22:14:44] absl Connecting to: ws://127.0.0.1:36771/sc2api, attempt: 0, running: True
Version: B75689 (SC2.4.10)
Build: Aug 12 2019 17:16:57
Command Line: '"/labmount/users/202535331/MARL/pymarl-monotone-qmix/3rdparty/StarCraftII/Versions/Base75689/SC2_x64" -listen 127.0.0.1 -port 36771 -dataDir /labmount/users/202535331/MARL/pymarl-monotone-qmix/3rdparty/StarCraftII/ -tempDir /tmp/sc-w_8jhll3/'
Starting up...
Startup Phase 1 complete
[INFO 22:14:45] absl Connecting to: ws://127.0.0.1:36771/sc2api, attempt: 1, running: True
Startup Phase 2 complete
Creating stub renderer...
Listening on: 127.0.0.1:36771
Startup Phase 3 complete. Ready for commands.
[INFO 22:14:46] absl Connecting to: ws://127.0.0.1:36771/sc2api, attempt: 2, running: True
ConnectHandler: Request from 127.0.0.1:43560 accepted
ReadyHandler: 127.0.0.1:43560 ready
Requesting to join a single player game
Configuring interface options
Configure: raw interface enabled
Configure: feature layer interface disabled
Configure: score interface disabled
Configure: render interface disabled
Launching next game.
Next launch phase started: 2
Next launch phase started: 3
Next launch phase started: 4
Next launch phase started: 5
Next launch phase started: 6
Next launch phase started: 7
Next launch phase started: 8
Game has started.
Using default stable ids, none found at: /labmount/users/202535331/MARL/pymarl-monotone-qmix/3rdparty/StarCraftII/stableid.json
Successfully loaded stable ids: GameData\stableid.json
Sending ResponseJoinGame
[INFO 22:15:16] my_main Recent Stats | t_env:     673950 | Episode:     7714
battle_won_mean:           0.0000	dead_allies_mean:         15.4360	dead_enemies_mean:         5.0200	div_coef:                142931.1339
div_loss:                 -0.0000	ep_length_mean:          200.0000	epsilon:                   0.0500	grad_norm:                30.3607
loss:                     -4.8761	loss_td:                   1.3141	q_taken_mean:              0.5957	return_mean:               4.0961
return_std:                2.6934	target_mean:               0.6101	td_error_abs:              0.5096	test_battle_won_mean:      0.0125
test_dead_allies_mean:    15.4750	test_dead_enemies_mean:    5.6375	test_ep_length_mean:     194.7312	test_return_mean:          4.6394
test_return_std:           2.9929	
[INFO 22:17:43] my_main t_env: 683950 / 2050000
[INFO 22:17:43] my_main Estimated time left: 7 hours, 45 minutes, 26 seconds. Time passed: 4 hours, 53 minutes, 28 seconds
[INFO 22:18:36] my_main Recent Stats | t_env:     683950 | Episode:     7764
battle_won_mean:           0.0000	dead_allies_mean:         15.1680	dead_enemies_mean:         4.7880	div_coef:                145494.1139
div_loss:                 -0.0000	ep_length_mean:          200.0000	epsilon:                   0.0500	grad_norm:                28.0335
loss:                     -5.0684	loss_td:                   1.2432	q_taken_mean:              0.5852	return_mean:               3.9362
return_std:                2.6355	target_mean:               0.5988	td_error_abs:              0.4891	test_battle_won_mean:      0.0125
test_dead_allies_mean:    15.4875	test_dead_enemies_mean:    5.3312	test_ep_length_mean:     196.5938	test_return_mean:          4.4047
test_return_std:           2.7865	
[INFO 22:20:23] my_main Updated target network
[INFO 22:21:02] my_main t_env: 693950 / 2050000
[INFO 22:21:02] my_main Estimated time left: 7 hours, 29 minutes, 28 seconds. Time passed: 4 hours, 56 minutes, 47 seconds
[INFO 22:21:55] my_main Recent Stats | t_env:     693950 | Episode:     7814
battle_won_mean:           0.0000	dead_allies_mean:         14.9880	dead_enemies_mean:         4.5240	div_coef:                145245.5360
div_loss:                 -0.0000	ep_length_mean:          200.0000	epsilon:                   0.0500	grad_norm:                25.1879
loss:                     -5.1755	loss_td:                   1.1450	q_taken_mean:              0.5707	return_mean:               3.7760
return_std:                2.5621	target_mean:               0.5834	td_error_abs:              0.4661	test_battle_won_mean:      0.0125
test_dead_allies_mean:    15.2562	test_dead_enemies_mean:    4.7500	test_ep_length_mean:     196.5938	test_return_mean:          3.9990
test_return_std:           2.5458	
[INFO 22:24:27] my_main t_env: 703950 / 2050000
[INFO 22:24:27] my_main Estimated time left: 7 hours, 39 minutes, 1 seconds. Time passed: 5 hours, 12 seconds
[INFO 22:25:23] my_main Recent Stats | t_env:     703950 | Episode:     7864
battle_won_mean:           0.0000	dead_allies_mean:         14.6920	dead_enemies_mean:         4.4160	div_coef:                144525.6345
div_loss:                 -0.0000	ep_length_mean:          200.0000	epsilon:                   0.0500	grad_norm:                23.7534
loss:                     -5.2325	loss_td:                   1.1300	q_taken_mean:              0.5776	return_mean:               3.6880
return_std:                2.6012	target_mean:               0.5903	td_error_abs:              0.4623	test_battle_won_mean:      0.0000
test_dead_allies_mean:    14.7688	test_dead_enemies_mean:    4.5687	test_ep_length_mean:     199.2125	test_return_mean:          3.8056
test_return_std:           2.3675	
[INFO 22:27:52] my_main t_env: 713950 / 2050000
[INFO 22:27:52] my_main Estimated time left: 7 hours, 38 minutes, 27 seconds. Time passed: 5 hours, 3 minutes, 38 seconds
RequestQuit command received.
DataHandler: unable to parse websocket frame.
Closing Application...
CloseHandler: 127.0.0.1:43560 disconnected
ResponseThread: No connection, dropping the response.
[INFO 22:28:18] absl Shutdown gracefully.
[INFO 22:28:18] absl Shutdown with return code: -15
[INFO 22:28:18] absl Launching SC2: /labmount/users/202535331/MARL/pymarl-monotone-qmix/3rdparty/StarCraftII/Versions/Base75689/SC2_x64 -listen 127.0.0.1 -port 37771 -dataDir /labmount/users/202535331/MARL/pymarl-monotone-qmix/3rdparty/StarCraftII/ -tempDir /tmp/sc-umcr1ppy/
[INFO 22:28:18] absl Connecting to: ws://127.0.0.1:37771/sc2api, attempt: 0, running: True
Version: B75689 (SC2.4.10)
Build: Aug 12 2019 17:16:57
Command Line: '"/labmount/users/202535331/MARL/pymarl-monotone-qmix/3rdparty/StarCraftII/Versions/Base75689/SC2_x64" -listen 127.0.0.1 -port 37771 -dataDir /labmount/users/202535331/MARL/pymarl-monotone-qmix/3rdparty/StarCraftII/ -tempDir /tmp/sc-umcr1ppy/'
Starting up...
Startup Phase 1 complete
[INFO 22:28:19] absl Connecting to: ws://127.0.0.1:37771/sc2api, attempt: 1, running: True
Startup Phase 2 complete
Creating stub renderer...
Listening on: 127.0.0.1:37771
Startup Phase 3 complete. Ready for commands.
[INFO 22:28:20] absl Connecting to: ws://127.0.0.1:37771/sc2api, attempt: 2, running: True
ConnectHandler: Request from 127.0.0.1:41628 accepted
ReadyHandler: 127.0.0.1:41628 ready
Requesting to join a single player game
Configuring interface options
Configure: raw interface enabled
Configure: feature layer interface disabled
Configure: score interface disabled
Configure: render interface disabled
Launching next game.
Next launch phase started: 2
Next launch phase started: 3
Next launch phase started: 4
Next launch phase started: 5
Next launch phase started: 6
Next launch phase started: 7
Next launch phase started: 8
Game has started.
Using default stable ids, none found at: /labmount/users/202535331/MARL/pymarl-monotone-qmix/3rdparty/StarCraftII/stableid.json
Successfully loaded stable ids: GameData\stableid.json
Sending ResponseJoinGame
[INFO 22:28:51] my_main Recent Stats | t_env:     713950 | Episode:     7914
battle_won_mean:           0.0000	dead_allies_mean:         14.1520	dead_enemies_mean:         4.4640	div_coef:                145906.2501
div_loss:                 -0.0000	ep_length_mean:          200.0000	epsilon:                   0.0500	grad_norm:                24.3036
loss:                     -5.3148	loss_td:                   1.1385	q_taken_mean:              0.5909	return_mean:               3.6676
return_std:                2.7058	target_mean:               0.6040	td_error_abs:              0.4745	test_battle_won_mean:      0.0000
test_dead_allies_mean:    14.3562	test_dead_enemies_mean:    4.3438	test_ep_length_mean:     198.4437	test_return_mean:          3.5861
test_return_std:           2.3136	
[INFO 22:31:19] my_main t_env: 724131 / 2050000
[INFO 22:31:19] my_main Estimated time left: 7 hours, 27 minutes, 39 seconds. Time passed: 5 hours, 7 minutes, 4 seconds
[INFO 22:32:13] my_main Recent Stats | t_env:     724131 | Episode:     7965
battle_won_mean:           0.0039	dead_allies_mean:         14.0540	dead_enemies_mean:         4.8412	div_coef:                146525.3936
div_loss:                 -0.0000	ep_length_mean:          199.9255	epsilon:                   0.0500	grad_norm:                24.7772
loss:                     -5.3405	loss_td:                   1.1781	q_taken_mean:              0.6051	return_mean:               3.9054
return_std:                3.2167	target_mean:               0.6186	td_error_abs:              0.4888	test_battle_won_mean:      0.0000
test_dead_allies_mean:    14.1625	test_dead_enemies_mean:    4.4750	test_ep_length_mean:     199.0938	test_return_mean:          3.5722
test_return_std:           2.4397	
[INFO 22:34:00] my_main Updated target network
[INFO 22:34:44] my_main t_env: 734324 / 2050000
[INFO 22:34:44] my_main Estimated time left: 7 hours, 21 minutes, 49 seconds. Time passed: 5 hours, 10 minutes, 29 seconds
[INFO 22:35:38] my_main Recent Stats | t_env:     734324 | Episode:     8016
battle_won_mean:           0.0078	dead_allies_mean:         13.9468	dead_enemies_mean:         4.9507	div_coef:                146415.9612
div_loss:                 -0.0000	ep_length_mean:          199.8980	epsilon:                   0.0500	grad_norm:                27.1045
loss:                     -5.2940	loss_td:                   1.2521	q_taken_mean:              0.6328	return_mean:               3.9657
return_std:                3.3774	target_mean:               0.6412	td_error_abs:              0.4858	test_battle_won_mean:      0.0000
test_dead_allies_mean:    13.9812	test_dead_enemies_mean:    4.5438	test_ep_length_mean:     199.0938	test_return_mean:          3.6053
test_return_std:           2.5392	
[INFO 22:38:07] my_main t_env: 744349 / 2050000
[INFO 22:38:07] my_main Estimated time left: 7 hours, 20 minutes, 22 seconds. Time passed: 5 hours, 13 minutes, 52 seconds
[INFO 22:39:02] my_main Recent Stats | t_env:     744349 | Episode:     8067
battle_won_mean:           0.0157	dead_allies_mean:         13.8975	dead_enemies_mean:         5.1685	div_coef:                148344.2340
div_loss:                 -0.0000	ep_length_mean:          199.2118	epsilon:                   0.0500	grad_norm:                29.8067
loss:                     -5.2944	loss_td:                   1.3397	q_taken_mean:              0.6554	return_mean:               4.1126
return_std:                3.7966	target_mean:               0.6652	td_error_abs:              0.5202	test_battle_won_mean:      0.0000
test_dead_allies_mean:    13.5188	test_dead_enemies_mean:    4.1875	test_ep_length_mean:     199.0938	test_return_mean:          3.3593
test_return_std:           2.2377	
[INFO 22:41:33] my_main t_env: 754349 / 2050000
[INFO 22:41:33] my_main Estimated time left: 7 hours, 25 minutes, 52 seconds. Time passed: 5 hours, 17 minutes, 19 seconds
RequestQuit command received.
DataHandler: unable to parse websocket frame.
Closing Application...
CloseHandler: 127.0.0.1:41628 disconnected
[INFO 22:41:55] absl Shutdown gracefully.
[INFO 22:41:55] absl Shutdown with return code: -15
[INFO 22:41:55] absl Launching SC2: /labmount/users/202535331/MARL/pymarl-monotone-qmix/3rdparty/StarCraftII/Versions/Base75689/SC2_x64 -listen 127.0.0.1 -port 43417 -dataDir /labmount/users/202535331/MARL/pymarl-monotone-qmix/3rdparty/StarCraftII/ -tempDir /tmp/sc-y_2yiuof/
[INFO 22:41:56] absl Connecting to: ws://127.0.0.1:43417/sc2api, attempt: 0, running: True
Version: B75689 (SC2.4.10)
Build: Aug 12 2019 17:16:57
Command Line: '"/labmount/users/202535331/MARL/pymarl-monotone-qmix/3rdparty/StarCraftII/Versions/Base75689/SC2_x64" -listen 127.0.0.1 -port 43417 -dataDir /labmount/users/202535331/MARL/pymarl-monotone-qmix/3rdparty/StarCraftII/ -tempDir /tmp/sc-y_2yiuof/'
Starting up...
Startup Phase 1 complete
[INFO 22:41:57] absl Connecting to: ws://127.0.0.1:43417/sc2api, attempt: 1, running: True
Startup Phase 2 complete
Creating stub renderer...
Listening on: 127.0.0.1:43417
Startup Phase 3 complete. Ready for commands.
[INFO 22:41:58] absl Connecting to: ws://127.0.0.1:43417/sc2api, attempt: 2, running: True
ConnectHandler: Request from 127.0.0.1:42478 accepted
ReadyHandler: 127.0.0.1:42478 ready
Requesting to join a single player game
Configuring interface options
Configure: raw interface enabled
Configure: feature layer interface disabled
Configure: score interface disabled
Configure: render interface disabled
Launching next game.
Next launch phase started: 2
Next launch phase started: 3
Next launch phase started: 4
Next launch phase started: 5
Next launch phase started: 6
Next launch phase started: 7
Next launch phase started: 8
Game has started.
Using default stable ids, none found at: /labmount/users/202535331/MARL/pymarl-monotone-qmix/3rdparty/StarCraftII/stableid.json
Successfully loaded stable ids: GameData\stableid.json
Sending ResponseJoinGame
[INFO 22:42:32] my_main Recent Stats | t_env:     754349 | Episode:     8117
battle_won_mean:           0.0157	dead_allies_mean:         13.7335	dead_enemies_mean:         5.0565	div_coef:                150226.8348
div_loss:                 -0.0000	ep_length_mean:          199.2118	epsilon:                   0.0500	grad_norm:                29.7919
loss:                     -5.4043	loss_td:                   1.3353	q_taken_mean:              0.6615	return_mean:               4.0484
return_std:                3.7762	target_mean:               0.6646	td_error_abs:              0.4860	test_battle_won_mean:      0.0000
test_dead_allies_mean:    13.4250	test_dead_enemies_mean:    3.7625	test_ep_length_mean:     198.1937	test_return_mean:          3.0939
test_return_std:           2.1363	
[INFO 22:45:00] my_main t_env: 764349 / 2050000
[INFO 22:45:00] my_main Estimated time left: 7 hours, 22 minutes, 31 seconds. Time passed: 5 hours, 20 minutes, 45 seconds
[INFO 22:45:53] my_main Recent Stats | t_env:     764349 | Episode:     8167
battle_won_mean:           0.0157	dead_allies_mean:         13.7575	dead_enemies_mean:         4.7645	div_coef:                151132.1021
div_loss:                 -0.0000	ep_length_mean:          199.2118	epsilon:                   0.0500	grad_norm:                29.6551
loss:                     -5.4785	loss_td:                   1.3680	q_taken_mean:              0.6782	return_mean:               3.8647
return_std:                3.4523	target_mean:               0.6756	td_error_abs:              0.4535	test_battle_won_mean:      0.0063
test_dead_allies_mean:    13.2250	test_dead_enemies_mean:    3.6938	test_ep_length_mean:     198.0750	test_return_mean:          3.0425
test_return_std:           2.4250	
[INFO 22:47:31] my_main Updated target network
[INFO 22:48:21] my_main t_env: 774383 / 2050000
[INFO 22:48:21] my_main Estimated time left: 7 hours, 6 minutes, 33 seconds. Time passed: 5 hours, 24 minutes, 7 seconds
[INFO 22:49:17] my_main Recent Stats | t_env:     774383 | Episode:     8218
battle_won_mean:           0.0157	dead_allies_mean:         13.6320	dead_enemies_mean:         4.5959	div_coef:                151129.2676
div_loss:                 -0.0000	ep_length_mean:          198.6353	epsilon:                   0.0500	grad_norm:                31.7725
loss:                     -5.4746	loss_td:                   1.4159	q_taken_mean:              0.6995	return_mean:               3.7623
return_std:                3.3192	target_mean:               0.6903	td_error_abs:              0.4516	test_battle_won_mean:      0.0063
test_dead_allies_mean:    13.0062	test_dead_enemies_mean:    3.5812	test_ep_length_mean:     197.6562	test_return_mean:          2.9830
test_return_std:           2.3475	
[INFO 22:51:50] my_main t_env: 784383 / 2050000
[INFO 22:51:50] my_main Estimated time left: 7 hours, 20 minutes, 5 seconds. Time passed: 5 hours, 27 minutes, 35 seconds
[INFO 22:52:48] my_main Recent Stats | t_env:     784383 | Episode:     8268
battle_won_mean:           0.0118	dead_allies_mean:         13.5232	dead_enemies_mean:         4.5864	div_coef:                150767.8042
div_loss:                 -0.0000	ep_length_mean:          198.6627	epsilon:                   0.0500	grad_norm:                33.9020
loss:                     -5.5134	loss_td:                   1.4255	q_taken_mean:              0.6916	return_mean:               3.7520
return_std:                3.1929	target_mean:               0.6891	td_error_abs:              0.4927	test_battle_won_mean:      0.0063
test_dead_allies_mean:    12.6937	test_dead_enemies_mean:    3.2875	test_ep_length_mean:     197.6562	test_return_mean:          2.7898
test_return_std:           2.1803	
[INFO 22:55:25] my_main t_env: 794582 / 2050000
[INFO 22:55:26] my_main Estimated time left: 7 hours, 22 minutes, 20 seconds. Time passed: 5 hours, 31 minutes, 11 seconds
RequestQuit command received.
Closing Application...
DataHandler: unable to parse websocket frame.
CloseHandler: 127.0.0.1:42478 disconnected
[INFO 22:55:49] absl Shutdown gracefully.
[INFO 22:55:49] absl Shutdown with return code: -15
[INFO 22:55:49] absl Launching SC2: /labmount/users/202535331/MARL/pymarl-monotone-qmix/3rdparty/StarCraftII/Versions/Base75689/SC2_x64 -listen 127.0.0.1 -port 43139 -dataDir /labmount/users/202535331/MARL/pymarl-monotone-qmix/3rdparty/StarCraftII/ -tempDir /tmp/sc-bc94kb5n/
[INFO 22:55:50] absl Connecting to: ws://127.0.0.1:43139/sc2api, attempt: 0, running: True
Version: B75689 (SC2.4.10)
Build: Aug 12 2019 17:16:57
Command Line: '"/labmount/users/202535331/MARL/pymarl-monotone-qmix/3rdparty/StarCraftII/Versions/Base75689/SC2_x64" -listen 127.0.0.1 -port 43139 -dataDir /labmount/users/202535331/MARL/pymarl-monotone-qmix/3rdparty/StarCraftII/ -tempDir /tmp/sc-bc94kb5n/'
Starting up...
Startup Phase 1 complete
[INFO 22:55:51] absl Connecting to: ws://127.0.0.1:43139/sc2api, attempt: 1, running: True
Startup Phase 2 complete
Creating stub renderer...
Listening on: 127.0.0.1:43139
Startup Phase 3 complete. Ready for commands.
[INFO 22:55:52] absl Connecting to: ws://127.0.0.1:43139/sc2api, attempt: 2, running: True
ConnectHandler: Request from 127.0.0.1:35074 accepted
ReadyHandler: 127.0.0.1:35074 ready
Requesting to join a single player game
Configuring interface options
Configure: raw interface enabled
Configure: feature layer interface disabled
Configure: score interface disabled
Configure: render interface disabled
Launching next game.
Next launch phase started: 2
Next launch phase started: 3
Next launch phase started: 4
Next launch phase started: 5
Next launch phase started: 6
Next launch phase started: 7
Next launch phase started: 8
Game has started.
Using default stable ids, none found at: /labmount/users/202535331/MARL/pymarl-monotone-qmix/3rdparty/StarCraftII/stableid.json
Successfully loaded stable ids: GameData\stableid.json
Sending ResponseJoinGame
[INFO 22:56:28] my_main Recent Stats | t_env:     794582 | Episode:     8319
battle_won_mean:           0.0078	dead_allies_mean:         13.3820	dead_enemies_mean:         4.7197	div_coef:                150017.7536
div_loss:                 -0.0000	ep_length_mean:          199.3451	epsilon:                   0.0500	grad_norm:                33.3814
loss:                     -5.6625	loss_td:                   1.3773	q_taken_mean:              0.6773	return_mean:               3.8395
return_std:                3.1685	target_mean:               0.6746	td_error_abs:              0.4835	test_battle_won_mean:      0.0063
test_dead_allies_mean:    12.5250	test_dead_enemies_mean:    3.2500	test_ep_length_mean:     196.7375	test_return_mean:          2.8215
test_return_std:           2.2470	
[INFO 22:59:01] my_main t_env: 804762 / 2050000
[INFO 22:59:01] my_main Estimated time left: 7 hours, 20 minutes, 20 seconds. Time passed: 5 hours, 34 minutes, 47 seconds
[INFO 22:59:59] my_main Recent Stats | t_env:     804762 | Episode:     8370
battle_won_mean:           0.0078	dead_allies_mean:         13.4758	dead_enemies_mean:         5.0244	div_coef:                149316.1484
div_loss:                 -0.0000	ep_length_mean:          199.2667	epsilon:                   0.0500	grad_norm:                33.4997
loss:                     -5.6935	loss_td:                   1.4434	q_taken_mean:              0.7091	return_mean:               4.0861
return_std:                3.4370	target_mean:               0.7071	td_error_abs:              0.4804	test_battle_won_mean:      0.0125
test_dead_allies_mean:    12.3375	test_dead_enemies_mean:    3.3062	test_ep_length_mean:     197.6188	test_return_mean:          2.9109
test_return_std:           2.4995	
[INFO 23:01:32] my_main Updated target network
[INFO 23:02:31] my_main t_env: 814954 / 2050000
[INFO 23:02:31] my_main Estimated time left: 7 hours, 2 minutes, 39 seconds. Time passed: 5 hours, 38 minutes, 16 seconds
[INFO 23:03:26] my_main Recent Stats | t_env:     814954 | Episode:     8421
battle_won_mean:           0.0078	dead_allies_mean:         13.4128	dead_enemies_mean:         5.1983	div_coef:                148047.3471
div_loss:                 -0.0000	ep_length_mean:          199.2353	epsilon:                   0.0500	grad_norm:                34.6215
loss:                     -5.7099	loss_td:                   1.4519	q_taken_mean:              0.7136	return_mean:               4.2511
return_std:                3.7608	target_mean:               0.7170	td_error_abs:              0.5115	test_battle_won_mean:      0.0125
test_dead_allies_mean:    12.4313	test_dead_enemies_mean:    3.5500	test_ep_length_mean:     198.6250	test_return_mean:          3.1540
test_return_std:           2.6823	
[INFO 23:05:58] my_main t_env: 825057 / 2050000
[INFO 23:05:58] my_main Estimated time left: 6 hours, 58 minutes, 34 seconds. Time passed: 5 hours, 41 minutes, 43 seconds
[INFO 23:06:52] my_main Recent Stats | t_env:     825057 | Episode:     8472
battle_won_mean:           0.0078	dead_allies_mean:         13.5853	dead_enemies_mean:         5.4649	div_coef:                146702.1051
div_loss:                 -0.0000	ep_length_mean:          199.5059	epsilon:                   0.0500	grad_norm:                31.4695
loss:                     -5.8431	loss_td:                   1.3839	q_taken_mean:              0.7007	return_mean:               4.4758
return_std:                3.9331	target_mean:               0.7061	td_error_abs:              0.4743	test_battle_won_mean:      0.0187
test_dead_allies_mean:    12.7937	test_dead_enemies_mean:    3.7750	test_ep_length_mean:     198.9812	test_return_mean:          3.3940
test_return_std:           3.1282	
[INFO 23:09:24] my_main t_env: 835097 / 2050000
[INFO 23:09:24] my_main Estimated time left: 6 hours, 55 minutes, 31 seconds. Time passed: 5 hours, 45 minutes, 9 seconds
RequestQuit command received.
Closing Application...
DataHandler: unable to parse websocket frame.
CloseHandler: 127.0.0.1:35074 disconnected
[INFO 23:09:42] absl Shutdown gracefully.
[INFO 23:09:42] absl Shutdown with return code: -15
[INFO 23:09:42] absl Launching SC2: /labmount/users/202535331/MARL/pymarl-monotone-qmix/3rdparty/StarCraftII/Versions/Base75689/SC2_x64 -listen 127.0.0.1 -port 34447 -dataDir /labmount/users/202535331/MARL/pymarl-monotone-qmix/3rdparty/StarCraftII/ -tempDir /tmp/sc-ily5ruv9/
[INFO 23:09:42] absl Connecting to: ws://127.0.0.1:34447/sc2api, attempt: 0, running: True
Version: B75689 (SC2.4.10)
Build: Aug 12 2019 17:16:57
Command Line: '"/labmount/users/202535331/MARL/pymarl-monotone-qmix/3rdparty/StarCraftII/Versions/Base75689/SC2_x64" -listen 127.0.0.1 -port 34447 -dataDir /labmount/users/202535331/MARL/pymarl-monotone-qmix/3rdparty/StarCraftII/ -tempDir /tmp/sc-ily5ruv9/'
Starting up...
Startup Phase 1 complete
[INFO 23:09:43] absl Connecting to: ws://127.0.0.1:34447/sc2api, attempt: 1, running: True
Startup Phase 2 complete
Creating stub renderer...
Listening on: 127.0.0.1:34447
Startup Phase 3 complete. Ready for commands.
[INFO 23:09:44] absl Connecting to: ws://127.0.0.1:34447/sc2api, attempt: 2, running: True
ConnectHandler: Request from 127.0.0.1:45778 accepted
ReadyHandler: 127.0.0.1:45778 ready
Requesting to join a single player game
Configuring interface options
Configure: raw interface enabled
Configure: feature layer interface disabled
Configure: score interface disabled
Configure: render interface disabled
Launching next game.
Next launch phase started: 2
Next launch phase started: 3
Next launch phase started: 4
Next launch phase started: 5
Next launch phase started: 6
Next launch phase started: 7
Next launch phase started: 8
Game has started.
Using default stable ids, none found at: /labmount/users/202535331/MARL/pymarl-monotone-qmix/3rdparty/StarCraftII/stableid.json
Successfully loaded stable ids: GameData\stableid.json
Sending ResponseJoinGame
[INFO 23:10:23] my_main Recent Stats | t_env:     835097 | Episode:     8523
battle_won_mean:           0.0078	dead_allies_mean:         13.8235	dead_enemies_mean:         5.5804	div_coef:                145447.0658
div_loss:                 -0.0001	ep_length_mean:          198.8784	epsilon:                   0.0500	grad_norm:                31.9958
loss:                     -5.9612	loss_td:                   1.3979	q_taken_mean:              0.7149	return_mean:               4.5970
return_std:                4.1443	target_mean:               0.7201	td_error_abs:              0.4726	test_battle_won_mean:      0.0250
test_dead_allies_mean:    13.0250	test_dead_enemies_mean:    3.8563	test_ep_length_mean:     197.6625	test_return_mean:          3.5001
test_return_std:           3.4933	
[INFO 23:12:57] my_main t_env: 845152 / 2050000
[INFO 23:12:57] my_main Estimated time left: 7 hours, 5 minutes, 7 seconds. Time passed: 5 hours, 48 minutes, 42 seconds
[INFO 23:13:51] my_main Recent Stats | t_env:     845152 | Episode:     8574
battle_won_mean:           0.0039	dead_allies_mean:         14.1255	dead_enemies_mean:         5.2784	div_coef:                143329.1296
div_loss:                 -0.0001	ep_length_mean:          198.3137	epsilon:                   0.0500	grad_norm:                31.6015
loss:                     -6.0616	loss_td:                   1.3971	q_taken_mean:              0.7287	return_mean:               4.3755
return_std:                3.8867	target_mean:               0.7286	td_error_abs:              0.4383	test_battle_won_mean:      0.0375
test_dead_allies_mean:    13.6937	test_dead_enemies_mean:    4.6750	test_ep_length_mean:     198.5125	test_return_mean:          4.1163
test_return_std:           4.3869	
[INFO 23:15:14] my_main Updated target network
[INFO 23:16:25] my_main t_env: 855348 / 2050000
[INFO 23:16:25] my_main Estimated time left: 6 hours, 47 minutes, 5 seconds. Time passed: 5 hours, 52 minutes, 11 seconds
[INFO 23:17:16] my_main Recent Stats | t_env:     855348 | Episode:     8625
battle_won_mean:           0.0078	dead_allies_mean:         14.4745	dead_enemies_mean:         5.1373	div_coef:                140423.2173
div_loss:                 -0.0001	ep_length_mean:          198.3765	epsilon:                   0.0500	grad_norm:                36.2956
loss:                     -6.0845	loss_td:                   1.3728	q_taken_mean:              0.7076	return_mean:               4.2658
return_std:                3.7770	target_mean:               0.7143	td_error_abs:              0.4989	test_battle_won_mean:      0.0375
test_dead_allies_mean:    14.4062	test_dead_enemies_mean:    4.9250	test_ep_length_mean:     197.4437	test_return_mean:          4.2394
test_return_std:           4.2902	
[INFO 23:19:47] my_main t_env: 865388 / 2050000
[INFO 23:19:47] my_main Estimated time left: 6 hours, 36 minutes, 41 seconds. Time passed: 5 hours, 55 minutes, 32 seconds
[INFO 23:20:41] my_main Recent Stats | t_env:     865388 | Episode:     8676
battle_won_mean:           0.0078	dead_allies_mean:         14.9569	dead_enemies_mean:         5.1804	div_coef:                137757.8347
div_loss:                 -0.0001	ep_length_mean:          197.7804	epsilon:                   0.0500	grad_norm:                37.8483
loss:                     -6.1274	loss_td:                   1.3647	q_taken_mean:              0.6950	return_mean:               4.2713
return_std:                3.6366	target_mean:               0.7029	td_error_abs:              0.5185	test_battle_won_mean:      0.0437
test_dead_allies_mean:    14.6625	test_dead_enemies_mean:    5.0500	test_ep_length_mean:     197.4313	test_return_mean:          4.3096
test_return_std:           4.4770	
[INFO 23:23:13] my_main t_env: 875388 / 2050000
[INFO 23:23:13] my_main Estimated time left: 6 hours, 43 minutes, 29 seconds. Time passed: 5 hours, 58 minutes, 58 seconds
RequestQuit command received.
Closing Application...
DataHandler: unable to parse websocket frame.
CloseHandler: 127.0.0.1:45778 disconnected
[INFO 23:23:32] absl Shutdown gracefully.
[INFO 23:23:32] absl Shutdown with return code: -15
[INFO 23:23:32] absl Launching SC2: /labmount/users/202535331/MARL/pymarl-monotone-qmix/3rdparty/StarCraftII/Versions/Base75689/SC2_x64 -listen 127.0.0.1 -port 38353 -dataDir /labmount/users/202535331/MARL/pymarl-monotone-qmix/3rdparty/StarCraftII/ -tempDir /tmp/sc-4r5joxl_/
[INFO 23:23:32] absl Connecting to: ws://127.0.0.1:38353/sc2api, attempt: 0, running: True
Version: B75689 (SC2.4.10)
Build: Aug 12 2019 17:16:57
Command Line: '"/labmount/users/202535331/MARL/pymarl-monotone-qmix/3rdparty/StarCraftII/Versions/Base75689/SC2_x64" -listen 127.0.0.1 -port 38353 -dataDir /labmount/users/202535331/MARL/pymarl-monotone-qmix/3rdparty/StarCraftII/ -tempDir /tmp/sc-4r5joxl_/'
Starting up...
Startup Phase 1 complete
[INFO 23:23:33] absl Connecting to: ws://127.0.0.1:38353/sc2api, attempt: 1, running: True
Startup Phase 2 complete
Creating stub renderer...
Listening on: 127.0.0.1:38353
Startup Phase 3 complete. Ready for commands.
[INFO 23:23:34] absl Connecting to: ws://127.0.0.1:38353/sc2api, attempt: 2, running: True
ConnectHandler: Request from 127.0.0.1:39136 accepted
ReadyHandler: 127.0.0.1:39136 ready
Requesting to join a single player game
Configuring interface options
Configure: raw interface enabled
Configure: feature layer interface disabled
Configure: score interface disabled
Configure: render interface disabled
Launching next game.
Next launch phase started: 2
Next launch phase started: 3
Next launch phase started: 4
Next launch phase started: 5
Next launch phase started: 6
Next launch phase started: 7
Next launch phase started: 8
Game has started.
Using default stable ids, none found at: /labmount/users/202535331/MARL/pymarl-monotone-qmix/3rdparty/StarCraftII/stableid.json
Successfully loaded stable ids: GameData\stableid.json
Sending ResponseJoinGame
[INFO 23:24:14] my_main Recent Stats | t_env:     875388 | Episode:     8726
battle_won_mean:           0.0039	dead_allies_mean:         14.7558	dead_enemies_mean:         4.7612	div_coef:                136342.6822
div_loss:                 -0.0001	ep_length_mean:          198.1608	epsilon:                   0.0500	grad_norm:                39.3218
loss:                     -6.1374	loss_td:                   1.4135	q_taken_mean:              0.7115	return_mean:               3.9152
return_std:                3.2081	target_mean:               0.7191	td_error_abs:              0.5247	test_battle_won_mean:      0.0375
test_dead_allies_mean:    14.4875	test_dead_enemies_mean:    4.7687	test_ep_length_mean:     197.0000	test_return_mean:          4.0416
test_return_std:           3.8964	
[INFO 23:26:42] my_main t_env: 885388 / 2050000
[INFO 23:26:42] my_main Estimated time left: 6 hours, 45 minutes, 26 seconds. Time passed: 6 hours, 2 minutes, 27 seconds
[INFO 23:27:40] my_main Recent Stats | t_env:     885388 | Episode:     8776
battle_won_mean:           0.0039	dead_allies_mean:         14.6096	dead_enemies_mean:         4.4537	div_coef:                134833.9130
div_loss:                 -0.0001	ep_length_mean:          198.7882	epsilon:                   0.0500	grad_norm:                34.0979
loss:                     -6.2413	loss_td:                   1.3267	q_taken_mean:              0.7020	return_mean:               3.6761
return_std:                2.8147	target_mean:               0.7044	td_error_abs:              0.4586	test_battle_won_mean:      0.0375
test_dead_allies_mean:    14.4625	test_dead_enemies_mean:    5.0000	test_ep_length_mean:     197.3688	test_return_mean:          4.1613
test_return_std:           4.0162	
[INFO 23:28:54] my_main Updated target network
[INFO 23:30:10] my_main t_env: 895388 / 2050000
[INFO 23:30:10] my_main Estimated time left: 6 hours, 39 minutes, 57 seconds. Time passed: 6 hours, 5 minutes, 55 seconds
[INFO 23:31:06] my_main Recent Stats | t_env:     895388 | Episode:     8826
battle_won_mean:           0.0039	dead_allies_mean:         14.1661	dead_enemies_mean:         4.0925	div_coef:                134187.8691
div_loss:                 -0.0001	ep_length_mean:          199.3569	epsilon:                   0.0500	grad_norm:                32.3227
loss:                     -6.2231	loss_td:                   1.3203	q_taken_mean:              0.7061	return_mean:               3.4244
return_std:                2.3812	target_mean:               0.7094	td_error_abs:              0.4453	test_battle_won_mean:      0.0250
test_dead_allies_mean:    13.8187	test_dead_enemies_mean:    4.2000	test_ep_length_mean:     197.4375	test_return_mean:          3.5121
test_return_std:           3.1483	
[INFO 23:33:35] my_main t_env: 905388 / 2050000
[INFO 23:33:35] my_main Estimated time left: 6 hours, 32 minutes, 14 seconds. Time passed: 6 hours, 9 minutes, 21 seconds
[INFO 23:34:32] my_main Recent Stats | t_env:     905388 | Episode:     8876
battle_won_mean:           0.0000	dead_allies_mean:         13.5993	dead_enemies_mean:         3.8090	div_coef:                134083.3701
div_loss:                 -0.0001	ep_length_mean:          199.3725	epsilon:                   0.0500	grad_norm:                26.5077
loss:                     -6.3356	loss_td:                   1.2716	q_taken_mean:              0.7081	return_mean:               3.2302
return_std:                2.1129	target_mean:               0.7051	td_error_abs:              0.3623	test_battle_won_mean:      0.0250
test_dead_allies_mean:    12.7937	test_dead_enemies_mean:    3.8813	test_ep_length_mean:     196.5500	test_return_mean:          3.3036
test_return_std:           3.1414	
[INFO 23:37:02] my_main t_env: 915388 / 2050000
[INFO 23:37:02] my_main Estimated time left: 6 hours, 30 minutes, 32 seconds. Time passed: 6 hours, 12 minutes, 47 seconds
RequestQuit command received.
Closing Application...
DataHandler: unable to parse websocket frame.
CloseHandler: 127.0.0.1:39136 disconnected
ResponseThread: No connection, dropping the response.
[INFO 23:37:24] absl Shutdown gracefully.
[INFO 23:37:24] absl Shutdown with return code: -15
[INFO 23:37:24] absl Launching SC2: /labmount/users/202535331/MARL/pymarl-monotone-qmix/3rdparty/StarCraftII/Versions/Base75689/SC2_x64 -listen 127.0.0.1 -port 44427 -dataDir /labmount/users/202535331/MARL/pymarl-monotone-qmix/3rdparty/StarCraftII/ -tempDir /tmp/sc-wurh26oa/
[INFO 23:37:24] absl Connecting to: ws://127.0.0.1:44427/sc2api, attempt: 0, running: True
Version: B75689 (SC2.4.10)
Build: Aug 12 2019 17:16:57
Command Line: '"/labmount/users/202535331/MARL/pymarl-monotone-qmix/3rdparty/StarCraftII/Versions/Base75689/SC2_x64" -listen 127.0.0.1 -port 44427 -dataDir /labmount/users/202535331/MARL/pymarl-monotone-qmix/3rdparty/StarCraftII/ -tempDir /tmp/sc-wurh26oa/'
Starting up...
Startup Phase 1 complete
[INFO 23:37:25] absl Connecting to: ws://127.0.0.1:44427/sc2api, attempt: 1, running: True
Startup Phase 2 complete
Creating stub renderer...
Listening on: 127.0.0.1:44427
Startup Phase 3 complete. Ready for commands.
[INFO 23:37:26] absl Connecting to: ws://127.0.0.1:44427/sc2api, attempt: 2, running: True
ConnectHandler: Request from 127.0.0.1:49142 accepted
ReadyHandler: 127.0.0.1:49142 ready
Requesting to join a single player game
Configuring interface options
Configure: raw interface enabled
Configure: feature layer interface disabled
Configure: score interface disabled
Configure: render interface disabled
Launching next game.
Next launch phase started: 2
Next launch phase started: 3
Next launch phase started: 4
Next launch phase started: 5
Next launch phase started: 6
Next launch phase started: 7
Next launch phase started: 8
Game has started.
Using default stable ids, none found at: /labmount/users/202535331/MARL/pymarl-monotone-qmix/3rdparty/StarCraftII/stableid.json
Successfully loaded stable ids: GameData\stableid.json
Sending ResponseJoinGame
[INFO 23:38:04] my_main Recent Stats | t_env:     915388 | Episode:     8926
battle_won_mean:           0.0000	dead_allies_mean:         12.9480	dead_enemies_mean:         3.5000	div_coef:                133247.7400
div_loss:                 -0.0001	ep_length_mean:          200.0000	epsilon:                   0.0500	grad_norm:                23.6928
loss:                     -6.3141	loss_td:                   1.2823	q_taken_mean:              0.7325	return_mean:               3.0100
return_std:                1.8907	target_mean:               0.7236	td_error_abs:              0.3038	test_battle_won_mean:      0.0125
test_dead_allies_mean:    12.2125	test_dead_enemies_mean:    3.3438	test_ep_length_mean:     196.1000	test_return_mean:          2.9180
test_return_std:           2.4102	
[INFO 23:40:39] my_main t_env: 925431 / 2050000
[INFO 23:40:39] my_main Estimated time left: 6 hours, 45 minutes, 4 seconds. Time passed: 6 hours, 16 minutes, 24 seconds
[INFO 23:41:36] my_main Recent Stats | t_env:     925431 | Episode:     8977
battle_won_mean:           0.0039	dead_allies_mean:         12.6707	dead_enemies_mean:         3.3506	div_coef:                131778.6404
div_loss:                 -0.0001	ep_length_mean:          199.3843	epsilon:                   0.0500	grad_norm:                23.1505
loss:                     -6.3155	loss_td:                   1.2682	q_taken_mean:              0.7416	return_mean:               2.9644
return_std:                1.9821	target_mean:               0.7331	td_error_abs:              0.2962	test_battle_won_mean:      0.0125
test_dead_allies_mean:    12.0062	test_dead_enemies_mean:    3.3500	test_ep_length_mean:     196.5938	test_return_mean:          2.9294
test_return_std:           2.5184	
[INFO 23:42:50] my_main Updated target network
[INFO 23:44:08] my_main t_env: 935431 / 2050000
[INFO 23:44:08] my_main Estimated time left: 6 hours, 28 minutes, 48 seconds. Time passed: 6 hours, 19 minutes, 54 seconds
[INFO 23:45:05] my_main Recent Stats | t_env:     935431 | Episode:     9027
battle_won_mean:           0.0039	dead_allies_mean:         12.3867	dead_enemies_mean:         3.2426	div_coef:                130102.7825
div_loss:                 -0.0001	ep_length_mean:          199.3843	epsilon:                   0.0500	grad_norm:                30.1872
loss:                     -6.2249	loss_td:                   1.3215	q_taken_mean:              0.7426	return_mean:               2.9239
return_std:                1.9276	target_mean:               0.7399	td_error_abs:              0.3656	test_battle_won_mean:      0.0063
test_dead_allies_mean:    11.7625	test_dead_enemies_mean:    3.0750	test_ep_length_mean:     197.5437	test_return_mean:          2.7607
test_return_std:           1.9959	
[INFO 23:47:39] my_main t_env: 945481 / 2050000
[INFO 23:47:39] my_main Estimated time left: 6 hours, 25 minutes, 22 seconds. Time passed: 6 hours, 23 minutes, 24 seconds
[INFO 23:48:39] my_main Recent Stats | t_env:     945481 | Episode:     9078
battle_won_mean:           0.0039	dead_allies_mean:         12.2733	dead_enemies_mean:         3.4665	div_coef:                128084.7619
div_loss:                 -0.0001	ep_length_mean:          198.7961	epsilon:                   0.0500	grad_norm:                38.0521
loss:                     -6.1745	loss_td:                   1.3433	q_taken_mean:              0.7299	return_mean:               3.1021
return_std:                2.3934	target_mean:               0.7313	td_error_abs:              0.4100	test_battle_won_mean:      0.0063
test_dead_allies_mean:    11.6500	test_dead_enemies_mean:    3.0938	test_ep_length_mean:     197.5437	test_return_mean:          2.8021
test_return_std:           2.0100	
[INFO 23:51:14] my_main t_env: 955522 / 2050000
[INFO 23:51:14] my_main Estimated time left: 6 hours, 30 minutes, 17 seconds. Time passed: 6 hours, 26 minutes, 59 seconds
RequestQuit command received.
DataHandler: unable to parse websocket frame.
Closing Application...
CloseHandler: 127.0.0.1:49142 disconnected
ResponseThread: No connection, dropping the response.
[INFO 23:51:35] absl Shutdown gracefully.
[INFO 23:51:35] absl Shutdown with return code: -15
[INFO 23:51:35] absl Launching SC2: /labmount/users/202535331/MARL/pymarl-monotone-qmix/3rdparty/StarCraftII/Versions/Base75689/SC2_x64 -listen 127.0.0.1 -port 42987 -dataDir /labmount/users/202535331/MARL/pymarl-monotone-qmix/3rdparty/StarCraftII/ -tempDir /tmp/sc-64_cne1i/
[INFO 23:51:36] absl Connecting to: ws://127.0.0.1:42987/sc2api, attempt: 0, running: True
Version: B75689 (SC2.4.10)
Build: Aug 12 2019 17:16:57
Command Line: '"/labmount/users/202535331/MARL/pymarl-monotone-qmix/3rdparty/StarCraftII/Versions/Base75689/SC2_x64" -listen 127.0.0.1 -port 42987 -dataDir /labmount/users/202535331/MARL/pymarl-monotone-qmix/3rdparty/StarCraftII/ -tempDir /tmp/sc-64_cne1i/'
Starting up...
Startup Phase 1 complete
[INFO 23:51:37] absl Connecting to: ws://127.0.0.1:42987/sc2api, attempt: 1, running: True
Startup Phase 2 complete
Creating stub renderer...
Listening on: 127.0.0.1:42987
Startup Phase 3 complete. Ready for commands.
[INFO 23:51:38] absl Connecting to: ws://127.0.0.1:42987/sc2api, attempt: 2, running: True
ConnectHandler: Request from 127.0.0.1:55896 accepted
ReadyHandler: 127.0.0.1:55896 ready
Requesting to join a single player game
Configuring interface options
Configure: raw interface enabled
Configure: feature layer interface disabled
Configure: score interface disabled
Configure: render interface disabled
Launching next game.
Next launch phase started: 2
Next launch phase started: 3
Next launch phase started: 4
Next launch phase started: 5
Next launch phase started: 6
Next launch phase started: 7
Next launch phase started: 8
Game has started.
Using default stable ids, none found at: /labmount/users/202535331/MARL/pymarl-monotone-qmix/3rdparty/StarCraftII/stableid.json
Successfully loaded stable ids: GameData\stableid.json
Sending ResponseJoinGame
[INFO 23:52:20] my_main Recent Stats | t_env:     955522 | Episode:     9129
battle_won_mean:           0.0039	dead_allies_mean:         12.2636	dead_enemies_mean:         3.4716	div_coef:                126643.2688
div_loss:                 -0.0001	ep_length_mean:          198.1725	epsilon:                   0.0500	grad_norm:                39.8948
loss:                     -6.1520	loss_td:                   1.3686	q_taken_mean:              0.7460	return_mean:               3.0946
return_std:                2.4278	target_mean:               0.7469	td_error_abs:              0.4191	test_battle_won_mean:      0.0000
test_dead_allies_mean:    11.6625	test_dead_enemies_mean:    2.9312	test_ep_length_mean:     199.0250	test_return_mean:          2.7636
test_return_std:           1.6529	
[INFO 23:54:54] my_main t_env: 965522 / 2050000
[INFO 23:54:54] my_main Estimated time left: 6 hours, 39 minutes, 10 seconds. Time passed: 6 hours, 30 minutes, 40 seconds
[INFO 23:55:58] my_main Recent Stats | t_env:     965522 | Episode:     9179
battle_won_mean:           0.0039	dead_allies_mean:         12.4556	dead_enemies_mean:         3.6756	div_coef:                126036.2782
div_loss:                 -0.0001	ep_length_mean:          198.1725	epsilon:                   0.0500	grad_norm:                49.8914
loss:                     -6.1036	loss_td:                   1.4992	q_taken_mean:              0.7574	return_mean:               3.2962
return_std:                2.6442	target_mean:               0.7656	td_error_abs:              0.5162	test_battle_won_mean:      0.0000
test_dead_allies_mean:    11.4500	test_dead_enemies_mean:    2.9562	test_ep_length_mean:     199.5062	test_return_mean:          2.7530
test_return_std:           1.6793	
[INFO 23:57:06] my_main Updated target network
[INFO 23:58:37] my_main t_env: 975632 / 2050000
[INFO 23:58:37] my_main Estimated time left: 6 hours, 33 minutes, 50 seconds. Time passed: 6 hours, 34 minutes, 22 seconds
[INFO 23:59:40] my_main Recent Stats | t_env:     975632 | Episode:     9230
battle_won_mean:           0.0039	dead_allies_mean:         12.3929	dead_enemies_mean:         3.9776	div_coef:                125381.0889
div_loss:                 -0.0001	ep_length_mean:          198.4353	epsilon:                   0.0500	grad_norm:                56.6403
loss:                     -6.1389	loss_td:                   1.5134	q_taken_mean:              0.7408	return_mean:               3.5213
return_std:                2.8036	target_mean:               0.7547	td_error_abs:              0.5836	test_battle_won_mean:      0.0063
test_dead_allies_mean:    10.8562	test_dead_enemies_mean:    2.7938	test_ep_length_mean:     198.5062	test_return_mean:          2.7199
test_return_std:           1.8649	
[INFO 00:02:16] my_main t_env: 985632 / 2050000
[INFO 00:02:16] my_main Estimated time left: 6 hours, 28 minutes, 41 seconds. Time passed: 6 hours, 38 minutes, 1 seconds
[INFO 00:03:19] my_main Recent Stats | t_env:     985632 | Episode:     9280
battle_won_mean:           0.0039	dead_allies_mean:         11.9769	dead_enemies_mean:         3.9056	div_coef:                124580.6130
div_loss:                 -0.0001	ep_length_mean:          198.4353	epsilon:                   0.0500	grad_norm:                50.9908
loss:                     -6.2121	loss_td:                   1.5000	q_taken_mean:              0.7525	return_mean:               3.4688
return_std:                2.8689	target_mean:               0.7612	td_error_abs:              0.5073	test_battle_won_mean:      0.0063
test_dead_allies_mean:    10.4000	test_dead_enemies_mean:    2.8188	test_ep_length_mean:     198.5062	test_return_mean:          2.7207
test_return_std:           2.0651	
[INFO 00:05:54] my_main t_env: 995663 / 2050000
[INFO 00:05:54] my_main Estimated time left: 6 hours, 22 minutes, 2 seconds. Time passed: 6 hours, 41 minutes, 39 seconds
RequestQuit command received.
DataHandler: unable to parse websocket frame.
CloseHandler: 127.0.0.1:55896 disconnected
Closing Application...
[INFO 00:06:14] absl Shutdown gracefully.
[INFO 00:06:14] absl Shutdown with return code: -15
[INFO 00:06:14] absl Launching SC2: /labmount/users/202535331/MARL/pymarl-monotone-qmix/3rdparty/StarCraftII/Versions/Base75689/SC2_x64 -listen 127.0.0.1 -port 44239 -dataDir /labmount/users/202535331/MARL/pymarl-monotone-qmix/3rdparty/StarCraftII/ -tempDir /tmp/sc-9im5p8c7/
[INFO 00:06:14] absl Connecting to: ws://127.0.0.1:44239/sc2api, attempt: 0, running: True
Version: B75689 (SC2.4.10)
Build: Aug 12 2019 17:16:57
Command Line: '"/labmount/users/202535331/MARL/pymarl-monotone-qmix/3rdparty/StarCraftII/Versions/Base75689/SC2_x64" -listen 127.0.0.1 -port 44239 -dataDir /labmount/users/202535331/MARL/pymarl-monotone-qmix/3rdparty/StarCraftII/ -tempDir /tmp/sc-9im5p8c7/'
Starting up...
Startup Phase 1 complete
[INFO 00:06:15] absl Connecting to: ws://127.0.0.1:44239/sc2api, attempt: 1, running: True
Startup Phase 2 complete
Creating stub renderer...
Listening on: 127.0.0.1:44239
Startup Phase 3 complete. Ready for commands.
[INFO 00:06:16] absl Connecting to: ws://127.0.0.1:44239/sc2api, attempt: 2, running: True
ConnectHandler: Request from 127.0.0.1:41238 accepted
ReadyHandler: 127.0.0.1:41238 ready
Requesting to join a single player game
Configuring interface options
Configure: raw interface enabled
Configure: feature layer interface disabled
Configure: score interface disabled
Configure: render interface disabled
Launching next game.
Next launch phase started: 2
Next launch phase started: 3
Next launch phase started: 4
Next launch phase started: 5
Next launch phase started: 6
Next launch phase started: 7
Next launch phase started: 8
Game has started.
Using default stable ids, none found at: /labmount/users/202535331/MARL/pymarl-monotone-qmix/3rdparty/StarCraftII/stableid.json
Successfully loaded stable ids: GameData\stableid.json
Sending ResponseJoinGame
[INFO 00:06:54] my_main Recent Stats | t_env:     995663 | Episode:     9331
battle_won_mean:           0.0078	dead_allies_mean:         11.8867	dead_enemies_mean:         3.9291	div_coef:                123562.3096
div_loss:                 -0.0001	ep_length_mean:          198.3608	epsilon:                   0.0500	grad_norm:                48.3099
loss:                     -6.1998	loss_td:                   1.5527	q_taken_mean:              0.7934	return_mean:               3.5057
return_std:                2.7833	target_mean:               0.7967	td_error_abs:              0.4852	test_battle_won_mean:      0.0063
test_dead_allies_mean:    10.5750	test_dead_enemies_mean:    3.1812	test_ep_length_mean:     196.6188	test_return_mean:          2.9541
test_return_std:           2.4145	
[INFO 00:09:24] my_main t_env: 1005710 / 2050000
[INFO 00:09:24] my_main Estimated time left: 6 hours, 3 minutes, 43 seconds. Time passed: 6 hours, 45 minutes, 9 seconds
[INFO 00:10:21] my_main Recent Stats | t_env:    1005710 | Episode:     9382
battle_won_mean:           0.0078	dead_allies_mean:         11.9612	dead_enemies_mean:         4.0781	div_coef:                121525.6715
div_loss:                 -0.0001	ep_length_mean:          198.3843	epsilon:                   0.0500	grad_norm:                59.0141
loss:                     -6.1455	loss_td:                   1.5656	q_taken_mean:              0.7784	return_mean:               3.6506
return_std:                2.9018	target_mean:               0.7881	td_error_abs:              0.5493	test_battle_won_mean:      0.0063
test_dead_allies_mean:    10.8625	test_dead_enemies_mean:    3.2188	test_ep_length_mean:     197.1125	test_return_mean:          2.9395
test_return_std:           2.3610	
[INFO 00:11:19] my_main Updated target network
[INFO 00:12:51] my_main t_env: 1015710 / 2050000
[INFO 00:12:51] my_main Estimated time left: 5 hours, 57 minutes, 47 seconds. Time passed: 6 hours, 48 minutes, 37 seconds
[INFO 00:13:51] my_main Recent Stats | t_env:    1015710 | Episode:     9432
battle_won_mean:           0.0078	dead_allies_mean:         11.4892	dead_enemies_mean:         3.7781	div_coef:                119244.8732
div_loss:                 -0.0001	ep_length_mean:          198.3843	epsilon:                   0.0500	grad_norm:                50.4207
loss:                     -6.2270	loss_td:                   1.4056	q_taken_mean:              0.7707	return_mean:               3.4532
return_std:                2.7039	target_mean:               0.7726	td_error_abs:              0.4586	test_battle_won_mean:      0.0125
test_dead_allies_mean:    10.7375	test_dead_enemies_mean:    3.3875	test_ep_length_mean:     196.1375	test_return_mean:          3.1073
test_return_std:           2.8324	
[INFO 00:16:27] my_main t_env: 1025758 / 2050000
[INFO 00:16:27] my_main Estimated time left: 6 hours, 6 minutes, 57 seconds. Time passed: 6 hours, 52 minutes, 13 seconds
[INFO 00:17:29] my_main Recent Stats | t_env:    1025758 | Episode:     9483
battle_won_mean:           0.0039	dead_allies_mean:         11.2500	dead_enemies_mean:         3.5428	div_coef:                117652.3637
div_loss:                 -0.0001	ep_length_mean:          198.1412	epsilon:                   0.0500	grad_norm:                46.0610
loss:                     -6.1951	loss_td:                   1.4536	q_taken_mean:              0.8072	return_mean:               3.2498
return_std:                2.6370	target_mean:               0.8034	td_error_abs:              0.3932	test_battle_won_mean:      0.0063
test_dead_allies_mean:    10.8875	test_dead_enemies_mean:    3.5250	test_ep_length_mean:     197.1375	test_return_mean:          3.1271
test_return_std:           2.7970	
[INFO 00:20:07] my_main t_env: 1035853 / 2050000
[INFO 00:20:07] my_main Estimated time left: 6 hours, 7 minutes, 4 seconds. Time passed: 6 hours, 55 minutes, 52 seconds
RequestQuit command received.
Closing Application...
DataHandler: unable to parse websocket frame.
CloseHandler: 127.0.0.1:41238 disconnected
[INFO 00:20:30] absl Shutdown gracefully.
[INFO 00:20:30] absl Shutdown with return code: -15
[INFO 00:20:30] absl Launching SC2: /labmount/users/202535331/MARL/pymarl-monotone-qmix/3rdparty/StarCraftII/Versions/Base75689/SC2_x64 -listen 127.0.0.1 -port 36023 -dataDir /labmount/users/202535331/MARL/pymarl-monotone-qmix/3rdparty/StarCraftII/ -tempDir /tmp/sc-dywcu98l/
[INFO 00:20:31] absl Connecting to: ws://127.0.0.1:36023/sc2api, attempt: 0, running: True
Version: B75689 (SC2.4.10)
Build: Aug 12 2019 17:16:57
Command Line: '"/labmount/users/202535331/MARL/pymarl-monotone-qmix/3rdparty/StarCraftII/Versions/Base75689/SC2_x64" -listen 127.0.0.1 -port 36023 -dataDir /labmount/users/202535331/MARL/pymarl-monotone-qmix/3rdparty/StarCraftII/ -tempDir /tmp/sc-dywcu98l/'
Starting up...
Startup Phase 1 complete
[INFO 00:20:32] absl Connecting to: ws://127.0.0.1:36023/sc2api, attempt: 1, running: True
Startup Phase 2 complete
Creating stub renderer...
Listening on: 127.0.0.1:36023
Startup Phase 3 complete. Ready for commands.
[INFO 00:20:33] absl Connecting to: ws://127.0.0.1:36023/sc2api, attempt: 2, running: True
ConnectHandler: Request from 127.0.0.1:39050 accepted
ReadyHandler: 127.0.0.1:39050 ready
Requesting to join a single player game
Configuring interface options
Configure: raw interface enabled
Configure: feature layer interface disabled
Configure: score interface disabled
Configure: render interface disabled
Launching next game.
Next launch phase started: 2
Next launch phase started: 3
Next launch phase started: 4
Next launch phase started: 5
Next launch phase started: 6
Next launch phase started: 7
Next launch phase started: 8
Game has started.
Using default stable ids, none found at: /labmount/users/202535331/MARL/pymarl-monotone-qmix/3rdparty/StarCraftII/stableid.json
Successfully loaded stable ids: GameData\stableid.json
Sending ResponseJoinGame
[INFO 00:21:15] my_main Recent Stats | t_env:    1035853 | Episode:     9535
battle_won_mean:           0.0116	dead_allies_mean:         11.3906	dead_enemies_mean:         3.7605	div_coef:                116036.0656
div_loss:                 -0.0001	ep_length_mean:          196.9681	epsilon:                   0.0500	grad_norm:                55.7143
loss:                     -6.0684	loss_td:                   1.5551	q_taken_mean:              0.8229	return_mean:               3.4278
return_std:                3.0455	target_mean:               0.8246	td_error_abs:              0.4816	test_battle_won_mean:      0.0063
test_dead_allies_mean:    10.7188	test_dead_enemies_mean:    3.3000	test_ep_length_mean:     197.1125	test_return_mean:          2.9898
test_return_std:           2.6447	
[INFO 00:23:50] my_main t_env: 1045877 / 2050000
[INFO 00:23:50] my_main Estimated time left: 6 hours, 13 minutes, 36 seconds. Time passed: 6 hours, 59 minutes, 36 seconds
[INFO 00:24:50] my_main Recent Stats | t_env:    1045877 | Episode:     9586
battle_won_mean:           0.0077	dead_allies_mean:         11.2219	dead_enemies_mean:         3.7370	div_coef:                114739.7688
div_loss:                 -0.0001	ep_length_mean:          196.9406	epsilon:                   0.0500	grad_norm:                59.8263
loss:                     -6.0303	loss_td:                   1.5779	q_taken_mean:              0.8047	return_mean:               3.3936
return_std:                3.1141	target_mean:               0.8140	td_error_abs:              0.5500	test_battle_won_mean:      0.0063
test_dead_allies_mean:    10.4125	test_dead_enemies_mean:    3.1375	test_ep_length_mean:     199.0000	test_return_mean:          2.8994
test_return_std:           2.7288	
[INFO 00:25:34] my_main Updated target network
[INFO 00:27:25] my_main t_env: 1055936 / 2050000
[INFO 00:27:25] my_main Estimated time left: 5 hours, 52 minutes, 40 seconds. Time passed: 7 hours, 3 minutes, 10 seconds
[INFO 00:28:24] my_main Recent Stats | t_env:    1055936 | Episode:     9639
battle_won_mean:           0.0152	dead_allies_mean:         11.2198	dead_enemies_mean:         3.9523	div_coef:                114142.5994
div_loss:                 -0.0001	ep_length_mean:          195.4991	epsilon:                   0.0500	grad_norm:                49.0107
loss:                     -6.1256	loss_td:                   1.5051	q_taken_mean:              0.8092	return_mean:               3.5576
return_std:                3.4154	target_mean:               0.8117	td_error_abs:              0.4999	test_battle_won_mean:      0.0063
test_dead_allies_mean:    10.2125	test_dead_enemies_mean:    3.2313	test_ep_length_mean:     199.0000	test_return_mean:          2.9145
test_return_std:           2.7836	
[INFO 00:30:56] my_main t_env: 1065936 / 2050000
[INFO 00:30:56] my_main Estimated time left: 5 hours, 47 minutes, 10 seconds. Time passed: 7 hours, 6 minutes, 42 seconds
[INFO 00:31:55] my_main Recent Stats | t_env:    1065936 | Episode:     9689
battle_won_mean:           0.0152	dead_allies_mean:         11.5718	dead_enemies_mean:         4.3923	div_coef:                113581.3391
div_loss:                 -0.0001	ep_length_mean:          195.4991	epsilon:                   0.0500	grad_norm:                57.0621
loss:                     -6.1036	loss_td:                   1.5456	q_taken_mean:              0.7952	return_mean:               3.8195
return_std:                3.7875	target_mean:               0.8043	td_error_abs:              0.5548	test_battle_won_mean:      0.0000
test_dead_allies_mean:    10.4875	test_dead_enemies_mean:    3.0500	test_ep_length_mean:     199.9750	test_return_mean:          2.8251
test_return_std:           2.4879	
[INFO 00:34:27] my_main t_env: 1075998 / 2050000
[INFO 00:34:27] my_main Estimated time left: 5 hours, 40 minutes, 24 seconds. Time passed: 7 hours, 10 minutes, 13 seconds
RequestQuit command received.
Closing Application...
DataHandler: unable to parse websocket frame.
CloseHandler: 127.0.0.1:39050 disconnected
[INFO 00:34:47] absl Shutdown gracefully.
[INFO 00:34:47] absl Shutdown with return code: -15
[INFO 00:34:47] absl Launching SC2: /labmount/users/202535331/MARL/pymarl-monotone-qmix/3rdparty/StarCraftII/Versions/Base75689/SC2_x64 -listen 127.0.0.1 -port 39037 -dataDir /labmount/users/202535331/MARL/pymarl-monotone-qmix/3rdparty/StarCraftII/ -tempDir /tmp/sc-dk326bax/
[INFO 00:34:47] absl Connecting to: ws://127.0.0.1:39037/sc2api, attempt: 0, running: True
Version: B75689 (SC2.4.10)
Build: Aug 12 2019 17:16:57
Command Line: '"/labmount/users/202535331/MARL/pymarl-monotone-qmix/3rdparty/StarCraftII/Versions/Base75689/SC2_x64" -listen 127.0.0.1 -port 39037 -dataDir /labmount/users/202535331/MARL/pymarl-monotone-qmix/3rdparty/StarCraftII/ -tempDir /tmp/sc-dk326bax/'
Starting up...
Startup Phase 1 complete
[INFO 00:34:48] absl Connecting to: ws://127.0.0.1:39037/sc2api, attempt: 1, running: True
Startup Phase 2 complete
Creating stub renderer...
Listening on: 127.0.0.1:39037
Startup Phase 3 complete. Ready for commands.
[INFO 00:34:49] absl Connecting to: ws://127.0.0.1:39037/sc2api, attempt: 2, running: True
ConnectHandler: Request from 127.0.0.1:33884 accepted
ReadyHandler: 127.0.0.1:33884 ready
Requesting to join a single player game
Configuring interface options
Configure: raw interface enabled
Configure: feature layer interface disabled
Configure: score interface disabled
Configure: render interface disabled
Launching next game.
Next launch phase started: 2
Next launch phase started: 3
Next launch phase started: 4
Next launch phase started: 5
Next launch phase started: 6
Next launch phase started: 7
Next launch phase started: 8
Game has started.
Using default stable ids, none found at: /labmount/users/202535331/MARL/pymarl-monotone-qmix/3rdparty/StarCraftII/stableid.json
Successfully loaded stable ids: GameData\stableid.json
Sending ResponseJoinGame
[INFO 00:35:33] my_main Recent Stats | t_env:    1075998 | Episode:     9740
battle_won_mean:           0.0192	dead_allies_mean:         11.7914	dead_enemies_mean:         4.5609	div_coef:                112654.9992
div_loss:                 -0.0001	ep_length_mean:          195.5540	epsilon:                   0.0500	grad_norm:                70.5924
loss:                     -6.0429	loss_td:                   1.5703	q_taken_mean:              0.7804	return_mean:               3.9861
return_std:                3.8764	target_mean:               0.7928	td_error_abs:              0.5979	test_battle_won_mean:      0.0000
test_dead_allies_mean:    10.7312	test_dead_enemies_mean:    3.2625	test_ep_length_mean:     199.4062	test_return_mean:          3.0178
test_return_std:           2.5301	
[INFO 00:38:09] my_main t_env: 1086100 / 2050000
[INFO 00:38:09] my_main Estimated time left: 5 hours, 52 minutes, 45 seconds. Time passed: 7 hours, 13 minutes, 54 seconds
[INFO 00:39:08] my_main Recent Stats | t_env:    1086100 | Episode:     9792
battle_won_mean:           0.0153	dead_allies_mean:         11.7991	dead_enemies_mean:         4.6494	div_coef:                112289.9070
div_loss:                 -0.0001	ep_length_mean:          195.5810	epsilon:                   0.0500	grad_norm:                64.7688
loss:                     -6.1041	loss_td:                   1.4971	q_taken_mean:              0.7812	return_mean:               4.0076
return_std:                3.8521	target_mean:               0.7857	td_error_abs:              0.5522	test_battle_won_mean:      0.0000
test_dead_allies_mean:    11.0062	test_dead_enemies_mean:    3.5562	test_ep_length_mean:     199.4313	test_return_mean:          3.2296
test_return_std:           2.7880	
[INFO 00:39:36] my_main Updated target network
[INFO 00:41:36] my_main t_env: 1096100 / 2050000
[INFO 00:41:36] my_main Estimated time left: 5 hours, 29 minutes, 32 seconds. Time passed: 7 hours, 17 minutes, 22 seconds
[INFO 00:42:28] my_main Recent Stats | t_env:    1096100 | Episode:     9842
battle_won_mean:           0.0153	dead_allies_mean:         12.0833	dead_enemies_mean:         4.9215	div_coef:                111818.8946
div_loss:                 -0.0001	ep_length_mean:          196.2712	epsilon:                   0.0500	grad_norm:                60.4416
loss:                     -6.1870	loss_td:                   1.4330	q_taken_mean:              0.7901	return_mean:               4.2207
return_std:                3.9495	target_mean:               0.7871	td_error_abs:              0.4814	test_battle_won_mean:      0.0125
test_dead_allies_mean:    11.7625	test_dead_enemies_mean:    4.6000	test_ep_length_mean:     196.9000	test_return_mean:          4.0021
test_return_std:           3.3267	
[INFO 00:45:10] my_main t_env: 1106136 / 2050000
[INFO 00:45:10] my_main Estimated time left: 5 hours, 35 minutes, 31 seconds. Time passed: 7 hours, 20 minutes, 56 seconds
[INFO 00:46:03] my_main Recent Stats | t_env:    1106136 | Episode:     9902
battle_won_mean:           0.0344	dead_allies_mean:         12.6120	dead_enemies_mean:         5.9087	div_coef:                110869.0392
div_loss:                 -0.0001	ep_length_mean:          191.7660	epsilon:                   0.0500	grad_norm:                68.5740
loss:                     -6.0629	loss_td:                   1.5264	q_taken_mean:              0.7909	return_mean:               4.9505
return_std:                4.3499	target_mean:               0.7952	td_error_abs:              0.5419	test_battle_won_mean:      0.0375
test_dead_allies_mean:    12.2937	test_dead_enemies_mean:    5.7375	test_ep_length_mean:     193.1062	test_return_mean:          4.8759
test_return_std:           4.2852	
[INFO 00:48:37] my_main t_env: 1116175 / 2050000
[INFO 00:48:37] my_main Estimated time left: 5 hours, 20 minutes, 48 seconds. Time passed: 7 hours, 24 minutes, 23 seconds
RequestQuit command received.
DataHandler: unable to parse websocket frame.
Closing Application...
CloseHandler: 127.0.0.1:33884 disconnected
ResponseThread: No connection, dropping the response.
[INFO 00:49:03] absl Shutdown gracefully.
[INFO 00:49:03] absl Shutdown with return code: -15
[INFO 00:49:03] absl Launching SC2: /labmount/users/202535331/MARL/pymarl-monotone-qmix/3rdparty/StarCraftII/Versions/Base75689/SC2_x64 -listen 127.0.0.1 -port 34549 -dataDir /labmount/users/202535331/MARL/pymarl-monotone-qmix/3rdparty/StarCraftII/ -tempDir /tmp/sc-7lk7c_oq/
[INFO 00:49:03] absl Connecting to: ws://127.0.0.1:34549/sc2api, attempt: 0, running: True
Version: B75689 (SC2.4.10)
Build: Aug 12 2019 17:16:57
Command Line: '"/labmount/users/202535331/MARL/pymarl-monotone-qmix/3rdparty/StarCraftII/Versions/Base75689/SC2_x64" -listen 127.0.0.1 -port 34549 -dataDir /labmount/users/202535331/MARL/pymarl-monotone-qmix/3rdparty/StarCraftII/ -tempDir /tmp/sc-7lk7c_oq/'
Starting up...
Startup Phase 1 complete
[INFO 00:49:04] absl Connecting to: ws://127.0.0.1:34549/sc2api, attempt: 1, running: True
Startup Phase 2 complete
Creating stub renderer...
Listening on: 127.0.0.1:34549
Startup Phase 3 complete. Ready for commands.
[INFO 00:49:05] absl Connecting to: ws://127.0.0.1:34549/sc2api, attempt: 2, running: True
ConnectHandler: Request from 127.0.0.1:42628 accepted
ReadyHandler: 127.0.0.1:42628 ready
Requesting to join a single player game
Configuring interface options
Configure: raw interface enabled
Configure: feature layer interface disabled
Configure: score interface disabled
Configure: render interface disabled
Launching next game.
Next launch phase started: 2
Next launch phase started: 3
Next launch phase started: 4
Next launch phase started: 5
Next launch phase started: 6
Next launch phase started: 7
Next launch phase started: 8
Game has started.
Using default stable ids, none found at: /labmount/users/202535331/MARL/pymarl-monotone-qmix/3rdparty/StarCraftII/stableid.json
Successfully loaded stable ids: GameData\stableid.json
Sending ResponseJoinGame
[INFO 00:49:34] my_main Recent Stats | t_env:    1116175 | Episode:     9956
battle_won_mean:           0.0418	dead_allies_mean:         12.9226	dead_enemies_mean:         6.4506	div_coef:                109516.6017
div_loss:                 -0.0001	ep_length_mean:          188.9475	epsilon:                   0.0500	grad_norm:                64.7857
loss:                     -6.0561	loss_td:                   1.5059	q_taken_mean:              0.7957	return_mean:               5.3572
return_std:                4.7724	target_mean:               0.7996	td_error_abs:              0.5343	test_battle_won_mean:      0.0563
test_dead_allies_mean:    13.0375	test_dead_enemies_mean:    7.2938	test_ep_length_mean:     188.9563	test_return_mean:          6.0550
test_return_std:           5.0852	
[INFO 00:51:44] my_main Updated target network
[INFO 00:52:05] my_main t_env: 1126215 / 2050000
[INFO 00:52:05] my_main Estimated time left: 5 hours, 18 minutes, 50 seconds. Time passed: 7 hours, 27 minutes, 51 seconds
[INFO 00:52:59] my_main Recent Stats | t_env:    1126215 | Episode:    10008
battle_won_mean:           0.0418	dead_allies_mean:         13.0806	dead_enemies_mean:         6.8409	div_coef:                108790.8663
div_loss:                 -0.0001	ep_length_mean:          188.1040	epsilon:                   0.0500	grad_norm:                54.5183
loss:                     -6.1088	loss_td:                   1.4399	q_taken_mean:              0.7965	return_mean:               5.6276
return_std:                4.9567	target_mean:               0.7954	td_error_abs:              0.5190	test_battle_won_mean:      0.0625
test_dead_allies_mean:    13.2750	test_dead_enemies_mean:    7.3375	test_ep_length_mean:     187.5437	test_return_mean:          6.1296
test_return_std:           5.2984	
[INFO 00:55:34] my_main t_env: 1136377 / 2050000
[INFO 00:55:34] my_main Estimated time left: 5 hours, 12 minutes, 55 seconds. Time passed: 7 hours, 31 minutes, 19 seconds
[INFO 00:56:38] my_main Recent Stats | t_env:    1136377 | Episode:    10062
battle_won_mean:           0.0453	dead_allies_mean:         13.7550	dead_enemies_mean:         7.6429	div_coef:                107491.6192
div_loss:                 -0.0001	ep_length_mean:          186.8872	epsilon:                   0.0500	grad_norm:                60.0762
loss:                     -6.0386	loss_td:                   1.5086	q_taken_mean:              0.8009	return_mean:               6.2184
return_std:                5.3056	target_mean:               0.8080	td_error_abs:              0.5720	test_battle_won_mean:      0.0625
test_dead_allies_mean:    12.9875	test_dead_enemies_mean:    7.0687	test_ep_length_mean:     187.5437	test_return_mean:          5.9218
test_return_std:           4.9761	
[INFO 00:59:17] my_main t_env: 1146485 / 2050000
[INFO 00:59:17] my_main Estimated time left: 5 hours, 32 minutes, 26 seconds. Time passed: 7 hours, 35 minutes, 3 seconds
[INFO 01:00:20] my_main Recent Stats | t_env:    1146485 | Episode:    10114
battle_won_mean:           0.0492	dead_allies_mean:         13.8090	dead_enemies_mean:         7.9630	div_coef:                106004.7493
div_loss:                 -0.0001	ep_length_mean:          185.7642	epsilon:                   0.0500	grad_norm:                66.9018
loss:                     -5.9634	loss_td:                   1.5772	q_taken_mean:              0.8085	return_mean:               6.4222
return_std:                5.5139	target_mean:               0.8219	td_error_abs:              0.6234	test_battle_won_mean:      0.0500
test_dead_allies_mean:    12.3562	test_dead_enemies_mean:    6.1312	test_ep_length_mean:     190.0750	test_return_mean:          5.2456
test_return_std:           4.3583	
[INFO 01:02:59] my_main t_env: 1156516 / 2050000
[INFO 01:02:59] my_main Estimated time left: 5 hours, 29 minutes, 4 seconds. Time passed: 7 hours, 38 minutes, 44 seconds
RequestQuit command received.
Closing Application...
DataHandler: unable to parse websocket frame.
CloseHandler: 127.0.0.1:42628 disconnected
[INFO 01:03:31] absl Shutdown gracefully.
[INFO 01:03:31] absl Shutdown with return code: -15
[INFO 01:03:31] absl Launching SC2: /labmount/users/202535331/MARL/pymarl-monotone-qmix/3rdparty/StarCraftII/Versions/Base75689/SC2_x64 -listen 127.0.0.1 -port 33113 -dataDir /labmount/users/202535331/MARL/pymarl-monotone-qmix/3rdparty/StarCraftII/ -tempDir /tmp/sc-w04x02i0/
[INFO 01:03:32] absl Connecting to: ws://127.0.0.1:33113/sc2api, attempt: 0, running: True
Version: B75689 (SC2.4.10)
Build: Aug 12 2019 17:16:57
Command Line: '"/labmount/users/202535331/MARL/pymarl-monotone-qmix/3rdparty/StarCraftII/Versions/Base75689/SC2_x64" -listen 127.0.0.1 -port 33113 -dataDir /labmount/users/202535331/MARL/pymarl-monotone-qmix/3rdparty/StarCraftII/ -tempDir /tmp/sc-w04x02i0/'
Starting up...
Startup Phase 1 complete
[INFO 01:03:33] absl Connecting to: ws://127.0.0.1:33113/sc2api, attempt: 1, running: True
Startup Phase 2 complete
Creating stub renderer...
Listening on: 127.0.0.1:33113
Startup Phase 3 complete. Ready for commands.
[INFO 01:03:34] absl Connecting to: ws://127.0.0.1:33113/sc2api, attempt: 2, running: True
ConnectHandler: Request from 127.0.0.1:53572 accepted
ReadyHandler: 127.0.0.1:53572 ready
Requesting to join a single player game
Configuring interface options
Configure: raw interface enabled
Configure: feature layer interface disabled
Configure: score interface disabled
Configure: render interface disabled
Launching next game.
Next launch phase started: 2
Next launch phase started: 3
Next launch phase started: 4
Next launch phase started: 5
Next launch phase started: 6
Next launch phase started: 7
Next launch phase started: 8
Game has started.
Using default stable ids, none found at: /labmount/users/202535331/MARL/pymarl-monotone-qmix/3rdparty/StarCraftII/stableid.json
Successfully loaded stable ids: GameData\stableid.json
Sending ResponseJoinGame
[INFO 01:04:06] my_main Recent Stats | t_env:    1156516 | Episode:    10165
battle_won_mean:           0.0264	dead_allies_mean:         12.8825	dead_enemies_mean:         6.6154	div_coef:                104651.2433
div_loss:                 -0.0001	ep_length_mean:          191.6481	epsilon:                   0.0500	grad_norm:                66.0764
loss:                     -6.0303	loss_td:                   1.5371	q_taken_mean:              0.8109	return_mean:               5.4234
return_std:                4.9346	target_mean:               0.8240	td_error_abs:              0.6177	test_battle_won_mean:      0.0250
test_dead_allies_mean:    11.5500	test_dead_enemies_mean:    4.8875	test_ep_length_mean:     193.7312	test_return_mean:          4.3639
test_return_std:           3.4240	
[INFO 01:05:54] my_main Updated target network
[INFO 01:06:39] my_main t_env: 1166544 / 2050000
[INFO 01:06:39] my_main Estimated time left: 5 hours, 23 minutes, 42 seconds. Time passed: 7 hours, 42 minutes, 25 seconds
[INFO 01:07:35] my_main Recent Stats | t_env:    1166544 | Episode:    10216
battle_won_mean:           0.0229	dead_allies_mean:         12.5080	dead_enemies_mean:         6.1208	div_coef:                103706.0070
div_loss:                 -0.0001	ep_length_mean:          193.7921	epsilon:                   0.0500	grad_norm:                63.2338
loss:                     -6.0215	loss_td:                   1.5756	q_taken_mean:              0.8397	return_mean:               5.0887
return_std:                4.5823	target_mean:               0.8477	td_error_abs:              0.5613	test_battle_won_mean:      0.0125
test_dead_allies_mean:    11.1125	test_dead_enemies_mean:    3.9750	test_ep_length_mean:     195.6500	test_return_mean:          3.6201
test_return_std:           3.1808	
[INFO 01:10:05] my_main t_env: 1176559 / 2050000
[INFO 01:10:05] my_main Estimated time left: 4 hours, 58 minutes, 37 seconds. Time passed: 7 hours, 45 minutes, 50 seconds
[INFO 01:11:03] my_main Recent Stats | t_env:    1176559 | Episode:    10267
battle_won_mean:           0.0191	dead_allies_mean:         12.6833	dead_enemies_mean:         6.1031	div_coef:                102742.6633
div_loss:                 -0.0001	ep_length_mean:          194.4512	epsilon:                   0.0500	grad_norm:                72.2644
loss:                     -5.9405	loss_td:                   1.6690	q_taken_mean:              0.8429	return_mean:               5.0671
return_std:                4.4852	target_mean:               0.8597	td_error_abs:              0.6294	test_battle_won_mean:      0.0063
test_dead_allies_mean:    10.8750	test_dead_enemies_mean:    3.4375	test_ep_length_mean:     197.6312	test_return_mean:          3.2146
test_return_std:           2.5197	
[INFO 01:13:35] my_main t_env: 1186589 / 2050000
[INFO 01:13:35] my_main Estimated time left: 5 hours, 1 minutes, 59 seconds. Time passed: 7 hours, 49 minutes, 21 seconds
[INFO 01:14:36] my_main Recent Stats | t_env:    1186589 | Episode:    10318
battle_won_mean:           0.0195	dead_allies_mean:         12.6480	dead_enemies_mean:         5.5413	div_coef:                102709.2845
div_loss:                 -0.0001	ep_length_mean:          196.1475	epsilon:                   0.0500	grad_norm:                68.6274
loss:                     -6.0351	loss_td:                   1.6372	q_taken_mean:              0.8482	return_mean:               4.7274
return_std:                4.2292	target_mean:               0.8570	td_error_abs:              0.5660	test_battle_won_mean:      0.0125
test_dead_allies_mean:    11.6062	test_dead_enemies_mean:    4.1188	test_ep_length_mean:     197.4437	test_return_mean:          3.7378
test_return_std:           3.3102	
[INFO 01:17:15] my_main t_env: 1196722 / 2050000
[INFO 01:17:15] my_main Estimated time left: 5 hours, 8 minutes, 55 seconds. Time passed: 7 hours, 53 minutes, 1 seconds
RequestQuit command received.
Closing Application...
DataHandler: unable to parse websocket frame.
CloseHandler: 127.0.0.1:53572 disconnected
[INFO 01:17:46] absl Shutdown gracefully.
[INFO 01:17:46] absl Shutdown with return code: -15
[INFO 01:17:46] absl Launching SC2: /labmount/users/202535331/MARL/pymarl-monotone-qmix/3rdparty/StarCraftII/Versions/Base75689/SC2_x64 -listen 127.0.0.1 -port 44795 -dataDir /labmount/users/202535331/MARL/pymarl-monotone-qmix/3rdparty/StarCraftII/ -tempDir /tmp/sc-y8urgrnb/
[INFO 01:17:47] absl Connecting to: ws://127.0.0.1:44795/sc2api, attempt: 0, running: True
Version: B75689 (SC2.4.10)
Build: Aug 12 2019 17:16:57
Command Line: '"/labmount/users/202535331/MARL/pymarl-monotone-qmix/3rdparty/StarCraftII/Versions/Base75689/SC2_x64" -listen 127.0.0.1 -port 44795 -dataDir /labmount/users/202535331/MARL/pymarl-monotone-qmix/3rdparty/StarCraftII/ -tempDir /tmp/sc-y8urgrnb/'
Starting up...
Startup Phase 1 complete
[INFO 01:17:48] absl Connecting to: ws://127.0.0.1:44795/sc2api, attempt: 1, running: True
Startup Phase 2 complete
Creating stub renderer...
Listening on: 127.0.0.1:44795
Startup Phase 3 complete. Ready for commands.
[INFO 01:17:49] absl Connecting to: ws://127.0.0.1:44795/sc2api, attempt: 2, running: True
ConnectHandler: Request from 127.0.0.1:42272 accepted
ReadyHandler: 127.0.0.1:42272 ready
Requesting to join a single player game
Configuring interface options
Configure: raw interface enabled
Configure: feature layer interface disabled
Configure: score interface disabled
Configure: render interface disabled
Launching next game.
Next launch phase started: 2
Next launch phase started: 3
Next launch phase started: 4
Next launch phase started: 5
Next launch phase started: 6
Next launch phase started: 7
Next launch phase started: 8
Game has started.
Using default stable ids, none found at: /labmount/users/202535331/MARL/pymarl-monotone-qmix/3rdparty/StarCraftII/stableid.json
Successfully loaded stable ids: GameData\stableid.json
Sending ResponseJoinGame
[INFO 01:18:18] my_main Recent Stats | t_env:    1196722 | Episode:    10370
battle_won_mean:           0.0234	dead_allies_mean:         12.9173	dead_enemies_mean:         5.2028	div_coef:                103111.7069
div_loss:                 -0.0001	ep_length_mean:          196.2437	epsilon:                   0.0500	grad_norm:                65.7266
loss:                     -6.1242	loss_td:                   1.6228	q_taken_mean:              0.8441	return_mean:               4.5724
return_std:                4.2356	target_mean:               0.8532	td_error_abs:              0.5638	test_battle_won_mean:      0.0125
test_dead_allies_mean:    11.6937	test_dead_enemies_mean:    3.7625	test_ep_length_mean:     196.4125	test_return_mean:          3.4768
test_return_std:           2.8607	
[INFO 01:19:51] my_main Updated target network
[INFO 01:20:51] my_main t_env: 1206860 / 2050000
[INFO 01:20:51] my_main Estimated time left: 4 hours, 59 minutes, 5 seconds. Time passed: 7 hours, 56 minutes, 37 seconds
[INFO 01:21:48] my_main Recent Stats | t_env:    1206860 | Episode:    10421
battle_won_mean:           0.0312	dead_allies_mean:         13.5918	dead_enemies_mean:         5.6616	div_coef:                103161.2810
div_loss:                 -0.0001	ep_length_mean:          196.6633	epsilon:                   0.0500	grad_norm:                63.1113
loss:                     -6.2340	loss_td:                   1.5792	q_taken_mean:              0.8332	return_mean:               4.9430
return_std:                4.5616	target_mean:               0.8414	td_error_abs:              0.5426	test_battle_won_mean:      0.0125
test_dead_allies_mean:    12.0312	test_dead_enemies_mean:    3.7375	test_ep_length_mean:     196.5500	test_return_mean:          3.4289
test_return_std:           2.8154	
[INFO 01:24:19] my_main t_env: 1216860 / 2050000
[INFO 01:24:19] my_main Estimated time left: 4 hours, 48 minutes, 57 seconds. Time passed: 8 hours, 5 seconds
[INFO 01:25:20] my_main Recent Stats | t_env:    1216860 | Episode:    10471
battle_won_mean:           0.0273	dead_allies_mean:         13.7316	dead_enemies_mean:         5.5702	div_coef:                102874.7272
div_loss:                 -0.0001	ep_length_mean:          197.3378	epsilon:                   0.0500	grad_norm:                65.7311
loss:                     -6.2320	loss_td:                   1.6326	q_taken_mean:              0.8410	return_mean:               4.8663
return_std:                4.5404	target_mean:               0.8472	td_error_abs:              0.5722	test_battle_won_mean:      0.0063
test_dead_allies_mean:    11.5125	test_dead_enemies_mean:    2.9375	test_ep_length_mean:     198.7812	test_return_mean:          2.8827
test_return_std:           1.8986	
[INFO 01:27:51] my_main t_env: 1226860 / 2050000
[INFO 01:27:51] my_main Estimated time left: 4 hours, 49 minutes, 48 seconds. Time passed: 8 hours, 3 minutes, 36 seconds
[INFO 01:28:53] my_main Recent Stats | t_env:    1226860 | Episode:    10521
battle_won_mean:           0.0273	dead_allies_mean:         13.3940	dead_enemies_mean:         4.9318	div_coef:                102594.5317
div_loss:                 -0.0001	ep_length_mean:          198.0633	epsilon:                   0.0500	grad_norm:                54.4315
loss:                     -6.4160	loss_td:                   1.5512	q_taken_mean:              0.8516	return_mean:               4.4412
return_std:                4.1447	target_mean:               0.8501	td_error_abs:              0.4824	test_battle_won_mean:      0.0063
test_dead_allies_mean:    11.2625	test_dead_enemies_mean:    2.9312	test_ep_length_mean:     198.7812	test_return_mean:          2.8720
test_return_std:           1.9104	
[INFO 01:31:31] my_main t_env: 1237055 / 2050000
[INFO 01:31:31] my_main Estimated time left: 4 hours, 53 minutes, 29 seconds. Time passed: 8 hours, 7 minutes, 17 seconds
RequestQuit command received.
DataHandler: unable to parse websocket frame.
CloseHandler: 127.0.0.1:42272 disconnected
Closing Application...
ResponseThread: No connection, dropping the response.
[INFO 01:32:02] absl Shutdown gracefully.
[INFO 01:32:02] absl Shutdown with return code: -15
[INFO 01:32:02] absl Launching SC2: /labmount/users/202535331/MARL/pymarl-monotone-qmix/3rdparty/StarCraftII/Versions/Base75689/SC2_x64 -listen 127.0.0.1 -port 35131 -dataDir /labmount/users/202535331/MARL/pymarl-monotone-qmix/3rdparty/StarCraftII/ -tempDir /tmp/sc-i7amgzmi/
[INFO 01:32:02] absl Connecting to: ws://127.0.0.1:35131/sc2api, attempt: 0, running: True
Version: B75689 (SC2.4.10)
Build: Aug 12 2019 17:16:57
Command Line: '"/labmount/users/202535331/MARL/pymarl-monotone-qmix/3rdparty/StarCraftII/Versions/Base75689/SC2_x64" -listen 127.0.0.1 -port 35131 -dataDir /labmount/users/202535331/MARL/pymarl-monotone-qmix/3rdparty/StarCraftII/ -tempDir /tmp/sc-i7amgzmi/'
Starting up...
Startup Phase 1 complete
[INFO 01:32:03] absl Connecting to: ws://127.0.0.1:35131/sc2api, attempt: 1, running: True
Startup Phase 2 complete
Creating stub renderer...
Listening on: 127.0.0.1:35131
Startup Phase 3 complete. Ready for commands.
[INFO 01:32:04] absl Connecting to: ws://127.0.0.1:35131/sc2api, attempt: 2, running: True
ConnectHandler: Request from 127.0.0.1:51848 accepted
ReadyHandler: 127.0.0.1:51848 ready
Requesting to join a single player game
Configuring interface options
Configure: raw interface enabled
Configure: feature layer interface disabled
Configure: score interface disabled
Configure: render interface disabled
Launching next game.
Next launch phase started: 2
Next launch phase started: 3
Next launch phase started: 4
Next launch phase started: 5
Next launch phase started: 6
Next launch phase started: 7
Next launch phase started: 8
Game has started.
Using default stable ids, none found at: /labmount/users/202535331/MARL/pymarl-monotone-qmix/3rdparty/StarCraftII/stableid.json
Successfully loaded stable ids: GameData\stableid.json
Sending ResponseJoinGame
[INFO 01:32:38] my_main Recent Stats | t_env:    1237055 | Episode:    10572
battle_won_mean:           0.0195	dead_allies_mean:         13.0763	dead_enemies_mean:         4.7044	div_coef:                101684.7540
div_loss:                 -0.0001	ep_length_mean:          198.7103	epsilon:                   0.0500	grad_norm:                50.7359
loss:                     -6.4885	loss_td:                   1.5432	q_taken_mean:              0.8470	return_mean:               4.2406
return_std:                3.9348	target_mean:               0.8481	td_error_abs:              0.4493	test_battle_won_mean:      0.0000
test_dead_allies_mean:    10.5312	test_dead_enemies_mean:    2.2437	test_ep_length_mean:     198.4812	test_return_mean:          2.3702
test_return_std:           1.1007	
[INFO 01:34:08] my_main Updated target network
[INFO 01:35:15] my_main t_env: 1247238 / 2050000
[INFO 01:35:15] my_main Estimated time left: 4 hours, 53 minutes, 24 seconds. Time passed: 8 hours, 11 minutes, 0 seconds
[INFO 01:36:11] my_main Recent Stats | t_env:    1247238 | Episode:    10623
battle_won_mean:           0.0196	dead_allies_mean:         12.6806	dead_enemies_mean:         4.4741	div_coef:                100571.4510
div_loss:                 -0.0001	ep_length_mean:          199.6706	epsilon:                   0.0500	grad_norm:                58.0790
loss:                     -6.4975	loss_td:                   1.5635	q_taken_mean:              0.8472	return_mean:               4.0727
return_std:                3.7831	target_mean:               0.8488	td_error_abs:              0.4564	test_battle_won_mean:      0.0000
test_dead_allies_mean:    10.7312	test_dead_enemies_mean:    2.2750	test_ep_length_mean:     199.5125	test_return_mean:          2.4149
test_return_std:           1.1397	
[INFO 01:38:47] my_main t_env: 1257238 / 2050000
[INFO 01:38:47] my_main Estimated time left: 4 hours, 39 minutes, 59 seconds. Time passed: 8 hours, 14 minutes, 32 seconds
[INFO 01:39:46] my_main Recent Stats | t_env:    1257238 | Episode:    10673
battle_won_mean:           0.0078	dead_allies_mean:         12.3933	dead_enemies_mean:         4.1823	div_coef:                99888.6162
div_loss:                 -0.0001	ep_length_mean:          199.9137	epsilon:                   0.0500	grad_norm:                55.9630
loss:                     -6.5372	loss_td:                   1.5565	q_taken_mean:              0.8728	return_mean:               3.8484
return_std:                3.4430	target_mean:               0.8690	td_error_abs:              0.4004	test_battle_won_mean:      0.0000
test_dead_allies_mean:    10.6250	test_dead_enemies_mean:    2.1375	test_ep_length_mean:     199.5125	test_return_mean:          2.3477
test_return_std:           0.9399	
[INFO 01:42:20] my_main t_env: 1267355 / 2050000
[INFO 01:42:20] my_main Estimated time left: 4 hours, 35 minutes, 29 seconds. Time passed: 8 hours, 18 minutes, 6 seconds
[INFO 01:43:21] my_main Recent Stats | t_env:    1267355 | Episode:    10724
battle_won_mean:           0.0157	dead_allies_mean:         12.6809	dead_enemies_mean:         4.5638	div_coef:                98780.4730
div_loss:                 -0.0001	ep_length_mean:          199.5882	epsilon:                   0.0500	grad_norm:                56.6260
loss:                     -6.5474	loss_td:                   1.5337	q_taken_mean:              0.8708	return_mean:               4.1822
return_std:                3.7330	target_mean:               0.8682	td_error_abs:              0.3791	test_battle_won_mean:      0.0000
test_dead_allies_mean:    11.1937	test_dead_enemies_mean:    2.6313	test_ep_length_mean:     199.0750	test_return_mean:          2.6785
test_return_std:           1.6258	
[INFO 01:45:56] my_main t_env: 1277549 / 2050000
[INFO 01:45:56] my_main Estimated time left: 4 hours, 32 minutes, 13 seconds. Time passed: 8 hours, 21 minutes, 41 seconds
RequestQuit command received.
DataHandler: unable to parse websocket frame.
CloseHandler: 127.0.0.1:51848 disconnected
Closing Application...
[INFO 01:46:22] absl Shutdown gracefully.
[INFO 01:46:22] absl Shutdown with return code: -15
[INFO 01:46:22] absl Launching SC2: /labmount/users/202535331/MARL/pymarl-monotone-qmix/3rdparty/StarCraftII/Versions/Base75689/SC2_x64 -listen 127.0.0.1 -port 36103 -dataDir /labmount/users/202535331/MARL/pymarl-monotone-qmix/3rdparty/StarCraftII/ -tempDir /tmp/sc-hgw4_dg6/
[INFO 01:46:22] absl Connecting to: ws://127.0.0.1:36103/sc2api, attempt: 0, running: True
Version: B75689 (SC2.4.10)
Build: Aug 12 2019 17:16:57
Command Line: '"/labmount/users/202535331/MARL/pymarl-monotone-qmix/3rdparty/StarCraftII/Versions/Base75689/SC2_x64" -listen 127.0.0.1 -port 36103 -dataDir /labmount/users/202535331/MARL/pymarl-monotone-qmix/3rdparty/StarCraftII/ -tempDir /tmp/sc-hgw4_dg6/'
Starting up...
Startup Phase 1 complete
[INFO 01:46:23] absl Connecting to: ws://127.0.0.1:36103/sc2api, attempt: 1, running: True
Startup Phase 2 complete
Creating stub renderer...
Listening on: 127.0.0.1:36103
Startup Phase 3 complete. Ready for commands.
[INFO 01:46:24] absl Connecting to: ws://127.0.0.1:36103/sc2api, attempt: 2, running: True
ConnectHandler: Request from 127.0.0.1:42440 accepted
ReadyHandler: 127.0.0.1:42440 ready
Requesting to join a single player game
Configuring interface options
Configure: raw interface enabled
Configure: feature layer interface disabled
Configure: score interface disabled
Configure: render interface disabled
Launching next game.
Next launch phase started: 2
Next launch phase started: 3
Next launch phase started: 4
Next launch phase started: 5
Next launch phase started: 6
Next launch phase started: 7
Next launch phase started: 8
Game has started.
Using default stable ids, none found at: /labmount/users/202535331/MARL/pymarl-monotone-qmix/3rdparty/StarCraftII/stableid.json
Successfully loaded stable ids: GameData\stableid.json
Sending ResponseJoinGame
[INFO 01:47:02] my_main Recent Stats | t_env:    1277549 | Episode:    10775
battle_won_mean:           0.0196	dead_allies_mean:         13.1871	dead_enemies_mean:         5.3199	div_coef:                96939.8547
div_loss:                 -0.0001	ep_length_mean:          199.5647	epsilon:                   0.0500	grad_norm:                70.5213
loss:                     -6.4278	loss_td:                   1.5605	q_taken_mean:              0.8698	return_mean:               4.7230
return_std:                4.1875	target_mean:               0.8709	td_error_abs:              0.4090	test_battle_won_mean:      0.0000
test_dead_allies_mean:    11.4250	test_dead_enemies_mean:    2.7375	test_ep_length_mean:     198.0188	test_return_mean:          2.7557
test_return_std:           1.6417	
[INFO 01:48:22] my_main Updated target network
[INFO 01:49:39] my_main t_env: 1287694 / 2050000
[INFO 01:49:39] my_main Estimated time left: 4 hours, 39 minutes, 38 seconds. Time passed: 8 hours, 25 minutes, 25 seconds
[INFO 01:50:40] my_main Recent Stats | t_env:    1287694 | Episode:    10826
battle_won_mean:           0.0235	dead_allies_mean:         13.4577	dead_enemies_mean:         5.7199	div_coef:                95855.9759
div_loss:                 -0.0001	ep_length_mean:          199.3686	epsilon:                   0.0500	grad_norm:                77.4762
loss:                     -6.3500	loss_td:                   1.5970	q_taken_mean:              0.8826	return_mean:               5.0014
return_std:                4.4389	target_mean:               0.8805	td_error_abs:              0.4593	test_battle_won_mean:      0.0000
test_dead_allies_mean:    11.6375	test_dead_enemies_mean:    2.6875	test_ep_length_mean:     198.5062	test_return_mean:          2.7161
test_return_std:           1.5733	
[INFO 01:53:17] my_main t_env: 1297875 / 2050000
[INFO 01:53:17] my_main Estimated time left: 4 hours, 27 minutes, 40 seconds. Time passed: 8 hours, 29 minutes, 2 seconds
[INFO 01:54:18] my_main Recent Stats | t_env:    1297875 | Episode:    10877
battle_won_mean:           0.0196	dead_allies_mean:         13.6146	dead_enemies_mean:         6.0454	div_coef:                94862.1534
div_loss:                 -0.0001	ep_length_mean:          199.3608	epsilon:                   0.0500	grad_norm:                75.4583
loss:                     -6.3292	loss_td:                   1.5775	q_taken_mean:              0.8899	return_mean:               5.1488
return_std:                4.4131	target_mean:               0.8874	td_error_abs:              0.4562	test_battle_won_mean:      0.0000
test_dead_allies_mean:    11.2875	test_dead_enemies_mean:    2.6375	test_ep_length_mean:     198.5062	test_return_mean:          2.6515
test_return_std:           1.5752	
[INFO 01:56:58] my_main t_env: 1308070 / 2050000
[INFO 01:56:58] my_main Estimated time left: 4 hours, 28 minutes, 52 seconds. Time passed: 8 hours, 32 minutes, 44 seconds
[INFO 01:58:00] my_main Recent Stats | t_env:    1308070 | Episode:    10928
battle_won_mean:           0.0235	dead_allies_mean:         13.6627	dead_enemies_mean:         6.3647	div_coef:                93862.6756
div_loss:                 -0.0001	ep_length_mean:          199.3412	epsilon:                   0.0500	grad_norm:                82.8344
loss:                     -6.2697	loss_td:                   1.6084	q_taken_mean:              0.8669	return_mean:               5.3406
return_std:                4.5460	target_mean:               0.8694	td_error_abs:              0.5077	test_battle_won_mean:      0.0000
test_dead_allies_mean:    11.1937	test_dead_enemies_mean:    2.8312	test_ep_length_mean:     198.5062	test_return_mean:          2.7438
test_return_std:           1.8733	
[INFO 02:00:40] my_main t_env: 1318254 / 2050000
[INFO 02:00:40] my_main Estimated time left: 4 hours, 25 minutes, 50 seconds. Time passed: 8 hours, 36 minutes, 26 seconds
RequestQuit command received.
DataHandler: unable to parse websocket frame.
Closing Application...
CloseHandler: 127.0.0.1:42440 disconnected
[INFO 02:00:59] absl Shutdown gracefully.
[INFO 02:00:59] absl Shutdown with return code: -15
[INFO 02:00:59] absl Launching SC2: /labmount/users/202535331/MARL/pymarl-monotone-qmix/3rdparty/StarCraftII/Versions/Base75689/SC2_x64 -listen 127.0.0.1 -port 35931 -dataDir /labmount/users/202535331/MARL/pymarl-monotone-qmix/3rdparty/StarCraftII/ -tempDir /tmp/sc-yz7h26oo/
[INFO 02:00:59] absl Connecting to: ws://127.0.0.1:35931/sc2api, attempt: 0, running: True
Version: B75689 (SC2.4.10)
Build: Aug 12 2019 17:16:57
Command Line: '"/labmount/users/202535331/MARL/pymarl-monotone-qmix/3rdparty/StarCraftII/Versions/Base75689/SC2_x64" -listen 127.0.0.1 -port 35931 -dataDir /labmount/users/202535331/MARL/pymarl-monotone-qmix/3rdparty/StarCraftII/ -tempDir /tmp/sc-yz7h26oo/'
Starting up...
Startup Phase 1 complete
[INFO 02:01:00] absl Connecting to: ws://127.0.0.1:35931/sc2api, attempt: 1, running: True
Startup Phase 2 complete
Creating stub renderer...
Listening on: 127.0.0.1:35931
Startup Phase 3 complete. Ready for commands.
[INFO 02:01:01] absl Connecting to: ws://127.0.0.1:35931/sc2api, attempt: 2, running: True
ConnectHandler: Request from 127.0.0.1:37106 accepted
ReadyHandler: 127.0.0.1:37106 ready
Requesting to join a single player game
Configuring interface options
Configure: raw interface enabled
Configure: feature layer interface disabled
Configure: score interface disabled
Configure: render interface disabled
Launching next game.
Next launch phase started: 2
Next launch phase started: 3
Next launch phase started: 4
Next launch phase started: 5
Next launch phase started: 6
Next launch phase started: 7
Next launch phase started: 8
Game has started.
Using default stable ids, none found at: /labmount/users/202535331/MARL/pymarl-monotone-qmix/3rdparty/StarCraftII/stableid.json
Successfully loaded stable ids: GameData\stableid.json
Sending ResponseJoinGame
[INFO 02:01:47] my_main Recent Stats | t_env:    1318254 | Episode:    10979
battle_won_mean:           0.0196	dead_allies_mean:         13.2627	dead_enemies_mean:         6.2353	div_coef:                94021.2961
div_loss:                 -0.0001	ep_length_mean:          199.6039	epsilon:                   0.0500	grad_norm:                80.7976
loss:                     -6.3640	loss_td:                   1.6067	q_taken_mean:              0.8684	return_mean:               5.1701
return_std:                4.3517	target_mean:               0.8721	td_error_abs:              0.4873	test_battle_won_mean:      0.0000
test_dead_allies_mean:    10.6125	test_dead_enemies_mean:    2.4813	test_ep_length_mean:     198.6312	test_return_mean:          2.4585
test_return_std:           1.2566	
[INFO 02:02:56] my_main Updated target network
[INFO 02:04:24] my_main t_env: 1328254 / 2050000
[INFO 02:04:24] my_main Estimated time left: 4 hours, 28 minutes, 38 seconds. Time passed: 8 hours, 40 minutes, 9 seconds
[INFO 02:05:27] my_main Recent Stats | t_env:    1328254 | Episode:    11029
battle_won_mean:           0.0157	dead_allies_mean:         12.9645	dead_enemies_mean:         6.1152	div_coef:                94757.4967
div_loss:                 -0.0001	ep_length_mean:          199.6275	epsilon:                   0.0500	grad_norm:                73.5907
loss:                     -6.4891	loss_td:                   1.5886	q_taken_mean:              0.8597	return_mean:               5.0475
return_std:                4.2733	target_mean:               0.8660	td_error_abs:              0.5173	test_battle_won_mean:      0.0000
test_dead_allies_mean:    10.6000	test_dead_enemies_mean:    2.5187	test_ep_length_mean:     199.6875	test_return_mean:          2.4546
test_return_std:           1.2370	
[INFO 02:08:08] my_main t_env: 1338416 / 2050000
[INFO 02:08:08] my_main Estimated time left: 4 hours, 21 minutes, 48 seconds. Time passed: 8 hours, 43 minutes, 53 seconds
[INFO 02:09:10] my_main Recent Stats | t_env:    1338416 | Episode:    11080
battle_won_mean:           0.0157	dead_allies_mean:         12.9645	dead_enemies_mean:         6.1623	div_coef:                94970.4324
div_loss:                 -0.0001	ep_length_mean:          199.6941	epsilon:                   0.0500	grad_norm:                92.7073
loss:                     -6.5524	loss_td:                   1.6114	q_taken_mean:              0.8526	return_mean:               5.0706
return_std:                4.2819	target_mean:               0.8657	td_error_abs:              0.5279	test_battle_won_mean:      0.0125
test_dead_allies_mean:    11.2750	test_dead_enemies_mean:    3.4438	test_ep_length_mean:     198.5563	test_return_mean:          3.1184
test_return_std:           2.2274	
[INFO 02:11:53] my_main t_env: 1348545 / 2050000
[INFO 02:11:53] my_main Estimated time left: 4 hours, 19 minutes, 36 seconds. Time passed: 8 hours, 47 minutes, 38 seconds
[INFO 02:12:55] my_main Recent Stats | t_env:    1348545 | Episode:    11132
battle_won_mean:           0.0195	dead_allies_mean:         13.5264	dead_enemies_mean:         6.9439	div_coef:                94694.1614
div_loss:                 -0.0001	ep_length_mean:          198.7263	epsilon:                   0.0500	grad_norm:                85.9813
loss:                     -6.5854	loss_td:                   1.6285	q_taken_mean:              0.8717	return_mean:               5.6562
return_std:                4.5887	target_mean:               0.8791	td_error_abs:              0.4610	test_battle_won_mean:      0.0187
test_dead_allies_mean:    11.4437	test_dead_enemies_mean:    3.7563	test_ep_length_mean:     198.3938	test_return_mean:          3.3307
test_return_std:           2.7620	
[INFO 02:15:34] my_main t_env: 1358598 / 2050000
[INFO 02:15:34] my_main Estimated time left: 4 hours, 13 minutes, 19 seconds. Time passed: 8 hours, 51 minutes, 19 seconds
RequestQuit command received.
DataHandler: unable to parse websocket frame.
CloseHandler: 127.0.0.1:37106 disconnected
Closing Application...
[INFO 02:15:52] absl Shutdown gracefully.
[INFO 02:15:52] absl Shutdown with return code: -15
[INFO 02:15:52] absl Launching SC2: /labmount/users/202535331/MARL/pymarl-monotone-qmix/3rdparty/StarCraftII/Versions/Base75689/SC2_x64 -listen 127.0.0.1 -port 45899 -dataDir /labmount/users/202535331/MARL/pymarl-monotone-qmix/3rdparty/StarCraftII/ -tempDir /tmp/sc-yjobks33/
[INFO 02:15:52] absl Connecting to: ws://127.0.0.1:45899/sc2api, attempt: 0, running: True
Version: B75689 (SC2.4.10)
Build: Aug 12 2019 17:16:57
Command Line: '"/labmount/users/202535331/MARL/pymarl-monotone-qmix/3rdparty/StarCraftII/Versions/Base75689/SC2_x64" -listen 127.0.0.1 -port 45899 -dataDir /labmount/users/202535331/MARL/pymarl-monotone-qmix/3rdparty/StarCraftII/ -tempDir /tmp/sc-yjobks33/'
Starting up...
Startup Phase 1 complete
[INFO 02:15:53] absl Connecting to: ws://127.0.0.1:45899/sc2api, attempt: 1, running: True
Startup Phase 2 complete
Creating stub renderer...
Listening on: 127.0.0.1:45899
Startup Phase 3 complete. Ready for commands.
[INFO 02:15:54] absl Connecting to: ws://127.0.0.1:45899/sc2api, attempt: 2, running: True
ConnectHandler: Request from 127.0.0.1:55702 accepted
ReadyHandler: 127.0.0.1:55702 ready
Requesting to join a single player game
Configuring interface options
Configure: raw interface enabled
Configure: feature layer interface disabled
Configure: score interface disabled
Configure: render interface disabled
Launching next game.
Next launch phase started: 2
Next launch phase started: 3
Next launch phase started: 4
Next launch phase started: 5
Next launch phase started: 6
Next launch phase started: 7
Next launch phase started: 8
Game has started.
Using default stable ids, none found at: /labmount/users/202535331/MARL/pymarl-monotone-qmix/3rdparty/StarCraftII/stableid.json
Successfully loaded stable ids: GameData\stableid.json
Sending ResponseJoinGame
[INFO 02:16:44] my_main Recent Stats | t_env:    1358598 | Episode:    11183
battle_won_mean:           0.0234	dead_allies_mean:         13.7107	dead_enemies_mean:         7.4341	div_coef:                94299.2638
div_loss:                 -0.0001	ep_length_mean:          198.1695	epsilon:                   0.0500	grad_norm:                78.7596
loss:                     -6.5327	loss_td:                   1.7067	q_taken_mean:              0.9102	return_mean:               5.9997
return_std:                4.8397	target_mean:               0.9157	td_error_abs:              0.4277	test_battle_won_mean:      0.0250
test_dead_allies_mean:    11.5062	test_dead_enemies_mean:    4.1125	test_ep_length_mean:     197.8812	test_return_mean:          3.6113
test_return_std:           3.1631	
[INFO 02:17:42] my_main Updated target network
[INFO 02:19:24] my_main t_env: 1368614 / 2050000
[INFO 02:19:24] my_main Estimated time left: 4 hours, 20 minutes, 42 seconds. Time passed: 8 hours, 55 minutes, 9 seconds
[INFO 02:20:24] my_main Recent Stats | t_env:    1368614 | Episode:    11234
battle_won_mean:           0.0469	dead_allies_mean:         14.5931	dead_enemies_mean:         8.6420	div_coef:                94030.7473
div_loss:                 -0.0001	ep_length_mean:          197.5106	epsilon:                   0.0500	grad_norm:                86.3574
loss:                     -6.5290	loss_td:                   1.7089	q_taken_mean:              0.9151	return_mean:               6.9632
return_std:                5.2779	target_mean:               0.9169	td_error_abs:              0.5031	test_battle_won_mean:      0.0312
test_dead_allies_mean:    11.9250	test_dead_enemies_mean:    4.5938	test_ep_length_mean:     197.4187	test_return_mean:          3.9730
test_return_std:           3.8676	
[INFO 02:23:03] my_main t_env: 1378641 / 2050000
[INFO 02:23:03] my_main Estimated time left: 4 hours, 4 minutes, 50 seconds. Time passed: 8 hours, 58 minutes, 48 seconds
[INFO 02:24:09] my_main Recent Stats | t_env:    1378641 | Episode:    11285
battle_won_mean:           0.0626	dead_allies_mean:         15.1776	dead_enemies_mean:         9.2405	div_coef:                93778.4447
div_loss:                 -0.0001	ep_length_mean:          196.8322	epsilon:                   0.0500	grad_norm:                87.0909
loss:                     -6.6785	loss_td:                   1.5892	q_taken_mean:              0.9307	return_mean:               7.4412
return_std:                5.6319	target_mean:               0.9275	td_error_abs:              0.4247	test_battle_won_mean:      0.0312
test_dead_allies_mean:    12.1062	test_dead_enemies_mean:    4.9500	test_ep_length_mean:     197.4187	test_return_mean:          4.2115
test_return_std:           4.3184	
[INFO 02:26:49] my_main t_env: 1388825 / 2050000
[INFO 02:26:49] my_main Estimated time left: 4 hours, 4 minutes, 34 seconds. Time passed: 9 hours, 2 minutes, 35 seconds
[INFO 02:27:51] my_main Recent Stats | t_env:    1388825 | Episode:    11337
battle_won_mean:           0.0779	dead_allies_mean:         15.5164	dead_enemies_mean:         9.9885	div_coef:                91580.8696
div_loss:                 -0.0001	ep_length_mean:          196.1505	epsilon:                   0.0500	grad_norm:                72.0595
loss:                     -6.5845	loss_td:                   1.4919	q_taken_mean:              0.9429	return_mean:               8.0009
return_std:                5.9880	target_mean:               0.9346	td_error_abs:              0.3934	test_battle_won_mean:      0.0187
test_dead_allies_mean:    11.8625	test_dead_enemies_mean:    4.5500	test_ep_length_mean:     198.5500	test_return_mean:          3.9264
test_return_std:           3.8404	
[INFO 02:30:31] my_main t_env: 1399010 / 2050000
[INFO 02:30:31] my_main Estimated time left: 3 hours, 56 minutes, 12 seconds. Time passed: 9 hours, 6 minutes, 16 seconds
RequestQuit command received.
DataHandler: unable to parse websocket frame.
CloseHandler: 127.0.0.1:55702 disconnected
Closing Application...
ResponseThread: No connection, dropping the response.
[INFO 02:30:44] absl Shutdown gracefully.
[INFO 02:30:44] absl Shutdown with return code: -15
[INFO 02:30:44] absl Launching SC2: /labmount/users/202535331/MARL/pymarl-monotone-qmix/3rdparty/StarCraftII/Versions/Base75689/SC2_x64 -listen 127.0.0.1 -port 34415 -dataDir /labmount/users/202535331/MARL/pymarl-monotone-qmix/3rdparty/StarCraftII/ -tempDir /tmp/sc-yzy1y4r4/
[INFO 02:30:44] absl Connecting to: ws://127.0.0.1:34415/sc2api, attempt: 0, running: True
Version: B75689 (SC2.4.10)
Build: Aug 12 2019 17:16:57
Command Line: '"/labmount/users/202535331/MARL/pymarl-monotone-qmix/3rdparty/StarCraftII/Versions/Base75689/SC2_x64" -listen 127.0.0.1 -port 34415 -dataDir /labmount/users/202535331/MARL/pymarl-monotone-qmix/3rdparty/StarCraftII/ -tempDir /tmp/sc-yzy1y4r4/'
Starting up...
Startup Phase 1 complete
[INFO 02:30:45] absl Connecting to: ws://127.0.0.1:34415/sc2api, attempt: 1, running: True
Startup Phase 2 complete
Creating stub renderer...
Listening on: 127.0.0.1:34415
Startup Phase 3 complete. Ready for commands.
[INFO 02:30:46] absl Connecting to: ws://127.0.0.1:34415/sc2api, attempt: 2, running: True
ConnectHandler: Request from 127.0.0.1:47570 accepted
ReadyHandler: 127.0.0.1:47570 ready
Requesting to join a single player game
Configuring interface options
Configure: raw interface enabled
Configure: feature layer interface disabled
Configure: score interface disabled
Configure: render interface disabled
Launching next game.
Next launch phase started: 2
Next launch phase started: 3
Next launch phase started: 4
Next launch phase started: 5
Next launch phase started: 6
Next launch phase started: 7
Next launch phase started: 8
Game has started.
Using default stable ids, none found at: /labmount/users/202535331/MARL/pymarl-monotone-qmix/3rdparty/StarCraftII/stableid.json
Successfully loaded stable ids: GameData\stableid.json
Sending ResponseJoinGame
[INFO 02:31:36] my_main Recent Stats | t_env:    1399010 | Episode:    11388
battle_won_mean:           0.0741	dead_allies_mean:         14.9584	dead_enemies_mean:         9.2499	div_coef:                88143.9337
div_loss:                 -0.0001	ep_length_mean:          197.1339	epsilon:                   0.0500	grad_norm:                95.1115
loss:                     -6.2839	loss_td:                   1.4808	q_taken_mean:              0.9298	return_mean:               7.4982
return_std:                5.8000	target_mean:               0.9279	td_error_abs:              0.4696	test_battle_won_mean:      0.0125
test_dead_allies_mean:    11.5938	test_dead_enemies_mean:    4.3063	test_ep_length_mean:     198.5062	test_return_mean:          3.7649
test_return_std:           3.3627	
[INFO 02:32:18] my_main Updated target network
[INFO 02:34:15] my_main t_env: 1409189 / 2050000
[INFO 02:34:15] my_main Estimated time left: 3 hours, 54 minutes, 43 seconds. Time passed: 9 hours, 10 minutes, 0 seconds
[INFO 02:35:13] my_main Recent Stats | t_env:    1409189 | Episode:    11439
battle_won_mean:           0.0741	dead_allies_mean:         14.9897	dead_enemies_mean:         9.1597	div_coef:                84790.2334
div_loss:                 -0.0001	ep_length_mean:          197.6281	epsilon:                   0.0500	grad_norm:               105.4526
loss:                     -6.0811	loss_td:                   1.3814	q_taken_mean:              0.9164	return_mean:               7.4392
return_std:                5.7737	target_mean:               0.9095	td_error_abs:              0.4881	test_battle_won_mean:      0.0063
test_dead_allies_mean:    11.4062	test_dead_enemies_mean:    3.8125	test_ep_length_mean:     199.0188	test_return_mean:          3.4072
test_return_std:           2.7474	
[INFO 02:37:47] my_main t_env: 1419212 / 2050000
[INFO 02:37:47] my_main Estimated time left: 3 hours, 42 minutes, 54 seconds. Time passed: 9 hours, 13 minutes, 32 seconds
[INFO 02:38:45] my_main Recent Stats | t_env:    1419212 | Episode:    11490
battle_won_mean:           0.0624	dead_allies_mean:         14.8407	dead_enemies_mean:         8.8931	div_coef:                81363.0633
div_loss:                 -0.0001	ep_length_mean:          197.6555	epsilon:                   0.0500	grad_norm:               121.5151
loss:                     -5.7010	loss_td:                   1.4686	q_taken_mean:              0.9035	return_mean:               7.1716
return_std:                5.6351	target_mean:               0.9088	td_error_abs:              0.5574	test_battle_won_mean:      0.0000
test_dead_allies_mean:    11.0500	test_dead_enemies_mean:    3.3813	test_ep_length_mean:     199.7937	test_return_mean:          3.0890
test_return_std:           2.1724	
[INFO 02:41:22] my_main t_env: 1429397 / 2050000
[INFO 02:41:22] my_main Estimated time left: 3 hours, 37 minutes, 49 seconds. Time passed: 9 hours, 17 minutes, 7 seconds
[INFO 02:42:21] my_main Recent Stats | t_env:    1429397 | Episode:    11542
battle_won_mean:           0.0544	dead_allies_mean:         14.9066	dead_enemies_mean:         9.1147	div_coef:                77864.3107
div_loss:                 -0.0001	ep_length_mean:          197.5070	epsilon:                   0.0500	grad_norm:               120.4254
loss:                     -5.3500	loss_td:                   1.5210	q_taken_mean:              0.9001	return_mean:               7.2772
return_std:                5.5738	target_mean:               0.9031	td_error_abs:              0.5902	test_battle_won_mean:      0.0063
test_dead_allies_mean:    11.6188	test_dead_enemies_mean:    4.1437	test_ep_length_mean:     198.7312	test_return_mean:          3.6344
test_return_std:           2.6112	
[INFO 02:45:03] my_main t_env: 1439418 / 2050000
[INFO 02:45:03] my_main Estimated time left: 3 hours, 44 minutes, 21 seconds. Time passed: 9 hours, 20 minutes, 48 seconds
RequestQuit command received.
DataHandler: unable to parse websocket frame.
CloseHandler: 127.0.0.1:47570 disconnected
Closing Application...
[INFO 02:45:13] absl Shutdown gracefully.
[INFO 02:45:13] absl Shutdown with return code: -15
[INFO 02:45:13] absl Launching SC2: /labmount/users/202535331/MARL/pymarl-monotone-qmix/3rdparty/StarCraftII/Versions/Base75689/SC2_x64 -listen 127.0.0.1 -port 37929 -dataDir /labmount/users/202535331/MARL/pymarl-monotone-qmix/3rdparty/StarCraftII/ -tempDir /tmp/sc-sag8clia/
[INFO 02:45:13] absl Connecting to: ws://127.0.0.1:37929/sc2api, attempt: 0, running: True
Version: B75689 (SC2.4.10)
Build: Aug 12 2019 17:16:57
Command Line: '"/labmount/users/202535331/MARL/pymarl-monotone-qmix/3rdparty/StarCraftII/Versions/Base75689/SC2_x64" -listen 127.0.0.1 -port 37929 -dataDir /labmount/users/202535331/MARL/pymarl-monotone-qmix/3rdparty/StarCraftII/ -tempDir /tmp/sc-sag8clia/'
Starting up...
Startup Phase 1 complete
[INFO 02:45:14] absl Connecting to: ws://127.0.0.1:37929/sc2api, attempt: 1, running: True
Startup Phase 2 complete
Creating stub renderer...
Listening on: 127.0.0.1:37929
Startup Phase 3 complete. Ready for commands.
[INFO 02:45:15] absl Connecting to: ws://127.0.0.1:37929/sc2api, attempt: 2, running: True
ConnectHandler: Request from 127.0.0.1:55100 accepted
ReadyHandler: 127.0.0.1:55100 ready
Requesting to join a single player game
Configuring interface options
Configure: raw interface enabled
Configure: feature layer interface disabled
Configure: score interface disabled
Configure: render interface disabled
Launching next game.
Next launch phase started: 2
Next launch phase started: 3
Next launch phase started: 4
Next launch phase started: 5
Next launch phase started: 6
Next launch phase started: 7
Next launch phase started: 8
Game has started.
Using default stable ids, none found at: /labmount/users/202535331/MARL/pymarl-monotone-qmix/3rdparty/StarCraftII/stableid.json
Successfully loaded stable ids: GameData\stableid.json
Sending ResponseJoinGame
[INFO 02:46:09] my_main Recent Stats | t_env:    1439418 | Episode:    11594
battle_won_mean:           0.0505	dead_allies_mean:         15.0259	dead_enemies_mean:         9.5416	div_coef:                75564.8028
div_loss:                 -0.0001	ep_length_mean:          196.8801	epsilon:                   0.0500	grad_norm:               122.9561
loss:                     -5.1353	loss_td:                   1.5429	q_taken_mean:              0.8989	return_mean:               7.5720
return_std:                5.4770	target_mean:               0.8993	td_error_abs:              0.6304	test_battle_won_mean:      0.0250
test_dead_allies_mean:    12.0188	test_dead_enemies_mean:    5.1000	test_ep_length_mean:     196.9500	test_return_mean:          4.3384
test_return_std:           3.2283	
[INFO 02:46:31] my_main Updated target network
[INFO 02:48:46] my_main t_env: 1449608 / 2050000
[INFO 02:48:46] my_main Estimated time left: 3 hours, 39 minutes, 22 seconds. Time passed: 9 hours, 24 minutes, 31 seconds
[INFO 02:49:45] my_main Recent Stats | t_env:    1449608 | Episode:    11646
battle_won_mean:           0.0543	dead_allies_mean:         15.5954	dead_enemies_mean:        10.2879	div_coef:                74554.7062
div_loss:                 -0.0001	ep_length_mean:          196.1312	epsilon:                   0.0500	grad_norm:               102.7626
loss:                     -5.1934	loss_td:                   1.4488	q_taken_mean:              0.8906	return_mean:               8.0718
return_std:                5.6128	target_mean:               0.8834	td_error_abs:              0.5738	test_battle_won_mean:      0.0250
test_dead_allies_mean:    12.0437	test_dead_enemies_mean:    5.2938	test_ep_length_mean:     197.1562	test_return_mean:          4.4622
test_return_std:           3.3100	
[INFO 02:52:24] my_main t_env: 1459669 / 2050000
[INFO 02:52:24] my_main Estimated time left: 3 hours, 32 minutes, 58 seconds. Time passed: 9 hours, 28 minutes, 9 seconds
[INFO 02:53:22] my_main Recent Stats | t_env:    1459669 | Episode:    11697
battle_won_mean:           0.0621	dead_allies_mean:         15.5993	dead_enemies_mean:        10.4408	div_coef:                74638.2732
div_loss:                 -0.0001	ep_length_mean:          195.6685	epsilon:                   0.0500	grad_norm:               109.3559
loss:                     -5.1930	loss_td:                   1.5248	q_taken_mean:              0.8804	return_mean:               8.1906
return_std:                5.6298	target_mean:               0.8822	td_error_abs:              0.6282	test_battle_won_mean:      0.0312
test_dead_allies_mean:    12.6188	test_dead_enemies_mean:    6.0062	test_ep_length_mean:     196.7688	test_return_mean:          4.9770
test_return_std:           3.9178	
[INFO 02:55:59] my_main t_env: 1469857 / 2050000
[INFO 02:55:59] my_main Estimated time left: 3 hours, 23 minutes, 51 seconds. Time passed: 9 hours, 31 minutes, 44 seconds
[INFO 02:56:56] my_main Recent Stats | t_env:    1469857 | Episode:    11748
battle_won_mean:           0.0465	dead_allies_mean:         15.2581	dead_enemies_mean:         9.9388	div_coef:                74828.8591
div_loss:                 -0.0001	ep_length_mean:          196.3155	epsilon:                   0.0500	grad_norm:                91.2718
loss:                     -5.4000	loss_td:                   1.3959	q_taken_mean:              0.8914	return_mean:               7.7828
return_std:                5.3838	target_mean:               0.8830	td_error_abs:              0.5100	test_battle_won_mean:      0.0375
test_dead_allies_mean:    13.2875	test_dead_enemies_mean:    6.7500	test_ep_length_mean:     196.4938	test_return_mean:          5.4582
test_return_std:           4.4714	
[INFO 02:59:36] my_main t_env: 1479949 / 2050000
[INFO 02:59:36] my_main Estimated time left: 3 hours, 24 minutes, 30 seconds. Time passed: 9 hours, 35 minutes, 21 seconds
RequestQuit command received.
DataHandler: unable to parse websocket frame.
CloseHandler: 127.0.0.1:55100 disconnected
Closing Application...
[INFO 02:59:43] absl Shutdown gracefully.
[INFO 02:59:43] absl Shutdown with return code: -15
[INFO 02:59:43] absl Launching SC2: /labmount/users/202535331/MARL/pymarl-monotone-qmix/3rdparty/StarCraftII/Versions/Base75689/SC2_x64 -listen 127.0.0.1 -port 37995 -dataDir /labmount/users/202535331/MARL/pymarl-monotone-qmix/3rdparty/StarCraftII/ -tempDir /tmp/sc-cz8ggwp7/
[INFO 02:59:43] absl Connecting to: ws://127.0.0.1:37995/sc2api, attempt: 0, running: True
Version: B75689 (SC2.4.10)
Build: Aug 12 2019 17:16:57
Command Line: '"/labmount/users/202535331/MARL/pymarl-monotone-qmix/3rdparty/StarCraftII/Versions/Base75689/SC2_x64" -listen 127.0.0.1 -port 37995 -dataDir /labmount/users/202535331/MARL/pymarl-monotone-qmix/3rdparty/StarCraftII/ -tempDir /tmp/sc-cz8ggwp7/'
Starting up...
Startup Phase 1 complete
[INFO 02:59:44] absl Connecting to: ws://127.0.0.1:37995/sc2api, attempt: 1, running: True
Startup Phase 2 complete
Creating stub renderer...
Listening on: 127.0.0.1:37995
Startup Phase 3 complete. Ready for commands.
[INFO 02:59:45] absl Connecting to: ws://127.0.0.1:37995/sc2api, attempt: 2, running: True
ConnectHandler: Request from 127.0.0.1:32858 accepted
ReadyHandler: 127.0.0.1:32858 ready
Requesting to join a single player game
Configuring interface options
Configure: raw interface enabled
Configure: feature layer interface disabled
Configure: score interface disabled
Configure: render interface disabled
Launching next game.
Next launch phase started: 2
Next launch phase started: 3
Next launch phase started: 4
Next launch phase started: 5
Next launch phase started: 6
Next launch phase started: 7
Next launch phase started: 8
Game has started.
Using default stable ids, none found at: /labmount/users/202535331/MARL/pymarl-monotone-qmix/3rdparty/StarCraftII/stableid.json
Successfully loaded stable ids: GameData\stableid.json
Sending ResponseJoinGame
[INFO 03:00:41] my_main Recent Stats | t_env:    1479949 | Episode:    11799
battle_won_mean:           0.0623	dead_allies_mean:         15.0314	dead_enemies_mean:         9.9917	div_coef:                74091.4785
div_loss:                 -0.0001	ep_length_mean:          196.7189	epsilon:                   0.0500	grad_norm:                89.4233
loss:                     -5.3962	loss_td:                   1.4020	q_taken_mean:              0.8868	return_mean:               7.8812
return_std:                5.5328	target_mean:               0.8851	td_error_abs:              0.5417	test_battle_won_mean:      0.0312
test_dead_allies_mean:    12.8938	test_dead_enemies_mean:    6.2875	test_ep_length_mean:     197.1250	test_return_mean:          5.1160
test_return_std:           4.0487	
[INFO 03:00:46] my_main Updated target network
[INFO 03:03:24] my_main t_env: 1490094 / 2050000
[INFO 03:03:24] my_main Estimated time left: 3 hours, 29 minutes, 49 seconds. Time passed: 9 hours, 39 minutes, 9 seconds
[INFO 03:04:27] my_main Recent Stats | t_env:    1490094 | Episode:    11851
battle_won_mean:           0.0700	dead_allies_mean:         15.3507	dead_enemies_mean:        10.3109	div_coef:                73857.5545
div_loss:                 -0.0001	ep_length_mean:          197.1959	epsilon:                   0.0500	grad_norm:                83.1502
loss:                     -5.4300	loss_td:                   1.4130	q_taken_mean:              0.8932	return_mean:               8.1406
return_std:                5.6574	target_mean:               0.8940	td_error_abs:              0.4845	test_battle_won_mean:      0.0250
test_dead_allies_mean:    12.7312	test_dead_enemies_mean:    6.0438	test_ep_length_mean:     198.6250	test_return_mean:          4.9404
test_return_std:           4.0120	
[INFO 03:07:09] my_main t_env: 1500187 / 2050000
[INFO 03:07:09] my_main Estimated time left: 3 hours, 24 minutes, 24 seconds. Time passed: 9 hours, 42 minutes, 54 seconds
[INFO 03:08:10] my_main Recent Stats | t_env:    1500187 | Episode:    11903
battle_won_mean:           0.0777	dead_allies_mean:         15.7468	dead_enemies_mean:        10.9840	div_coef:                75129.6822
div_loss:                 -0.0001	ep_length_mean:          196.8228	epsilon:                   0.0500	grad_norm:                94.0338
loss:                     -5.4836	loss_td:                   1.5127	q_taken_mean:              0.9039	return_mean:               8.6486
return_std:                5.7717	target_mean:               0.9127	td_error_abs:              0.5491	test_battle_won_mean:      0.0375
test_dead_allies_mean:    13.5938	test_dead_enemies_mean:    6.9688	test_ep_length_mean:     198.3438	test_return_mean:          5.6224
test_return_std:           4.8972	
[INFO 03:10:51] my_main t_env: 1510267 / 2050000
[INFO 03:10:51] my_main Estimated time left: 3 hours, 18 minutes, 7 seconds. Time passed: 9 hours, 46 minutes, 36 seconds
[INFO 03:11:55] my_main Recent Stats | t_env:    1510267 | Episode:    11955
battle_won_mean:           0.0851	dead_allies_mean:         16.6581	dead_enemies_mean:        11.8804	div_coef:                76114.4736
div_loss:                 -0.0001	ep_length_mean:          196.1371	epsilon:                   0.0500	grad_norm:                84.1651
loss:                     -5.6182	loss_td:                   1.4846	q_taken_mean:              0.9002	return_mean:               9.3208
return_std:                5.8759	target_mean:               0.9093	td_error_abs:              0.5542	test_battle_won_mean:      0.0312
test_dead_allies_mean:    13.9125	test_dead_enemies_mean:    7.3812	test_ep_length_mean:     198.7312	test_return_mean:          5.8594
test_return_std:           4.9750	
[INFO 03:14:18] my_main Updated target network
[INFO 03:14:37] my_main t_env: 1520389 / 2050000
[INFO 03:14:37] my_main Estimated time left: 3 hours, 16 minutes, 48 seconds. Time passed: 9 hours, 50 minutes, 22 seconds
RequestQuit command received.
Closing Application...
DataHandler: unable to parse websocket frame.
CloseHandler: 127.0.0.1:32858 disconnected
[INFO 03:14:39] absl Shutdown gracefully.
[INFO 03:14:39] absl Shutdown with return code: -15
[INFO 03:14:39] absl Launching SC2: /labmount/users/202535331/MARL/pymarl-monotone-qmix/3rdparty/StarCraftII/Versions/Base75689/SC2_x64 -listen 127.0.0.1 -port 44851 -dataDir /labmount/users/202535331/MARL/pymarl-monotone-qmix/3rdparty/StarCraftII/ -tempDir /tmp/sc-t4bqei9z/
[INFO 03:14:40] absl Connecting to: ws://127.0.0.1:44851/sc2api, attempt: 0, running: True
Version: B75689 (SC2.4.10)
Build: Aug 12 2019 17:16:57
Command Line: '"/labmount/users/202535331/MARL/pymarl-monotone-qmix/3rdparty/StarCraftII/Versions/Base75689/SC2_x64" -listen 127.0.0.1 -port 44851 -dataDir /labmount/users/202535331/MARL/pymarl-monotone-qmix/3rdparty/StarCraftII/ -tempDir /tmp/sc-t4bqei9z/'
Starting up...
Startup Phase 1 complete
[INFO 03:14:41] absl Connecting to: ws://127.0.0.1:44851/sc2api, attempt: 1, running: True
Startup Phase 2 complete
Creating stub renderer...
Listening on: 127.0.0.1:44851
Startup Phase 3 complete. Ready for commands.
[INFO 03:14:42] absl Connecting to: ws://127.0.0.1:44851/sc2api, attempt: 2, running: True
ConnectHandler: Request from 127.0.0.1:54660 accepted
ReadyHandler: 127.0.0.1:54660 ready
Requesting to join a single player game
Configuring interface options
Configure: raw interface enabled
Configure: feature layer interface disabled
Configure: score interface disabled
Configure: render interface disabled
Launching next game.
Next launch phase started: 2
Next launch phase started: 3
Next launch phase started: 4
Next launch phase started: 5
Next launch phase started: 6
Next launch phase started: 7
Next launch phase started: 8
Game has started.
Using default stable ids, none found at: /labmount/users/202535331/MARL/pymarl-monotone-qmix/3rdparty/StarCraftII/stableid.json
Successfully loaded stable ids: GameData\stableid.json
Sending ResponseJoinGame
[INFO 03:15:42] my_main Recent Stats | t_env:    1520389 | Episode:    12007
battle_won_mean:           0.1120	dead_allies_mean:         17.3579	dead_enemies_mean:        12.8644	div_coef:                76071.7668
div_loss:                 -0.0001	ep_length_mean:          195.1149	epsilon:                   0.0500	grad_norm:                86.6867
loss:                     -5.6431	loss_td:                   1.4746	q_taken_mean:              0.8989	return_mean:              10.1113
return_std:                6.2755	target_mean:               0.9153	td_error_abs:              0.6123	test_battle_won_mean:      0.0437
test_dead_allies_mean:    14.5875	test_dead_enemies_mean:    8.3438	test_ep_length_mean:     197.6125	test_return_mean:          6.6190
test_return_std:           5.3616	
[INFO 03:18:28] my_main t_env: 1530489 / 2050000
[INFO 03:18:28] my_main Estimated time left: 3 hours, 18 minutes, 1 seconds. Time passed: 9 hours, 54 minutes, 13 seconds
[INFO 03:19:30] my_main Recent Stats | t_env:    1530489 | Episode:    12059
battle_won_mean:           0.1000	dead_allies_mean:         17.7846	dead_enemies_mean:        13.2654	div_coef:                76778.4307
div_loss:                 -0.0001	ep_length_mean:          194.3846	epsilon:                   0.0500	grad_norm:                99.1435
loss:                     -5.6389	loss_td:                   1.5644	q_taken_mean:              0.9069	return_mean:              10.3658
return_std:                6.1962	target_mean:               0.9196	td_error_abs:              0.6089	test_battle_won_mean:      0.0563
test_dead_allies_mean:    14.9625	test_dead_enemies_mean:    8.5813	test_ep_length_mean:     197.7438	test_return_mean:          6.8656
test_return_std:           5.7482	
[INFO 03:22:08] my_main t_env: 1540586 / 2050000
[INFO 03:22:08] my_main Estimated time left: 3 hours, 5 minutes, 31 seconds. Time passed: 9 hours, 57 minutes, 54 seconds
[INFO 03:23:11] my_main Recent Stats | t_env:    1540586 | Episode:    12110
battle_won_mean:           0.0926	dead_allies_mean:         17.6309	dead_enemies_mean:        12.6732	div_coef:                77928.1004
div_loss:                 -0.0001	ep_length_mean:          194.9615	epsilon:                   0.0500	grad_norm:                95.5482
loss:                     -5.9089	loss_td:                   1.4656	q_taken_mean:              0.8823	return_mean:               9.9218
return_std:                6.0873	target_mean:               0.9004	td_error_abs:              0.6459	test_battle_won_mean:      0.0500
test_dead_allies_mean:    15.1188	test_dead_enemies_mean:    8.3187	test_ep_length_mean:     197.9313	test_return_mean:          6.6687
test_return_std:           5.5430	
[INFO 03:25:50] my_main t_env: 1550655 / 2050000
[INFO 03:25:50] my_main Estimated time left: 3 hours, 3 minutes, 34 seconds. Time passed: 10 hours, 1 minutes, 36 seconds
[INFO 03:26:54] my_main Recent Stats | t_env:    1550655 | Episode:    12161
battle_won_mean:           0.0890	dead_allies_mean:         17.3397	dead_enemies_mean:        11.9794	div_coef:                78146.8824
div_loss:                 -0.0001	ep_length_mean:          195.6285	epsilon:                   0.0500	grad_norm:               100.8979
loss:                     -6.0109	loss_td:                   1.4674	q_taken_mean:              0.8973	return_mean:               9.4560
return_std:                6.1046	target_mean:               0.9129	td_error_abs:              0.6083	test_battle_won_mean:      0.0437
test_dead_allies_mean:    14.9375	test_dead_enemies_mean:    7.9750	test_ep_length_mean:     198.1250	test_return_mean:          6.4640
test_return_std:           5.3901	
[INFO 03:29:00] my_main Updated target network
[INFO 03:29:33] my_main t_env: 1560773 / 2050000
[INFO 03:29:33] my_main Estimated time left: 2 hours, 59 minutes, 38 seconds. Time passed: 10 hours, 5 minutes, 19 seconds
RequestQuit command received.
Closing Application...
DataHandler: unable to parse websocket frame.
CloseHandler: 127.0.0.1:54660 disconnected
[INFO 03:29:34] absl Shutdown gracefully.
[INFO 03:29:34] absl Shutdown with return code: -15
[INFO 03:29:34] absl Launching SC2: /labmount/users/202535331/MARL/pymarl-monotone-qmix/3rdparty/StarCraftII/Versions/Base75689/SC2_x64 -listen 127.0.0.1 -port 37269 -dataDir /labmount/users/202535331/MARL/pymarl-monotone-qmix/3rdparty/StarCraftII/ -tempDir /tmp/sc-1uivr5i6/
[INFO 03:29:35] absl Connecting to: ws://127.0.0.1:37269/sc2api, attempt: 0, running: True
Version: B75689 (SC2.4.10)
Build: Aug 12 2019 17:16:57
Command Line: '"/labmount/users/202535331/MARL/pymarl-monotone-qmix/3rdparty/StarCraftII/Versions/Base75689/SC2_x64" -listen 127.0.0.1 -port 37269 -dataDir /labmount/users/202535331/MARL/pymarl-monotone-qmix/3rdparty/StarCraftII/ -tempDir /tmp/sc-1uivr5i6/'
Starting up...
Startup Phase 1 complete
[INFO 03:29:36] absl Connecting to: ws://127.0.0.1:37269/sc2api, attempt: 1, running: True
Startup Phase 2 complete
Creating stub renderer...
Listening on: 127.0.0.1:37269
Startup Phase 3 complete. Ready for commands.
[INFO 03:29:37] absl Connecting to: ws://127.0.0.1:37269/sc2api, attempt: 2, running: True
ConnectHandler: Request from 127.0.0.1:52474 accepted
ReadyHandler: 127.0.0.1:52474 ready
Requesting to join a single player game
Configuring interface options
Configure: raw interface enabled
Configure: feature layer interface disabled
Configure: score interface disabled
Configure: render interface disabled
Launching next game.
Next launch phase started: 2
Next launch phase started: 3
Next launch phase started: 4
Next launch phase started: 5
Next launch phase started: 6
Next launch phase started: 7
Next launch phase started: 8
Game has started.
Using default stable ids, none found at: /labmount/users/202535331/MARL/pymarl-monotone-qmix/3rdparty/StarCraftII/stableid.json
Successfully loaded stable ids: GameData\stableid.json
Sending ResponseJoinGame
[INFO 03:30:39] my_main Recent Stats | t_env:    1560773 | Episode:    12212
battle_won_mean:           0.0777	dead_allies_mean:         16.7775	dead_enemies_mean:        11.1654	div_coef:                77386.5481
div_loss:                 -0.0001	ep_length_mean:          196.5377	epsilon:                   0.0500	grad_norm:               101.4591
loss:                     -6.0312	loss_td:                   1.4625	q_taken_mean:              0.9256	return_mean:               8.8510
return_std:                6.0071	target_mean:               0.9347	td_error_abs:              0.5139	test_battle_won_mean:      0.0500
test_dead_allies_mean:    14.6875	test_dead_enemies_mean:    7.3125	test_ep_length_mean:     196.9313	test_return_mean:          6.0424
test_return_std:           5.2091	
[INFO 03:33:21] my_main t_env: 1570903 / 2050000
[INFO 03:33:21] my_main Estimated time left: 2 hours, 59 minutes, 23 seconds. Time passed: 10 hours, 9 minutes, 6 seconds
[INFO 03:34:23] my_main Recent Stats | t_env:    1570903 | Episode:    12263
battle_won_mean:           0.0664	dead_allies_mean:         16.4620	dead_enemies_mean:        10.5853	div_coef:                76845.6315
div_loss:                 -0.0001	ep_length_mean:          197.3324	epsilon:                   0.0500	grad_norm:                96.1410
loss:                     -6.2358	loss_td:                   1.3168	q_taken_mean:              0.9223	return_mean:               8.4262
return_std:                5.9228	target_mean:               0.9258	td_error_abs:              0.4295	test_battle_won_mean:      0.0500
test_dead_allies_mean:    14.0813	test_dead_enemies_mean:    6.5375	test_ep_length_mean:     197.9688	test_return_mean:          5.5267
test_return_std:           5.1711	
[INFO 03:37:04] my_main t_env: 1580967 / 2050000
[INFO 03:37:04] my_main Estimated time left: 2 hours, 53 minutes, 40 seconds. Time passed: 10 hours, 12 minutes, 50 seconds
[INFO 03:38:08] my_main Recent Stats | t_env:    1580967 | Episode:    12315
battle_won_mean:           0.0857	dead_allies_mean:         16.2312	dead_enemies_mean:        10.3045	div_coef:                75373.6396
div_loss:                 -0.0001	ep_length_mean:          197.1940	epsilon:                   0.0500	grad_norm:               108.3940
loss:                     -6.1939	loss_td:                   1.2949	q_taken_mean:              0.9218	return_mean:               8.3174
return_std:                6.1600	target_mean:               0.9284	td_error_abs:              0.4252	test_battle_won_mean:      0.0375
test_dead_allies_mean:    14.0125	test_dead_enemies_mean:    6.6000	test_ep_length_mean:     197.7688	test_return_mean:          5.5263
test_return_std:           5.1096	
[INFO 03:40:48] my_main t_env: 1591057 / 2050000
[INFO 03:40:48] my_main Estimated time left: 2 hours, 49 minutes, 7 seconds. Time passed: 10 hours, 16 minutes, 33 seconds
[INFO 03:41:51] my_main Recent Stats | t_env:    1591057 | Episode:    12366
battle_won_mean:           0.0974	dead_allies_mean:         15.7293	dead_enemies_mean:         9.7398	div_coef:                72072.8063
div_loss:                 -0.0001	ep_length_mean:          197.1665	epsilon:                   0.0500	grad_norm:               132.4629
loss:                     -5.8242	loss_td:                   1.3788	q_taken_mean:              0.9354	return_mean:               7.9894
return_std:                6.3389	target_mean:               0.9439	td_error_abs:              0.4671	test_battle_won_mean:      0.0312
test_dead_allies_mean:    13.7188	test_dead_enemies_mean:    6.2000	test_ep_length_mean:     197.8625	test_return_mean:          5.2212
test_return_std:           4.7368	
[INFO 03:43:42] my_main Updated target network
RequestQuit command received.
DataHandler: unable to parse websocket frame.
Closing Application...
CloseHandler: 127.0.0.1:52474 disconnected
ResponseThread: No connection, dropping the response.
[INFO 03:44:32] absl Shutdown gracefully.
[INFO 03:44:32] absl Shutdown with return code: -15
[INFO 03:44:32] absl Launching SC2: /labmount/users/202535331/MARL/pymarl-monotone-qmix/3rdparty/StarCraftII/Versions/Base75689/SC2_x64 -listen 127.0.0.1 -port 33957 -dataDir /labmount/users/202535331/MARL/pymarl-monotone-qmix/3rdparty/StarCraftII/ -tempDir /tmp/sc-kospgo7q/
[INFO 03:44:32] absl Connecting to: ws://127.0.0.1:33957/sc2api, attempt: 0, running: True
Version: B75689 (SC2.4.10)
Build: Aug 12 2019 17:16:57
Command Line: '"/labmount/users/202535331/MARL/pymarl-monotone-qmix/3rdparty/StarCraftII/Versions/Base75689/SC2_x64" -listen 127.0.0.1 -port 33957 -dataDir /labmount/users/202535331/MARL/pymarl-monotone-qmix/3rdparty/StarCraftII/ -tempDir /tmp/sc-kospgo7q/'
Starting up...
Startup Phase 1 complete
[INFO 03:44:33] absl Connecting to: ws://127.0.0.1:33957/sc2api, attempt: 1, running: True
Startup Phase 2 complete
Creating stub renderer...
Listening on: 127.0.0.1:33957
Startup Phase 3 complete. Ready for commands.
[INFO 03:44:34] absl Connecting to: ws://127.0.0.1:33957/sc2api, attempt: 2, running: True
ConnectHandler: Request from 127.0.0.1:46364 accepted
ReadyHandler: 127.0.0.1:46364 ready
Requesting to join a single player game
Configuring interface options
Configure: raw interface enabled
Configure: feature layer interface disabled
Configure: score interface disabled
Configure: render interface disabled
Launching next game.
Next launch phase started: 2
Next launch phase started: 3
Next launch phase started: 4
Next launch phase started: 5
Next launch phase started: 6
Next launch phase started: 7
Next launch phase started: 8
Game has started.
Using default stable ids, none found at: /labmount/users/202535331/MARL/pymarl-monotone-qmix/3rdparty/StarCraftII/stableid.json
Successfully loaded stable ids: GameData\stableid.json
Sending ResponseJoinGame
[INFO 03:44:42] my_main t_env: 1601229 / 2050000
[INFO 03:44:42] my_main Estimated time left: 2 hours, 52 minutes, 31 seconds. Time passed: 10 hours, 20 minutes, 28 seconds
[INFO 03:45:44] my_main Recent Stats | t_env:    1601229 | Episode:    12419
battle_won_mean:           0.1083	dead_allies_mean:         15.3384	dead_enemies_mean:         9.5315	div_coef:                68199.4168
div_loss:                 -0.0001	ep_length_mean:          196.0651	epsilon:                   0.0500	grad_norm:               129.3077
loss:                     -5.5452	loss_td:                   1.3030	q_taken_mean:              0.9499	return_mean:               7.8515
return_std:                6.4883	target_mean:               0.9523	td_error_abs:              0.4524	test_battle_won_mean:      0.0250
test_dead_allies_mean:    13.1562	test_dead_enemies_mean:    5.6063	test_ep_length_mean:     197.9500	test_return_mean:          4.7589
test_return_std:           4.1695	
[INFO 03:48:27] my_main t_env: 1611340 / 2050000
[INFO 03:48:27] my_main Estimated time left: 2 hours, 42 minutes, 34 seconds. Time passed: 10 hours, 24 minutes, 12 seconds
[INFO 03:49:30] my_main Recent Stats | t_env:    1611340 | Episode:    12470
battle_won_mean:           0.1044	dead_allies_mean:         14.9540	dead_enemies_mean:         8.9824	div_coef:                65007.9120
div_loss:                 -0.0001	ep_length_mean:          196.0377	epsilon:                   0.0500	grad_norm:               136.0411
loss:                     -5.3209	loss_td:                   1.2536	q_taken_mean:              0.9203	return_mean:               7.4557
return_std:                6.3910	target_mean:               0.9289	td_error_abs:              0.5351	test_battle_won_mean:      0.0187
test_dead_allies_mean:    12.6500	test_dead_enemies_mean:    5.2562	test_ep_length_mean:     199.1438	test_return_mean:          4.5061
test_return_std:           3.6934	
[INFO 03:52:15] my_main t_env: 1621538 / 2050000
[INFO 03:52:15] my_main Estimated time left: 2 hours, 39 minutes, 49 seconds. Time passed: 10 hours, 28 minutes, 1 seconds
[INFO 03:53:18] my_main Recent Stats | t_env:    1621538 | Episode:    12521
battle_won_mean:           0.0926	dead_allies_mean:         14.3305	dead_enemies_mean:         8.1589	div_coef:                63173.2502
div_loss:                 -0.0001	ep_length_mean:          196.3044	epsilon:                   0.0500	grad_norm:               137.9925
loss:                     -5.0588	loss_td:                   1.3340	q_taken_mean:              0.9257	return_mean:               6.8160
return_std:                6.0116	target_mean:               0.9327	td_error_abs:              0.5599	test_battle_won_mean:      0.0000
test_dead_allies_mean:    12.2188	test_dead_enemies_mean:    4.2750	test_ep_length_mean:     199.5000	test_return_mean:          3.7722
test_return_std:           2.7767	
[INFO 03:55:58] my_main t_env: 1631538 / 2050000
[INFO 03:55:58] my_main Estimated time left: 2 hours, 35 minutes, 28 seconds. Time passed: 10 hours, 31 minutes, 44 seconds
[INFO 03:57:04] my_main Recent Stats | t_env:    1631538 | Episode:    12571
battle_won_mean:           0.0619	dead_allies_mean:         13.7748	dead_enemies_mean:         6.8897	div_coef:                62561.9187
div_loss:                 -0.0001	ep_length_mean:          197.5967	epsilon:                   0.0500	grad_norm:               122.1286
loss:                     -5.0996	loss_td:                   1.2545	q_taken_mean:              0.9299	return_mean:               5.7864
return_std:                5.3077	target_mean:               0.9369	td_error_abs:              0.5564	test_battle_won_mean:      0.0000
test_dead_allies_mean:    12.0813	test_dead_enemies_mean:    3.5438	test_ep_length_mean:     199.9812	test_return_mean:          3.2299
test_return_std:           2.0496	
[INFO 03:58:39] my_main Updated target network
RequestQuit command received.
Closing Application...
DataHandler: unable to parse websocket frame.
CloseHandler: 127.0.0.1:46364 disconnected
[INFO 03:59:32] absl Shutdown gracefully.
[INFO 03:59:32] absl Shutdown with return code: -15
[INFO 03:59:32] absl Launching SC2: /labmount/users/202535331/MARL/pymarl-monotone-qmix/3rdparty/StarCraftII/Versions/Base75689/SC2_x64 -listen 127.0.0.1 -port 46721 -dataDir /labmount/users/202535331/MARL/pymarl-monotone-qmix/3rdparty/StarCraftII/ -tempDir /tmp/sc-5nujuw9x/
[INFO 03:59:32] absl Connecting to: ws://127.0.0.1:46721/sc2api, attempt: 0, running: True
Version: B75689 (SC2.4.10)
Build: Aug 12 2019 17:16:57
Command Line: '"/labmount/users/202535331/MARL/pymarl-monotone-qmix/3rdparty/StarCraftII/Versions/Base75689/SC2_x64" -listen 127.0.0.1 -port 46721 -dataDir /labmount/users/202535331/MARL/pymarl-monotone-qmix/3rdparty/StarCraftII/ -tempDir /tmp/sc-5nujuw9x/'
Starting up...
Startup Phase 1 complete
[INFO 03:59:33] absl Connecting to: ws://127.0.0.1:46721/sc2api, attempt: 1, running: True
Startup Phase 2 complete
Creating stub renderer...
Listening on: 127.0.0.1:46721
Startup Phase 3 complete. Ready for commands.
[INFO 03:59:34] absl Connecting to: ws://127.0.0.1:46721/sc2api, attempt: 2, running: True
ConnectHandler: Request from 127.0.0.1:51848 accepted
ReadyHandler: 127.0.0.1:51848 ready
Requesting to join a single player game
Configuring interface options
Configure: raw interface enabled
Configure: feature layer interface disabled
Configure: score interface disabled
Configure: render interface disabled
Launching next game.
Next launch phase started: 2
Next launch phase started: 3
Next launch phase started: 4
Next launch phase started: 5
Next launch phase started: 6
Next launch phase started: 7
Next launch phase started: 8
Game has started.
Using default stable ids, none found at: /labmount/users/202535331/MARL/pymarl-monotone-qmix/3rdparty/StarCraftII/stableid.json
Successfully loaded stable ids: GameData\stableid.json
Sending ResponseJoinGame
[INFO 03:59:52] my_main t_env: 1641687 / 2050000
[INFO 03:59:52] my_main Estimated time left: 2 hours, 36 minutes, 49 seconds. Time passed: 10 hours, 35 minutes, 37 seconds
[INFO 04:00:57] my_main Recent Stats | t_env:    1641687 | Episode:    12622
battle_won_mean:           0.0344	dead_allies_mean:         13.4454	dead_enemies_mean:         6.1838	div_coef:                62925.5835
div_loss:                 -0.0001	ep_length_mean:          197.8280	epsilon:                   0.0500	grad_norm:               105.4197
loss:                     -5.2457	loss_td:                   1.1885	q_taken_mean:              0.9372	return_mean:               5.1816
return_std:                4.5783	target_mean:               0.9429	td_error_abs:              0.5266	test_battle_won_mean:      0.0000
test_dead_allies_mean:    11.8625	test_dead_enemies_mean:    3.1875	test_ep_length_mean:     199.9812	test_return_mean:          2.9844
test_return_std:           1.5968	
[INFO 04:03:37] my_main t_env: 1651846 / 2050000
[INFO 04:03:37] my_main Estimated time left: 2 hours, 27 minutes, 4 seconds. Time passed: 10 hours, 39 minutes, 23 seconds
[INFO 04:04:39] my_main Recent Stats | t_env:    1651846 | Episode:    12673
battle_won_mean:           0.0157	dead_allies_mean:         13.3696	dead_enemies_mean:         5.7725	div_coef:                63707.8440
div_loss:                 -0.0001	ep_length_mean:          199.2824	epsilon:                   0.0500	grad_norm:                93.6270
loss:                     -5.3567	loss_td:                   1.1985	q_taken_mean:              0.9367	return_mean:               4.8532
return_std:                4.0900	target_mean:               0.9431	td_error_abs:              0.5091	test_battle_won_mean:      0.0000
test_dead_allies_mean:    12.2063	test_dead_enemies_mean:    3.3500	test_ep_length_mean:     199.9812	test_return_mean:          3.0894
test_return_std:           1.5993	
[INFO 04:07:19] my_main t_env: 1661846 / 2050000
[INFO 04:07:19] my_main Estimated time left: 2 hours, 23 minutes, 41 seconds. Time passed: 10 hours, 43 minutes, 5 seconds
[INFO 04:08:22] my_main Recent Stats | t_env:    1661846 | Episode:    12723
battle_won_mean:           0.0078	dead_allies_mean:         13.0892	dead_enemies_mean:         5.2150	div_coef:                64525.3119
div_loss:                 -0.0001	ep_length_mean:          199.6314	epsilon:                   0.0500	grad_norm:                90.2543
loss:                     -5.5046	loss_td:                   1.1552	q_taken_mean:              0.9478	return_mean:               4.4380
return_std:                3.4520	target_mean:               0.9513	td_error_abs:              0.4575	test_battle_won_mean:      0.0000
test_dead_allies_mean:    12.5062	test_dead_enemies_mean:    3.5250	test_ep_length_mean:     199.9812	test_return_mean:          3.2139
test_return_std:           1.8126	
[INFO 04:10:59] my_main t_env: 1671846 / 2050000
[INFO 04:10:59] my_main Estimated time left: 2 hours, 18 minutes, 37 seconds. Time passed: 10 hours, 46 minutes, 45 seconds
[INFO 04:12:03] my_main Recent Stats | t_env:    1671846 | Episode:    12773
battle_won_mean:           0.0039	dead_allies_mean:         13.1446	dead_enemies_mean:         5.1392	div_coef:                64582.3194
div_loss:                 -0.0001	ep_length_mean:          199.6392	epsilon:                   0.0500	grad_norm:               100.2247
loss:                     -5.4918	loss_td:                   1.2125	q_taken_mean:              0.9494	return_mean:               4.3909
return_std:                3.3199	target_mean:               0.9589	td_error_abs:              0.4923	test_battle_won_mean:      0.0000
test_dead_allies_mean:    12.5875	test_dead_enemies_mean:    3.6125	test_ep_length_mean:     199.9812	test_return_mean:          3.2692
test_return_std:           1.7386	
[INFO 04:13:29] my_main Updated target network
RequestQuit command received.
DataHandler: unable to parse websocket frame.
Closing Application...
CloseHandler: 127.0.0.1:51848 disconnected
ResponseThread: No connection, dropping the response.
[INFO 04:14:19] absl Shutdown gracefully.
[INFO 04:14:19] absl Shutdown with return code: -15
[INFO 04:14:19] absl Launching SC2: /labmount/users/202535331/MARL/pymarl-monotone-qmix/3rdparty/StarCraftII/Versions/Base75689/SC2_x64 -listen 127.0.0.1 -port 40389 -dataDir /labmount/users/202535331/MARL/pymarl-monotone-qmix/3rdparty/StarCraftII/ -tempDir /tmp/sc-6vj2gn0c/
[INFO 04:14:19] absl Connecting to: ws://127.0.0.1:40389/sc2api, attempt: 0, running: True
Version: B75689 (SC2.4.10)
Build: Aug 12 2019 17:16:57
Command Line: '"/labmount/users/202535331/MARL/pymarl-monotone-qmix/3rdparty/StarCraftII/Versions/Base75689/SC2_x64" -listen 127.0.0.1 -port 40389 -dataDir /labmount/users/202535331/MARL/pymarl-monotone-qmix/3rdparty/StarCraftII/ -tempDir /tmp/sc-6vj2gn0c/'
Starting up...
Startup Phase 1 complete
[INFO 04:14:20] absl Connecting to: ws://127.0.0.1:40389/sc2api, attempt: 1, running: True
Startup Phase 2 complete
Creating stub renderer...
Listening on: 127.0.0.1:40389
Startup Phase 3 complete. Ready for commands.
[INFO 04:14:21] absl Connecting to: ws://127.0.0.1:40389/sc2api, attempt: 2, running: True
ConnectHandler: Request from 127.0.0.1:48048 accepted
ReadyHandler: 127.0.0.1:48048 ready
Requesting to join a single player game
Configuring interface options
Configure: raw interface enabled
Configure: feature layer interface disabled
Configure: score interface disabled
Configure: render interface disabled
Launching next game.
Next launch phase started: 2
Next launch phase started: 3
Next launch phase started: 4
Next launch phase started: 5
Next launch phase started: 6
Next launch phase started: 7
Next launch phase started: 8
Game has started.
Using default stable ids, none found at: /labmount/users/202535331/MARL/pymarl-monotone-qmix/3rdparty/StarCraftII/stableid.json
Successfully loaded stable ids: GameData\stableid.json
Sending ResponseJoinGame
[INFO 04:14:46] my_main t_env: 1681942 / 2050000
[INFO 04:14:46] my_main Estimated time left: 2 hours, 17 minutes, 34 seconds. Time passed: 10 hours, 50 minutes, 31 seconds
[INFO 04:15:48] my_main Recent Stats | t_env:    1681942 | Episode:    12824
battle_won_mean:           0.0039	dead_allies_mean:         13.2730	dead_enemies_mean:         5.1353	div_coef:                64264.7482
div_loss:                 -0.0001	ep_length_mean:          199.2314	epsilon:                   0.0500	grad_norm:                88.6600
loss:                     -5.5424	loss_td:                   1.1841	q_taken_mean:              0.9437	return_mean:               4.3771
return_std:                3.1291	target_mean:               0.9531	td_error_abs:              0.4926	test_battle_won_mean:      0.0000
test_dead_allies_mean:    12.0938	test_dead_enemies_mean:    3.3687	test_ep_length_mean:     200.0000	test_return_mean:          3.1565
test_return_std:           1.7105	
[INFO 04:18:25] my_main t_env: 1691942 / 2050000
[INFO 04:18:25] my_main Estimated time left: 2 hours, 11 minutes, 3 seconds. Time passed: 10 hours, 54 minutes, 11 seconds
[INFO 04:19:25] my_main Recent Stats | t_env:    1691942 | Episode:    12874
battle_won_mean:           0.0039	dead_allies_mean:         13.3925	dead_enemies_mean:         5.3540	div_coef:                64293.2611
div_loss:                 -0.0001	ep_length_mean:          199.4314	epsilon:                   0.0500	grad_norm:                90.0512
loss:                     -5.5063	loss_td:                   1.2783	q_taken_mean:              0.9549	return_mean:               4.5179
return_std:                3.3142	target_mean:               0.9558	td_error_abs:              0.5051	test_battle_won_mean:      0.0000
test_dead_allies_mean:    12.7250	test_dead_enemies_mean:    3.9875	test_ep_length_mean:     200.0000	test_return_mean:          3.5919
test_return_std:           2.2067	
[INFO 04:22:02] my_main t_env: 1702140 / 2050000
[INFO 04:22:02] my_main Estimated time left: 2 hours, 3 minutes, 15 seconds. Time passed: 10 hours, 57 minutes, 48 seconds
[INFO 04:23:00] my_main Recent Stats | t_env:    1702140 | Episode:    12925
battle_won_mean:           0.0039	dead_allies_mean:         13.4945	dead_enemies_mean:         5.2521	div_coef:                64522.6589
div_loss:                 -0.0001	ep_length_mean:          199.5843	epsilon:                   0.0500	grad_norm:                89.6402
loss:                     -5.5634	loss_td:                   1.2978	q_taken_mean:              0.9488	return_mean:               4.4286
return_std:                3.2601	target_mean:               0.9506	td_error_abs:              0.4921	test_battle_won_mean:      0.0000
test_dead_allies_mean:    12.9688	test_dead_enemies_mean:    4.2062	test_ep_length_mean:     200.0000	test_return_mean:          3.7171
test_return_std:           2.4421	
[INFO 04:25:35] my_main t_env: 1712140 / 2050000
[INFO 04:25:35] my_main Estimated time left: 1 hours, 59 minutes, 43 seconds. Time passed: 11 hours, 1 minutes, 20 seconds
[INFO 04:26:37] my_main Recent Stats | t_env:    1712140 | Episode:    12975
battle_won_mean:           0.0039	dead_allies_mean:         13.9305	dead_enemies_mean:         5.5881	div_coef:                64958.4503
div_loss:                 -0.0001	ep_length_mean:          199.5843	epsilon:                   0.0500	grad_norm:                74.1263
loss:                     -5.6826	loss_td:                   1.2860	q_taken_mean:              0.9529	return_mean:               4.6734
return_std:                3.5168	target_mean:               0.9530	td_error_abs:              0.4581	test_battle_won_mean:      0.0000
test_dead_allies_mean:    12.9500	test_dead_enemies_mean:    4.0187	test_ep_length_mean:     200.0000	test_return_mean:          3.5885
test_return_std:           2.1921	
[INFO 04:27:59] my_main Updated target network
RequestQuit command received.
DataHandler: unable to parse websocket frame.
Closing Application...
CloseHandler: 127.0.0.1:48048 disconnected
ResponseThread: No connection, dropping the response.
[INFO 04:28:51] absl Shutdown gracefully.
[INFO 04:28:51] absl Shutdown with return code: -15
[INFO 04:28:51] absl Launching SC2: /labmount/users/202535331/MARL/pymarl-monotone-qmix/3rdparty/StarCraftII/Versions/Base75689/SC2_x64 -listen 127.0.0.1 -port 43253 -dataDir /labmount/users/202535331/MARL/pymarl-monotone-qmix/3rdparty/StarCraftII/ -tempDir /tmp/sc-smj9a_eh/
[INFO 04:28:52] absl Connecting to: ws://127.0.0.1:43253/sc2api, attempt: 0, running: True
Version: B75689 (SC2.4.10)
Build: Aug 12 2019 17:16:57
Command Line: '"/labmount/users/202535331/MARL/pymarl-monotone-qmix/3rdparty/StarCraftII/Versions/Base75689/SC2_x64" -listen 127.0.0.1 -port 43253 -dataDir /labmount/users/202535331/MARL/pymarl-monotone-qmix/3rdparty/StarCraftII/ -tempDir /tmp/sc-smj9a_eh/'
Starting up...
Startup Phase 1 complete
[INFO 04:28:53] absl Connecting to: ws://127.0.0.1:43253/sc2api, attempt: 1, running: True
Startup Phase 2 complete
Creating stub renderer...
Listening on: 127.0.0.1:43253
Startup Phase 3 complete. Ready for commands.
[INFO 04:28:54] absl Connecting to: ws://127.0.0.1:43253/sc2api, attempt: 2, running: True
ConnectHandler: Request from 127.0.0.1:47494 accepted
ReadyHandler: 127.0.0.1:47494 ready
Requesting to join a single player game
Configuring interface options
Configure: raw interface enabled
Configure: feature layer interface disabled
Configure: score interface disabled
Configure: render interface disabled
Launching next game.
Next launch phase started: 2
Next launch phase started: 3
Next launch phase started: 4
Next launch phase started: 5
Next launch phase started: 6
Next launch phase started: 7
Next launch phase started: 8
Game has started.
Using default stable ids, none found at: /labmount/users/202535331/MARL/pymarl-monotone-qmix/3rdparty/StarCraftII/stableid.json
Successfully loaded stable ids: GameData\stableid.json
Sending ResponseJoinGame
[INFO 04:29:24] my_main t_env: 1722197 / 2050000
[INFO 04:29:24] my_main Estimated time left: 2 hours, 4 minutes, 33 seconds. Time passed: 11 hours, 5 minutes, 9 seconds
[INFO 04:30:26] my_main Recent Stats | t_env:    1722197 | Episode:    13026
battle_won_mean:           0.0039	dead_allies_mean:         13.9104	dead_enemies_mean:         5.4795	div_coef:                65436.8541
div_loss:                 -0.0001	ep_length_mean:          199.0235	epsilon:                   0.0500	grad_norm:                62.2358
loss:                     -5.8205	loss_td:                   1.2680	q_taken_mean:              0.9559	return_mean:               4.6004
return_std:                3.4622	target_mean:               0.9501	td_error_abs:              0.4185	test_battle_won_mean:      0.0000
test_dead_allies_mean:    13.2937	test_dead_enemies_mean:    4.7812	test_ep_length_mean:     200.0000	test_return_mean:          4.1430
test_return_std:           2.7552	
[INFO 04:33:04] my_main t_env: 1732197 / 2050000
[INFO 04:33:04] my_main Estimated time left: 1 hours, 56 minutes, 41 seconds. Time passed: 11 hours, 8 minutes, 50 seconds
[INFO 04:34:07] my_main Recent Stats | t_env:    1732197 | Episode:    13076
battle_won_mean:           0.0039	dead_allies_mean:         13.9300	dead_enemies_mean:         5.6235	div_coef:                65083.2791
div_loss:                 -0.0001	ep_length_mean:          199.4314	epsilon:                   0.0500	grad_norm:                69.9936
loss:                     -5.8120	loss_td:                   1.2934	q_taken_mean:              0.9678	return_mean:               4.7186
return_std:                3.5592	target_mean:               0.9572	td_error_abs:              0.3823	test_battle_won_mean:      0.0000
test_dead_allies_mean:    14.1500	test_dead_enemies_mean:    6.0187	test_ep_length_mean:     200.0000	test_return_mean:          5.0102
test_return_std:           3.4614	
[INFO 04:36:47] my_main t_env: 1742389 / 2050000
[INFO 04:36:47] my_main Estimated time left: 1 hours, 51 minutes, 48 seconds. Time passed: 11 hours, 12 minutes, 32 seconds
[INFO 04:37:50] my_main Recent Stats | t_env:    1742389 | Episode:    13127
battle_won_mean:           0.0078	dead_allies_mean:         14.1673	dead_enemies_mean:         5.5576	div_coef:                63225.4322
div_loss:                 -0.0001	ep_length_mean:          199.4000	epsilon:                   0.0500	grad_norm:                68.1056
loss:                     -5.7537	loss_td:                   1.1780	q_taken_mean:              0.9499	return_mean:               4.7128
return_std:                3.5264	target_mean:               0.9424	td_error_abs:              0.3210	test_battle_won_mean:      0.0000
test_dead_allies_mean:    13.5500	test_dead_enemies_mean:    5.3750	test_ep_length_mean:     200.0000	test_return_mean:          4.5656
test_return_std:           2.9805	
[INFO 04:40:30] my_main t_env: 1752530 / 2050000
[INFO 04:40:30] my_main Estimated time left: 1 hours, 49 minutes, 2 seconds. Time passed: 11 hours, 16 minutes, 15 seconds
[INFO 04:41:31] my_main Recent Stats | t_env:    1752530 | Episode:    13178
battle_won_mean:           0.0078	dead_allies_mean:         14.0732	dead_enemies_mean:         5.3969	div_coef:                60160.4080
div_loss:                 -0.0001	ep_length_mean:          199.1765	epsilon:                   0.0500	grad_norm:                78.9491
loss:                     -5.4976	loss_td:                   1.1299	q_taken_mean:              0.9411	return_mean:               4.5945
return_std:                3.4545	target_mean:               0.9389	td_error_abs:              0.3698	test_battle_won_mean:      0.0063
test_dead_allies_mean:    13.9187	test_dead_enemies_mean:    6.2313	test_ep_length_mean:     199.9875	test_return_mean:          5.2339
test_return_std:           3.2510	
[INFO 04:42:42] my_main Updated target network
RequestQuit command received.
DataHandler: unable to parse websocket frame.
CloseHandler: 127.0.0.1:47494 disconnected
Closing Application...
[INFO 04:43:33] absl Shutdown gracefully.
[INFO 04:43:33] absl Shutdown with return code: -15
[INFO 04:43:33] absl Launching SC2: /labmount/users/202535331/MARL/pymarl-monotone-qmix/3rdparty/StarCraftII/Versions/Base75689/SC2_x64 -listen 127.0.0.1 -port 45653 -dataDir /labmount/users/202535331/MARL/pymarl-monotone-qmix/3rdparty/StarCraftII/ -tempDir /tmp/sc-5zfv8zfh/
[INFO 04:43:34] absl Connecting to: ws://127.0.0.1:45653/sc2api, attempt: 0, running: True
Version: B75689 (SC2.4.10)
Build: Aug 12 2019 17:16:57
Command Line: '"/labmount/users/202535331/MARL/pymarl-monotone-qmix/3rdparty/StarCraftII/Versions/Base75689/SC2_x64" -listen 127.0.0.1 -port 45653 -dataDir /labmount/users/202535331/MARL/pymarl-monotone-qmix/3rdparty/StarCraftII/ -tempDir /tmp/sc-5zfv8zfh/'
Starting up...
Startup Phase 1 complete
[INFO 04:43:35] absl Connecting to: ws://127.0.0.1:45653/sc2api, attempt: 1, running: True
Startup Phase 2 complete
Creating stub renderer...
Listening on: 127.0.0.1:45653
Startup Phase 3 complete. Ready for commands.
[INFO 04:43:36] absl Connecting to: ws://127.0.0.1:45653/sc2api, attempt: 2, running: True
ConnectHandler: Request from 127.0.0.1:42790 accepted
ReadyHandler: 127.0.0.1:42790 ready
Requesting to join a single player game
Configuring interface options
Configure: raw interface enabled
Configure: feature layer interface disabled
Configure: score interface disabled
Configure: render interface disabled
Launching next game.
Next launch phase started: 2
Next launch phase started: 3
Next launch phase started: 4
Next launch phase started: 5
Next launch phase started: 6
Next launch phase started: 7
Next launch phase started: 8
Game has started.
Using default stable ids, none found at: /labmount/users/202535331/MARL/pymarl-monotone-qmix/3rdparty/StarCraftII/stableid.json
Successfully loaded stable ids: GameData\stableid.json
Sending ResponseJoinGame
[INFO 04:44:14] my_main t_env: 1762654 / 2050000
[INFO 04:44:14] my_main Estimated time left: 1 hours, 46 minutes, 17 seconds. Time passed: 11 hours, 20 minutes, 0 seconds
[INFO 04:45:15] my_main Recent Stats | t_env:    1762654 | Episode:    13229
battle_won_mean:           0.0118	dead_allies_mean:         13.8863	dead_enemies_mean:         5.4616	div_coef:                56500.6883
div_loss:                 -0.0001	ep_length_mean:          198.8784	epsilon:                   0.0500	grad_norm:                93.8863
loss:                     -5.0933	loss_td:                   1.1567	q_taken_mean:              0.9465	return_mean:               4.6522
return_std:                3.6752	target_mean:               0.9400	td_error_abs:              0.4113	test_battle_won_mean:      0.0063
test_dead_allies_mean:    13.8688	test_dead_enemies_mean:    6.1063	test_ep_length_mean:     199.9875	test_return_mean:          5.1738
test_return_std:           3.2206	
[INFO 04:47:49] my_main t_env: 1772654 / 2050000
[INFO 04:47:49] my_main Estimated time left: 1 hours, 39 minutes, 12 seconds. Time passed: 11 hours, 23 minutes, 34 seconds
[INFO 04:48:51] my_main Recent Stats | t_env:    1772654 | Episode:    13279
battle_won_mean:           0.0118	dead_allies_mean:         13.8424	dead_enemies_mean:         5.2821	div_coef:                53509.2869
div_loss:                 -0.0001	ep_length_mean:          199.4392	epsilon:                   0.0500	grad_norm:               112.7771
loss:                     -4.7455	loss_td:                   1.1914	q_taken_mean:              0.9516	return_mean:               4.5315
return_std:                3.5844	target_mean:               0.9513	td_error_abs:              0.4543	test_battle_won_mean:      0.0063
test_dead_allies_mean:    13.4000	test_dead_enemies_mean:    5.2938	test_ep_length_mean:     199.9875	test_return_mean:          4.5873
test_return_std:           2.8960	
[INFO 04:51:27] my_main t_env: 1782654 / 2050000
[INFO 04:51:27] my_main Estimated time left: 1 hours, 37 minutes, 2 seconds. Time passed: 11 hours, 27 minutes, 12 seconds
[INFO 04:52:28] my_main Recent Stats | t_env:    1782654 | Episode:    13329
battle_won_mean:           0.0118	dead_allies_mean:         13.9224	dead_enemies_mean:         5.5141	div_coef:                52220.6233
div_loss:                 -0.0001	ep_length_mean:          199.4392	epsilon:                   0.0500	grad_norm:               111.2705
loss:                     -4.6243	loss_td:                   1.1844	q_taken_mean:              0.9479	return_mean:               4.6988
return_std:                3.8734	target_mean:               0.9535	td_error_abs:              0.5091	test_battle_won_mean:      0.0063
test_dead_allies_mean:    12.8688	test_dead_enemies_mean:    4.2438	test_ep_length_mean:     199.9875	test_return_mean:          3.8707
test_return_std:           2.4344	
[INFO 04:55:02] my_main t_env: 1792654 / 2050000
[INFO 04:55:02] my_main Estimated time left: 1 hours, 32 minutes, 10 seconds. Time passed: 11 hours, 30 minutes, 47 seconds
[INFO 04:56:02] my_main Recent Stats | t_env:    1792654 | Episode:    13379
battle_won_mean:           0.0078	dead_allies_mean:         13.7931	dead_enemies_mean:         5.4279	div_coef:                52355.4703
div_loss:                 -0.0001	ep_length_mean:          199.4706	epsilon:                   0.0500	grad_norm:               113.8608
loss:                     -4.6630	loss_td:                   1.1765	q_taken_mean:              0.9407	return_mean:               4.6085
return_std:                3.8497	target_mean:               0.9503	td_error_abs:              0.5343	test_battle_won_mean:      0.0250
test_dead_allies_mean:    13.6875	test_dead_enemies_mean:    6.0312	test_ep_length_mean:     199.9500	test_return_mean:          5.1513
test_return_std:           3.4037	
[INFO 04:57:09] my_main Updated target network
RequestQuit command received.
DataHandler: unable to parse websocket frame.
CloseHandler: 127.0.0.1:42790 disconnected
Closing Application...
[INFO 04:57:58] absl Shutdown gracefully.
[INFO 04:57:58] absl Shutdown with return code: -15
[INFO 04:57:58] absl Launching SC2: /labmount/users/202535331/MARL/pymarl-monotone-qmix/3rdparty/StarCraftII/Versions/Base75689/SC2_x64 -listen 127.0.0.1 -port 46383 -dataDir /labmount/users/202535331/MARL/pymarl-monotone-qmix/3rdparty/StarCraftII/ -tempDir /tmp/sc-ytavlrda/
[INFO 04:57:58] absl Connecting to: ws://127.0.0.1:46383/sc2api, attempt: 0, running: True
Version: B75689 (SC2.4.10)
Build: Aug 12 2019 17:16:57
Command Line: '"/labmount/users/202535331/MARL/pymarl-monotone-qmix/3rdparty/StarCraftII/Versions/Base75689/SC2_x64" -listen 127.0.0.1 -port 46383 -dataDir /labmount/users/202535331/MARL/pymarl-monotone-qmix/3rdparty/StarCraftII/ -tempDir /tmp/sc-ytavlrda/'
Starting up...
Startup Phase 1 complete
[INFO 04:57:59] absl Connecting to: ws://127.0.0.1:46383/sc2api, attempt: 1, running: True
Startup Phase 2 complete
Creating stub renderer...
Listening on: 127.0.0.1:46383
Startup Phase 3 complete. Ready for commands.
[INFO 04:58:00] absl Connecting to: ws://127.0.0.1:46383/sc2api, attempt: 2, running: True
ConnectHandler: Request from 127.0.0.1:57718 accepted
ReadyHandler: 127.0.0.1:57718 ready
Requesting to join a single player game
Configuring interface options
Configure: raw interface enabled
Configure: feature layer interface disabled
Configure: score interface disabled
Configure: render interface disabled
Launching next game.
Next launch phase started: 2
Next launch phase started: 3
Next launch phase started: 4
Next launch phase started: 5
Next launch phase started: 6
Next launch phase started: 7
Next launch phase started: 8
Game has started.
Using default stable ids, none found at: /labmount/users/202535331/MARL/pymarl-monotone-qmix/3rdparty/StarCraftII/stableid.json
Successfully loaded stable ids: GameData\stableid.json
Sending ResponseJoinGame
[INFO 04:58:42] my_main t_env: 1802715 / 2050000
[INFO 04:58:42] my_main Estimated time left: 1 hours, 30 minutes, 15 seconds. Time passed: 11 hours, 34 minutes, 27 seconds
[INFO 04:59:40] my_main Recent Stats | t_env:    1802715 | Episode:    13430
battle_won_mean:           0.0039	dead_allies_mean:         14.1147	dead_enemies_mean:         6.2711	div_coef:                53746.5613
div_loss:                 -0.0001	ep_length_mean:          199.1569	epsilon:                   0.0500	grad_norm:                98.2359
loss:                     -4.8806	loss_td:                   1.1275	q_taken_mean:              0.9436	return_mean:               5.1637
return_std:                4.1874	target_mean:               0.9487	td_error_abs:              0.4726	test_battle_won_mean:      0.0750
test_dead_allies_mean:    13.9187	test_dead_enemies_mean:    7.2562	test_ep_length_mean:     199.8063	test_return_mean:          6.1803
test_return_std:           3.7319	
[INFO 05:02:16] my_main t_env: 1812912 / 2050000
[INFO 05:02:16] my_main Estimated time left: 1 hours, 22 minutes, 47 seconds. Time passed: 11 hours, 38 minutes, 1 seconds
[INFO 05:03:16] my_main Recent Stats | t_env:    1812912 | Episode:    13481
battle_won_mean:           0.0039	dead_allies_mean:         14.4205	dead_enemies_mean:         6.5730	div_coef:                54962.7103
div_loss:                 -0.0001	ep_length_mean:          199.4431	epsilon:                   0.0500	grad_norm:                92.5808
loss:                     -5.1103	loss_td:                   1.0550	q_taken_mean:              0.9473	return_mean:               5.3721
return_std:                4.2113	target_mean:               0.9547	td_error_abs:              0.4312	test_battle_won_mean:      0.0750
test_dead_allies_mean:    14.1375	test_dead_enemies_mean:    7.2500	test_ep_length_mean:     199.8063	test_return_mean:          6.1819
test_return_std:           3.8328	
[INFO 05:05:58] my_main t_env: 1823111 / 2050000
[INFO 05:05:58] my_main Estimated time left: 1 hours, 22 minutes, 35 seconds. Time passed: 11 hours, 41 minutes, 44 seconds
[INFO 05:06:55] my_main Recent Stats | t_env:    1823111 | Episode:    13532
battle_won_mean:           0.0118	dead_allies_mean:         14.8762	dead_enemies_mean:         7.5368	div_coef:                54103.7094
div_loss:                 -0.0001	ep_length_mean:          199.4392	epsilon:                   0.0500	grad_norm:                93.3234
loss:                     -4.9913	loss_td:                   1.1036	q_taken_mean:              0.9445	return_mean:               6.0891
return_std:                4.7660	target_mean:               0.9417	td_error_abs:              0.4772	test_battle_won_mean:      0.0750
test_dead_allies_mean:    14.6188	test_dead_enemies_mean:    7.5875	test_ep_length_mean:     199.8063	test_return_mean:          6.4378
test_return_std:           4.0206	
[INFO 05:09:30] my_main t_env: 1833111 / 2050000
[INFO 05:09:30] my_main Estimated time left: 1 hours, 16 minutes, 19 seconds. Time passed: 11 hours, 45 minutes, 15 seconds
[INFO 05:10:28] my_main Recent Stats | t_env:    1833111 | Episode:    13582
battle_won_mean:           0.0158	dead_allies_mean:         14.8482	dead_enemies_mean:         7.2528	div_coef:                51819.1519
div_loss:                 -0.0001	ep_length_mean:          199.4392	epsilon:                   0.0500	grad_norm:                94.1536
loss:                     -4.7995	loss_td:                   1.0544	q_taken_mean:              0.9341	return_mean:               5.9014
return_std:                4.6127	target_mean:               0.9309	td_error_abs:              0.4678	test_battle_won_mean:      0.0750
test_dead_allies_mean:    14.7250	test_dead_enemies_mean:    7.5250	test_ep_length_mean:     199.8063	test_return_mean:          6.3558
test_return_std:           3.9619	
[INFO 05:11:28] my_main Updated target network
RequestQuit command received.
DataHandler: unable to parse websocket frame.
CloseHandler: 127.0.0.1:57718 disconnected
Closing Application...
[INFO 05:12:19] absl Shutdown gracefully.
[INFO 05:12:19] absl Shutdown with return code: -15
[INFO 05:12:19] absl Launching SC2: /labmount/users/202535331/MARL/pymarl-monotone-qmix/3rdparty/StarCraftII/Versions/Base75689/SC2_x64 -listen 127.0.0.1 -port 40693 -dataDir /labmount/users/202535331/MARL/pymarl-monotone-qmix/3rdparty/StarCraftII/ -tempDir /tmp/sc-aot14dg7/
[INFO 05:12:19] absl Connecting to: ws://127.0.0.1:40693/sc2api, attempt: 0, running: True
Version: B75689 (SC2.4.10)
Build: Aug 12 2019 17:16:57
Command Line: '"/labmount/users/202535331/MARL/pymarl-monotone-qmix/3rdparty/StarCraftII/Versions/Base75689/SC2_x64" -listen 127.0.0.1 -port 40693 -dataDir /labmount/users/202535331/MARL/pymarl-monotone-qmix/3rdparty/StarCraftII/ -tempDir /tmp/sc-aot14dg7/'
Starting up...
Startup Phase 1 complete
[INFO 05:12:20] absl Connecting to: ws://127.0.0.1:40693/sc2api, attempt: 1, running: True
Startup Phase 2 complete
Creating stub renderer...
Listening on: 127.0.0.1:40693
Startup Phase 3 complete. Ready for commands.
[INFO 05:12:21] absl Connecting to: ws://127.0.0.1:40693/sc2api, attempt: 2, running: True
ConnectHandler: Request from 127.0.0.1:53658 accepted
ReadyHandler: 127.0.0.1:53658 ready
Requesting to join a single player game
Configuring interface options
Configure: raw interface enabled
Configure: feature layer interface disabled
Configure: score interface disabled
Configure: render interface disabled
Launching next game.
Next launch phase started: 2
Next launch phase started: 3
Next launch phase started: 4
Next launch phase started: 5
Next launch phase started: 6
Next launch phase started: 7
Next launch phase started: 8
Game has started.
Using default stable ids, none found at: /labmount/users/202535331/MARL/pymarl-monotone-qmix/3rdparty/StarCraftII/stableid.json
Successfully loaded stable ids: GameData\stableid.json
Sending ResponseJoinGame
[INFO 05:13:13] my_main t_env: 1843195 / 2050000
[INFO 05:13:13] my_main Estimated time left: 1 hours, 16 minutes, 18 seconds. Time passed: 11 hours, 48 minutes, 58 seconds
[INFO 05:14:13] my_main Recent Stats | t_env:    1843195 | Episode:    13633
battle_won_mean:           0.0158	dead_allies_mean:         14.7500	dead_enemies_mean:         7.3233	div_coef:                49591.4012
div_loss:                 -0.0001	ep_length_mean:          198.9843	epsilon:                   0.0500	grad_norm:                85.5742
loss:                     -4.6225	loss_td:                   1.0060	q_taken_mean:              0.9437	return_mean:               5.9976
return_std:                4.6254	target_mean:               0.9411	td_error_abs:              0.4684	test_battle_won_mean:      0.0563
test_dead_allies_mean:    14.1125	test_dead_enemies_mean:    5.6875	test_ep_length_mean:     199.8438	test_return_mean:          5.0862
test_return_std:           3.1168	
[INFO 05:16:43] my_main t_env: 1853195 / 2050000
[INFO 05:16:43] my_main Estimated time left: 1 hours, 8 minutes, 51 seconds. Time passed: 11 hours, 52 minutes, 28 seconds
[INFO 05:17:38] my_main Recent Stats | t_env:    1853195 | Episode:    13683
battle_won_mean:           0.0158	dead_allies_mean:         14.4445	dead_enemies_mean:         6.1249	div_coef:                47886.7481
div_loss:                 -0.0001	ep_length_mean:          199.5294	epsilon:                   0.0500	grad_norm:                89.2402
loss:                     -4.4121	loss_td:                   1.0605	q_taken_mean:              0.9367	return_mean:               5.2207
return_std:                4.0901	target_mean:               0.9330	td_error_abs:              0.4786	test_battle_won_mean:      0.0000
test_dead_allies_mean:    13.4688	test_dead_enemies_mean:    3.0250	test_ep_length_mean:     200.0000	test_return_mean:          3.0434
test_return_std:           1.9367	
[INFO 05:20:11] my_main t_env: 1863195 / 2050000
[INFO 05:20:11] my_main Estimated time left: 1 hours, 4 minutes, 47 seconds. Time passed: 11 hours, 55 minutes, 56 seconds
[INFO 05:21:10] my_main Recent Stats | t_env:    1863195 | Episode:    13733
battle_won_mean:           0.0118	dead_allies_mean:         14.2535	dead_enemies_mean:         5.2783	div_coef:                47129.3568
div_loss:                 -0.0001	ep_length_mean:          199.5412	epsilon:                   0.0500	grad_norm:                90.9906
loss:                     -4.2651	loss_td:                   1.1715	q_taken_mean:              0.9390	return_mean:               4.6718
return_std:                3.5530	target_mean:               0.9340	td_error_abs:              0.4997	test_battle_won_mean:      0.0000
test_dead_allies_mean:    13.4563	test_dead_enemies_mean:    3.0438	test_ep_length_mean:     200.0000	test_return_mean:          3.0613
test_return_std:           1.7279	
[INFO 05:23:42] my_main t_env: 1873195 / 2050000
[INFO 05:23:42] my_main Estimated time left: 1 hours, 2 minutes, 10 seconds. Time passed: 11 hours, 59 minutes, 27 seconds
[INFO 05:24:37] my_main Recent Stats | t_env:    1873195 | Episode:    13783
battle_won_mean:           0.0040	dead_allies_mean:         13.9979	dead_enemies_mean:         4.0745	div_coef:                47173.9443
div_loss:                 -0.0001	ep_length_mean:          199.5451	epsilon:                   0.0500	grad_norm:                71.4501
loss:                     -4.4510	loss_td:                   1.0362	q_taken_mean:              0.9390	return_mean:               3.8477
return_std:                2.7554	target_mean:               0.9377	td_error_abs:              0.4174	test_battle_won_mean:      0.0000
test_dead_allies_mean:    13.3875	test_dead_enemies_mean:    2.6000	test_ep_length_mean:     200.0000	test_return_mean:          2.7364
test_return_std:           1.2099	
[INFO 05:25:32] my_main Updated target network
RequestQuit command received.
DataHandler: unable to parse websocket frame.
CloseHandler: 127.0.0.1:53658 disconnected
Closing Application...
[INFO 05:26:20] absl Shutdown gracefully.
[INFO 05:26:20] absl Shutdown with return code: -15
[INFO 05:26:20] absl Launching SC2: /labmount/users/202535331/MARL/pymarl-monotone-qmix/3rdparty/StarCraftII/Versions/Base75689/SC2_x64 -listen 127.0.0.1 -port 35601 -dataDir /labmount/users/202535331/MARL/pymarl-monotone-qmix/3rdparty/StarCraftII/ -tempDir /tmp/sc-888cki2l/
[INFO 05:26:21] absl Connecting to: ws://127.0.0.1:35601/sc2api, attempt: 0, running: True
Version: B75689 (SC2.4.10)
Build: Aug 12 2019 17:16:57
Command Line: '"/labmount/users/202535331/MARL/pymarl-monotone-qmix/3rdparty/StarCraftII/Versions/Base75689/SC2_x64" -listen 127.0.0.1 -port 35601 -dataDir /labmount/users/202535331/MARL/pymarl-monotone-qmix/3rdparty/StarCraftII/ -tempDir /tmp/sc-888cki2l/'
Starting up...
Startup Phase 1 complete
[INFO 05:26:22] absl Connecting to: ws://127.0.0.1:35601/sc2api, attempt: 1, running: True
Startup Phase 2 complete
Creating stub renderer...
Listening on: 127.0.0.1:35601
Startup Phase 3 complete. Ready for commands.
[INFO 05:26:23] absl Connecting to: ws://127.0.0.1:35601/sc2api, attempt: 2, running: True
ConnectHandler: Request from 127.0.0.1:38408 accepted
ReadyHandler: 127.0.0.1:38408 ready
Requesting to join a single player game
Configuring interface options
Configure: raw interface enabled
Configure: feature layer interface disabled
Configure: score interface disabled
Configure: render interface disabled
Launching next game.
Next launch phase started: 2
Next launch phase started: 3
Next launch phase started: 4
Next launch phase started: 5
Next launch phase started: 6
Next launch phase started: 7
Next launch phase started: 8
Game has started.
Using default stable ids, none found at: /labmount/users/202535331/MARL/pymarl-monotone-qmix/3rdparty/StarCraftII/stableid.json
Successfully loaded stable ids: GameData\stableid.json
Sending ResponseJoinGame
[INFO 05:27:19] my_main t_env: 1883250 / 2050000
[INFO 05:27:19] my_main Estimated time left: 1 hours, 4 seconds. Time passed: 12 hours, 3 minutes, 5 seconds
[INFO 05:28:18] my_main Recent Stats | t_env:    1883250 | Episode:    13834
battle_won_mean:           0.0000	dead_allies_mean:         13.9027	dead_enemies_mean:         3.6571	div_coef:                47697.1300
div_loss:                 -0.0001	ep_length_mean:          198.9765	epsilon:                   0.0500	grad_norm:                75.7700
loss:                     -4.4508	loss_td:                   1.1400	q_taken_mean:              0.9706	return_mean:               3.5937
return_std:                2.3162	target_mean:               0.9611	td_error_abs:              0.4162	test_battle_won_mean:      0.0000
test_dead_allies_mean:    13.4313	test_dead_enemies_mean:    2.4312	test_ep_length_mean:     200.0000	test_return_mean:          2.6928
test_return_std:           0.9099	
[INFO 05:30:46] my_main t_env: 1893250 / 2050000
[INFO 05:30:46] my_main Estimated time left: 54 minutes, 7 seconds. Time passed: 12 hours, 6 minutes, 32 seconds
[INFO 05:31:43] my_main Recent Stats | t_env:    1893250 | Episode:    13884
battle_won_mean:           0.0000	dead_allies_mean:         14.2049	dead_enemies_mean:         3.3146	div_coef:                48652.8855
div_loss:                 -0.0001	ep_length_mean:          199.4314	epsilon:                   0.0500	grad_norm:                76.8316
loss:                     -4.5123	loss_td:                   1.2212	q_taken_mean:              0.9656	return_mean:               3.3628
return_std:                2.0402	target_mean:               0.9580	td_error_abs:              0.4571	test_battle_won_mean:      0.0000
test_dead_allies_mean:    13.7250	test_dead_enemies_mean:    2.4000	test_ep_length_mean:     200.0000	test_return_mean:          2.6678
test_return_std:           0.7191	
[INFO 05:34:11] my_main t_env: 1903291 / 2050000
[INFO 05:34:11] my_main Estimated time left: 49 minutes, 55 seconds. Time passed: 12 hours, 9 minutes, 57 seconds
[INFO 05:35:10] my_main Recent Stats | t_env:    1903291 | Episode:    13935
battle_won_mean:           0.0000	dead_allies_mean:         14.4398	dead_enemies_mean:         3.3404	div_coef:                49199.5939
div_loss:                 -0.0001	ep_length_mean:          198.8078	epsilon:                   0.0500	grad_norm:                79.0794
loss:                     -4.6165	loss_td:                   1.2098	q_taken_mean:              0.9725	return_mean:               3.3884
return_std:                1.9828	target_mean:               0.9696	td_error_abs:              0.4922	test_battle_won_mean:      0.0000
test_dead_allies_mean:    13.8875	test_dead_enemies_mean:    2.4562	test_ep_length_mean:     200.0000	test_return_mean:          2.7467
test_return_std:           0.7426	
[INFO 05:37:40] my_main t_env: 1913291 / 2050000
[INFO 05:37:40] my_main Estimated time left: 47 minutes, 35 seconds. Time passed: 12 hours, 13 minutes, 26 seconds
[INFO 05:38:37] my_main Recent Stats | t_env:    1913291 | Episode:    13985
battle_won_mean:           0.0000	dead_allies_mean:         14.6478	dead_enemies_mean:         3.4004	div_coef:                49045.4793
div_loss:                 -0.0001	ep_length_mean:          198.8078	epsilon:                   0.0500	grad_norm:                75.1190
loss:                     -4.6286	loss_td:                   1.1980	q_taken_mean:              0.9750	return_mean:               3.4803
return_std:                2.0493	target_mean:               0.9734	td_error_abs:              0.4717	test_battle_won_mean:      0.0000
test_dead_allies_mean:    14.3250	test_dead_enemies_mean:    2.4500	test_ep_length_mean:     200.0000	test_return_mean:          2.8313
test_return_std:           0.7526	
[INFO 05:39:26] my_main Updated target network
RequestQuit command received.
DataHandler: unable to parse websocket frame.
CloseHandler: 127.0.0.1:38408 disconnected
Closing Application...
[INFO 05:40:18] absl Shutdown gracefully.
[INFO 05:40:18] absl Shutdown with return code: -15
[INFO 05:40:18] absl Launching SC2: /labmount/users/202535331/MARL/pymarl-monotone-qmix/3rdparty/StarCraftII/Versions/Base75689/SC2_x64 -listen 127.0.0.1 -port 36197 -dataDir /labmount/users/202535331/MARL/pymarl-monotone-qmix/3rdparty/StarCraftII/ -tempDir /tmp/sc-ei9bshos/
[INFO 05:40:19] absl Connecting to: ws://127.0.0.1:36197/sc2api, attempt: 0, running: True
Version: B75689 (SC2.4.10)
Build: Aug 12 2019 17:16:57
Command Line: '"/labmount/users/202535331/MARL/pymarl-monotone-qmix/3rdparty/StarCraftII/Versions/Base75689/SC2_x64" -listen 127.0.0.1 -port 36197 -dataDir /labmount/users/202535331/MARL/pymarl-monotone-qmix/3rdparty/StarCraftII/ -tempDir /tmp/sc-ei9bshos/'
Starting up...
Startup Phase 1 complete
[INFO 05:40:20] absl Connecting to: ws://127.0.0.1:36197/sc2api, attempt: 1, running: True
Startup Phase 2 complete
Creating stub renderer...
Listening on: 127.0.0.1:36197
Startup Phase 3 complete. Ready for commands.
[INFO 05:40:21] absl Connecting to: ws://127.0.0.1:36197/sc2api, attempt: 2, running: True
ConnectHandler: Request from 127.0.0.1:47018 accepted
ReadyHandler: 127.0.0.1:47018 ready
Requesting to join a single player game
Configuring interface options
Configure: raw interface enabled
Configure: feature layer interface disabled
Configure: score interface disabled
Configure: render interface disabled
Launching next game.
Next launch phase started: 2
Next launch phase started: 3
Next launch phase started: 4
Next launch phase started: 5
Next launch phase started: 6
Next launch phase started: 7
Next launch phase started: 8
Game has started.
Using default stable ids, none found at: /labmount/users/202535331/MARL/pymarl-monotone-qmix/3rdparty/StarCraftII/stableid.json
Successfully loaded stable ids: GameData\stableid.json
Sending ResponseJoinGame
[INFO 05:41:16] my_main t_env: 1923305 / 2050000
[INFO 05:41:16] my_main Estimated time left: 45 minutes, 32 seconds. Time passed: 12 hours, 17 minutes, 2 seconds
[INFO 05:42:14] my_main Recent Stats | t_env:    1923305 | Episode:    14036
battle_won_mean:           0.0000	dead_allies_mean:         14.8368	dead_enemies_mean:         3.4238	div_coef:                49184.1747
div_loss:                 -0.0001	ep_length_mean:          198.0784	epsilon:                   0.0500	grad_norm:                75.4283
loss:                     -4.6127	loss_td:                   1.2460	q_taken_mean:              0.9692	return_mean:               3.5043
return_std:                2.0984	target_mean:               0.9680	td_error_abs:              0.4642	test_battle_won_mean:      0.0000
test_dead_allies_mean:    14.4500	test_dead_enemies_mean:    2.4813	test_ep_length_mean:     200.0000	test_return_mean:          2.9229
test_return_std:           0.7849	
[INFO 05:44:46] my_main t_env: 1933434 / 2050000
[INFO 05:44:46] my_main Estimated time left: 40 minutes, 7 seconds. Time passed: 12 hours, 20 minutes, 31 seconds
[INFO 05:45:44] my_main Recent Stats | t_env:    1933434 | Episode:    14087
battle_won_mean:           0.0000	dead_allies_mean:         15.2446	dead_enemies_mean:         3.5806	div_coef:                49959.9521
div_loss:                 -0.0001	ep_length_mean:          198.3686	epsilon:                   0.0500	grad_norm:                82.3051
loss:                     -4.7465	loss_td:                   1.2178	q_taken_mean:              0.9447	return_mean:               3.6543
return_std:                2.2252	target_mean:               0.9504	td_error_abs:              0.4456	test_battle_won_mean:      0.0000
test_dead_allies_mean:    14.7125	test_dead_enemies_mean:    2.7000	test_ep_length_mean:     200.0000	test_return_mean:          3.0718
test_return_std:           1.1034	
[INFO 05:48:20] my_main t_env: 1943434 / 2050000
[INFO 05:48:20] my_main Estimated time left: 38 minutes, 9 seconds. Time passed: 12 hours, 24 minutes, 6 seconds
[INFO 05:49:18] my_main Recent Stats | t_env:    1943434 | Episode:    14137
battle_won_mean:           0.0000	dead_allies_mean:         15.4326	dead_enemies_mean:         3.8886	div_coef:                50199.3748
div_loss:                 -0.0001	ep_length_mean:          198.3686	epsilon:                   0.0500	grad_norm:                78.3406
loss:                     -4.8983	loss_td:                   1.1086	q_taken_mean:              0.9473	return_mean:               3.8721
return_std:                2.2769	target_mean:               0.9473	td_error_abs:              0.3672	test_battle_won_mean:      0.0000
test_dead_allies_mean:    14.8625	test_dead_enemies_mean:    2.7687	test_ep_length_mean:     200.0000	test_return_mean:          3.1664
test_return_std:           1.1531	
[INFO 05:51:51] my_main t_env: 1953434 / 2050000
[INFO 05:51:51] my_main Estimated time left: 33 minutes, 51 seconds. Time passed: 12 hours, 27 minutes, 36 seconds
[INFO 05:52:49] my_main Recent Stats | t_env:    1953434 | Episode:    14187
battle_won_mean:           0.0000	dead_allies_mean:         15.6296	dead_enemies_mean:         4.1108	div_coef:                49243.6859
div_loss:                 -0.0001	ep_length_mean:          198.9922	epsilon:                   0.0500	grad_norm:                81.5994
loss:                     -4.7899	loss_td:                   1.0952	q_taken_mean:              0.9430	return_mean:               4.0605
return_std:                2.3054	target_mean:               0.9355	td_error_abs:              0.3895	test_battle_won_mean:      0.0000
test_dead_allies_mean:    14.8812	test_dead_enemies_mean:    2.7000	test_ep_length_mean:     200.0000	test_return_mean:          3.1027
test_return_std:           1.0982	
[INFO 05:53:32] my_main Updated target network
RequestQuit command received.
DataHandler: unable to parse websocket frame.
CloseHandler: 127.0.0.1:47018 disconnected
Closing Application...
[INFO 05:54:24] absl Shutdown gracefully.
[INFO 05:54:24] absl Shutdown with return code: -15
[INFO 05:54:24] absl Launching SC2: /labmount/users/202535331/MARL/pymarl-monotone-qmix/3rdparty/StarCraftII/Versions/Base75689/SC2_x64 -listen 127.0.0.1 -port 40929 -dataDir /labmount/users/202535331/MARL/pymarl-monotone-qmix/3rdparty/StarCraftII/ -tempDir /tmp/sc-c25y6n22/
[INFO 05:54:24] absl Connecting to: ws://127.0.0.1:40929/sc2api, attempt: 0, running: True
Version: B75689 (SC2.4.10)
Build: Aug 12 2019 17:16:57
Command Line: '"/labmount/users/202535331/MARL/pymarl-monotone-qmix/3rdparty/StarCraftII/Versions/Base75689/SC2_x64" -listen 127.0.0.1 -port 40929 -dataDir /labmount/users/202535331/MARL/pymarl-monotone-qmix/3rdparty/StarCraftII/ -tempDir /tmp/sc-c25y6n22/'
Starting up...
Startup Phase 1 complete
[INFO 05:54:25] absl Connecting to: ws://127.0.0.1:40929/sc2api, attempt: 1, running: True
Startup Phase 2 complete
Creating stub renderer...
Listening on: 127.0.0.1:40929
Startup Phase 3 complete. Ready for commands.
[INFO 05:54:26] absl Connecting to: ws://127.0.0.1:40929/sc2api, attempt: 2, running: True
ConnectHandler: Request from 127.0.0.1:46362 accepted
ReadyHandler: 127.0.0.1:46362 ready
Requesting to join a single player game
Configuring interface options
Configure: raw interface enabled
Configure: feature layer interface disabled
Configure: score interface disabled
Configure: render interface disabled
Launching next game.
Next launch phase started: 2
Next launch phase started: 3
Next launch phase started: 4
Next launch phase started: 5
Next launch phase started: 6
Next launch phase started: 7
Next launch phase started: 8
Game has started.
Using default stable ids, none found at: /labmount/users/202535331/MARL/pymarl-monotone-qmix/3rdparty/StarCraftII/stableid.json
Successfully loaded stable ids: GameData\stableid.json
Sending ResponseJoinGame
[INFO 05:55:28] my_main t_env: 1963560 / 2050000
[INFO 05:55:28] my_main Estimated time left: 30 minutes, 57 seconds. Time passed: 12 hours, 31 minutes, 14 seconds
[INFO 05:56:22] my_main Recent Stats | t_env:    1963560 | Episode:    14238
battle_won_mean:           0.0000	dead_allies_mean:         15.6401	dead_enemies_mean:         4.1877	div_coef:                48186.4626
div_loss:                 -0.0001	ep_length_mean:          198.7020	epsilon:                   0.0500	grad_norm:                93.5856
loss:                     -4.6794	loss_td:                   1.0633	q_taken_mean:              0.9445	return_mean:               4.0809
return_std:                2.3470	target_mean:               0.9338	td_error_abs:              0.4506	test_battle_won_mean:      0.0000
test_dead_allies_mean:    14.7625	test_dead_enemies_mean:    2.7000	test_ep_length_mean:     200.0000	test_return_mean:          3.0413
test_return_std:           1.1341	
[INFO 05:58:54] my_main t_env: 1973628 / 2050000
[INFO 05:58:54] my_main Estimated time left: 25 minutes, 58 seconds. Time passed: 12 hours, 34 minutes, 39 seconds
[INFO 05:59:48] my_main Recent Stats | t_env:    1973628 | Episode:    14290
battle_won_mean:           0.0000	dead_allies_mean:         15.8641	dead_enemies_mean:         4.3102	div_coef:                47634.9991
div_loss:                 -0.0001	ep_length_mean:          198.1544	epsilon:                   0.0500	grad_norm:               108.3786
loss:                     -4.6100	loss_td:                   1.0586	q_taken_mean:              0.9454	return_mean:               4.1309
return_std:                2.3638	target_mean:               0.9405	td_error_abs:              0.4873	test_battle_won_mean:      0.0000
test_dead_allies_mean:    14.8313	test_dead_enemies_mean:    2.7812	test_ep_length_mean:     200.0000	test_return_mean:          3.0510
test_return_std:           1.2922	
[INFO 06:02:17] my_main t_env: 1983659 / 2050000
[INFO 06:02:17] my_main Estimated time left: 22 minutes, 22 seconds. Time passed: 12 hours, 38 minutes, 2 seconds
[INFO 06:03:12] my_main Recent Stats | t_env:    1983659 | Episode:    14341
battle_won_mean:           0.0000	dead_allies_mean:         15.8013	dead_enemies_mean:         4.2317	div_coef:                46993.5167
div_loss:                 -0.0001	ep_length_mean:          197.7701	epsilon:                   0.0500	grad_norm:               100.9479
loss:                     -4.5335	loss_td:                   1.0539	q_taken_mean:              0.9507	return_mean:               4.0546
return_std:                2.3090	target_mean:               0.9474	td_error_abs:              0.5178	test_battle_won_mean:      0.0000
test_dead_allies_mean:    14.8000	test_dead_enemies_mean:    2.6125	test_ep_length_mean:     200.0000	test_return_mean:          2.9209
test_return_std:           0.9945	
[INFO 06:05:44] my_main t_env: 1993687 / 2050000
[INFO 06:05:44] my_main Estimated time left: 19 minutes, 22 seconds. Time passed: 12 hours, 41 minutes, 29 seconds
[INFO 06:06:41] my_main Recent Stats | t_env:    1993687 | Episode:    14392
battle_won_mean:           0.0039	dead_allies_mean:         15.5622	dead_enemies_mean:         3.9329	div_coef:                46631.2567
div_loss:                 -0.0001	ep_length_mean:          197.0956	epsilon:                   0.0500	grad_norm:               113.4399
loss:                     -4.3953	loss_td:                   1.1530	q_taken_mean:              0.9626	return_mean:               3.7978
return_std:                2.3281	target_mean:               0.9573	td_error_abs:              0.5506	test_battle_won_mean:      0.0000
test_dead_allies_mean:    14.6438	test_dead_enemies_mean:    2.6000	test_ep_length_mean:     200.0000	test_return_mean:          2.8479
test_return_std:           0.9379	
[INFO 06:07:07] my_main Updated target network
RequestQuit command received.
DataHandler: unable to parse websocket frame.
Closing Application...
CloseHandler: 127.0.0.1:46362 disconnected
ResponseThread: No connection, dropping the response.
[INFO 06:08:09] absl Shutdown gracefully.
[INFO 06:08:09] absl Shutdown with return code: -15
[INFO 06:08:09] absl Launching SC2: /labmount/users/202535331/MARL/pymarl-monotone-qmix/3rdparty/StarCraftII/Versions/Base75689/SC2_x64 -listen 127.0.0.1 -port 33333 -dataDir /labmount/users/202535331/MARL/pymarl-monotone-qmix/3rdparty/StarCraftII/ -tempDir /tmp/sc-wlyctm4s/
[INFO 06:08:09] absl Connecting to: ws://127.0.0.1:33333/sc2api, attempt: 0, running: True
Version: B75689 (SC2.4.10)
Build: Aug 12 2019 17:16:57
Command Line: '"/labmount/users/202535331/MARL/pymarl-monotone-qmix/3rdparty/StarCraftII/Versions/Base75689/SC2_x64" -listen 127.0.0.1 -port 33333 -dataDir /labmount/users/202535331/MARL/pymarl-monotone-qmix/3rdparty/StarCraftII/ -tempDir /tmp/sc-wlyctm4s/'
Starting up...
Startup Phase 1 complete
[INFO 06:08:10] absl Connecting to: ws://127.0.0.1:33333/sc2api, attempt: 1, running: True
Startup Phase 2 complete
Creating stub renderer...
Listening on: 127.0.0.1:33333
Startup Phase 3 complete. Ready for commands.
[INFO 06:08:11] absl Connecting to: ws://127.0.0.1:33333/sc2api, attempt: 2, running: True
ConnectHandler: Request from 127.0.0.1:48126 accepted
ReadyHandler: 127.0.0.1:48126 ready
Requesting to join a single player game
Configuring interface options
Configure: raw interface enabled
Configure: feature layer interface disabled
Configure: score interface disabled
Configure: render interface disabled
Launching next game.
Next launch phase started: 2
Next launch phase started: 3
Next launch phase started: 4
Next launch phase started: 5
Next launch phase started: 6
Next launch phase started: 7
Next launch phase started: 8
Game has started.
Using default stable ids, none found at: /labmount/users/202535331/MARL/pymarl-monotone-qmix/3rdparty/StarCraftII/stableid.json
Successfully loaded stable ids: GameData\stableid.json
Sending ResponseJoinGame
[INFO 06:08:22] my_main Saving models to results/models/kaleidoscope_qmix_bane_vs_bane_seed41__2026-09-21_17-24-01/2000015
[INFO 06:09:18] my_main t_env: 2003815 / 2050000
[INFO 06:09:18] my_main Estimated time left: 16 minutes, 18 seconds. Time passed: 12 hours, 45 minutes, 4 seconds
[INFO 06:10:16] my_main Recent Stats | t_env:    2003815 | Episode:    14443
battle_won_mean:           0.0039	dead_allies_mean:         15.2514	dead_enemies_mean:         3.6244	div_coef:                47086.2849
div_loss:                 -0.0001	ep_length_mean:          196.8133	epsilon:                   0.0500	grad_norm:               109.7047
loss:                     -4.5015	loss_td:                   1.1059	q_taken_mean:              0.9613	return_mean:               3.5351
return_std:                2.1282	target_mean:               0.9632	td_error_abs:              0.5232	test_battle_won_mean:      0.0000
test_dead_allies_mean:    14.4875	test_dead_enemies_mean:    2.6500	test_ep_length_mean:     200.0000	test_return_mean:          2.8513
test_return_std:           0.9368	
[INFO 06:12:46] my_main t_env: 2013815 / 2050000
[INFO 06:12:46] my_main Estimated time left: 12 minutes, 30 seconds. Time passed: 12 hours, 48 minutes, 31 seconds
[INFO 06:13:43] my_main Recent Stats | t_env:    2013815 | Episode:    14493
battle_won_mean:           0.0039	dead_allies_mean:         15.1770	dead_enemies_mean:         3.5516	div_coef:                48076.2546
div_loss:                 -0.0001	ep_length_mean:          197.1035	epsilon:                   0.0500	grad_norm:               102.8810
loss:                     -4.6159	loss_td:                   1.1267	q_taken_mean:              0.9665	return_mean:               3.4617
return_std:                2.0759	target_mean:               0.9699	td_error_abs:              0.4957	test_battle_won_mean:      0.0000
test_dead_allies_mean:    14.4125	test_dead_enemies_mean:    2.6063	test_ep_length_mean:     200.0000	test_return_mean:          2.8199
test_return_std:           0.9203	
[INFO 06:16:14] my_main t_env: 2023815 / 2050000
[INFO 06:16:14] my_main Estimated time left: 9 minutes, 5 seconds. Time passed: 12 hours, 51 minutes, 59 seconds
[INFO 06:17:11] my_main Recent Stats | t_env:    2023815 | Episode:    14543
battle_won_mean:           0.0039	dead_allies_mean:         15.0401	dead_enemies_mean:         3.6057	div_coef:                48908.7321
div_loss:                 -0.0001	ep_length_mean:          198.3804	epsilon:                   0.0500	grad_norm:                91.2181
loss:                     -4.7401	loss_td:                   1.1063	q_taken_mean:              0.9793	return_mean:               3.4700
return_std:                2.1765	target_mean:               0.9774	td_error_abs:              0.4518	test_battle_won_mean:      0.0000
test_dead_allies_mean:    14.3562	test_dead_enemies_mean:    2.5125	test_ep_length_mean:     200.0000	test_return_mean:          2.7918
test_return_std:           0.7493	
[INFO 06:19:44] my_main t_env: 2033815 / 2050000
[INFO 06:19:44] my_main Estimated time left: 5 minutes, 40 seconds. Time passed: 12 hours, 55 minutes, 30 seconds
[INFO 06:20:43] my_main Recent Stats | t_env:    2033815 | Episode:    14593
battle_won_mean:           0.0039	dead_allies_mean:         14.8781	dead_enemies_mean:         3.5727	div_coef:                49340.7796
div_loss:                 -0.0001	ep_length_mean:          199.0431	epsilon:                   0.0500	grad_norm:                94.5092
loss:                     -4.7252	loss_td:                   1.1716	q_taken_mean:              0.9896	return_mean:               3.4479
return_std:                2.1351	target_mean:               0.9792	td_error_abs:              0.4355	test_battle_won_mean:      0.0000
test_dead_allies_mean:    14.1562	test_dead_enemies_mean:    2.4875	test_ep_length_mean:     200.0000	test_return_mean:          2.7195
test_return_std:           0.7516	
[INFO 06:21:08] my_main Updated target network
RequestQuit command received.
DataHandler: unable to parse websocket frame.
Closing Application...
CloseHandler: 127.0.0.1:48126 disconnected
[INFO 06:22:10] absl Shutdown gracefully.
[INFO 06:22:10] absl Shutdown with return code: -15
[INFO 06:22:10] absl Launching SC2: /labmount/users/202535331/MARL/pymarl-monotone-qmix/3rdparty/StarCraftII/Versions/Base75689/SC2_x64 -listen 127.0.0.1 -port 38013 -dataDir /labmount/users/202535331/MARL/pymarl-monotone-qmix/3rdparty/StarCraftII/ -tempDir /tmp/sc-uxird9bl/
[INFO 06:22:11] absl Connecting to: ws://127.0.0.1:38013/sc2api, attempt: 0, running: True
Version: B75689 (SC2.4.10)
Build: Aug 12 2019 17:16:57
Command Line: '"/labmount/users/202535331/MARL/pymarl-monotone-qmix/3rdparty/StarCraftII/Versions/Base75689/SC2_x64" -listen 127.0.0.1 -port 38013 -dataDir /labmount/users/202535331/MARL/pymarl-monotone-qmix/3rdparty/StarCraftII/ -tempDir /tmp/sc-uxird9bl/'
Starting up...
Startup Phase 1 complete
[INFO 06:22:12] absl Connecting to: ws://127.0.0.1:38013/sc2api, attempt: 1, running: True
Startup Phase 2 complete
Creating stub renderer...
Listening on: 127.0.0.1:38013
Startup Phase 3 complete. Ready for commands.
[INFO 06:22:13] absl Connecting to: ws://127.0.0.1:38013/sc2api, attempt: 2, running: True
ConnectHandler: Request from 127.0.0.1:60674 accepted
ReadyHandler: 127.0.0.1:60674 ready
Requesting to join a single player game
Configuring interface options
Configure: raw interface enabled
Configure: feature layer interface disabled
Configure: score interface disabled
Configure: render interface disabled
Launching next game.
Next launch phase started: 2
Next launch phase started: 3
Next launch phase started: 4
Next launch phase started: 5
Next launch phase started: 6
Next launch phase started: 7
Next launch phase started: 8
Game has started.
Using default stable ids, none found at: /labmount/users/202535331/MARL/pymarl-monotone-qmix/3rdparty/StarCraftII/stableid.json
Successfully loaded stable ids: GameData\stableid.json
Sending ResponseJoinGame
[INFO 06:23:26] my_main t_env: 2043870 / 2050000
[INFO 06:23:26] my_main Estimated time left: 2 minutes, 15 seconds. Time passed: 12 hours, 59 minutes, 11 seconds
[INFO 06:24:25] my_main Recent Stats | t_env:    2043870 | Episode:    14644
battle_won_mean:           0.0000	dead_allies_mean:         14.7369	dead_enemies_mean:         3.4786	div_coef:                50026.7611
div_loss:                 -0.0001	ep_length_mean:          199.1490	epsilon:                   0.0500	grad_norm:                94.9383
loss:                     -4.7586	loss_td:                   1.2174	q_taken_mean:              0.9935	return_mean:               3.4047
return_std:                2.0117	target_mean:               0.9826	td_error_abs:              0.4487	test_battle_won_mean:      0.0000
test_dead_allies_mean:    14.0000	test_dead_enemies_mean:    2.4000	test_ep_length_mean:     200.0000	test_return_mean:          2.6455
test_return_std:           0.7571	
RequestQuit command received.
DataHandler: unable to parse websocket frame.
Closing Application...
CloseHandler: 127.0.0.1:60674 disconnected
ResponseThread: No connection, dropping the response.
[INFO 06:26:01] absl Shutdown gracefully.
[INFO 06:26:01] absl Shutdown with return code: -15
[INFO 06:26:01] my_main Finished Training
