{
  "battle_won_mean": [
    0.0,
    0.0,
    0.0,
    0.0,
    0.0
  ],
  "battle_won_mean_T": [
    40,
    10042,
    20059,
    30061,
    40071
  ],
  "dead_allies_mean": [
    10.0,
    9.861818181818181,
    9.46264367816092,
    9.198966408268733,
    9.049019607843137
  ],
  "dead_allies_mean_T": [
    40,
    10042,
    20059,
    30061,
    40071
  ],
  "dead_enemies_mean": [
    0.0,
    0.0036363636363636364,
    0.05459770114942529,
    0.2248062015503876,
    0.7475490196078431
  ],
  "dead_enemies_mean_T": [
    40,
    10042,
    20059,
    30061,
    40071
  ],
  "ep_length_mean": [
    40.0,
    36.37090909090909,
    28.78448275862069,
    25.844961240310077,
    24.534313725490197
  ],
  "ep_length_mean_T": [
    40,
    10042,
    20059,
    30061,
    40071
  ],
  "episode": [
    275,
    623,
    1010,
    1418
  ],
  "episode_T": [
    10010,
    20027,
    30035,
    40044
  ],
  "epsilon": [
    1.0,
    0.80981,
    0.6194870000000001,
    0.429335,
    0.23916400000000004
  ],
  "epsilon_T": [
    40,
    10042,
    20059,
    30061,
    40071
  ],
  "grad_norm": [
    0.2164791226387024,
    0.052583806216716766,
    0.08892417699098587,
    0.03476106375455856,
    0.20146819949150085
  ],
  "grad_norm_T": [
    1191,
    11200,
    21208,
    31228,
    41232
  ],
  "loss": [
    0.00799295213073492,
    0.002907077083364129,
    0.004300907254219055,
    0.005315739195793867,
    0.008132454007863998
  ],
  "loss_T": [
    1191,
    11200,
    21208,
    31228,
    41232
  ],
  "q_taken_mean": [
    0.01051579242389208,
    0.024473587242332666,
    0.050048395592396655,
    0.07019953921724438,
    0.10715327860282603
  ],
  "q_taken_mean_T": [
    1191,
    11200,
    21208,
    31228,
    41232
  ],
  "return_mean": [
    1.8915407806016595,
    1.959542669629385,
    2.1922783770888477,
    2.578233486003222,
    3.4488972415664922
  ],
  "return_mean_T": [
    40,
    10042,
    20059,
    30061,
    40071
  ],
  "return_std": [
    0.0,
    0.41525957313680134,
    0.48345896433417884,
    0.6048587711997676,
    0.7618863399899528
  ],
  "return_std_T": [
    40,
    10042,
    20059,
    30061,
    40071
  ],
  "target_mean": [
    0.016021517121821868,
    0.02603335509429107,
    0.047842974925604395,
    0.0695613493500736,
    0.10430199833828659
  ],
  "target_mean_T": [
    1191,
    11200,
    21208,
    31228,
    41232
  ],
  "td_error_abs": [
    0.06507749261223499,
    0.03961419737016832,
    0.05064949275940422,
    0.05297912009523053,
    0.06835460445603912
  ],
  "td_error_abs_T": [
    1191,
    11200,
    21208,
    31228,
    41232
  ],
  "test_battle_won_mean": [
    0.0,
    0.0,
    0.0,
    0.0,
    0.0
  ],
  "test_battle_won_mean_T": [
    40,
    10042,
    20059,
    30061,
    40071
  ],
  "test_dead_allies_mean": [
    10.0,
    9.0,
    9.0,
    9.0,
    9.0
  ],
  "test_dead_allies_mean_T": [
    40,
    10042,
    20059,
    30061,
    40071
  ],
  "test_dead_enemies_mean": [
    0.0,
    3.78125,
    2.6875,
    2.21875,
    2.8125
  ],
  "test_dead_enemies_mean_T": [
    40,
    10042,
    20059,
    30061,
    40071
  ],
  "test_ep_length_mean": [
    36.8125,
    27.8125,
    25.8125,
    27.25,
    26.0625
  ],
  "test_ep_length_mean_T": [
    40,
    10042,
    20059,
    30061,
    40071
  ],
  "test_return_mean": [
    0.2849422470662603,
    5.723463129700466,
    5.429674837104511,
    5.2348385886037985,
    5.731029969528008
  ],
  "test_return_mean_T": [
    40,
    10042,
    20059,
    30061,
    40071
  ],
  "test_return_std": [
    0.5438996183457019,
    0.8061483553755153,
    0.77402719276371,
    0.8040829424856089,
    1.1270844640157356
  ],
  "test_return_std_T": [
    40,
    10042,
    20059,
    30061,
    40071
  ]
}