{
  "battle_won_mean": [
    0.0,
    0.0,
    0.0,
    0.0,
    0.0,
    0.0,
    0.0,
    0.0,
    0.0
  ],
  "battle_won_mean_T": [
    36,
    10098,
    20125,
    30133,
    40161,
    50178,
    60189,
    70194,
    80233
  ],
  "dead_allies_mean": [
    10.0,
    9.897727272727273,
    9.59927797833935,
    9.18867924528302,
    9.286111111111111,
    9.394265232974911,
    9.553191489361701,
    9.569620253164556,
    9.659090909090908
  ],
  "dead_allies_mean_T": [
    36,
    10098,
    20125,
    30133,
    40161,
    50178,
    60189,
    70194,
    80233
  ],
  "dead_enemies_mean": [
    0.0,
    0.0,
    0.039711191335740074,
    0.3288409703504043,
    0.925,
    1.9211469534050178,
    2.625531914893617,
    2.8059071729957807,
    2.7954545454545454
  ],
  "dead_enemies_mean_T": [
    36,
    10098,
    20125,
    30133,
    40161,
    50178,
    60189,
    70194,
    80233
  ],
  "ep_length_mean": [
    36.0,
    38.11363636363637,
    36.1985559566787,
    26.975741239892184,
    27.855555555555554,
    35.903225806451616,
    42.6,
    42.21518987341772,
    57.03977272727273
  ],
  "ep_length_mean_T": [
    36,
    10098,
    20125,
    30133,
    40161,
    50178,
    60189,
    70194,
    80233
  ],
  "episode": [
    264,
    539,
    909,
    1270,
    1549,
    1787,
    2024,
    2200
  ],
  "episode_T": [
    10014,
    20023,
    30036,
    40046,
    50075,
    60189,
    70194,
    80233
  ],
  "epsilon": [
    1.0,
    0.8097340000000001,
    0.618271,
    0.4279480000000001,
    0.23772000000000004,
    0.05,
    0.05,
    0.05,
    0.05
  ],
  "epsilon_T": [
    36,
    10098,
    20125,
    30133,
    40161,
    50178,
    60189,
    70194,
    80233
  ],
  "grad_norm": [
    0.569304347038269,
    0.047248076647520065,
    0.017489392310380936,
    0.10272765159606934,
    0.01845952495932579,
    0.17819873988628387,
    0.17941248416900635,
    0.026471368968486786,
    0.26727330684661865
  ],
  "grad_norm_T": [
    1256,
    11272,
    21295,
    31310,
    41342,
    51372,
    61407,
    71535,
    81553
  ],
  "loss": [
    0.018032250925898552,
    0.0031074045691639185,
    0.003037547692656517,
    0.0057546296156942844,
    0.007513560354709625,
    0.010996176861226559,
    0.011465144343674183,
    0.014843199402093887,
    0.01610546000301838
  ],
  "loss_T": [
    1256,
    11272,
    21295,
    31310,
    41342,
    51372,
    61407,
    71535,
    81553
  ],
  "q_taken_mean": [
    0.00909314550411929,
    0.02436234390975645,
    0.034189203482906834,
    0.053860933486729455,
    0.0937792993738805,
    0.10450812745821042,
    0.12893022243520988,
    0.15013129288261026,
    0.15592115940745988
  ],
  "q_taken_mean_T": [
    1256,
    11272,
    21295,
    31310,
    41342,
    51372,
    61407,
    71535,
    81553
  ],
  "return_mean": [
    1.164013874481328,
    1.9201999675338708,
    2.241082717683164,
    2.7224601205213848,
    3.8173938432889587,
    5.256206158604937,
    6.099647585691266,
    6.192153072312094,
    6.395126313994126
  ],
  "return_mean_T": [
    36,
    10098,
    20125,
    30133,
    40161,
    50178,
    60189,
    70194,
    80233
  ],
  "return_std": [
    0.0,
    0.4120595798375477,
    0.4961703699732718,
    0.6793633310666922,
    1.0040755429920252,
    0.9801764090896198,
    1.042188512047334,
    1.0066965408252075,
    1.057266835599494
  ],
  "return_std_T": [
    36,
    10098,
    20125,
    30133,
    40161,
    50178,
    60189,
    70194,
    80233
  ],
  "target_mean": [
    0.01938660615568708,
    0.02533675584217046,
    0.033857745216006326,
    0.055977443986209637,
    0.09357337912615149,
    0.10753888005469518,
    0.12638150075371057,
    0.1499960909410954,
    0.1590224139075779
  ],
  "target_mean_T": [
    1256,
    11272,
    21295,
    31310,
    41342,
    51372,
    61407,
    71535,
    81553
  ],
  "td_error_abs": [
    0.10666543511068745,
    0.041333076937886695,
    0.04093480272357967,
    0.05667900339264692,
    0.062252376560300984,
    0.07754977215942263,
    0.07567997014146567,
    0.0853113629788246,
    0.09137479441699495
  ],
  "td_error_abs_T": [
    1256,
    11272,
    21295,
    31310,
    41342,
    51372,
    61407,
    71535,
    81553
  ],
  "test_battle_won_mean": [
    0.0,
    0.0,
    0.0,
    0.0,
    0.0,
    0.0,
    0.0,
    0.0,
    0.0
  ],
  "test_battle_won_mean_T": [
    36,
    10098,
    20125,
    30133,
    40161,
    50178,
    60189,
    70194,
    80233
  ],
  "test_dead_allies_mean": [
    9.46875,
    8.625,
    9.125,
    9.09375,
    9.21875,
    9.1875,
    9.59375,
    9.625,
    9.53125
  ],
  "test_dead_allies_mean_T": [
    36,
    10098,
    20125,
    30133,
    40161,
    50178,
    60189,
    70194,
    80233
  ],
  "test_dead_enemies_mean": [
    0.34375,
    0.1875,
    1.84375,
    1.84375,
    2.1875,
    2.9375,
    2.3125,
    3.3125,
    3.53125
  ],
  "test_dead_enemies_mean_T": [
    36,
    10098,
    20125,
    30133,
    40161,
    50178,
    60189,
    70194,
    80233
  ],
  "test_ep_length_mean": [
    84.5,
    180.0,
    98.0,
    27.28125,
    42.125,
    40.78125,
    41.90625,
    43.1875,
    51.9375
  ],
  "test_ep_length_mean_T": [
    36,
    10098,
    20125,
    30133,
    40161,
    50178,
    60189,
    70194,
    80233
  ],
  "test_return_mean": [
    2.0918523384822354,
    2.8087702707630964,
    4.312634986465897,
    5.11688029815547,
    5.797921588312043,
    6.31454277830005,
    5.7454603519677105,
    6.787825081852954,
    7.08783845387059
  ],
  "test_return_mean_T": [
    36,
    10098,
    20125,
    30133,
    40161,
    50178,
    60189,
    70194,
    80233
  ],
  "test_return_std": [
    0.6387391218360943,
    0.6328030421933885,
    1.1510963282431035,
    0.7853733285049271,
    0.697096638372519,
    1.9033308021242283,
    1.1198722389688274,
    1.2402491027887177,
    1.4557722973286158
  ],
  "test_return_std_T": [
    36,
    10098,
    20125,
    30133,
    40161,
    50178,
    60189,
    70194,
    80233
  ]
}