{
  "battle_won_mean": [
    0.0,
    0.0,
    0.0,
    0.0
  ],
  "battle_won_mean_T": [
    38,
    10048,
    20048,
    30049
  ],
  "dead_allies_mean": [
    10.0,
    9.914396887159533,
    9.72027972027972,
    9.305263157894737
  ],
  "dead_allies_mean_T": [
    38,
    10048,
    20048,
    30049
  ],
  "dead_enemies_mean": [
    0.0,
    0.0038910505836575876,
    0.024475524475524476,
    0.24473684210526317
  ],
  "dead_enemies_mean_T": [
    38,
    10048,
    20048,
    30049
  ],
  "ep_length_mean": [
    38.0,
    38.94941634241245,
    34.96503496503497,
    26.318421052631578
  ],
  "ep_length_mean_T": [
    38,
    10048,
    20048,
    30049
  ],
  "episode": [
    257,
    543,
    923,
    1304
  ],
  "episode_T": [
    10000,
    20022,
    30023,
    40025
  ],
  "epsilon": [
    1.0,
    0.81,
    0.6195820000000001,
    0.42956300000000003
  ],
  "epsilon_T": [
    38,
    10048,
    20048,
    30049
  ],
  "grad_norm": [
    5.488592624664307,
    0.3304089605808258,
    0.6060507297515869,
    0.4809149503707886
  ],
  "grad_norm_T": [
    1278,
    11293,
    21303,
    31307
  ],
  "loss": [
    0.12968309223651886,
    0.008546149358153343,
    0.014622252434492111,
    0.010841358453035355
  ],
  "loss_T": [
    1278,
    11293,
    21303,
    31307
  ],
  "q_taken_mean": [
    -0.008358460189031323,
    0.019081631332385822,
    0.02327724809629963,
    0.06971499136991278
  ],
  "q_taken_mean_T": [
    1278,
    11293,
    21303,
    31307
  ],
  "return_mean": [
    1.2657708765560165,
    1.9583236733999867,
    2.2060515138064734,
    2.5891489382575346
  ],
  "return_mean_T": [
    38,
    10048,
    20048,
    30049
  ],
  "return_std": [
    0.0,
    0.5074867150976405,
    0.4205612925514401,
    0.5993045804284028
  ],
  "return_std_T": [
    38,
    10048,
    20048,
    30049
  ],
  "target_mean": [
    0.020361777053379302,
    0.015385887442791762,
    0.031086768238540303,
    0.06470351108284884
  ],
  "target_mean_T": [
    1278,
    11293,
    21303,
    31307
  ],
  "td_error_abs": [
    0.2944787253796215,
    0.07141891933414975,
    0.09428617467430873,
    0.07909594158793605
  ],
  "td_error_abs_T": [
    1278,
    11293,
    21303,
    31307
  ],
  "test_battle_won_mean": [
    0.0,
    0.0,
    0.0,
    0.0
  ],
  "test_battle_won_mean_T": [
    38,
    10048,
    20048,
    30049
  ],
  "test_dead_allies_mean": [
    8.5625,
    8.75,
    9.0,
    9.0625
  ],
  "test_dead_allies_mean_T": [
    38,
    10048,
    20048,
    30049
  ],
  "test_dead_enemies_mean": [
    0.09375,
    1.625,
    1.96875,
    2.75
  ],
  "test_dead_enemies_mean_T": [
    38,
    10048,
    20048,
    30049
  ],
  "test_ep_length_mean": [
    123.0,
    180.0,
    25.0625,
    27.59375
  ],
  "test_ep_length_mean_T": [
    38,
    10048,
    20048,
    30049
  ],
  "test_return_mean": [
    1.654585842275026,
    5.193178295594526,
    4.9043981781639,
    5.885957203465377
  ],
  "test_return_mean_T": [
    38,
    10048,
    20048,
    30049
  ],
  "test_return_std": [
    0.9821304404286104,
    1.2934491020221226,
    0.7919761064915463,
    1.0863504300161457
  ],
  "test_return_std_T": [
    38,
    10048,
    20048,
    30049
  ]
}