{
  "battle_won_mean": [
    0.0,
    0.0,
    0.0,
    0.0,
    0.0,
    0.0,
    0.0,
    0.0,
    0.0,
    0.0,
    0.0,
    0.0,
    0.0,
    0.0,
    0.0,
    0.0,
    0.0,
    0.0,
    0.0,
    0.0,
    0.0,
    0.0,
    0.0,
    0.0
  ],
  "battle_won_mean_T": [
    40,
    10048,
    20067,
    30089,
    40096,
    50122,
    60128,
    70207,
    80233,
    90252,
    100285,
    110315,
    120353,
    130483,
    140484,
    150493,
    160512,
    170512,
    180682,
    190743,
    200914,
    210937,
    220973,
    230986
  ],
  "dead_allies_mean": [
    10.0,
    9.926829268292684,
    9.725752508361204,
    9.242819843342037,
    9.038929440389294,
    9.012594458438286,
    8.994301994301994,
    9.252669039145907,
    9.325,
    9.386831275720164,
    9.582222222222223,
    9.595,
    9.524064171122994,
    9.639593908629442,
    9.6375,
    9.666666666666666,
    9.751515151515152,
    9.673202614379084,
    9.8268156424581,
    9.761627906976743,
    9.783625730994151,
    9.784090909090908,
    9.790960451977401,
    9.75
  ],
  "dead_allies_mean_T": [
    40,
    10048,
    20067,
    30089,
    40096,
    50122,
    60128,
    70207,
    80233,
    90252,
    100285,
    110315,
    120353,
    130483,
    140484,
    150493,
    160512,
    170512,
    180682,
    190743,
    200914,
    210937,
    220973,
    230986
  ],
  "dead_enemies_mean": [
    0.0,
    0.0040650406504065045,
    0.023411371237458192,
    0.2924281984334204,
    0.6909975669099757,
    1.345088161209068,
    2.1025641025641026,
    2.409252669039146,
    2.3541666666666665,
    2.522633744855967,
    2.6977777777777776,
    2.68,
    2.7379679144385025,
    2.8527918781725887,
    2.7875,
    3.064327485380117,
    3.3878787878787877,
    3.7973856209150325,
    4.273743016759776,
    4.226744186046512,
    3.7660818713450293,
    3.8181818181818183,
    4.19774011299435,
    4.6647727272727275
  ],
  "dead_enemies_mean_T": [
    40,
    10048,
    20067,
    30089,
    40096,
    50122,
    60128,
    70207,
    80233,
    90252,
    100285,
    110315,
    120353,
    130483,
    140484,
    150493,
    160512,
    170512,
    180682,
    190743,
    200914,
    210937,
    220973,
    230986
  ],
  "ep_length_mean": [
    40.0,
    40.68292682926829,
    33.508361204013376,
    26.16710182767624,
    24.347931873479318,
    25.2544080604534,
    28.507122507122507,
    35.86832740213523,
    41.775,
    41.23045267489712,
    44.59111111111111,
    50.15,
    53.67914438502674,
    51.421319796954315,
    62.50625,
    58.53216374269006,
    60.72121212121212,
    65.359477124183,
    56.815642458100555,
    58.49418604651163,
    59.47953216374269,
    56.94886363636363,
    56.70056497175141,
    56.89204545454545
  ],
  "ep_length_mean_T": [
    40,
    10048,
    20067,
    30089,
    40096,
    50122,
    60128,
    70207,
    80233,
    90252,
    100285,
    110315,
    120353,
    130483,
    140484,
    150493,
    160512,
    170512,
    180682,
    190743,
    200914,
    210937,
    220973,
    230986
  ],
  "episode": [
    246,
    545,
    927,
    1338,
    1735,
    2087,
    2369,
    2609,
    2852,
    3077,
    3277,
    3464,
    3661,
    3821,
    3992,
    4157,
    4310,
    4489,
    4661,
    4832,
    5008,
    5185,
    5361
  ],
  "episode_T": [
    10016,
    20038,
    30040,
    40041,
    50063,
    60087,
    70207,
    80233,
    90252,
    100285,
    110315,
    120353,
    130483,
    140484,
    150493,
    160512,
    170512,
    180682,
    190743,
    200914,
    210937,
    220973,
    230986
  ],
  "epsilon": [
    1.0,
    0.809696,
    0.619278,
    0.42880300000000005,
    0.23865100000000006,
    0.05,
    0.05,
    0.05,
    0.05,
    0.05,
    0.05,
    0.05,
    0.05,
    0.05,
    0.05,
    0.05,
    0.05,
    0.05,
    0.05,
    0.05,
    0.05,
    0.05,
    0.05,
    0.05
  ],
  "epsilon_T": [
    40,
    10048,
    20067,
    30089,
    40096,
    50122,
    60128,
    70207,
    80233,
    90252,
    100285,
    110315,
    120353,
    130483,
    140484,
    150493,
    160512,
    170512,
    180682,
    190743,
    200914,
    210937,
    220973,
    230986
  ],
  "grad_norm": [
    2.1907546520233154,
    0.17574083805084229,
    0.1534055918455124,
    0.25076624751091003,
    0.1473107486963272,
    1.065798044204712,
    0.10851483792066574,
    1.8665484189987183,
    0.11926425248384476,
    0.3895431458950043,
    0.8459298014640808,
    0.913274884223938,
    0.22449913620948792,
    1.4820144176483154,
    0.18979494273662567,
    0.8880505561828613,
    0.49982303380966187,
    0.5733604431152344,
    0.2529315650463104,
    0.761960506439209,
    0.42862120270729065,
    2.067565679550171,
    0.19792845845222473,
    0.946975827217102
  ],
  "grad_norm_T": [
    1191,
    11199,
    21226,
    31227,
    41249,
    51258,
    61261,
    71263,
    81272,
    91300,
    101342,
    111370,
    121384,
    131417,
    141421,
    151453,
    161474,
    171490,
    181654,
    191809,
    201829,
    211837,
    221845,
    231872
  ],
  "loss": [
    0.08690732717514038,
    0.0047517684288322926,
    0.0052950382232666016,
    0.010177499614655972,
    0.010921125300228596,
    0.023164063692092896,
    0.014307470060884953,
    0.04659014940261841,
    0.018662836402654648,
    0.016159748658537865,
    0.021334121003746986,
    0.02023548260331154,
    0.016004297882318497,
    0.030657455325126648,
    0.017565904185175896,
    0.02199997752904892,
    0.020897379145026207,
    0.026203500106930733,
    0.023241929709911346,
    0.02108566090464592,
    0.02028704434633255,
    0.04309779778122902,
    0.024485550820827484,
    0.024252312257885933
  ],
  "loss_T": [
    1191,
    11199,
    21226,
    31227,
    41249,
    51258,
    61261,
    71263,
    81272,
    91300,
    101342,
    111370,
    121384,
    131417,
    141421,
    151453,
    161474,
    171490,
    181654,
    191809,
    201829,
    211837,
    221845,
    231872
  ],
  "q_taken_mean": [
    0.002982796990100723,
    0.013738101436103621,
    0.03232645601839632,
    0.06930822728840477,
    0.10779340060882736,
    0.14691494803539767,
    0.15527769750478315,
    0.17459909190302308,
    0.18400881428363894,
    0.17166779753449676,
    0.17836077699566832,
    0.138883096532884,
    0.17949592804005354,
    0.1842123325892857,
    0.1836936432415087,
    0.21463190620675737,
    0.22394488265795004,
    0.21356233738931693,
    0.23069680503206572,
    0.18661788406905594,
    0.1851710963893581,
    0.17924079068304954,
    0.21578284760224653,
    0.16926249174080554
  ],
  "q_taken_mean_T": [
    1191,
    11199,
    21226,
    31227,
    41249,
    51258,
    61261,
    71263,
    81272,
    91300,
    101342,
    111370,
    121384,
    131417,
    141421,
    151453,
    161474,
    171490,
    181654,
    191809,
    201829,
    211837,
    221845,
    231872
  ],
  "return_mean": [
    1.8915407806016595,
    1.8749340952912574,
    2.279259362336766,
    2.660930650530725,
    3.4738888556305594,
    4.613234788337322,
    5.438422037731555,
    5.929378687579368,
    5.981094786669042,
    6.107791002051206,
    6.2898973101083415,
    6.584035634400931,
    6.477386880228323,
    6.695427954753089,
    6.783170961245458,
    6.8488057506263464,
    7.28414869487143,
    7.353262857053261,
    7.440123242599503,
    7.66309001318543,
    7.4858247608344834,
    7.539418741785232,
    7.64151511713347,
    8.15921908061669
  ],
  "return_mean_T": [
    40,
    10048,
    20067,
    30089,
    40096,
    50122,
    60128,
    70207,
    80233,
    90252,
    100285,
    110315,
    120353,
    130483,
    140484,
    150493,
    160512,
    170512,
    180682,
    190743,
    200914,
    210937,
    220973,
    230986
  ],