{
  "battle_won_mean": [
    0.0,
    0.0,
    0.0,
    0.0,
    0.0,
    0.012048192771084338,
    0.06666666666666667,
    0.14743589743589744,
    0.24113475177304963,
    0.3630573248407643,
    0.32919254658385094,
    0.29375,
    0.2909090909090909,
    0.23952095808383234,
    0.22560975609756098,
    0.2485207100591716,
    0.1853932584269663
  ],
  "battle_won_mean_T": [
    51,
    10144,
    20184,
    30208,
    40257,
    50278,
    60300,
    70345,
    80363,
    90385,
    100459,
    110503,
    120503,
    130578,
    140598,
    150637,
    160673
  ],
  "dead_allies_mean": [
    8.0,
    7.989637305699482,
    7.995098039215686,
    8.0,
    7.994974874371859,
    7.909638554216867,
    7.7272727272727275,
    7.589743589743589,
    7.113475177304965,
    6.859872611464968,
    7.0186335403726705,
    7.01875,
    7.0606060606060606,
    7.263473053892215,
    7.298780487804878,
    7.218934911242603,
    7.466292134831461
  ],
  "dead_allies_mean_T": [
    51,
    10144,
    20184,
    30208,
    40257,
    50278,
    60300,
    70345,
    80363,
    90385,
    100459,
    110503,
    120503,
    130578,
    140598,
    150637,
    160673
  ],
  "dead_enemies_mean": [
    0.0,
    0.17616580310880828,
    0.6568627450980392,
    1.5,
    2.6381909547738696,
    3.855421686746988,
    4.527272727272727,
    5.301282051282051,
    5.74468085106383,
    6.1847133757961785,
    5.962732919254658,
    5.925,
    5.7272727272727275,
    5.413173652694611,
    5.591463414634147,
    5.408284023668639,
    5.033707865168539
  ],
  "dead_enemies_mean_T": [
    51,
    10144,
    20184,
    30208,
    40257,
    50278,
    60300,
    70345,
    80363,
    90385,
    100459,
    110503,
    120503,
    130578,
    140598,
    150637,
    160673
  ],
  "ep_length_mean": [
    51.0,
    52.295336787564764,
    49.21568627450981,
    47.733333333333334,
    50.49748743718593,
    60.36746987951807,
    60.73939393939394,
    64.39102564102564,
    71.04964539007092,
    63.8343949044586,
    62.57142857142857,
    62.775,
    60.60606060606061,
    60.32934131736527,
    61.09756097560975,
    59.40236686390533,
    56.38202247191011
  ],
  "ep_length_mean_T": [
    51,
    10144,
    20184,
    30208,
    40257,
    50278,
    60300,
    70345,
    80363,
    90385,
    100459,
    110503,
    120503,
    130578,
    140598,
    150637,
    160673
  ],
  "episode": [
    194,
    398,
    608,
    807,
    973,
    1138,
    1294,
    1435,
    1592,
    1753,
    1913,
    2078,
    2245,
    2409,
    2578
  ],
  "episode_T": [
    10144,
    20184,
    30208,
    40257,
    50278,
    60300,
    70345,
    80363,
    90385,
    100459,
    110503,
    120503,
    130578,
    140598,
    150637
  ],
  "epsilon": [
    1.0,
    0.810114,
    0.617378,
    0.42690300000000003,
    0.23608600000000013,
    0.05,
    0.05,
    0.05,
    0.05,
    0.05,
    0.05,
    0.05,
    0.05,
    0.05,
    0.05,
    0.05,
    0.05
  ],
  "epsilon_T": [
    51,
    10144,
    20184,
    30208,
    40257,
    50278,
    60300,
    70345,
    80363,
    90385,
    100459,
    110503,
    120503,
    130578,
    140598,
    150637,
    160673
  ],
  "grad_norm": [
    2.8883588314056396,
    0.056818608194589615,
    0.1792648732662201,
    0.12697038054466248,
    0.06135130301117897,
    0.5044412016868591,
    0.7646334767341614,
    0.5501389503479004,
    0.9764110445976257,
    0.08095888793468475,
    0.7283936142921448,
    0.5305676460266113,
    0.6980266571044922,
    0.3734819293022156,
    0.22153913974761963,
    1.0445786714553833
  ],
  "grad_norm_T": [
    1731,
    11780,
    21813,
    31854,
    41913,
    51918,
    61963,
    72000,
    82055,
    92065,
    102120,
    112144,
    122159,
    132177,
    142179,
    152237
  ],
  "loss": [
    0.12331490218639374,
    0.014200856909155846,
    0.014437447302043438,
    0.014656866900622845,
    0.017243674024939537,
    0.019386887550354004,
    0.021767722442746162,
    0.021696073934435844,
    0.029478510841727257,
    0.02658357471227646,
    0.02744879201054573,
    0.02250514179468155,
    0.027570709586143494,
    0.028423845767974854,
    0.027608497068285942,
    0.05038288235664368
  ],
  "loss_T": [
    1731,
    11780,
    21813,
    31854,
    41913,
    51918,
    61963,
    72000,
    82055,
    92065,
    102120,
    112144,
    122159,
    132177,
    142179,
    152237
  ],
  "q_taken_mean": [
    0.010761915501110268,
    0.06398754692518133,
    0.09017736174735021,
    0.11947132903525629,
    0.15780045656010688,
    0.14088479803370388,
    0.18526416235447735,
    0.17828620151007846,
    0.19923480470205385,
    0.2295653771276238,
    0.22546285331447258,
    0.2627837748467168,
    0.2958648894592056,
    0.31065357629482715,
    0.34632089174077013,
    0.4028333911845159
  ],
  "q_taken_mean_T": [
    1731,
    11780,
    21813,
    31854,
    41913,
    51918,
    61963,
    72000,
    82055,
    92065,
    102120,
    112144,
    122159,
    132177,
    142179,
    152237
  ],
  "return_mean": [
    4.394039735099338,
    4.8492862780084405,
    5.876428385923905,
    7.1644828129927465,
    8.819128756364604,
    10.812305513444505,
    12.105619104956851,
    13.561215826116486,
    14.610856700014088,
    15.517663559286285,
    15.176123976800625,
    15.348468543046355,
    15.019566526189044,
    14.70816314391085,
    14.986411726700043,
    15.078804028371016,
    14.430965845673038
  ],
  "return_mean_T": [
    51,
    10144,
    20184,
    30208,
    40257,
    50278,
    60300,
    70345,
    80363,
    90385,
    100459,
    110503,
    120503,
    130578,
    140598,
    150637,
    160673
  ],
  "return_std": [
    0.0,
    0.9251725009248499,
    0.933162054885038,
    1.0287731069897745,
    1.2687423450156967,
    2.0337012063471493,
    2.865254839880859,
    3.223916832426989,
    3.4820233054593146,
    3.780846015739291,
    3.7608129441719207,
    3.4007912675246015,
    3.6583820141813885,
    3.4404192467062575,
    3.155895252215273,
    3.3914544030510667,
    3.199694946013138
  ],
  "return_std_T": [
    51,
    10144,
    20184,
    30208,
    40257,
    50278,
    60300,
    70345,
    80363,
    90385,
    100459,
    110503,
    120503,
    130578,
    140598,
    150637,
    160673
  ],
  "target_mean": [
    0.044390144546482345,
    0.06450296274233636,
    0.08734963504184919,
    0.11741320102821155,
    0.15844482149222738,
    0.14798206315440368,
    0.17591261125778174,
    0.18559843121152936,
    0.18695911269133444,
    0.22857623310725578,
    0.23329618840518584,
    0.2678054440830876,
    0.2881641725795089,
    0.30630178225175764,
    0.34476416569291646,
    0.39419346816976125
  ],
  "target_mean_T": [
    1731,
    11780,
    21813,
    31854,
    41913,
    51918,
    61963,
    72000,
    82055,
    92065,
    102120,
    112144,
    122159,
    132177,
    142179,
    152237
  ],
  "td_error_abs": [
    0.27831823215671936,
    0.08833238103923842,
    0.09251088702186326,
    0.09239603011930464,
    0.10115802037008416,
    0.10605923547200126,
    0.11588156404425472,
    0.10883534419072138,
    0.1335841565954111,
    0.11403286444229767,
    0.11866145170936289,
    0.11504438639510213,
    0.12558229111626912,
    0.12194198277712606,
    0.11878889013830066,
    0.16532850189613726
  ],
  "td_error_abs_T": [
    1731,
    11780,
    21813,
    31854,
    41913,
    51918,
    61963,
    72000,
    82055,
    92065,
    102120,
    112144,
    122159,
    132177,
    142179,
    152237
  ],
  "test_battle_won_mean": [
    0.0,
    0.0,
    0.0,
    0.03125,
    0.0625,
    0.15625,
    0.125,
    0.1875,
    0.375,
    0.59375,
    0.59375,
    0.46875,
    0.5,
    0.53125,
    0.40625,
    0.09375
  ],