{
  "battle_won_mean": [
    0.0,
    0.0,
    0.0,
    0.0
  ],
  "battle_won_mean_T": [
    36,
    10048,
    20063,
    30070
  ],
  "dead_allies_mean": [
    10.0,
    9.849802371541502,
    9.451428571428572,
    9.242819843342037
  ],
  "dead_allies_mean_T": [
    36,
    10048,
    20063,
    30070
  ],
  "dead_enemies_mean": [
    0.0,
    0.007905138339920948,
    0.06571428571428571,
    0.29765013054830286
  ],
  "dead_enemies_mean_T": [
    36,
    10048,
    20063,
    30070
  ],
  "ep_length_mean": [
    36.0,
    39.573122529644266,
    28.614285714285714,
    26.12793733681462
  ],
  "ep_length_mean_T": [
    36,
    10048,
    20063,
    30070
  ],
  "episode": [
    253,
    603,
    986
  ],
  "episode_T": [
    10017,
    20033,
    30046
  ],
  "epsilon": [
    1.0,
    0.809677,
    0.6193730000000001,
    0.4291260000000001
  ],
  "epsilon_T": [
    36,
    10048,
    20063,
    30070
  ],
  "grad_norm": [
    0.22558587789535522,
    0.1907905638217926,
    0.10820753127336502,
    0.014668373391032219
  ],
  "grad_norm_T": [
    1182,
    11194,
    21215,
    31216
  ],
  "loss": [
    0.00873451679944992,
    0.006664926186203957,
    0.006270375102758408,
    0.0052580805495381355
  ],
  "loss_T": [
    1182,
    11194,
    21215,
    31216
  ],
  "q_taken_mean": [
    0.02163604503960779,
    0.027327095508156058,
    0.05675261018278596,
    0.07877701722064168
  ],
  "q_taken_mean_T": [
    1182,
    11194,
    21215,
    31216
  ],
  "return_mean": [
    2.2180368257261405,
    1.8825933488234543,
    2.200912446280379,
    2.6055492529529105
  ],
  "return_mean_T": [
    36,
    10048,
    20063,
    30070
  ],
  "return_std": [
    0.0,
    0.43278776320229834,
    0.46546724102250414,
    0.5933825951522795
  ],
  "return_std_T": [
    36,
    10048,
    20063,
    30070
  ],
  "target_mean": [
    0.026789866284468857,
    0.03231438709752226,
    0.05913627388236763,
    0.07862098482930172
  ],
  "target_mean_T": [
    1182,
    11194,
    21215,
    31216
  ],
  "td_error_abs": [
    0.07006797209608978,
    0.06348939222941404,
    0.05783238063206325,
    0.053272545508138335
  ],
  "td_error_abs_T": [
    1182,
    11194,
    21215,
    31216
  ],
  "test_battle_won_mean": [
    0.0,
    0.0,
    0.0,
    0.0
  ],
  "test_battle_won_mean_T": [
    36,
    10048,
    20063,
    30070
  ],
  "test_dead_allies_mean": [
    9.09375,
    9.0,
    9.0,
    9.0
  ],
  "test_dead_allies_mean_T": [
    36,
    10048,
    20063,
    30070
  ],
  "test_dead_enemies_mean": [
    0.0,
    3.3125,
    2.875,
    1.5625
  ],
  "test_dead_enemies_mean_T": [
    36,
    10048,
    20063,
    30070
  ],
  "test_ep_length_mean": [
    106.03125,
    27.15625,
    27.0,
    24.71875
  ],
  "test_ep_length_mean_T": [
    36,
    10048,
    20063,
    30070
  ],
  "test_return_mean": [
    0.2639537510535529,
    5.538927766792011,
    5.77442887808772,
    4.261048502941844
  ],
  "test_return_mean_T": [
    36,
    10048,
    20063,
    30070
  ],
  "test_return_std": [
    0.41794578418759687,
    1.2027128800485292,
    0.7228029131433478,
    0.6088715596594795
  ],
  "test_return_std_T": [
    36,
    10048,
    20063,
    30070
  ]
}