{
  "battle_won_mean": [
    0.0,
    0.0,
    0.0,
    0.0,
    0.0,
    0.0,
    0.0,
    0.0,
    0.0,
    0.0
  ],
  "battle_won_mean_T": [
    40,
    10049,
    20063,
    30082,
    40096,
    50119,
    60142,
    70149,
    80156,
    90176
  ],
  "dead_allies_mean": [
    10.0,
    9.856617647058824,
    9.64126984126984,
    9.341269841269842,
    9.43731778425656,
    9.275167785234899,
    9.314176245210728,
    9.456349206349206,
    9.544,
    9.663865546218487
  ],
  "dead_allies_mean_T": [
    40,
    10049,
    20063,
    30082,
    40096,
    50119,
    60142,
    70149,
    80156,
    90176
  ],
  "dead_enemies_mean": [
    0.0,
    0.003676470588235294,
    0.047619047619047616,
    0.29365079365079366,
    1.043731778425656,
    1.825503355704698,
    2.7164750957854404,
    3.1825396825396823,
    3.336,
    3.407563025210084
  ],
  "dead_enemies_mean_T": [
    40,
    10049,
    20063,
    30082,
    40096,
    50119,
    60142,
    70149,
    80156,
    90176
  ],
  "ep_length_mean": [
    40.0,
    36.79779411764706,
    31.79047619047619,
    26.505291005291006,
    29.19533527696793,
    33.63422818791946,
    38.40229885057471,
    39.71031746031746,
    40.028,
    42.10084033613445
  ],
  "ep_length_mean_T": [
    40,
    10049,
    20063,
    30082,
    40096,
    50119,
    60142,
    70149,
    80156,
    90176
  ],
  "episode": [
    272,
    586,
    963,
    1307,
    1605,
    1866,
    2119,
    2369,
    2607
  ],
  "episode_T": [
    10005,
    20007,
    30010,
    40034,
    50040,
    60064,
    70107,
    80117,
    90151
  ],
  "epsilon": [
    1.0,
    0.809905,
    0.6193540000000001,
    0.4289360000000001,
    0.2388220000000001,
    0.05,
    0.05,
    0.05,
    0.05,
    0.05
  ],
  "epsilon_T": [
    40,
    10049,
    20063,
    30082,
    40096,
    50119,
    60142,
    70149,
    80156,
    90176
  ],
  "grad_norm": [
    0.3784807026386261,
    0.02957785502076149,
    0.014406627975404263,
    0.02881806530058384,
    0.2632124125957489,
    0.2265428751707077,
    0.0686073824763298,
    0.17739081382751465,
    0.22842103242874146,
    0.33647409081459045
  ],
  "grad_norm_T": [
    1191,
    11192,
    21193,
    31213,
    41232,
    51245,
    61255,
    71270,
    81284,
    91318
  ],
  "loss": [
    0.014843587763607502,
    0.0033050214406102896,
    0.004396334290504456,
    0.008709874004125595,
    0.013592171482741833,
    0.014142926782369614,
    0.012505232356488705,
    0.015064612030982971,
    0.014582410454750061,
    0.018601348623633385
  ],
  "loss_T": [
    1191,
    11192,
    21193,
    31213,
    41232,
    51245,
    61255,
    71270,
    81284,
    91318
  ],
  "q_taken_mean": [
    0.011671208174262699,
    0.023914305786239612,
    0.04264322640988454,
    0.07634765494999667,
    0.10156827664769962,
    0.12977158580294232,
    0.13288338583965983,
    0.15554797695768482,
    0.1589074156760292,
    0.14790067472968385
  ],
  "q_taken_mean_T": [
    1191,
    11192,
    21193,
    31213,
    41232,
    51245,
    61255,
    71270,
    81284,
    91318
  ],
  "return_mean": [
    1.8915407806016595,
    1.9087154061613296,
    2.273372550200059,
    2.8252452780076127,
    4.081796876417654,
    5.086291530761786,
    6.029607025698119,
    6.328303920683288,
    6.539162085062238,
    6.798176481757119
  ],
  "return_mean_T": [
    40,
    10049,
    20063,
    30082,
    40096,
    50119,
    60142,
    70149,
    80156,
    90176
  ],
  "return_std": [
    0.0,
    0.44495326953604863,
    0.5071273588676406,
    0.7484443658431075,
    0.9331246144523325,
    0.9256444889153017,
    1.0391388914492197,
    1.1572055521342117,
    1.1476586392309003,
    1.2109036267733204
  ],
  "return_std_T": [
    40,
    10049,
    20063,
    30082,
    40096,
    50119,
    60142,
    70149,
    80156,
    90176
  ],
  "target_mean": [
    0.020894140440510862,
    0.024781544335766622,
    0.04227426144704156,
    0.07688263881955537,
    0.0961359932220667,
    0.12575865807264483,
    0.13403846755090632,
    0.1529835266825754,
    0.15572173988040477,
    0.15213309584707138
  ],
  "target_mean_T": [
    1191,
    11192,
    21193,
    31213,
    41232,
    51245,
    61255,
    71270,
    81284,
    91318
  ],
  "td_error_abs": [
    0.09683230101411629,
    0.04111071542387768,
    0.047502036986312245,
    0.0697022134376664,
    0.08756433652229643,
    0.08678144801384721,
    0.0809273369568216,
    0.08822769877511703,
    0.08392651232427266,
    0.09406137873351435
  ],
  "td_error_abs_T": [
    1191,
    11192,
    21193,
    31213,
    41232,
    51245,
    61255,
    71270,
    81284,
    91318
  ],
  "test_battle_won_mean": [
    0.0,
    0.0,
    0.0,
    0.0,
    0.0,
    0.0,
    0.0,
    0.0,
    0.0,
    0.0
  ],
  "test_battle_won_mean_T": [
    40,
    10049,
    20063,
    30082,
    40096,
    50119,
    60142,
    70149,
    80156,
    90176
  ],
  "test_dead_allies_mean": [
    10.0,
    9.0,
    9.0,
    9.1875,
    9.28125,
    9.21875,
    9.46875,
    9.5,
    9.21875,
    9.53125
  ],
  "test_dead_allies_mean_T": [
    40,
    10049,
    20063,
    30082,
    40096,
    50119,
    60142,
    70149,
    80156,
    90176
  ],
  "test_dead_enemies_mean": [
    0.0,
    3.3125,
    2.28125,
    1.96875,
    2.71875,
    2.40625,
    3.375,
    3.21875,
    3.625,
    4.0
  ],
  "test_dead_enemies_mean_T": [
    40,
    10049,
    20063,
    30082,
    40096,
    50119,
    60142,
    70149,
    80156,
    90176
  ],
  "test_ep_length_mean": [
    36.8125,
    32.71875,
    25.6875,
    28.3125,
    29.53125,
    42.125,
    39.65625,
    40.21875,
    40.78125,
    46.71875
  ],
  "test_ep_length_mean_T": [
    40,
    10049,
    20063,
    30082,
    40096,
    50119,
    60142,
    70149,
    80156,
    90176
  ],
  "test_return_mean": [
    0.2849422470662603,
    5.149750642262058,
    4.881206971481133,
    5.303436659183738,
    5.8364517401857485,
    5.78766654240145,
    6.6032749033567795,
    6.512934387966803,
    6.694126999724453,
    7.1681992146978715
  ],
  "test_return_mean_T": [
    40,
    10049,
    20063,
    30082,
    40096,
    50119,
    60142,
    70149,
    80156,
    90176
  ],
  "test_return_std": [
    0.5438996183457019,
    0.7279353709663368,
    0.7399976337404681,
    1.0864985057682617,
    1.0472226349270954,
    0.7774281488960806,
    1.201524751454527,
    1.14245949884937,
    0.9664037886682865,
    1.292930620715044
  ],
  "test_return_std_T": [
    40,
    10049,
    20063,
    30082,
    40096,
    50119,
    60142,
    70149,
    80156,
    90176
  ]
}