{
  "battle_won_mean": [
    0.0,
    0.0,
    0.0,
    0.0,
    0.0,
    0.0,
    0.0,
    0.0,
    0.0,
    0.0,
    0.0,
    0.0,
    0.0,
    0.0,
    0.0,
    0.0
  ],
  "battle_won_mean_T": [
    36,
    10041,
    20061,
    30081,
    40086,
    50092,
    60101,
    70105,
    80114,
    90134,
    100151,
    110163,
    120169,
    130181,
    140195,
    150205
  ],
  "dead_allies_mean": [
    2.0,
    2.0,
    2.0,
    2.0,
    2.0,
    2.0,
    1.9933993399339933,
    2.0,
    2.0,
    2.0,
    2.0,
    2.0,
    1.9933554817275747,
    2.0,
    2.0,
    2.0
  ],
  "dead_allies_mean_T": [
    36,
    10041,
    20061,
    30081,
    40086,
    50092,
    60101,
    70105,
    80114,
    90134,
    100151,
    110163,
    120169,
    130181,
    140195,
    150205
  ],
  "dead_enemies_mean": [
    17.0,
    19.705882352941178,
    21.112582781456954,
    22.56711409395973,
    23.138983050847457,
    24.651162790697676,
    24.805280528052805,
    23.655844155844157,
    24.63606557377049,
    23.82200647249191,
    25.123778501628664,
    26.5114006514658,
    27.750830564784053,
    27.990163934426228,
    29.52,
    29.653198653198654
  ],
  "dead_enemies_mean_T": [
    36,
    10041,
    20061,
    30081,
    40086,
    50092,
    60101,
    70105,
    80114,
    90134,
    100151,
    110163,
    120169,
    130181,
    140195,
    150205
  ],
  "ep_length_mean": [
    36.0,
    32.69607843137255,
    33.17880794701987,
    33.624161073825505,
    33.91525423728814,
    33.24252491694352,
    33.03300330033003,
    32.48051948051948,
    32.81639344262295,
    32.42718446601942,
    32.62866449511401,
    32.612377850162865,
    33.24252491694352,
    32.82622950819672,
    33.38,
    33.7037037037037
  ],
  "ep_length_mean_T": [
    36,
    10041,
    20061,
    30081,
    40086,
    50092,
    60101,
    70105,
    80114,
    90134,
    100151,
    110163,
    120169,
    130181,
    140195,
    150205
  ],
  "episode": [
    306,
    608,
    906,
    1202,
    1503,
    1806,
    2114,
    2419,
    2728,
    3035,
    3342,
    3643,
    3948,
    4248,
    4545
  ],
  "episode_T": [
    10011,
    20031,
    30052,
    40086,
    50092,
    60101,
    70105,
    80114,
    90134,
    100151,
    110163,
    120169,
    130181,
    140195,
    150205
  ],
  "epsilon": [
    1.0,
    0.809791,
    0.619411,
    0.42901200000000006,
    0.2390500000000001,
    0.05,
    0.05,
    0.05,
    0.05,
    0.05,
    0.05,
    0.05,
    0.05,
    0.05,
    0.05,
    0.05
  ],
  "epsilon_T": [
    36,
    10041,
    20061,
    30081,
    40086,
    50092,
    60101,
    70105,
    80114,
    90134,
    100151,
    110163,
    120169,
    130181,
    140195,
    150205
  ],
  "grad_norm": [
    1.8853752613067627,
    0.9610074162483215,
    0.40564197301864624,
    0.2846745252609253,
    2.6201999187469482,
    1.2733360528945923,
    0.44403502345085144,
    0.2546580135822296,
    1.9261906147003174,
    1.4124910831451416,
    1.5065174102783203,
    0.3320852816104889,
    1.9425289630889893,
    4.493429660797119,
    2.446286678314209,
    1.2741559743881226
  ],
  "grad_norm_T": [
    1047,
    11076,
    21101,
    31103,
    41118,
    51144,
    61169,
    71192,
    81213,
    91230,
    101262,
    111274,
    121280,
    131300,
    141312,
    151343
  ],
  "loss": [
    0.23355287313461304,
    0.09703462570905685,
    0.07234510034322739,
    0.06095191463828087,
    0.11413261294364929,
    0.06195177882909775,
    0.05074097216129303,
    0.044760674238204956,
    0.07042256742715836,
    0.06896492093801498,
    0.05286829546093941,
    0.05668184161186218,
    0.09300851076841354,
    0.1125720739364624,
    0.065909743309021,
    0.057538945227861404
  ],
  "loss_T": [
    1047,
    11076,
    21101,
    31103,
    41118,
    51144,
    61169,
    71192,
    81213,
    91230,
    101262,
    111274,
    121280,
    131300,
    141312,
    151343
  ],
  "q_taken_mean": [
    -0.019986678217293084,
    0.3714493846616348,
    0.5986748665182728,
    0.7807627620860043,
    0.9681244621023267,
    1.2487503153193258,
    1.4441557495817399,
    1.5524220592570754,
    1.6140914461505946,
    1.7858056914940308,
    1.9204395625437676,
    2.0423521914724576,
    2.0487225632440476,
    1.9805822035845588,
    2.2842688070365034,
    2.322562703711116
  ],
  "q_taken_mean_T": [
    1047,
    11076,
    21101,
    31103,
    41118,
    51144,
    61169,
    71192,
    81213,
    91230,
    101262,
    111274,
    121280,
    131300,
    141312,
    151343
  ],
  "return_mean": [
    9.314123376623378,
    9.80405595891292,
    10.147498932895282,
    10.42461407565929,
    10.528994211561743,
    10.801666347985746,
    10.814513179135993,
    10.558000713521462,
    10.834904021599558,
    10.577520943577811,
    10.964657765636238,
    11.319992418513895,
    11.609981280269771,
    11.732505507587955,
    12.102120641402868,
    12.112218022862553
  ],
  "return_mean_T": [
    36,
    10041,
    20061,
    30081,
    40086,
    50092,
    60101,
    70105,
    80114,
    90134,
    100151,
    110163,
    120169,
    130181,
    140195,
    150205
  ],
  "return_std": [
    0.0,
    1.5561977633490052,
    1.6373735875319835,
    1.6893386952781293,
    1.6502057490943436,
    1.6203766517614295,
    1.6823423976727994,
    1.6169691749695367,
    1.5508519481901983,
    1.5210582820198828,
    1.58847209128772,
    1.5466846533564766,
    1.5635583323467213,
    1.4173171758118783,
    1.5537214473772663,
    1.54872280787048
  ],
  "return_std_T": [
    36,
    10041,
    20061,
    30081,
    40086,
    50092,
    60101,
    70105,
    80114,
    90134,
    100151,
    110163,
    120169,
    130181,
    140195,
    150205
  ],
  "target_mean": [
    0.14352361611673234,
    0.3107066417594385,
    0.6217759343720903,
    0.7937849285708987,
    1.078329725709283,
    1.1958847118352327,
    1.4315603340105163,
    1.5597220942659198,
    1.67626953125,
    1.8157141753350303,
    1.9660733433998598,
    2.0408064272893127,
    2.1007070777529764,
    2.096071968826593,
    2.2233483335584774,
    2.291440916628545
  ],
  "target_mean_T": [
    1047,
    11076,
    21101,
    31103,
    41118,
    51144,
    61169,
    71192,
    81213,
    91230,
    101262,
    111274,
    121280,
    131300,
    141312,
    151343
  ],
  "td_error_abs": [
    0.32823844261133,
    0.2579600656367225,
    0.2048055126680342,
    0.1882976303752671,
    0.2698605963986823,
    0.19798803374751453,
    0.17263613057182123,
    0.16373832270784197,
    0.2016651665986474,
    0.19759783226898994,
    0.1742133417494602,
    0.17822292924151806,
    0.19970897856212796,
    0.2669088924632353,
    0.20238906024855907,
    0.18501735453418058
  ],
  "td_error_abs_T": [
    1047,
    11076,
    21101,
    31103,
    41118,
    51144,
    61169,
    71192,
    81213,
    91230,
    101262,
    111274,
    121280,
    131300,
    141312,
    151343
  ],
  "test_battle_won_mean": [
    0.0,
    0.0,
    0.0,
    0.0,
    0.0,
    0.0,
    0.0,
    0.0,
    0.0,
    0.0,
    0.0,
    0.0,
    0.0,
    0.0,
    0.0,
    0.0
  ],
  "test_battle_won_mean_T": [
    36,
    10041,
    20061,
    30081,
    40086,
    50092,
    60101,
    70105,
    80114,
    90134,
    100151,
    110163,
    120169,
    130181,
    140195,
    150205
  ],
  "test_dead_allies_mean": [
    2.0,
    2.0,
    2.0,
    2.0,
    2.0,
    2.0,
    2.0,
    2.0,
    2.0,
    2.0,
    2.0,
    2.0,
    2.0,
    2.0,
    2.0,
    2.0
  ],
  "test_dead_allies_mean_T": [
    36,
    10041,
    20061,
    30081,
    40086,
    50092,
    60101,
    70105,
    80114,
    90134,
    100151,
    110163,
    120169,
    130181,
    140195,
    150205
  ],