{
  "battle_won_mean": [
    0.0,
    0.0
  ],
  "battle_won_mean_T": [
    36,
    10065
  ],
  "dead_allies_mean": [
    10.0,
    9.84074074074074
  ],
  "dead_allies_mean_T": [
    36,
    10065
  ],
  "dead_enemies_mean": [
    0.0,
    0.003703703703703704
  ],
  "dead_enemies_mean_T": [
    36,
    10065
  ],
  "ep_length_mean": [
    36.0,
    37.144444444444446
  ],
  "ep_length_mean_T": [
    36,
    10065
  ],
  "episode": [
    270
  ],
  "episode_T": [
    10032
  ],
  "epsilon": [
    1.0,
    0.809392
  ],
  "epsilon_T": [
    36,
    10065
  ],
  "grad_norm": [
    0.3014606535434723,
    0.03554534539580345
  ],
  "grad_norm_T": [
    1256,
    11274
  ],
  "loss": [
    0.008549215272068977,
    0.0030161943286657333
  ],
  "loss_T": [
    1256,
    11274
  ],
  "q_taken_mean": [
    0.010746629071083797,
    0.023967430778457418
  ],
  "q_taken_mean_T": [
    1256,
    11274
  ],
  "return_mean": [
    1.164013874481328,
    1.9168981181323956
  ],
  "return_mean_T": [
    36,
    10065
  ],
  "return_std": [
    0.0,
    0.4476525138092447
  ],
  "return_std_T": [
    36,
    10065
  ],
  "target_mean": [
    0.016401422099702676,
    0.023245457428267658
  ],
  "target_mean_T": [
    1256,
    11274
  ],
  "td_error_abs": [
    0.06894897655316978,
    0.04052799431852592
  ],
  "td_error_abs_T": [
    1256,
    11274
  ],
  "test_battle_won_mean": [
    0.0,
    0.0
  ],
  "test_battle_won_mean_T": [
    36,
    10065
  ],
  "test_dead_allies_mean": [
    9.46875,
    9.0
  ],
  "test_dead_allies_mean_T": [
    36,
    10065
  ],
  "test_dead_enemies_mean": [
    0.34375,
    3.40625
  ],
  "test_dead_enemies_mean_T": [
    36,
    10065
  ],
  "test_ep_length_mean": [
    84.5,
    28.09375
  ],
  "test_ep_length_mean_T": [
    36,
    10065
  ],
  "test_return_mean": [
    2.0918523384822354,
    6.002342129149377
  ],
  "test_return_mean_T": [
    36,
    10065
  ],
  "test_return_std": [
    0.6387391218360943,
    0.9612288173049678
  ],
  "test_return_std_T": [
    36,
    10065
  ]
}