/labmount/users/202535331/miniconda3/envs/pymarl/lib/python3.9/site-packages/sacred/dependencies.py:11: UserWarning: pkg_resources is deprecated as an API. See https://setuptools.pypa.io/en/latest/pkg_resources.html. The pkg_resources package is slated for removal as early as 2025-11-30. Refrain from using this package or pin to Setuptools<81.
  import pkg_resources
[DEBUG 03:36:14] git.cmd Popen(['git', 'version'], cwd=/labmount/users/202535331/MARL/pymarl-monotone-qmix, stdin=None, shell=False, universal_newlines=False)
[DEBUG 03:36:15] git.cmd Popen(['git', 'version'], cwd=/labmount/users/202535331/MARL/pymarl-monotone-qmix, stdin=None, shell=False, universal_newlines=False)
[DEBUG 03:36:15] git.util sys.platform='linux', git_executable='git'
[DEBUG 03:36:15] git.cmd Popen(['git', 'diff', '--cached', '--abbrev=40', '--full-index', '--raw'], cwd=/labmount/users/202535331/MARL/pymarl-monotone-qmix, stdin=None, shell=False, universal_newlines=False)
[DEBUG 03:36:15] git.cmd Popen(['git', 'diff', '--abbrev=40', '--full-index', '--raw'], cwd=/labmount/users/202535331/MARL/pymarl-monotone-qmix, stdin=None, shell=False, universal_newlines=False)
[DEBUG 03:36:15] git.cmd Popen(['git', 'cat-file', '--batch-check'], cwd=/labmount/users/202535331/MARL/pymarl-monotone-qmix, stdin=<valid stream>, shell=False, universal_newlines=False)
[DEBUG 03:36:15] git.util sys.platform='linux', git_executable='git'
[DEBUG 03:36:15] git.cmd Popen(['git', 'diff', '--cached', '--abbrev=40', '--full-index', '--raw'], cwd=/labmount/users/202535331/MARL/pymarl-monotone-qmix, stdin=None, shell=False, universal_newlines=False)
[DEBUG 03:36:15] git.cmd Popen(['git', 'diff', '--abbrev=40', '--full-index', '--raw'], cwd=/labmount/users/202535331/MARL/pymarl-monotone-qmix, stdin=None, shell=False, universal_newlines=False)
[DEBUG 03:36:15] git.cmd Popen(['git', 'cat-file', '--batch-check'], cwd=/labmount/users/202535331/MARL/pymarl-monotone-qmix, stdin=<valid stream>, shell=False, universal_newlines=False)
[DEBUG 03:36:15] git.util sys.platform='linux', git_executable='git'
[DEBUG 03:36:15] git.cmd Popen(['git', 'diff', '--cached', '--abbrev=40', '--full-index', '--raw'], cwd=/labmount/users/202535331/MARL/pymarl-monotone-qmix, stdin=None, shell=False, universal_newlines=False)
[DEBUG 03:36:15] git.cmd Popen(['git', 'diff', '--abbrev=40', '--full-index', '--raw'], cwd=/labmount/users/202535331/MARL/pymarl-monotone-qmix, stdin=None, shell=False, universal_newlines=False)
[DEBUG 03:36:15] git.cmd Popen(['git', 'cat-file', '--batch-check'], cwd=/labmount/users/202535331/MARL/pymarl-monotone-qmix, stdin=<valid stream>, shell=False, universal_newlines=False)
[INFO 03:36:15] root Saving to FileStorageObserver in /labmount/users/202535331/MARL/pymarl-monotone-qmix/results/sacred/kaleidoscope_pmix_kan.
[DEBUG 03:36:15] pymarl Using capture mode "fd"
[INFO 03:36:15] pymarl Running command 'my_main'
[INFO 03:36:15] pymarl Started run with ID "12"
[DEBUG 03:36:15] pymarl Starting Heartbeat
[DEBUG 03:36:15] my_main Started
[INFO 03:36:15] my_main Experiment Parameters:
[INFO 03:36:15] my_main 

{   'action_selector': 'epsilon_greedy',
    'agent': 'kaleidoscope_rnn_1r3',
    'agent_output_type': 'q',
    'batch_size': 32,
    'batch_size_run': 1,
    'buffer_cpu_only': True,
    'buffer_size': 5000,
    'checkpoint_path': '',
    'critic_lr': 0.0005,
    'double_q': True,
    'env': 'sc2',
    'env_args': {   'continuing_episode': False,
                    'debug': False,
                    'difficulty': '7',
                    'game_version': None,
                    'heuristic_ai': False,
                    'heuristic_rest': False,
                    'map_name': 'bane_vs_bane',
                    'move_amount': 2,
                    'obs_all_health': True,
                    'obs_instead_of_state': False,
                    'obs_last_action': False,
                    'obs_own_health': True,
                    'obs_pathing_grid': False,
                    'obs_terrain_height': False,
                    'obs_timestep_number': False,
                    'replay_dir': '',
                    'replay_prefix': '',
                    'reward_death_value': 10,
                    'reward_defeat': 0,
                    'reward_negative_scale': 0.5,
                    'reward_only_positive': True,
                    'reward_scale': True,
                    'reward_scale_rate': 20,
                    'reward_sparse': False,
                    'reward_win': 200,
                    'seed': 41,
                    'state_last_action': True,
                    'state_timestep_number': False,
                    'step_mul': 8},
    'epsilon_anneal_time': 50000,
    'epsilon_finish': 0.05,
    'epsilon_start': 1.0,
    'evaluate': False,
    'gamma': 0.99,
    'grad_norm_clip': 10,
    'kaleidoscope_args': {   'deque_len': 100,
                             'div_coef': 5.0,
                             'reset_interval': 1000000,
                             'reset_ratio': 0.2,
                             'sparsity_layer_weights': [   1.0,
                                                           2.0,
                                                           4.0,
                                                           8.0],
                             'threshold_init_bias': 5.0,
                             'threshold_init_scale': 5.0,
                             'threshold_reset_bias': 5.0,
                             'threshold_reset_scale': 5.0},
    'label': 'default_label',
    'learner': 'kaleidoscope_q_learner',
    'learner_log_interval': 10000,
    'load_step': 0,
    'local_results_path': 'results',
    'log_interval': 10000,
    'lr': 0.0005,
    'mac': 'kaleidoscope_mac',
    'mixer': 'kaleidoscope_pmix_kan',
    'monokan_grid': 7,
    'monokan_grid_by_map': {   '1c3s5z': 7,
                               '27m_vs_30m': 7,
                               '2c_vs_64zg': 7,
                               '2s3z': 7,
                               '3s5z': 7,
                               '3s_vs_5z': 7,
                               '5m_vs_6m': 7,
                               'MMM2': 7,
                               'bane_vs_bane': 7},
    'monokan_grid_max': 1.0,
    'monokan_grid_min': -1.0,
    'monokan_hidden_dim': 32,
    'monokan_min_increment': 0.0001,
    'monokan_noise_scale': 0.02,
    'monokan_q_temperature': 1.0,
    'monokan_state_activation': 'silu',
    'monokan_state_embed_dim': 32,
    'monokan_state_embed_dim_by_map': {   '1c3s5z': 32,
                                          '27m_vs_30m': 64,
                                          '2c_vs_64zg': 64,
                                          '2s3z': 32,
                                          '3s5z': 32,
                                          '3s_vs_5z': 32,
                                          '5m_vs_6m': 32,
                                          'MMM2': 32,
                                          'bane_vs_bane': 64},
    'monokan_state_encoder_depth': 1,
    'monokan_state_value_activation': 'relu',
    'monokan_state_value_dim': 32,
    'name': 'kaleidoscope_pmix_kan_bane_vs_bane_seed41',
    'obs_agent_id': True,
    'obs_last_action': True,
    'optim_alpha': 0.99,
    'optim_eps': 1e-05,
    'repeat_id': 1,
    'rnn_hidden_dim': 64,
    'runner': 'episode',
    'runner_log_interval': 10000,
    'save_model': True,
    'save_model_interval': 2000000,
    'save_replay': False,
    'seed': 41,
    't_max': 2050000,
    'target_update_interval': 200,
    'test_greedy': True,
    'test_interval': 10000,
    'test_nepisode': 32,
    'use_cuda': True,
    'use_tensorboard': True}

[INFO 03:36:29] my_main Beginning training for 2050000 timesteps
[INFO 03:36:29] absl Launching SC2: /labmount/users/202535331/MARL/pymarl-monotone-qmix/3rdparty/StarCraftII/Versions/Base75689/SC2_x64 -listen 127.0.0.1 -port 40583 -dataDir /labmount/users/202535331/MARL/pymarl-monotone-qmix/3rdparty/StarCraftII/ -tempDir /tmp/sc-ucgudjyk/
[INFO 03:36:30] absl Connecting to: ws://127.0.0.1:40583/sc2api, attempt: 0, running: True
Version: B75689 (SC2.4.10)
Build: Aug 12 2019 17:16:57
Command Line: '"/labmount/users/202535331/MARL/pymarl-monotone-qmix/3rdparty/StarCraftII/Versions/Base75689/SC2_x64" -listen 127.0.0.1 -port 40583 -dataDir /labmount/users/202535331/MARL/pymarl-monotone-qmix/3rdparty/StarCraftII/ -tempDir /tmp/sc-ucgudjyk/'
Starting up...
Startup Phase 1 complete
[INFO 03:36:31] absl Connecting to: ws://127.0.0.1:40583/sc2api, attempt: 1, running: True
Startup Phase 2 complete
Creating stub renderer...
Listening on: 127.0.0.1:40583
Startup Phase 3 complete. Ready for commands.
[INFO 03:36:32] absl Connecting to: ws://127.0.0.1:40583/sc2api, attempt: 2, running: True
ConnectHandler: Request from 127.0.0.1:34524 accepted
ReadyHandler: 127.0.0.1:34524 ready
Requesting to join a single player game
Configuring interface options
Configure: raw interface enabled
Configure: feature layer interface disabled
Configure: score interface disabled
Configure: render interface disabled
Launching next game.
Next launch phase started: 2
Next launch phase started: 3
Next launch phase started: 4
Next launch phase started: 5
Next launch phase started: 6
Next launch phase started: 7
Next launch phase started: 8
Game has started.
Using default stable ids, none found at: /labmount/users/202535331/MARL/pymarl-monotone-qmix/3rdparty/StarCraftII/stableid.json
Successfully loaded stable ids: GameData\stableid.json
Sending ResponseJoinGame
[INFO 03:36:36] my_main t_env: 14 / 2050000
[INFO 03:36:36] my_main Estimated time left: 24 minutes, 37 seconds. Time passed: 7 seconds
[INFO 03:37:35] my_main Saving models to results/models/kaleidoscope_pmix_kan_bane_vs_bane_seed41__2026-09-25_03-36-15/14
[INFO 03:39:53] my_main Updated target network
[INFO 03:42:31] my_main Updated target network
[INFO 03:43:11] my_main Recent Stats | t_env:      10011 | Episode:      452
battle_won_mean:           1.0000	dead_allies_mean:         21.0000	dead_enemies_mean:        24.0000	div_coef:                338900.1471
div_loss:                 -0.0001	ep_length_mean:           14.0000	epsilon:                   1.0000	grad_norm:                 5.9680
loss:                    -22.6207	loss_td:                   5.6552	q_taken_mean:             -0.0081	return_mean:              20.0130
return_std:                0.0000	target_mean:               0.0337	td_error_abs:              1.0031	test_battle_won_mean:      0.0000
test_dead_allies_mean:    12.8750	test_dead_enemies_mean:   15.7188	test_ep_length_mean:     194.9375	test_return_mean:         11.2386
test_return_std:           1.3188	
[INFO 03:43:12] my_main t_env: 10025 / 2050000
[INFO 03:43:12] my_main Estimated time left: 22 hours, 23 minutes, 40 seconds. Time passed: 6 minutes, 42 seconds
[INFO 03:45:38] my_main Updated target network
[INFO 03:48:48] my_main Updated target network
[INFO 03:50:47] my_main t_env: 20187 / 2050000
[INFO 03:50:47] my_main Estimated time left: 1 days, 1 hours, 13 minutes, 52 seconds. Time passed: 14 minutes, 17 seconds
[INFO 03:50:58] my_main Recent Stats | t_env:      20187 | Episode:      919
battle_won_mean:           0.8022	dead_allies_mean:         21.8194	dead_enemies_mean:        23.8206	div_coef:                242296.8659
div_loss:                 -0.0001	ep_length_mean:           19.3184	epsilon:                   0.6202	grad_norm:                 4.2342
loss:                    -13.9290	loss_td:                   3.2399	q_taken_mean:              0.0743	return_mean:              19.3012
return_std:                1.1643	target_mean:               0.0967	td_error_abs:              0.8275	test_battle_won_mean:      0.3125
test_dead_allies_mean:    18.8646	test_dead_enemies_mean:   19.7812	test_ep_length_mean:      92.5729	test_return_mean:         15.0148
test_return_std:           2.8963	
[INFO 03:52:20] my_main Updated target network
[INFO 03:55:33] my_main Updated target network
[INFO 03:58:49] my_main Updated target network
[INFO 03:59:20] my_main t_env: 30193 / 2050000
[INFO 03:59:20] my_main Estimated time left: 1 days, 4 hours, 44 minutes, 44 seconds. Time passed: 22 minutes, 50 seconds
[INFO 03:59:30] my_main Recent Stats | t_env:      30193 | Episode:     1434
battle_won_mean:           0.7347	dead_allies_mean:         22.0272	dead_enemies_mean:        23.7009	div_coef:                193247.1598
div_loss:                 -0.0001	ep_length_mean:           19.3461	epsilon:                   0.4266	grad_norm:                 3.5925
loss:                    -10.1208	loss_td:                   2.2851	q_taken_mean:              0.1475	return_mean:              19.0095
return_std:                1.4172	target_mean:               0.1618	td_error_abs:              0.7024	test_battle_won_mean:      0.3281
test_dead_allies_mean:    19.7969	test_dead_enemies_mean:   20.2422	test_ep_length_mean:      77.8984	test_return_mean:         15.4142
test_return_std:           2.9073	
[INFO 04:02:20] my_main Updated target network
[INFO 04:05:45] my_main Updated target network
[INFO 04:06:25] my_main t_env: 40338 / 2050000
[INFO 04:06:25] my_main Estimated time left: 23 hours, 26 minutes, 22 seconds. Time passed: 29 minutes, 56 seconds
[INFO 04:06:42] my_main Recent Stats | t_env:      40338 | Episode:     1834
battle_won_mean:           0.6823	dead_allies_mean:         22.1207	dead_enemies_mean:        23.5092	div_coef:                165084.8435
div_loss:                 -0.0000	ep_length_mean:           20.5493	epsilon:                   0.2374	grad_norm:                 4.4531
loss:                     -8.0817	loss_td:                   1.8238	q_taken_mean:              0.2214	return_mean:              18.7206
return_std:                1.6515	target_mean:               0.2341	td_error_abs:              0.6556	test_battle_won_mean:      0.3375
test_dead_allies_mean:    20.1562	test_dead_enemies_mean:   20.5188	test_ep_length_mean:      74.9562	test_return_mean:         15.6446
test_return_std:           2.9623	
[INFO 04:10:37] my_main Updated target network
[INFO 04:10:53] my_main t_env: 50362 / 2050000
[INFO 04:10:53] my_main Estimated time left: 14 hours, 49 minutes, 40 seconds. Time passed: 34 minutes, 23 seconds
[INFO 04:11:13] my_main Recent Stats | t_env:      50362 | Episode:     2012
battle_won_mean:           0.5620	dead_allies_mean:         22.2252	dead_enemies_mean:        23.0114	div_coef:                143929.4597
div_loss:                 -0.0000	ep_length_mean:           29.0123	epsilon:                   0.0500	grad_norm:                 5.7535
loss:                     -6.7080	loss_td:                   1.5412	q_taken_mean:              0.2689	return_mean:              18.0308
return_std:                2.3193	target_mean:               0.2819	td_error_abs:              0.6255	test_battle_won_mean:      0.3937
test_dead_allies_mean:    22.0063	test_dead_enemies_mean:   21.3625	test_ep_length_mean:      51.9375	test_return_mean:         16.3958
test_return_std:           3.5364	
RequestQuit command received.
Closing Application...
DataHandler: unable to parse websocket frame.
CloseHandler: 127.0.0.1:34524 disconnected
[INFO 04:11:15] absl Shutdown gracefully.
[INFO 04:11:15] absl Shutdown with return code: -15
[INFO 04:11:15] absl Launching SC2: /labmount/users/202535331/MARL/pymarl-monotone-qmix/3rdparty/StarCraftII/Versions/Base75689/SC2_x64 -listen 127.0.0.1 -port 39299 -dataDir /labmount/users/202535331/MARL/pymarl-monotone-qmix/3rdparty/StarCraftII/ -tempDir /tmp/sc-axjrqmo3/
[INFO 04:11:16] absl Connecting to: ws://127.0.0.1:39299/sc2api, attempt: 0, running: True
Version: B75689 (SC2.4.10)
Build: Aug 12 2019 17:16:57
Command Line: '"/labmount/users/202535331/MARL/pymarl-monotone-qmix/3rdparty/StarCraftII/Versions/Base75689/SC2_x64" -listen 127.0.0.1 -port 39299 -dataDir /labmount/users/202535331/MARL/pymarl-monotone-qmix/3rdparty/StarCraftII/ -tempDir /tmp/sc-axjrqmo3/'
Starting up...
Startup Phase 1 complete
[INFO 04:11:17] absl Connecting to: ws://127.0.0.1:39299/sc2api, attempt: 1, running: True
Startup Phase 2 complete
Creating stub renderer...
Listening on: 127.0.0.1:39299
Startup Phase 3 complete. Ready for commands.
[INFO 04:11:18] absl Connecting to: ws://127.0.0.1:39299/sc2api, attempt: 2, running: True
ConnectHandler: Request from 127.0.0.1:35438 accepted
ReadyHandler: 127.0.0.1:35438 ready
Requesting to join a single player game
Configuring interface options
Configure: raw interface enabled
Configure: feature layer interface disabled
Configure: score interface disabled
Configure: render interface disabled
Launching next game.
Next launch phase started: 2
Next launch phase started: 3
Next launch phase started: 4
Next launch phase started: 5
Next launch phase started: 6
Next launch phase started: 7
Next launch phase started: 8
Game has started.
Using default stable ids, none found at: /labmount/users/202535331/MARL/pymarl-monotone-qmix/3rdparty/StarCraftII/stableid.json
Successfully loaded stable ids: GameData\stableid.json
Sending ResponseJoinGame
[INFO 04:16:00] my_main Updated target network
[INFO 04:16:20] my_main t_env: 60368 / 2050000
[INFO 04:16:20] my_main Estimated time left: 18 hours, 3 minutes, 32 seconds. Time passed: 39 minutes, 50 seconds
[INFO 04:16:39] my_main Recent Stats | t_env:      60368 | Episode:     2212
battle_won_mean:           0.4966	dead_allies_mean:         22.0307	dead_enemies_mean:        22.5721	div_coef:                87033.1778
div_loss:                 -0.0000	ep_length_mean:           34.5886	epsilon:                   0.0500	grad_norm:                 5.5366
loss:                     -2.4505	loss_td:                   0.4575	q_taken_mean:              0.3469	return_mean:              17.5468
return_std:                2.6515	target_mean:               0.3505	td_error_abs:              0.4913	test_battle_won_mean:      0.3438
test_dead_allies_mean:    22.0625	test_dead_enemies_mean:   21.1000	test_ep_length_mean:      56.5625	test_return_mean:         16.0548
test_return_std:           3.3401	
[INFO 04:21:14] my_main t_env: 70542 / 2050000
[INFO 04:21:14] my_main Estimated time left: 15 hours, 53 minutes, 13 seconds. Time passed: 44 minutes, 44 seconds
[INFO 04:21:32] my_main Recent Stats | t_env:      70542 | Episode:     2384
battle_won_mean:           0.4296	dead_allies_mean:         21.8780	dead_enemies_mean:        22.1158	div_coef:                67674.4512
div_loss:                 -0.0000	ep_length_mean:           42.0575	epsilon:                   0.0500	grad_norm:                 5.2615
loss:                     -1.6581	loss_td:                   0.3331	q_taken_mean:              0.4147	return_mean:              17.0268
return_std:                2.9051	target_mean:               0.4177	td_error_abs:              0.4249	test_battle_won_mean:      0.3125
test_dead_allies_mean:    22.1625	test_dead_enemies_mean:   20.9688	test_ep_length_mean:      63.6625	test_return_mean:         15.8638
test_return_std:           3.3645	
[INFO 04:22:00] my_main Updated target network
[INFO 04:25:54] my_main t_env: 80673 / 2050000
[INFO 04:25:54] my_main Estimated time left: 15 hours, 7 minutes, 42 seconds. Time passed: 49 minutes, 24 seconds
[INFO 04:26:11] my_main Recent Stats | t_env:      80673 | Episode:     2530
battle_won_mean:           0.3931	dead_allies_mean:         21.5712	dead_enemies_mean:        21.8749	div_coef:                57774.7633
div_loss:                 -0.0000	ep_length_mean:           52.0497	epsilon:                   0.0500	grad_norm:                 5.0741
loss:                     -1.3700	loss_td:                   0.3036	q_taken_mean:              0.4447	return_mean:              16.7663
return_std:                3.0282	target_mean:               0.4483	td_error_abs:              0.3981	test_battle_won_mean:      0.2938
test_dead_allies_mean:    22.0375	test_dead_enemies_mean:   21.0063	test_ep_length_mean:      68.1125	test_return_mean:         15.8161
test_return_std:           3.3466	
[INFO 04:28:21] my_main Updated target network
[INFO 04:32:04] my_main t_env: 90691 / 2050000
[INFO 04:32:04] my_main Estimated time left: 20 hours, 5 minutes, 52 seconds. Time passed: 55 minutes, 34 seconds
[INFO 04:32:20] my_main Recent Stats | t_env:      90691 | Episode:     2730
battle_won_mean:           0.3736	dead_allies_mean:         21.5252	dead_enemies_mean:        21.7924	div_coef:                50858.4119
div_loss:                 -0.0000	ep_length_mean:           56.9952	epsilon:                   0.0500	grad_norm:                 5.0378
loss:                     -1.1887	loss_td:                   0.2644	q_taken_mean:              0.4368	return_mean:              16.6642
return_std:                3.0727	target_mean:               0.4367	td_error_abs:              0.3634	test_battle_won_mean:      0.3125
test_dead_allies_mean:    22.1500	test_dead_enemies_mean:   21.3375	test_ep_length_mean:      64.2438	test_return_mean:         16.0928
test_return_std:           3.1410	
[INFO 04:34:16] my_main Updated target network
[INFO 04:39:23] my_main t_env: 100726 / 2050000
[INFO 04:39:23] my_main Estimated time left: 23 hours, 41 minutes, 6 seconds. Time passed: 1 hours, 2 minutes, 53 seconds
[INFO 04:39:37] my_main Recent Stats | t_env:     100726 | Episode:     2986
battle_won_mean:           0.3852	dead_allies_mean:         21.6566	dead_enemies_mean:        22.0105	div_coef:                46725.4395
div_loss:                 -0.0000	ep_length_mean:           53.5722	epsilon:                   0.0500	grad_norm:                 3.5985
loss:                     -1.1310	loss_td:                   0.2248	q_taken_mean:              0.4240	return_mean:              16.8395
return_std:                2.9615	target_mean:               0.4200	td_error_abs:              0.3209	test_battle_won_mean:      0.3250
test_dead_allies_mean:    22.2750	test_dead_enemies_mean:   21.8125	test_ep_length_mean:      55.0125	test_return_mean:         16.4615
test_return_std:           2.8388	
[INFO 04:40:02] my_main Updated target network
RequestQuit command received.
Closing Application...
DataHandler: unable to parse websocket frame.
CloseHandler: 127.0.0.1:35438 disconnected
[INFO 04:44:11] absl Shutdown gracefully.
[INFO 04:44:11] absl Shutdown with return code: -15
[INFO 04:44:11] absl Launching SC2: /labmount/users/202535331/MARL/pymarl-monotone-qmix/3rdparty/StarCraftII/Versions/Base75689/SC2_x64 -listen 127.0.0.1 -port 34971 -dataDir /labmount/users/202535331/MARL/pymarl-monotone-qmix/3rdparty/StarCraftII/ -tempDir /tmp/sc-084k9d75/
[INFO 04:44:12] absl Connecting to: ws://127.0.0.1:34971/sc2api, attempt: 0, running: True
Version: B75689 (SC2.4.10)
Build: Aug 12 2019 17:16:57
Command Line: '"/labmount/users/202535331/MARL/pymarl-monotone-qmix/3rdparty/StarCraftII/Versions/Base75689/SC2_x64" -listen 127.0.0.1 -port 34971 -dataDir /labmount/users/202535331/MARL/pymarl-monotone-qmix/3rdparty/StarCraftII/ -tempDir /tmp/sc-084k9d75/'
Starting up...
Startup Phase 1 complete
[INFO 04:44:13] absl Connecting to: ws://127.0.0.1:34971/sc2api, attempt: 1, running: True
Startup Phase 2 complete
Creating stub renderer...
Listening on: 127.0.0.1:34971
Startup Phase 3 complete. Ready for commands.
[INFO 04:44:14] absl Connecting to: ws://127.0.0.1:34971/sc2api, attempt: 2, running: True
ConnectHandler: Request from 127.0.0.1:33250 accepted
ReadyHandler: 127.0.0.1:33250 ready
Requesting to join a single player game
Configuring interface options
Configure: raw interface enabled
Configure: feature layer interface disabled
Configure: score interface disabled
Configure: render interface disabled
Launching next game.
Next launch phase started: 2
Next launch phase started: 3
Next launch phase started: 4
Next launch phase started: 5
Next launch phase started: 6
Next launch phase started: 7
Next launch phase started: 8
Game has started.
Using default stable ids, none found at: /labmount/users/202535331/MARL/pymarl-monotone-qmix/3rdparty/StarCraftII/stableid.json
Successfully loaded stable ids: GameData\stableid.json
Sending ResponseJoinGame
[INFO 04:45:38] my_main Updated target network
[INFO 04:47:06] my_main t_env: 110736 / 2050000
[INFO 04:47:06] my_main Estimated time left: 1 days, 54 minutes, 36 seconds. Time passed: 1 hours, 10 minutes, 36 seconds
[INFO 04:47:20] my_main Recent Stats | t_env:     110736 | Episode:     3255
battle_won_mean:           0.3894	dead_allies_mean:         21.8897	dead_enemies_mean:        22.1693	div_coef:                43766.3262
div_loss:                 -0.0000	ep_length_mean:           51.0085	epsilon:                   0.0500	grad_norm:                 3.1562
loss:                     -1.0465	loss_td:                   0.2160	q_taken_mean:              0.4093	return_mean:              16.9516
return_std:                2.8636	target_mean:               0.4056	td_error_abs:              0.3150	test_battle_won_mean:      0.3937
test_dead_allies_mean:    22.1812	test_dead_enemies_mean:   22.4937	test_ep_length_mean:      48.1938	test_return_mean:         17.1402
test_return_std:           2.5797	
[INFO 04:51:29] my_main Updated target network
[INFO 04:53:51] my_main t_env: 120750 / 2050000
[INFO 04:53:51] my_main Estimated time left: 21 hours, 41 minutes, 5 seconds. Time passed: 1 hours, 17 minutes, 21 seconds
[INFO 04:54:08] my_main Recent Stats | t_env:     120750 | Episode:     3488
battle_won_mean:           0.4191	dead_allies_mean:         21.9935	dead_enemies_mean:        22.4556	div_coef:                41354.5778
div_loss:                 -0.0000	ep_length_mean:           47.7740	epsilon:                   0.0500	grad_norm:                 3.8110
loss:                     -0.9571	loss_td:                   0.2114	q_taken_mean:              0.3783	return_mean:              17.2448
return_std:                2.7550	target_mean:               0.3759	td_error_abs:              0.3103	test_battle_won_mean:      0.4062
test_dead_allies_mean:    22.3562	test_dead_enemies_mean:   22.7375	test_ep_length_mean:      45.3250	test_return_mean:         17.3455
test_return_std:           2.4254	
[INFO 04:57:15] my_main Updated target network
[INFO 05:01:47] my_main t_env: 130777 / 2050000
[INFO 05:01:47] my_main Estimated time left: 1 days, 1 hours, 19 minutes, 4 seconds. Time passed: 1 hours, 25 minutes, 18 seconds
[INFO 05:02:04] my_main Recent Stats | t_env:     130777 | Episode:     3771
battle_won_mean:           0.4290	dead_allies_mean:         22.3483	dead_enemies_mean:        22.6063	div_coef:                38774.0198
div_loss:                 -0.0000	ep_length_mean:           40.9822	epsilon:                   0.0500	grad_norm:                 3.7266
loss:                     -0.8974	loss_td:                   0.1997	q_taken_mean:              0.3920	return_mean:              17.3559
return_std:                2.6996	target_mean:               0.3896	td_error_abs:              0.3035	test_battle_won_mean:      0.4188
test_dead_allies_mean:    22.5375	test_dead_enemies_mean:   22.9563	test_ep_length_mean:      44.5688	test_return_mean:         17.5164
test_return_std:           2.2955	
[INFO 05:02:53] my_main Updated target network
[INFO 05:08:11] my_main Updated target network
[INFO 05:09:32] my_main t_env: 140782 / 2050000
[INFO 05:09:32] my_main Estimated time left: 1 days, 38 minutes, 48 seconds. Time passed: 1 hours, 33 minutes, 3 seconds
[INFO 05:09:47] my_main Recent Stats | t_env:     140782 | Episode:     4054
battle_won_mean:           0.4389	dead_allies_mean:         22.4345	dead_enemies_mean:        22.6732	div_coef:                36819.3551
div_loss:                 -0.0000	ep_length_mean:           38.0348	epsilon:                   0.0500	grad_norm:                 3.2210
loss:                     -0.8106	loss_td:                   0.1969	q_taken_mean:              0.3863	return_mean:              17.4103
return_std:                2.6605	target_mean:               0.3855	td_error_abs:              0.3009	test_battle_won_mean:      0.4313
test_dead_allies_mean:    22.5875	test_dead_enemies_mean:   22.9500	test_ep_length_mean:      44.2563	test_return_mean:         17.5366
test_return_std:           2.3083	
[INFO 05:13:45] my_main Updated target network
[INFO 05:16:53] my_main t_env: 150795 / 2050000
[INFO 05:16:53] my_main Estimated time left: 23 hours, 12 minutes, 59 seconds. Time passed: 1 hours, 40 minutes, 23 seconds
[INFO 05:17:06] my_main Recent Stats | t_env:     150795 | Episode:     4316
battle_won_mean:           0.4299	dead_allies_mean:         22.5223	dead_enemies_mean:        22.6719	div_coef:                36749.5541
div_loss:                 -0.0000	ep_length_mean:           37.8385	epsilon:                   0.0500	grad_norm:                 2.8928
loss:                     -0.7738	loss_td:                   0.1879	q_taken_mean:              0.3897	return_mean:              17.3721
return_std:                2.6324	target_mean:               0.3893	td_error_abs:              0.2959	test_battle_won_mean:      0.4625
test_dead_allies_mean:    22.4125	test_dead_enemies_mean:   23.0188	test_ep_length_mean:      44.7563	test_return_mean:         17.6769
test_return_std:           2.3374	
[INFO 05:19:25] my_main Updated target network
[INFO 05:24:28] my_main t_env: 160802 / 2050000
[INFO 05:24:28] my_main Estimated time left: 23 hours, 50 minutes, 38 seconds. Time passed: 1 hours, 47 minutes, 58 seconds
[INFO 05:24:42] my_main Recent Stats | t_env:     160802 | Episode:     4591
battle_won_mean:           0.4221	dead_allies_mean:         22.6085	dead_enemies_mean:        22.7073	div_coef:                35683.3641
div_loss:                 -0.0000	ep_length_mean:           37.6739	epsilon:                   0.0500	grad_norm:                 2.5217
loss:                     -0.7282	loss_td:                   0.1808	q_taken_mean:              0.4177	return_mean:              17.3562
return_std:                2.5897	target_mean:               0.4180	td_error_abs:              0.2868	test_battle_won_mean:      0.4313
test_dead_allies_mean:    22.5312	test_dead_enemies_mean:   22.8438	test_ep_length_mean:      45.2563	test_return_mean:         17.4555
test_return_std:           2.4131	
[INFO 05:25:00] my_main Updated target network
RequestQuit command received.
Closing Application...
DataHandler: unable to parse websocket frame.
CloseHandler: 127.0.0.1:33250 disconnected
[INFO 05:26:39] absl Shutdown gracefully.
[INFO 05:26:39] absl Shutdown with return code: -15
[INFO 05:26:39] absl Launching SC2: /labmount/users/202535331/MARL/pymarl-monotone-qmix/3rdparty/StarCraftII/Versions/Base75689/SC2_x64 -listen 127.0.0.1 -port 36141 -dataDir /labmount/users/202535331/MARL/pymarl-monotone-qmix/3rdparty/StarCraftII/ -tempDir /tmp/sc-m7nrvd8s/
[INFO 05:26:40] absl Connecting to: ws://127.0.0.1:36141/sc2api, attempt: 0, running: True
Version: B75689 (SC2.4.10)
Build: Aug 12 2019 17:16:57
Command Line: '"/labmount/users/202535331/MARL/pymarl-monotone-qmix/3rdparty/StarCraftII/Versions/Base75689/SC2_x64" -listen 127.0.0.1 -port 36141 -dataDir /labmount/users/202535331/MARL/pymarl-monotone-qmix/3rdparty/StarCraftII/ -tempDir /tmp/sc-m7nrvd8s/'
Starting up...
Startup Phase 1 complete
[INFO 05:26:41] absl Connecting to: ws://127.0.0.1:36141/sc2api, attempt: 1, running: True
Startup Phase 2 complete
Creating stub renderer...
Listening on: 127.0.0.1:36141
Startup Phase 3 complete. Ready for commands.
[INFO 05:26:42] absl Connecting to: ws://127.0.0.1:36141/sc2api, attempt: 2, running: True
ConnectHandler: Request from 127.0.0.1:54094 accepted
ReadyHandler: 127.0.0.1:54094 ready
Requesting to join a single player game
Configuring interface options
Configure: raw interface enabled
Configure: feature layer interface disabled
Configure: score interface disabled
Configure: render interface disabled
Launching next game.
Next launch phase started: 2
Next launch phase started: 3
Next launch phase started: 4
Next launch phase started: 5
Next launch phase started: 6
Next launch phase started: 7
Next launch phase started: 8
Game has started.
Using default stable ids, none found at: /labmount/users/202535331/MARL/pymarl-monotone-qmix/3rdparty/StarCraftII/stableid.json
Successfully loaded stable ids: GameData\stableid.json
Sending ResponseJoinGame
[INFO 05:30:27] my_main Updated target network
[INFO 05:31:55] my_main t_env: 170803 / 2050000
[INFO 05:31:55] my_main Estimated time left: 23 hours, 20 minutes, 0 seconds. Time passed: 1 hours, 55 minutes, 25 seconds
[INFO 05:32:07] my_main Recent Stats | t_env:     170803 | Episode:     4855
battle_won_mean:           0.4149	dead_allies_mean:         22.6643	dead_enemies_mean:        22.6829	div_coef:                35021.3424
div_loss:                 -0.0000	ep_length_mean:           36.6547	epsilon:                   0.0500	grad_norm:                 2.6768
loss:                     -0.6813	loss_td:                   0.1830	q_taken_mean:              0.4206	return_mean:              17.3217
return_std:                2.5767	target_mean:               0.4175	td_error_abs:              0.2913	test_battle_won_mean:      0.4375
test_dead_allies_mean:    22.4625	test_dead_enemies_mean:   22.8625	test_ep_length_mean:      40.1250	test_return_mean:         17.4883
test_return_std:           2.4203	
[INFO 05:35:56] my_main Updated target network
[INFO 05:39:30] my_main t_env: 180803 / 2050000
[INFO 05:39:30] my_main Estimated time left: 23 hours, 37 minutes, 1 seconds. Time passed: 2 hours, 3 minutes, 0 seconds
[INFO 05:39:43] my_main Recent Stats | t_env:     180803 | Episode:     5132
battle_won_mean:           0.4239	dead_allies_mean:         22.5945	dead_enemies_mean:        22.5979	div_coef:                35510.5107
div_loss:                 -0.0000	ep_length_mean:           36.7887	epsilon:                   0.0500	grad_norm:                 2.9129
loss:                     -0.6649	loss_td:                   0.1708	q_taken_mean:              0.3909	return_mean:              17.3031
return_std:                2.6182	target_mean:               0.3869	td_error_abs:              0.2766	test_battle_won_mean:      0.4500
test_dead_allies_mean:    22.4000	test_dead_enemies_mean:   22.7437	test_ep_length_mean:      37.5875	test_return_mean:         17.4458
test_return_std:           2.5498	
[INFO 05:41:44] my_main Updated target network
[INFO 05:45:43] my_main t_env: 190808 / 2050000
[INFO 05:45:43] my_main Estimated time left: 19 hours, 16 minutes, 6 seconds. Time passed: 2 hours, 9 minutes, 13 seconds
[INFO 05:45:58] my_main Recent Stats | t_env:     190808 | Episode:     5342
battle_won_mean:           0.3848	dead_allies_mean:         22.7181	dead_enemies_mean:        22.2631	div_coef:                35416.1343
div_loss:                 -0.0000	ep_length_mean:           39.2466	epsilon:                   0.0500	grad_norm:                 2.2689
loss:                     -0.6839	loss_td:                   0.1475	q_taken_mean:              0.3885	return_mean:              16.9550
return_std:                2.7933	target_mean:               0.3854	td_error_abs:              0.2489	test_battle_won_mean:      0.3500
test_dead_allies_mean:    22.6938	test_dead_enemies_mean:   21.9187	test_ep_length_mean:      37.4937	test_return_mean:         16.5592
test_return_std:           2.8773	
[INFO 05:47:36] my_main Updated target network
[INFO 05:51:50] my_main t_env: 200808 / 2050000
[INFO 05:51:50] my_main Estimated time left: 18 hours, 50 minutes, 4 seconds. Time passed: 2 hours, 15 minutes, 20 seconds
[INFO 05:52:12] my_main Recent Stats | t_env:     200808 | Episode:     5547
battle_won_mean:           0.3404	dead_allies_mean:         22.9008	dead_enemies_mean:        21.9411	div_coef:                35245.1420
div_loss:                 -0.0000	ep_length_mean:           41.3592	epsilon:                   0.0500	grad_norm:                 2.7603
loss:                     -0.6748	loss_td:                   0.1487	q_taken_mean:              0.3952	return_mean:              16.5979
return_std:                2.9185	target_mean:               0.3940	td_error_abs:              0.2550	test_battle_won_mean:      0.2875
test_dead_allies_mean:    22.9812	test_dead_enemies_mean:   21.6125	test_ep_length_mean:      47.3937	test_return_mean:         16.1509
test_return_std:           2.9194	
[INFO 05:53:46] my_main Updated target network
[INFO 05:57:39] my_main t_env: 210949 / 2050000
[INFO 05:57:39] my_main Estimated time left: 17 hours, 35 minutes, 35 seconds. Time passed: 2 hours, 21 minutes, 9 seconds
[INFO 05:57:56] my_main Recent Stats | t_env:     210949 | Episode:     5735
battle_won_mean:           0.3323	dead_allies_mean:         22.9493	dead_enemies_mean:        21.8014	div_coef:                35548.1224
div_loss:                 -0.0000	ep_length_mean:           44.8697	epsilon:                   0.0500	grad_norm:                 3.5209
loss:                     -0.6703	loss_td:                   0.1494	q_taken_mean:              0.4026	return_mean:              16.4810
return_std:                3.0779	target_mean:               0.4006	td_error_abs:              0.2602	test_battle_won_mean:      0.2750
test_dead_allies_mean:    23.0750	test_dead_enemies_mean:   21.5063	test_ep_length_mean:      51.0063	test_return_mean:         16.0569
test_return_std:           3.0310	
[INFO 06:00:02] my_main Updated target network
RequestQuit command received.
Closing Application...
DataHandler: unable to parse websocket frame.
CloseHandler: 127.0.0.1:54094 disconnected
[INFO 06:01:42] absl Shutdown gracefully.
[INFO 06:01:42] absl Shutdown with return code: -15
[INFO 06:01:42] absl Launching SC2: /labmount/users/202535331/MARL/pymarl-monotone-qmix/3rdparty/StarCraftII/Versions/Base75689/SC2_x64 -listen 127.0.0.1 -port 36777 -dataDir /labmount/users/202535331/MARL/pymarl-monotone-qmix/3rdparty/StarCraftII/ -tempDir /tmp/sc-of6gkro4/
[INFO 06:01:43] absl Connecting to: ws://127.0.0.1:36777/sc2api, attempt: 0, running: True
Version: B75689 (SC2.4.10)
Build: Aug 12 2019 17:16:57
Command Line: '"/labmount/users/202535331/MARL/pymarl-monotone-qmix/3rdparty/StarCraftII/Versions/Base75689/SC2_x64" -listen 127.0.0.1 -port 36777 -dataDir /labmount/users/202535331/MARL/pymarl-monotone-qmix/3rdparty/StarCraftII/ -tempDir /tmp/sc-of6gkro4/'
Starting up...
Startup Phase 1 complete
[INFO 06:01:44] absl Connecting to: ws://127.0.0.1:36777/sc2api, attempt: 1, running: True
Startup Phase 2 complete
Creating stub renderer...
Listening on: 127.0.0.1:36777
Startup Phase 3 complete. Ready for commands.
[INFO 06:01:45] absl Connecting to: ws://127.0.0.1:36777/sc2api, attempt: 2, running: True
ConnectHandler: Request from 127.0.0.1:41180 accepted
ReadyHandler: 127.0.0.1:41180 ready
Requesting to join a single player game
Configuring interface options
Configure: raw interface enabled
Configure: feature layer interface disabled
Configure: score interface disabled
Configure: render interface disabled
Launching next game.
Next launch phase started: 2
Next launch phase started: 3
Next launch phase started: 4
Next launch phase started: 5
Next launch phase started: 6
Next launch phase started: 7
Next launch phase started: 8
Game has started.
Using default stable ids, none found at: /labmount/users/202535331/MARL/pymarl-monotone-qmix/3rdparty/StarCraftII/stableid.json
Successfully loaded stable ids: GameData\stableid.json
Sending ResponseJoinGame
[INFO 06:01:57] my_main t_env: 221137 / 2050000
[INFO 06:01:57] my_main Estimated time left: 12 hours, 53 minutes, 10 seconds. Time passed: 2 hours, 25 minutes, 27 seconds
[INFO 06:02:33] my_main Recent Stats | t_env:     221137 | Episode:     5854
battle_won_mean:           0.3098	dead_allies_mean:         22.9340	dead_enemies_mean:        21.5250	div_coef:                36146.0861
div_loss:                 -0.0000	ep_length_mean:           54.4159	epsilon:                   0.0500	grad_norm:                 3.4337
loss:                     -0.6947	loss_td:                   0.1508	q_taken_mean:              0.4070	return_mean:              16.2281
return_std:                3.3081	target_mean:               0.4082	td_error_abs:              0.2563	test_battle_won_mean:      0.2250
test_dead_allies_mean:    22.9500	test_dead_enemies_mean:   19.5063	test_ep_length_mean:      75.6188	test_return_mean:         14.5376
test_return_std:           3.8526	
[INFO 06:05:23] my_main t_env: 231302 / 2050000
[INFO 06:05:23] my_main Estimated time left: 10 hours, 14 minutes, 48 seconds. Time passed: 2 hours, 28 minutes, 54 seconds
[INFO 06:05:58] my_main Recent Stats | t_env:     231302 | Episode:     5933
battle_won_mean:           0.2565	dead_allies_mean:         22.8788	dead_enemies_mean:        20.7002	div_coef:                36123.9007
div_loss:                 -0.0000	ep_length_mean:           72.9298	epsilon:                   0.0500	grad_norm:                 4.2882
loss:                     -0.6892	loss_td:                   0.1747	q_taken_mean:              0.4033	return_mean:              15.5179
return_std:                3.6961	target_mean:               0.4032	td_error_abs:              0.2822	test_battle_won_mean:      0.1688
test_dead_allies_mean:    22.8875	test_dead_enemies_mean:   17.7500	test_ep_length_mean:      97.3375	test_return_mean:         13.1693
test_return_std:           4.3644	
[INFO 06:08:25] my_main Updated target network
[INFO 06:09:01] my_main t_env: 241399 / 2050000
[INFO 06:09:01] my_main Estimated time left: 10 hours, 49 minutes, 42 seconds. Time passed: 2 hours, 32 minutes, 31 seconds
[INFO 06:09:38] my_main Recent Stats | t_env:     241399 | Episode:     6018
battle_won_mean:           0.2319	dead_allies_mean:         22.8254	dead_enemies_mean:        20.0362	div_coef:                37318.1274
div_loss:                 -0.0000	ep_length_mean:           87.1589	epsilon:                   0.0500	grad_norm:                 4.3382
loss:                     -0.7156	loss_td:                   0.1736	q_taken_mean:              0.3909	return_mean:              15.0002
return_std:                3.8453	target_mean:               0.3899	td_error_abs:              0.2866	test_battle_won_mean:      0.1750
test_dead_allies_mean:    22.5625	test_dead_enemies_mean:   16.6500	test_ep_length_mean:     121.9813	test_return_mean:         12.4445
test_return_std:           4.6929	
[INFO 06:12:22] my_main t_env: 251462 / 2050000
[INFO 06:12:22] my_main Estimated time left: 9 hours, 58 minutes, 58 seconds. Time passed: 2 hours, 35 minutes, 52 seconds
[INFO 06:13:09] my_main Recent Stats | t_env:     251462 | Episode:     6084
battle_won_mean:           0.2242	dead_allies_mean:         22.3585	dead_enemies_mean:        18.5906	div_coef:                37389.4572
div_loss:                 -0.0000	ep_length_mean:          107.8968	epsilon:                   0.0500	grad_norm:                 4.3685
loss:                     -0.7192	loss_td:                   0.1842	q_taken_mean:              0.3837	return_mean:              13.9915
return_std:                4.4457	target_mean:               0.3801	td_error_abs:              0.2863	test_battle_won_mean:      0.1375
test_dead_allies_mean:    21.8625	test_dead_enemies_mean:   13.7688	test_ep_length_mean:     143.7625	test_return_mean:         10.3671
test_return_std:           4.8476	
[INFO 06:15:34] my_main t_env: 261602 / 2050000
[INFO 06:15:34] my_main Estimated time left: 9 hours, 25 minutes, 34 seconds. Time passed: 2 hours, 39 minutes, 5 seconds
RequestQuit command received.
DataHandler: unable to parse websocket frame.
CloseHandler: 127.0.0.1:41180 disconnected
[INFO 06:16:00] absl Shutdown gracefully.
[INFO 06:16:00] absl Shutdown with return code: -15
[INFO 06:16:00] absl Launching SC2: /labmount/users/202535331/MARL/pymarl-monotone-qmix/3rdparty/StarCraftII/Versions/Base75689/SC2_x64 -listen 127.0.0.1 -port 38023 -dataDir /labmount/users/202535331/MARL/pymarl-monotone-qmix/3rdparty/StarCraftII/ -tempDir /tmp/sc-bs9x6som/
[INFO 06:16:01] absl Connecting to: ws://127.0.0.1:38023/sc2api, attempt: 0, running: True
Version: B75689 (SC2.4.10)
Build: Aug 12 2019 17:16:57
Command Line: '"/labmount/users/202535331/MARL/pymarl-monotone-qmix/3rdparty/StarCraftII/Versions/Base75689/SC2_x64" -listen 127.0.0.1 -port 38023 -dataDir /labmount/users/202535331/MARL/pymarl-monotone-qmix/3rdparty/StarCraftII/ -tempDir /tmp/sc-bs9x6som/'
Starting up...
Startup Phase 1 complete
[INFO 06:16:02] absl Connecting to: ws://127.0.0.1:38023/sc2api, attempt: 1, running: True
Startup Phase 2 complete
Creating stub renderer...
Listening on: 127.0.0.1:38023
Startup Phase 3 complete. Ready for commands.
[INFO 06:16:03] absl Connecting to: ws://127.0.0.1:38023/sc2api, attempt: 2, running: True
ConnectHandler: Request from 127.0.0.1:38486 accepted
ReadyHandler: 127.0.0.1:38486 ready
Requesting to join a single player game
Configuring interface options
Configure: raw interface enabled
Configure: feature layer interface disabled
Configure: score interface disabled
Configure: render interface disabled
Launching next game.
Next launch phase started: 2
Next launch phase started: 3
Next launch phase started: 4
Next launch phase started: 5
Next launch phase started: 6
Next launch phase started: 7
Next launch phase started: 8
Game has started.
Using default stable ids, none found at: /labmount/users/202535331/MARL/pymarl-monotone-qmix/3rdparty/StarCraftII/stableid.json
Successfully loaded stable ids: GameData\stableid.json
Sending ResponseJoinGame
[INFO 06:16:30] my_main Recent Stats | t_env:     261602 | Episode:     6135
battle_won_mean:           0.1508	dead_allies_mean:         21.5423	dead_enemies_mean:        15.4985	div_coef:                37933.0111
div_loss:                 -0.0000	ep_length_mean:          136.8732	epsilon:                   0.0500	grad_norm:                 4.6536
loss:                     -0.7378	loss_td:                   0.2013	q_taken_mean:              0.3554	return_mean:              11.6405
return_std:                4.5855	target_mean:               0.3516	td_error_abs:              0.2950	test_battle_won_mean:      0.0813
test_dead_allies_mean:    20.7437	test_dead_enemies_mean:   10.4250	test_ep_length_mean:     169.9750	test_return_mean:          7.9001
test_return_std:           4.9636	
[INFO 06:19:01] my_main t_env: 271682 / 2050000
[INFO 06:19:01] my_main Estimated time left: 10 hours, 6 minutes, 59 seconds. Time passed: 2 hours, 42 minutes, 31 seconds
[INFO 06:19:51] my_main Recent Stats | t_env:     271682 | Episode:     6188
battle_won_mean:           0.0945	dead_allies_mean:         20.6931	dead_enemies_mean:        12.6439	div_coef:                39274.6280
div_loss:                 -0.0000	ep_length_mean:          157.7882	epsilon:                   0.0500	grad_norm:                 4.0990
loss:                     -0.7441	loss_td:                   0.2242	q_taken_mean:              0.3629	return_mean:               9.4765
return_std:                4.8208	target_mean:               0.3574	td_error_abs:              0.2814	test_battle_won_mean:      0.0437
test_dead_allies_mean:    19.9000	test_dead_enemies_mean:    8.7000	test_ep_length_mean:     178.7125	test_return_mean:          6.5654
test_return_std:           4.3139	
[INFO 06:20:29] my_main Updated target network
[INFO 06:22:14] my_main t_env: 281682 / 2050000
[INFO 06:22:14] my_main Estimated time left: 9 hours, 29 minutes, 26 seconds. Time passed: 2 hours, 45 minutes, 44 seconds
[INFO 06:23:04] my_main Recent Stats | t_env:     281682 | Episode:     6238
battle_won_mean:           0.0590	dead_allies_mean:         19.9079	dead_enemies_mean:        10.3035	div_coef:                43778.2136
div_loss:                 -0.0000	ep_length_mean:          172.0540	epsilon:                   0.0500	grad_norm:                 3.7511
loss:                     -0.8205	loss_td:                   0.2382	q_taken_mean:              0.3543	return_mean:               7.7169
return_std:                4.6366	target_mean:               0.3502	td_error_abs:              0.2823	test_battle_won_mean:      0.0187
test_dead_allies_mean:    19.0125	test_dead_enemies_mean:    7.0000	test_ep_length_mean:     189.0625	test_return_mean:          5.2920
test_return_std:           3.8189	
[INFO 06:25:23] my_main t_env: 291682 / 2050000
[INFO 06:25:23] my_main Estimated time left: 9 hours, 13 minutes, 38 seconds. Time passed: 2 hours, 48 minutes, 53 seconds
[INFO 06:26:13] my_main Recent Stats | t_env:     291682 | Episode:     6288
battle_won_mean:           0.0379	dead_allies_mean:         18.9945	dead_enemies_mean:         8.3814	div_coef:                48907.4548
div_loss:                 -0.0000	ep_length_mean:          188.2964	epsilon:                   0.0500	grad_norm:                 4.0319
loss:                     -0.9318	loss_td:                   0.2439	q_taken_mean:              0.3557	return_mean:               6.2980
return_std:                4.7277	target_mean:               0.3532	td_error_abs:              0.2823	test_battle_won_mean:      0.0125
test_dead_allies_mean:    17.7812	test_dead_enemies_mean:    5.5250	test_ep_length_mean:     193.8875	test_return_mean:          4.2398
test_return_std:           3.6284	
[INFO 06:28:40] my_main t_env: 301736 / 2050000
[INFO 06:28:40] my_main Estimated time left: 9 hours, 31 minutes, 10 seconds. Time passed: 2 hours, 52 minutes, 10 seconds
RequestQuit command received.
Closing Application...
DataHandler: unable to parse websocket frame.
CloseHandler: 127.0.0.1:38486 disconnected
[INFO 06:29:11] absl Shutdown gracefully.
[INFO 06:29:11] absl Shutdown with return code: -15
[INFO 06:29:11] absl Launching SC2: /labmount/users/202535331/MARL/pymarl-monotone-qmix/3rdparty/StarCraftII/Versions/Base75689/SC2_x64 -listen 127.0.0.1 -port 40789 -dataDir /labmount/users/202535331/MARL/pymarl-monotone-qmix/3rdparty/StarCraftII/ -tempDir /tmp/sc-_k57en8b/
[INFO 06:29:12] absl Connecting to: ws://127.0.0.1:40789/sc2api, attempt: 0, running: True
Version: B75689 (SC2.4.10)
Build: Aug 12 2019 17:16:57
Command Line: '"/labmount/users/202535331/MARL/pymarl-monotone-qmix/3rdparty/StarCraftII/Versions/Base75689/SC2_x64" -listen 127.0.0.1 -port 40789 -dataDir /labmount/users/202535331/MARL/pymarl-monotone-qmix/3rdparty/StarCraftII/ -tempDir /tmp/sc-_k57en8b/'
Starting up...
Startup Phase 1 complete
[INFO 06:29:13] absl Connecting to: ws://127.0.0.1:40789/sc2api, attempt: 1, running: True
Startup Phase 2 complete
Creating stub renderer...
Listening on: 127.0.0.1:40789
Startup Phase 3 complete. Ready for commands.
[INFO 06:29:14] absl Connecting to: ws://127.0.0.1:40789/sc2api, attempt: 2, running: True
ConnectHandler: Request from 127.0.0.1:53844 accepted
ReadyHandler: 127.0.0.1:53844 ready
Requesting to join a single player game
Configuring interface options
Configure: raw interface enabled
Configure: feature layer interface disabled
Configure: score interface disabled
Configure: render interface disabled
Launching next game.
Next launch phase started: 2
Next launch phase started: 3
Next launch phase started: 4
Next launch phase started: 5
Next launch phase started: 6
Next launch phase started: 7
Next launch phase started: 8
Game has started.
Using default stable ids, none found at: /labmount/users/202535331/MARL/pymarl-monotone-qmix/3rdparty/StarCraftII/stableid.json
Successfully loaded stable ids: GameData\stableid.json
Sending ResponseJoinGame
[INFO 06:29:36] my_main Recent Stats | t_env:     301736 | Episode:     6340
battle_won_mean:           0.0075	dead_allies_mean:         18.1436	dead_enemies_mean:         6.8684	div_coef:                54263.0495
div_loss:                 -0.0000	ep_length_mean:          196.4717	epsilon:                   0.0500	grad_norm:                 5.9422
loss:                     -0.9601	loss_td:                   0.3374	q_taken_mean:              0.3500	return_mean:               5.1300
return_std:                4.2517	target_mean:               0.3450	td_error_abs:              0.3201	test_battle_won_mean:      0.0187
test_dead_allies_mean:    16.9937	test_dead_enemies_mean:    5.4000	test_ep_length_mean:     192.4500	test_return_mean:          4.1631
test_return_std:           3.7164	
[INFO 06:32:06] my_main t_env: 311759 / 2050000
[INFO 06:32:06] my_main Estimated time left: 9 hours, 54 minutes, 54 seconds. Time passed: 2 hours, 55 minutes, 36 seconds
[INFO 06:32:55] my_main Recent Stats | t_env:     311759 | Episode:     6391
battle_won_mean:           0.0115	dead_allies_mean:         17.6024	dead_enemies_mean:         6.7115	div_coef:                60093.4411
div_loss:                 -0.0000	ep_length_mean:          196.0128	epsilon:                   0.0500	grad_norm:                 6.1419
loss:                     -1.0546	loss_td:                   0.3665	q_taken_mean:              0.3574	return_mean:               5.0143
return_std:                4.2754	target_mean:               0.3517	td_error_abs:              0.3187	test_battle_won_mean:      0.0187
test_dead_allies_mean:    16.9937	test_dead_enemies_mean:    5.4375	test_ep_length_mean:     193.3625	test_return_mean:          4.1614
test_return_std:           3.7731	
[INFO 06:33:23] my_main Updated target network
[INFO 06:35:23] my_main t_env: 321840 / 2050000
[INFO 06:35:23] my_main Estimated time left: 9 hours, 23 minutes, 29 seconds. Time passed: 2 hours, 58 minutes, 53 seconds
[INFO 06:36:07] my_main Recent Stats | t_env:     321840 | Episode:     6443
battle_won_mean:           0.0039	dead_allies_mean:         17.4952	dead_enemies_mean:         6.5116	div_coef:                66303.9741
div_loss:                 -0.0000	ep_length_mean:          196.7482	epsilon:                   0.0500	grad_norm:                 6.1992
loss:                     -1.2162	loss_td:                   0.3511	q_taken_mean:              0.3353	return_mean:               4.8588
return_std:                4.1488	target_mean:               0.3292	td_error_abs:              0.3157	test_battle_won_mean:      0.0437
test_dead_allies_mean:    17.2812	test_dead_enemies_mean:    6.3250	test_ep_length_mean:     189.8438	test_return_mean:          4.8873
test_return_std:           4.3596	
[INFO 06:38:37] my_main t_env: 332030 / 2050000
[INFO 06:38:37] my_main Estimated time left: 9 hours, 4 minutes, 41 seconds. Time passed: 3 hours, 2 minutes, 7 seconds
[INFO 06:39:24] my_main Recent Stats | t_env:     332030 | Episode:     6499
battle_won_mean:           0.0075	dead_allies_mean:         17.7022	dead_enemies_mean:         7.0229	div_coef:                69965.1193
div_loss:                 -0.0000	ep_length_mean:          193.1410	epsilon:                   0.0500	grad_norm:                 5.9348
loss:                     -1.2977	loss_td:                   0.3628	q_taken_mean:              0.3491	return_mean:               5.2271
return_std:                4.4366	target_mean:               0.3444	td_error_abs:              0.2966	test_battle_won_mean:      0.0437
test_dead_allies_mean:    17.4438	test_dead_enemies_mean:    6.4688	test_ep_length_mean:     188.8063	test_return_mean:          5.0012
test_return_std:           4.4498	
[INFO 06:41:49] my_main t_env: 342130 / 2050000
[INFO 06:41:49] my_main Estimated time left: 9 hours, 4 seconds. Time passed: 3 hours, 5 minutes, 19 seconds
RequestQuit command received.
Closing Application...
DataHandler: unable to parse websocket frame.
CloseHandler: 127.0.0.1:53844 disconnected
[INFO 06:42:22] absl Shutdown gracefully.
[INFO 06:42:22] absl Shutdown with return code: -15
[INFO 06:42:22] absl Launching SC2: /labmount/users/202535331/MARL/pymarl-monotone-qmix/3rdparty/StarCraftII/Versions/Base75689/SC2_x64 -listen 127.0.0.1 -port 33815 -dataDir /labmount/users/202535331/MARL/pymarl-monotone-qmix/3rdparty/StarCraftII/ -tempDir /tmp/sc-hloriu1w/
[INFO 06:42:23] absl Connecting to: ws://127.0.0.1:33815/sc2api, attempt: 0, running: True
Version: B75689 (SC2.4.10)
Build: Aug 12 2019 17:16:57
Command Line: '"/labmount/users/202535331/MARL/pymarl-monotone-qmix/3rdparty/StarCraftII/Versions/Base75689/SC2_x64" -listen 127.0.0.1 -port 33815 -dataDir /labmount/users/202535331/MARL/pymarl-monotone-qmix/3rdparty/StarCraftII/ -tempDir /tmp/sc-hloriu1w/'
Starting up...
Startup Phase 1 complete
[INFO 06:42:24] absl Connecting to: ws://127.0.0.1:33815/sc2api, attempt: 1, running: True
Startup Phase 2 complete
Creating stub renderer...
Listening on: 127.0.0.1:33815
Startup Phase 3 complete. Ready for commands.
[INFO 06:42:25] absl Connecting to: ws://127.0.0.1:33815/sc2api, attempt: 2, running: True
ConnectHandler: Request from 127.0.0.1:55160 accepted
ReadyHandler: 127.0.0.1:55160 ready
Requesting to join a single player game
Configuring interface options
Configure: raw interface enabled
Configure: feature layer interface disabled
Configure: score interface disabled
Configure: render interface disabled
Launching next game.
Next launch phase started: 2
Next launch phase started: 3
Next launch phase started: 4
Next launch phase started: 5
Next launch phase started: 6
Next launch phase started: 7
Next launch phase started: 8
Game has started.
Using default stable ids, none found at: /labmount/users/202535331/MARL/pymarl-monotone-qmix/3rdparty/StarCraftII/stableid.json
Successfully loaded stable ids: GameData\stableid.json
Sending ResponseJoinGame
[INFO 06:42:39] my_main Recent Stats | t_env:     342130 | Episode:     6552
battle_won_mean:           0.0150	dead_allies_mean:         17.8817	dead_enemies_mean:         7.4675	div_coef:                72962.1477
div_loss:                 -0.0000	ep_length_mean:          191.2543	epsilon:                   0.0500	grad_norm:                 6.4982
loss:                     -1.3315	loss_td:                   0.4024	q_taken_mean:              0.3614	return_mean:               5.5827
return_std:                4.5018	target_mean:               0.3573	td_error_abs:              0.3132	test_battle_won_mean:      0.0375
test_dead_allies_mean:    18.1250	test_dead_enemies_mean:    6.6250	test_ep_length_mean:     189.1937	test_return_mean:          5.1347
test_return_std:           4.1347	
[INFO 06:44:39] my_main Updated target network
[INFO 06:45:04] my_main t_env: 352209 / 2050000
[INFO 06:45:04] my_main Estimated time left: 9 hours, 7 minutes, 14 seconds. Time passed: 3 hours, 8 minutes, 34 seconds
[INFO 06:45:42] my_main Recent Stats | t_env:     352209 | Episode:     6611
battle_won_mean:           0.0252	dead_allies_mean:         18.9746	dead_enemies_mean:         9.4833	div_coef:                78434.6813
div_loss:                 -0.0000	ep_length_mean:          186.7511	epsilon:                   0.0500	grad_norm:                 3.9843
loss:                     -1.4868	loss_td:                   0.3495	q_taken_mean:              0.3705	return_mean:               7.0359
return_std:                4.5250	target_mean:               0.3694	td_error_abs:              0.2640	test_battle_won_mean:      0.0312
test_dead_allies_mean:    19.3562	test_dead_enemies_mean:    8.1000	test_ep_length_mean:     187.5437	test_return_mean:          6.1527
test_return_std:           4.1698	
[INFO 06:48:07] my_main t_env: 362279 / 2050000
[INFO 06:48:07] my_main Estimated time left: 8 hours, 31 minutes, 37 seconds. Time passed: 3 hours, 11 minutes, 37 seconds
[INFO 06:48:50] my_main Recent Stats | t_env:     362279 | Episode:     6669
battle_won_mean:           0.0247	dead_allies_mean:         20.2200	dead_enemies_mean:        11.3992	div_coef:                83818.2095
div_loss:                 -0.0000	ep_length_mean:          182.1694	epsilon:                   0.0500	grad_norm:                 2.8821
loss:                     -1.5973	loss_td:                   0.3403	q_taken_mean:              0.3689	return_mean:               8.3872
return_std:                4.3826	target_mean:               0.3703	td_error_abs:              0.2417	test_battle_won_mean:      0.0312
test_dead_allies_mean:    20.0000	test_dead_enemies_mean:    9.0500	test_ep_length_mean:     187.5625	test_return_mean:          6.8232
test_return_std:           4.1880	
[INFO 06:51:11] my_main t_env: 372400 / 2050000
[INFO 06:51:11] my_main Estimated time left: 8 hours, 30 minutes, 1 seconds. Time passed: 3 hours, 14 minutes, 42 seconds
[INFO 06:51:49] my_main Recent Stats | t_env:     372400 | Episode:     6726
battle_won_mean:           0.0353	dead_allies_mean:         21.1148	dead_enemies_mean:        13.0126	div_coef:                87206.9856
div_loss:                 -0.0000	ep_length_mean:          178.9086	epsilon:                   0.0500	grad_norm:                 2.7054
loss:                     -1.6349	loss_td:                   0.3566	q_taken_mean:              0.3740	return_mean:               9.5401
return_std:                4.3982	target_mean:               0.3764	td_error_abs:              0.2413	test_battle_won_mean:      0.0063
test_dead_allies_mean:    20.5562	test_dead_enemies_mean:    9.5062	test_ep_length_mean:     187.0437	test_return_mean:          7.0508
test_return_std:           3.8286	
[INFO 06:54:30] my_main Updated target network
[INFO 06:54:49] my_main t_env: 382574 / 2050000
[INFO 06:54:49] my_main Estimated time left: 9 hours, 53 minutes, 38 seconds. Time passed: 3 hours, 18 minutes, 19 seconds
[INFO 06:55:22] my_main Recent Stats | t_env:     382574 | Episode:     6810
battle_won_mean:           0.0817	dead_allies_mean:         21.7541	dead_enemies_mean:        15.1328	div_coef:                89329.0889
div_loss:                 -0.0000	ep_length_mean:          166.7395	epsilon:                   0.0500	grad_norm:                 3.3658
loss:                     -1.6388	loss_td:                   0.3747	q_taken_mean:              0.3855	return_mean:              11.1571
return_std:                4.1986	target_mean:               0.3891	td_error_abs:              0.2619	test_battle_won_mean:      0.0437
test_dead_allies_mean:    21.3000	test_dead_enemies_mean:   11.7937	test_ep_length_mean:     179.5000	test_return_mean:          8.7580
test_return_std:           4.0983	
RequestQuit command received.
Closing Application...
DataHandler: unable to parse websocket frame.
CloseHandler: 127.0.0.1:55160 disconnected
[INFO 06:55:37] absl Shutdown gracefully.
[INFO 06:55:37] absl Shutdown with return code: -15
[INFO 06:55:37] absl Launching SC2: /labmount/users/202535331/MARL/pymarl-monotone-qmix/3rdparty/StarCraftII/Versions/Base75689/SC2_x64 -listen 127.0.0.1 -port 42617 -dataDir /labmount/users/202535331/MARL/pymarl-monotone-qmix/3rdparty/StarCraftII/ -tempDir /tmp/sc-stf4ws2m/
[INFO 06:55:38] absl Connecting to: ws://127.0.0.1:42617/sc2api, attempt: 0, running: True
Version: B75689 (SC2.4.10)
Build: Aug 12 2019 17:16:57
Command Line: '"/labmount/users/202535331/MARL/pymarl-monotone-qmix/3rdparty/StarCraftII/Versions/Base75689/SC2_x64" -listen 127.0.0.1 -port 42617 -dataDir /labmount/users/202535331/MARL/pymarl-monotone-qmix/3rdparty/StarCraftII/ -tempDir /tmp/sc-stf4ws2m/'
Starting up...
Startup Phase 1 complete
[INFO 06:55:39] absl Connecting to: ws://127.0.0.1:42617/sc2api, attempt: 1, running: True
Startup Phase 2 complete
Creating stub renderer...
Listening on: 127.0.0.1:42617
Startup Phase 3 complete. Ready for commands.
[INFO 06:55:40] absl Connecting to: ws://127.0.0.1:42617/sc2api, attempt: 2, running: True
ConnectHandler: Request from 127.0.0.1:42780 accepted
ReadyHandler: 127.0.0.1:42780 ready
Requesting to join a single player game
Configuring interface options
Configure: raw interface enabled
Configure: feature layer interface disabled
Configure: score interface disabled
Configure: render interface disabled
Launching next game.
Next launch phase started: 2
Next launch phase started: 3
Next launch phase started: 4
Next launch phase started: 5
Next launch phase started: 6
Next launch phase started: 7
Next launch phase started: 8
Game has started.
Using default stable ids, none found at: /labmount/users/202535331/MARL/pymarl-monotone-qmix/3rdparty/StarCraftII/stableid.json
Successfully loaded stable ids: GameData\stableid.json
Sending ResponseJoinGame
[INFO 06:59:52] my_main t_env: 392687 / 2050000
[INFO 06:59:52] my_main Estimated time left: 13 hours, 48 minutes, 0 seconds. Time passed: 3 hours, 23 minutes, 22 seconds
[INFO 07:00:09] my_main Recent Stats | t_env:     392687 | Episode:     6950
battle_won_mean:           0.1484	dead_allies_mean:         22.3986	dead_enemies_mean:        17.3576	div_coef:                90448.2570
div_loss:                 -0.0000	ep_length_mean:          143.0735	epsilon:                   0.0500	grad_norm:                 2.4491
loss:                     -1.6175	loss_td:                   0.3936	q_taken_mean:              0.3950	return_mean:              12.9087
return_std:                3.9437	target_mean:               0.3969	td_error_abs:              0.2434	test_battle_won_mean:      0.1125
test_dead_allies_mean:    21.9937	test_dead_enemies_mean:   14.8063	test_ep_length_mean:     154.1687	test_return_mean:         11.0305
test_return_std:           4.0826	
[INFO 07:01:41] my_main Updated target network
[INFO 07:05:51] my_main t_env: 402857 / 2050000
[INFO 07:05:51] my_main Estimated time left: 16 hours, 8 minutes, 32 seconds. Time passed: 3 hours, 29 minutes, 21 seconds
[INFO 07:06:07] my_main Recent Stats | t_env:     402857 | Episode:     7145
battle_won_mean:           0.2490	dead_allies_mean:         22.2968	dead_enemies_mean:        18.6377	div_coef:                89684.2904
div_loss:                 -0.0000	ep_length_mean:          119.3381	epsilon:                   0.0500	grad_norm:                 2.3102
loss:                     -1.6057	loss_td:                   0.3779	q_taken_mean:              0.3905	return_mean:              14.1056
return_std:                3.7082	target_mean:               0.3927	td_error_abs:              0.2402	test_battle_won_mean:      0.2000
test_dead_allies_mean:    21.9125	test_dead_enemies_mean:   16.4250	test_ep_length_mean:     130.8500	test_return_mean:         12.4089
test_return_std:           3.9751	
[INFO 07:07:57] my_main Updated target network
[INFO 07:10:36] my_main t_env: 413006 / 2050000
[INFO 07:10:36] my_main Estimated time left: 12 hours, 46 minutes, 59 seconds. Time passed: 3 hours, 34 minutes, 6 seconds
[INFO 07:10:52] my_main Recent Stats | t_env:     413006 | Episode:     7290
battle_won_mean:           0.3477	dead_allies_mean:         22.1782	dead_enemies_mean:        20.0474	div_coef:                87748.2090
div_loss:                 -0.0000	ep_length_mean:           98.6126	epsilon:                   0.0500	grad_norm:                 2.7071
loss:                     -1.5568	loss_td:                   0.3705	q_taken_mean:              0.3817	return_mean:              15.3843
return_std:                3.6589	target_mean:               0.3826	td_error_abs:              0.2518	test_battle_won_mean:      0.2875
test_dead_allies_mean:    22.1750	test_dead_enemies_mean:   19.0125	test_ep_length_mean:     103.9750	test_return_mean:         14.4666
test_return_std:           3.6106	
[INFO 07:14:07] my_main Updated target network
[INFO 07:15:45] my_main t_env: 423010 / 2050000
[INFO 07:15:45] my_main Estimated time left: 13 hours, 56 minutes, 27 seconds. Time passed: 3 hours, 39 minutes, 15 seconds
[INFO 07:16:11] my_main Recent Stats | t_env:     423010 | Episode:     7451
battle_won_mean:           0.4502	dead_allies_mean:         22.0300	dead_enemies_mean:        21.6748	div_coef:                84612.7985
div_loss:                 -0.0000	ep_length_mean:           75.5277	epsilon:                   0.0500	grad_norm:                 2.8517
loss:                     -1.4517	loss_td:                   0.3973	q_taken_mean:              0.3934	return_mean:              16.8342
return_std:                3.4666	target_mean:               0.3948	td_error_abs:              0.2529	test_battle_won_mean:      0.3688
test_dead_allies_mean:    21.9563	test_dead_enemies_mean:   20.8250	test_ep_length_mean:      92.4750	test_return_mean:         15.9780
test_return_std:           3.6260	
[INFO 07:19:50] my_main t_env: 433080 / 2050000
[INFO 07:19:50] my_main Estimated time left: 10 hours, 57 minutes, 23 seconds. Time passed: 3 hours, 43 minutes, 20 seconds
[INFO 07:20:06] my_main Recent Stats | t_env:     433080 | Episode:     7562
battle_won_mean:           0.4921	dead_allies_mean:         21.8148	dead_enemies_mean:        21.9495	div_coef:                83498.7336
div_loss:                 -0.0000	ep_length_mean:           69.4480	epsilon:                   0.0500	grad_norm:                 2.0732
loss:                     -1.4734	loss_td:                   0.3432	q_taken_mean:              0.3830	return_mean:              17.1583
return_std:                3.4531	target_mean:               0.3830	td_error_abs:              0.2291	test_battle_won_mean:      0.4125
test_dead_allies_mean:    21.9875	test_dead_enemies_mean:   21.6687	test_ep_length_mean:      73.1437	test_return_mean:         16.6886
test_return_std:           3.3523	
[INFO 07:21:22] my_main Updated target network
RequestQuit command received.
DataHandler: unable to parse websocket frame.
Closing Application...
CloseHandler: 127.0.0.1:42780 disconnected
ResponseThread: No connection, dropping the response.
[INFO 07:21:38] absl Shutdown gracefully.
[INFO 07:21:38] absl Shutdown with return code: -15
[INFO 07:21:38] absl Launching SC2: /labmount/users/202535331/MARL/pymarl-monotone-qmix/3rdparty/StarCraftII/Versions/Base75689/SC2_x64 -listen 127.0.0.1 -port 39349 -dataDir /labmount/users/202535331/MARL/pymarl-monotone-qmix/3rdparty/StarCraftII/ -tempDir /tmp/sc-i9lki5fp/
[INFO 07:21:38] absl Connecting to: ws://127.0.0.1:39349/sc2api, attempt: 0, running: True
Version: B75689 (SC2.4.10)
Build: Aug 12 2019 17:16:57
Command Line: '"/labmount/users/202535331/MARL/pymarl-monotone-qmix/3rdparty/StarCraftII/Versions/Base75689/SC2_x64" -listen 127.0.0.1 -port 39349 -dataDir /labmount/users/202535331/MARL/pymarl-monotone-qmix/3rdparty/StarCraftII/ -tempDir /tmp/sc-i9lki5fp/'
Starting up...
Startup Phase 1 complete
[INFO 07:21:39] absl Connecting to: ws://127.0.0.1:39349/sc2api, attempt: 1, running: True
Startup Phase 2 complete
Creating stub renderer...
Listening on: 127.0.0.1:39349
Startup Phase 3 complete. Ready for commands.
[INFO 07:21:40] absl Connecting to: ws://127.0.0.1:39349/sc2api, attempt: 2, running: True
ConnectHandler: Request from 127.0.0.1:42488 accepted
ReadyHandler: 127.0.0.1:42488 ready
Requesting to join a single player game
Configuring interface options
Configure: raw interface enabled
Configure: feature layer interface disabled
Configure: score interface disabled
Configure: render interface disabled
Launching next game.
Next launch phase started: 2
Next launch phase started: 3
Next launch phase started: 4
Next launch phase started: 5
Next launch phase started: 6
Next launch phase started: 7
Next launch phase started: 8
Game has started.
Using default stable ids, none found at: /labmount/users/202535331/MARL/pymarl-monotone-qmix/3rdparty/StarCraftII/stableid.json
Successfully loaded stable ids: GameData\stableid.json
Sending ResponseJoinGame
[INFO 07:23:44] my_main t_env: 443164 / 2050000
[INFO 07:23:44] my_main Estimated time left: 10 hours, 20 minutes, 8 seconds. Time passed: 3 hours, 47 minutes, 14 seconds
[INFO 07:24:13] my_main Recent Stats | t_env:     443164 | Episode:     7665
battle_won_mean:           0.4857	dead_allies_mean:         21.6909	dead_enemies_mean:        21.6040	div_coef:                82624.9087
div_loss:                 -0.0000	ep_length_mean:           74.5814	epsilon:                   0.0500	grad_norm:                 2.0446
loss:                     -1.4524	loss_td:                   0.3421	q_taken_mean:              0.3923	return_mean:              16.9149
return_std:                3.6425	target_mean:               0.3928	td_error_abs:              0.2304	test_battle_won_mean:      0.3625
test_dead_allies_mean:    21.8062	test_dead_enemies_mean:   20.7250	test_ep_length_mean:      86.2000	test_return_mean:         15.8565
test_return_std:           3.6773	
[INFO 07:27:43] my_main t_env: 453343 / 2050000
[INFO 07:27:43] my_main Estimated time left: 10 hours, 25 minutes, 10 seconds. Time passed: 3 hours, 51 minutes, 13 seconds
[INFO 07:28:10] my_main Recent Stats | t_env:     453343 | Episode:     7767
battle_won_mean:           0.4338	dead_allies_mean:         21.7839	dead_enemies_mean:        20.9461	div_coef:                81862.7717
div_loss:                 -0.0000	ep_length_mean:           84.1095	epsilon:                   0.0500	grad_norm:                 2.0934
loss:                     -1.4352	loss_td:                   0.3511	q_taken_mean:              0.3974	return_mean:              16.2809
return_std:                4.1047	target_mean:               0.3979	td_error_abs:              0.2258	test_battle_won_mean:      0.3375
test_dead_allies_mean:    21.8750	test_dead_enemies_mean:   20.1625	test_ep_length_mean:      97.8563	test_return_mean:         15.3661
test_return_std:           3.9549	
[INFO 07:29:29] my_main Updated target network
[INFO 07:30:55] my_main t_env: 463413 / 2050000
[INFO 07:30:55] my_main Estimated time left: 8 hours, 25 minutes, 39 seconds. Time passed: 3 hours, 54 minutes, 26 seconds
[INFO 07:31:24] my_main Recent Stats | t_env:     463413 | Episode:     7840
battle_won_mean:           0.3728	dead_allies_mean:         21.8720	dead_enemies_mean:        20.0156	div_coef:                81270.4627
div_loss:                 -0.0000	ep_length_mean:           97.6999	epsilon:                   0.0500	grad_norm:                 1.9889
loss:                     -1.4027	loss_td:                   0.3629	q_taken_mean:              0.4159	return_mean:              15.4499
return_std:                4.5508	target_mean:               0.4164	td_error_abs:              0.2183	test_battle_won_mean:      0.2938
test_dead_allies_mean:    21.9500	test_dead_enemies_mean:   19.3562	test_ep_length_mean:     112.0000	test_return_mean:         14.6593
test_return_std:           4.4798	
[INFO 07:34:16] my_main t_env: 473536 / 2050000
[INFO 07:34:16] my_main Estimated time left: 8 hours, 41 minutes, 9 seconds. Time passed: 3 hours, 57 minutes, 46 seconds
[INFO 07:34:44] my_main Recent Stats | t_env:     473536 | Episode:     7918
battle_won_mean:           0.3008	dead_allies_mean:         22.0933	dead_enemies_mean:        19.3518	div_coef:                82315.7849
div_loss:                 -0.0000	ep_length_mean:          111.2290	epsilon:                   0.0500	grad_norm:                 2.0630
loss:                     -1.4139	loss_td:                   0.3564	q_taken_mean:              0.4281	return_mean:              14.7785
return_std:                4.7786	target_mean:               0.4286	td_error_abs:              0.2146	test_battle_won_mean:      0.2437
test_dead_allies_mean:    22.2937	test_dead_enemies_mean:   19.1187	test_ep_length_mean:     113.4813	test_return_mean:         14.3261
test_return_std:           4.5001	
[INFO 07:37:32] my_main t_env: 483705 / 2050000
[INFO 07:37:32] my_main Estimated time left: 8 hours, 21 minutes, 45 seconds. Time passed: 4 hours, 1 minutes, 2 seconds
RequestQuit command received.
Closing Application...
DataHandler: unable to parse websocket frame.
CloseHandler: 127.0.0.1:42488 disconnected
[INFO 07:37:50] absl Shutdown gracefully.
[INFO 07:37:50] absl Shutdown with return code: -15
[INFO 07:37:50] absl Launching SC2: /labmount/users/202535331/MARL/pymarl-monotone-qmix/3rdparty/StarCraftII/Versions/Base75689/SC2_x64 -listen 127.0.0.1 -port 39933 -dataDir /labmount/users/202535331/MARL/pymarl-monotone-qmix/3rdparty/StarCraftII/ -tempDir /tmp/sc-vcq_godh/
[INFO 07:37:51] absl Connecting to: ws://127.0.0.1:39933/sc2api, attempt: 0, running: True
Version: B75689 (SC2.4.10)
Build: Aug 12 2019 17:16:57
Command Line: '"/labmount/users/202535331/MARL/pymarl-monotone-qmix/3rdparty/StarCraftII/Versions/Base75689/SC2_x64" -listen 127.0.0.1 -port 39933 -dataDir /labmount/users/202535331/MARL/pymarl-monotone-qmix/3rdparty/StarCraftII/ -tempDir /tmp/sc-vcq_godh/'
Starting up...
Startup Phase 1 complete
[INFO 07:37:52] absl Connecting to: ws://127.0.0.1:39933/sc2api, attempt: 1, running: True
Startup Phase 2 complete
Creating stub renderer...
Listening on: 127.0.0.1:39933
Startup Phase 3 complete. Ready for commands.
[INFO 07:37:53] absl Connecting to: ws://127.0.0.1:39933/sc2api, attempt: 2, running: True
ConnectHandler: Request from 127.0.0.1:41426 accepted
ReadyHandler: 127.0.0.1:41426 ready
Requesting to join a single player game
Configuring interface options
Configure: raw interface enabled
Configure: feature layer interface disabled
Configure: score interface disabled
Configure: render interface disabled
Launching next game.
Next launch phase started: 2
Next launch phase started: 3
Next launch phase started: 4
Next launch phase started: 5
Next launch phase started: 6
Next launch phase started: 7
Next launch phase started: 8
Game has started.
Using default stable ids, none found at: /labmount/users/202535331/MARL/pymarl-monotone-qmix/3rdparty/StarCraftII/stableid.json
Successfully loaded stable ids: GameData\stableid.json
Sending ResponseJoinGame
[INFO 07:38:04] my_main Recent Stats | t_env:     483705 | Episode:     7993
battle_won_mean:           0.2542	dead_allies_mean:         22.2742	dead_enemies_mean:        18.7922	div_coef:                82352.3887
div_loss:                 -0.0000	ep_length_mean:          120.2022	epsilon:                   0.0500	grad_norm:                 2.6667
loss:                     -1.3678	loss_td:                   0.4092	q_taken_mean:              0.4379	return_mean:              14.2681
return_std:                4.9062	target_mean:               0.4394	td_error_abs:              0.2289	test_battle_won_mean:      0.2500
test_dead_allies_mean:    22.1375	test_dead_enemies_mean:   18.9250	test_ep_length_mean:     124.1875	test_return_mean:         14.2924
test_return_std:           4.6225	
[INFO 07:38:23] my_main Updated target network
[INFO 07:40:52] my_main t_env: 493710 / 2050000
[INFO 07:40:52] my_main Estimated time left: 8 hours, 40 minutes, 28 seconds. Time passed: 4 hours, 4 minutes, 23 seconds
[INFO 07:41:22] my_main Recent Stats | t_env:     493710 | Episode:     8068
battle_won_mean:           0.2369	dead_allies_mean:         22.3154	dead_enemies_mean:        18.3150	div_coef:                82226.4192
div_loss:                 -0.0000	ep_length_mean:          127.3016	epsilon:                   0.0500	grad_norm:                 2.8246
loss:                     -1.3359	loss_td:                   0.4344	q_taken_mean:              0.4370	return_mean:              13.8779
return_std:                5.0763	target_mean:               0.4388	td_error_abs:              0.2311	test_battle_won_mean:      0.2625
test_dead_allies_mean:    22.1000	test_dead_enemies_mean:   18.6187	test_ep_length_mean:     124.4688	test_return_mean:         14.1614
test_return_std:           4.8300	
[INFO 07:44:00] my_main t_env: 503713 / 2050000
[INFO 07:44:00] my_main Estimated time left: 8 hours, 2 minutes, 30 seconds. Time passed: 4 hours, 7 minutes, 30 seconds
[INFO 07:44:31] my_main Recent Stats | t_env:     503713 | Episode:     8136
battle_won_mean:           0.2193	dead_allies_mean:         22.3076	dead_enemies_mean:        18.0150	div_coef:                81713.7704
div_loss:                 -0.0000	ep_length_mean:          136.7634	epsilon:                   0.0500	grad_norm:                 2.7527
loss:                     -1.3423	loss_td:                   0.4158	q_taken_mean:              0.4353	return_mean:              13.6495
return_std:                5.0493	target_mean:               0.4370	td_error_abs:              0.2309	test_battle_won_mean:      0.2500
test_dead_allies_mean:    22.0500	test_dead_enemies_mean:   18.1750	test_ep_length_mean:     128.4437	test_return_mean:         13.8351
test_return_std:           4.9786	
[INFO 07:46:55] my_main Updated target network
[INFO 07:47:24] my_main t_env: 513821 / 2050000
[INFO 07:47:24] my_main Estimated time left: 8 hours, 36 minutes, 16 seconds. Time passed: 4 hours, 10 minutes, 54 seconds
[INFO 07:47:57] my_main Recent Stats | t_env:     513821 | Episode:     8213
battle_won_mean:           0.2405	dead_allies_mean:         22.2458	dead_enemies_mean:        18.0139	div_coef:                81007.9936
div_loss:                 -0.0000	ep_length_mean:          135.4289	epsilon:                   0.0500	grad_norm:                 2.3430
loss:                     -1.3203	loss_td:                   0.4301	q_taken_mean:              0.4317	return_mean:              13.7129
return_std:                5.1023	target_mean:               0.4345	td_error_abs:              0.2180	test_battle_won_mean:      0.2437
test_dead_allies_mean:    21.9187	test_dead_enemies_mean:   17.2563	test_ep_length_mean:     133.6562	test_return_mean:         13.2025
test_return_std:           5.2032	
[INFO 07:50:43] my_main t_env: 523932 / 2050000
[INFO 07:50:43] my_main Estimated time left: 8 hours, 21 minutes, 36 seconds. Time passed: 4 hours, 14 minutes, 13 seconds
[INFO 07:51:16] my_main Recent Stats | t_env:     523932 | Episode:     8286
battle_won_mean:           0.2379	dead_allies_mean:         22.1998	dead_enemies_mean:        17.5718	div_coef:                81177.3471
div_loss:                 -0.0000	ep_length_mean:          137.1738	epsilon:                   0.0500	grad_norm:                 2.2750
loss:                     -1.3495	loss_td:                   0.4198	q_taken_mean:              0.4253	return_mean:              13.3900
return_std:                5.2643	target_mean:               0.4268	td_error_abs:              0.2129	test_battle_won_mean:      0.2500
test_dead_allies_mean:    21.8250	test_dead_enemies_mean:   16.4438	test_ep_length_mean:     138.8438	test_return_mean:         12.6824
test_return_std:           5.4045	
RequestQuit command received.
Closing Application...
DataHandler: unable to parse websocket frame.
CloseHandler: 127.0.0.1:41426 disconnected
[INFO 07:52:50] absl Shutdown gracefully.
[INFO 07:52:50] absl Shutdown with return code: -15
[INFO 07:52:50] absl Launching SC2: /labmount/users/202535331/MARL/pymarl-monotone-qmix/3rdparty/StarCraftII/Versions/Base75689/SC2_x64 -listen 127.0.0.1 -port 46185 -dataDir /labmount/users/202535331/MARL/pymarl-monotone-qmix/3rdparty/StarCraftII/ -tempDir /tmp/sc-uk_dleid/
[INFO 07:52:51] absl Connecting to: ws://127.0.0.1:46185/sc2api, attempt: 0, running: True
Version: B75689 (SC2.4.10)
Build: Aug 12 2019 17:16:57
Command Line: '"/labmount/users/202535331/MARL/pymarl-monotone-qmix/3rdparty/StarCraftII/Versions/Base75689/SC2_x64" -listen 127.0.0.1 -port 46185 -dataDir /labmount/users/202535331/MARL/pymarl-monotone-qmix/3rdparty/StarCraftII/ -tempDir /tmp/sc-uk_dleid/'
Starting up...
Startup Phase 1 complete
[INFO 07:52:52] absl Connecting to: ws://127.0.0.1:46185/sc2api, attempt: 1, running: True
Startup Phase 2 complete
Creating stub renderer...
Listening on: 127.0.0.1:46185
Startup Phase 3 complete. Ready for commands.
[INFO 07:52:53] absl Connecting to: ws://127.0.0.1:46185/sc2api, attempt: 2, running: True
ConnectHandler: Request from 127.0.0.1:37548 accepted
ReadyHandler: 127.0.0.1:37548 ready
Requesting to join a single player game
Configuring interface options
Configure: raw interface enabled
Configure: feature layer interface disabled
Configure: score interface disabled
Configure: render interface disabled
Launching next game.
Next launch phase started: 2
Next launch phase started: 3
Next launch phase started: 4
Next launch phase started: 5
Next launch phase started: 6
Next launch phase started: 7
Next launch phase started: 8
Game has started.
Using default stable ids, none found at: /labmount/users/202535331/MARL/pymarl-monotone-qmix/3rdparty/StarCraftII/stableid.json
Successfully loaded stable ids: GameData\stableid.json
Sending ResponseJoinGame
[INFO 07:54:08] my_main t_env: 533947 / 2050000
[INFO 07:54:08] my_main Estimated time left: 8 hours, 36 minutes, 17 seconds. Time passed: 4 hours, 17 minutes, 38 seconds
[INFO 07:54:43] my_main Recent Stats | t_env:     533947 | Episode:     8358
battle_won_mean:           0.2286	dead_allies_mean:         22.0809	dead_enemies_mean:        16.8443	div_coef:                81358.4022
div_loss:                 -0.0000	ep_length_mean:          137.8759	epsilon:                   0.0500	grad_norm:                 1.3703
loss:                     -1.3797	loss_td:                   0.3786	q_taken_mean:              0.4043	return_mean:              12.8530
return_std:                5.4550	target_mean:               0.4047	td_error_abs:              0.1861	test_battle_won_mean:      0.1688
test_dead_allies_mean:    21.8938	test_dead_enemies_mean:   15.1687	test_ep_length_mean:     148.5250	test_return_mean:         11.4893
test_return_std:           5.6002	
[INFO 07:56:25] my_main Updated target network
[INFO 07:57:18] my_main t_env: 544091 / 2050000
[INFO 07:57:18] my_main Estimated time left: 7 hours, 50 minutes, 24 seconds. Time passed: 4 hours, 20 minutes, 48 seconds
[INFO 07:57:53] my_main Recent Stats | t_env:     544091 | Episode:     8423
battle_won_mean:           0.2118	dead_allies_mean:         22.0374	dead_enemies_mean:        16.3703	div_coef:                81875.6840
div_loss:                 -0.0000	ep_length_mean:          142.4083	epsilon:                   0.0500	grad_norm:                 1.3280
loss:                     -1.4213	loss_td:                   0.3523	q_taken_mean:              0.3880	return_mean:              12.4710
return_std:                5.4458	target_mean:               0.3881	td_error_abs:              0.1804	test_battle_won_mean:      0.1500
test_dead_allies_mean:    21.9312	test_dead_enemies_mean:   15.0062	test_ep_length_mean:     154.8375	test_return_mean:         11.3190
test_return_std:           5.3807	
[INFO 08:00:23] my_main t_env: 554209 / 2050000
[INFO 08:00:23] my_main Estimated time left: 7 hours, 37 minutes, 9 seconds. Time passed: 4 hours, 23 minutes, 53 seconds
[INFO 08:01:00] my_main Recent Stats | t_env:     554209 | Episode:     8485
battle_won_mean:           0.1932	dead_allies_mean:         21.9469	dead_enemies_mean:        15.5712	div_coef:                82396.4442
div_loss:                 -0.0000	ep_length_mean:          145.6264	epsilon:                   0.0500	grad_norm:                 1.8560
loss:                     -1.3764	loss_td:                   0.3984	q_taken_mean:              0.3983	return_mean:              11.8583
return_std:                5.5271	target_mean:               0.3977	td_error_abs:              0.1831	test_battle_won_mean:      0.1250
test_dead_allies_mean:    21.9000	test_dead_enemies_mean:   14.1000	test_ep_length_mean:     160.2937	test_return_mean:         10.6514
test_return_std:           5.2214	
[INFO 08:03:28] my_main t_env: 564314 / 2050000
[INFO 08:03:28] my_main Estimated time left: 7 hours, 32 minutes, 4 seconds. Time passed: 4 hours, 26 minutes, 58 seconds
[INFO 08:04:02] my_main Recent Stats | t_env:     564314 | Episode:     8546
battle_won_mean:           0.1506	dead_allies_mean:         21.9670	dead_enemies_mean:        15.1009	div_coef:                82771.7528
div_loss:                 -0.0000	ep_length_mean:          152.5030	epsilon:                   0.0500	grad_norm:                 1.7741
loss:                     -1.4203	loss_td:                   0.3679	q_taken_mean:              0.3941	return_mean:              11.4195
return_std:                5.3101	target_mean:               0.3931	td_error_abs:              0.1857	test_battle_won_mean:      0.1125
test_dead_allies_mean:    21.9062	test_dead_enemies_mean:   13.8063	test_ep_length_mean:     160.4500	test_return_mean:         10.3968
test_return_std:           5.1645	
[INFO 08:06:13] my_main Updated target network
RequestQuit command received.
Closing Application...
DataHandler: unable to parse websocket frame.
CloseHandler: 127.0.0.1:37548 disconnected
[INFO 08:06:30] absl Shutdown gracefully.
[INFO 08:06:30] absl Shutdown with return code: -15
[INFO 08:06:30] absl Launching SC2: /labmount/users/202535331/MARL/pymarl-monotone-qmix/3rdparty/StarCraftII/Versions/Base75689/SC2_x64 -listen 127.0.0.1 -port 39773 -dataDir /labmount/users/202535331/MARL/pymarl-monotone-qmix/3rdparty/StarCraftII/ -tempDir /tmp/sc-c0ybq_tw/
[INFO 08:06:31] absl Connecting to: ws://127.0.0.1:39773/sc2api, attempt: 0, running: True
Version: B75689 (SC2.4.10)
Build: Aug 12 2019 17:16:57
Command Line: '"/labmount/users/202535331/MARL/pymarl-monotone-qmix/3rdparty/StarCraftII/Versions/Base75689/SC2_x64" -listen 127.0.0.1 -port 39773 -dataDir /labmount/users/202535331/MARL/pymarl-monotone-qmix/3rdparty/StarCraftII/ -tempDir /tmp/sc-c0ybq_tw/'
Starting up...
Startup Phase 1 complete
[INFO 08:06:32] absl Connecting to: ws://127.0.0.1:39773/sc2api, attempt: 1, running: True
Startup Phase 2 complete
Creating stub renderer...
Listening on: 127.0.0.1:39773
Startup Phase 3 complete. Ready for commands.
[INFO 08:06:33] absl Connecting to: ws://127.0.0.1:39773/sc2api, attempt: 2, running: True
ConnectHandler: Request from 127.0.0.1:37854 accepted
ReadyHandler: 127.0.0.1:37854 ready
Requesting to join a single player game
Configuring interface options
Configure: raw interface enabled
Configure: feature layer interface disabled
Configure: score interface disabled
Configure: render interface disabled
Launching next game.
Next launch phase started: 2
Next launch phase started: 3
Next launch phase started: 4
Next launch phase started: 5
Next launch phase started: 6
Next launch phase started: 7
Next launch phase started: 8
Game has started.
Using default stable ids, none found at: /labmount/users/202535331/MARL/pymarl-monotone-qmix/3rdparty/StarCraftII/stableid.json
Successfully loaded stable ids: GameData\stableid.json
Sending ResponseJoinGame
[INFO 08:06:42] my_main t_env: 574335 / 2050000
[INFO 08:06:42] my_main Estimated time left: 7 hours, 57 minutes, 54 seconds. Time passed: 4 hours, 30 minutes, 13 seconds
[INFO 08:07:22] my_main Recent Stats | t_env:     574335 | Episode:     8611
battle_won_mean:           0.1337	dead_allies_mean:         21.9043	dead_enemies_mean:        14.6015	div_coef:                82369.9032
div_loss:                 -0.0000	ep_length_mean:          155.6355	epsilon:                   0.0500	grad_norm:                 1.8672
loss:                     -1.3838	loss_td:                   0.3784	q_taken_mean:              0.3896	return_mean:              11.0874
return_std:                5.2149	target_mean:               0.3900	td_error_abs:              0.1925	test_battle_won_mean:      0.0813
test_dead_allies_mean:    21.8062	test_dead_enemies_mean:   13.3000	test_ep_length_mean:     165.9688	test_return_mean:          9.9572
test_return_std:           4.9709	
[INFO 08:09:49] my_main t_env: 584495 / 2050000
[INFO 08:09:49] my_main Estimated time left: 7 hours, 28 minutes, 4 seconds. Time passed: 4 hours, 33 minutes, 19 seconds
[INFO 08:10:24] my_main Recent Stats | t_env:     584495 | Episode:     8671
battle_won_mean:           0.1076	dead_allies_mean:         21.9299	dead_enemies_mean:        14.5876	div_coef:                83173.6317
div_loss:                 -0.0000	ep_length_mean:          161.6827	epsilon:                   0.0500	grad_norm:                 2.0324
loss:                     -1.3590	loss_td:                   0.4078	q_taken_mean:              0.4117	return_mean:              11.0060
return_std:                4.9895	target_mean:               0.4110	td_error_abs:              0.1915	test_battle_won_mean:      0.1000
test_dead_allies_mean:    21.7812	test_dead_enemies_mean:   13.0938	test_ep_length_mean:     166.0437	test_return_mean:          9.8633
test_return_std:           5.0327	
[INFO 08:12:54] my_main t_env: 594660 / 2050000
[INFO 08:12:54] my_main Estimated time left: 7 hours, 22 minutes, 41 seconds. Time passed: 4 hours, 36 minutes, 25 seconds
[INFO 08:13:37] my_main Recent Stats | t_env:     594660 | Episode:     8732
battle_won_mean:           0.0869	dead_allies_mean:         21.9393	dead_enemies_mean:        14.4227	div_coef:                83247.5808
div_loss:                 -0.0000	ep_length_mean:          163.7982	epsilon:                   0.0500	grad_norm:                 2.1594
loss:                     -1.3798	loss_td:                   0.3686	q_taken_mean:              0.3996	return_mean:              10.8494
return_std:                4.8416	target_mean:               0.3982	td_error_abs:              0.1860	test_battle_won_mean:      0.0875
test_dead_allies_mean:    21.6625	test_dead_enemies_mean:   12.0750	test_ep_length_mean:     173.5062	test_return_mean:          9.1350
test_return_std:           4.8146	
[INFO 08:16:05] my_main t_env: 604706 / 2050000
[INFO 08:16:05] my_main Estimated time left: 7 hours, 35 minutes, 57 seconds. Time passed: 4 hours, 39 minutes, 35 seconds
[INFO 08:16:44] my_main Recent Stats | t_env:     604706 | Episode:     8792
battle_won_mean:           0.0777	dead_allies_mean:         21.9218	dead_enemies_mean:        14.3819	div_coef:                82875.9657
div_loss:                 -0.0000	ep_length_mean:          164.6462	epsilon:                   0.0500	grad_norm:                 1.8921
loss:                     -1.3759	loss_td:                   0.3445	q_taken_mean:              0.3845	return_mean:              10.8135
return_std:                4.7001	target_mean:               0.3834	td_error_abs:              0.1806	test_battle_won_mean:      0.0750
test_dead_allies_mean:    21.6812	test_dead_enemies_mean:   12.0563	test_ep_length_mean:     177.7750	test_return_mean:          9.1075
test_return_std:           4.6884	
[INFO 08:17:04] my_main Updated target network
[INFO 08:19:17] my_main t_env: 614881 / 2050000
[INFO 08:19:17] my_main Estimated time left: 7 hours, 32 minutes, 1 seconds. Time passed: 4 hours, 42 minutes, 47 seconds
RequestQuit command received.
Closing Application...
DataHandler: unable to parse websocket frame.
CloseHandler: 127.0.0.1:37854 disconnected
[INFO 08:19:25] absl Shutdown gracefully.
[INFO 08:19:25] absl Shutdown with return code: -15
[INFO 08:19:25] absl Launching SC2: /labmount/users/202535331/MARL/pymarl-monotone-qmix/3rdparty/StarCraftII/Versions/Base75689/SC2_x64 -listen 127.0.0.1 -port 43375 -dataDir /labmount/users/202535331/MARL/pymarl-monotone-qmix/3rdparty/StarCraftII/ -tempDir /tmp/sc-_o7y5jd5/
[INFO 08:19:26] absl Connecting to: ws://127.0.0.1:43375/sc2api, attempt: 0, running: True
Version: B75689 (SC2.4.10)
Build: Aug 12 2019 17:16:57
Command Line: '"/labmount/users/202535331/MARL/pymarl-monotone-qmix/3rdparty/StarCraftII/Versions/Base75689/SC2_x64" -listen 127.0.0.1 -port 43375 -dataDir /labmount/users/202535331/MARL/pymarl-monotone-qmix/3rdparty/StarCraftII/ -tempDir /tmp/sc-_o7y5jd5/'
Starting up...
Startup Phase 1 complete
[INFO 08:19:27] absl Connecting to: ws://127.0.0.1:43375/sc2api, attempt: 1, running: True
Startup Phase 2 complete
Creating stub renderer...
Listening on: 127.0.0.1:43375
Startup Phase 3 complete. Ready for commands.
[INFO 08:19:28] absl Connecting to: ws://127.0.0.1:43375/sc2api, attempt: 2, running: True
ConnectHandler: Request from 127.0.0.1:53430 accepted
ReadyHandler: 127.0.0.1:53430 ready
Requesting to join a single player game
Configuring interface options
Configure: raw interface enabled
Configure: feature layer interface disabled
Configure: score interface disabled
Configure: render interface disabled
Launching next game.
Next launch phase started: 2
Next launch phase started: 3
Next launch phase started: 4
Next launch phase started: 5
Next launch phase started: 6
Next launch phase started: 7
Next launch phase started: 8
Game has started.
Using default stable ids, none found at: /labmount/users/202535331/MARL/pymarl-monotone-qmix/3rdparty/StarCraftII/stableid.json
Successfully loaded stable ids: GameData\stableid.json
Sending ResponseJoinGame
[INFO 08:19:59] my_main Recent Stats | t_env:     614881 | Episode:     8855
battle_won_mean:           0.0770	dead_allies_mean:         21.9029	dead_enemies_mean:        13.8407	div_coef:                85080.6785
div_loss:                 -0.0000	ep_length_mean:          163.8166	epsilon:                   0.0500	grad_norm:                 1.8319
loss:                     -1.4551	loss_td:                   0.2953	q_taken_mean:              0.3528	return_mean:              10.4449
return_std:                4.7480	target_mean:               0.3507	td_error_abs:              0.1718	test_battle_won_mean:      0.0625
test_dead_allies_mean:    21.5375	test_dead_enemies_mean:   12.0250	test_ep_length_mean:     178.7875	test_return_mean:          9.1024
test_return_std:           4.6556	
[INFO 08:22:23] my_main t_env: 625061 / 2050000
[INFO 08:22:23] my_main Estimated time left: 7 hours, 15 minutes, 28 seconds. Time passed: 4 hours, 45 minutes, 54 seconds
[INFO 08:23:02] my_main Recent Stats | t_env:     625061 | Episode:     8912
battle_won_mean:           0.0660	dead_allies_mean:         21.8577	dead_enemies_mean:        13.5976	div_coef:                84699.1573
div_loss:                 -0.0000	ep_length_mean:          168.7021	epsilon:                   0.0500	grad_norm:                 1.7235
loss:                     -1.4149	loss_td:                   0.3195	q_taken_mean:              0.3638	return_mean:              10.2050
return_std:                4.7201	target_mean:               0.3627	td_error_abs:              0.1775	test_battle_won_mean:      0.0750
test_dead_allies_mean:    21.4375	test_dead_enemies_mean:   11.7375	test_ep_length_mean:     177.5375	test_return_mean:          8.9536
test_return_std:           4.8428	
[INFO 08:25:24] my_main t_env: 635160 / 2050000
[INFO 08:25:24] my_main Estimated time left: 7 hours, 1 minutes, 56 seconds. Time passed: 4 hours, 48 minutes, 54 seconds
[INFO 08:26:07] my_main Recent Stats | t_env:     635160 | Episode:     8968
battle_won_mean:           0.0739	dead_allies_mean:         21.8389	dead_enemies_mean:        13.2107	div_coef:                84767.1527
div_loss:                 -0.0000	ep_length_mean:          170.9033	epsilon:                   0.0500	grad_norm:                 1.5110
loss:                     -1.3700	loss_td:                   0.3589	q_taken_mean:              0.3816	return_mean:               9.9813
return_std:                4.7370	target_mean:               0.3810	td_error_abs:              0.1882	test_battle_won_mean:      0.0500
test_dead_allies_mean:    21.2875	test_dead_enemies_mean:   10.7438	test_ep_length_mean:     184.9875	test_return_mean:          8.2165
test_return_std:           4.3498	
[INFO 08:27:30] my_main Updated target network
[INFO 08:28:41] my_main t_env: 645304 / 2050000
[INFO 08:28:41] my_main Estimated time left: 7 hours, 35 minutes, 2 seconds. Time passed: 4 hours, 52 minutes, 12 seconds
[INFO 08:29:20] my_main Recent Stats | t_env:     645304 | Episode:     9031
battle_won_mean:           0.0735	dead_allies_mean:         21.7753	dead_enemies_mean:        12.9942	div_coef:                85964.2895
div_loss:                 -0.0000	ep_length_mean:          169.7786	epsilon:                   0.0500	grad_norm:                 1.3889
loss:                     -1.4033	loss_td:                   0.3380	q_taken_mean:              0.3784	return_mean:               9.8162
return_std:                4.6391	target_mean:               0.3788	td_error_abs:              0.1873	test_battle_won_mean:      0.0625
test_dead_allies_mean:    21.2063	test_dead_enemies_mean:   10.7250	test_ep_length_mean:     179.7688	test_return_mean:          8.2599
test_return_std:           4.5966	
[INFO 08:31:45] my_main t_env: 655498 / 2050000
[INFO 08:31:45] my_main Estimated time left: 6 hours, 58 minutes, 11 seconds. Time passed: 4 hours, 55 minutes, 15 seconds
RequestQuit command received.
Closing Application...
DataHandler: unable to parse websocket frame.
CloseHandler: 127.0.0.1:53430 disconnected
[INFO 08:32:08] absl Shutdown gracefully.
[INFO 08:32:08] absl Shutdown with return code: -15
[INFO 08:32:08] absl Launching SC2: /labmount/users/202535331/MARL/pymarl-monotone-qmix/3rdparty/StarCraftII/Versions/Base75689/SC2_x64 -listen 127.0.0.1 -port 44265 -dataDir /labmount/users/202535331/MARL/pymarl-monotone-qmix/3rdparty/StarCraftII/ -tempDir /tmp/sc-2zu1_72f/
[INFO 08:32:09] absl Connecting to: ws://127.0.0.1:44265/sc2api, attempt: 0, running: True
Version: B75689 (SC2.4.10)
Build: Aug 12 2019 17:16:57
Command Line: '"/labmount/users/202535331/MARL/pymarl-monotone-qmix/3rdparty/StarCraftII/Versions/Base75689/SC2_x64" -listen 127.0.0.1 -port 44265 -dataDir /labmount/users/202535331/MARL/pymarl-monotone-qmix/3rdparty/StarCraftII/ -tempDir /tmp/sc-2zu1_72f/'
Starting up...
Startup Phase 1 complete
[INFO 08:32:10] absl Connecting to: ws://127.0.0.1:44265/sc2api, attempt: 1, running: True
Startup Phase 2 complete
Creating stub renderer...
Listening on: 127.0.0.1:44265
Startup Phase 3 complete. Ready for commands.
[INFO 08:32:11] absl Connecting to: ws://127.0.0.1:44265/sc2api, attempt: 2, running: True
ConnectHandler: Request from 127.0.0.1:42164 accepted
ReadyHandler: 127.0.0.1:42164 ready
Requesting to join a single player game
Configuring interface options
Configure: raw interface enabled
Configure: feature layer interface disabled
Configure: score interface disabled
Configure: render interface disabled
Launching next game.
Next launch phase started: 2
Next launch phase started: 3
Next launch phase started: 4
Next launch phase started: 5
Next launch phase started: 6
Next launch phase started: 7
Next launch phase started: 8
Game has started.
Using default stable ids, none found at: /labmount/users/202535331/MARL/pymarl-monotone-qmix/3rdparty/StarCraftII/stableid.json
Successfully loaded stable ids: GameData\stableid.json
Sending ResponseJoinGame
[INFO 08:32:32] my_main Recent Stats | t_env:     655498 | Episode:     9087
battle_won_mean:           0.0637	dead_allies_mean:         21.7401	dead_enemies_mean:        12.4754	div_coef:                87170.0522
div_loss:                 -0.0000	ep_length_mean:          172.6991	epsilon:                   0.0500	grad_norm:                 1.2144
loss:                     -1.3877	loss_td:                   0.3655	q_taken_mean:              0.3975	return_mean:               9.4535
return_std:                4.4760	target_mean:               0.3986	td_error_abs:              0.1889	test_battle_won_mean:      0.0563
test_dead_allies_mean:    20.8938	test_dead_enemies_mean:   10.2188	test_ep_length_mean:     178.2812	test_return_mean:          7.8912
test_return_std:           4.5148	
[INFO 08:34:51] my_main t_env: 665592 / 2050000
[INFO 08:34:51] my_main Estimated time left: 7 hours, 6 minutes, 40 seconds. Time passed: 4 hours, 58 minutes, 22 seconds
[INFO 08:35:31] my_main Recent Stats | t_env:     665592 | Episode:     9140
battle_won_mean:           0.0484	dead_allies_mean:         21.5698	dead_enemies_mean:        12.4467	div_coef:                87598.8876
div_loss:                 -0.0000	ep_length_mean:          178.4880	epsilon:                   0.0500	grad_norm:                 1.5842
loss:                     -1.3752	loss_td:                   0.3832	q_taken_mean:              0.4108	return_mean:               9.3891
return_std:                4.3802	target_mean:               0.4125	td_error_abs:              0.1979	test_battle_won_mean:      0.0563
test_dead_allies_mean:    20.9688	test_dead_enemies_mean:   10.0813	test_ep_length_mean:     182.5312	test_return_mean:          7.7833
test_return_std:           4.3319	
[INFO 08:37:55] my_main t_env: 675607 / 2050000
[INFO 08:37:55] my_main Estimated time left: 6 hours, 59 minutes, 27 seconds. Time passed: 5 hours, 1 minutes, 25 seconds
[INFO 08:38:36] my_main Recent Stats | t_env:     675607 | Episode:     9197
battle_won_mean:           0.0484	dead_allies_mean:         21.5804	dead_enemies_mean:        12.5730	div_coef:                87139.5301
div_loss:                 -0.0000	ep_length_mean:          177.9091	epsilon:                   0.0500	grad_norm:                 1.9485
loss:                     -1.4123	loss_td:                   0.3531	q_taken_mean:              0.3828	return_mean:               9.4742
return_std:                4.1476	target_mean:               0.3851	td_error_abs:              0.2053	test_battle_won_mean:      0.0437
test_dead_allies_mean:    20.9000	test_dead_enemies_mean:    9.8063	test_ep_length_mean:     184.8875	test_return_mean:          7.5701
test_return_std:           4.0604	
[INFO 08:38:46] my_main Updated target network
[INFO 08:41:13] my_main t_env: 685787 / 2050000
[INFO 08:41:13] my_main Estimated time left: 7 hours, 23 minutes, 31 seconds. Time passed: 5 hours, 4 minutes, 44 seconds
[INFO 08:41:58] my_main Recent Stats | t_env:     685787 | Episode:     9262
battle_won_mean:           0.0460	dead_allies_mean:         21.5633	dead_enemies_mean:        12.8297	div_coef:                86718.7350
div_loss:                 -0.0000	ep_length_mean:          173.1643	epsilon:                   0.0500	grad_norm:                 2.5317
loss:                     -1.3965	loss_td:                   0.3634	q_taken_mean:              0.3841	return_mean:               9.6401
return_std:                4.0828	target_mean:               0.3878	td_error_abs:              0.2121	test_battle_won_mean:      0.0437
test_dead_allies_mean:    20.5750	test_dead_enemies_mean:   10.0000	test_ep_length_mean:     183.8562	test_return_mean:          7.7225
test_return_std:           4.1803	
[INFO 08:44:21] my_main t_env: 695914 / 2050000
[INFO 08:44:21] my_main Estimated time left: 6 hours, 57 minutes, 54 seconds. Time passed: 5 hours, 7 minutes, 51 seconds
RequestQuit command received.
Closing Application...
DataHandler: unable to parse websocket frame.
CloseHandler: 127.0.0.1:42164 disconnected
[INFO 08:44:54] absl Shutdown gracefully.
[INFO 08:44:54] absl Shutdown with return code: -15
[INFO 08:44:54] absl Launching SC2: /labmount/users/202535331/MARL/pymarl-monotone-qmix/3rdparty/StarCraftII/Versions/Base75689/SC2_x64 -listen 127.0.0.1 -port 40585 -dataDir /labmount/users/202535331/MARL/pymarl-monotone-qmix/3rdparty/StarCraftII/ -tempDir /tmp/sc-jce1eyuy/
[INFO 08:44:55] absl Connecting to: ws://127.0.0.1:40585/sc2api, attempt: 0, running: True
Version: B75689 (SC2.4.10)
Build: Aug 12 2019 17:16:57
Command Line: '"/labmount/users/202535331/MARL/pymarl-monotone-qmix/3rdparty/StarCraftII/Versions/Base75689/SC2_x64" -listen 127.0.0.1 -port 40585 -dataDir /labmount/users/202535331/MARL/pymarl-monotone-qmix/3rdparty/StarCraftII/ -tempDir /tmp/sc-jce1eyuy/'
Starting up...
Startup Phase 1 complete
[INFO 08:44:56] absl Connecting to: ws://127.0.0.1:40585/sc2api, attempt: 1, running: True
Startup Phase 2 complete
Creating stub renderer...
Listening on: 127.0.0.1:40585
Startup Phase 3 complete. Ready for commands.
[INFO 08:44:57] absl Connecting to: ws://127.0.0.1:40585/sc2api, attempt: 2, running: True
ConnectHandler: Request from 127.0.0.1:43374 accepted
ReadyHandler: 127.0.0.1:43374 ready
Requesting to join a single player game
Configuring interface options
Configure: raw interface enabled
Configure: feature layer interface disabled
Configure: score interface disabled
Configure: render interface disabled
Launching next game.
Next launch phase started: 2
Next launch phase started: 3
Next launch phase started: 4
Next launch phase started: 5
Next launch phase started: 6
Next launch phase started: 7
Next launch phase started: 8
Game has started.
Using default stable ids, none found at: /labmount/users/202535331/MARL/pymarl-monotone-qmix/3rdparty/StarCraftII/stableid.json
Successfully loaded stable ids: GameData\stableid.json
Sending ResponseJoinGame
[INFO 08:45:08] my_main Recent Stats | t_env:     695914 | Episode:     9317
battle_won_mean:           0.0442	dead_allies_mean:         21.4818	dead_enemies_mean:        12.6883	div_coef:                86379.7113
div_loss:                 -0.0000	ep_length_mean:          177.7866	epsilon:                   0.0500	grad_norm:                 2.3076
loss:                     -1.3694	loss_td:                   0.3926	q_taken_mean:              0.3955	return_mean:               9.5628
return_std:                4.0434	target_mean:               0.3990	td_error_abs:              0.2078	test_battle_won_mean:      0.0437
test_dead_allies_mean:    20.2625	test_dead_enemies_mean:   10.0563	test_ep_length_mean:     183.9062	test_return_mean:          7.7957
test_return_std:           4.1656	
[INFO 08:47:25] my_main t_env: 706035 / 2050000
[INFO 08:47:25] my_main Estimated time left: 6 hours, 47 minutes, 26 seconds. Time passed: 5 hours, 10 minutes, 55 seconds
[INFO 08:48:06] my_main Recent Stats | t_env:     706035 | Episode:     9369
battle_won_mean:           0.0444	dead_allies_mean:         21.4334	dead_enemies_mean:        12.8666	div_coef:                85816.7417
div_loss:                 -0.0000	ep_length_mean:          180.3064	epsilon:                   0.0500	grad_norm:                 2.9663
loss:                     -1.3378	loss_td:                   0.4170	q_taken_mean:              0.3957	return_mean:               9.6727
return_std:                3.9507	target_mean:               0.4002	td_error_abs:              0.2233	test_battle_won_mean:      0.0375
test_dead_allies_mean:    20.3375	test_dead_enemies_mean:   10.4625	test_ep_length_mean:     184.4625	test_return_mean:          7.9929
test_return_std:           4.2325	
[INFO 08:49:29] my_main Updated target network
[INFO 08:50:29] my_main t_env: 716041 / 2050000
[INFO 08:50:29] my_main Estimated time left: 6 hours, 49 minutes, 5 seconds. Time passed: 5 hours, 13 minutes, 59 seconds
[INFO 08:51:11] my_main Recent Stats | t_env:     716041 | Episode:     9424
battle_won_mean:           0.0479	dead_allies_mean:         21.4659	dead_enemies_mean:        13.0055	div_coef:                85247.2602
div_loss:                 -0.0000	ep_length_mean:          178.6013	epsilon:                   0.0500	grad_norm:                 2.4687
loss:                     -1.3232	loss_td:                   0.4043	q_taken_mean:              0.3897	return_mean:               9.7659
return_std:                3.8951	target_mean:               0.3931	td_error_abs:              0.2033	test_battle_won_mean:      0.0250
test_dead_allies_mean:    20.0188	test_dead_enemies_mean:   10.1937	test_ep_length_mean:     183.5875	test_return_mean:          7.7811
test_return_std:           4.2323	
[INFO 08:53:35] my_main t_env: 726127 / 2050000
[INFO 08:53:35] my_main Estimated time left: 6 hours, 47 minutes, 27 seconds. Time passed: 5 hours, 17 minutes, 6 seconds
[INFO 08:54:16] my_main Recent Stats | t_env:     726127 | Episode:     9479
battle_won_mean:           0.0483	dead_allies_mean:         21.3002	dead_enemies_mean:        12.5483	div_coef:                85570.8797
div_loss:                 -0.0000	ep_length_mean:          180.1373	epsilon:                   0.0500	grad_norm:                 2.8554
loss:                     -1.2973	loss_td:                   0.4189	q_taken_mean:              0.3983	return_mean:               9.4738
return_std:                4.0585	target_mean:               0.4022	td_error_abs:              0.2142	test_battle_won_mean:      0.0375
test_dead_allies_mean:    20.0250	test_dead_enemies_mean:   10.3187	test_ep_length_mean:     182.5312	test_return_mean:          7.9034
test_return_std:           4.3522	
[INFO 08:56:45] my_main t_env: 736167 / 2050000
[INFO 08:56:45] my_main Estimated time left: 6 hours, 54 minutes, 34 seconds. Time passed: 5 hours, 20 minutes, 16 seconds
[INFO 08:57:25] my_main Recent Stats | t_env:     736167 | Episode:     9538
battle_won_mean:           0.0533	dead_allies_mean:         21.1732	dead_enemies_mean:        12.6503	div_coef:                85973.6300
div_loss:                 -0.0000	ep_length_mean:          182.8481	epsilon:                   0.0500	grad_norm:                 2.3758
loss:                     -1.3395	loss_td:                   0.3782	q_taken_mean:              0.3821	return_mean:               9.5319
return_std:                4.0643	target_mean:               0.3853	td_error_abs:              0.1983	test_battle_won_mean:      0.0563
test_dead_allies_mean:    20.1812	test_dead_enemies_mean:   10.8438	test_ep_length_mean:     177.2750	test_return_mean:          8.2959
test_return_std:           4.6596	
RequestQuit command received.
DataHandler: unable to parse websocket frame.
Closing Application...
CloseHandler: 127.0.0.1:43374 disconnected
[INFO 08:57:44] absl Shutdown gracefully.
[INFO 08:57:44] absl Shutdown with return code: -15
[INFO 08:57:44] absl Launching SC2: /labmount/users/202535331/MARL/pymarl-monotone-qmix/3rdparty/StarCraftII/Versions/Base75689/SC2_x64 -listen 127.0.0.1 -port 40411 -dataDir /labmount/users/202535331/MARL/pymarl-monotone-qmix/3rdparty/StarCraftII/ -tempDir /tmp/sc-1bmrwzut/
[INFO 08:57:45] absl Connecting to: ws://127.0.0.1:40411/sc2api, attempt: 0, running: True
Version: B75689 (SC2.4.10)
Build: Aug 12 2019 17:16:57
Command Line: '"/labmount/users/202535331/MARL/pymarl-monotone-qmix/3rdparty/StarCraftII/Versions/Base75689/SC2_x64" -listen 127.0.0.1 -port 40411 -dataDir /labmount/users/202535331/MARL/pymarl-monotone-qmix/3rdparty/StarCraftII/ -tempDir /tmp/sc-1bmrwzut/'
Starting up...
Startup Phase 1 complete
[INFO 08:57:46] absl Connecting to: ws://127.0.0.1:40411/sc2api, attempt: 1, running: True
Startup Phase 2 complete
Creating stub renderer...
Listening on: 127.0.0.1:40411
Startup Phase 3 complete. Ready for commands.
[INFO 08:57:47] absl Connecting to: ws://127.0.0.1:40411/sc2api, attempt: 2, running: True
ConnectHandler: Request from 127.0.0.1:34198 accepted
ReadyHandler: 127.0.0.1:34198 ready
Requesting to join a single player game
Configuring interface options
Configure: raw interface enabled
Configure: feature layer interface disabled
Configure: score interface disabled
Configure: render interface disabled
Launching next game.
Next launch phase started: 2
Next launch phase started: 3
Next launch phase started: 4
Next launch phase started: 5
Next launch phase started: 6
Next launch phase started: 7
Next launch phase started: 8
Game has started.
Using default stable ids, none found at: /labmount/users/202535331/MARL/pymarl-monotone-qmix/3rdparty/StarCraftII/stableid.json
Successfully loaded stable ids: GameData\stableid.json
Sending ResponseJoinGame
[INFO 08:59:57] my_main t_env: 746242 / 2050000
[INFO 08:59:57] my_main Estimated time left: 6 hours, 53 minutes, 10 seconds. Time passed: 5 hours, 23 minutes, 27 seconds
[INFO 09:00:35] my_main Recent Stats | t_env:     746242 | Episode:     9595
battle_won_mean:           0.0564	dead_allies_mean:         21.1080	dead_enemies_mean:        12.8903	div_coef:                85306.2623
div_loss:                 -0.0000	ep_length_mean:          181.3735	epsilon:                   0.0500	grad_norm:                 3.0487
loss:                     -1.3477	loss_td:                   0.3481	q_taken_mean:              0.3610	return_mean:               9.6980
return_std:                4.1567	target_mean:               0.3628	td_error_abs:              0.2040	test_battle_won_mean:      0.0563
test_dead_allies_mean:    20.6125	test_dead_enemies_mean:   11.2812	test_ep_length_mean:     177.1687	test_return_mean:          8.5472
test_return_std:           4.7327	
[INFO 09:00:50] my_main Updated target network
[INFO 09:03:07] my_main t_env: 756281 / 2050000
[INFO 09:03:07] my_main Estimated time left: 6 hours, 48 minutes, 42 seconds. Time passed: 5 hours, 26 minutes, 38 seconds
[INFO 09:03:47] my_main Recent Stats | t_env:     756281 | Episode:     9659
battle_won_mean:           0.0588	dead_allies_mean:         21.3411	dead_enemies_mean:        13.5847	div_coef:                84728.3101
div_loss:                 -0.0000	ep_length_mean:          173.8185	epsilon:                   0.0500	grad_norm:                 2.4636
loss:                     -1.3060	loss_td:                   0.3580	q_taken_mean:              0.3682	return_mean:              10.1639
return_std:                4.2625	target_mean:               0.3685	td_error_abs:              0.1843	test_battle_won_mean:      0.0563
test_dead_allies_mean:    20.8625	test_dead_enemies_mean:   11.4500	test_ep_length_mean:     177.2438	test_return_mean:          8.6980
test_return_std:           4.6063	
[INFO 09:06:15] my_main t_env: 766367 / 2050000
[INFO 09:06:15] my_main Estimated time left: 6 hours, 38 minutes, 58 seconds. Time passed: 5 hours, 29 minutes, 46 seconds
[INFO 09:06:52] my_main Recent Stats | t_env:     766367 | Episode:     9720
battle_won_mean:           0.0646	dead_allies_mean:         21.5602	dead_enemies_mean:        13.9731	div_coef:                84247.4462
div_loss:                 -0.0000	ep_length_mean:          170.5019	epsilon:                   0.0500	grad_norm:                 2.9206
loss:                     -1.3043	loss_td:                   0.3417	q_taken_mean:              0.3493	return_mean:              10.4462
return_std:                4.3028	target_mean:               0.3508	td_error_abs:              0.2013	test_battle_won_mean:      0.0625
test_dead_allies_mean:    21.2563	test_dead_enemies_mean:   12.0125	test_ep_length_mean:     175.1062	test_return_mean:          9.0794
test_return_std:           4.6129	
[INFO 09:09:41] my_main t_env: 776503 / 2050000
[INFO 09:09:41] my_main Estimated time left: 7 hours, 10 minutes, 18 seconds. Time passed: 5 hours, 33 minutes, 11 seconds
[INFO 09:10:18] my_main Recent Stats | t_env:     776503 | Episode:     9793
battle_won_mean:           0.0702	dead_allies_mean:         21.8806	dead_enemies_mean:        14.8958	div_coef:                84266.1676
div_loss:                 -0.0000	ep_length_mean:          161.5954	epsilon:                   0.0500	grad_norm:                 2.2207
loss:                     -1.3172	loss_td:                   0.3211	q_taken_mean:              0.3391	return_mean:              11.0659
return_std:                4.2869	target_mean:               0.3395	td_error_abs:              0.1778	test_battle_won_mean:      0.0688
test_dead_allies_mean:    21.3625	test_dead_enemies_mean:   12.5750	test_ep_length_mean:     172.0750	test_return_mean:          9.4419
test_return_std:           4.7531	
[INFO 09:10:36] my_main Updated target network
RequestQuit command received.
Closing Application...
DataHandler: unable to parse websocket frame.
CloseHandler: 127.0.0.1:34198 disconnected
[INFO 09:11:26] absl Shutdown gracefully.
[INFO 09:11:26] absl Shutdown with return code: -15
[INFO 09:11:26] absl Launching SC2: /labmount/users/202535331/MARL/pymarl-monotone-qmix/3rdparty/StarCraftII/Versions/Base75689/SC2_x64 -listen 127.0.0.1 -port 33653 -dataDir /labmount/users/202535331/MARL/pymarl-monotone-qmix/3rdparty/StarCraftII/ -tempDir /tmp/sc-vdq4bvn2/
[INFO 09:11:26] absl Connecting to: ws://127.0.0.1:33653/sc2api, attempt: 0, running: True
Version: B75689 (SC2.4.10)
Build: Aug 12 2019 17:16:57
Command Line: '"/labmount/users/202535331/MARL/pymarl-monotone-qmix/3rdparty/StarCraftII/Versions/Base75689/SC2_x64" -listen 127.0.0.1 -port 33653 -dataDir /labmount/users/202535331/MARL/pymarl-monotone-qmix/3rdparty/StarCraftII/ -tempDir /tmp/sc-vdq4bvn2/'
Starting up...
Startup Phase 1 complete
[INFO 09:11:27] absl Connecting to: ws://127.0.0.1:33653/sc2api, attempt: 1, running: True
Startup Phase 2 complete
Creating stub renderer...
Listening on: 127.0.0.1:33653
Startup Phase 3 complete. Ready for commands.
[INFO 09:11:28] absl Connecting to: ws://127.0.0.1:33653/sc2api, attempt: 2, running: True
ConnectHandler: Request from 127.0.0.1:60840 accepted
ReadyHandler: 127.0.0.1:60840 ready
Requesting to join a single player game
Configuring interface options
Configure: raw interface enabled
Configure: feature layer interface disabled
Configure: score interface disabled
Configure: render interface disabled
Launching next game.
Next launch phase started: 2
Next launch phase started: 3
Next launch phase started: 4
Next launch phase started: 5
Next launch phase started: 6
Next launch phase started: 7
Next launch phase started: 8
Game has started.
Using default stable ids, none found at: /labmount/users/202535331/MARL/pymarl-monotone-qmix/3rdparty/StarCraftII/stableid.json
Successfully loaded stable ids: GameData\stableid.json
Sending ResponseJoinGame
[INFO 09:13:00] my_main t_env: 786608 / 2050000
[INFO 09:13:00] my_main Estimated time left: 6 hours, 54 minutes, 29 seconds. Time passed: 5 hours, 36 minutes, 30 seconds
[INFO 09:13:43] my_main Recent Stats | t_env:     786608 | Episode:     9857
battle_won_mean:           0.0655	dead_allies_mean:         21.9850	dead_enemies_mean:        15.1157	div_coef:                83488.4273
div_loss:                 -0.0000	ep_length_mean:          159.1396	epsilon:                   0.0500	grad_norm:                 2.0737
loss:                     -1.2896	loss_td:                   0.3245	q_taken_mean:              0.3374	return_mean:              11.2274
return_std:                4.2699	target_mean:               0.3376	td_error_abs:              0.1715	test_battle_won_mean:      0.0563
test_dead_allies_mean:    21.3562	test_dead_enemies_mean:   12.5062	test_ep_length_mean:     176.1750	test_return_mean:          9.3462
test_return_std:           4.5943	
[INFO 09:16:13] my_main t_env: 796698 / 2050000
[INFO 09:16:13] my_main Estimated time left: 6 hours, 40 minutes, 54 seconds. Time passed: 5 hours, 39 minutes, 44 seconds
[INFO 09:16:53] my_main Recent Stats | t_env:     796698 | Episode:     9919
battle_won_mean:           0.0611	dead_allies_mean:         22.2243	dead_enemies_mean:        15.4656	div_coef:                82567.3524
div_loss:                 -0.0000	ep_length_mean:          156.3371	epsilon:                   0.0500	grad_norm:                 1.3709
loss:                     -1.2465	loss_td:                   0.3395	q_taken_mean:              0.3486	return_mean:              11.4094
return_std:                4.1226	target_mean:               0.3501	td_error_abs:              0.1649	test_battle_won_mean:      0.0563
test_dead_allies_mean:    21.2125	test_dead_enemies_mean:   12.4688	test_ep_length_mean:     176.2375	test_return_mean:          9.2836
test_return_std:           4.5423	
[INFO 09:19:23] my_main t_env: 806787 / 2050000
[INFO 09:19:23] my_main Estimated time left: 6 hours, 28 minutes, 59 seconds. Time passed: 5 hours, 42 minutes, 53 seconds
[INFO 09:20:00] my_main Recent Stats | t_env:     806787 | Episode:     9980
battle_won_mean:           0.0811	dead_allies_mean:         22.0787	dead_enemies_mean:        15.3946	div_coef:                82047.7221
div_loss:                 -0.0000	ep_length_mean:          158.0439	epsilon:                   0.0500	grad_norm:                 2.2426
loss:                     -1.2558	loss_td:                   0.3210	q_taken_mean:              0.3392	return_mean:              11.4096
return_std:                4.2396	target_mean:               0.3393	td_error_abs:              0.1863	test_battle_won_mean:      0.0813
test_dead_allies_mean:    21.0312	test_dead_enemies_mean:   12.6562	test_ep_length_mean:     171.9250	test_return_mean:          9.4339
test_return_std:           4.8686	
[INFO 09:20:50] my_main Updated target network
[INFO 09:22:45] my_main t_env: 816943 / 2050000
[INFO 09:22:45] my_main Estimated time left: 6 hours, 48 minutes, 23 seconds. Time passed: 5 hours, 46 minutes, 15 seconds
[INFO 09:23:24] my_main Recent Stats | t_env:     816943 | Episode:    10049
battle_won_mean:           0.0941	dead_allies_mean:         21.9472	dead_enemies_mean:        15.6315	div_coef:                81301.5490
div_loss:                 -0.0000	ep_length_mean:          154.4127	epsilon:                   0.0500	grad_norm:                 1.8035
loss:                     -1.2229	loss_td:                   0.3345	q_taken_mean:              0.3593	return_mean:              11.5879
return_std:                4.2689	target_mean:               0.3585	td_error_abs:              0.1732	test_battle_won_mean:      0.1000
test_dead_allies_mean:    20.6750	test_dead_enemies_mean:   12.7688	test_ep_length_mean:     172.1125	test_return_mean:          9.5441
test_return_std:           5.0403	
RequestQuit command received.
Closing Application...
DataHandler: unable to parse websocket frame.
CloseHandler: 127.0.0.1:60840 disconnected
ResponseThread: No connection, dropping the response.
[INFO 09:25:22] absl Shutdown gracefully.
[INFO 09:25:22] absl Shutdown with return code: -15
[INFO 09:25:22] absl Launching SC2: /labmount/users/202535331/MARL/pymarl-monotone-qmix/3rdparty/StarCraftII/Versions/Base75689/SC2_x64 -listen 127.0.0.1 -port 40437 -dataDir /labmount/users/202535331/MARL/pymarl-monotone-qmix/3rdparty/StarCraftII/ -tempDir /tmp/sc-ihhgso46/
[INFO 09:25:22] absl Connecting to: ws://127.0.0.1:40437/sc2api, attempt: 0, running: True
Version: B75689 (SC2.4.10)
Build: Aug 12 2019 17:16:57
Command Line: '"/labmount/users/202535331/MARL/pymarl-monotone-qmix/3rdparty/StarCraftII/Versions/Base75689/SC2_x64" -listen 127.0.0.1 -port 40437 -dataDir /labmount/users/202535331/MARL/pymarl-monotone-qmix/3rdparty/StarCraftII/ -tempDir /tmp/sc-ihhgso46/'
Starting up...
Startup Phase 1 complete
[INFO 09:25:23] absl Connecting to: ws://127.0.0.1:40437/sc2api, attempt: 1, running: True
Startup Phase 2 complete
Creating stub renderer...
Listening on: 127.0.0.1:40437
Startup Phase 3 complete. Ready for commands.
[INFO 09:25:24] absl Connecting to: ws://127.0.0.1:40437/sc2api, attempt: 2, running: True
ConnectHandler: Request from 127.0.0.1:33744 accepted
ReadyHandler: 127.0.0.1:33744 ready
Requesting to join a single player game
Configuring interface options
Configure: raw interface enabled
Configure: feature layer interface disabled
Configure: score interface disabled
Configure: render interface disabled
Launching next game.
Next launch phase started: 2
Next launch phase started: 3
Next launch phase started: 4
Next launch phase started: 5
Next launch phase started: 6
Next launch phase started: 7
Next launch phase started: 8
Game has started.
Using default stable ids, none found at: /labmount/users/202535331/MARL/pymarl-monotone-qmix/3rdparty/StarCraftII/stableid.json
Successfully loaded stable ids: GameData\stableid.json
Sending ResponseJoinGame
[INFO 09:26:18] my_main t_env: 827136 / 2050000
[INFO 09:26:18] my_main Estimated time left: 7 hours, 7 minutes, 26 seconds. Time passed: 5 hours, 49 minutes, 49 seconds
[INFO 09:26:55] my_main Recent Stats | t_env:     827136 | Episode:    10122
battle_won_mean:           0.1105	dead_allies_mean:         21.8924	dead_enemies_mean:        15.9083	div_coef:                80970.0676
div_loss:                 -0.0000	ep_length_mean:          154.5689	epsilon:                   0.0500	grad_norm:                 1.7215
loss:                     -1.2172	loss_td:                   0.3255	q_taken_mean:              0.3515	return_mean:              11.8301
return_std:                4.3366	target_mean:               0.3506	td_error_abs:              0.1727	test_battle_won_mean:      0.0875
test_dead_allies_mean:    20.7563	test_dead_enemies_mean:   12.6250	test_ep_length_mean:     172.4125	test_return_mean:          9.4140
test_return_std:           4.8782	
[INFO 09:29:35] my_main t_env: 837194 / 2050000
[INFO 09:29:35] my_main Estimated time left: 6 hours, 34 minutes, 24 seconds. Time passed: 5 hours, 53 minutes, 5 seconds
[INFO 09:30:07] my_main Recent Stats | t_env:     837194 | Episode:    10190
battle_won_mean:           0.1213	dead_allies_mean:         22.0055	dead_enemies_mean:        15.9568	div_coef:                80369.4227
div_loss:                 -0.0000	ep_length_mean:          152.5731	epsilon:                   0.0500	grad_norm:                 1.8805
loss:                     -1.2073	loss_td:                   0.3192	q_taken_mean:              0.3483	return_mean:              11.8566
return_std:                4.4040	target_mean:               0.3465	td_error_abs:              0.1735	test_battle_won_mean:      0.1125
test_dead_allies_mean:    21.0562	test_dead_enemies_mean:   13.2625	test_ep_length_mean:     163.1813	test_return_mean:          9.9399
test_return_std:           5.0861	
[INFO 09:30:35] my_main Updated target network
[INFO 09:32:35] my_main t_env: 847222 / 2050000
[INFO 09:32:35] my_main Estimated time left: 6 hours, 17 seconds. Time passed: 5 hours, 56 minutes, 5 seconds
[INFO 09:33:12] my_main Recent Stats | t_env:     847222 | Episode:    10250
battle_won_mean:           0.1217	dead_allies_mean:         21.9899	dead_enemies_mean:        16.0918	div_coef:                80769.6279
div_loss:                 -0.0000	ep_length_mean:          153.4514	epsilon:                   0.0500	grad_norm:                 2.5600
loss:                     -1.2097	loss_td:                   0.3211	q_taken_mean:              0.3448	return_mean:              11.9548
return_std:                4.3465	target_mean:               0.3441	td_error_abs:              0.1927	test_battle_won_mean:      0.1187
test_dead_allies_mean:    21.1938	test_dead_enemies_mean:   13.4062	test_ep_length_mean:     162.1125	test_return_mean:         10.0566
test_return_std:           5.1746	
[INFO 09:35:43] my_main t_env: 857254 / 2050000
[INFO 09:35:43] my_main Estimated time left: 6 hours, 12 minutes, 30 seconds. Time passed: 5 hours, 59 minutes, 13 seconds
[INFO 09:36:21] my_main Recent Stats | t_env:     857254 | Episode:    10312
battle_won_mean:           0.1148	dead_allies_mean:         22.0647	dead_enemies_mean:        16.3980	div_coef:                80652.2312
div_loss:                 -0.0000	ep_length_mean:          152.7340	epsilon:                   0.0500	grad_norm:                 1.6552
loss:                     -1.2224	loss_td:                   0.3110	q_taken_mean:              0.3455	return_mean:              12.1512
return_std:                4.2399	target_mean:               0.3464	td_error_abs:              0.1710	test_battle_won_mean:      0.1250
test_dead_allies_mean:    21.0625	test_dead_enemies_mean:   13.4313	test_ep_length_mean:     161.2438	test_return_mean:         10.1306
test_return_std:           5.1835	
[INFO 09:39:09] my_main t_env: 867292 / 2050000
[INFO 09:39:09] my_main Estimated time left: 6 hours, 44 minutes, 23 seconds. Time passed: 6 hours, 2 minutes, 39 seconds
RequestQuit command received.
DataHandler: unable to parse websocket frame.
Closing Application...
CloseHandler: 127.0.0.1:33744 disconnected
[INFO 09:39:22] absl Shutdown gracefully.
[INFO 09:39:22] absl Shutdown with return code: -15
[INFO 09:39:22] absl Launching SC2: /labmount/users/202535331/MARL/pymarl-monotone-qmix/3rdparty/StarCraftII/Versions/Base75689/SC2_x64 -listen 127.0.0.1 -port 40117 -dataDir /labmount/users/202535331/MARL/pymarl-monotone-qmix/3rdparty/StarCraftII/ -tempDir /tmp/sc-s0gelzif/
[INFO 09:39:23] absl Connecting to: ws://127.0.0.1:40117/sc2api, attempt: 0, running: True
Version: B75689 (SC2.4.10)
Build: Aug 12 2019 17:16:57
Command Line: '"/labmount/users/202535331/MARL/pymarl-monotone-qmix/3rdparty/StarCraftII/Versions/Base75689/SC2_x64" -listen 127.0.0.1 -port 40117 -dataDir /labmount/users/202535331/MARL/pymarl-monotone-qmix/3rdparty/StarCraftII/ -tempDir /tmp/sc-s0gelzif/'
Starting up...
Startup Phase 1 complete
[INFO 09:39:24] absl Connecting to: ws://127.0.0.1:40117/sc2api, attempt: 1, running: True
Startup Phase 2 complete
Creating stub renderer...
Listening on: 127.0.0.1:40117
Startup Phase 3 complete. Ready for commands.
[INFO 09:39:25] absl Connecting to: ws://127.0.0.1:40117/sc2api, attempt: 2, running: True
ConnectHandler: Request from 127.0.0.1:58128 accepted
ReadyHandler: 127.0.0.1:58128 ready
Requesting to join a single player game
Configuring interface options
Configure: raw interface enabled
Configure: feature layer interface disabled
Configure: score interface disabled
Configure: render interface disabled
Launching next game.
Next launch phase started: 2
Next launch phase started: 3
Next launch phase started: 4
Next launch phase started: 5
Next launch phase started: 6
Next launch phase started: 7
Next launch phase started: 8
Game has started.
Using default stable ids, none found at: /labmount/users/202535331/MARL/pymarl-monotone-qmix/3rdparty/StarCraftII/stableid.json
Successfully loaded stable ids: GameData\stableid.json
Sending ResponseJoinGame
[INFO 09:39:53] my_main Recent Stats | t_env:     867292 | Episode:    10385
battle_won_mean:           0.1271	dead_allies_mean:         22.2111	dead_enemies_mean:        16.5874	div_coef:                80931.6699
div_loss:                 -0.0000	ep_length_mean:          150.7977	epsilon:                   0.0500	grad_norm:                 1.9383
loss:                     -1.2506	loss_td:                   0.2890	q_taken_mean:              0.3384	return_mean:              12.3440
return_std:                4.3110	target_mean:               0.3398	td_error_abs:              0.1773	test_battle_won_mean:      0.1187
test_dead_allies_mean:    21.0250	test_dead_enemies_mean:   13.1562	test_ep_length_mean:     160.1250	test_return_mean:          9.9683
test_return_std:           5.1582	
[INFO 09:40:32] my_main Updated target network
[INFO 09:42:27] my_main t_env: 877389 / 2050000
[INFO 09:42:27] my_main Estimated time left: 6 hours, 23 minutes, 59 seconds. Time passed: 6 hours, 5 minutes, 58 seconds
[INFO 09:43:07] my_main Recent Stats | t_env:     877389 | Episode:    10449
battle_won_mean:           0.1286	dead_allies_mean:         22.2360	dead_enemies_mean:        16.2408	div_coef:                79870.2350
div_loss:                 -0.0000	ep_length_mean:          154.4248	epsilon:                   0.0500	grad_norm:                 1.7872
loss:                     -1.2573	loss_td:                   0.2847	q_taken_mean:              0.3458	return_mean:              12.1008
return_std:                4.3633	target_mean:               0.3466	td_error_abs:              0.1715	test_battle_won_mean:      0.1250
test_dead_allies_mean:    20.8687	test_dead_enemies_mean:   12.7937	test_ep_length_mean:     162.1625	test_return_mean:          9.7773
test_return_std:           5.1883	
[INFO 09:45:35] my_main t_env: 887471 / 2050000
[INFO 09:45:35] my_main Estimated time left: 5 hours, 59 minutes, 46 seconds. Time passed: 6 hours, 9 minutes, 5 seconds
[INFO 09:46:12] my_main Recent Stats | t_env:     887471 | Episode:    10509
battle_won_mean:           0.1254	dead_allies_mean:         22.2382	dead_enemies_mean:        16.1739	div_coef:                78518.9796
div_loss:                 -0.0000	ep_length_mean:          158.4491	epsilon:                   0.0500	grad_norm:                 1.7022
loss:                     -1.2472	loss_td:                   0.2993	q_taken_mean:              0.3536	return_mean:              12.0711
return_std:                4.2832	target_mean:               0.3547	td_error_abs:              0.1696	test_battle_won_mean:      0.1187
test_dead_allies_mean:    20.7625	test_dead_enemies_mean:   12.1687	test_ep_length_mean:     167.4000	test_return_mean:          9.2949
test_return_std:           5.1782	
[INFO 09:48:52] my_main t_env: 897499 / 2050000
[INFO 09:48:52] my_main Estimated time left: 6 hours, 17 minutes, 38 seconds. Time passed: 6 hours, 12 minutes, 22 seconds
[INFO 09:49:30] my_main Recent Stats | t_env:     897499 | Episode:    10578
battle_won_mean:           0.1502	dead_allies_mean:         22.3027	dead_enemies_mean:        16.4278	div_coef:                76166.1897
div_loss:                 -0.0000	ep_length_mean:          154.0891	epsilon:                   0.0500	grad_norm:                 1.1021
loss:                     -1.2658	loss_td:                   0.2655	q_taken_mean:              0.3416	return_mean:              12.3339
return_std:                4.4335	target_mean:               0.3413	td_error_abs:              0.1432	test_battle_won_mean:      0.1250
test_dead_allies_mean:    20.7125	test_dead_enemies_mean:   12.1000	test_ep_length_mean:     168.6500	test_return_mean:          9.3255
test_return_std:           5.2332	
[INFO 09:50:28] my_main Updated target network
[INFO 09:52:01] my_main t_env: 907502 / 2050000
[INFO 09:52:01] my_main Estimated time left: 5 hours, 59 minutes, 29 seconds. Time passed: 6 hours, 15 minutes, 31 seconds
[INFO 09:52:34] my_main Recent Stats | t_env:     907502 | Episode:    10641
battle_won_mean:           0.1531	dead_allies_mean:         22.3974	dead_enemies_mean:        16.5687	div_coef:                72618.4101
div_loss:                 -0.0000	ep_length_mean:          153.4834	epsilon:                   0.0500	grad_norm:                 1.0940
loss:                     -1.2247	loss_td:                   0.2595	q_taken_mean:              0.3370	return_mean:              12.4295
return_std:                4.4221	target_mean:               0.3366	td_error_abs:              0.1428	test_battle_won_mean:      0.1313
test_dead_allies_mean:    21.0562	test_dead_enemies_mean:   12.4938	test_ep_length_mean:     167.4375	test_return_mean:          9.6186
test_return_std:           5.2044	
RequestQuit command received.
DataHandler: unable to parse websocket frame.
Closing Application...
CloseHandler: 127.0.0.1:58128 disconnected
[INFO 09:52:37] absl Shutdown gracefully.
[INFO 09:52:37] absl Shutdown with return code: -15
[INFO 09:52:37] absl Launching SC2: /labmount/users/202535331/MARL/pymarl-monotone-qmix/3rdparty/StarCraftII/Versions/Base75689/SC2_x64 -listen 127.0.0.1 -port 45851 -dataDir /labmount/users/202535331/MARL/pymarl-monotone-qmix/3rdparty/StarCraftII/ -tempDir /tmp/sc-ixgknjgt/
[INFO 09:52:38] absl Connecting to: ws://127.0.0.1:45851/sc2api, attempt: 0, running: True
Version: B75689 (SC2.4.10)
Build: Aug 12 2019 17:16:57
Command Line: '"/labmount/users/202535331/MARL/pymarl-monotone-qmix/3rdparty/StarCraftII/Versions/Base75689/SC2_x64" -listen 127.0.0.1 -port 45851 -dataDir /labmount/users/202535331/MARL/pymarl-monotone-qmix/3rdparty/StarCraftII/ -tempDir /tmp/sc-ixgknjgt/'
Starting up...
Startup Phase 1 complete
[INFO 09:52:39] absl Connecting to: ws://127.0.0.1:45851/sc2api, attempt: 1, running: True
Startup Phase 2 complete
Creating stub renderer...
Listening on: 127.0.0.1:45851
Startup Phase 3 complete. Ready for commands.
[INFO 09:52:40] absl Connecting to: ws://127.0.0.1:45851/sc2api, attempt: 2, running: True
ConnectHandler: Request from 127.0.0.1:50404 accepted
ReadyHandler: 127.0.0.1:50404 ready
Requesting to join a single player game
Configuring interface options
Configure: raw interface enabled
Configure: feature layer interface disabled
Configure: score interface disabled
Configure: render interface disabled
Launching next game.
Next launch phase started: 2
Next launch phase started: 3
Next launch phase started: 4
Next launch phase started: 5
Next launch phase started: 6
Next launch phase started: 7
Next launch phase started: 8
Game has started.
Using default stable ids, none found at: /labmount/users/202535331/MARL/pymarl-monotone-qmix/3rdparty/StarCraftII/stableid.json
Successfully loaded stable ids: GameData\stableid.json
Sending ResponseJoinGame
[INFO 09:55:23] my_main t_env: 917529 / 2050000
[INFO 09:55:23] my_main Estimated time left: 6 hours, 20 minutes, 25 seconds. Time passed: 6 hours, 18 minutes, 53 seconds
[INFO 09:56:01] my_main Recent Stats | t_env:     917529 | Episode:    10712
battle_won_mean:           0.1401	dead_allies_mean:         22.4192	dead_enemies_mean:        16.6879	div_coef:                68822.8968
div_loss:                 -0.0000	ep_length_mean:          154.2271	epsilon:                   0.0500	grad_norm:                 2.6351
loss:                     -1.1279	loss_td:                   0.3033	q_taken_mean:              0.3372	return_mean:              12.4939
return_std:                4.2447	target_mean:               0.3330	td_error_abs:              0.1882	test_battle_won_mean:      0.1250
test_dead_allies_mean:    21.2688	test_dead_enemies_mean:   12.1250	test_ep_length_mean:     169.4125	test_return_mean:          9.2943
test_return_std:           5.1626	
[INFO 09:58:37] my_main t_env: 927587 / 2050000
[INFO 09:58:37] my_main Estimated time left: 6 hours, 38 seconds. Time passed: 6 hours, 22 minutes, 7 seconds
[INFO 09:59:16] my_main Recent Stats | t_env:     927587 | Episode:    10778
battle_won_mean:           0.1148	dead_allies_mean:         22.5110	dead_enemies_mean:        16.8721	div_coef:                66634.6171
div_loss:                 -0.0000	ep_length_mean:          153.1527	epsilon:                   0.0500	grad_norm:                 3.4239
loss:                     -1.0738	loss_td:                   0.3266	q_taken_mean:              0.3465	return_mean:              12.5477
return_std:                4.0534	target_mean:               0.3411	td_error_abs:              0.2006	test_battle_won_mean:      0.1125
test_dead_allies_mean:    21.4812	test_dead_enemies_mean:   12.6312	test_ep_length_mean:     171.1813	test_return_mean:          9.5925
test_return_std:           5.0291	
[INFO 10:00:05] my_main Updated target network
[INFO 10:02:07] my_main t_env: 937723 / 2050000
[INFO 10:02:07] my_main Estimated time left: 6 hours, 24 minutes, 36 seconds. Time passed: 6 hours, 25 minutes, 37 seconds
[INFO 10:02:42] my_main Recent Stats | t_env:     937723 | Episode:    10854
battle_won_mean:           0.1336	dead_allies_mean:         22.5993	dead_enemies_mean:        17.4786	div_coef:                64479.6795
div_loss:                 -0.0000	ep_length_mean:          146.2198	epsilon:                   0.0500	grad_norm:                 3.4856
loss:                     -1.0410	loss_td:                   0.3053	q_taken_mean:              0.3384	return_mean:              13.0171
return_std:                4.0702	target_mean:               0.3327	td_error_abs:              0.1969	test_battle_won_mean:      0.1062
test_dead_allies_mean:    21.6500	test_dead_enemies_mean:   13.2063	test_ep_length_mean:     169.0875	test_return_mean:          9.9854
test_return_std:           4.9130	
[INFO 10:05:15] my_main t_env: 947750 / 2050000
[INFO 10:05:15] my_main Estimated time left: 5 hours, 45 minutes, 9 seconds. Time passed: 6 hours, 28 minutes, 45 seconds
[INFO 10:05:50] my_main Recent Stats | t_env:     947750 | Episode:    10919
battle_won_mean:           0.1080	dead_allies_mean:         22.6473	dead_enemies_mean:        17.5426	div_coef:                63733.1642
div_loss:                 -0.0000	ep_length_mean:          148.0054	epsilon:                   0.0500	grad_norm:                 3.4818
loss:                     -1.0055	loss_td:                   0.3027	q_taken_mean:              0.3387	return_mean:              12.9906
return_std:                3.9296	target_mean:               0.3330	td_error_abs:              0.1954	test_battle_won_mean:      0.1000
test_dead_allies_mean:    21.7063	test_dead_enemies_mean:   13.2188	test_ep_length_mean:     165.2188	test_return_mean:          9.9316
test_return_std:           4.9409	
RequestQuit command received.
Closing Application...
DataHandler: unable to parse websocket frame.
CloseHandler: 127.0.0.1:50404 disconnected
[INFO 10:06:57] absl Shutdown gracefully.
[INFO 10:06:57] absl Shutdown with return code: -15
[INFO 10:06:57] absl Launching SC2: /labmount/users/202535331/MARL/pymarl-monotone-qmix/3rdparty/StarCraftII/Versions/Base75689/SC2_x64 -listen 127.0.0.1 -port 40487 -dataDir /labmount/users/202535331/MARL/pymarl-monotone-qmix/3rdparty/StarCraftII/ -tempDir /tmp/sc-6ryycaf_/
[INFO 10:06:58] absl Connecting to: ws://127.0.0.1:40487/sc2api, attempt: 0, running: True
Version: B75689 (SC2.4.10)
Build: Aug 12 2019 17:16:57
Command Line: '"/labmount/users/202535331/MARL/pymarl-monotone-qmix/3rdparty/StarCraftII/Versions/Base75689/SC2_x64" -listen 127.0.0.1 -port 40487 -dataDir /labmount/users/202535331/MARL/pymarl-monotone-qmix/3rdparty/StarCraftII/ -tempDir /tmp/sc-6ryycaf_/'
Starting up...
Startup Phase 1 complete
[INFO 10:06:59] absl Connecting to: ws://127.0.0.1:40487/sc2api, attempt: 1, running: True
Startup Phase 2 complete
Creating stub renderer...
Listening on: 127.0.0.1:40487
Startup Phase 3 complete. Ready for commands.
[INFO 10:07:00] absl Connecting to: ws://127.0.0.1:40487/sc2api, attempt: 2, running: True
ConnectHandler: Request from 127.0.0.1:36498 accepted
ReadyHandler: 127.0.0.1:36498 ready
Requesting to join a single player game
Configuring interface options
Configure: raw interface enabled
Configure: feature layer interface disabled
Configure: score interface disabled
Configure: render interface disabled
Launching next game.
Next launch phase started: 2
Next launch phase started: 3
Next launch phase started: 4
Next launch phase started: 5
Next launch phase started: 6
Next launch phase started: 7
Next launch phase started: 8
Game has started.
Using default stable ids, none found at: /labmount/users/202535331/MARL/pymarl-monotone-qmix/3rdparty/StarCraftII/stableid.json
Successfully loaded stable ids: GameData\stableid.json
Sending ResponseJoinGame
[INFO 10:08:53] my_main t_env: 957932 / 2050000
[INFO 10:08:53] my_main Estimated time left: 6 hours, 28 minutes, 42 seconds. Time passed: 6 hours, 32 minutes, 23 seconds
[INFO 10:09:27] my_main Recent Stats | t_env:     957932 | Episode:    10998
battle_won_mean:           0.1162	dead_allies_mean:         22.6590	dead_enemies_mean:        17.7797	div_coef:                64374.6577
div_loss:                 -0.0000	ep_length_mean:          142.0271	epsilon:                   0.0500	grad_norm:                 3.6573
loss:                     -0.9862	loss_td:                   0.3241	q_taken_mean:              0.3453	return_mean:              13.1950
return_std:                3.9464	target_mean:               0.3393	td_error_abs:              0.1969	test_battle_won_mean:      0.0938
test_dead_allies_mean:    21.7312	test_dead_enemies_mean:   13.0563	test_ep_length_mean:     165.6312	test_return_mean:          9.7953
test_return_std:           4.9903	
[INFO 10:09:34] my_main Updated target network
[INFO 10:12:07] my_main t_env: 967959 / 2050000
[INFO 10:12:07] my_main Estimated time left: 5 hours, 49 minutes, 27 seconds. Time passed: 6 hours, 35 minutes, 37 seconds
[INFO 10:12:45] my_main Recent Stats | t_env:     967959 | Episode:    11067
battle_won_mean:           0.1140	dead_allies_mean:         22.7139	dead_enemies_mean:        17.5871	div_coef:                64759.9732
div_loss:                 -0.0000	ep_length_mean:          142.8458	epsilon:                   0.0500	grad_norm:                 2.0183
loss:                     -1.0369	loss_td:                   0.2790	q_taken_mean:              0.3407	return_mean:              13.0400
return_std:                4.0003	target_mean:               0.3374	td_error_abs:              0.1452	test_battle_won_mean:      0.0938
test_dead_allies_mean:    21.8188	test_dead_enemies_mean:   13.2063	test_ep_length_mean:     165.5000	test_return_mean:          9.9495
test_return_std:           4.9716	
[INFO 10:15:48] my_main t_env: 978063 / 2050000
[INFO 10:15:48] my_main Estimated time left: 6 hours, 29 minutes, 59 seconds. Time passed: 6 hours, 39 minutes, 18 seconds
[INFO 10:16:24] my_main Recent Stats | t_env:     978063 | Episode:    11151
battle_won_mean:           0.1597	dead_allies_mean:         22.6509	dead_enemies_mean:        18.1715	div_coef:                64005.3634
div_loss:                 -0.0000	ep_length_mean:          136.4241	epsilon:                   0.0500	grad_norm:                 2.4363
loss:                     -1.0156	loss_td:                   0.2740	q_taken_mean:              0.3338	return_mean:              13.6014
return_std:                4.0691	target_mean:               0.3296	td_error_abs:              0.1627	test_battle_won_mean:      0.1125
test_dead_allies_mean:    21.7312	test_dead_enemies_mean:   13.5312	test_ep_length_mean:     161.5375	test_return_mean:         10.2315
test_return_std:           5.1607	
[INFO 10:18:06] my_main Updated target network
[INFO 10:19:56] my_main t_env: 988229 / 2050000
[INFO 10:19:56] my_main Estimated time left: 7 hours, 12 minutes, 39 seconds. Time passed: 6 hours, 43 minutes, 26 seconds
[INFO 10:20:28] my_main Recent Stats | t_env:     988229 | Episode:    11255
battle_won_mean:           0.1868	dead_allies_mean:         22.6443	dead_enemies_mean:        18.7198	div_coef:                63170.9976
div_loss:                 -0.0000	ep_length_mean:          129.3004	epsilon:                   0.0500	grad_norm:                 2.3359
loss:                     -1.0010	loss_td:                   0.2880	q_taken_mean:              0.3391	return_mean:              14.0770
return_std:                3.8922	target_mean:               0.3357	td_error_abs:              0.1683	test_battle_won_mean:      0.1062
test_dead_allies_mean:    21.7563	test_dead_enemies_mean:   14.1687	test_ep_length_mean:     159.1125	test_return_mean:         10.6758
test_return_std:           5.0878	
RequestQuit command received.
Closing Application...
DataHandler: unable to parse websocket frame.
CloseHandler: 127.0.0.1:36498 disconnected
[INFO 10:24:15] absl Shutdown gracefully.
[INFO 10:24:15] absl Shutdown with return code: -15
[INFO 10:24:15] absl Launching SC2: /labmount/users/202535331/MARL/pymarl-monotone-qmix/3rdparty/StarCraftII/Versions/Base75689/SC2_x64 -listen 127.0.0.1 -port 38531 -dataDir /labmount/users/202535331/MARL/pymarl-monotone-qmix/3rdparty/StarCraftII/ -tempDir /tmp/sc-kkbhiolk/
[INFO 10:24:16] absl Connecting to: ws://127.0.0.1:38531/sc2api, attempt: 0, running: True
Version: B75689 (SC2.4.10)
Build: Aug 12 2019 17:16:57
Command Line: '"/labmount/users/202535331/MARL/pymarl-monotone-qmix/3rdparty/StarCraftII/Versions/Base75689/SC2_x64" -listen 127.0.0.1 -port 38531 -dataDir /labmount/users/202535331/MARL/pymarl-monotone-qmix/3rdparty/StarCraftII/ -tempDir /tmp/sc-kkbhiolk/'
Starting up...
Startup Phase 1 complete
[INFO 10:24:17] absl Connecting to: ws://127.0.0.1:38531/sc2api, attempt: 1, running: True
Startup Phase 2 complete
Creating stub renderer...
Listening on: 127.0.0.1:38531
Startup Phase 3 complete. Ready for commands.
[INFO 10:24:18] absl Connecting to: ws://127.0.0.1:38531/sc2api, attempt: 2, running: True
ConnectHandler: Request from 127.0.0.1:37334 accepted
ReadyHandler: 127.0.0.1:37334 ready
Requesting to join a single player game
Configuring interface options
Configure: raw interface enabled
Configure: feature layer interface disabled
Configure: score interface disabled
Configure: render interface disabled
Launching next game.
Next launch phase started: 2
Next launch phase started: 3
Next launch phase started: 4
Next launch phase started: 5
Next launch phase started: 6
Next launch phase started: 7
Next launch phase started: 8
Game has started.
Using default stable ids, none found at: /labmount/users/202535331/MARL/pymarl-monotone-qmix/3rdparty/StarCraftII/stableid.json
Successfully loaded stable ids: GameData\stableid.json
Sending ResponseJoinGame
[INFO 10:25:08] my_main t_env: 998238 / 2050000
[INFO 10:25:08] my_main Estimated time left: 9 hours, 6 minutes, 30 seconds. Time passed: 6 hours, 48 minutes, 38 seconds
[INFO 10:25:32] my_main Recent Stats | t_env:     998238 | Episode:    11399
battle_won_mean:           0.2762	dead_allies_mean:         22.5651	dead_enemies_mean:        19.7277	div_coef:                60893.9351
div_loss:                 -0.0000	ep_length_mean:          112.3495	epsilon:                   0.0500	grad_norm:                 2.3155
loss:                     -0.9665	loss_td:                   0.2841	q_taken_mean:              0.3357	return_mean:              15.0559
return_std:                3.7906	target_mean:               0.3327	td_error_abs:              0.1755	test_battle_won_mean:      0.1562
test_dead_allies_mean:    21.9438	test_dead_enemies_mean:   16.0625	test_ep_length_mean:     149.1687	test_return_mean:         12.1317
test_return_std:           4.5929	
[INFO 10:25:35] my_main Updated target network
[INFO 10:31:27] my_main Updated target network
[INFO 10:32:13] my_main t_env: 1008280 / 2050000
[INFO 10:32:13] my_main Estimated time left: 12 hours, 14 minutes, 13 seconds. Time passed: 6 hours, 55 minutes, 43 seconds
[INFO 10:32:29] my_main Recent Stats | t_env:    1008280 | Episode:    11627
battle_won_mean:           0.3774	dead_allies_mean:         22.3944	dead_enemies_mean:        20.7327	div_coef:                57318.8549
div_loss:                 -0.0000	ep_length_mean:           95.3811	epsilon:                   0.0500	grad_norm:                 2.1860
loss:                     -0.9462	loss_td:                   0.2464	q_taken_mean:              0.3154	return_mean:              16.0356
return_std:                3.3832	target_mean:               0.3134	td_error_abs:              0.1738	test_battle_won_mean:      0.2313
test_dead_allies_mean:    21.9187	test_dead_enemies_mean:   17.7625	test_ep_length_mean:     130.2937	test_return_mean:         13.5395
test_return_std:           3.9267	
[INFO 10:37:42] my_main Updated target network
[INFO 10:38:28] my_main t_env: 1018291 / 2050000
[INFO 10:38:28] my_main Estimated time left: 10 hours, 45 minutes, 10 seconds. Time passed: 7 hours, 1 minutes, 59 seconds
[INFO 10:38:51] my_main Recent Stats | t_env:    1018291 | Episode:    11827
battle_won_mean:           0.4622	dead_allies_mean:         22.3027	dead_enemies_mean:        22.0153	div_coef:                54821.0119
div_loss:                 -0.0000	ep_length_mean:           76.3283	epsilon:                   0.0500	grad_norm:                 2.8410
loss:                     -0.8860	loss_td:                   0.2513	q_taken_mean:              0.3113	return_mean:              17.1486
return_std:                3.0156	target_mean:               0.3116	td_error_abs:              0.1975	test_battle_won_mean:      0.2875
test_dead_allies_mean:    22.0750	test_dead_enemies_mean:   19.8188	test_ep_length_mean:     113.4688	test_return_mean:         15.0746
test_return_std:           3.6093	
[INFO 10:43:55] my_main t_env: 1028296 / 2050000
[INFO 10:43:55] my_main Estimated time left: 9 hours, 16 minutes, 5 seconds. Time passed: 7 hours, 7 minutes, 25 seconds
[INFO 10:44:17] my_main Recent Stats | t_env:    1028296 | Episode:    11991
battle_won_mean:           0.5086	dead_allies_mean:         22.3172	dead_enemies_mean:        22.6931	div_coef:                52336.4713
div_loss:                 -0.0000	ep_length_mean:           64.4724	epsilon:                   0.0500	grad_norm:                 1.5676
loss:                     -0.8712	loss_td:                   0.2215	q_taken_mean:              0.2983	return_mean:              17.7270
return_std:                2.7145	target_mean:               0.3009	td_error_abs:              0.1630	test_battle_won_mean:      0.3563
test_dead_allies_mean:    22.2437	test_dead_enemies_mean:   21.3625	test_ep_length_mean:      98.2938	test_return_mean:         16.3187
test_return_std:           3.2065	
[INFO 10:44:39] my_main Updated target network
[INFO 10:48:59] my_main t_env: 1038298 / 2050000
[INFO 10:48:59] my_main Estimated time left: 8 hours, 31 minutes, 57 seconds. Time passed: 7 hours, 12 minutes, 29 seconds
[INFO 10:49:18] my_main Recent Stats | t_env:    1038298 | Episode:    12141
battle_won_mean:           0.5341	dead_allies_mean:         22.3549	dead_enemies_mean:        22.9902	div_coef:                50757.0804
div_loss:                 -0.0000	ep_length_mean:           58.2584	epsilon:                   0.0500	grad_norm:                 1.5303
loss:                     -0.8499	loss_td:                   0.1976	q_taken_mean:              0.2878	return_mean:              17.9847
return_std:                2.5568	target_mean:               0.2898	td_error_abs:              0.1613	test_battle_won_mean:      0.4188
test_dead_allies_mean:    22.3813	test_dead_enemies_mean:   22.3313	test_ep_length_mean:      84.5312	test_return_mean:         17.1539
test_return_std:           2.9842	
[INFO 10:51:09] my_main Updated target network
RequestQuit command received.
Closing Application...
DataHandler: unable to parse websocket frame.
CloseHandler: 127.0.0.1:37334 disconnected
[INFO 10:55:06] absl Shutdown gracefully.
[INFO 10:55:06] absl Shutdown with return code: -15
[INFO 10:55:06] absl Launching SC2: /labmount/users/202535331/MARL/pymarl-monotone-qmix/3rdparty/StarCraftII/Versions/Base75689/SC2_x64 -listen 127.0.0.1 -port 38335 -dataDir /labmount/users/202535331/MARL/pymarl-monotone-qmix/3rdparty/StarCraftII/ -tempDir /tmp/sc-4ugdjff9/
[INFO 10:55:06] absl Connecting to: ws://127.0.0.1:38335/sc2api, attempt: 0, running: True
Version: B75689 (SC2.4.10)
Build: Aug 12 2019 17:16:57
Command Line: '"/labmount/users/202535331/MARL/pymarl-monotone-qmix/3rdparty/StarCraftII/Versions/Base75689/SC2_x64" -listen 127.0.0.1 -port 38335 -dataDir /labmount/users/202535331/MARL/pymarl-monotone-qmix/3rdparty/StarCraftII/ -tempDir /tmp/sc-4ugdjff9/'
Starting up...
Startup Phase 1 complete
[INFO 10:55:07] absl Connecting to: ws://127.0.0.1:38335/sc2api, attempt: 1, running: True
Startup Phase 2 complete
Creating stub renderer...
Listening on: 127.0.0.1:38335
Startup Phase 3 complete. Ready for commands.
[INFO 10:55:08] absl Connecting to: ws://127.0.0.1:38335/sc2api, attempt: 2, running: True
ConnectHandler: Request from 127.0.0.1:42404 accepted
ReadyHandler: 127.0.0.1:42404 ready
Requesting to join a single player game
Configuring interface options
Configure: raw interface enabled
Configure: feature layer interface disabled
Configure: score interface disabled
Configure: render interface disabled
Launching next game.
Next launch phase started: 2
Next launch phase started: 3
Next launch phase started: 4
Next launch phase started: 5
Next launch phase started: 6
Next launch phase started: 7
Next launch phase started: 8
Game has started.
Using default stable ids, none found at: /labmount/users/202535331/MARL/pymarl-monotone-qmix/3rdparty/StarCraftII/stableid.json
Successfully loaded stable ids: GameData\stableid.json
Sending ResponseJoinGame
[INFO 10:55:16] my_main t_env: 1048475 / 2050000
[INFO 10:55:16] my_main Estimated time left: 10 hours, 18 minutes, 57 seconds. Time passed: 7 hours, 18 minutes, 46 seconds
[INFO 10:55:38] my_main Recent Stats | t_env:    1048475 | Episode:    12340
battle_won_mean:           0.5510	dead_allies_mean:         22.4024	dead_enemies_mean:        23.1481	div_coef:                49631.4037
div_loss:                 -0.0000	ep_length_mean:           54.5851	epsilon:                   0.0500	grad_norm:                 1.5249
loss:                     -0.8227	loss_td:                   0.2039	q_taken_mean:              0.2889	return_mean:              18.1298
return_std:                2.3667	target_mean:               0.2906	td_error_abs:              0.1549	test_battle_won_mean:      0.4500
test_dead_allies_mean:    22.2812	test_dead_enemies_mean:   22.2875	test_ep_length_mean:      82.9500	test_return_mean:         17.2371
test_return_std:           3.0996	
[INFO 10:57:29] my_main Updated target network
[INFO 11:02:10] my_main t_env: 1058480 / 2050000
[INFO 11:02:10] my_main Estimated time left: 11 hours, 24 minutes, 1 seconds. Time passed: 7 hours, 25 minutes, 41 seconds
[INFO 11:02:20] my_main Recent Stats | t_env:    1058480 | Episode:    12567
battle_won_mean:           0.5393	dead_allies_mean:         22.4904	dead_enemies_mean:        23.1177	div_coef:                48773.5170
div_loss:                 -0.0000	ep_length_mean:           54.5913	epsilon:                   0.0500	grad_norm:                 1.8369
loss:                     -0.8018	loss_td:                   0.2111	q_taken_mean:              0.2994	return_mean:              18.0705
return_std:                2.3929	target_mean:               0.2997	td_error_abs:              0.1618	test_battle_won_mean:      0.4625
test_dead_allies_mean:    22.4000	test_dead_enemies_mean:   22.3938	test_ep_length_mean:      76.0938	test_return_mean:         17.3363
test_return_std:           3.0310	
[INFO 11:03:18] my_main Updated target network
[INFO 11:08:56] my_main Updated target network
[INFO 11:10:43] my_main t_env: 1068480 / 2050000
[INFO 11:10:43] my_main Estimated time left: 13 hours, 58 minutes, 58 seconds. Time passed: 7 hours, 34 minutes, 13 seconds
[INFO 11:10:55] my_main Recent Stats | t_env:    1068480 | Episode:    12866
battle_won_mean:           0.5363	dead_allies_mean:         22.6019	dead_enemies_mean:        23.1393	div_coef:                47464.6259
div_loss:                 -0.0000	ep_length_mean:           51.2693	epsilon:                   0.0500	grad_norm:                 1.2914
loss:                     -0.7880	loss_td:                   0.1937	q_taken_mean:              0.2996	return_mean:              18.0779
return_std:                2.3685	target_mean:               0.2975	td_error_abs:              0.1361	test_battle_won_mean:      0.5062
test_dead_allies_mean:    22.5938	test_dead_enemies_mean:   22.7563	test_ep_length_mean:      65.7438	test_return_mean:         17.7346
test_return_std:           2.6655	
[INFO 11:14:42] my_main Updated target network
[INFO 11:19:21] my_main t_env: 1078502 / 2050000
[INFO 11:19:21] my_main Estimated time left: 13 hours, 57 minutes, 5 seconds. Time passed: 7 hours, 42 minutes, 52 seconds
[INFO 11:19:35] my_main Recent Stats | t_env:    1078502 | Episode:    13168
battle_won_mean:           0.5377	dead_allies_mean:         22.6434	dead_enemies_mean:        23.2756	div_coef:                46220.6757
div_loss:                 -0.0000	ep_length_mean:           45.7052	epsilon:                   0.0500	grad_norm:                 1.9458
loss:                     -0.7495	loss_td:                   0.1950	q_taken_mean:              0.3049	return_mean:              18.1651
return_std:                2.2311	target_mean:               0.3040	td_error_abs:              0.1609	test_battle_won_mean:      0.4813
test_dead_allies_mean:    22.7250	test_dead_enemies_mean:   22.8625	test_ep_length_mean:      57.3813	test_return_mean:         17.7353
test_return_std:           2.4981	
[INFO 11:20:29] my_main Updated target network
[INFO 11:26:03] my_main Updated target network
[INFO 11:28:28] my_main t_env: 1088504 / 2050000
[INFO 11:28:28] my_main Estimated time left: 14 hours, 35 minutes, 58 seconds. Time passed: 7 hours, 51 minutes, 58 seconds
[INFO 11:28:40] my_main Recent Stats | t_env:    1088504 | Episode:    13489
battle_won_mean:           0.5415	dead_allies_mean:         22.6870	dead_enemies_mean:        23.4254	div_coef:                44814.0556
div_loss:                 -0.0000	ep_length_mean:           38.6009	epsilon:                   0.0500	grad_norm:                 2.4280
loss:                     -0.6988	loss_td:                   0.2061	q_taken_mean:              0.3095	return_mean:              18.2673
return_std:                2.1155	target_mean:               0.3078	td_error_abs:              0.1689	test_battle_won_mean:      0.4750
test_dead_allies_mean:    22.8250	test_dead_enemies_mean:   23.0562	test_ep_length_mean:      48.9375	test_return_mean:         17.8325
test_return_std:           2.3276	
[INFO 11:31:45] my_main Updated target network
[INFO 11:37:16] my_main Updated target network
[INFO 11:37:43] my_main t_env: 1098570 / 2050000
[INFO 11:37:43] my_main Estimated time left: 14 hours, 33 minutes, 53 seconds. Time passed: 8 hours, 1 minutes, 13 seconds
[INFO 11:37:54] my_main Recent Stats | t_env:    1098570 | Episode:    13817
battle_won_mean:           0.5400	dead_allies_mean:         22.7565	dead_enemies_mean:        23.4270	div_coef:                43607.3069
div_loss:                 -0.0000	ep_length_mean:           34.5106	epsilon:                   0.0500	grad_norm:                 2.4267
loss:                     -0.6895	loss_td:                   0.1944	q_taken_mean:              0.3122	return_mean:              18.2431
return_std:                2.1530	target_mean:               0.3108	td_error_abs:              0.1734	test_battle_won_mean:      0.4688
test_dead_allies_mean:    22.9812	test_dead_enemies_mean:   23.3188	test_ep_length_mean:      35.5562	test_return_mean:         17.9573
test_return_std:           2.0832	
[INFO 11:43:00] my_main Updated target network
RequestQuit command received.
Closing Application...
DataHandler: unable to parse websocket frame.
CloseHandler: 127.0.0.1:42404 disconnected
[INFO 11:43:06] absl Shutdown gracefully.
[INFO 11:43:06] absl Shutdown with return code: -15
[INFO 11:43:06] absl Launching SC2: /labmount/users/202535331/MARL/pymarl-monotone-qmix/3rdparty/StarCraftII/Versions/Base75689/SC2_x64 -listen 127.0.0.1 -port 46175 -dataDir /labmount/users/202535331/MARL/pymarl-monotone-qmix/3rdparty/StarCraftII/ -tempDir /tmp/sc-ecp0z_ra/
[INFO 11:43:06] absl Connecting to: ws://127.0.0.1:46175/sc2api, attempt: 0, running: True
Version: B75689 (SC2.4.10)
Build: Aug 12 2019 17:16:57
Command Line: '"/labmount/users/202535331/MARL/pymarl-monotone-qmix/3rdparty/StarCraftII/Versions/Base75689/SC2_x64" -listen 127.0.0.1 -port 46175 -dataDir /labmount/users/202535331/MARL/pymarl-monotone-qmix/3rdparty/StarCraftII/ -tempDir /tmp/sc-ecp0z_ra/'
Starting up...
Startup Phase 1 complete
[INFO 11:43:07] absl Connecting to: ws://127.0.0.1:46175/sc2api, attempt: 1, running: True
Startup Phase 2 complete
Creating stub renderer...
Listening on: 127.0.0.1:46175
Startup Phase 3 complete. Ready for commands.
[INFO 11:43:08] absl Connecting to: ws://127.0.0.1:46175/sc2api, attempt: 2, running: True
ConnectHandler: Request from 127.0.0.1:59252 accepted
ReadyHandler: 127.0.0.1:59252 ready
Requesting to join a single player game
Configuring interface options
Configure: raw interface enabled
Configure: feature layer interface disabled
Configure: score interface disabled
Configure: render interface disabled
Launching next game.
Next launch phase started: 2
Next launch phase started: 3
Next launch phase started: 4
Next launch phase started: 5
Next launch phase started: 6
Next launch phase started: 7
Next launch phase started: 8
Game has started.
Using default stable ids, none found at: /labmount/users/202535331/MARL/pymarl-monotone-qmix/3rdparty/StarCraftII/stableid.json
Successfully loaded stable ids: GameData\stableid.json
Sending ResponseJoinGame
[INFO 11:46:23] my_main t_env: 1108578 / 2050000
[INFO 11:46:23] my_main Estimated time left: 13 hours, 35 minutes, 10 seconds. Time passed: 8 hours, 9 minutes, 53 seconds
[INFO 11:46:35] my_main Recent Stats | t_env:    1108578 | Episode:    14117
battle_won_mean:           0.5335	dead_allies_mean:         22.7635	dead_enemies_mean:        23.4045	div_coef:                42470.3711
div_loss:                 -0.0000	ep_length_mean:           32.3676	epsilon:                   0.0500	grad_norm:                 2.4429
loss:                     -0.6582	loss_td:                   0.1885	q_taken_mean:              0.3065	return_mean:              18.2025
return_std:                2.2178	target_mean:               0.3052	td_error_abs:              0.1732	test_battle_won_mean:      0.4625
test_dead_allies_mean:    23.0500	test_dead_enemies_mean:   23.2375	test_ep_length_mean:      36.8937	test_return_mean:         17.8819
test_return_std:           2.1959	
[INFO 11:48:54] my_main Updated target network
[INFO 11:54:31] my_main Updated target network
[INFO 11:54:54] my_main t_env: 1118580 / 2050000
[INFO 11:54:54] my_main Estimated time left: 13 hours, 13 minutes, 15 seconds. Time passed: 8 hours, 18 minutes, 24 seconds
[INFO 11:55:06] my_main Recent Stats | t_env:    1118580 | Episode:    14415
battle_won_mean:           0.5432	dead_allies_mean:         22.6466	dead_enemies_mean:        23.4531	div_coef:                40436.6234
div_loss:                 -0.0000	ep_length_mean:           32.3914	epsilon:                   0.0500	grad_norm:                 2.7009
loss:                     -0.6408	loss_td:                   0.1814	q_taken_mean:              0.2995	return_mean:              18.2664
return_std:                2.1623	target_mean:               0.3001	td_error_abs:              0.1893	test_battle_won_mean:      0.4250
test_dead_allies_mean:    22.9375	test_dead_enemies_mean:   23.1750	test_ep_length_mean:      36.1688	test_return_mean:         17.7112
test_return_std:           2.2739	
[INFO 12:00:19] my_main Updated target network
[INFO 12:03:54] my_main t_env: 1128602 / 2050000
[INFO 12:03:54] my_main Estimated time left: 13 hours, 47 minutes, 49 seconds. Time passed: 8 hours, 27 minutes, 24 seconds
[INFO 12:04:05] my_main Recent Stats | t_env:    1128602 | Episode:    14729
battle_won_mean:           0.5520	dead_allies_mean:         22.6108	dead_enemies_mean:        23.4395	div_coef:                37968.6734
div_loss:                 -0.0000	ep_length_mean:           32.1378	epsilon:                   0.0500	grad_norm:                 2.5832
loss:                     -0.6134	loss_td:                   0.1719	q_taken_mean:              0.3009	return_mean:              18.2887
return_std:                2.1886	target_mean:               0.2993	td_error_abs:              0.1763	test_battle_won_mean:      0.4938
test_dead_allies_mean:    22.8313	test_dead_enemies_mean:   23.3375	test_ep_length_mean:      31.8875	test_return_mean:         18.0239
test_return_std:           2.1965	
[INFO 12:06:05] my_main Updated target network
[INFO 12:11:40] my_main Updated target network
[INFO 12:13:29] my_main t_env: 1138616 / 2050000
[INFO 12:13:29] my_main Estimated time left: 14 hours, 31 minutes, 27 seconds. Time passed: 8 hours, 36 minutes, 59 seconds
[INFO 12:13:41] my_main Recent Stats | t_env:    1138616 | Episode:    15066
battle_won_mean:           0.5747	dead_allies_mean:         22.5049	dead_enemies_mean:        23.4540	div_coef:                35520.0734
div_loss:                 -0.0000	ep_length_mean:           31.8490	epsilon:                   0.0500	grad_norm:                 2.1332
loss:                     -0.6008	loss_td:                   0.1554	q_taken_mean:              0.3118	return_mean:              18.3721
return_std:                2.1753	target_mean:               0.3116	td_error_abs:              0.1785	test_battle_won_mean:      0.5375
test_dead_allies_mean:    22.7188	test_dead_enemies_mean:   23.4250	test_ep_length_mean:      31.9688	test_return_mean:         18.2264
test_return_std:           2.1303	
[INFO 12:17:28] my_main Updated target network
[INFO 12:22:58] my_main Updated target network
[INFO 12:23:10] my_main t_env: 1148639 / 2050000
[INFO 12:23:10] my_main Estimated time left: 14 hours, 31 minutes, 57 seconds. Time passed: 8 hours, 46 minutes, 41 seconds
[INFO 12:23:23] my_main Recent Stats | t_env:    1148639 | Episode:    15408
battle_won_mean:           0.5793	dead_allies_mean:         22.4618	dead_enemies_mean:        23.5229	div_coef:                32720.9374
div_loss:                 -0.0000	ep_length_mean:           31.5726	epsilon:                   0.0500	grad_norm:                 2.2378
loss:                     -0.5651	loss_td:                   0.1500	q_taken_mean:              0.3258	return_mean:              18.4383
return_std:                2.0864	target_mean:               0.3258	td_error_abs:              0.1896	test_battle_won_mean:      0.5813
test_dead_allies_mean:    22.6187	test_dead_enemies_mean:   23.5312	test_ep_length_mean:      32.6437	test_return_mean:         18.4546
test_return_std:           2.0064	
[INFO 12:28:44] my_main Updated target network
[INFO 12:32:59] my_main t_env: 1158651 / 2050000
[INFO 12:32:59] my_main Estimated time left: 14 hours, 33 minutes, 54 seconds. Time passed: 8 hours, 56 minutes, 30 seconds
[INFO 12:33:12] my_main Recent Stats | t_env:    1158651 | Episode:    15755
battle_won_mean:           0.5813	dead_allies_mean:         22.5209	dead_enemies_mean:        23.5816	div_coef:                30858.7384
div_loss:                 -0.0000	ep_length_mean:           30.6712	epsilon:                   0.0500	grad_norm:                 2.1119
loss:                     -0.5365	loss_td:                   0.1473	q_taken_mean:              0.3514	return_mean:              18.4911
return_std:                2.0042	target_mean:               0.3520	td_error_abs:              0.2015	test_battle_won_mean:      0.5750
test_dead_allies_mean:    22.5437	test_dead_enemies_mean:   23.6187	test_ep_length_mean:      32.7000	test_return_mean:         18.4973
test_return_std:           1.9173	
[INFO 12:34:26] my_main Updated target network
RequestQuit command received.
Closing Application...
DataHandler: unable to parse websocket frame.
CloseHandler: 127.0.0.1:59252 disconnected
[INFO 12:37:45] absl Shutdown gracefully.
[INFO 12:37:45] absl Shutdown with return code: -15
[INFO 12:37:45] absl Launching SC2: /labmount/users/202535331/MARL/pymarl-monotone-qmix/3rdparty/StarCraftII/Versions/Base75689/SC2_x64 -listen 127.0.0.1 -port 38715 -dataDir /labmount/users/202535331/MARL/pymarl-monotone-qmix/3rdparty/StarCraftII/ -tempDir /tmp/sc-msbdnj9l/
[INFO 12:37:45] absl Connecting to: ws://127.0.0.1:38715/sc2api, attempt: 0, running: True
Version: B75689 (SC2.4.10)
Build: Aug 12 2019 17:16:57
Command Line: '"/labmount/users/202535331/MARL/pymarl-monotone-qmix/3rdparty/StarCraftII/Versions/Base75689/SC2_x64" -listen 127.0.0.1 -port 38715 -dataDir /labmount/users/202535331/MARL/pymarl-monotone-qmix/3rdparty/StarCraftII/ -tempDir /tmp/sc-msbdnj9l/'
Starting up...
Startup Phase 1 complete
[INFO 12:37:46] absl Connecting to: ws://127.0.0.1:38715/sc2api, attempt: 1, running: True
Startup Phase 2 complete
Creating stub renderer...
Listening on: 127.0.0.1:38715
Startup Phase 3 complete. Ready for commands.
[INFO 12:37:47] absl Connecting to: ws://127.0.0.1:38715/sc2api, attempt: 2, running: True
ConnectHandler: Request from 127.0.0.1:39118 accepted
ReadyHandler: 127.0.0.1:39118 ready
Requesting to join a single player game
Configuring interface options
Configure: raw interface enabled
Configure: feature layer interface disabled
Configure: score interface disabled
Configure: render interface disabled
Launching next game.
Next launch phase started: 2
Next launch phase started: 3
Next launch phase started: 4
Next launch phase started: 5
Next launch phase started: 6
Next launch phase started: 7
Next launch phase started: 8
Game has started.
Using default stable ids, none found at: /labmount/users/202535331/MARL/pymarl-monotone-qmix/3rdparty/StarCraftII/stableid.json
Successfully loaded stable ids: GameData\stableid.json
Sending ResponseJoinGame
[INFO 12:39:58] my_main Updated target network
[INFO 12:43:08] my_main t_env: 1168677 / 2050000
[INFO 12:43:08] my_main Estimated time left: 14 hours, 51 minutes, 55 seconds. Time passed: 9 hours, 6 minutes, 38 seconds
[INFO 12:43:19] my_main Recent Stats | t_env:    1168677 | Episode:    16120
battle_won_mean:           0.5980	dead_allies_mean:         22.4825	dead_enemies_mean:        23.5879	div_coef:                29991.3543
div_loss:                 -0.0000	ep_length_mean:           29.4522	epsilon:                   0.0500	grad_norm:                 1.8646
loss:                     -0.5266	loss_td:                   0.1423	q_taken_mean:              0.3814	return_mean:              18.5532
return_std:                2.0005	target_mean:               0.3814	td_error_abs:              0.2029	test_battle_won_mean:      0.6188
test_dead_allies_mean:    22.5250	test_dead_enemies_mean:   23.6812	test_ep_length_mean:      31.5437	test_return_mean:         18.6822
test_return_std:           1.8483	
[INFO 12:45:28] my_main Updated target network
[INFO 12:50:36] my_main Updated target network
[INFO 12:52:51] my_main t_env: 1178867 / 2050000
[INFO 12:52:51] my_main Estimated time left: 13 hours, 50 minutes, 54 seconds. Time passed: 9 hours, 16 minutes, 22 seconds
[INFO 12:53:03] my_main Recent Stats | t_env:    1178867 | Episode:    16490
battle_won_mean:           0.6206	dead_allies_mean:         22.3355	dead_enemies_mean:        23.6395	div_coef:                30186.0478
div_loss:                 -0.0000	ep_length_mean:           28.5768	epsilon:                   0.0500	grad_norm:                 1.4753
loss:                     -0.5374	loss_td:                   0.1416	q_taken_mean:              0.4112	return_mean:              18.6590
return_std:                1.9350	target_mean:               0.4120	td_error_abs:              0.2179	test_battle_won_mean:      0.6062
test_dead_allies_mean:    22.3375	test_dead_enemies_mean:   23.5375	test_ep_length_mean:      31.9750	test_return_mean:         18.5540
test_return_std:           2.0194	
[INFO 12:55:57] my_main Updated target network
[INFO 12:59:48] my_main t_env: 1188875 / 2050000
[INFO 12:59:48] my_main Estimated time left: 9 hours, 58 minutes, 0 seconds. Time passed: 9 hours, 23 minutes, 19 seconds
[INFO 13:00:03] my_main Recent Stats | t_env:    1188875 | Episode:    16743
battle_won_mean:           0.6363	dead_allies_mean:         22.1056	dead_enemies_mean:        23.6329	div_coef:                30359.0833
div_loss:                 -0.0000	ep_length_mean:           30.5453	epsilon:                   0.0500	grad_norm:                 1.5295
loss:                     -0.5464	loss_td:                   0.1383	q_taken_mean:              0.4233	return_mean:              18.7061
return_std:                1.9369	target_mean:               0.4237	td_error_abs:              0.2260	test_battle_won_mean:      0.6312
test_dead_allies_mean:    21.9000	test_dead_enemies_mean:   23.4750	test_ep_length_mean:      34.1437	test_return_mean:         18.5935
test_return_std:           2.0809	
[INFO 13:01:30] my_main Updated target network
[INFO 13:06:37] my_main t_env: 1198963 / 2050000
[INFO 13:06:37] my_main Estimated time left: 9 hours, 34 minutes, 35 seconds. Time passed: 9 hours, 30 minutes, 7 seconds
[INFO 13:06:51] my_main Recent Stats | t_env:    1198963 | Episode:    16999
battle_won_mean:           0.6731	dead_allies_mean:         21.4261	dead_enemies_mean:        23.6193	div_coef:                31424.9738
div_loss:                 -0.0000	ep_length_mean:           32.5651	epsilon:                   0.0500	grad_norm:                 1.7556
loss:                     -0.5692	loss_td:                   0.1357	q_taken_mean:              0.4095	return_mean:              18.8158
return_std:                1.9158	target_mean:               0.4101	td_error_abs:              0.2262	test_battle_won_mean:      0.6438
test_dead_allies_mean:    21.1187	test_dead_enemies_mean:   23.4563	test_ep_length_mean:      37.1750	test_return_mean:         18.6102
test_return_std:           2.1191	
[INFO 13:06:55] my_main Updated target network
[INFO 13:11:53] my_main Updated target network
[INFO 13:13:48] my_main t_env: 1208965 / 2050000
[INFO 13:13:48] my_main Estimated time left: 10 hours, 4 minutes, 45 seconds. Time passed: 9 hours, 37 minutes, 19 seconds
[INFO 13:13:58] my_main Recent Stats | t_env:    1208965 | Episode:    17282
battle_won_mean:           0.6998	dead_allies_mean:         20.9887	dead_enemies_mean:        23.6141	div_coef:                32640.5164
div_loss:                 -0.0000	ep_length_mean:           33.8631	epsilon:                   0.0500	grad_norm:                 1.8214
loss:                     -0.5836	loss_td:                   0.1388	q_taken_mean:              0.4092	return_mean:              18.8931
return_std:                1.9048	target_mean:               0.4110	td_error_abs:              0.2342	test_battle_won_mean:      0.7000
test_dead_allies_mean:    20.5875	test_dead_enemies_mean:   23.4750	test_ep_length_mean:      35.4937	test_return_mean:         18.7897
test_return_std:           2.0521	
[INFO 13:16:49] my_main Updated target network
[INFO 13:20:19] my_main t_env: 1219111 / 2050000
[INFO 13:20:19] my_main Estimated time left: 8 hours, 53 minutes, 2 seconds. Time passed: 9 hours, 43 minutes, 49 seconds
[INFO 13:20:35] my_main Recent Stats | t_env:    1219111 | Episode:    17548
battle_won_mean:           0.7127	dead_allies_mean:         20.5275	dead_enemies_mean:        23.5800	div_coef:                34304.3015
div_loss:                 -0.0000	ep_length_mean:           35.9979	epsilon:                   0.0500	grad_norm:                 1.4928
loss:                     -0.6058	loss_td:                   0.1369	q_taken_mean:              0.4053	return_mean:              18.9040
return_std:                1.9341	target_mean:               0.4062	td_error_abs:              0.2319	test_battle_won_mean:      0.6937
test_dead_allies_mean:    19.9875	test_dead_enemies_mean:   23.3125	test_ep_length_mean:      42.0438	test_return_mean:         18.6691
test_return_std:           2.1952	
[INFO 13:21:46] my_main Updated target network
RequestQuit command received.
Closing Application...
DataHandler: unable to parse websocket frame.
CloseHandler: 127.0.0.1:39118 disconnected
[INFO 13:21:52] absl Shutdown gracefully.
[INFO 13:21:52] absl Shutdown with return code: -15
[INFO 13:21:52] absl Launching SC2: /labmount/users/202535331/MARL/pymarl-monotone-qmix/3rdparty/StarCraftII/Versions/Base75689/SC2_x64 -listen 127.0.0.1 -port 38827 -dataDir /labmount/users/202535331/MARL/pymarl-monotone-qmix/3rdparty/StarCraftII/ -tempDir /tmp/sc-avg_42jy/
[INFO 13:21:52] absl Connecting to: ws://127.0.0.1:38827/sc2api, attempt: 0, running: True
Version: B75689 (SC2.4.10)
Build: Aug 12 2019 17:16:57
Command Line: '"/labmount/users/202535331/MARL/pymarl-monotone-qmix/3rdparty/StarCraftII/Versions/Base75689/SC2_x64" -listen 127.0.0.1 -port 38827 -dataDir /labmount/users/202535331/MARL/pymarl-monotone-qmix/3rdparty/StarCraftII/ -tempDir /tmp/sc-avg_42jy/'
Starting up...
Startup Phase 1 complete
[INFO 13:21:53] absl Connecting to: ws://127.0.0.1:38827/sc2api, attempt: 1, running: True
Startup Phase 2 complete
Creating stub renderer...
Listening on: 127.0.0.1:38827
Startup Phase 3 complete. Ready for commands.
[INFO 13:21:54] absl Connecting to: ws://127.0.0.1:38827/sc2api, attempt: 2, running: True
ConnectHandler: Request from 127.0.0.1:51622 accepted
ReadyHandler: 127.0.0.1:51622 ready
Requesting to join a single player game
Configuring interface options
Configure: raw interface enabled
Configure: feature layer interface disabled
Configure: score interface disabled
Configure: render interface disabled
Launching next game.
Next launch phase started: 2
Next launch phase started: 3
Next launch phase started: 4
Next launch phase started: 5
Next launch phase started: 6
Next launch phase started: 7
Next launch phase started: 8
Game has started.
Using default stable ids, none found at: /labmount/users/202535331/MARL/pymarl-monotone-qmix/3rdparty/StarCraftII/stableid.json
Successfully loaded stable ids: GameData\stableid.json
Sending ResponseJoinGame
[INFO 13:26:53] my_main Updated target network
[INFO 13:27:12] my_main t_env: 1229113 / 2050000
[INFO 13:27:12] my_main Estimated time left: 9 hours, 24 minutes, 37 seconds. Time passed: 9 hours, 50 minutes, 42 seconds
[INFO 13:27:25] my_main Recent Stats | t_env:    1229113 | Episode:    17813
battle_won_mean:           0.7364	dead_allies_mean:         19.5582	dead_enemies_mean:        23.4879	div_coef:                34982.4474
div_loss:                 -0.0000	ep_length_mean:           38.0385	epsilon:                   0.0500	grad_norm:                 1.9563
loss:                     -0.6204	loss_td:                   0.1320	q_taken_mean:              0.3798	return_mean:              18.9245
return_std:                2.0033	target_mean:               0.3799	td_error_abs:              0.2321	test_battle_won_mean:      0.7375
test_dead_allies_mean:    18.3938	test_dead_enemies_mean:   23.4500	test_ep_length_mean:      43.7313	test_return_mean:         18.8812
test_return_std:           1.9803	
[INFO 13:32:21] my_main Updated target network
[INFO 13:33:00] my_main t_env: 1239127 / 2050000
[INFO 13:33:00] my_main Estimated time left: 7 hours, 49 minutes, 28 seconds. Time passed: 9 hours, 56 minutes, 30 seconds
[INFO 13:33:13] my_main Recent Stats | t_env:    1239127 | Episode:    18025
battle_won_mean:           0.7572	dead_allies_mean:         18.5293	dead_enemies_mean:        23.4528	div_coef:                35707.9583
div_loss:                 -0.0000	ep_length_mean:           39.5742	epsilon:                   0.0500	grad_norm:                 2.0907
loss:                     -0.5913	loss_td:                   0.1722	q_taken_mean:              0.3621	return_mean:              18.9630
return_std:                2.0066	target_mean:               0.3630	td_error_abs:              0.2367	test_battle_won_mean:      0.7750
test_dead_allies_mean:    17.2812	test_dead_enemies_mean:   23.4563	test_ep_length_mean:      42.1063	test_return_mean:         19.0080
test_return_std:           1.9368	
[INFO 13:37:49] my_main Updated target network
[INFO 13:39:15] my_main t_env: 1249143 / 2050000
[INFO 13:39:15] my_main Estimated time left: 8 hours, 20 minutes, 9 seconds. Time passed: 10 hours, 2 minutes, 45 seconds
[INFO 13:39:29] my_main Recent Stats | t_env:    1249143 | Episode:    18260
battle_won_mean:           0.7625	dead_allies_mean:         17.8414	dead_enemies_mean:        23.4097	div_coef:                36104.7508
div_loss:                 -0.0000	ep_length_mean:           40.2172	epsilon:                   0.0500	grad_norm:                 2.4415
loss:                     -0.5902	loss_td:                   0.1777	q_taken_mean:              0.3689	return_mean:              18.9420
return_std:                2.0751	target_mean:               0.3680	td_error_abs:              0.2513	test_battle_won_mean:      0.7875
test_dead_allies_mean:    16.6438	test_dead_enemies_mean:   23.4563	test_ep_length_mean:      41.1250	test_return_mean:         19.0430
test_return_std:           1.9056	
[INFO 13:42:58] my_main Updated target network
[INFO 13:47:47] my_main Updated target network
[INFO 13:48:15] my_main t_env: 1259281 / 2050000
[INFO 13:48:15] my_main Estimated time left: 11 hours, 41 minutes, 29 seconds. Time passed: 10 hours, 11 minutes, 45 seconds
[INFO 13:48:24] my_main Recent Stats | t_env:    1259281 | Episode:    18622
battle_won_mean:           0.7929	dead_allies_mean:         17.0372	dead_enemies_mean:        23.4256	div_coef:                34784.2084
div_loss:                 -0.0000	ep_length_mean:           38.7498	epsilon:                   0.0500	grad_norm:                 2.2181
loss:                     -0.5914	loss_td:                   0.1678	q_taken_mean:              0.3535	return_mean:              19.0430
return_std:                2.0267	target_mean:               0.3512	td_error_abs:              0.2416	test_battle_won_mean:      0.8125
test_dead_allies_mean:    15.8250	test_dead_enemies_mean:   23.4875	test_ep_length_mean:      40.8375	test_return_mean:         19.1341
test_return_std:           1.8190	
[INFO 13:52:40] my_main Updated target network
[INFO 13:57:24] my_main Updated target network
[INFO 13:57:37] my_main t_env: 1269283 / 2050000
[INFO 13:57:37] my_main Estimated time left: 12 hours, 11 minutes, 28 seconds. Time passed: 10 hours, 21 minutes, 7 seconds
[INFO 13:57:47] my_main Recent Stats | t_env:    1269283 | Episode:    19011
battle_won_mean:           0.8166	dead_allies_mean:         16.6249	dead_enemies_mean:        23.4756	div_coef:                32808.1241
div_loss:                 -0.0000	ep_length_mean:           36.2636	epsilon:                   0.0500	grad_norm:                 2.5686
loss:                     -0.5534	loss_td:                   0.1787	q_taken_mean:              0.3656	return_mean:              19.1476
return_std:                1.9390	target_mean:               0.3640	td_error_abs:              0.2547	test_battle_won_mean:      0.8938
test_dead_allies_mean:    15.0563	test_dead_enemies_mean:   23.7000	test_ep_length_mean:      33.4688	test_return_mean:         19.5139
test_return_std:           1.3283	
[INFO 14:02:00] my_main Updated target network
[INFO 14:05:58] my_main t_env: 1279300 / 2050000
[INFO 14:05:58] my_main Estimated time left: 10 hours, 41 minutes, 55 seconds. Time passed: 10 hours, 29 minutes, 28 seconds
[INFO 14:06:08] my_main Recent Stats | t_env:    1279300 | Episode:    19385
battle_won_mean:           0.8311	dead_allies_mean:         16.7919	dead_enemies_mean:        23.5999	div_coef:                31164.6629
div_loss:                 -0.0000	ep_length_mean:           34.0716	epsilon:                   0.0500	grad_norm:                 2.0438
loss:                     -0.5304	loss_td:                   0.1752	q_taken_mean:              0.3817	return_mean:              19.2633
return_std:                1.7645	target_mean:               0.3814	td_error_abs:              0.2474	test_battle_won_mean:      0.8875
test_dead_allies_mean:    15.7188	test_dead_enemies_mean:   23.7125	test_ep_length_mean:      31.2500	test_return_mean:         19.5121
test_return_std:           1.3264	
RequestQuit command received.
DataHandler: unable to parse websocket frame.
Closing Application...
CloseHandler: 127.0.0.1:51622 disconnected
[INFO 14:06:20] absl Shutdown gracefully.
[INFO 14:06:20] absl Shutdown with return code: -15
[INFO 14:06:20] absl Launching SC2: /labmount/users/202535331/MARL/pymarl-monotone-qmix/3rdparty/StarCraftII/Versions/Base75689/SC2_x64 -listen 127.0.0.1 -port 33869 -dataDir /labmount/users/202535331/MARL/pymarl-monotone-qmix/3rdparty/StarCraftII/ -tempDir /tmp/sc-f101uwym/
[INFO 14:06:21] absl Connecting to: ws://127.0.0.1:33869/sc2api, attempt: 0, running: True
Version: B75689 (SC2.4.10)
Build: Aug 12 2019 17:16:57
Command Line: '"/labmount/users/202535331/MARL/pymarl-monotone-qmix/3rdparty/StarCraftII/Versions/Base75689/SC2_x64" -listen 127.0.0.1 -port 33869 -dataDir /labmount/users/202535331/MARL/pymarl-monotone-qmix/3rdparty/StarCraftII/ -tempDir /tmp/sc-f101uwym/'
Starting up...
Startup Phase 1 complete
[INFO 14:06:22] absl Connecting to: ws://127.0.0.1:33869/sc2api, attempt: 1, running: True
Startup Phase 2 complete
Creating stub renderer...
Listening on: 127.0.0.1:33869
Startup Phase 3 complete. Ready for commands.
[INFO 14:06:23] absl Connecting to: ws://127.0.0.1:33869/sc2api, attempt: 2, running: True
ConnectHandler: Request from 127.0.0.1:37678 accepted
ReadyHandler: 127.0.0.1:37678 ready
Requesting to join a single player game
Configuring interface options
Configure: raw interface enabled
Configure: feature layer interface disabled
Configure: score interface disabled
Configure: render interface disabled
Launching next game.
Next launch phase started: 2
Next launch phase started: 3
Next launch phase started: 4
Next launch phase started: 5
Next launch phase started: 6
Next launch phase started: 7
Next launch phase started: 8
Game has started.
Using default stable ids, none found at: /labmount/users/202535331/MARL/pymarl-monotone-qmix/3rdparty/StarCraftII/stableid.json
Successfully loaded stable ids: GameData\stableid.json
Sending ResponseJoinGame
[INFO 14:06:36] my_main Updated target network
[INFO 14:11:00] my_main Updated target network
[INFO 14:14:41] my_main t_env: 1289310 / 2050000
[INFO 14:14:41] my_main Estimated time left: 11 hours, 3 minutes, 14 seconds. Time passed: 10 hours, 38 minutes, 11 seconds
[INFO 14:14:51] my_main Recent Stats | t_env:    1289310 | Episode:    19770
battle_won_mean:           0.8434	dead_allies_mean:         16.9473	dead_enemies_mean:        23.6585	div_coef:                29118.8094
div_loss:                 -0.0000	ep_length_mean:           29.8245	epsilon:                   0.0500	grad_norm:                 1.7589
loss:                     -0.5457	loss_td:                   0.1317	q_taken_mean:              0.4038	return_mean:              19.3426
return_std:                1.6843	target_mean:               0.4026	td_error_abs:              0.2377	test_battle_won_mean:      0.8750
test_dead_allies_mean:    15.7125	test_dead_enemies_mean:   23.8125	test_ep_length_mean:      27.9375	test_return_mean:         19.5280
test_return_std:           1.1877	
[INFO 14:15:30] my_main Updated target network
[INFO 14:19:49] my_main Updated target network
[INFO 14:23:15] my_main t_env: 1299323 / 2050000
[INFO 14:23:15] my_main Estimated time left: 10 hours, 41 minutes, 36 seconds. Time passed: 10 hours, 46 minutes, 45 seconds
[INFO 14:23:25] my_main Recent Stats | t_env:    1299323 | Episode:    20155
battle_won_mean:           0.8592	dead_allies_mean:         16.8670	dead_enemies_mean:        23.7493	div_coef:                26287.7447
div_loss:                 -0.0000	ep_length_mean:           26.5018	epsilon:                   0.0500	grad_norm:                 1.5467
loss:                     -0.4998	loss_td:                   0.1247	q_taken_mean:              0.4045	return_mean:              19.4529
return_std:                1.5193	target_mean:               0.4036	td_error_abs:              0.2277	test_battle_won_mean:      0.8688
test_dead_allies_mean:    15.3688	test_dead_enemies_mean:   23.7812	test_ep_length_mean:      24.8687	test_return_mean:         19.4869
test_return_std:           1.2503	
[INFO 14:24:27] my_main Updated target network
[INFO 14:29:02] my_main Updated target network
[INFO 14:31:33] my_main t_env: 1309339 / 2050000
[INFO 14:31:33] my_main Estimated time left: 10 hours, 14 minutes, 8 seconds. Time passed: 10 hours, 55 minutes, 3 seconds
[INFO 14:31:45] my_main Recent Stats | t_env:    1309339 | Episode:    20515
battle_won_mean:           0.8574	dead_allies_mean:         16.5408	dead_enemies_mean:        23.7489	div_coef:                24854.6046
div_loss:                 -0.0000	ep_length_mean:           26.4651	epsilon:                   0.0500	grad_norm:                 1.6193
loss:                     -0.4749	loss_td:                   0.1177	q_taken_mean:              0.4058	return_mean:              19.4463
return_std:                1.5312	target_mean:               0.4060	td_error_abs:              0.2215	test_battle_won_mean:      0.8125
test_dead_allies_mean:    16.1000	test_dead_enemies_mean:   23.7312	test_ep_length_mean:      26.6125	test_return_mean:         19.2862
test_return_std:           1.3744	
[INFO 14:33:38] my_main Updated target network
[INFO 14:38:02] my_main Updated target network
[INFO 14:39:39] my_main t_env: 1319352 / 2050000
[INFO 14:39:39] my_main Estimated time left: 9 hours, 51 minutes, 9 seconds. Time passed: 11 hours, 3 minutes, 9 seconds
[INFO 14:39:49] my_main Recent Stats | t_env:    1319352 | Episode:    20876
battle_won_mean:           0.8626	dead_allies_mean:         15.8981	dead_enemies_mean:        23.7776	div_coef:                23178.2965
div_loss:                 -0.0000	ep_length_mean:           26.8701	epsilon:                   0.0500	grad_norm:                 3.1951
loss:                     -0.4253	loss_td:                   0.1294	q_taken_mean:              0.3946	return_mean:              19.4801
return_std:                1.4753	target_mean:               0.3912	td_error_abs:              0.2431	test_battle_won_mean:      0.7937
test_dead_allies_mean:    15.1000	test_dead_enemies_mean:   23.6375	test_ep_length_mean:      26.9750	test_return_mean:         19.1665
test_return_std:           1.7533	
[INFO 14:42:30] my_main Updated target network
[INFO 14:46:54] my_main Updated target network
[INFO 14:47:31] my_main t_env: 1329356 / 2050000
[INFO 14:47:31] my_main Estimated time left: 9 hours, 26 minutes, 33 seconds. Time passed: 11 hours, 11 minutes, 1 seconds
[INFO 14:47:46] my_main Recent Stats | t_env:    1329356 | Episode:    21227
battle_won_mean:           0.8625	dead_allies_mean:         15.1707	dead_enemies_mean:        23.7537	div_coef:                21696.9146
div_loss:                 -0.0000	ep_length_mean:           27.2137	epsilon:                   0.0500	grad_norm:                 4.0870
loss:                     -0.3901	loss_td:                   0.1320	q_taken_mean:              0.3786	return_mean:              19.4646
return_std:                1.5263	target_mean:               0.3735	td_error_abs:              0.2497	test_battle_won_mean:      0.8000
test_dead_allies_mean:    14.3625	test_dead_enemies_mean:   23.6438	test_ep_length_mean:      30.7250	test_return_mean:         19.1934
test_return_std:           1.7057	
[INFO 14:51:44] my_main Updated target network
[INFO 14:55:52] my_main t_env: 1339357 / 2050000
[INFO 14:55:52] my_main Estimated time left: 9 hours, 53 minutes, 38 seconds. Time passed: 11 hours, 19 minutes, 22 seconds
RequestQuit command received.
DataHandler: unable to parse websocket frame.
CloseHandler: 127.0.0.1:37678 disconnected
Closing Application...
[INFO 14:55:55] absl Shutdown gracefully.
[INFO 14:55:55] absl Shutdown with return code: -15
[INFO 14:55:55] absl Launching SC2: /labmount/users/202535331/MARL/pymarl-monotone-qmix/3rdparty/StarCraftII/Versions/Base75689/SC2_x64 -listen 127.0.0.1 -port 34449 -dataDir /labmount/users/202535331/MARL/pymarl-monotone-qmix/3rdparty/StarCraftII/ -tempDir /tmp/sc-8xvb4c46/
[INFO 14:55:56] absl Connecting to: ws://127.0.0.1:34449/sc2api, attempt: 0, running: True
Version: B75689 (SC2.4.10)
Build: Aug 12 2019 17:16:57
Command Line: '"/labmount/users/202535331/MARL/pymarl-monotone-qmix/3rdparty/StarCraftII/Versions/Base75689/SC2_x64" -listen 127.0.0.1 -port 34449 -dataDir /labmount/users/202535331/MARL/pymarl-monotone-qmix/3rdparty/StarCraftII/ -tempDir /tmp/sc-8xvb4c46/'
Starting up...
Startup Phase 1 complete
[INFO 14:55:57] absl Connecting to: ws://127.0.0.1:34449/sc2api, attempt: 1, running: True
Startup Phase 2 complete
Creating stub renderer...
Listening on: 127.0.0.1:34449
Startup Phase 3 complete. Ready for commands.
[INFO 14:55:58] absl Connecting to: ws://127.0.0.1:34449/sc2api, attempt: 2, running: True
ConnectHandler: Request from 127.0.0.1:33292 accepted
ReadyHandler: 127.0.0.1:33292 ready
Requesting to join a single player game
Configuring interface options
Configure: raw interface enabled
Configure: feature layer interface disabled
Configure: score interface disabled
Configure: render interface disabled
Launching next game.
Next launch phase started: 2
Next launch phase started: 3
Next launch phase started: 4
Next launch phase started: 5
Next launch phase started: 6
Next launch phase started: 7
Next launch phase started: 8
Game has started.
Using default stable ids, none found at: /labmount/users/202535331/MARL/pymarl-monotone-qmix/3rdparty/StarCraftII/stableid.json
Successfully loaded stable ids: GameData\stableid.json
Sending ResponseJoinGame
[INFO 14:56:10] my_main Recent Stats | t_env:    1339357 | Episode:    21590
battle_won_mean:           0.8761	dead_allies_mean:         14.2994	dead_enemies_mean:        23.7864	div_coef:                20735.2127
div_loss:                 -0.0000	ep_length_mean:           27.5238	epsilon:                   0.0500	grad_norm:                 4.3159
loss:                     -0.3718	loss_td:                   0.1237	q_taken_mean:              0.3495	return_mean:              19.5223
return_std:                1.4408	target_mean:               0.3438	td_error_abs:              0.2463	test_battle_won_mean:      0.8250
test_dead_allies_mean:    13.3625	test_dead_enemies_mean:   23.4875	test_ep_length_mean:      31.7688	test_return_mean:         19.2591
test_return_std:           1.6655	
[INFO 14:56:26] my_main Updated target network
[INFO 15:00:59] my_main Updated target network
[INFO 15:04:09] my_main t_env: 1349362 / 2050000
[INFO 15:04:09] my_main Estimated time left: 9 hours, 39 minutes, 39 seconds. Time passed: 11 hours, 27 minutes, 39 seconds
[INFO 15:04:22] my_main Recent Stats | t_env:    1349362 | Episode:    21947
battle_won_mean:           0.8883	dead_allies_mean:         13.8186	dead_enemies_mean:        23.7917	div_coef:                20258.7212
div_loss:                 -0.0000	ep_length_mean:           27.9273	epsilon:                   0.0500	grad_norm:                 4.8817
loss:                     -0.3566	loss_td:                   0.1241	q_taken_mean:              0.3537	return_mean:              19.5630
return_std:                1.3813	target_mean:               0.3476	td_error_abs:              0.2517	test_battle_won_mean:      0.8500
test_dead_allies_mean:    12.9750	test_dead_enemies_mean:   23.5063	test_ep_length_mean:      32.4500	test_return_mean:         19.3490
test_return_std:           1.6292	
[INFO 15:05:30] my_main Updated target network
[INFO 15:09:52] my_main Updated target network
[INFO 15:11:30] my_main t_env: 1359374 / 2050000
[INFO 15:11:30] my_main Estimated time left: 8 hours, 26 minutes, 44 seconds. Time passed: 11 hours, 35 minutes, 0 seconds
[INFO 15:11:42] my_main Recent Stats | t_env:    1359374 | Episode:    22275
battle_won_mean:           0.9007	dead_allies_mean:         13.3613	dead_enemies_mean:        23.8192	div_coef:                19618.9866
div_loss:                 -0.0000	ep_length_mean:           28.4678	epsilon:                   0.0500	grad_norm:                 6.1576
loss:                     -0.3233	loss_td:                   0.1379	q_taken_mean:              0.3555	return_mean:              19.6210
return_std:                1.2966	target_mean:               0.3511	td_error_abs:              0.2759	test_battle_won_mean:      0.8938
test_dead_allies_mean:    11.1125	test_dead_enemies_mean:   23.5188	test_ep_length_mean:      32.1875	test_return_mean:         19.4958
test_return_std:           1.5642	
[INFO 15:14:20] my_main Updated target network
[INFO 15:18:32] my_main Updated target network
[INFO 15:19:42] my_main t_env: 1369385 / 2050000
[INFO 15:19:42] my_main Estimated time left: 9 hours, 18 minutes, 28 seconds. Time passed: 11 hours, 43 minutes, 13 seconds
[INFO 15:19:55] my_main Recent Stats | t_env:    1369385 | Episode:    22661
battle_won_mean:           0.9143	dead_allies_mean:         12.8104	dead_enemies_mean:        23.8283	div_coef:                19164.8760
div_loss:                 -0.0000	ep_length_mean:           28.1074	epsilon:                   0.0500	grad_norm:                 4.3559
loss:                     -0.3429	loss_td:                   0.1029	q_taken_mean:              0.3728	return_mean:              19.6677
return_std:                1.2445	target_mean:               0.3711	td_error_abs:              0.2308	test_battle_won_mean:      0.9000
test_dead_allies_mean:    11.5750	test_dead_enemies_mean:   23.6062	test_ep_length_mean:      33.6812	test_return_mean:         19.5733
test_return_std:           1.3355	
[INFO 15:22:39] my_main Updated target network
[INFO 15:26:20] my_main Updated target network
[INFO 15:27:13] my_main t_env: 1379390 / 2050000
[INFO 15:27:13] my_main Estimated time left: 8 hours, 22 minutes, 49 seconds. Time passed: 11 hours, 50 minutes, 43 seconds
[INFO 15:27:27] my_main Recent Stats | t_env:    1379390 | Episode:    23049
battle_won_mean:           0.9216	dead_allies_mean:         12.8116	dead_enemies_mean:        23.8371	div_coef:                18679.6276
div_loss:                 -0.0000	ep_length_mean:           27.5644	epsilon:                   0.0500	grad_norm:                 3.5898
loss:                     -0.3392	loss_td:                   0.0896	q_taken_mean:              0.3945	return_mean:              19.6945
return_std:                1.2101	target_mean:               0.3939	td_error_abs:              0.2142	test_battle_won_mean:      0.8812
test_dead_allies_mean:    11.6625	test_dead_enemies_mean:   23.4438	test_ep_length_mean:      33.0500	test_return_mean:         19.4145
test_return_std:           1.5742	
[INFO 15:30:10] my_main Updated target network
[INFO 15:33:19] my_main Updated target network
[INFO 15:33:55] my_main t_env: 1389392 / 2050000
[INFO 15:33:55] my_main Estimated time left: 7 hours, 22 minutes, 56 seconds. Time passed: 11 hours, 57 minutes, 25 seconds
[INFO 15:34:07] my_main Recent Stats | t_env:    1389392 | Episode:    23440
battle_won_mean:           0.9213	dead_allies_mean:         12.7545	dead_enemies_mean:        23.8324	div_coef:                18210.7468
div_loss:                 -0.0000	ep_length_mean:           27.1703	epsilon:                   0.0500	grad_norm:                 3.6167
loss:                     -0.3286	loss_td:                   0.0853	q_taken_mean:              0.4157	return_mean:              19.6889
return_std:                1.2262	target_mean:               0.4165	td_error_abs:              0.2077	test_battle_won_mean:      0.8875
test_dead_allies_mean:    11.6937	test_dead_enemies_mean:   23.5938	test_ep_length_mean:      33.7313	test_return_mean:         19.4360
test_return_std:           1.5452	
[INFO 15:36:43] my_main Updated target network
RequestQuit command received.
Closing Application...
DataHandler: unable to parse websocket frame.
CloseHandler: 127.0.0.1:33292 disconnected
[INFO 15:40:07] absl Shutdown gracefully.
[INFO 15:40:07] absl Shutdown with return code: -15
[INFO 15:40:07] absl Launching SC2: /labmount/users/202535331/MARL/pymarl-monotone-qmix/3rdparty/StarCraftII/Versions/Base75689/SC2_x64 -listen 127.0.0.1 -port 44953 -dataDir /labmount/users/202535331/MARL/pymarl-monotone-qmix/3rdparty/StarCraftII/ -tempDir /tmp/sc-gore1xxk/
[INFO 15:40:08] absl Connecting to: ws://127.0.0.1:44953/sc2api, attempt: 0, running: True
Version: B75689 (SC2.4.10)
Build: Aug 12 2019 17:16:57
Command Line: '"/labmount/users/202535331/MARL/pymarl-monotone-qmix/3rdparty/StarCraftII/Versions/Base75689/SC2_x64" -listen 127.0.0.1 -port 44953 -dataDir /labmount/users/202535331/MARL/pymarl-monotone-qmix/3rdparty/StarCraftII/ -tempDir /tmp/sc-gore1xxk/'
Starting up...
Startup Phase 1 complete
[INFO 15:40:09] absl Connecting to: ws://127.0.0.1:44953/sc2api, attempt: 1, running: True
Startup Phase 2 complete
Creating stub renderer...
Listening on: 127.0.0.1:44953
Startup Phase 3 complete. Ready for commands.
[INFO 15:40:10] absl Connecting to: ws://127.0.0.1:44953/sc2api, attempt: 2, running: True
ConnectHandler: Request from 127.0.0.1:36798 accepted
ReadyHandler: 127.0.0.1:36798 ready
Requesting to join a single player game
Configuring interface options
Configure: raw interface enabled
Configure: feature layer interface disabled
Configure: score interface disabled
Configure: render interface disabled
Launching next game.
Next launch phase started: 2
Next launch phase started: 3
Next launch phase started: 4
Next launch phase started: 5
Next launch phase started: 6
Next launch phase started: 7
Next launch phase started: 8
Game has started.
Using default stable ids, none found at: /labmount/users/202535331/MARL/pymarl-monotone-qmix/3rdparty/StarCraftII/stableid.json
Successfully loaded stable ids: GameData\stableid.json
Sending ResponseJoinGame
[INFO 15:40:14] my_main Updated target network
[INFO 15:41:08] my_main t_env: 1399415 / 2050000
[INFO 15:41:08] my_main Estimated time left: 7 hours, 48 minutes, 40 seconds. Time passed: 12 hours, 4 minutes, 38 seconds
[INFO 15:41:19] my_main Recent Stats | t_env:    1399415 | Episode:    23852
battle_won_mean:           0.9145	dead_allies_mean:         12.7624	dead_enemies_mean:        23.8083	div_coef:                17670.6511
div_loss:                 -0.0000	ep_length_mean:           26.4308	epsilon:                   0.0500	grad_norm:                 2.7215
loss:                     -0.3269	loss_td:                   0.0760	q_taken_mean:              0.4243	return_mean:              19.6500
return_std:                1.3527	target_mean:               0.4270	td_error_abs:              0.1921	test_battle_won_mean:      0.9000
test_dead_allies_mean:    11.4437	test_dead_enemies_mean:   23.6562	test_ep_length_mean:      32.8375	test_return_mean:         19.5155
test_return_std:           1.3953	
[INFO 15:43:46] my_main Updated target network
[INFO 15:47:00] my_main Updated target network
[INFO 15:47:49] my_main t_env: 1409419 / 2050000
[INFO 15:47:49] my_main Estimated time left: 7 hours, 7 minutes, 58 seconds. Time passed: 12 hours, 11 minutes, 19 seconds
[INFO 15:48:01] my_main Recent Stats | t_env:    1409419 | Episode:    24256
battle_won_mean:           0.9108	dead_allies_mean:         13.0867	dead_enemies_mean:        23.8168	div_coef:                17275.2992
div_loss:                 -0.0000	ep_length_mean:           25.2784	epsilon:                   0.0500	grad_norm:                 1.5711
loss:                     -0.3429	loss_td:                   0.0539	q_taken_mean:              0.4519	return_mean:              19.6417
return_std:                1.3526	target_mean:               0.4516	td_error_abs:              0.1616	test_battle_won_mean:      0.9000
test_dead_allies_mean:    11.9750	test_dead_enemies_mean:   23.6125	test_ep_length_mean:      32.2313	test_return_mean:         19.4807
test_return_std:           1.5188	
[INFO 15:50:22] my_main Updated target network
[INFO 15:53:31] my_main Updated target network
[INFO 15:54:28] my_main t_env: 1419429 / 2050000
[INFO 15:54:28] my_main Estimated time left: 6 hours, 58 minutes, 18 seconds. Time passed: 12 hours, 17 minutes, 58 seconds
[INFO 15:54:38] my_main Recent Stats | t_env:    1419429 | Episode:    24665
battle_won_mean:           0.9105	dead_allies_mean:         13.3267	dead_enemies_mean:        23.7861	div_coef:                17007.4452
div_loss:                 -0.0000	ep_length_mean:           24.9862	epsilon:                   0.0500	grad_norm:                 1.9819
loss:                     -0.3358	loss_td:                   0.0620	q_taken_mean:              0.4399	return_mean:              19.6205
return_std:                1.4363	target_mean:               0.4407	td_error_abs:              0.1697	test_battle_won_mean:      0.9000
test_dead_allies_mean:    11.4250	test_dead_enemies_mean:   23.5437	test_ep_length_mean:      30.4750	test_return_mean:         19.4432
test_return_std:           1.6757	
[INFO 15:56:49] my_main Updated target network
[INFO 16:00:00] my_main Updated target network
[INFO 16:01:23] my_main t_env: 1429434 / 2050000
[INFO 16:01:23] my_main Estimated time left: 7 hours, 9 minutes, 46 seconds. Time passed: 12 hours, 24 minutes, 54 seconds
[INFO 16:01:34] my_main Recent Stats | t_env:    1429434 | Episode:    25090
battle_won_mean:           0.9203	dead_allies_mean:         12.8510	dead_enemies_mean:        23.7741	div_coef:                16865.6752
div_loss:                 -0.0000	ep_length_mean:           24.5372	epsilon:                   0.0500	grad_norm:                 1.8778
loss:                     -0.3291	loss_td:                   0.0709	q_taken_mean:              0.4363	return_mean:              19.6431
return_std:                1.4350	target_mean:               0.4373	td_error_abs:              0.1778	test_battle_won_mean:      0.9437
test_dead_allies_mean:    10.6438	test_dead_enemies_mean:   23.7063	test_ep_length_mean:      27.4062	test_return_mean:         19.6705
test_return_std:           1.3947	
[INFO 16:03:19] my_main Updated target network
[INFO 16:06:28] my_main Updated target network
[INFO 16:08:28] my_main t_env: 1439451 / 2050000
[INFO 16:08:28] my_main Estimated time left: 7 hours, 11 minutes, 4 seconds. Time passed: 12 hours, 31 minutes, 58 seconds
[INFO 16:08:39] my_main Recent Stats | t_env:    1439451 | Episode:    25534
battle_won_mean:           0.9287	dead_allies_mean:         12.5303	dead_enemies_mean:        23.7698	div_coef:                16282.6878
div_loss:                 -0.0000	ep_length_mean:           23.9333	epsilon:                   0.0500	grad_norm:                 2.4402
loss:                     -0.3144	loss_td:                   0.0755	q_taken_mean:              0.4521	return_mean:              19.6659
return_std:                1.4190	target_mean:               0.4514	td_error_abs:              0.1874	test_battle_won_mean:      0.9437
test_dead_allies_mean:    10.2000	test_dead_enemies_mean:   23.7188	test_ep_length_mean:      26.2437	test_return_mean:         19.6830
test_return_std:           1.3220	
[INFO 16:09:36] my_main Updated target network
[INFO 16:12:33] my_main Updated target network
[INFO 16:15:26] my_main Updated target network
[INFO 16:15:45] my_main t_env: 1449455 / 2050000
[INFO 16:15:45] my_main Estimated time left: 7 hours, 16 minutes, 57 seconds. Time passed: 12 hours, 39 minutes, 15 seconds
[INFO 16:15:53] my_main Recent Stats | t_env:    1449455 | Episode:    26021
battle_won_mean:           0.9409	dead_allies_mean:         12.1815	dead_enemies_mean:        23.7810	div_coef:                15575.3325
div_loss:                 -0.0000	ep_length_mean:           23.1762	epsilon:                   0.0500	grad_norm:                 3.1551
loss:                     -0.2902	loss_td:                   0.0851	q_taken_mean:              0.4432	return_mean:              19.7101
return_std:                1.3259	target_mean:               0.4404	td_error_abs:              0.2024	test_battle_won_mean:      0.9437
test_dead_allies_mean:    10.4437	test_dead_enemies_mean:   23.7312	test_ep_length_mean:      24.3687	test_return_mean:         19.6869
test_return_std:           1.2925	
[INFO 16:18:32] my_main Updated target network
[INFO 16:21:34] my_main Updated target network
RequestQuit command received.
Closing Application...
DataHandler: unable to parse websocket frame.
CloseHandler: 127.0.0.1:36798 disconnected
[INFO 16:22:07] absl Shutdown gracefully.
[INFO 16:22:07] absl Shutdown with return code: -15
[INFO 16:22:07] absl Launching SC2: /labmount/users/202535331/MARL/pymarl-monotone-qmix/3rdparty/StarCraftII/Versions/Base75689/SC2_x64 -listen 127.0.0.1 -port 39427 -dataDir /labmount/users/202535331/MARL/pymarl-monotone-qmix/3rdparty/StarCraftII/ -tempDir /tmp/sc-2m081she/
[INFO 16:22:08] absl Connecting to: ws://127.0.0.1:39427/sc2api, attempt: 0, running: True
Version: B75689 (SC2.4.10)
Build: Aug 12 2019 17:16:57
Command Line: '"/labmount/users/202535331/MARL/pymarl-monotone-qmix/3rdparty/StarCraftII/Versions/Base75689/SC2_x64" -listen 127.0.0.1 -port 39427 -dataDir /labmount/users/202535331/MARL/pymarl-monotone-qmix/3rdparty/StarCraftII/ -tempDir /tmp/sc-2m081she/'
Starting up...
Startup Phase 1 complete
[INFO 16:22:09] absl Connecting to: ws://127.0.0.1:39427/sc2api, attempt: 1, running: True
Startup Phase 2 complete
Creating stub renderer...
Listening on: 127.0.0.1:39427
Startup Phase 3 complete. Ready for commands.
[INFO 16:22:10] absl Connecting to: ws://127.0.0.1:39427/sc2api, attempt: 2, running: True
ConnectHandler: Request from 127.0.0.1:45220 accepted
ReadyHandler: 127.0.0.1:45220 ready
Requesting to join a single player game
Configuring interface options
Configure: raw interface enabled
Configure: feature layer interface disabled
Configure: score interface disabled
Configure: render interface disabled
Launching next game.
Next launch phase started: 2
Next launch phase started: 3
Next launch phase started: 4
Next launch phase started: 5
Next launch phase started: 6
Next launch phase started: 7
Next launch phase started: 8
Game has started.
Using default stable ids, none found at: /labmount/users/202535331/MARL/pymarl-monotone-qmix/3rdparty/StarCraftII/stableid.json
Successfully loaded stable ids: GameData\stableid.json
Sending ResponseJoinGame
[INFO 16:23:15] my_main t_env: 1459457 / 2050000
[INFO 16:23:15] my_main Estimated time left: 7 hours, 23 minutes, 23 seconds. Time passed: 12 hours, 46 minutes, 45 seconds
[INFO 16:23:24] my_main Recent Stats | t_env:    1459457 | Episode:    26507
battle_won_mean:           0.9559	dead_allies_mean:         11.7412	dead_enemies_mean:        23.7889	div_coef:                14650.3396
div_loss:                 -0.0000	ep_length_mean:           22.3397	epsilon:                   0.0500	grad_norm:                 2.8765
loss:                     -0.2757	loss_td:                   0.0825	q_taken_mean:              0.4175	return_mean:              19.7583
return_std:                1.3005	target_mean:               0.4155	td_error_abs:              0.1968	test_battle_won_mean:      0.9688
test_dead_allies_mean:     9.8313	test_dead_enemies_mean:   23.8562	test_ep_length_mean:      22.5188	test_return_mean:         19.8422
test_return_std:           0.8451	
[INFO 16:24:47] my_main Updated target network
[INFO 16:27:40] my_main Updated target network
[INFO 16:29:37] my_main t_env: 1469458 / 2050000
[INFO 16:29:37] my_main Estimated time left: 6 hours, 9 minutes, 42 seconds. Time passed: 12 hours, 53 minutes, 7 seconds
[INFO 16:29:46] my_main Recent Stats | t_env:    1469458 | Episode:    26927
battle_won_mean:           0.9601	dead_allies_mean:         11.6620	dead_enemies_mean:        23.8152	div_coef:                13506.0869
div_loss:                 -0.0000	ep_length_mean:           22.2072	epsilon:                   0.0500	grad_norm:                 2.5566
loss:                     -0.2623	loss_td:                   0.0732	q_taken_mean:              0.4254	return_mean:              19.7887
return_std:                1.2070	target_mean:               0.4230	td_error_abs:              0.1850	test_battle_won_mean:      0.9750
test_dead_allies_mean:    10.2625	test_dead_enemies_mean:   23.8938	test_ep_length_mean:      21.8062	test_return_mean:         19.8752
test_return_std:           0.7788	
[INFO 16:30:53] my_main Updated target network
[INFO 16:33:34] my_main Updated target network
[INFO 16:35:47] my_main t_env: 1479533 / 2050000
[INFO 16:35:47] my_main Estimated time left: 5 hours, 49 minutes, 16 seconds. Time passed: 12 hours, 59 minutes, 18 seconds
[INFO 16:35:57] my_main Recent Stats | t_env:    1479533 | Episode:    27356
battle_won_mean:           0.9625	dead_allies_mean:         11.9028	dead_enemies_mean:        23.8348	div_coef:                12615.4960
div_loss:                 -0.0000	ep_length_mean:           22.1960	epsilon:                   0.0500	grad_norm:                 2.5764
loss:                     -0.2605	loss_td:                   0.0579	q_taken_mean:              0.4454	return_mean:              19.8051
return_std:                1.1598	target_mean:               0.4429	td_error_abs:              0.1670	test_battle_won_mean:      0.9688
test_dead_allies_mean:    10.9313	test_dead_enemies_mean:   23.8562	test_ep_length_mean:      22.0813	test_return_mean:         19.8322
test_return_std:           0.8798	
[INFO 16:36:37] my_main Updated target network
[INFO 16:39:30] my_main Updated target network
[INFO 16:41:21] my_main t_env: 1489666 / 2050000
[INFO 16:41:21] my_main Estimated time left: 5 hours, 7 minutes, 16 seconds. Time passed: 13 hours, 4 minutes, 51 seconds
[INFO 16:41:30] my_main Recent Stats | t_env:    1489666 | Episode:    27736
battle_won_mean:           0.9579	dead_allies_mean:         12.2156	dead_enemies_mean:        23.8276	div_coef:                11713.9997
div_loss:                 -0.0000	ep_length_mean:           23.0170	epsilon:                   0.0500	grad_norm:                 2.3621
loss:                     -0.2426	loss_td:                   0.0582	q_taken_mean:              0.4501	return_mean:              19.7857
return_std:                1.1863	target_mean:               0.4494	td_error_abs:              0.1634	test_battle_won_mean:      0.9563
test_dead_allies_mean:    11.5000	test_dead_enemies_mean:   23.7750	test_ep_length_mean:      21.7500	test_return_mean:         19.7420
test_return_std:           1.1271	
[INFO 16:42:25] my_main Updated target network
[INFO 16:45:31] my_main Updated target network
[INFO 16:48:17] my_main t_env: 1499678 / 2050000
[INFO 16:48:17] my_main Estimated time left: 6 hours, 21 minutes, 35 seconds. Time passed: 13 hours, 11 minutes, 48 seconds
[INFO 16:48:25] my_main Recent Stats | t_env:    1499678 | Episode:    28174
battle_won_mean:           0.9595	dead_allies_mean:         12.3573	dead_enemies_mean:        23.8495	div_coef:                11741.4326
div_loss:                 -0.0000	ep_length_mean:           23.4802	epsilon:                   0.0500	grad_norm:                 2.4609
loss:                     -0.2605	loss_td:                   0.0467	q_taken_mean:              0.4699	return_mean:              19.8049
return_std:                1.0975	target_mean:               0.4696	td_error_abs:              0.1525	test_battle_won_mean:      0.9625
test_dead_allies_mean:    11.1500	test_dead_enemies_mean:   23.8000	test_ep_length_mean:      21.3125	test_return_mean:         19.7792
test_return_std:           0.9277	
[INFO 16:48:51] my_main Updated target network
[INFO 16:51:55] my_main Updated target network
[INFO 16:55:11] my_main Updated target network
[INFO 16:55:18] my_main t_env: 1509690 / 2050000
[INFO 16:55:18] my_main Estimated time left: 6 hours, 18 minutes, 15 seconds. Time passed: 13 hours, 18 minutes, 48 seconds
[INFO 16:55:25] my_main Recent Stats | t_env:    1509690 | Episode:    28609
battle_won_mean:           0.9602	dead_allies_mean:         12.3311	dead_enemies_mean:        23.8684	div_coef:                11212.1064
div_loss:                 -0.0000	ep_length_mean:           23.9674	epsilon:                   0.0500	grad_norm:                 2.9438
loss:                     -0.2474	loss_td:                   0.0494	q_taken_mean:              0.4951	return_mean:              19.8222
return_std:                0.9918	target_mean:               0.4955	td_error_abs:              0.1574	test_battle_won_mean:      0.9563
test_dead_allies_mean:    11.4000	test_dead_enemies_mean:   23.7937	test_ep_length_mean:      20.9937	test_return_mean:         19.7583
test_return_std:           1.0468	
[INFO 16:58:25] my_main Updated target network
[INFO 17:01:29] my_main Updated target network
RequestQuit command received.
Closing Application...
DataHandler: unable to parse websocket frame.
CloseHandler: 127.0.0.1:45220 disconnected
[INFO 17:03:12] absl Shutdown gracefully.
[INFO 17:03:12] absl Shutdown with return code: -15
[INFO 17:03:12] absl Launching SC2: /labmount/users/202535331/MARL/pymarl-monotone-qmix/3rdparty/StarCraftII/Versions/Base75689/SC2_x64 -listen 127.0.0.1 -port 42709 -dataDir /labmount/users/202535331/MARL/pymarl-monotone-qmix/3rdparty/StarCraftII/ -tempDir /tmp/sc-7xf1vtle/
[INFO 17:03:12] absl Connecting to: ws://127.0.0.1:42709/sc2api, attempt: 0, running: True
Version: B75689 (SC2.4.10)
Build: Aug 12 2019 17:16:57
Command Line: '"/labmount/users/202535331/MARL/pymarl-monotone-qmix/3rdparty/StarCraftII/Versions/Base75689/SC2_x64" -listen 127.0.0.1 -port 42709 -dataDir /labmount/users/202535331/MARL/pymarl-monotone-qmix/3rdparty/StarCraftII/ -tempDir /tmp/sc-7xf1vtle/'
Starting up...
Startup Phase 1 complete
[INFO 17:03:13] absl Connecting to: ws://127.0.0.1:42709/sc2api, attempt: 1, running: True
Startup Phase 2 complete
Creating stub renderer...
Listening on: 127.0.0.1:42709
Startup Phase 3 complete. Ready for commands.
[INFO 17:03:14] absl Connecting to: ws://127.0.0.1:42709/sc2api, attempt: 2, running: True
ConnectHandler: Request from 127.0.0.1:47242 accepted
ReadyHandler: 127.0.0.1:47242 ready
Requesting to join a single player game
Configuring interface options
Configure: raw interface enabled
Configure: feature layer interface disabled
Configure: score interface disabled
Configure: render interface disabled
Launching next game.
Next launch phase started: 2
Next launch phase started: 3
Next launch phase started: 4
Next launch phase started: 5
Next launch phase started: 6
Next launch phase started: 7
Next launch phase started: 8
Game has started.
Using default stable ids, none found at: /labmount/users/202535331/MARL/pymarl-monotone-qmix/3rdparty/StarCraftII/stableid.json
Successfully loaded stable ids: GameData\stableid.json
Sending ResponseJoinGame
[INFO 17:03:47] my_main t_env: 1519694 / 2050000
[INFO 17:03:47] my_main Estimated time left: 7 hours, 29 minutes, 48 seconds. Time passed: 13 hours, 27 minutes, 17 seconds
[INFO 17:03:54] my_main Recent Stats | t_env:    1519694 | Episode:    29146
battle_won_mean:           0.9648	dead_allies_mean:         11.8976	dead_enemies_mean:        23.8795	div_coef:                10978.3520
div_loss:                 -0.0000	ep_length_mean:           22.9309	epsilon:                   0.0500	grad_norm:                 3.4482
loss:                     -0.2379	loss_td:                   0.0538	q_taken_mean:              0.5017	return_mean:              19.8456
return_std:                0.9271	target_mean:               0.5008	td_error_abs:              0.1624	test_battle_won_mean:      0.9625
test_dead_allies_mean:    10.3812	test_dead_enemies_mean:   23.8313	test_ep_length_mean:      19.7937	test_return_mean:         19.8006
test_return_std:           0.8027	
[INFO 17:04:45] my_main Updated target network
[INFO 17:08:08] my_main Updated target network
[INFO 17:11:15] my_main Updated target network
[INFO 17:12:06] my_main t_env: 1529698 / 2050000
[INFO 17:12:06] my_main Estimated time left: 7 hours, 12 minutes, 13 seconds. Time passed: 13 hours, 35 minutes, 36 seconds
[INFO 17:12:13] my_main Recent Stats | t_env:    1529698 | Episode:    29658
battle_won_mean:           0.9650	dead_allies_mean:         11.4253	dead_enemies_mean:        23.8739	div_coef:                10499.3164
div_loss:                 -0.0000	ep_length_mean:           22.1418	epsilon:                   0.0500	grad_norm:                 3.3684
loss:                     -0.2299	loss_td:                   0.0530	q_taken_mean:              0.4716	return_mean:              19.8434
return_std:                0.9390	target_mean:               0.4708	td_error_abs:              0.1592	test_battle_won_mean:      0.9625
test_dead_allies_mean:     9.5437	test_dead_enemies_mean:   23.8438	test_ep_length_mean:      18.0375	test_return_mean:         19.8072
test_return_std:           0.7906	
[INFO 17:14:36] my_main Updated target network
[INFO 17:17:54] my_main Updated target network
[INFO 17:20:38] my_main t_env: 1539698 / 2050000
[INFO 17:20:38] my_main Estimated time left: 7 hours, 15 minutes, 30 seconds. Time passed: 13 hours, 44 minutes, 8 seconds
[INFO 17:20:46] my_main Recent Stats | t_env:    1539698 | Episode:    30164
battle_won_mean:           0.9722	dead_allies_mean:         11.1273	dead_enemies_mean:        23.8899	div_coef:                10596.8023
div_loss:                 -0.0000	ep_length_mean:           20.7612	epsilon:                   0.0500	grad_norm:                 3.4373
loss:                     -0.2419	loss_td:                   0.0473	q_taken_mean:              0.4684	return_mean:              19.8743
return_std:                0.8801	target_mean:               0.4680	td_error_abs:              0.1539	test_battle_won_mean:      0.9812
test_dead_allies_mean:     9.1375	test_dead_enemies_mean:   23.9375	test_ep_length_mean:      16.9625	test_return_mean:         19.9167
test_return_std:           0.4306	
[INFO 17:21:26] my_main Updated target network
[INFO 17:24:50] my_main Updated target network
[INFO 17:28:05] my_main Updated target network
[INFO 17:29:09] my_main t_env: 1549711 / 2050000
[INFO 17:29:09] my_main Estimated time left: 7 hours, 6 minutes, 2 seconds. Time passed: 13 hours, 52 minutes, 39 seconds
[INFO 17:29:18] my_main Recent Stats | t_env:    1549711 | Episode:    30664
battle_won_mean:           0.9711	dead_allies_mean:         11.0585	dead_enemies_mean:        23.8868	div_coef:                9640.0653
div_loss:                 -0.0000	ep_length_mean:           20.1947	epsilon:                   0.0500	grad_norm:                 2.5216
loss:                     -0.2210	loss_td:                   0.0433	q_taken_mean:              0.4526	return_mean:              19.8668
return_std:                0.8938	target_mean:               0.4537	td_error_abs:              0.1378	test_battle_won_mean:      0.9812
test_dead_allies_mean:     8.6438	test_dead_enemies_mean:   23.9375	test_ep_length_mean:      17.6250	test_return_mean:         19.9149
test_return_std:           0.4275	
[INFO 17:31:33] my_main Updated target network
[INFO 17:35:02] my_main Updated target network
[INFO 17:37:16] my_main t_env: 1559720 / 2050000
[INFO 17:37:16] my_main Estimated time left: 6 hours, 37 minutes, 5 seconds. Time passed: 14 hours, 46 seconds
[INFO 17:37:25] my_main Recent Stats | t_env:    1559720 | Episode:    31135
battle_won_mean:           0.9694	dead_allies_mean:         10.5429	dead_enemies_mean:        23.8750	div_coef:                9486.6914
div_loss:                 -0.0000	ep_length_mean:           19.8416	epsilon:                   0.0500	grad_norm:                 2.0725
loss:                     -0.2180	loss_td:                   0.0396	q_taken_mean:              0.4550	return_mean:              19.8491
return_std:                0.9419	target_mean:               0.4556	td_error_abs:              0.1296	test_battle_won_mean:      0.9875
test_dead_allies_mean:     7.7625	test_dead_enemies_mean:   23.9438	test_ep_length_mean:      18.5625	test_return_mean:         19.9346
test_return_std:           0.3068	
[INFO 17:38:24] my_main Updated target network
[INFO 17:41:26] my_main Updated target network
[INFO 17:44:34] my_main Updated target network
[INFO 17:45:14] my_main t_env: 1569745 / 2050000
[INFO 17:45:14] my_main Estimated time left: 6 hours, 21 minutes, 54 seconds. Time passed: 14 hours, 8 minutes, 44 seconds
[INFO 17:45:23] my_main Recent Stats | t_env:    1569745 | Episode:    31639
battle_won_mean:           0.9715	dead_allies_mean:         10.1458	dead_enemies_mean:        23.8899	div_coef:                9200.0528
div_loss:                 -0.0000	ep_length_mean:           20.0939	epsilon:                   0.0500	grad_norm:                 2.2933
loss:                     -0.2099	loss_td:                   0.0406	q_taken_mean:              0.4374	return_mean:              19.8582
return_std:                0.8996	target_mean:               0.4374	td_error_abs:              0.1355	test_battle_won_mean:      0.9812
test_dead_allies_mean:     7.8812	test_dead_enemies_mean:   23.9438	test_ep_length_mean:      19.5688	test_return_mean:         19.9145
test_return_std:           0.4136	
[INFO 17:48:01] my_main Updated target network
[INFO 17:51:21] my_main Updated target network
[INFO 17:53:20] my_main t_env: 1579776 / 2050000
[INFO 17:53:20] my_main Estimated time left: 6 hours, 19 minutes, 26 seconds. Time passed: 14 hours, 16 minutes, 50 seconds
RequestQuit command received.
DataHandler: unable to parse websocket frame.
Closing Application...
CloseHandler: 127.0.0.1:47242 disconnected
ResponseThread: No connection, dropping the response.
[INFO 17:53:26] absl Shutdown gracefully.
[INFO 17:53:26] absl Shutdown with return code: -15
[INFO 17:53:26] absl Launching SC2: /labmount/users/202535331/MARL/pymarl-monotone-qmix/3rdparty/StarCraftII/Versions/Base75689/SC2_x64 -listen 127.0.0.1 -port 33943 -dataDir /labmount/users/202535331/MARL/pymarl-monotone-qmix/3rdparty/StarCraftII/ -tempDir /tmp/sc-dfgtewkv/
[INFO 17:53:27] absl Connecting to: ws://127.0.0.1:33943/sc2api, attempt: 0, running: True
Version: B75689 (SC2.4.10)
Build: Aug 12 2019 17:16:57
Command Line: '"/labmount/users/202535331/MARL/pymarl-monotone-qmix/3rdparty/StarCraftII/Versions/Base75689/SC2_x64" -listen 127.0.0.1 -port 33943 -dataDir /labmount/users/202535331/MARL/pymarl-monotone-qmix/3rdparty/StarCraftII/ -tempDir /tmp/sc-dfgtewkv/'
Starting up...
Startup Phase 1 complete
[INFO 17:53:28] absl Connecting to: ws://127.0.0.1:33943/sc2api, attempt: 1, running: True
Startup Phase 2 complete
Creating stub renderer...
Listening on: 127.0.0.1:33943
Startup Phase 3 complete. Ready for commands.
[INFO 17:53:29] absl Connecting to: ws://127.0.0.1:33943/sc2api, attempt: 2, running: True
ConnectHandler: Request from 127.0.0.1:41622 accepted
ReadyHandler: 127.0.0.1:41622 ready
Requesting to join a single player game
Configuring interface options
Configure: raw interface enabled
Configure: feature layer interface disabled
Configure: score interface disabled
Configure: render interface disabled
Launching next game.
Next launch phase started: 2
Next launch phase started: 3
Next launch phase started: 4
Next launch phase started: 5
Next launch phase started: 6
Next launch phase started: 7
Next launch phase started: 8
Game has started.
Using default stable ids, none found at: /labmount/users/202535331/MARL/pymarl-monotone-qmix/3rdparty/StarCraftII/stableid.json
Successfully loaded stable ids: GameData\stableid.json
Sending ResponseJoinGame
[INFO 17:53:35] my_main Recent Stats | t_env:    1579776 | Episode:    32116
battle_won_mean:           0.9759	dead_allies_mean:          9.6627	dead_enemies_mean:        23.9169	div_coef:                9150.7358
div_loss:                 -0.0000	ep_length_mean:           20.3919	epsilon:                   0.0500	grad_norm:                 3.1749
loss:                     -0.2033	loss_td:                   0.0445	q_taken_mean:              0.4628	return_mean:              19.8868
return_std:                0.7922	target_mean:               0.4641	td_error_abs:              0.1473	test_battle_won_mean:      0.9875
test_dead_allies_mean:     7.2438	test_dead_enemies_mean:   23.8500	test_ep_length_mean:      19.9563	test_return_mean:         19.8603
test_return_std:           0.8101	
[INFO 17:54:56] my_main Updated target network
[INFO 17:57:59] my_main Updated target network
[INFO 18:01:01] my_main Updated target network
[INFO 18:01:17] my_main t_env: 1589779 / 2050000
[INFO 18:01:17] my_main Estimated time left: 6 hours, 5 minutes, 57 seconds. Time passed: 14 hours, 24 minutes, 47 seconds
[INFO 18:01:25] my_main Recent Stats | t_env:    1589779 | Episode:    32619
battle_won_mean:           0.9791	dead_allies_mean:          9.2736	dead_enemies_mean:        23.9378	div_coef:                8233.4074
div_loss:                 -0.0000	ep_length_mean:           20.4167	epsilon:                   0.0500	grad_norm:                 2.5107
loss:                     -0.1807	loss_td:                   0.0409	q_taken_mean:              0.4549	return_mean:              19.9084
return_std:                0.6955	target_mean:               0.4553	td_error_abs:              0.1351	test_battle_won_mean:      0.9875
test_dead_allies_mean:     7.2062	test_dead_enemies_mean:   23.8500	test_ep_length_mean:      20.4125	test_return_mean:         19.8602
test_return_std:           0.8094	
[INFO 18:04:05] my_main Updated target network
[INFO 18:06:44] my_main Updated target network
[INFO 18:08:39] my_main t_env: 1599783 / 2050000
[INFO 18:08:39] my_main Estimated time left: 5 hours, 31 minutes, 25 seconds. Time passed: 14 hours, 32 minutes, 9 seconds
[INFO 18:08:46] my_main Recent Stats | t_env:    1599783 | Episode:    33149
battle_won_mean:           0.9820	dead_allies_mean:          8.7067	dead_enemies_mean:        23.9461	div_coef:                7977.2952
div_loss:                 -0.0000	ep_length_mean:           20.1866	epsilon:                   0.0500	grad_norm:                 2.7218
loss:                     -0.1759	loss_td:                   0.0388	q_taken_mean:              0.4688	return_mean:              19.9214
return_std:                0.6493	target_mean:               0.4695	td_error_abs:              0.1369	test_battle_won_mean:      0.9875
test_dead_allies_mean:     7.0000	test_dead_enemies_mean:   23.8500	test_ep_length_mean:      19.9125	test_return_mean:         19.8598
test_return_std:           0.8089	
[INFO 18:09:29] my_main Updated target network
[INFO 18:12:05] my_main Updated target network
[INFO 18:14:38] my_main Updated target network
[INFO 18:15:22] my_main t_env: 1609809 / 2050000
[INFO 18:15:22] my_main Estimated time left: 4 hours, 55 minutes, 13 seconds. Time passed: 14 hours, 38 minutes, 52 seconds
[INFO 18:15:31] my_main Recent Stats | t_env:    1609809 | Episode:    33662
battle_won_mean:           0.9830	dead_allies_mean:          8.8787	dead_enemies_mean:        23.9516	div_coef:                7196.7696
div_loss:                 -0.0000	ep_length_mean:           19.8452	epsilon:                   0.0500	grad_norm:                 2.7223
loss:                     -0.1624	loss_td:                   0.0364	q_taken_mean:              0.4713	return_mean:              19.9286
return_std:                0.6232	target_mean:               0.4713	td_error_abs:              0.1317	test_battle_won_mean:      0.9875
test_dead_allies_mean:     7.2875	test_dead_enemies_mean:   23.8500	test_ep_length_mean:      19.9438	test_return_mean:         19.8601
test_return_std:           0.8092	
[INFO 18:17:18] my_main Updated target network
[INFO 18:19:45] my_main Updated target network
[INFO 18:21:55] my_main t_env: 1619823 / 2050000
[INFO 18:21:55] my_main Estimated time left: 4 hours, 40 minutes, 58 seconds. Time passed: 14 hours, 45 minutes, 25 seconds
[INFO 18:22:03] my_main Recent Stats | t_env:    1619823 | Episode:    34179
battle_won_mean:           0.9811	dead_allies_mean:          9.0442	dead_enemies_mean:        23.9455	div_coef:                6708.0666
div_loss:                 -0.0000	ep_length_mean:           19.7410	epsilon:                   0.0500	grad_norm:                 2.4815
loss:                     -0.1578	loss_td:                   0.0301	q_taken_mean:              0.4845	return_mean:              19.9188
return_std:                0.6624	target_mean:               0.4850	td_error_abs:              0.1220	test_battle_won_mean:      0.9938
test_dead_allies_mean:     7.3688	test_dead_enemies_mean:   23.8500	test_ep_length_mean:      19.9625	test_return_mean:         19.8792
test_return_std:           0.7014	
[INFO 18:22:19] my_main Updated target network
[INFO 18:24:45] my_main Updated target network
[INFO 18:27:06] my_main Updated target network
[INFO 18:28:31] my_main t_env: 1629841 / 2050000
[INFO 18:28:31] my_main Estimated time left: 4 hours, 37 minutes, 7 seconds. Time passed: 14 hours, 52 minutes, 1 seconds
[INFO 18:28:39] my_main Recent Stats | t_env:    1629841 | Episode:    34723
battle_won_mean:           0.9823	dead_allies_mean:          9.1389	dead_enemies_mean:        23.9462	div_coef:                5911.5662
div_loss:                 -0.0000	ep_length_mean:           19.2182	epsilon:                   0.0500	grad_norm:                 2.7941
loss:                     -0.1359	loss_td:                   0.0331	q_taken_mean:              0.4835	return_mean:              19.9224
return_std:                0.6597	target_mean:               0.4844	td_error_abs:              0.1298	test_battle_won_mean:      1.0000
test_dead_allies_mean:     7.9375	test_dead_enemies_mean:   24.0000	test_ep_length_mean:      19.6125	test_return_mean:         20.0047
test_return_std:           0.0074	
[INFO 18:29:33] my_main Updated target network
[INFO 18:31:51] my_main Updated target network
[INFO 18:34:09] my_main Updated target network
[INFO 18:35:06] my_main t_env: 1639841 / 2050000
[INFO 18:35:06] my_main Estimated time left: 4 hours, 29 minutes, 37 seconds. Time passed: 14 hours, 58 minutes, 36 seconds
[INFO 18:35:15] my_main Recent Stats | t_env:    1639841 | Episode:    35281
battle_won_mean:           0.9829	dead_allies_mean:          9.0244	dead_enemies_mean:        23.9469	div_coef:                5788.7358
div_loss:                 -0.0000	ep_length_mean:           18.8251	epsilon:                   0.0500	grad_norm:                 3.2996
loss:                     -0.1332	loss_td:                   0.0339	q_taken_mean:              0.4847	return_mean:              19.9243
return_std:                0.6490	target_mean:               0.4862	td_error_abs:              0.1356	test_battle_won_mean:      0.9812
test_dead_allies_mean:     7.6750	test_dead_enemies_mean:   23.9688	test_ep_length_mean:      20.8313	test_return_mean:         19.9383
test_return_std:           0.2144	
RequestQuit command received.
Closing Application...
DataHandler: unable to parse websocket frame.
CloseHandler: 127.0.0.1:41622 disconnected
[INFO 18:35:33] absl Shutdown gracefully.
[INFO 18:35:33] absl Shutdown with return code: -15
[INFO 18:35:33] absl Launching SC2: /labmount/users/202535331/MARL/pymarl-monotone-qmix/3rdparty/StarCraftII/Versions/Base75689/SC2_x64 -listen 127.0.0.1 -port 35075 -dataDir /labmount/users/202535331/MARL/pymarl-monotone-qmix/3rdparty/StarCraftII/ -tempDir /tmp/sc-mmp5iztq/
[INFO 18:35:34] absl Connecting to: ws://127.0.0.1:35075/sc2api, attempt: 0, running: True
Version: B75689 (SC2.4.10)
Build: Aug 12 2019 17:16:57
Command Line: '"/labmount/users/202535331/MARL/pymarl-monotone-qmix/3rdparty/StarCraftII/Versions/Base75689/SC2_x64" -listen 127.0.0.1 -port 35075 -dataDir /labmount/users/202535331/MARL/pymarl-monotone-qmix/3rdparty/StarCraftII/ -tempDir /tmp/sc-mmp5iztq/'
Starting up...
Startup Phase 1 complete
[INFO 18:35:35] absl Connecting to: ws://127.0.0.1:35075/sc2api, attempt: 1, running: True
Startup Phase 2 complete
Creating stub renderer...
Listening on: 127.0.0.1:35075
Startup Phase 3 complete. Ready for commands.
[INFO 18:35:36] absl Connecting to: ws://127.0.0.1:35075/sc2api, attempt: 2, running: True
ConnectHandler: Request from 127.0.0.1:55306 accepted
ReadyHandler: 127.0.0.1:55306 ready
Requesting to join a single player game
Configuring interface options
Configure: raw interface enabled
Configure: feature layer interface disabled
Configure: score interface disabled
Configure: render interface disabled
Launching next game.
Next launch phase started: 2
Next launch phase started: 3
Next launch phase started: 4
Next launch phase started: 5
Next launch phase started: 6
Next launch phase started: 7
Next launch phase started: 8
Game has started.
Using default stable ids, none found at: /labmount/users/202535331/MARL/pymarl-monotone-qmix/3rdparty/StarCraftII/stableid.json
Successfully loaded stable ids: GameData\stableid.json
Sending ResponseJoinGame
[INFO 18:36:42] my_main Updated target network
[INFO 18:38:58] my_main Updated target network
[INFO 18:41:12] my_main Updated target network
[INFO 18:41:45] my_main t_env: 1649845 / 2050000
[INFO 18:41:45] my_main Estimated time left: 4 hours, 26 minutes, 5 seconds. Time passed: 15 hours, 5 minutes, 15 seconds
[INFO 18:41:54] my_main Recent Stats | t_env:    1649845 | Episode:    35846
battle_won_mean:           0.9820	dead_allies_mean:          8.9043	dead_enemies_mean:        23.9383	div_coef:                5330.2551
div_loss:                 -0.0000	ep_length_mean:           18.5912	epsilon:                   0.0500	grad_norm:                 3.4519
loss:                     -0.1205	loss_td:                   0.0363	q_taken_mean:              0.4885	return_mean:              19.9217
return_std:                0.6497	target_mean:               0.4888	td_error_abs:              0.1353	test_battle_won_mean:      0.9750
test_dead_allies_mean:     7.7750	test_dead_enemies_mean:   23.9500	test_ep_length_mean:      22.1625	test_return_mean:         19.9171
test_return_std:           0.3306	
[INFO 18:43:44] my_main Updated target network
[INFO 18:46:03] my_main Updated target network
[INFO 18:47:04] my_main t_env: 1659929 / 2050000
[INFO 18:47:04] my_main Estimated time left: 3 hours, 25 minutes, 40 seconds. Time passed: 15 hours, 10 minutes, 34 seconds
[INFO 18:47:16] my_main Recent Stats | t_env:    1659929 | Episode:    36282
battle_won_mean:           0.9819	dead_allies_mean:          8.5871	dead_enemies_mean:        23.9360	div_coef:                5176.3399
div_loss:                 -0.0000	ep_length_mean:           19.3081	epsilon:                   0.0500	grad_norm:                 4.1251
loss:                     -0.1155	loss_td:                   0.0383	q_taken_mean:              0.4853	return_mean:              19.9211
return_std:                0.6670	target_mean:               0.4849	td_error_abs:              0.1445	test_battle_won_mean:      0.9563
test_dead_allies_mean:     7.4500	test_dead_enemies_mean:   23.9187	test_ep_length_mean:      24.9812	test_return_mean:         19.8556
test_return_std:           0.5190	
[INFO 18:48:51] my_main Updated target network
[INFO 18:51:35] my_main Updated target network
[INFO 18:52:29] my_main t_env: 1669937 / 2050000
[INFO 18:52:29] my_main Estimated time left: 3 hours, 25 minutes, 53 seconds. Time passed: 15 hours, 15 minutes, 59 seconds
[INFO 18:52:38] my_main Recent Stats | t_env:    1669937 | Episode:    36670
battle_won_mean:           0.9820	dead_allies_mean:          8.2832	dead_enemies_mean:        23.9427	div_coef:                4903.0662
div_loss:                 -0.0000	ep_length_mean:           20.5930	epsilon:                   0.0500	grad_norm:                 3.9315
loss:                     -0.1110	loss_td:                   0.0353	q_taken_mean:              0.4819	return_mean:              19.9309
return_std:                0.6216	target_mean:               0.4832	td_error_abs:              0.1383	test_battle_won_mean:      0.9437
test_dead_allies_mean:     7.4625	test_dead_enemies_mean:   23.9125	test_ep_length_mean:      25.6500	test_return_mean:         19.8164
test_return_std:           0.6720	
[INFO 18:54:24] my_main Updated target network
[INFO 18:57:07] my_main Updated target network
[INFO 18:59:18] my_main t_env: 1679941 / 2050000
[INFO 18:59:18] my_main Estimated time left: 4 hours, 12 minutes, 21 seconds. Time passed: 15 hours, 22 minutes, 49 seconds
[INFO 18:59:27] my_main Recent Stats | t_env:    1679941 | Episode:    37163
battle_won_mean:           0.9789	dead_allies_mean:          8.2468	dead_enemies_mean:        23.9375	div_coef:                4965.1139
div_loss:                 -0.0000	ep_length_mean:           20.9683	epsilon:                   0.0500	grad_norm:                 3.9421
loss:                     -0.1119	loss_td:                   0.0354	q_taken_mean:              0.4827	return_mean:              19.9198
return_std:                0.6485	target_mean:               0.4840	td_error_abs:              0.1371	test_battle_won_mean:      0.9313
test_dead_allies_mean:     7.5812	test_dead_enemies_mean:   23.9062	test_ep_length_mean:      26.5188	test_return_mean:         19.7771
test_return_std:           0.8250	
[INFO 18:59:58] my_main Updated target network
[INFO 19:02:36] my_main Updated target network
[INFO 19:05:17] my_main Updated target network
[INFO 19:07:37] my_main t_env: 1689943 / 2050000
[INFO 19:07:37] my_main Estimated time left: 4 hours, 59 minutes, 9 seconds. Time passed: 15 hours, 31 minutes, 7 seconds
[INFO 19:07:44] my_main Recent Stats | t_env:    1689943 | Episode:    37774
battle_won_mean:           0.9797	dead_allies_mean:          8.3406	dead_enemies_mean:        23.9423	div_coef:                4929.3201
div_loss:                 -0.0000	ep_length_mean:           20.6581	epsilon:                   0.0500	grad_norm:                 3.5790
loss:                     -0.1124	loss_td:                   0.0329	q_taken_mean:              0.4891	return_mean:              19.9252
return_std:                0.6092	target_mean:               0.4894	td_error_abs:              0.1307	test_battle_won_mean:      0.9437
test_dead_allies_mean:     7.8375	test_dead_enemies_mean:   23.9312	test_ep_length_mean:      24.5375	test_return_mean:         19.8207
test_return_std:           0.7416	
[INFO 19:08:07] my_main Updated target network
[INFO 19:10:57] my_main Updated target network
[INFO 19:13:36] my_main Updated target network
[INFO 19:16:29] my_main Updated target network
[INFO 19:16:45] my_main t_env: 1699946 / 2050000
[INFO 19:16:45] my_main Estimated time left: 5 hours, 19 minutes, 41 seconds. Time passed: 15 hours, 40 minutes, 15 seconds
[INFO 19:16:52] my_main Recent Stats | t_env:    1699946 | Episode:    38424
battle_won_mean:           0.9817	dead_allies_mean:          8.3516	dead_enemies_mean:        23.9558	div_coef:                5295.4613
div_loss:                 -0.0000	ep_length_mean:           20.1947	epsilon:                   0.0500	grad_norm:                 3.6122
loss:                     -0.1249	loss_td:                   0.0293	q_taken_mean:              0.4972	return_mean:              19.9334
return_std:                0.5559	target_mean:               0.4987	td_error_abs:              0.1295	test_battle_won_mean:      0.9500
test_dead_allies_mean:     8.0938	test_dead_enemies_mean:   23.9500	test_ep_length_mean:      22.8000	test_return_mean:         19.8419
test_return_std:           0.6254	
RequestQuit command received.
DataHandler: unable to parse websocket frame.
CloseHandler: 127.0.0.1:55306 disconnected
QueueResponse: No outstanding requests to this connection, dropping response: quit, id: 999999999
Closing Application...
[INFO 19:17:27] absl Shutdown gracefully.
[INFO 19:17:27] absl Shutdown with return code: -15
[INFO 19:17:27] absl Launching SC2: /labmount/users/202535331/MARL/pymarl-monotone-qmix/3rdparty/StarCraftII/Versions/Base75689/SC2_x64 -listen 127.0.0.1 -port 44613 -dataDir /labmount/users/202535331/MARL/pymarl-monotone-qmix/3rdparty/StarCraftII/ -tempDir /tmp/sc-9s063z29/
[INFO 19:17:28] absl Connecting to: ws://127.0.0.1:44613/sc2api, attempt: 0, running: True
Version: B75689 (SC2.4.10)
Build: Aug 12 2019 17:16:57
Command Line: '"/labmount/users/202535331/MARL/pymarl-monotone-qmix/3rdparty/StarCraftII/Versions/Base75689/SC2_x64" -listen 127.0.0.1 -port 44613 -dataDir /labmount/users/202535331/MARL/pymarl-monotone-qmix/3rdparty/StarCraftII/ -tempDir /tmp/sc-9s063z29/'
Starting up...
Startup Phase 1 complete
[INFO 19:17:29] absl Connecting to: ws://127.0.0.1:44613/sc2api, attempt: 1, running: True
Startup Phase 2 complete
Creating stub renderer...
Listening on: 127.0.0.1:44613
Startup Phase 3 complete. Ready for commands.
[INFO 19:17:30] absl Connecting to: ws://127.0.0.1:44613/sc2api, attempt: 2, running: True
ConnectHandler: Request from 127.0.0.1:33980 accepted
ReadyHandler: 127.0.0.1:33980 ready
Requesting to join a single player game
Configuring interface options
Configure: raw interface enabled
Configure: feature layer interface disabled
Configure: score interface disabled
Configure: render interface disabled
Launching next game.
Next launch phase started: 2
Next launch phase started: 3
Next launch phase started: 4
Next launch phase started: 5
Next launch phase started: 6
Next launch phase started: 7
Next launch phase started: 8
Game has started.
Using default stable ids, none found at: /labmount/users/202535331/MARL/pymarl-monotone-qmix/3rdparty/StarCraftII/stableid.json
Successfully loaded stable ids: GameData\stableid.json
Sending ResponseJoinGame
[INFO 19:19:25] my_main Updated target network
[INFO 19:22:13] my_main Updated target network
[INFO 19:24:55] my_main Updated target network
[INFO 19:25:50] my_main t_env: 1709960 / 2050000
[INFO 19:25:50] my_main Estimated time left: 5 hours, 8 minutes, 13 seconds. Time passed: 15 hours, 49 minutes, 20 seconds
[INFO 19:25:57] my_main Recent Stats | t_env:    1709960 | Episode:    39070
battle_won_mean:           0.9870	dead_allies_mean:          8.3052	dead_enemies_mean:        23.9695	div_coef:                5358.4009
div_loss:                 -0.0000	ep_length_mean:           18.6693	epsilon:                   0.0500	grad_norm:                 3.0991
loss:                     -0.1256	loss_td:                   0.0284	q_taken_mean:              0.4988	return_mean:              19.9539
return_std:                0.5313	target_mean:               0.5018	td_error_abs:              0.1224	test_battle_won_mean:      0.9688
test_dead_allies_mean:     8.2625	test_dead_enemies_mean:   23.9812	test_ep_length_mean:      18.5688	test_return_mean:         19.9026
test_return_std:           0.4362	
[INFO 19:27:54] my_main Updated target network
[INFO 19:30:31] my_main Updated target network
[INFO 19:33:17] my_main Updated target network
[INFO 19:34:49] my_main t_env: 1719975 / 2050000
[INFO 19:34:49] my_main Estimated time left: 4 hours, 56 minutes, 0 seconds. Time passed: 15 hours, 58 minutes, 19 seconds
[INFO 19:34:55] my_main Recent Stats | t_env:    1719975 | Episode:    39706
battle_won_mean:           0.9883	dead_allies_mean:          8.4767	dead_enemies_mean:        23.9704	div_coef:                6135.8709
div_loss:                 -0.0000	ep_length_mean:           16.6599	epsilon:                   0.0500	grad_norm:                 3.1999
loss:                     -0.1437	loss_td:                   0.0306	q_taken_mean:              0.5106	return_mean:              19.9530
return_std:                0.5246	target_mean:               0.5121	td_error_abs:              0.1261	test_battle_won_mean:      0.9812
test_dead_allies_mean:     8.1875	test_dead_enemies_mean:   23.9875	test_ep_length_mean:      16.6438	test_return_mean:         19.9421
test_return_std:           0.2832	
[INFO 19:36:18] my_main Updated target network
[INFO 19:38:59] my_main Updated target network
[INFO 19:41:50] my_main Updated target network
[INFO 19:43:55] my_main t_env: 1729978 / 2050000
[INFO 19:43:55] my_main Estimated time left: 4 hours, 51 minutes, 14 seconds. Time passed: 16 hours, 7 minutes, 25 seconds
[INFO 19:44:02] my_main Recent Stats | t_env:    1729978 | Episode:    40358
battle_won_mean:           0.9931	dead_allies_mean:          8.1979	dead_enemies_mean:        23.9850	div_coef:                5901.1811
div_loss:                 -0.0000	ep_length_mean:           15.6699	epsilon:                   0.0500	grad_norm:                 2.1832
loss:                     -0.1439	loss_td:                   0.0224	q_taken_mean:              0.5094	return_mean:              19.9741
return_std:                0.4174	target_mean:               0.5092	td_error_abs:              0.1063	test_battle_won_mean:      0.9875
test_dead_allies_mean:     7.9125	test_dead_enemies_mean:   23.9875	test_ep_length_mean:      15.3625	test_return_mean:         19.9601
test_return_std:           0.2445	
[INFO 19:44:37] my_main Updated target network
[INFO 19:47:16] my_main Updated target network
[INFO 19:49:54] my_main Updated target network
[INFO 19:52:33] my_main t_env: 1739997 / 2050000
[INFO 19:52:33] my_main Estimated time left: 4 hours, 27 minutes, 3 seconds. Time passed: 16 hours, 16 minutes, 3 seconds
[INFO 19:52:39] my_main Recent Stats | t_env:    1739997 | Episode:    40993
battle_won_mean:           0.9938	dead_allies_mean:          7.9109	dead_enemies_mean:        23.9847	div_coef:                6117.2509
div_loss:                 -0.0000	ep_length_mean:           15.5515	epsilon:                   0.0500	grad_norm:                 2.0184
loss:                     -0.1464	loss_td:                   0.0242	q_taken_mean:              0.4896	return_mean:              19.9750
return_std:                0.4115	target_mean:               0.4893	td_error_abs:              0.1047	test_battle_won_mean:      0.9938
test_dead_allies_mean:     7.6562	test_dead_enemies_mean:   23.9937	test_ep_length_mean:      15.0938	test_return_mean:         19.9817
test_return_std:           0.1196	
[INFO 19:52:44] my_main Updated target network
[INFO 19:55:21] my_main Updated target network
[INFO 19:57:50] my_main Updated target network
[INFO 19:59:53] my_main t_env: 1750013 / 2050000
[INFO 19:59:53] my_main Estimated time left: 3 hours, 39 minutes, 35 seconds. Time passed: 16 hours, 23 minutes, 23 seconds
[INFO 19:59:59] my_main Recent Stats | t_env:    1750013 | Episode:    41582
battle_won_mean:           0.9936	dead_allies_mean:          7.7502	dead_enemies_mean:        23.9789	div_coef:                6026.2027
div_loss:                 -0.0000	ep_length_mean:           15.8747	epsilon:                   0.0500	grad_norm:                 2.6254
loss:                     -0.1368	loss_td:                   0.0289	q_taken_mean:              0.4796	return_mean:              19.9710
return_std:                0.4555	target_mean:               0.4802	td_error_abs:              0.1196	test_battle_won_mean:      0.9938
test_dead_allies_mean:     6.9938	test_dead_enemies_mean:   23.9937	test_ep_length_mean:      14.8313	test_return_mean:         19.9815
test_return_std:           0.1193	
[INFO 20:00:11] my_main Updated target network
[INFO 20:02:18] my_main Updated target network
[INFO 20:04:18] my_main Updated target network
[INFO 20:06:15] my_main Updated target network
[INFO 20:06:24] my_main t_env: 1760024 / 2050000
[INFO 20:06:24] my_main Estimated time left: 3 hours, 9 minutes, 3 seconds. Time passed: 16 hours, 29 minutes, 54 seconds
[INFO 20:06:31] my_main Recent Stats | t_env:    1760024 | Episode:    42216
battle_won_mean:           0.9930	dead_allies_mean:          7.5243	dead_enemies_mean:        23.9851	div_coef:                6124.2525
div_loss:                 -0.0000	ep_length_mean:           15.9324	epsilon:                   0.0500	grad_norm:                 2.6159
loss:                     -0.1397	loss_td:                   0.0275	q_taken_mean:              0.4804	return_mean:              19.9738
return_std:                0.3485	target_mean:               0.4809	td_error_abs:              0.1174	test_battle_won_mean:      0.9875
test_dead_allies_mean:     7.3812	test_dead_enemies_mean:   23.9937	test_ep_length_mean:      15.0813	test_return_mean:         19.9618
test_return_std:           0.2291	
RequestQuit command received.
DataHandler: unable to parse websocket frame.
CloseHandler: 127.0.0.1:33980 disconnected
Closing Application...
[INFO 20:07:58] absl Shutdown gracefully.
[INFO 20:07:58] absl Shutdown with return code: -15
[INFO 20:07:58] absl Launching SC2: /labmount/users/202535331/MARL/pymarl-monotone-qmix/3rdparty/StarCraftII/Versions/Base75689/SC2_x64 -listen 127.0.0.1 -port 40931 -dataDir /labmount/users/202535331/MARL/pymarl-monotone-qmix/3rdparty/StarCraftII/ -tempDir /tmp/sc-x5l4risa/
[INFO 20:07:58] absl Connecting to: ws://127.0.0.1:40931/sc2api, attempt: 0, running: True
Version: B75689 (SC2.4.10)
Build: Aug 12 2019 17:16:57
Command Line: '"/labmount/users/202535331/MARL/pymarl-monotone-qmix/3rdparty/StarCraftII/Versions/Base75689/SC2_x64" -listen 127.0.0.1 -port 40931 -dataDir /labmount/users/202535331/MARL/pymarl-monotone-qmix/3rdparty/StarCraftII/ -tempDir /tmp/sc-x5l4risa/'
Starting up...
Startup Phase 1 complete
[INFO 20:07:59] absl Connecting to: ws://127.0.0.1:40931/sc2api, attempt: 1, running: True
Startup Phase 2 complete
Creating stub renderer...
Listening on: 127.0.0.1:40931
Startup Phase 3 complete. Ready for commands.
[INFO 20:08:00] absl Connecting to: ws://127.0.0.1:40931/sc2api, attempt: 2, running: True
ConnectHandler: Request from 127.0.0.1:37786 accepted
ReadyHandler: 127.0.0.1:37786 ready
Requesting to join a single player game
Configuring interface options
Configure: raw interface enabled
Configure: feature layer interface disabled
Configure: score interface disabled
Configure: render interface disabled
Launching next game.
Next launch phase started: 2
Next launch phase started: 3
Next launch phase started: 4
Next launch phase started: 5
Next launch phase started: 6
Next launch phase started: 7
Next launch phase started: 8
Game has started.
Using default stable ids, none found at: /labmount/users/202535331/MARL/pymarl-monotone-qmix/3rdparty/StarCraftII/stableid.json
Successfully loaded stable ids: GameData\stableid.json
Sending ResponseJoinGame
[INFO 20:08:33] my_main Updated target network
[INFO 20:10:46] my_main Updated target network
[INFO 20:12:58] my_main Updated target network
[INFO 20:13:16] my_main t_env: 1770026 / 2050000
[INFO 20:13:16] my_main Estimated time left: 3 hours, 12 minutes, 3 seconds. Time passed: 16 hours, 36 minutes, 46 seconds
[INFO 20:13:23] my_main Recent Stats | t_env:    1770026 | Episode:    42828
battle_won_mean:           0.9942	dead_allies_mean:          7.2921	dead_enemies_mean:        23.9810	div_coef:                5126.5704
div_loss:                 -0.0000	ep_length_mean:           16.0517	epsilon:                   0.0500	grad_norm:                 2.1670
loss:                     -0.1160	loss_td:                   0.0225	q_taken_mean:              0.4723	return_mean:              19.9740
return_std:                0.4232	target_mean:               0.4739	td_error_abs:              0.1054	test_battle_won_mean:      0.9875
test_dead_allies_mean:     7.5375	test_dead_enemies_mean:   23.9937	test_ep_length_mean:      15.1875	test_return_mean:         19.9618
test_return_std:           0.2296	
[INFO 20:15:18] my_main Updated target network
[INFO 20:17:30] my_main Updated target network
[INFO 20:19:39] my_main Updated target network
[INFO 20:20:22] my_main t_env: 1780031 / 2050000
[INFO 20:20:22] my_main Estimated time left: 3 hours, 11 minutes, 50 seconds. Time passed: 16 hours, 43 minutes, 53 seconds
[INFO 20:20:29] my_main Recent Stats | t_env:    1780031 | Episode:    43464
battle_won_mean:           0.9942	dead_allies_mean:          7.2841	dead_enemies_mean:        23.9803	div_coef:                5708.7121
div_loss:                 -0.0000	ep_length_mean:           16.1295	epsilon:                   0.0500	grad_norm:                 1.8899
loss:                     -0.1319	loss_td:                   0.0207	q_taken_mean:              0.4786	return_mean:              19.9745
return_std:                0.4278	target_mean:               0.4805	td_error_abs:              0.0984	test_battle_won_mean:      0.9875
test_dead_allies_mean:     7.4000	test_dead_enemies_mean:   24.0000	test_ep_length_mean:      14.4000	test_return_mean:         19.9625
test_return_std:           0.2236	
[INFO 20:21:55] my_main Updated target network
[INFO 20:24:08] my_main Updated target network
[INFO 20:26:17] my_main Updated target network
[INFO 20:28:12] my_main t_env: 1790037 / 2050000
[INFO 20:28:12] my_main Estimated time left: 3 hours, 23 minutes, 7 seconds. Time passed: 16 hours, 51 minutes, 42 seconds
[INFO 20:28:18] my_main Recent Stats | t_env:    1790037 | Episode:    44175
battle_won_mean:           0.9948	dead_allies_mean:          7.4217	dead_enemies_mean:        23.9819	div_coef:                5139.4683
div_loss:                 -0.0000	ep_length_mean:           15.7885	epsilon:                   0.0500	grad_norm:                 2.0674
loss:                     -0.1193	loss_td:                   0.0180	q_taken_mean:              0.4990	return_mean:              19.9773
return_std:                0.3769	target_mean:               0.5015	td_error_abs:              0.0950	test_battle_won_mean:      0.9875
test_dead_allies_mean:     7.3063	test_dead_enemies_mean:   24.0000	test_ep_length_mean:      13.8500	test_return_mean:         19.9624
test_return_std:           0.2237	
[INFO 20:28:35] my_main Updated target network
[INFO 20:30:48] my_main Updated target network
[INFO 20:32:59] my_main Updated target network
[INFO 20:35:12] my_main Updated target network
[INFO 20:35:49] my_main t_env: 1800042 / 2050000
[INFO 20:35:49] my_main Estimated time left: 3 hours, 10 minutes, 28 seconds. Time passed: 16 hours, 59 minutes, 19 seconds
[INFO 20:35:55] my_main Recent Stats | t_env:    1800042 | Episode:    44863
battle_won_mean:           0.9944	dead_allies_mean:          7.5101	dead_enemies_mean:        23.9834	div_coef:                4831.1642
div_loss:                 -0.0000	ep_length_mean:           15.2960	epsilon:                   0.0500	grad_norm:                 0.9495
loss:                     -0.1185	loss_td:                   0.0107	q_taken_mean:              0.5199	return_mean:              19.9767
return_std:                0.3716	target_mean:               0.5210	td_error_abs:              0.0711	test_battle_won_mean:      0.9875
test_dead_allies_mean:     7.5750	test_dead_enemies_mean:   24.0000	test_ep_length_mean:      13.4437	test_return_mean:         19.9624
test_return_std:           0.2237	
[INFO 20:37:26] my_main Updated target network
[INFO 20:39:48] my_main Updated target network
[INFO 20:42:19] my_main Updated target network
[INFO 20:42:35] my_main t_env: 1810050 / 2050000
[INFO 20:42:35] my_main Estimated time left: 2 hours, 42 minutes, 17 seconds. Time passed: 17 hours, 6 minutes, 5 seconds
[INFO 20:42:41] my_main Recent Stats | t_env:    1810050 | Episode:    45423
battle_won_mean:           0.9907	dead_allies_mean:          7.3412	dead_enemies_mean:        23.9775	div_coef:                4444.1277
div_loss:                 -0.0000	ep_length_mean:           15.7122	epsilon:                   0.0500	grad_norm:                 2.0757
loss:                     -0.1005	loss_td:                   0.0181	q_taken_mean:              0.5207	return_mean:              19.9642
return_std:                0.4269	target_mean:               0.5197	td_error_abs:              0.0938	test_battle_won_mean:      0.9938
test_dead_allies_mean:     6.7062	test_dead_enemies_mean:   24.0000	test_ep_length_mean:      12.6375	test_return_mean:         19.9825
test_return_std:           0.1151	
[INFO 20:44:56] my_main Updated target network
[INFO 20:47:30] my_main Updated target network
[INFO 20:50:06] my_main Updated target network
[INFO 20:50:42] my_main t_env: 1820057 / 2050000
[INFO 20:50:42] my_main Estimated time left: 3 hours, 6 minutes, 31 seconds. Time passed: 17 hours, 14 minutes, 12 seconds
[INFO 20:50:50] my_main Recent Stats | t_env:    1820057 | Episode:    46052
battle_won_mean:           0.9907	dead_allies_mean:          6.9769	dead_enemies_mean:        23.9847	div_coef:                4566.4710
div_loss:                 -0.0000	ep_length_mean:           15.6254	epsilon:                   0.0500	grad_norm:                 1.8633
loss:                     -0.1036	loss_td:                   0.0180	q_taken_mean:              0.5284	return_mean:              19.9711
return_std:                0.3159	target_mean:               0.5270	td_error_abs:              0.0921	test_battle_won_mean:      0.9875
test_dead_allies_mean:     6.4313	test_dead_enemies_mean:   23.9937	test_ep_length_mean:      13.5188	test_return_mean:         19.9625
test_return_std:           0.2245	
[INFO 20:52:51] my_main Updated target network
RequestQuit command received.
Closing Application...
DataHandler: unable to parse websocket frame.
CloseHandler: 127.0.0.1:37786 disconnected
[INFO 20:55:02] absl Shutdown gracefully.
[INFO 20:55:02] absl Shutdown with return code: -15
[INFO 20:55:03] absl Launching SC2: /labmount/users/202535331/MARL/pymarl-monotone-qmix/3rdparty/StarCraftII/Versions/Base75689/SC2_x64 -listen 127.0.0.1 -port 40093 -dataDir /labmount/users/202535331/MARL/pymarl-monotone-qmix/3rdparty/StarCraftII/ -tempDir /tmp/sc-d9_004x1/
[INFO 20:55:03] absl Connecting to: ws://127.0.0.1:40093/sc2api, attempt: 0, running: True
Version: B75689 (SC2.4.10)
Build: Aug 12 2019 17:16:57
Command Line: '"/labmount/users/202535331/MARL/pymarl-monotone-qmix/3rdparty/StarCraftII/Versions/Base75689/SC2_x64" -listen 127.0.0.1 -port 40093 -dataDir /labmount/users/202535331/MARL/pymarl-monotone-qmix/3rdparty/StarCraftII/ -tempDir /tmp/sc-d9_004x1/'
Starting up...
Startup Phase 1 complete
[INFO 20:55:04] absl Connecting to: ws://127.0.0.1:40093/sc2api, attempt: 1, running: True
Startup Phase 2 complete
Creating stub renderer...
Listening on: 127.0.0.1:40093
Startup Phase 3 complete. Ready for commands.
[INFO 20:55:05] absl Connecting to: ws://127.0.0.1:40093/sc2api, attempt: 2, running: True
ConnectHandler: Request from 127.0.0.1:44700 accepted
ReadyHandler: 127.0.0.1:44700 ready
Requesting to join a single player game
Configuring interface options
Configure: raw interface enabled
Configure: feature layer interface disabled
Configure: score interface disabled
Configure: render interface disabled
Launching next game.
Next launch phase started: 2
Next launch phase started: 3
Next launch phase started: 4
Next launch phase started: 5
Next launch phase started: 6
Next launch phase started: 7
Next launch phase started: 8
Game has started.
Using default stable ids, none found at: /labmount/users/202535331/MARL/pymarl-monotone-qmix/3rdparty/StarCraftII/stableid.json
Successfully loaded stable ids: GameData\stableid.json
Sending ResponseJoinGame
[INFO 20:55:35] my_main Updated target network
[INFO 20:58:11] my_main Updated target network
[INFO 21:00:39] my_main Updated target network
[INFO 21:00:58] my_main t_env: 1830058 / 2050000
[INFO 21:00:58] my_main Estimated time left: 3 hours, 45 minutes, 44 seconds. Time passed: 17 hours, 24 minutes, 28 seconds
[INFO 21:01:04] my_main Recent Stats | t_env:    1830058 | Episode:    46828
battle_won_mean:           0.9912	dead_allies_mean:          6.8401	dead_enemies_mean:        23.9794	div_coef:                4274.7994
div_loss:                 -0.0000	ep_length_mean:           15.0568	epsilon:                   0.0500	grad_norm:                 2.2173
loss:                     -0.0934	loss_td:                   0.0200	q_taken_mean:              0.5269	return_mean:              19.9677
return_std:                0.4059	target_mean:               0.5260	td_error_abs:              0.0989	test_battle_won_mean:      0.9938
test_dead_allies_mean:     6.2250	test_dead_enemies_mean:   23.9937	test_ep_length_mean:      13.3562	test_return_mean:         19.9825
test_return_std:           0.1149	
[INFO 21:03:04] my_main Updated target network
[INFO 21:05:32] my_main Updated target network
[INFO 21:07:59] my_main Updated target network
[INFO 21:10:29] my_main Updated target network
[INFO 21:10:31] my_main t_env: 1840065 / 2050000
[INFO 21:10:31] my_main Estimated time left: 3 hours, 20 minutes, 21 seconds. Time passed: 17 hours, 34 minutes, 1 seconds
[INFO 21:10:37] my_main Recent Stats | t_env:    1840065 | Episode:    47604
battle_won_mean:           0.9912	dead_allies_mean:          6.4244	dead_enemies_mean:        23.9794	div_coef:                4287.2521
div_loss:                 -0.0000	ep_length_mean:           14.8213	epsilon:                   0.0500	grad_norm:                 1.9862
loss:                     -0.0935	loss_td:                   0.0198	q_taken_mean:              0.5358	return_mean:              19.9676
return_std:                0.4059	target_mean:               0.5347	td_error_abs:              0.0989	test_battle_won_mean:      0.9938
test_dead_allies_mean:     5.7687	test_dead_enemies_mean:   23.9937	test_ep_length_mean:      13.2500	test_return_mean:         19.9828
test_return_std:           0.1159	
[INFO 21:13:02] my_main Updated target network
[INFO 21:15:22] my_main Updated target network
[INFO 21:17:43] my_main Updated target network
[INFO 21:19:37] my_main t_env: 1850075 / 2050000
[INFO 21:19:37] my_main Estimated time left: 3 hours, 1 minutes, 49 seconds. Time passed: 17 hours, 43 minutes, 8 seconds
[INFO 21:19:43] my_main Recent Stats | t_env:    1850075 | Episode:    48364
battle_won_mean:           0.9924	dead_allies_mean:          6.0211	dead_enemies_mean:        23.9812	div_coef:                4269.4507
div_loss:                 -0.0000	ep_length_mean:           14.5471	epsilon:                   0.0500	grad_norm:                 1.9982
loss:                     -0.0912	loss_td:                   0.0207	q_taken_mean:              0.5322	return_mean:              19.9723
return_std:                0.3852	target_mean:               0.5310	td_error_abs:              0.1019	test_battle_won_mean:      0.9938
test_dead_allies_mean:     5.7562	test_dead_enemies_mean:   23.9937	test_ep_length_mean:      13.1438	test_return_mean:         19.9833
test_return_std:           0.1166	
[INFO 21:20:08] my_main Updated target network
[INFO 21:22:23] my_main Updated target network
[INFO 21:24:48] my_main Updated target network
[INFO 21:27:06] my_main Updated target network
[INFO 21:28:38] my_main t_env: 1860097 / 2050000
[INFO 21:28:38] my_main Estimated time left: 2 hours, 50 minutes, 50 seconds. Time passed: 17 hours, 52 minutes, 9 seconds
[INFO 21:28:44] my_main Recent Stats | t_env:    1860097 | Episode:    49137
battle_won_mean:           0.9969	dead_allies_mean:          6.0083	dead_enemies_mean:        23.9875	div_coef:                4422.0573
div_loss:                 -0.0000	ep_length_mean:           13.5658	epsilon:                   0.0500	grad_norm:                 0.8141
loss:                     -0.1009	loss_td:                   0.0131	q_taken_mean:              0.5436	return_mean:              19.9870
return_std:                0.3160	target_mean:               0.5443	td_error_abs:              0.0763	test_battle_won_mean:      0.9938
test_dead_allies_mean:     5.8438	test_dead_enemies_mean:   23.9937	test_ep_length_mean:      12.9812	test_return_mean:         19.9829
test_return_std:           0.1158	
[INFO 21:29:27] my_main Updated target network
[INFO 21:31:45] my_main Updated target network
[INFO 21:34:05] my_main Updated target network
[INFO 21:36:20] my_main Updated target network
[INFO 21:37:25] my_main t_env: 1870102 / 2050000
[INFO 21:37:25] my_main Estimated time left: 2 hours, 37 minutes, 45 seconds. Time passed: 18 hours, 55 seconds
[INFO 21:37:30] my_main Recent Stats | t_env:    1870102 | Episode:    49899
battle_won_mean:           0.9979	dead_allies_mean:          6.1691	dead_enemies_mean:        23.9870	div_coef:                4318.9963
div_loss:                 -0.0000	ep_length_mean:           13.0099	epsilon:                   0.0500	grad_norm:                 1.0684
loss:                     -0.0944	loss_td:                   0.0153	q_taken_mean:              0.5274	return_mean:              19.9879
return_std:                0.3126	target_mean:               0.5279	td_error_abs:              0.0783	test_battle_won_mean:      1.0000
test_dead_allies_mean:     5.4562	test_dead_enemies_mean:   24.0000	test_ep_length_mean:      11.4187	test_return_mean:         20.0022
test_return_std:           0.0054	
[INFO 21:38:41] my_main Updated target network
[INFO 21:40:58] my_main Updated target network
[INFO 21:43:01] my_main Updated target network
[INFO 21:45:01] my_main Updated target network
[INFO 21:45:05] my_main t_env: 1880103 / 2050000
[INFO 21:45:05] my_main Estimated time left: 2 hours, 10 minutes, 21 seconds. Time passed: 18 hours, 8 minutes, 35 seconds
[INFO 21:45:12] my_main Recent Stats | t_env:    1880103 | Episode:    50607
battle_won_mean:           0.9979	dead_allies_mean:          6.1656	dead_enemies_mean:        23.9925	div_coef:                4062.5322
div_loss:                 -0.0000	ep_length_mean:           13.2575	epsilon:                   0.0500	grad_norm:                 1.1821
loss:                     -0.0877	loss_td:                   0.0142	q_taken_mean:              0.5385	return_mean:              19.9922
return_std:                0.2175	target_mean:               0.5389	td_error_abs:              0.0757	test_battle_won_mean:      0.9938
test_dead_allies_mean:     5.8000	test_dead_enemies_mean:   23.9688	test_ep_length_mean:      11.9250	test_return_mean:         19.9645
test_return_std:           0.2166	
[INFO 21:47:03] my_main Updated target network
RequestQuit command received.
DataHandler: unable to parse websocket frame.
CloseHandler: 127.0.0.1:44700 disconnected
Closing Application...
ResponseThread: No connection, dropping the response.
[INFO 21:48:46] absl Shutdown gracefully.
[INFO 21:48:46] absl Shutdown with return code: -15
[INFO 21:48:46] absl Launching SC2: /labmount/users/202535331/MARL/pymarl-monotone-qmix/3rdparty/StarCraftII/Versions/Base75689/SC2_x64 -listen 127.0.0.1 -port 33993 -dataDir /labmount/users/202535331/MARL/pymarl-monotone-qmix/3rdparty/StarCraftII/ -tempDir /tmp/sc-30ddlqe4/
[INFO 21:48:47] absl Connecting to: ws://127.0.0.1:33993/sc2api, attempt: 0, running: True
Version: B75689 (SC2.4.10)
Build: Aug 12 2019 17:16:57
Command Line: '"/labmount/users/202535331/MARL/pymarl-monotone-qmix/3rdparty/StarCraftII/Versions/Base75689/SC2_x64" -listen 127.0.0.1 -port 33993 -dataDir /labmount/users/202535331/MARL/pymarl-monotone-qmix/3rdparty/StarCraftII/ -tempDir /tmp/sc-30ddlqe4/'
Starting up...
Startup Phase 1 complete
[INFO 21:48:48] absl Connecting to: ws://127.0.0.1:33993/sc2api, attempt: 1, running: True
Startup Phase 2 complete
Creating stub renderer...
Listening on: 127.0.0.1:33993
Startup Phase 3 complete. Ready for commands.
[INFO 21:48:49] absl Connecting to: ws://127.0.0.1:33993/sc2api, attempt: 2, running: True
ConnectHandler: Request from 127.0.0.1:56316 accepted
ReadyHandler: 127.0.0.1:56316 ready
Requesting to join a single player game
Configuring interface options
Configure: raw interface enabled
Configure: feature layer interface disabled
Configure: score interface disabled
Configure: render interface disabled
Launching next game.
Next launch phase started: 2
Next launch phase started: 3
Next launch phase started: 4
Next launch phase started: 5
Next launch phase started: 6
Next launch phase started: 7
Next launch phase started: 8
Game has started.
Using default stable ids, none found at: /labmount/users/202535331/MARL/pymarl-monotone-qmix/3rdparty/StarCraftII/stableid.json
Successfully loaded stable ids: GameData\stableid.json
Sending ResponseJoinGame
[INFO 21:49:18] my_main Updated target network
[INFO 21:50:55] my_main t_env: 1890204 / 2050000
[INFO 21:50:55] my_main Estimated time left: 1 hours, 32 minutes, 10 seconds. Time passed: 18 hours, 14 minutes, 25 seconds
[INFO 21:51:03] my_main Recent Stats | t_env:    1890204 | Episode:    51142
battle_won_mean:           0.9926	dead_allies_mean:          6.7266	dead_enemies_mean:        23.9694	div_coef:                4566.0441
div_loss:                 -0.0000	ep_length_mean:           14.4544	epsilon:                   0.0500	grad_norm:                 1.4631
loss:                     -0.1002	loss_td:                   0.0138	q_taken_mean:              0.5475	return_mean:              19.9681
return_std:                0.3742	target_mean:               0.5477	td_error_abs:              0.0758	test_battle_won_mean:      0.9875
test_dead_allies_mean:     7.1750	test_dead_enemies_mean:   23.9688	test_ep_length_mean:      13.2312	test_return_mean:         19.9460
test_return_std:           0.3229	
[INFO 21:51:49] my_main Updated target network
[INFO 21:53:59] my_main Updated target network
[INFO 21:56:19] my_main Updated target network
[INFO 21:58:08] my_main t_env: 1900213 / 2050000
[INFO 21:58:08] my_main Estimated time left: 1 hours, 47 minutes, 57 seconds. Time passed: 18 hours, 21 minutes, 38 seconds
[INFO 21:58:14] my_main Recent Stats | t_env:    1900213 | Episode:    51759
battle_won_mean:           0.9896	dead_allies_mean:          7.2108	dead_enemies_mean:        23.9554	div_coef:                4640.4404
div_loss:                 -0.0000	ep_length_mean:           15.0646	epsilon:                   0.0500	grad_norm:                 1.6085
loss:                     -0.1018	loss_td:                   0.0137	q_taken_mean:              0.5492	return_mean:              19.9506
return_std:                0.4747	target_mean:               0.5496	td_error_abs:              0.0751	test_battle_won_mean:      0.9875
test_dead_allies_mean:     7.0625	test_dead_enemies_mean:   23.9688	test_ep_length_mean:      13.4563	test_return_mean:         19.9457
test_return_std:           0.3232	
[INFO 21:58:42] my_main Updated target network
[INFO 22:01:16] my_main Updated target network
[INFO 22:03:36] my_main Updated target network
[INFO 22:05:45] my_main Updated target network
[INFO 22:06:54] my_main t_env: 1910213 / 2050000
[INFO 22:06:54] my_main Estimated time left: 2 hours, 2 minutes, 45 seconds. Time passed: 18 hours, 30 minutes, 25 seconds
[INFO 22:07:00] my_main Recent Stats | t_env:    1910213 | Episode:    52502
battle_won_mean:           0.9896	dead_allies_mean:          7.2110	dead_enemies_mean:        23.9537	div_coef:                4826.0777
div_loss:                 -0.0000	ep_length_mean:           15.1634	epsilon:                   0.0500	grad_norm:                 1.4345
loss:                     -0.1066	loss_td:                   0.0132	q_taken_mean:              0.5418	return_mean:              19.9497
return_std:                0.4896	target_mean:               0.5417	td_error_abs:              0.0747	test_battle_won_mean:      0.9875
test_dead_allies_mean:     7.1562	test_dead_enemies_mean:   23.9688	test_ep_length_mean:      13.5000	test_return_mean:         19.9459
test_return_std:           0.3233	
[INFO 22:08:10] my_main Updated target network
[INFO 22:10:22] my_main Updated target network
[INFO 22:12:37] my_main Updated target network
[INFO 22:14:55] my_main Updated target network
[INFO 22:16:13] my_main t_env: 1920223 / 2050000
[INFO 22:16:13] my_main Estimated time left: 2 hours, 39 seconds. Time passed: 18 hours, 39 minutes, 43 seconds
[INFO 22:16:19] my_main Recent Stats | t_env:    1920223 | Episode:    53312
battle_won_mean:           0.9899	dead_allies_mean:          7.1741	dead_enemies_mean:        23.9551	div_coef:                4917.8609
div_loss:                 -0.0000	ep_length_mean:           15.0090	epsilon:                   0.0500	grad_norm:                 1.3525
loss:                     -0.1109	loss_td:                   0.0106	q_taken_mean:              0.5601	return_mean:              19.9514
return_std:                0.4677	target_mean:               0.5606	td_error_abs:              0.0707	test_battle_won_mean:      0.9875
test_dead_allies_mean:     7.1000	test_dead_enemies_mean:   23.9688	test_ep_length_mean:      13.5500	test_return_mean:         19.9464
test_return_std:           0.3240	
[INFO 22:17:18] my_main Updated target network
[INFO 22:19:31] my_main Updated target network
[INFO 22:21:45] my_main Updated target network
[INFO 22:23:57] my_main Updated target network
[INFO 22:25:10] my_main t_env: 1930300 / 2050000
[INFO 22:25:10] my_main Estimated time left: 1 hours, 46 minutes, 20 seconds. Time passed: 18 hours, 48 minutes, 40 seconds
[INFO 22:25:16] my_main Recent Stats | t_env:    1930300 | Episode:    54108
battle_won_mean:           0.9897	dead_allies_mean:          7.1049	dead_enemies_mean:        23.9563	div_coef:                4864.8670
div_loss:                 -0.0000	ep_length_mean:           14.7158	epsilon:                   0.0500	grad_norm:                 1.5272
loss:                     -0.1075	loss_td:                   0.0119	q_taken_mean:              0.5536	return_mean:              19.9513
return_std:                0.4537	target_mean:               0.5529	td_error_abs:              0.0769	test_battle_won_mean:      0.9938
test_dead_allies_mean:     6.8750	test_dead_enemies_mean:   24.0000	test_ep_length_mean:      13.1188	test_return_mean:         19.9844
test_return_std:           0.1132	
[INFO 22:26:17] my_main Updated target network
[INFO 22:28:40] my_main Updated target network
[INFO 22:30:55] my_main Updated target network
[INFO 22:33:02] my_main Updated target network
[INFO 22:34:41] my_main t_env: 1940300 / 2050000
[INFO 22:34:41] my_main Estimated time left: 1 hours, 44 minutes, 22 seconds. Time passed: 18 hours, 58 minutes, 11 seconds
[INFO 22:34:47] my_main Recent Stats | t_env:    1940300 | Episode:    54945
battle_won_mean:           0.9944	dead_allies_mean:          6.4618	dead_enemies_mean:        23.9783	div_coef:                4517.7230
div_loss:                 -0.0000	ep_length_mean:           13.3292	epsilon:                   0.0500	grad_norm:                 2.0233
loss:                     -0.0897	loss_td:                   0.0197	q_taken_mean:              0.5414	return_mean:              19.9732
return_std:                0.3423	target_mean:               0.5419	td_error_abs:              0.0910	test_battle_won_mean:      1.0000
test_dead_allies_mean:     5.6500	test_dead_enemies_mean:   24.0000	test_ep_length_mean:      11.6750	test_return_mean:         20.0027
test_return_std:           0.0061	
[INFO 22:35:27] my_main Updated target network
[INFO 22:37:46] my_main Updated target network
[INFO 22:40:06] my_main Updated target network
[INFO 22:42:13] my_main Updated target network
RequestQuit command received.
DataHandler: unable to parse websocket frame.
Closing Application...
CloseHandler: 127.0.0.1:56316 disconnected
ResponseThread: No connection, dropping the response.
[INFO 22:42:35] absl Shutdown gracefully.
[INFO 22:42:35] absl Shutdown with return code: -15
[INFO 22:42:35] absl Launching SC2: /labmount/users/202535331/MARL/pymarl-monotone-qmix/3rdparty/StarCraftII/Versions/Base75689/SC2_x64 -listen 127.0.0.1 -port 35167 -dataDir /labmount/users/202535331/MARL/pymarl-monotone-qmix/3rdparty/StarCraftII/ -tempDir /tmp/sc-wo__msxj/
[INFO 22:42:35] absl Connecting to: ws://127.0.0.1:35167/sc2api, attempt: 0, running: True
Version: B75689 (SC2.4.10)
Build: Aug 12 2019 17:16:57
Command Line: '"/labmount/users/202535331/MARL/pymarl-monotone-qmix/3rdparty/StarCraftII/Versions/Base75689/SC2_x64" -listen 127.0.0.1 -port 35167 -dataDir /labmount/users/202535331/MARL/pymarl-monotone-qmix/3rdparty/StarCraftII/ -tempDir /tmp/sc-wo__msxj/'
Starting up...
Startup Phase 1 complete
[INFO 22:42:36] absl Connecting to: ws://127.0.0.1:35167/sc2api, attempt: 1, running: True
Startup Phase 2 complete
Creating stub renderer...
Listening on: 127.0.0.1:35167
Startup Phase 3 complete. Ready for commands.
[INFO 22:42:37] absl Connecting to: ws://127.0.0.1:35167/sc2api, attempt: 2, running: True
ConnectHandler: Request from 127.0.0.1:51918 accepted
ReadyHandler: 127.0.0.1:51918 ready
Requesting to join a single player game
Configuring interface options
Configure: raw interface enabled
Configure: feature layer interface disabled
Configure: score interface disabled
Configure: render interface disabled
Launching next game.
Next launch phase started: 2
Next launch phase started: 3
Next launch phase started: 4
Next launch phase started: 5
Next launch phase started: 6
Next launch phase started: 7
Next launch phase started: 8
Game has started.
Using default stable ids, none found at: /labmount/users/202535331/MARL/pymarl-monotone-qmix/3rdparty/StarCraftII/stableid.json
Successfully loaded stable ids: GameData\stableid.json
Sending ResponseJoinGame
[INFO 22:44:28] my_main Updated target network
[INFO 22:44:50] my_main t_env: 1950305 / 2050000
[INFO 22:44:50] my_main Estimated time left: 1 hours, 41 minutes, 13 seconds. Time passed: 19 hours, 8 minutes, 21 seconds
[INFO 22:44:56] my_main Recent Stats | t_env:    1950305 | Episode:    55837
battle_won_mean:           0.9973	dead_allies_mean:          5.9116	dead_enemies_mean:        23.9893	div_coef:                4900.9771
div_loss:                 -0.0000	ep_length_mean:           12.3281	epsilon:                   0.0500	grad_norm:                 2.0122
loss:                     -0.0963	loss_td:                   0.0198	q_taken_mean:              0.5487	return_mean:              19.9878
return_std:                0.3117	target_mean:               0.5492	td_error_abs:              0.0919	test_battle_won_mean:      1.0000
test_dead_allies_mean:     5.5438	test_dead_enemies_mean:   24.0000	test_ep_length_mean:      11.1687	test_return_mean:         20.0027
test_return_std:           0.0058	
[INFO 22:46:38] my_main Updated target network
[INFO 22:48:35] my_main Updated target network
[INFO 22:50:22] my_main Updated target network
[INFO 22:52:10] my_main Updated target network
[INFO 22:53:16] my_main t_env: 1960310 / 2050000
[INFO 22:53:16] my_main Estimated time left: 1 hours, 15 minutes, 32 seconds. Time passed: 19 hours, 16 minutes, 46 seconds
[INFO 22:53:22] my_main Recent Stats | t_env:    1960310 | Episode:    56722
battle_won_mean:           0.9974	dead_allies_mean:          5.7775	dead_enemies_mean:        23.9906	div_coef:                4549.7096
div_loss:                 -0.0000	ep_length_mean:           11.8973	epsilon:                   0.0500	grad_norm:                 3.4195
loss:                     -0.0816	loss_td:                   0.0250	q_taken_mean:              0.5652	return_mean:              19.9886
return_std:                0.3007	target_mean:               0.5673	td_error_abs:              0.1107	test_battle_won_mean:      1.0000
test_dead_allies_mean:     5.4562	test_dead_enemies_mean:   24.0000	test_ep_length_mean:      11.0188	test_return_mean:         20.0028
test_return_std:           0.0058	
[INFO 22:54:03] my_main Updated target network
[INFO 22:55:51] my_main Updated target network
[INFO 22:57:38] my_main Updated target network
[INFO 22:59:25] my_main Updated target network
[INFO 23:01:04] my_main t_env: 1970311 / 2050000
[INFO 23:01:04] my_main Estimated time left: 1 hours, 2 minutes, 9 seconds. Time passed: 19 hours, 24 minutes, 34 seconds
[INFO 23:01:10] my_main Recent Stats | t_env:    1970311 | Episode:    57591
battle_won_mean:           0.9972	dead_allies_mean:          5.6904	dead_enemies_mean:        23.9895	div_coef:                4393.6666
div_loss:                 -0.0000	ep_length_mean:           11.7274	epsilon:                   0.0500	grad_norm:                 3.5167
loss:                     -0.0767	loss_td:                   0.0256	q_taken_mean:              0.5724	return_mean:              19.9871
return_std:                0.3235	target_mean:               0.5741	td_error_abs:              0.1139	test_battle_won_mean:      1.0000
test_dead_allies_mean:     5.5687	test_dead_enemies_mean:   24.0000	test_ep_length_mean:      10.8812	test_return_mean:         20.0029
test_return_std:           0.0059	
[INFO 23:01:15] my_main Updated target network
[INFO 23:02:57] my_main Updated target network
[INFO 23:04:43] my_main Updated target network
[INFO 23:06:28] my_main Updated target network
[INFO 23:08:16] my_main Updated target network
[INFO 23:08:42] my_main t_env: 1980311 / 2050000
[INFO 23:08:42] my_main Estimated time left: 53 minutes, 13 seconds. Time passed: 19 hours, 32 minutes, 13 seconds
[INFO 23:08:48] my_main Recent Stats | t_env:    1980311 | Episode:    58450
battle_won_mean:           0.9977	dead_allies_mean:          5.5752	dead_enemies_mean:        23.9900	div_coef:                4131.2573
div_loss:                 -0.0000	ep_length_mean:           11.5238	epsilon:                   0.0500	grad_norm:                 3.0361
loss:                     -0.0718	loss_td:                   0.0235	q_taken_mean:              0.5860	return_mean:              19.9889
return_std:                0.3061	target_mean:               0.5885	td_error_abs:              0.1033	test_battle_won_mean:      1.0000
test_dead_allies_mean:     5.1500	test_dead_enemies_mean:   24.0000	test_ep_length_mean:      10.5625	test_return_mean:         20.0023
test_return_std:           0.0052	
[INFO 23:10:07] my_main Updated target network
[INFO 23:11:54] my_main Updated target network
[INFO 23:13:38] my_main Updated target network
[INFO 23:15:26] my_main Updated target network
[INFO 23:16:10] my_main t_env: 1990312 / 2050000
[INFO 23:16:10] my_main Estimated time left: 44 minutes, 31 seconds. Time passed: 19 hours, 39 minutes, 40 seconds
[INFO 23:16:16] my_main Recent Stats | t_env:    1990312 | Episode:    59284
battle_won_mean:           0.9970	dead_allies_mean:          5.7260	dead_enemies_mean:        23.9898	div_coef:                3780.7163
div_loss:                 -0.0000	ep_length_mean:           11.5326	epsilon:                   0.0500	grad_norm:                 3.2896
loss:                     -0.0673	loss_td:                   0.0198	q_taken_mean:              0.5932	return_mean:              19.9866
return_std:                0.3187	target_mean:               0.5937	td_error_abs:              0.1036	test_battle_won_mean:      1.0000
test_dead_allies_mean:     5.2625	test_dead_enemies_mean:   24.0000	test_ep_length_mean:      10.6250	test_return_mean:         20.0025
test_return_std:           0.0053	
[INFO 23:17:19] my_main Updated target network
[INFO 23:19:08] my_main Updated target network
[INFO 23:20:54] my_main Updated target network
[INFO 23:22:29] my_main Updated target network
[INFO 23:23:01] my_main Saving models to results/models/kaleidoscope_pmix_kan_bane_vs_bane_seed41__2026-09-25_03-36-15/2000018
[INFO 23:23:15] my_main t_env: 2000321 / 2050000
[INFO 23:23:15] my_main Estimated time left: 35 minutes, 6 seconds. Time passed: 19 hours, 46 minutes, 45 seconds
[INFO 23:23:20] my_main Recent Stats | t_env:    2000321 | Episode:    60093
battle_won_mean:           0.9959	dead_allies_mean:          6.1684	dead_enemies_mean:        23.9948	div_coef:                3463.9994
div_loss:                 -0.0000	ep_length_mean:           11.7638	epsilon:                   0.0500	grad_norm:                 3.4018
loss:                     -0.0623	loss_td:                   0.0184	q_taken_mean:              0.5925	return_mean:              19.9872
return_std:                0.2430	target_mean:               0.5925	td_error_abs:              0.1002	test_battle_won_mean:      1.0000
test_dead_allies_mean:     5.3688	test_dead_enemies_mean:   24.0000	test_ep_length_mean:      10.7375	test_return_mean:         20.0024
test_return_std:           0.0047	
[INFO 23:24:15] my_main Updated target network
[INFO 23:26:00] my_main Updated target network
[INFO 23:27:41] my_main Updated target network
[INFO 23:29:22] my_main Updated target network
DataHandler: unable to parse websocket frame.
CloseHandler: 127.0.0.1:51918 disconnected
RequestQuit command received.
QueueResponse: No outstanding requests to this connection, dropping response: quit, id: 999999999
Closing Application...
[INFO 23:30:32] absl Shutdown gracefully.
[INFO 23:30:32] absl Shutdown with return code: -15
[INFO 23:30:32] absl Launching SC2: /labmount/users/202535331/MARL/pymarl-monotone-qmix/3rdparty/StarCraftII/Versions/Base75689/SC2_x64 -listen 127.0.0.1 -port 33017 -dataDir /labmount/users/202535331/MARL/pymarl-monotone-qmix/3rdparty/StarCraftII/ -tempDir /tmp/sc-n732iq7q/
[INFO 23:30:33] absl Connecting to: ws://127.0.0.1:33017/sc2api, attempt: 0, running: True
Version: B75689 (SC2.4.10)
Build: Aug 12 2019 17:16:57
Command Line: '"/labmount/users/202535331/MARL/pymarl-monotone-qmix/3rdparty/StarCraftII/Versions/Base75689/SC2_x64" -listen 127.0.0.1 -port 33017 -dataDir /labmount/users/202535331/MARL/pymarl-monotone-qmix/3rdparty/StarCraftII/ -tempDir /tmp/sc-n732iq7q/'
Starting up...
Startup Phase 1 complete
[INFO 23:30:34] absl Connecting to: ws://127.0.0.1:33017/sc2api, attempt: 1, running: True
Startup Phase 2 complete
Creating stub renderer...
Listening on: 127.0.0.1:33017
Startup Phase 3 complete. Ready for commands.
[INFO 23:30:35] absl Connecting to: ws://127.0.0.1:33017/sc2api, attempt: 2, running: True
ConnectHandler: Request from 127.0.0.1:48254 accepted
ReadyHandler: 127.0.0.1:48254 ready
Requesting to join a single player game
Configuring interface options
Configure: raw interface enabled
Configure: feature layer interface disabled
Configure: score interface disabled
Configure: render interface disabled
Launching next game.
Next launch phase started: 2
Next launch phase started: 3
Next launch phase started: 4
Next launch phase started: 5
Next launch phase started: 6
Next launch phase started: 7
Next launch phase started: 8
Game has started.
Using default stable ids, none found at: /labmount/users/202535331/MARL/pymarl-monotone-qmix/3rdparty/StarCraftII/stableid.json
Successfully loaded stable ids: GameData\stableid.json
Sending ResponseJoinGame
[INFO 23:30:46] my_main t_env: 2010331 / 2050000
[INFO 23:30:46] my_main Estimated time left: 29 minutes, 50 seconds. Time passed: 19 hours, 54 minutes, 16 seconds
[INFO 23:30:52] my_main Recent Stats | t_env:    2010331 | Episode:    60955
battle_won_mean:           0.9952	dead_allies_mean:          6.3625	dead_enemies_mean:        23.9902	div_coef:                3486.0556
div_loss:                 -0.0000	ep_length_mean:           11.8253	epsilon:                   0.0500	grad_norm:                 2.8981
loss:                     -0.0666	loss_td:                   0.0149	q_taken_mean:              0.5920	return_mean:              19.9815
return_std:                0.3440	target_mean:               0.5897	td_error_abs:              0.0912	test_battle_won_mean:      1.0000
test_dead_allies_mean:     5.3125	test_dead_enemies_mean:   24.0000	test_ep_length_mean:      10.6750	test_return_mean:         20.0018
test_return_std:           0.0042	
[INFO 23:31:15] my_main Updated target network
[INFO 23:32:59] my_main Updated target network
[INFO 23:34:42] my_main Updated target network
[INFO 23:36:25] my_main Updated target network
[INFO 23:38:01] my_main Updated target network
[INFO 23:38:10] my_main t_env: 2020333 / 2050000
[INFO 23:38:10] my_main Estimated time left: 21 minutes, 55 seconds. Time passed: 20 hours, 1 minutes, 40 seconds
[INFO 23:38:16] my_main Recent Stats | t_env:    2020333 | Episode:    61823
battle_won_mean:           0.9954	dead_allies_mean:          6.2984	dead_enemies_mean:        23.9918	div_coef:                3411.3882
div_loss:                 -0.0000	ep_length_mean:           11.8281	epsilon:                   0.0500	grad_norm:                 2.8692
loss:                     -0.0660	loss_td:                   0.0142	q_taken_mean:              0.5939	return_mean:              19.9835
return_std:                0.3083	target_mean:               0.5915	td_error_abs:              0.0889	test_battle_won_mean:      0.9938
test_dead_allies_mean:     5.2250	test_dead_enemies_mean:   23.9937	test_ep_length_mean:      11.7875	test_return_mean:         19.9821
test_return_std:           0.1136	
[INFO 23:39:49] my_main Updated target network
[INFO 23:41:32] my_main Updated target network
[INFO 23:43:18] my_main Updated target network
[INFO 23:44:58] my_main Updated target network
[INFO 23:46:09] my_main t_env: 2030340 / 2050000
[INFO 23:46:09] my_main Estimated time left: 15 minutes, 41 seconds. Time passed: 20 hours, 9 minutes, 39 seconds
[INFO 23:46:14] my_main Recent Stats | t_env:    2030340 | Episode:    62739
battle_won_mean:           0.9952	dead_allies_mean:          6.2320	dead_enemies_mean:        23.9918	div_coef:                3857.5419
div_loss:                 -0.0000	ep_length_mean:           11.6848	epsilon:                   0.0500	grad_norm:                 3.4182
loss:                     -0.0749	loss_td:                   0.0155	q_taken_mean:              0.5919	return_mean:              19.9827
return_std:                0.3162	target_mean:               0.5887	td_error_abs:              0.0974	test_battle_won_mean:      0.9938
test_dead_allies_mean:     5.2313	test_dead_enemies_mean:   23.9937	test_ep_length_mean:      11.7937	test_return_mean:         19.9821
test_return_std:           0.1138	
[INFO 23:46:46] my_main Updated target network
[INFO 23:48:24] my_main Updated target network
[INFO 23:50:02] my_main Updated target network
[INFO 23:51:40] my_main Updated target network
[INFO 23:53:17] my_main Updated target network
[INFO 23:53:44] my_main t_env: 2040347 / 2050000
[INFO 23:53:44] my_main Estimated time left: 7 minutes, 18 seconds. Time passed: 20 hours, 17 minutes, 14 seconds
[INFO 23:53:49] my_main Recent Stats | t_env:    2040347 | Episode:    63656
battle_won_mean:           0.9964	dead_allies_mean:          6.0646	dead_enemies_mean:        23.9932	div_coef:                3962.2681
div_loss:                 -0.0000	ep_length_mean:           11.4690	epsilon:                   0.0500	grad_norm:                 2.7895
loss:                     -0.0811	loss_td:                   0.0113	q_taken_mean:              0.6038	return_mean:              19.9870
return_std:                0.2580	target_mean:               0.6020	td_error_abs:              0.0823	test_battle_won_mean:      0.9938
test_dead_allies_mean:     4.8875	test_dead_enemies_mean:   23.9937	test_ep_length_mean:      11.4750	test_return_mean:         19.9817
test_return_std:           0.1131	
[INFO 23:54:59] my_main Updated target network
[INFO 23:56:36] my_main Updated target network
[INFO 23:58:16] my_main Updated target network
[INFO 23:59:49] my_main Updated target network
RequestQuit command received.
DataHandler: unable to parse websocket frame.
CloseHandler: 127.0.0.1:48254 disconnected
Closing Application...
ResponseThread: No connection, dropping the response.
[INFO 00:00:52] absl Shutdown gracefully.
[INFO 00:00:52] absl Shutdown with return code: -15
[INFO 00:00:52] my_main Finished Training
