{
  "battle_won_mean": [
    0.0,
    0.0,
    0.0,
    0.0,
    0.0,
    0.0,
    0.0,
    0.0,
    0.0,
    0.0,
    0.0,
    0.0,
    0.0,
    0.0,
    0.0,
    0.0,
    0.0,
    0.0,
    0.0,
    0.0,
    0.0,
    0.0
  ],
  "battle_won_mean_T": [
    40,
    10042,
    20059,
    30061,
    40071,
    50081,
    60084,
    70086,
    80109,
    90117,
    100124,
    110125,
    120156,
    130196,
    140199,
    150235,
    160256,
    170282,
    180346,
    190523,
    200549,
    210581
  ],
  "dead_allies_mean": [
    10.0,
    9.861818181818181,
    9.46264367816092,
    9.198966408268733,
    9.049019607843137,
    9.002475247524753,
    8.982142857142858,
    9.088235294117647,
    9.423076923076923,
    9.667870036101084,
    9.834008097165992,
    9.91588785046729,
    9.810055865921788,
    9.841807909604519,
    9.798657718120806,
    9.903225806451612,
    9.900552486187845,
    9.908602150537634,
    9.88,
    9.935643564356436,
    9.926470588235293,
    9.905940594059405
  ],
  "dead_allies_mean_T": [
    40,
    10042,
    20059,
    30061,
    40071,
    50081,
    60084,
    70086,
    80109,
    90117,
    100124,
    110125,
    120156,
    130196,
    140199,
    150235,
    160256,
    170282,
    180346,
    190523,
    200549,
    210581
  ],
  "dead_enemies_mean": [
    0.0,
    0.0036363636363636364,
    0.05459770114942529,
    0.2248062015503876,
    0.7475490196078431,
    1.4257425742574257,
    2.086734693877551,
    2.2406417112299466,
    2.423076923076923,
    2.6028880866425994,
    2.445344129554656,
    2.3457943925233646,
    2.3798882681564244,
    2.3446327683615817,
    2.1543624161073827,
    2.161290322580645,
    2.18232044198895,
    2.4086021505376345,
    2.465,
    2.4752475247524752,
    2.534313725490196,
    2.722772277227723
  ],
  "dead_enemies_mean_T": [
    40,
    10042,
    20059,
    30061,
    40071,
    50081,
    60084,
    70086,
    80109,
    90117,
    100124,
    110125,
    120156,
    130196,
    140199,
    150235,
    160256,
    170282,
    180346,
    190523,
    200549,
    210581
  ],
  "ep_length_mean": [
    40.0,
    36.37090909090909,
    28.78448275862069,
    25.844961240310077,
    24.534313725490197,
    24.777227722772277,
    25.517857142857142,
    26.74331550802139,
    32.125,
    36.12996389891697,
    40.51417004048583,
    46.73364485981308,
    56.039106145251395,
    56.72316384180791,
    67.13422818791946,
    53.956989247311824,
    55.3646408839779,
    53.903225806451616,
    50.32,
    50.381188118811885,
    49.14705882352941,
    49.663366336633665
  ],
  "ep_length_mean_T": [
    40,
    10042,
    20059,
    30061,
    40071,
    50081,
    60084,
    70086,
    80109,
    90117,
    100124,
    110125,
    120156,
    130196,
    140199,
    150235,
    160256,
    170282,
    180346,
    190523,
    200549,
    210581
  ],
  "episode": [
    275,
    623,
    1010,
    1418,
    1822,
    2214,
    2589,
    2901,
    3178,
    3425,
    3639,
    3818,
    3995,
    4144,
    4330,
    4511,
    4697,
    4897,
    5099,
    5303,
    5505
  ],
  "episode_T": [
    10010,
    20027,
    30035,
    40044,
    50055,
    60060,
    70086,
    80109,
    90117,
    100124,
    110125,
    120156,
    130196,
    140199,
    150235,
    160256,
    170282,
    180346,
    190523,
    200549,
    210581
  ],
  "epsilon": [
    1.0,
    0.80981,
    0.6194870000000001,
    0.429335,
    0.23916400000000004,
    0.05,
    0.05,
    0.05,
    0.05,
    0.05,
    0.05,
    0.05,
    0.05,
    0.05,
    0.05,
    0.05,
    0.05,
    0.05,
    0.05,
    0.05,
    0.05,
    0.05
  ],
  "epsilon_T": [
    40,
    10042,
    20059,
    30061,
    40071,
    50081,
    60084,
    70086,
    80109,
    90117,
    100124,
    110125,
    120156,
    130196,
    140199,
    150235,
    160256,
    170282,
    180346,
    190523,
    200549,
    210581
  ],
  "grad_norm": [
    0.2164791226387024,
    0.052583806216716766,
    0.08892417699098587,
    0.03476106375455856,
    0.20146819949150085,
    0.1357244998216629,
    0.2509176433086395,
    0.1554500311613083,
    0.33513379096984863,
    0.6986309289932251,
    0.4111487865447998,
    0.8296793699264526,
    0.8265442252159119,
    0.645903468132019,
    0.08099257946014404,
    0.5108762383460999,
    0.2338618040084839,
    0.5075733065605164,
    0.2009459137916565,
    0.396124929189682,
    0.28731685876846313,
    0.1459147036075592
  ],
  "grad_norm_T": [
    1191,
    11200,
    21208,
    31228,
    41232,
    51242,
    61265,
    71268,
    81295,
    91304,
    101321,
    111348,
    121352,
    131362,
    141489,
    151635,
    161764,
    171800,
    181825,
    191918,
    201918,
    211950
  ],
  "loss": [
    0.00799295213073492,
    0.002907077083364129,
    0.004300907254219055,
    0.005315739195793867,
    0.008132454007863998,
    0.011219746433198452,
    0.013528705574572086,
    0.01333011593669653,
    0.01699291542172432,
    0.022426394745707512,
    0.021228870376944542,
    0.021510779857635498,
    0.02331845834851265,
    0.021208541467785835,
    0.012541811913251877,
    0.016212478280067444,
    0.014500508084893227,
    0.020904172211885452,
    0.01466317381709814,
    0.015637783333659172,
    0.017296895384788513,
    0.018579095602035522
  ],
  "loss_T": [
    1191,
    11200,
    21208,
    31228,
    41232,
    51242,
    61265,
    71268,
    81295,
    91304,
    101321,
    111348,
    121352,
    131362,
    141489,
    151635,
    161764,
    171800,
    181825,
    191918,
    201918,
    211950
  ],
  "q_taken_mean": [
    0.01051579242389208,
    0.024473587242332666,
    0.050048395592396655,
    0.07019953921724438,
    0.10715327860282603,
    0.13550210604500454,
    0.16077962709989163,
    0.18204145951704545,
    0.19053677945523648,
    0.21904371696757946,
    0.21635025542510952,
    0.21606480225357508,
    0.22847390189628483,
    0.23293562307494867,
    0.16697602905979048,
    0.17499737700154958,
    0.19428629421431554,
    0.24264298624067165,
    0.18415479611694424,
    0.19251023101220216,
    0.21056820999033768,
    0.23709585887373968
  ],
  "q_taken_mean_T": [
    1191,
    11200,
    21208,
    31228,
    41232,
    51242,
    61265,
    71268,
    81295,
    91304,
    101321,
    111348,
    121352,
    131362,
    141489,
    151635,
    161764,
    171800,
    181825,
    191918,
    201918,
    211950
  ],
  "return_mean": [
    1.8915407806016595,
    1.959542669629385,
    2.1922783770888477,
    2.578233486003222,
    3.4488972415664922,
    4.43179167704439,
    5.160140909806609,
    5.336230780785413,
    5.774584407666373,
    6.073651232852919,
    6.141631010140354,
    6.156652978305442,
    6.208415085175244,
    6.2079442147171,
    6.125708931778937,
    6.136285237815383,
    6.2039712228270165,
    6.49891230901848,
    6.394560506353731,
    6.4793752776308455,
    6.485332712166164,
    6.5405828899798655
  ],
  "return_mean_T": [
    40,
    10042,
    20059,
    30061,
    40071,
    50081,
    60084,
    70086,
    80109,
    90117,
    100124,
    110125,
    120156,
    130196,
    140199,
    150235,
    160256,
    170282,
    180346,
    190523,
    200549,
    210581
  ],
  "return_std": [
    0.0,
    0.41525957313680134,
    0.48345896433417884,
    0.6048587711997676,
    0.7618863399899528,
    0.780327068206894,
    0.7891247012716756,
    0.8231141093359648,
    1.023669491554926,
    0.961410204713077,
    0.988279858623863,
    0.9807582107980655,
    1.0261737557339194,
    0.9312145038380724,
    0.9457506713965017,
    0.9178525885308189,
    1.01823256049632,
    1.1885503519317144,
    1.107717635122937,
    1.2353986777227182,
    1.1644906346389514,
    1.0943091229997313
  ],