{
  "battle_won_mean": [
    0.0,
    0.0,
    0.0,
    0.0,
    0.0,
    0.0,
    0.0,
    0.0,
    0.0,
    0.0,
    0.0,
    0.0,
    0.0,
    0.0,
    0.0,
    0.0
  ],
  "battle_won_mean_T": [
    114,
    10126,
    20141,
    30156,
    40183,
    50183,
    60194,
    70199,
    80209,
    90219,
    100235,
    110246,
    120260,
    130263,
    140297,
    150328
  ],
  "dead_allies_mean": [
    3.0,
    2.9956709956709955,
    2.9754098360655736,
    2.9738805970149254,
    2.996978851963746,
    3.0,
    2.991957104557641,
    3.0,
    3.0,
    3.0,
    3.0,
    3.0,
    2.989655172413793,
    3.0,
    3.0,
    3.0
  ],
  "dead_allies_mean_T": [
    114,
    10126,
    20141,
    30156,
    40183,
    50183,
    60194,
    70199,
    80209,
    90219,
    100235,
    110246,
    120260,
    130263,
    140297,
    150328
  ],
  "dead_enemies_mean": [
    0.0,
    0.0,
    0.0,
    0.029850746268656716,
    0.04833836858006042,
    0.07202216066481995,
    0.002680965147453083,
    0.10869565217391304,
    0.1912568306010929,
    0.3888888888888889,
    0.1694915254237288,
    0.02491103202846975,
    0.6724137931034483,
    0.8485915492957746,
    0.5818815331010453,
    0.4507042253521127
  ],
  "dead_enemies_mean_T": [
    114,
    10126,
    20141,
    30156,
    40183,
    50183,
    60194,
    70199,
    80209,
    90219,
    100235,
    110246,
    120260,
    130263,
    140297,
    150328
  ],
  "ep_length_mean": [
    114.0,
    43.34199134199134,
    41.045081967213115,
    37.36940298507463,
    30.293051359516618,
    27.700831024930746,
    26.839142091152816,
    27.1875,
    27.349726775956285,
    29.269005847953217,
    33.952542372881354,
    35.62633451957296,
    34.53103448275862,
    35.221830985915496,
    34.961672473867594,
    35.320422535211264
  ],
  "ep_length_mean_T": [
    114,
    10126,
    20141,
    30156,
    40183,
    50183,
    60194,
    70199,
    80209,
    90219,
    100235,
    110246,
    120260,
    130263,
    140297,
    150328
  ],
  "episode": [
    229,
    472,
    740,
    1070,
    1431,
    1804,
    2172,
    2538,
    2881,
    3177,
    3458,
    3748,
    4032,
    4319,
    4603
  ],
  "episode_T": [
    10001,
    20007,
    30027,
    40043,
    50050,
    60057,
    70070,
    80074,
    90097,
    100124,
    110137,
    120156,
    130157,
    140190,
    150221
  ],
  "epsilon": [
    1.0,
    0.808309,
    0.6181000000000001,
    0.42756800000000006,
    0.2371120000000001,
    0.05,
    0.05,
    0.05,
    0.05,
    0.05,
    0.05,
    0.05,
    0.05,
    0.05,
    0.05,
    0.05
  ],
  "epsilon_T": [
    114,
    10126,
    20141,
    30156,
    40183,
    50183,
    60194,
    70199,
    80209,
    90219,
    100235,
    110246,
    120260,
    130263,
    140297,
    150328
  ],
  "grad_norm": [
    0.3051125407218933,
    0.08009543269872665,
    0.07760412245988846,
    0.08203256130218506,
    0.07102030515670776,
    0.02311546728014946,
    0.0964047759771347,
    0.17849548161029816,
    0.25323930382728577,
    0.6428589820861816,
    0.4223760962486267,
    0.17657001316547394,
    0.7482163310050964,
    0.1594286412000656,
    0.276683509349823,
    0.5267999768257141
  ],
  "grad_norm_T": [
    1555,
    11561,
    21565,
    31584,
    41587,
    51588,
    61605,
    71620,
    81639,
    91656,
    101668,
    111668,
    121682,
    131695,
    141715,
    151729
  ],
  "loss": [
    0.026013776659965515,
    0.013383743353188038,
    0.015112610533833504,
    0.01030560303479433,
    0.011879908852279186,
    0.010761981830000877,
    0.008657518774271011,
    0.010691533796489239,
    0.01114538125693798,
    0.016977449879050255,
    0.01112216804176569,
    0.011111670173704624,
    0.020294630900025368,
    0.010382458567619324,
    0.010915699414908886,
    0.01328031625598669
  ],
  "loss_T": [
    1555,
    11561,
    21565,
    31584,
    41587,
    51588,
    61605,
    71620,
    81639,
    91656,
    101668,
    111668,
    121682,
    131695,
    141715,
    151729
  ],
  "q_taken_mean": [
    -0.05268837621102124,
    0.028808301681675273,
    0.11246004090852724,
    0.13021527491837148,
    0.2892277681941709,
    0.39981157023325464,
    0.36714806555376006,
    0.5175262642725884,
    0.5737115177914213,
    0.5588188846315464,
    0.5938632518850844,
    0.6113598405402736,
    0.6267633656829249,
    0.6226615577700378,
    0.6134025269121403,
    0.6087516848565745
  ],
  "q_taken_mean_T": [
    1555,
    11561,
    21565,
    31584,
    41587,
    51588,
    61605,
    71620,
    81639,
    91656,
    101668,
    111668,
    121682,
    131695,
    141715,
    151729
  ],
  "return_mean": [
    4.12,
    3.3866558441558436,
    3.6112192622950823,
    3.7048414179104476,
    3.7858761329305137,
    3.7831717451523543,
    3.795395442359249,
    3.749259510869565,
    3.7490778688524586,
    3.824510233918128,
    4.10371186440678,
    4.412197508896797,
    4.216422413793103,
    4.3364612676056336,
    4.3325087108013935,
    4.347966549295775
  ],
  "return_mean_T": [
    114,
    10126,
    20141,
    30156,
    40183,
    50183,
    60194,
    70199,
    80209,
    90219,
    100235,
    110246,
    120260,
    130263,
    140297,
    150328
  ],
  "return_std": [
    0.0,
    0.610005980346848,
    0.5293627026731509,
    0.38207919741591406,
    0.32552715054901665,
    0.26173605814333534,
    0.3146291720062702,
    0.2418769560459718,
    0.24182533907657774,
    0.30146450148483583,
    0.3909335762577527,
    0.409542044336358,
    0.38661955372847834,
    0.3650701436264092,
    0.3952041823449454,
    0.3629846538302429
  ],
  "return_std_T": [
    114,
    10126,
    20141,
    30156,
    40183,
    50183,
    60194,
    70199,
    80209,
    90219,
    100235,
    110246,
    120260,
    130263,
    140297,
    150328
  ],
  "target_mean": [
    -0.02658372983288535,
    0.02282173270716164,
    0.10729550668515513,
    0.13524175847618325,
    0.28510030582063833,
    0.39889051364659844,
    0.3635313974210279,
    0.5251223284063222,
    0.5633859028567764,
    0.5846334296764419,
    0.6103904620605289,
    0.6180810579362109,
    0.5975418881803722,
    0.628934930434619,
    0.602048212144073,
    0.5874933750785176
  ],
  "target_mean_T": [
    1555,
    11561,
    21565,
    31584,
    41587,
    51588,
    61605,
    71620,
    81639,
    91656,
    101668,
    111668,
    121682,
    131695,
    141715,
    151729
  ],
  "td_error_abs": [
    0.10898885941582094,
    0.08668381827218193,
    0.09558824151109307,
    0.0715686464772641,
    0.08204126932534826,
    0.07756473985573928,
    0.06645340080356678,
    0.0764521437192223,
    0.08063602651722682,
    0.10460335636341395,
    0.08245079116065904,
    0.07685201039571248,
    0.11138241522498675,
    0.07240808760541634,
    0.07704332612019063,
    0.09168253376256282
  ],
  "td_error_abs_T": [
    1555,
    11561,
    21565,
    31584,
    41587,
    51588,
    61605,
    71620,
    81639,
    91656,
    101668,
    111668,
    121682,
    131695,
    141715,
    151729
  ],
  "test_battle_won_mean": [
    0.0,
    0.0,
    0.0,
    0.0,
    0.0,
    0.0,
    0.0,
    0.0,
    0.0,
    0.0,
    0.0,
    0.0,
    0.0,
    0.0,
    0.0,
    0.0
  ],
  "test_battle_won_mean_T": [
    114,
    10126,
    20141,
    30156,
    40183,
    50183,
    60194,
    70199,
    80209,
    90219,
    100235,
    110246,
    120260,
    130263,
    140297,
    150328
  ],
  "test_dead_allies_mean": [
    0.0,
    3.0,
    3.0,
    3.0,
    3.0,
    3.0,
    3.0,
    3.0,
    3.0,
    3.0,
    3.0,
    3.0,
    3.0,
    3.0,
    3.0,
    3.0
  ],
  "test_dead_allies_mean_T": [
    114,
    10126,
    20141,
    30156,
    40183,
    50183,
    60194,
    70199,
    80209,
    90219,
    100235,
    110246,
    120260,
    130263,
    140297,
    150328
  ],