{
  "battle_won_mean": [
    0.0,
    0.0,
    0.0
  ],
  "battle_won_mean_T": [
    40,
    10048,
    20067
  ],
  "dead_allies_mean": [
    10.0,
    9.926829268292684,
    9.725752508361204
  ],
  "dead_allies_mean_T": [
    40,
    10048,
    20067
  ],
  "dead_enemies_mean": [
    0.0,
    0.0040650406504065045,
    0.023411371237458192
  ],
  "dead_enemies_mean_T": [
    40,
    10048,
    20067
  ],
  "ep_length_mean": [
    40.0,
    40.68292682926829,
    33.508361204013376
  ],
  "ep_length_mean_T": [
    40,
    10048,
    20067
  ],
  "episode": [
    246,
    545
  ],
  "episode_T": [
    10016,
    20038
  ],
  "epsilon": [
    1.0,
    0.809696,
    0.619278
  ],
  "epsilon_T": [
    40,
    10048,
    20067
  ],
  "grad_norm": [
    2.1907546520233154,
    0.17574083805084229
  ],
  "grad_norm_T": [
    1191,
    11199
  ],
  "loss": [
    0.08690732717514038,
    0.0047517684288322926
  ],
  "loss_T": [
    1191,
    11199
  ],
  "q_taken_mean": [
    0.002982796990100723,
    0.013738101436103621
  ],
  "q_taken_mean_T": [
    1191,
    11199
  ],
  "return_mean": [
    1.8915407806016595,
    1.8749340952912574,
    2.279259362336766
  ],
  "return_mean_T": [
    40,
    10048,
    20067
  ],
  "return_std": [
    0.0,
    0.40358537679741907,
    0.512130357484628
  ],
  "return_std_T": [
    40,
    10048,
    20067
  ],
  "target_mean": [
    0.026744308920090786,
    0.016878075739268347
  ],
  "target_mean_T": [
    1191,
    11199
  ],
  "td_error_abs": [
    0.24150519767396095,
    0.05200872435959168
  ],
  "td_error_abs_T": [
    1191,
    11199
  ],
  "test_battle_won_mean": [
    0.0,
    0.0,
    0.0
  ],
  "test_battle_won_mean_T": [
    40,
    10048,
    20067
  ],
  "test_dead_allies_mean": [
    10.0,
    9.4375,
    9.03125
  ],
  "test_dead_allies_mean_T": [
    40,
    10048,
    20067
  ],
  "test_dead_enemies_mean": [
    0.0,
    1.125,
    2.03125
  ],
  "test_dead_enemies_mean_T": [
    40,
    10048,
    20067
  ],
  "test_ep_length_mean": [
    36.8125,
    87.625,
    26.5
  ],
  "test_ep_length_mean_T": [
    40,
    10048,
    20067
  ],
  "test_return_mean": [
    0.2849422470662603,
    4.044852735590638,
    4.769164785804589
  ],
  "test_return_mean_T": [
    40,
    10048,
    20067
  ],
  "test_return_std": [
    0.5438996183457019,
    1.140566968554092,
    0.6942967426019767
  ],
  "test_return_std_T": [
    40,
    10048,
    20067
  ]
}