{
  "battle_won_mean": [
    0.0,
    0.0
  ],
  "battle_won_mean_T": [
    40,
    10042
  ],
  "dead_allies_mean": [
    10.0,
    9.861818181818181
  ],
  "dead_allies_mean_T": [
    40,
    10042
  ],
  "dead_enemies_mean": [
    0.0,
    0.0036363636363636364
  ],
  "dead_enemies_mean_T": [
    40,
    10042
  ],
  "ep_length_mean": [
    40.0,
    36.37090909090909
  ],
  "ep_length_mean_T": [
    40,
    10042
  ],
  "episode": [
    275
  ],
  "episode_T": [
    10010
  ],
  "epsilon": [
    1.0,
    0.80981
  ],
  "epsilon_T": [
    40,
    10042
  ],
  "grad_norm": [
    0.2164791226387024,
    0.052583806216716766
  ],
  "grad_norm_T": [
    1191,
    11200
  ],
  "loss": [
    0.00799295213073492,
    0.002907077083364129
  ],
  "loss_T": [
    1191,
    11200
  ],
  "q_taken_mean": [
    0.01051579242389208,
    0.024473587242332666
  ],
  "q_taken_mean_T": [
    1191,
    11200
  ],
  "return_mean": [
    1.8915407806016595,
    1.959542669629385
  ],
  "return_mean_T": [
    40,
    10042
  ],
  "return_std": [
    0.0,
    0.41525957313680134
  ],
  "return_std_T": [
    40,
    10042
  ],
  "target_mean": [
    0.016021517121821868,
    0.02603335509429107
  ],
  "target_mean_T": [
    1191,
    11200
  ],
  "td_error_abs": [
    0.06507749261223499,
    0.03961419737016832
  ],
  "td_error_abs_T": [
    1191,
    11200
  ],
  "test_battle_won_mean": [
    0.0,
    0.0
  ],
  "test_battle_won_mean_T": [
    40,
    10042
  ],
  "test_dead_allies_mean": [
    10.0,
    9.0
  ],
  "test_dead_allies_mean_T": [
    40,
    10042
  ],
  "test_dead_enemies_mean": [
    0.0,
    3.78125
  ],
  "test_dead_enemies_mean_T": [
    40,
    10042
  ],
  "test_ep_length_mean": [
    36.8125,
    27.8125
  ],
  "test_ep_length_mean_T": [
    40,
    10042
  ],
  "test_return_mean": [
    0.2849422470662603,
    5.723463129700466
  ],
  "test_return_mean_T": [
    40,
    10042
  ],
  "test_return_std": [
    0.5438996183457019,
    0.8061483553755153
  ],
  "test_return_std_T": [
    40,
    10042
  ]
}