{
  "battle_won_mean": [
    0.0,
    0.0,
    0.0,
    0.0,
    0.0
  ],
  "battle_won_mean_T": [
    37,
    10070,
    20073,
    30096,
    40112
  ],
  "dead_allies_mean": [
    10.0,
    9.892193308550185,
    9.411242603550296,
    9.0725,
    9.097883597883598
  ],
  "dead_allies_mean_T": [
    37,
    10070,
    20073,
    30096,
    40112
  ],
  "dead_enemies_mean": [
    0.0,
    0.007434944237918215,
    0.07100591715976332,
    0.2225,
    0.7777777777777778
  ],
  "dead_enemies_mean_T": [
    37,
    10070,
    20073,
    30096,
    40112
  ],
  "ep_length_mean": [
    37.0,
    37.29739776951673,
    29.59467455621302,
    25.0575,
    26.497354497354497
  ],
  "ep_length_mean_T": [
    37,
    10070,
    20073,
    30096,
    40112
  ],
  "episode": [
    269,
    607,
    1007,
    1385
  ],
  "episode_T": [
    10030,
    20046,
    30071,
    40073
  ],
  "epsilon": [
    1.0,
    0.80943,
    0.6191260000000001,
    0.4286510000000001,
    0.23861300000000008
  ],
  "epsilon_T": [
    37,
    10070,
    20073,
    30096,
    40112
  ],
  "grad_norm": [
    6.864461421966553,
    1.297788143157959,
    0.4618271589279175,
    0.8694424033164978,
    0.19728098809719086
  ],
  "grad_norm_T": [
    1230,
    11233,
    21241,
    31256,
    41262
  ],
  "loss": [
    0.5759924650192261,
    0.027164019644260406,
    0.011780890636146069,
    0.019590076059103012,
    0.01161925494670868
  ],
  "loss_T": [
    1230,
    11233,
    21241,
    31256,
    41262
  ],
  "q_taken_mean": [
    -0.007811838165531313,
    0.008231891687840916,
    0.05577895362778466,
    0.07558725832008091,
    0.1150332858393101
  ],
  "q_taken_mean_T": [
    1230,
    11233,
    21241,
    31256,
    41262
  ],
  "return_mean": [
    1.3714179201244812,
    1.868093398835783,
    2.1338757396449703,
    2.4382417316357627,
    3.432617123180531
  ],
  "return_mean_T": [
    37,
    10070,
    20073,
    30096,
    40112
  ],
  "return_std": [
    0.0,
    0.43121912342426166,
    0.444555292112088,
    0.5538397597610091,
    0.8103924442682976
  ],
  "return_std_T": [
    37,
    10070,
    20073,
    30096,
    40112
  ],
  "target_mean": [
    0.054061894610645325,
    0.022019637051268273,
    0.05055012013652537,
    0.08563803571015008,
    0.11676112107240437
  ],
  "target_mean_T": [
    1230,
    11233,
    21241,
    31256,
    41262
  ],
  "td_error_abs": [
    0.620361923589939,
    0.14128230874741374,
    0.08493275406337021,
    0.11363242831625957,
    0.08251259392076503
  ],
  "td_error_abs_T": [
    1230,
    11233,
    21241,
    31256,
    41262
  ],
  "test_battle_won_mean": [
    0.0,
    0.0,
    0.0,
    0.0,
    0.0
  ],
  "test_battle_won_mean_T": [
    37,
    10070,
    20073,
    30096,
    40112
  ],
  "test_dead_allies_mean": [
    9.0,
    9.0,
    9.0,
    9.03125,
    9.09375
  ],
  "test_dead_allies_mean_T": [
    37,
    10070,
    20073,
    30096,
    40112
  ],
  "test_dead_enemies_mean": [
    0.3125,
    2.25,
    1.21875,
    2.15625,
    2.0625
  ],
  "test_dead_enemies_mean_T": [
    37,
    10070,
    20073,
    30096,
    40112
  ],
  "test_ep_length_mean": [
    164.3125,
    26.59375,
    23.3125,
    26.65625,
    29.71875
  ],
  "test_ep_length_mean_T": [
    37,
    10070,
    20073,
    30096,
    40112
  ],
  "test_return_mean": [
    2.1263022521719397,
    4.828807150179914,
    3.9706425963595695,
    4.803650155601659,
    4.892562929525414
  ],
  "test_return_mean_T": [
    37,
    10070,
    20073,
    30096,
    40112
  ],
  "test_return_std": [
    0.7759628240020202,
    0.8279705517590423,
    0.6725043480942827,
    0.8125433301220766,
    0.7263144537257292
  ],
  "test_return_std_T": [
    37,
    10070,
    20073,
    30096,
    40112
  ]
}