{
  "battle_won_mean": [
    0.0,
    0.0,
    0.0,
    0.0,
    0.0,
    0.0,
    0.0
  ],
  "battle_won_mean_T": [
    36,
    10081,
    20098,
    30106,
    40131,
    50133,
    60176
  ],
  "dead_allies_mean": [
    10.0,
    9.873517786561266,
    9.91891891891892,
    9.559322033898304,
    9.755905511811024,
    9.957805907172995,
    9.995798319327731
  ],
  "dead_allies_mean_T": [
    36,
    10081,
    20098,
    30106,
    40131,
    50133,
    60176
  ],
  "dead_enemies_mean": [
    0.0,
    0.0,
    0.0,
    0.0,
    0.003937007874015748,
    0.0,
    0.08403361344537816
  ],
  "dead_enemies_mean_T": [
    36,
    10081,
    20098,
    30106,
    40131,
    50133,
    60176
  ],
  "ep_length_mean": [
    36.0,
    39.70355731225296,
    45.12162162162162,
    56.54237288135593,
    39.468503937007874,
    42.20253164556962,
    42.19747899159664
  ],
  "ep_length_mean_T": [
    36,
    10081,
    20098,
    30106,
    40131,
    50133,
    60176
  ],
  "episode": [
    253,
    475,
    652,
    906,
    1144
  ],
  "episode_T": [
    10034,
    20061,
    30064,
    40091,
    50133
  ],
  "epsilon": [
    1.0,
    0.809354,
    0.618841,
    0.42878400000000005,
    0.23827100000000012,
    0.05,
    0.05
  ],
  "epsilon_T": [
    36,
    10081,
    20098,
    30106,
    40131,
    50133,
    60176
  ],
  "grad_norm": [
    66.90303039550781,
    2.3447742462158203,
    0.8012257218360901,
    1.0779979228973389,
    0.5058761835098267,
    0.6492783427238464
  ],
  "grad_norm_T": [
    1182,
    11183,
    21194,
    31201,
    41236,
    51264
  ],
  "loss": [
    4.123945236206055,
    0.4339916408061981,
    0.2612820267677307,
    0.1450364589691162,
    0.08782407641410828,
    0.06160455942153931
  ],
  "loss_T": [
    1182,
    11183,
    21194,
    31201,
    41236,
    51264
  ],
  "q_taken_mean": [
    -0.17034935862481493,
    -0.05892237764246323,
    -0.07406100708102661,
    -0.0897201273482659,
    -0.06969913971489884,
    0.02449273775999288
  ],
  "q_taken_mean_T": [
    1182,
    11183,
    21194,
    31201,
    41236,
    51264
  ],
  "return_mean": [
    2.2180368257261405,
    1.7620030074787199,
    1.8676026056853012,
    1.8640515661263095,
    1.9703607522125246,
    1.9645994426735909,
    2.344113039893084
  ],
  "return_mean_T": [
    36,
    10081,
    20098,
    30106,
    40131,
    50133,
    60176
  ],
  "return_std": [
    0.0,
    0.41517027990372996,
    0.46569967919250527,
    0.49440839226742717,
    0.4783475478029306,
    0.4643777227502716,
    0.5389906845156877
  ],
  "return_std_T": [
    36,
    10081,
    20098,
    30106,
    40131,
    50133,
    60176
  ],
  "target_mean": [
    -0.006344331460555798,
    -0.05843850528492647,
    -0.07632089657846494,
    -0.08461448360729769,
    -0.07200233183485975,
    0.020274043878566163
  ],
  "target_mean_T": [
    1182,
    11183,
    21194,
    31201,
    41236,
    51264
  ],
  "td_error_abs": [
    1.6670560110644035,
    0.37167126225490194,
    0.2551001583594357,
    0.23601693194419357,
    0.1693430139856204,
    0.16481499792212292
  ],
  "td_error_abs_T": [
    1182,
    11183,
    21194,
    31201,
    41236,
    51264
  ],
  "test_battle_won_mean": [
    0.0,
    0.0,
    0.0,
    0.0,
    0.0,
    0.0
  ],
  "test_battle_won_mean_T": [
    36,
    10081,
    20098,
    30106,
    40131,
    50133
  ],
  "test_dead_allies_mean": [
    9.09375,
    8.75,
    9.03125,
    9.09375,
    9.875,
    9.6875
  ],
  "test_dead_allies_mean_T": [
    36,
    10081,
    20098,
    30106,
    40131,
    50133
  ],
  "test_dead_enemies_mean": [
    0.0,
    0.0,
    0.0625,
    0.1875,
    0.0,
    0.0
  ],
  "test_dead_enemies_mean_T": [
    36,
    10081,
    20098,
    30106,
    40131,
    50133
  ],
  "test_ep_length_mean": [
    106.03125,
    157.21875,
    76.9375,
    69.71875,
    51.09375,
    38.0
  ],
  "test_ep_length_mean_T": [
    36,
    10081,
    20098,
    30106,
    40131,
    50133
  ],
  "test_return_mean": [
    0.2639537510535529,
    0.9322243844819762,
    1.3777850772335318,
    1.825191260373444,
    1.828553765641208,
    2.4791223043228086
  ],
  "test_return_mean_T": [
    36,
    10081,
    20098,
    30106,
    40131,
    50133
  ],
  "test_return_std": [
    0.41794578418759687,
    0.5681402320963281,
    0.5677134682524515,
    0.6180042576132534,
    0.4396926810535139,
    0.5002716224541874
  ],
  "test_return_std_T": [
    36,
    10081,
    20098,
    30106,
    40131,
    50133
  ]
}