{
  "battle_won_mean": [
    0.0,
    0.0,
    0.0,
    0.0,
    0.0,
    0.0,
    0.0,
    0.0,
    0.0,
    0.0,
    0.0,
    0.0,
    0.0,
    0.0,
    0.0,
    0.0,
    0.0,
    0.0,
    0.0
  ],
  "battle_won_mean_T": [
    37,
    10076,
    20091,
    30117,
    40121,
    50145,
    60170,
    70185,
    80206,
    90221,
    100228,
    110243,
    120259,
    130263,
    140277,
    150292,
    160296,
    170326,
    180342
  ],
  "dead_allies_mean": [
    3.0,
    2.985294117647059,
    2.975,
    2.982269503546099,
    3.0,
    3.0,
    2.9919354838709675,
    3.0,
    3.0,
    3.0,
    3.0,
    3.0,
    2.9892857142857143,
    3.0,
    3.0,
    3.0,
    3.0,
    3.0,
    2.989051094890511
  ],
  "dead_allies_mean_T": [
    37,
    10076,
    20091,
    30117,
    40121,
    50145,
    60170,
    70185,
    80206,
    90221,
    100228,
    110243,
    120259,
    130263,
    140277,
    150292,
    160296,
    170326,
    180342
  ],
  "dead_enemies_mean": [
    0.0,
    0.0,
    0.0,
    0.09929078014184398,
    0.0744047619047619,
    0.26243093922651933,
    0.6290322580645161,
    0.06666666666666667,
    0.06,
    0.3003194888178914,
    0.4135135135135135,
    0.09554140127388536,
    0.039285714285714285,
    0.0,
    0.0036101083032490976,
    0.0,
    0.0036363636363636364,
    0.0036496350364963502,
    0.010948905109489052
  ],
  "dead_enemies_mean_T": [
    37,
    10076,
    20091,
    30117,
    40121,
    50145,
    60170,
    70185,
    80206,
    90221,
    100228,
    110243,
    120259,
    130263,
    140277,
    150292,
    160296,
    170326,
    180342
  ],
  "ep_length_mean": [
    37.0,
    49.21078431372549,
    41.729166666666664,
    35.5531914893617,
    29.773809523809526,
    27.69060773480663,
    26.948924731182796,
    26.706666666666667,
    28.63142857142857,
    31.996805111821086,
    27.045945945945945,
    31.894904458598727,
    35.77142857142857,
    35.85663082437276,
    36.151624548736464,
    36.41818181818182,
    36.378181818181815,
    36.605839416058394,
    36.55474452554745
  ],
  "ep_length_mean_T": [
    37,
    10076,
    20091,
    30117,
    40121,
    50145,
    60170,
    70185,
    80206,
    90221,
    100228,
    110243,
    120259,
    130263,
    140277,
    150292,
    160296,
    170326,
    180342
  ],
  "episode": [
    205,
    445,
    727,
    1063,
    1425,
    1797,
    2172,
    2522,
    2835,
    3205,
    3519,
    3799,
    4078,
    4355,
    4630,
    4905,
    5179,
    5453
  ],
  "episode_T": [
    10076,
    20091,
    30117,
    40121,
    50145,
    60170,
    70185,
    80206,
    90221,
    100228,
    110243,
    120259,
    130263,
    140277,
    150292,
    160296,
    170326,
    180342
  ],
  "epsilon": [
    1.0,
    0.8133060000000001,
    0.618936,
    0.42830900000000005,
    0.23825200000000013,
    0.05,
    0.05,
    0.05,
    0.05,
    0.05,
    0.05,
    0.05,
    0.05,
    0.05,
    0.05,
    0.05,
    0.05,
    0.05,
    0.05
  ],
  "epsilon_T": [
    37,
    10076,
    20091,
    30117,
    40121,
    50145,
    60170,
    70185,
    80206,
    90221,
    100228,
    110243,
    120259,
    130263,
    140277,
    150292,
    160296,
    170326,
    180342
  ],
  "grad_norm": [
    0.23367707431316376,
    0.09561024606227875,
    0.03835593909025192,
    0.13684624433517456,
    0.26870378851890564,
    0.2187412977218628,
    0.06172596290707588,
    0.36081063747406006,
    0.4113083779811859,
    0.0717567428946495,
    0.46819165349006653,
    0.36605939269065857,
    0.08019357919692993,
    0.38163119554519653,
    0.11186831444501877,
    0.8750019669532776,
    0.20525690913200378,
    0.07990233600139618,
    0.25319910049438477
  ],
  "grad_norm_T": [
    1955,
    11962,
    21993,
    31997,
    42007,
    52026,
    62053,
    72068,
    82083,
    92103,
    102111,
    112145,
    122161,
    132172,
    142197,
    152210,
    162232,
    172250,
    182266
  ],
  "loss": [
    0.018300767987966537,
    0.011606261134147644,
    0.011679531075060368,
    0.011288302950561047,
    0.0125374561175704,
    0.013142086565494537,
    0.01144945714622736,
    0.012183797545731068,
    0.012809980660676956,
    0.009014250710606575,
    0.01332781184464693,
    0.010657764039933681,
    0.009495994076132774,
    0.010623582638800144,
    0.009317328222095966,
    0.020071927458047867,
    0.00747870746999979,
    0.008022123016417027,
    0.009024348109960556
  ],
  "loss_T": [
    1955,
    11962,
    21993,
    31997,
    42007,
    52026,
    62053,
    72068,
    82083,
    92103,
    102111,
    112145,
    122161,
    132172,
    142197,
    152210,
    162232,
    172250,
    182266
  ],
  "q_taken_mean": [
    -0.0006629150338591618,
    0.06418265030325578,
    0.10512263720861145,
    0.14656849995110396,
    0.24257712127069486,
    0.3883076538979333,
    0.4131903627579829,
    0.4646899628039299,
    0.46365935496794874,
    0.5227528058257993,
    0.5963405182618208,
    0.585891894035533,
    0.599066284881241,
    0.6004160603358655,
    0.6011380942185884,
    0.6474776196464245,
    0.5903451362139662,
    0.6279254739054568,
    0.5952265942581301
  ],
  "q_taken_mean_T": [
    1955,
    11962,
    21993,
    31997,
    42007,
    52026,
    62053,
    72068,
    82083,
    92103,
    102111,
    112145,
    122161,
    132172,
    142197,
    152210,
    162232,
    172250,
    182266
  ],
  "return_mean": [
    2.7275000000000005,
    3.0395710784313725,
    3.563072916666667,
    3.723182624113475,
    3.7862946428571433,
    3.777935082872929,
    3.717251344086022,
    3.7666133333333334,
    3.7375,
    3.6771325878594254,
    3.73202027027027,
    3.939187898089173,
    4.126151785714286,
    4.2064695340501785,
    4.294657039711191,
    4.2882,
    4.287445454545454,
    4.312125912408759,
    4.318038321167883
  ],
  "return_mean_T": [
    37,
    10076,
    20091,
    30117,
    40121,
    50145,
    60170,
    70185,
    80206,
    90221,
    100228,
    110243,
    120259,
    130263,
    140277,
    150292,
    160296,
    170326,
    180342
  ],
  "return_std": [
    0.0,
    0.6190065321623199,
    0.4617763594441503,
    0.37628862443937305,
    0.3180244395293663,
    0.28629075610096183,
    0.20992403419475808,
    0.22746383702812079,
    0.26774094622547784,
    0.26880575577429955,
    0.22753071427934168,
    0.3261454235548505,
    0.3294892410941683,
    0.31533177891271247,
    0.2895054753961957,
    0.30520237101426173,
    0.3061234847800542,
    0.34986607399118697,
    0.4418481604455903
  ],
  "return_std_T": [
    37,
    10076,
    20091,
    30117,
    40121,
    50145,
    60170,
    70185,
    80206,
    90221,
    100228,
    110243,
    120259,
    130263,
    140277,
    150292,
    160296,
    170326,
    180342
  ],
  "target_mean": [
    0.018826629560621803,
    0.05680296392053507,
    0.10241453547307974,
    0.15581563738246842,
    0.2580051919851674,
    0.37671925842325765,
    0.41050542433313864,
    0.4469801040230951,
    0.4823491023137019,
    0.5196449178486416,
    0.5765365127568791,
    0.5710731777442893,
    0.5956686611833244,
    0.5848993394371707,
    0.6053042222778783,
    0.6130201485292319,
    0.5984800830434063,
    0.6248337695642978,
    0.6053109914888212
  ],
  "target_mean_T": [
    1955,
    11962,
    21993,
    31997,
    42007,
    52026,
    62053,
    72068,
    82083,
    92103,
    102111,
    112145,
    122161,
    132172,
    142197,
    152210,
    162232,
    172250,
    182266
  ],