{
  "battle_won_mean": [
    0.0,
    0.0
  ],
  "battle_won_mean_T": [
    40,
    10046
  ],
  "dead_allies_mean": [
    10.0,
    9.919028340080972
  ],
  "dead_allies_mean_T": [
    40,
    10046
  ],
  "dead_enemies_mean": [
    0.0,
    0.004048582995951417
  ],
  "dead_enemies_mean_T": [
    40,
    10046
  ],
  "ep_length_mean": [
    40.0,
    40.51012145748988
  ],
  "ep_length_mean_T": [
    40,
    10046
  ],
  "episode": [
    247
  ],
  "episode_T": [
    10021
  ],
  "epsilon": [
    1.0,
    0.809601
  ],
  "epsilon_T": [
    40,
    10046
  ],
  "grad_norm": [
    0.7545315027236938,
    0.08297372609376907
  ],
  "grad_norm_T": [
    1191,
    11213
  ],
  "loss": [
    0.028981968760490417,
    0.002852353034541011
  ],
  "loss_T": [
    1191,
    11213
  ],
  "q_taken_mean": [
    -0.014281609036359938,
    0.0034497353100868726
  ],
  "q_taken_mean_T": [
    1191,
    11213
  ],
  "return_mean": [
    1.8915407806016595,
    1.9364358656313518
  ],
  "return_mean_T": [
    40,
    10046
  ],
  "return_std": [
    0.0,
    0.37516908795148257
  ],
  "return_std_T": [
    40,
    10046
  ],
  "target_mean": [
    -1.4664724431650464e-05,
    0.0016827715133608079
  ],
  "target_mean_T": [
    1191,
    11213
  ],
  "td_error_abs": [
    0.1435775052189927,
    0.04221874222331986
  ],
  "td_error_abs_T": [
    1191,
    11213
  ],
  "test_battle_won_mean": [
    0.0,
    0.0
  ],
  "test_battle_won_mean_T": [
    40,
    10046
  ],
  "test_dead_allies_mean": [
    10.0,
    9.0
  ],
  "test_dead_allies_mean_T": [
    40,
    10046
  ],
  "test_dead_enemies_mean": [
    0.0,
    2.6875
  ],
  "test_dead_enemies_mean_T": [
    40,
    10046
  ],
  "test_ep_length_mean": [
    36.8125,
    30.59375
  ],
  "test_ep_length_mean_T": [
    40,
    10046
  ],
  "test_return_mean": [
    0.2849422470662603,
    4.575562283211228
  ],
  "test_return_mean_T": [
    40,
    10046
  ],
  "test_return_std": [
    0.5438996183457019,
    0.6016770919848412
  ],
  "test_return_std_T": [
    40,
    10046
  ]
}