{
  "battle_won_mean": [
    0.0,
    0.0,
    0.0,
    0.0,
    0.0,
    0.017142857142857144,
    0.16025641025641027,
    0.23870967741935484,
    0.19135802469135801,
    0.3248407643312102,
    0.3192771084337349,
    0.35365853658536583,
    0.38372093023255816,
    0.3072289156626506,
    0.3218390804597701,
    0.25139664804469275,
    0.17486338797814208,
    0.19270833333333334,
    0.17486338797814208,
    0.24855491329479767,
    0.3258426966292135,
    0.2647058823529412,
    0.21052631578947367,
    0.21686746987951808,
    0.25842696629213485,
    0.24561403508771928,
    0.24404761904761904,
    0.26011560693641617,
    0.23837209302325582,
    0.25
  ],
  "battle_won_mean_T": [
    57,
    10064,
    20098,
    30099,
    40124,
    50158,
    60224,
    70242,
    80282,
    90345,
    100352,
    110366,
    120387,
    130398,
    140513,
    150515,
    160544,
    170587,
    180612,
    190654,
    200674,
    210704,
    220748,
    230760,
    240800,
    250853,
    260870,
    270901,
    280931,
    290952
  ],
  "dead_allies_mean": [
    8.0,
    8.0,
    7.994413407821229,
    7.989304812834225,
    7.99492385786802,
    7.925714285714286,
    7.551282051282051,
    7.258064516129032,
    7.481481481481482,
    7.2165605095541405,
    7.156626506024097,
    6.780487804878049,
    6.726744186046512,
    7.126506024096385,
    7.0,
    7.173184357541899,
    7.344262295081967,
    7.401041666666667,
    7.459016393442623,
    7.23121387283237,
    7.061797752808989,
    7.094117647058823,
    7.192982456140351,
    7.22289156626506,
    7.129213483146067,
    7.16374269005848,
    7.184523809523809,
    7.086705202312139,
    7.162790697674419,
    7.138888888888889
  ],
  "dead_allies_mean_T": [
    57,
    10064,
    20098,
    30099,
    40124,
    50158,
    60224,
    70242,
    80282,
    90345,
    100352,
    110366,
    120387,
    130398,
    140513,
    150515,
    160544,
    170587,
    180612,
    190654,
    200674,
    210704,
    220748,
    230760,
    240800,
    250853,
    260870,
    270901,
    280931,
    290952
  ],
  "dead_enemies_mean": [
    0.0,
    0.06349206349206349,
    0.4301675977653631,
    1.085561497326203,
    2.512690355329949,
    4.097142857142857,
    5.455128205128205,
    5.903225806451613,
    5.62962962962963,
    6.13375796178344,
    5.897590361445783,
    6.073170731707317,
    6.017441860465116,
    5.819277108433735,
    5.609195402298851,
    5.301675977653631,
    4.85792349726776,
    4.729166666666667,
    4.852459016393443,
    5.427745664739884,
    5.640449438202247,
    5.552941176470588,
    5.450292397660819,
    5.518072289156627,
    5.47191011235955,
    5.526315789473684,
    5.511904761904762,
    5.38728323699422,
    5.27906976744186,
    5.333333333333333
  ],
  "dead_enemies_mean_T": [
    57,
    10064,
    20098,
    30099,
    40124,
    50158,
    60224,
    70242,
    80282,
    90345,
    100352,
    110366,
    120387,
    130398,
    140513,
    150515,
    160544,
    170587,
    180612,
    190654,
    200674,
    210704,
    220748,
    230760,
    240800,
    250853,
    260870,
    270901,
    280931,
    290952
  ],
  "ep_length_mean": [
    57.0,
    52.94708994708995,
    56.055865921787706,
    53.481283422459896,
    50.888324873096444,
    57.33714285714286,
    64.52564102564102,
    64.63225806451612,
    61.97530864197531,
    64.09554140127389,
    60.28313253012048,
    61.0609756097561,
    58.26162790697674,
    60.30722891566265,
    58.132183908045974,
    55.87709497206704,
    54.80327868852459,
    52.307291666666664,
    54.78142076502732,
    58.04624277456647,
    56.29213483146067,
    59.0,
    58.73684210526316,
    60.31325301204819,
    56.40449438202247,
    58.78947368421053,
    59.625,
    57.982658959537574,
    58.31395348837209,
    55.672222222222224
  ],
  "ep_length_mean_T": [
    57,
    10064,
    20098,
    30099,
    40124,
    50158,
    60224,
    70242,
    80282,
    90345,
    100352,
    110366,
    120387,
    130398,
    140513,
    150515,
    160544,
    170587,
    180612,
    190654,
    200674,
    210704,
    220748,
    230760,
    240800,
    250853,
    260870,
    270901,
    280931,
    290952
  ],
  "episode": [
    189,
    368,
    555,
    752,
    927,
    1083,
    1238,
    1399,
    1556,
    1722,
    1886,
    2058,
    2225,
    2399,
    2577,
    2760,
    2952,
    3135,
    3308,
    3486,
    3656,
    3827,
    3993,
    4171,
    4342,
    4510,
    4683,
    4855,
    5035
  ],
  "episode_T": [
    10016,
    20039,
    30049,
    40079,
    50090,
    60147,
    70181,
    80192,
    90211,
    100228,
    110243,
    120279,
    130348,
    140363,
    150424,
    160444,
    170484,
    180520,
    190531,
    200555,
    210595,
    220636,
    230658,
    240697,
    250746,
    260758,
    270797,
    280820,
    290827
  ],
  "epsilon": [
    1.0,
    0.809696,
    0.619259,
    0.42906900000000003,
    0.23849900000000013,
    0.05,
    0.05,
    0.05,
    0.05,
    0.05,
    0.05,
    0.05,
    0.05,
    0.05,
    0.05,
    0.05,
    0.05,
    0.05,
    0.05,
    0.05,
    0.05,
    0.05,
    0.05,
    0.05,
    0.05,
    0.05,
    0.05,
    0.05,
    0.05,
    0.05
  ],
  "epsilon_T": [
    57,
    10064,
    20098,
    30099,
    40124,
    50158,
    60224,
    70242,
    80282,
    90345,
    100352,
    110366,
    120387,
    130398,
    140513,
    150515,
    160544,
    170587,
    180612,
    190654,
    200674,
    210704,
    220748,
    230760,
    240800,
    250853,
    260870,
    270901,
    280931,
    290952
  ],
  "grad_norm": [
    2.74853777885437,
    0.28597313165664673,
    0.09732019156217575,
    0.3979142904281616,
    0.2435927838087082,
    0.297489196062088,
    0.5209110975265503,
    0.17437903583049774,
    0.18876700103282928,
    0.8273300528526306,
    0.727704644203186,
    0.7494245767593384,
    0.7187561988830566,
    1.086720585823059,
    0.12648005783557892,
    0.3694373667240143,
    0.5141384601593018,
    0.46418917179107666,
    1.586879849433899,
    1.162797212600708,
    0.9637799859046936,
    0.5818641185760498,
    0.7131587266921997,
    0.4648550748825073,
    3.251065969467163,
    1.2799506187438965,
    0.8252984285354614,
    0.6906609535217285,
    0.8254336714744568,
    2.863896369934082
  ],
  "grad_norm_T": [
    1710,
    11718,
    21763,
    31797,
    41848,
    51852,
    61884,
    71896,
    81906,
    91970,
    102022,
    112034,
    122064,
    132111,
    142135,
    152243,
    162279,
    172291,
    182310,
    192333,
    202338,
    212349,
    222406,
    232407,
    242554,
    252590,
    262618,
    272623,
    282671,
    292710
  ],
  "loss": [
    0.12923811376094818,
    0.015106319449841976,
    0.01094795111566782,
    0.0175618976354599,
    0.013707650825381279,
    0.014609995298087597,
    0.025356261059641838,
    0.024708261713385582,
    0.024886704981327057,
    0.037034302949905396,
    0.029377957805991173,
    0.02930615097284317,
    0.030194921419024467,
    0.03914925083518028,
    0.02580798603594303,
    0.033899299800395966,
    0.02932012267410755,
    0.026838328689336777,
    0.04421035945415497,
    0.0406394824385643,
    0.039687372744083405,
    0.03451288118958473,
    0.03801340237259865,
    0.039335329085588455,
    0.0843639075756073,
    0.047868698835372925,
    0.048295699059963226,
    0.046788983047008514,
    0.05982084944844246,
    0.07255982607603073
  ],
  "loss_T": [
    1710,
    11718,
    21763,
    31797,
    41848,
    51852,
    61884,
    71896,
    81906,
    91970,
    102022,
    112034,
    122064,
    132111,
    142135,
    152243,
    162279,
    172291,
    182310,
    192333,
    202338,
    212349,
    222406,
    232407,
    242554,
    252590,
    262618,
    272623,
    282671,
    292710
  ],